t_ms,adc,p_kpa,pump
75872,872,-5.621643,1
75882,866,-6.464897,1
75892,870,-5.90274,1
75902,878,-4.778404,1
75912,876,-5.059486,1
75922,876,-5.059486,1
75932,874,-5.340569,1
75942,876,-5.059486,1
75952,875,-5.200027,1
75962,873,-5.481102,1
75972,867,-6.324356,1
75982,867,-6.324356,1
75992,869,-6.043274,1
76002,867,-6.324356,1
76012,870,-5.90274,1
76022,864,-6.745979,1
76032,868,-6.183815,1
76042,871,-5.762199,1
76052,868,-6.183815,1
76062,876,-5.059486,1
76072,879,-4.637863,1
76082,874,-5.340569,1
76092,875,-5.200027,1
76102,877,-4.918945,1
76112,874,-5.340569,1
76122,867,-6.324356,1
76132,868,-6.183815,1
76142,866,-6.464897,1
76152,871,-5.762199,1
76162,865,-6.605438,1
76172,874,-5.340569,1
76182,867,-6.324356,1
76192,879,-4.637863,1
76202,872,-5.621643,1
76212,867,-6.324356,1
76222,868,-6.183815,1
76232,865,-6.605438,1
76242,880,-4.497322,1
76252,866,-6.464897,1
76262,875,-5.200027,1
76272,870,-5.90274,1
76282,872,-5.621643,1
76292,878,-4.778404,1
76302,878,-4.778404,1
76312,884,-3.93515,1
76322,878,-4.778404,1
76332,886,-3.65406,1
76342,881,-4.356773,1
76352,878,-4.778404,1
76362,875,-5.200027,1
76372,861,-7.16761,1
76382,863,-6.88652,1
76392,869,-6.043274,1
76402,872,-5.621643,1
76412,869,-6.043274,1
76422,872,-5.621643,1
76432,878,-4.778404,1
76442,875,-5.200027,1
76452,873,-5.481102,1
76462,872,-5.621643,1
76472,879,-4.637863,1
76482,869,-6.043274,1
76492,885,-3.794617,1
76502,868,-6.183815,1
76512,873,-5.481102,1
76522,876,-5.059486,1
76532,879,-4.637863,1
76542,874,-5.340569,1
76552,869,-6.043274,1
76562,879,-4.637863,1
76572,871,-5.762199,1
76582,870,-5.90274,1
76592,879,-4.637863,1
76602,872,-5.621643,1
76612,873,-5.481102,1
76622,874,-5.340569,1
76632,875,-5.200027,1
76642,879,-4.637863,1
76652,881,-4.356773,1
76662,871,-5.762199,1
76672,880,-4.497322,1
76682,870,-5.90274,1
76692,877,-4.918945,1
76702,871,-5.762199,1
76712,878,-4.778404,1
76722,869,-6.043274,1
76732,877,-4.918945,1
76742,877,-4.918945,1
76752,869,-6.043274,1
76762,880,-4.497322,1
76772,872,-5.621643,1
76782,879,-4.637863,1
76792,872,-5.621643,1
76802,872,-5.621643,1
76812,869,-6.043274,1
76822,875,-5.200027,1
76832,877,-4.918945,1
76842,875,-5.200027,1
76852,868,-6.183815,1
76862,878,-4.778404,1
76872,869,-6.043274,1
76882,870,-5.90274,1
76892,875,-5.200027,1
76902,880,-4.497322,1
76912,875,-5.200027,1
76922,874,-5.340569,1
76932,871,-5.762199,1
76942,826,-12.08656,1
76952,790,-17.14604,1
76962,762,-21.08121,1
76972,741,-24.03258,1
76982,744,-23.61095,1
76992,725,-26.28125,1
77002,691,-31.05965,1
77012,677,-33.02723,1
77022,660,-35.41644,1
77032,649,-36.96239,1
77042,633,-39.21105,1
77052,620,-41.03809,1
77062,604,-43.28676,1
77072,589,-45.39487,1
77082,584,-46.09759,1
77092,576,-47.22192,1
77102,560,-49.47058,1
77112,547,-51.29762,1
77122,543,-51.85978,1
77132,535,-52.98412,1
77142,542,-52.00033,1
77152,530,-53.68682,1
77162,518,-55.37332,1
77172,519,-55.23278,1
77182,506,-57.05982,1
77192,503,-57.48144,1
77202,496,-58.46523,1
77212,495,-58.60577,1
77222,485,-60.01119,1
77232,485,-60.01119,1
77242,489,-59.44902,1
77252,481,-60.57336,1
77262,488,-59.58957,1
77272,472,-61.83823,1
77282,477,-61.13552,1
77292,469,-62.25985,1
77302,465,-62.82202,1
77312,472,-61.83823,1
77322,470,-62.11931,1
77332,461,-63.38418,1
77342,465,-62.82202,1
77352,461,-63.38418,1
77362,465,-62.82202,1
77372,456,-64.08689,1
77382,459,-63.66527,1
77392,459,-63.66527,1
77402,455,-64.22743,1
77412,455,-64.22743,1
77422,447,-65.35176,1
77432,460,-63.52473,1
77442,448,-65.21122,1
77452,453,-64.50851,1
77462,463,-63.1031,1
77472,457,-63.94635,1
77482,460,-63.52473,1
77492,457,-63.94635,1
77502,446,-65.4923,1
77512,458,-63.80581,1
77522,456,-64.08689,1
77532,450,-64.93014,1
77542,442,-66.05447,1
77552,445,-65.63284,1
77562,450,-64.93014,1
77572,449,-65.07069,1
77582,449,-65.07069,1
77592,454,-64.36797,1
77602,448,-65.21122,1
77612,445,-65.63284,1
77622,459,-63.66527,1
77632,445,-65.63284,1
77642,449,-65.07069,1
77652,449,-65.07069,1
77662,449,-65.07069,1
77672,447,-65.35176,1
77682,448,-65.21122,1
77692,450,-64.93014,1
77702,441,-66.19501,1
77712,446,-65.4923,1
77722,451,-64.7896,1
77732,449,-65.07069,1
77742,450,-64.93014,1
77752,440,-66.33556,1
77762,446,-65.4923,1
77772,447,-65.35176,1
77782,450,-64.93014,1
77792,448,-65.21122,1
77802,449,-65.07069,1
77812,447,-65.35176,1
77822,454,-64.36797,1
77832,447,-65.35176,1
77842,445,-65.63284,1
77852,445,-65.63284,1
77862,452,-64.64905,1
77872,450,-64.93014,1
77882,441,-66.19501,1
77892,445,-65.63284,1
77902,447,-65.35176,1
77912,453,-64.50851,1
77922,452,-64.64905,1
77932,451,-64.7896,1
77942,448,-65.21122,1
77952,443,-65.91393,1
77962,444,-65.77339,1
77972,444,-65.77339,1
77982,445,-65.63284,1
77992,455,-64.22743,1
78002,444,-65.77339,1
78012,452,-64.64905,1
78022,450,-64.93014,1
78032,446,-65.4923,1
78042,453,-64.50851,1
78052,441,-66.19501,1
78062,451,-64.7896,1
78072,447,-65.35176,1
78082,457,-63.94635,1
78092,452,-64.64905,1
78102,445,-65.63284,1
78112,442,-66.05447,1
78122,451,-64.7896,1
78132,451,-64.7896,1
78142,445,-65.63284,1
78152,447,-65.35176,1
78162,442,-66.05447,1
78172,444,-65.77339,1
78182,446,-65.4923,1
78192,439,-66.4761,1
78202,440,-66.33556,1
78212,443,-65.91393,1
78222,447,-65.35176,1
78232,441,-66.19501,1
78242,441,-66.19501,1
78252,440,-66.33556,1
78262,436,-66.89772,1
78272,444,-65.77339,1
78282,449,-65.07069,1
78292,446,-65.4923,1
78302,446,-65.4923,1
78312,453,-64.50851,1
78322,454,-64.36797,1
78332,452,-64.64905,1
78342,439,-66.4761,1
78352,446,-65.4923,1
78362,455,-64.22743,1
78372,441,-66.19501,1
78382,447,-65.35176,1
78392,446,-65.4923,1
78402,446,-65.4923,1
78412,450,-64.93014,1
78422,452,-64.64905,1
78432,453,-64.50851,1
78442,454,-64.36797,1
78452,448,-65.21122,1
78462,450,-64.93014,1
78472,454,-64.36797,1
78482,448,-65.21122,1
78492,446,-65.4923,1
78502,444,-65.77339,1
78512,447,-65.35176,1
78522,446,-65.4923,1
78532,454,-64.36797,1
78542,447,-65.35176,1
78552,441,-66.19501,1
78562,448,-65.21122,1
78572,453,-64.50851,1
78582,457,-63.94635,1
78592,448,-65.21122,1
78602,446,-65.4923,1
78612,446,-65.4923,1
78622,444,-65.77339,1
78632,439,-66.4761,1
78642,448,-65.21122,1
78652,443,-65.91393,1
78662,451,-64.7896,1
78672,445,-65.63284,1
78682,444,-65.77339,1
78692,448,-65.21122,1
78702,444,-65.77339,1
78712,447,-65.35176,1
78722,444,-65.77339,1
78732,450,-64.93014,1
78742,442,-66.05447,1
78752,447,-65.35176,1
78762,443,-65.91393,1
78772,445,-65.63284,1
78782,450,-64.93014,1
78792,451,-64.7896,1
78802,447,-65.35176,1
78812,442,-66.05447,1
78822,452,-64.64905,1
78832,452,-64.64905,1
78842,441,-66.19501,1
78852,443,-65.91393,1
78862,444,-65.77339,1
78872,456,-64.08689,1
78882,451,-64.7896,1
78892,450,-64.93014,1
78902,442,-66.05447,1
78912,445,-65.63284,1
78922,446,-65.4923,1
78932,444,-65.77339,1
78942,445,-65.63284,1
78952,448,-65.21122,1
78962,453,-64.50851,1
78972,446,-65.4923,1
78982,445,-65.63284,1
78992,437,-66.75717,1
79002,443,-65.91393,1
79012,449,-65.07069,1
79022,448,-65.21122,1
79032,448,-65.21122,1
79042,449,-65.07069,1
79052,453,-64.50851,1
79062,450,-64.93014,1
79072,448,-65.21122,1
79082,447,-65.35176,1
79092,445,-65.63284,1
79102,446,-65.4923,1
79112,439,-66.4761,1
79122,438,-66.61664,1
79132,446,-65.4923,1
79142,443,-65.91393,1
79152,445,-65.63284,1
79162,441,-66.19501,1
79172,446,-65.4923,1
79182,449,-65.07069,1
79192,448,-65.21122,1
79202,448,-65.21122,1
79212,450,-64.93014,1
79222,449,-65.07069,1
79232,445,-65.63284,1
79242,439,-66.4761,1
79252,447,-65.35176,1
79262,445,-65.63284,1
79272,449,-65.07069,1
79282,448,-65.21122,1
79292,447,-65.35176,1
79302,444,-65.77339,1
79312,445,-65.63284,1
79322,446,-65.4923,1
79332,448,-65.21122,1
79342,451,-64.7896,1
79352,449,-65.07069,1
79362,447,-65.35176,1
79372,444,-65.77339,1
79382,450,-64.93014,1
79392,448,-65.21122,1
79402,447,-65.35176,1
79412,442,-66.05447,1
79422,450,-64.93014,1
79432,446,-65.4923,1
79442,450,-64.93014,1
79452,451,-64.7896,1
79462,450,-64.93014,1
79472,444,-65.77339,1
79482,445,-65.63284,1
79492,448,-65.21122,1
79502,449,-65.07069,1
79512,446,-65.4923,1
79522,441,-66.19501,1
79532,450,-64.93014,1
79542,456,-64.08689,1
79552,444,-65.77339,1
79562,444,-65.77339,1
79572,442,-66.05447,1
79582,445,-65.63284,1
79592,444,-65.77339,1
79602,455,-64.22743,1
79612,452,-64.64905,1
79622,450,-64.93014,1
79632,445,-65.63284,1
79642,454,-64.36797,1
79652,455,-64.22743,1
79662,446,-65.4923,1
79672,447,-65.35176,1
79682,446,-65.4923,1
79692,455,-64.22743,1
79702,445,-65.63284,1
79712,440,-66.33556,1
79722,441,-66.19501,1
79732,444,-65.77339,1
79742,446,-65.4923,1
79752,452,-64.64905,1
79762,451,-64.7896,1
79772,446,-65.4923,1
79782,451,-64.7896,1
79792,453,-64.50851,1
79802,444,-65.77339,1
79812,452,-64.64905,1
79822,450,-64.93014,1
79832,438,-66.61664,1
79842,454,-64.36797,1
79852,445,-65.63284,1
79862,442,-66.05447,1
79872,445,-65.63284,1
79882,460,-63.52473,1
79892,449,-65.07069,1
79902,444,-65.77339,1
79912,442,-66.05447,1
79922,437,-66.75717,1
79932,444,-65.77339,1
79942,438,-66.61664,1
79952,443,-65.91393,1
79962,449,-65.07069,1
79972,445,-65.63284,1
79982,440,-66.33556,1
79992,444,-65.77339,1
80002,443,-65.91393,1
80012,450,-64.93014,1
80022,444,-65.77339,1
80032,442,-66.05447,1
80042,443,-65.91393,1
80052,447,-65.35176,1
80062,437,-66.75717,1
80072,437,-66.75717,1
80082,446,-65.4923,1
80092,447,-65.35176,1
80102,448,-65.21122,1
80112,442,-66.05447,1
80122,434,-67.1788,1
80132,445,-65.63284,1
80142,446,-65.4923,1
80152,443,-65.91393,1
80162,445,-65.63284,1
80172,448,-65.21122,1
80182,450,-64.93014,1
80192,442,-66.05447,1
80202,446,-65.4923,1
80212,451,-64.7896,1
80222,453,-64.50851,1
80232,449,-65.07069,1
80242,442,-66.05447,1
80252,441,-66.19501,1
80262,452,-64.64905,1
80272,441,-66.19501,1
80282,443,-65.91393,1
80292,446,-65.4923,1
80302,442,-66.05447,1
80312,449,-65.07069,1
80322,446,-65.4923,1
80332,451,-64.7896,1
80342,448,-65.21122,1
80352,449,-65.07069,1
80362,449,-65.07069,1
80372,443,-65.91393,1
80382,446,-65.4923,1
80392,443,-65.91393,1
80402,448,-65.21122,1
80412,447,-65.35176,1
80422,443,-65.91393,1
80432,447,-65.35176,1
80442,445,-65.63284,1
80452,446,-65.4923,1
80462,453,-64.50851,1
80472,446,-65.4923,1
80482,446,-65.4923,1
80492,451,-64.7896,1
80502,444,-65.77339,1
80512,448,-65.21122,1
80522,442,-66.05447,1
80532,449,-65.07069,1
80542,453,-64.50851,1
80552,446,-65.4923,1
80562,452,-64.64905,1
80572,448,-65.21122,1
80582,450,-64.93014,1
80592,446,-65.4923,1
80602,447,-65.35176,1
80612,454,-64.36797,1
80622,444,-65.77339,1
80632,448,-65.21122,1
80642,446,-65.4923,1
80652,448,-65.21122,1
80662,453,-64.50851,1
80672,451,-64.7896,1
80682,448,-65.21122,1
80692,441,-66.19501,1
80702,450,-64.93014,1
80712,448,-65.21122,1
80722,450,-64.93014,1
80732,446,-65.4923,1
80742,441,-66.19501,1
80752,449,-65.07069,1
80762,445,-65.63284,1
80772,451,-64.7896,1
80782,446,-65.4923,1
80792,452,-64.64905,1
80802,445,-65.63284,1
80812,437,-66.75717,1
80822,444,-65.77339,1
80832,451,-64.7896,1
80842,443,-65.91393,1
80852,449,-65.07069,1
80862,453,-64.50851,1
80872,444,-65.77339,1
80882,452,-64.64905,1
80892,443,-65.91393,1
80902,448,-65.21122,1
80912,448,-65.21122,1
80922,447,-65.35176,1
80932,448,-65.21122,1
80942,443,-65.91393,1
80952,443,-65.91393,1
80962,441,-66.19501,1
80972,444,-65.77339,1
80982,441,-66.19501,1
80992,438,-66.61664,1
81002,448,-65.21122,1
81012,446,-65.4923,1
81022,441,-66.19501,1
81032,442,-66.05447,1
81042,445,-65.63284,1
81052,445,-65.63284,1
81062,441,-66.19501,1
81072,443,-65.91393,1
81082,449,-65.07069,1
81092,449,-65.07069,1
81102,442,-66.05447,1
81112,445,-65.63284,1
81122,442,-66.05447,1
81132,442,-66.05447,1
81142,448,-65.21122,1
81152,454,-64.36797,1
81162,445,-65.63284,1
81172,444,-65.77339,1
81182,439,-66.4761,1
81192,448,-65.21122,1
81202,452,-64.64905,1
81212,451,-64.7896,1
81222,447,-65.35176,1
81232,453,-64.50851,1
81242,449,-65.07069,1
81252,444,-65.77339,1
81262,446,-65.4923,1
81272,446,-65.4923,1
81282,443,-65.91393,1
81292,449,-65.07069,1
81302,442,-66.05447,1
81312,445,-65.63284,1
81322,441,-66.19501,1
81332,443,-65.91393,1
81342,448,-65.21122,1
81352,439,-66.4761,1
81362,448,-65.21122,1
81372,441,-66.19501,1
81382,441,-66.19501,1
81392,442,-66.05447,1
81402,449,-65.07069,1
81412,443,-65.91393,1
81422,442,-66.05447,1
81432,443,-65.91393,1
81442,443,-65.91393,1
81452,442,-66.05447,1
81462,440,-66.33556,1
81472,443,-65.91393,1
81482,446,-65.4923,1
81492,445,-65.63284,1
81502,441,-66.19501,1
81512,446,-65.4923,1
81522,445,-65.63284,1
81532,443,-65.91393,1
81542,447,-65.35176,1
81552,439,-66.4761,1
81562,439,-66.4761,1
81572,445,-65.63284,1
81582,453,-64.50851,1
81592,438,-66.61664,1
81602,441,-66.19501,1
81612,440,-66.33556,1
81622,446,-65.4923,1
81632,438,-66.61664,1
81642,441,-66.19501,1
81652,446,-65.4923,1
81662,442,-66.05447,1
81672,448,-65.21122,1
81682,444,-65.77339,1
81692,454,-64.36797,1
81702,441,-66.19501,1
81712,449,-65.07069,1
81722,444,-65.77339,1
81732,449,-65.07069,1
81742,445,-65.63284,1
81752,443,-65.91393,1
81762,452,-64.64905,1
81772,446,-65.4923,1
81782,451,-64.7896,1
81792,449,-65.07069,1
81802,446,-65.4923,1
81812,445,-65.63284,1
81822,449,-65.07069,1
81832,444,-65.77339,1
81842,449,-65.07069,1
81852,445,-65.63284,1
81862,441,-66.19501,1
81872,447,-65.35176,1
81882,454,-64.36797,1
81892,443,-65.91393,1
81902,447,-65.35176,1
81912,442,-66.05447,1
81922,445,-65.63284,1
81932,449,-65.07069,1
81942,450,-64.93014,1
81952,448,-65.21122,1
81962,443,-65.91393,1
81972,441,-66.19501,1
81982,444,-65.77339,1
81992,447,-65.35176,1
82002,451,-64.7896,1
82012,448,-65.21122,1
82022,441,-66.19501,1
82032,444,-65.77339,1
82042,443,-65.91393,1
82052,450,-64.93014,1
82062,446,-65.4923,1
82072,443,-65.91393,1
82082,453,-64.50851,1
82092,450,-64.93014,1
82102,449,-65.07069,1
82112,442,-66.05447,1
82122,444,-65.77339,1
82132,449,-65.07069,1
82142,445,-65.63284,1
82152,442,-66.05447,1
82162,444,-65.77339,1
82172,446,-65.4923,1
82182,446,-65.4923,1
82192,444,-65.77339,1
82202,449,-65.07069,1
82212,456,-64.08689,1
82222,442,-66.05447,1
82232,451,-64.7896,1
82242,450,-64.93014,1
82252,441,-66.19501,1
82262,443,-65.91393,1
82272,442,-66.05447,1
82282,438,-66.61664,1
82292,450,-64.93014,1
82302,445,-65.63284,1
82312,445,-65.63284,1
82322,447,-65.35176,1
82332,441,-66.19501,1
82342,449,-65.07069,1
82352,449,-65.07069,1
82362,444,-65.77339,1
82372,444,-65.77339,1
82382,446,-65.4923,1
82392,443,-65.91393,1
82402,452,-64.64905,1
82412,448,-65.21122,1
82422,448,-65.21122,1
82432,441,-66.19501,1
82442,448,-65.21122,1
82452,448,-65.21122,1
82462,445,-65.63284,1
82472,444,-65.77339,1
82482,445,-65.63284,1
82492,446,-65.4923,1
82502,440,-66.33556,1
82512,445,-65.63284,1
82522,446,-65.4923,1
82532,451,-64.7896,1
82542,439,-66.4761,1
82552,440,-66.33556,1
82562,449,-65.07069,1
82572,444,-65.77339,1
82582,447,-65.35176,1
82592,448,-65.21122,1
82602,446,-65.4923,1
82612,450,-64.93014,1
82622,440,-66.33556,1
82632,448,-65.21122,1
82642,445,-65.63284,1
82652,452,-64.64905,1
82662,450,-64.93014,1
82672,440,-66.33556,1
82682,441,-66.19501,1
82692,443,-65.91393,1
82702,447,-65.35176,1
82712,445,-65.63284,1
82722,438,-66.61664,1
82732,450,-64.93014,1
82742,437,-66.75717,1
82752,444,-65.77339,1
82762,441,-66.19501,1
82772,443,-65.91393,1
82782,446,-65.4923,1
82792,445,-65.63284,1
82802,447,-65.35176,1
82812,447,-65.35176,1
82822,443,-65.91393,1
82832,440,-66.33556,1
82842,452,-64.64905,1
82852,452,-64.64905,1
82862,446,-65.4923,1
82872,443,-65.91393,1
82882,450,-64.93014,1
82892,445,-65.63284,1
82902,446,-65.4923,1
82912,452,-64.64905,1
82922,447,-65.35176,1
82932,450,-64.93014,1
82942,452,-64.64905,1
82952,448,-65.21122,1
82962,455,-64.22743,1
82972,435,-67.03826,1
82982,448,-65.21122,1
82992,443,-65.91393,1
83002,447,-65.35176,1
83012,446,-65.4923,1
83022,444,-65.77339,1
83032,444,-65.77339,1
83042,449,-65.07069,1
83052,445,-65.63284,1
83062,445,-65.63284,1
83072,438,-66.61664,1
83082,442,-66.05447,1
83092,447,-65.35176,1
83102,444,-65.77339,1
83112,445,-65.63284,1
83122,447,-65.35176,1
83132,441,-66.19501,1
83142,439,-66.4761,1
83152,450,-64.93014,1
83162,445,-65.63284,1
83172,447,-65.35176,1
83182,437,-66.75717,1
83192,436,-66.89772,1
83202,446,-65.4923,1
83212,443,-65.91393,1
83222,444,-65.77339,1
83232,444,-65.77339,1
83242,445,-65.63284,1
83252,443,-65.91393,1
83262,439,-66.4761,1
83272,445,-65.63284,1
83282,449,-65.07069,1
83292,443,-65.91393,1
83302,448,-65.21122,1
83312,453,-64.50851,1
83322,446,-65.4923,1
83332,449,-65.07069,1
83342,444,-65.77339,1
83352,443,-65.91393,1
83362,452,-64.64905,1
83372,450,-64.93014,1
83382,449,-65.07069,1
83392,452,-64.64905,1
83402,448,-65.21122,1
83412,435,-67.03826,1
83422,441,-66.19501,1
83432,450,-64.93014,1
83442,455,-64.22743,1
83452,445,-65.63284,1
83462,455,-64.22743,1
83472,448,-65.21122,1
83482,456,-64.08689,1
83492,458,-63.80581,1
83502,444,-65.77339,1
83512,447,-65.35176,1
83522,440,-66.33556,1
83532,451,-64.7896,1
83542,451,-64.7896,1
83552,453,-64.50851,1
83562,447,-65.35176,1
83572,448,-65.21122,1
83582,440,-66.33556,1
83592,446,-65.4923,1
83602,443,-65.91393,1
83612,450,-64.93014,1
83622,451,-64.7896,1
83632,448,-65.21122,1
83642,445,-65.63284,1
83652,447,-65.35176,1
83662,455,-64.22743,1
83672,447,-65.35176,1
83682,447,-65.35176,1
83692,439,-66.4761,1
83702,445,-65.63284,1
83712,447,-65.35176,1
83722,448,-65.21122,1
83732,442,-66.05447,1
83742,452,-64.64905,1
83752,445,-65.63284,1
83762,447,-65.35176,1
83772,446,-65.4923,1
83782,452,-64.64905,1
83792,442,-66.05447,1
83802,453,-64.50851,1
83812,439,-66.4761,1
83822,443,-65.91393,1
83832,453,-64.50851,1
83842,443,-65.91393,1
83852,442,-66.05447,1
83862,446,-65.4923,1
83872,454,-64.36797,1
83882,450,-64.93014,1
83892,453,-64.50851,1
83902,444,-65.77339,1
83912,447,-65.35176,1
83922,451,-64.7896,1
83932,448,-65.21122,1
83942,449,-65.07069,1
83952,441,-66.19501,1
83962,452,-64.64905,1
83972,451,-64.7896,1
83982,440,-66.33556,1
83992,441,-66.19501,1
84002,447,-65.35176,1
84012,455,-64.22743,1
84022,447,-65.35176,1
84032,445,-65.63284,1
84042,445,-65.63284,1
84052,450,-64.93014,1
84062,440,-66.33556,1
84072,439,-66.4761,1
84082,456,-64.08689,1
84092,452,-64.64905,1
84102,449,-65.07069,1
84112,442,-66.05447,1
84122,447,-65.35176,1
84132,443,-65.91393,1
84142,445,-65.63284,1
84152,442,-66.05447,1
84162,443,-65.91393,1
84172,445,-65.63284,1
84182,447,-65.35176,1
84192,438,-66.61664,1
84202,444,-65.77339,1
84212,444,-65.77339,1
84222,445,-65.63284,1
84232,444,-65.77339,1
84242,443,-65.91393,1
84252,439,-66.4761,1
84262,447,-65.35176,1
84272,439,-66.4761,1
84282,442,-66.05447,1
84292,446,-65.4923,1
84302,444,-65.77339,1
84312,447,-65.35176,1
84322,440,-66.33556,1
84332,434,-67.1788,1
84342,445,-65.63284,1
84352,447,-65.35176,1
84362,439,-66.4761,1
84372,441,-66.19501,1
84382,440,-66.33556,1
84392,447,-65.35176,1
84402,447,-65.35176,1
84412,440,-66.33556,1
84422,442,-66.05447,1
84432,443,-65.91393,1
84442,447,-65.35176,1
84452,442,-66.05447,1
84462,442,-66.05447,1
84472,448,-65.21122,1
84482,445,-65.63284,1
84492,443,-65.91393,1
84502,443,-65.91393,1
84512,446,-65.4923,1
84522,439,-66.4761,1
84532,441,-66.19501,1
84542,443,-65.91393,1
84552,448,-65.21122,1
84562,450,-64.93014,1
84572,449,-65.07069,1
84582,443,-65.91393,1
84592,446,-65.4923,1
84602,456,-64.08689,1
84612,448,-65.21122,1
84622,455,-64.22743,1
84632,447,-65.35176,1
84642,441,-66.19501,1
84652,442,-66.05447,1
84662,444,-65.77339,1
84672,436,-66.89772,1
84682,444,-65.77339,1
84692,445,-65.63284,1
84702,444,-65.77339,1
84712,449,-65.07069,1
84722,439,-66.4761,1
84732,452,-64.64905,1
84742,446,-65.4923,1
84752,441,-66.19501,1
84762,457,-63.94635,1
84772,450,-64.93014,1
84782,445,-65.63284,1
84792,446,-65.4923,1
84802,448,-65.21122,1
84812,445,-65.63284,1
84822,447,-65.35176,1
84832,448,-65.21122,1
84842,440,-66.33556,1
84852,453,-64.50851,1
84862,446,-65.4923,1
84872,452,-64.64905,1
84882,451,-64.7896,1
84892,441,-66.19501,1
84902,449,-65.07069,1
84912,443,-65.91393,1
84922,440,-66.33556,1
84932,449,-65.07069,1
84942,448,-65.21122,1
84952,447,-65.35176,1
84962,446,-65.4923,1
84972,438,-66.61664,1
84982,448,-65.21122,1
84992,444,-65.77339,1
85002,443,-65.91393,1
85012,452,-64.64905,1
85022,444,-65.77339,1
85032,441,-66.19501,1
85042,451,-64.7896,1
85052,444,-65.77339,1
85062,440,-66.33556,1
85072,450,-64.93014,1
85082,441,-66.19501,1
85092,446,-65.4923,1
85102,442,-66.05447,1
85112,444,-65.77339,1
85122,449,-65.07069,1
85132,448,-65.21122,1
85142,442,-66.05447,1
85152,444,-65.77339,1
85162,445,-65.63284,1
85172,445,-65.63284,1
85182,448,-65.21122,1
85192,442,-66.05447,1
85202,445,-65.63284,1
85212,441,-66.19501,1
85222,447,-65.35176,1
85232,451,-64.7896,1
85242,442,-66.05447,1
85252,448,-65.21122,1
85262,451,-64.7896,1
85272,444,-65.77339,1
85282,436,-66.89772,1
85292,442,-66.05447,1
85302,449,-65.07069,1
85312,445,-65.63284,1
85322,448,-65.21122,1
85332,450,-64.93014,1
85342,442,-66.05447,1
85352,449,-65.07069,1
85362,454,-64.36797,1
85372,453,-64.50851,1
85382,444,-65.77339,1
85392,449,-65.07069,1
85402,443,-65.91393,1
85412,448,-65.21122,1
85422,443,-65.91393,1
85432,443,-65.91393,1
85442,447,-65.35176,1
85452,440,-66.33556,1
85462,444,-65.77339,1
85472,446,-65.4923,1
85482,446,-65.4923,1
85492,438,-66.61664,1
85502,448,-65.21122,1
85512,449,-65.07069,1
85522,449,-65.07069,1
85532,447,-65.35176,1
85542,440,-66.33556,1
85552,457,-63.94635,1
85562,452,-64.64905,1
85572,449,-65.07069,1
85582,451,-64.7896,1
85592,449,-65.07069,1
85602,449,-65.07069,1
85612,446,-65.4923,1
85622,446,-65.4923,1
85632,445,-65.63284,1
85642,448,-65.21122,1
85652,444,-65.77339,1
85662,446,-65.4923,1
85672,443,-65.91393,1
85682,443,-65.91393,1
85692,446,-65.4923,1
85702,443,-65.91393,1
85712,442,-66.05447,1
85722,443,-65.91393,1
85732,450,-64.93014,1
85742,448,-65.21122,1
85752,446,-65.4923,1
85762,442,-66.05447,1
85772,447,-65.35176,1
85782,453,-64.50851,1
85792,443,-65.91393,1
85802,457,-63.94635,1
85812,451,-64.7896,1
85822,452,-64.64905,1
85832,435,-67.03826,1
85842,443,-65.91393,1
85852,447,-65.35176,1
85862,448,-65.21122,1
85872,448,-65.21122,1
85882,445,-65.63284,1
85892,443,-65.91393,1
85902,451,-64.7896,1
85912,444,-65.77339,1
85922,446,-65.4923,1
85932,446,-65.4923,1
85942,448,-65.21122,1
85952,442,-66.05447,1
85962,449,-65.07069,1
85972,443,-65.91393,1
85982,445,-65.63284,1
85992,455,-64.22743,1
86002,448,-65.21122,1
86012,449,-65.07069,1
86022,456,-64.08689,1
86032,452,-64.64905,1
86042,443,-65.91393,1
86052,453,-64.50851,1
86062,440,-66.33556,1
86072,446,-65.4923,1
86082,453,-64.50851,1
86092,439,-66.4761,1
86102,442,-66.05447,1
86112,444,-65.77339,1
86122,444,-65.77339,1
86132,440,-66.33556,1
86142,443,-65.91393,1
86152,444,-65.77339,1
86162,447,-65.35176,1
86172,441,-66.19501,1
86182,444,-65.77339,1
86192,445,-65.63284,1
86202,444,-65.77339,1
86212,454,-64.36797,1
86222,451,-64.7896,1
86232,440,-66.33556,1
86242,446,-65.4923,1
86252,447,-65.35176,1
86262,451,-64.7896,1
86272,442,-66.05447,1
86282,443,-65.91393,1
86292,445,-65.63284,1
86302,448,-65.21122,1
86312,440,-66.33556,1
86322,451,-64.7896,1
86332,450,-64.93014,1
86342,440,-66.33556,1
86352,445,-65.63284,1
86362,448,-65.21122,1
86372,445,-65.63284,1
86382,449,-65.07069,1
86392,444,-65.77339,1
86402,448,-65.21122,1
86412,448,-65.21122,1
86422,445,-65.63284,1
86432,443,-65.91393,1
86442,445,-65.63284,1
86452,443,-65.91393,1
86462,444,-65.77339,1
86472,445,-65.63284,1
86482,446,-65.4923,1
86492,438,-66.61664,1
86502,450,-64.93014,1
86512,455,-64.22743,1
86522,445,-65.63284,1
86532,439,-66.4761,1
86542,441,-66.19501,1
86552,446,-65.4923,1
86562,447,-65.35176,1
86572,448,-65.21122,1
86582,445,-65.63284,1
86592,445,-65.63284,1
86602,447,-65.35176,1
86612,445,-65.63284,1
86622,447,-65.35176,1
86632,448,-65.21122,1
86642,448,-65.21122,1
86652,445,-65.63284,1
86662,446,-65.4923,1
86672,438,-66.61664,1
86682,442,-66.05447,1
86692,442,-66.05447,1
86702,442,-66.05447,1
86712,452,-64.64905,1
86722,451,-64.7896,1
86732,452,-64.64905,1
86742,443,-65.91393,1
86752,444,-65.77339,1
86762,445,-65.63284,1
86772,451,-64.7896,1
86782,447,-65.35176,1
86792,438,-66.61664,1
86802,449,-65.07069,1
86812,452,-64.64905,1
86822,452,-64.64905,1
86832,439,-66.4761,1
86842,447,-65.35176,1
86852,452,-64.64905,1
86862,449,-65.07069,1
86872,447,-65.35176,1
86882,448,-65.21122,1
86892,451,-64.7896,1
86902,448,-65.21122,1
86912,443,-65.91393,1
86922,455,-64.22743,1
86932,446,-65.4923,1
86942,447,-65.35176,1
86952,437,-66.75717,1
86962,450,-64.93014,1
86972,444,-65.77339,1
86982,456,-64.08689,1
86992,446,-65.4923,1
87002,438,-66.61664,1
87012,447,-65.35176,1
87022,442,-66.05447,1
87032,444,-65.77339,1
87042,448,-65.21122,1
87052,445,-65.63284,1
87062,442,-66.05447,1
87072,447,-65.35176,1
87082,443,-65.91393,1
87092,439,-66.4761,1
87102,442,-66.05447,1
87112,443,-65.91393,1
87122,453,-64.50851,1
87132,443,-65.91393,1
87142,449,-65.07069,1
87152,443,-65.91393,1
87162,451,-64.7896,1
87172,453,-64.50851,1
87182,448,-65.21122,1
87192,444,-65.77339,1
87202,449,-65.07069,1
87212,450,-64.93014,1
87222,443,-65.91393,1
87232,439,-66.4761,1
87242,447,-65.35176,1
87252,450,-64.93014,1
87262,446,-65.4923,1
87272,444,-65.77339,1
87282,448,-65.21122,1
87292,446,-65.4923,1
87302,451,-64.7896,1
87312,442,-66.05447,1
87322,446,-65.4923,1
87332,452,-64.64905,1
87342,446,-65.4923,1
87352,447,-65.35176,1
87362,446,-65.4923,1
87372,443,-65.91393,1
87382,449,-65.07069,1
87392,445,-65.63284,1
87402,438,-66.61664,1
87412,455,-64.22743,1
87422,453,-64.50851,1
87432,441,-66.19501,1
87442,448,-65.21122,1
87452,445,-65.63284,1
87462,455,-64.22743,1
87472,446,-65.4923,1
87482,449,-65.07069,1
87492,449,-65.07069,1
87502,451,-64.7896,1
87512,445,-65.63284,1
87522,438,-66.61664,1
87532,441,-66.19501,1
87542,443,-65.91393,1
87552,441,-66.19501,1
87562,439,-66.4761,1
87572,446,-65.4923,1
87582,454,-64.36797,1
87592,450,-64.93014,1
87602,443,-65.91393,1
87612,453,-64.50851,1
87622,443,-65.91393,1
87632,454,-64.36797,1
87642,452,-64.64905,1
87652,448,-65.21122,1
87662,449,-65.07069,1
87672,446,-65.4923,1
87682,444,-65.77339,1
87692,448,-65.21122,1
87702,451,-64.7896,1
87712,451,-64.7896,1
87722,446,-65.4923,1
87732,444,-65.77339,1
87742,440,-66.33556,1
87752,449,-65.07069,1
87762,447,-65.35176,1
87772,447,-65.35176,1
87782,445,-65.63284,1
87792,449,-65.07069,1
87802,446,-65.4923,1
87812,443,-65.91393,1
87822,449,-65.07069,1
87832,444,-65.77339,1
87842,449,-65.07069,1
87852,444,-65.77339,1
87862,449,-65.07069,1
87872,445,-65.63284,1
87882,445,-65.63284,1
87892,448,-65.21122,1
87902,449,-65.07069,1
87912,449,-65.07069,1
87922,438,-66.61664,1
87932,450,-64.93014,1
87942,446,-65.4923,1
87952,446,-65.4923,1
87962,447,-65.35176,1
87972,449,-65.07069,1
87982,444,-65.77339,1
87992,446,-65.4923,1
88002,447,-65.35176,1
88012,451,-64.7896,1
88022,447,-65.35176,1
88032,453,-64.50851,1
88042,448,-65.21122,1
88052,443,-65.91393,1
88062,449,-65.07069,1
88072,452,-64.64905,1
88082,451,-64.7896,1
88092,438,-66.61664,1
88102,440,-66.33556,1
88112,444,-65.77339,1
88122,450,-64.93014,1
88132,440,-66.33556,1
88142,450,-64.93014,1
88152,442,-66.05447,1
88162,445,-65.63284,1
88172,450,-64.93014,1
88182,445,-65.63284,1
88192,442,-66.05447,1
88202,445,-65.63284,1
88212,438,-66.61664,1
88222,444,-65.77339,1
88232,454,-64.36797,1
88242,444,-65.77339,1
88252,443,-65.91393,1
88262,443,-65.91393,1
88272,452,-64.64905,1
88282,446,-65.4923,1
88292,446,-65.4923,1
88302,442,-66.05447,1
88312,447,-65.35176,1
88322,454,-64.36797,1
88332,445,-65.63284,1
88342,447,-65.35176,1
88352,437,-66.75717,1
88362,437,-66.75717,1
88372,452,-64.64905,1
88382,447,-65.35176,1
88392,446,-65.4923,1
88402,453,-64.50851,1
88412,449,-65.07069,1
88422,444,-65.77339,1
88432,446,-65.4923,1
88442,443,-65.91393,1
88452,439,-66.4761,1
88462,443,-65.91393,1
88472,446,-65.4923,1
88482,447,-65.35176,1
88492,441,-66.19501,1
88502,451,-64.7896,1
88512,445,-65.63284,1
88522,442,-66.05447,1
88532,450,-64.93014,1
88542,441,-66.19501,1
88552,445,-65.63284,1
88562,441,-66.19501,1
88572,446,-65.4923,1
88582,441,-66.19501,1
88592,447,-65.35176,1
88602,442,-66.05447,1
88612,448,-65.21122,1
88622,448,-65.21122,1
88632,448,-65.21122,1
88642,445,-65.63284,1
88652,447,-65.35176,1
88662,452,-64.64905,1
88672,447,-65.35176,1
88682,443,-65.91393,1
88692,451,-64.7896,1
88702,445,-65.63284,1
88712,444,-65.77339,1
88722,450,-64.93014,1
88732,448,-65.21122,1
88742,446,-65.4923,1
88752,450,-64.93014,1
88762,449,-65.07069,1
88772,445,-65.63284,1
88782,447,-65.35176,1
88792,446,-65.4923,1
88802,453,-64.50851,1
88812,447,-65.35176,1
88822,446,-65.4923,1
88832,447,-65.35176,1
88842,442,-66.05447,1
88852,457,-63.94635,1
88862,448,-65.21122,1
88872,452,-64.64905,1
88882,447,-65.35176,1
88892,453,-64.50851,1
88902,439,-66.4761,1
88912,445,-65.63284,1
88922,444,-65.77339,1
88932,451,-64.7896,1
88942,452,-64.64905,1
88952,444,-65.77339,1
88962,442,-66.05447,1
88972,441,-66.19501,1
88982,456,-64.08689,1
88992,446,-65.4923,1
89002,447,-65.35176,1
89012,441,-66.19501,1
89022,449,-65.07069,1
89032,439,-66.4761,1
89042,445,-65.63284,1
89052,452,-64.64905,1
89062,445,-65.63284,1
89072,450,-64.93014,1
89082,445,-65.63284,1
89092,443,-65.91393,1
89102,445,-65.63284,1
89112,442,-66.05447,1
89122,439,-66.4761,1
89132,440,-66.33556,1
89142,452,-64.64905,1
89152,440,-66.33556,1
89162,441,-66.19501,1
89172,440,-66.33556,1
89182,446,-65.4923,1
89192,445,-65.63284,1
89202,446,-65.4923,1
89212,444,-65.77339,1
89222,442,-66.05447,1
89232,451,-64.7896,1
89242,440,-66.33556,1
89252,449,-65.07069,1
89262,451,-64.7896,1
89272,444,-65.77339,1
89282,442,-66.05447,1
89292,445,-65.63284,1
89302,441,-66.19501,1
89312,448,-65.21122,1
89322,447,-65.35176,1
89332,449,-65.07069,1
89342,449,-65.07069,1
89352,446,-65.4923,1
89362,445,-65.63284,1
89372,439,-66.4761,1
89382,447,-65.35176,1
89392,444,-65.77339,1
89402,445,-65.63284,1
89412,445,-65.63284,1
89422,444,-65.77339,1
89432,448,-65.21122,1
89442,456,-64.08689,1
89452,447,-65.35176,1
89462,443,-65.91393,1
89472,447,-65.35176,1
89482,446,-65.4923,1
89492,447,-65.35176,1
89502,446,-65.4923,1
89512,442,-66.05447,1
89522,442,-66.05447,1
89532,445,-65.63284,1
89542,452,-64.64905,1
89552,448,-65.21122,1
89562,450,-64.93014,1
89572,444,-65.77339,1
89582,452,-64.64905,1
89592,448,-65.21122,1
89602,449,-65.07069,1
89612,444,-65.77339,1
89622,446,-65.4923,1
89632,443,-65.91393,1
89642,443,-65.91393,1
89652,441,-66.19501,1
89662,453,-64.50851,1
89672,451,-64.7896,1
89682,440,-66.33556,1
89692,450,-64.93014,1
89702,452,-64.64905,1
89712,442,-66.05447,1
89722,441,-66.19501,1
89732,448,-65.21122,1
89742,449,-65.07069,1
89752,452,-64.64905,1
89762,449,-65.07069,1
89772,449,-65.07069,1
89782,442,-66.05447,1
89792,446,-65.4923,1
89802,450,-64.93014,1
89812,445,-65.63284,1
89822,453,-64.50851,1
89832,443,-65.91393,1
89842,446,-65.4923,1
89852,455,-64.22743,1
89862,437,-66.75717,1
89872,439,-66.4761,1
89882,447,-65.35176,1
89892,443,-65.91393,1
89902,444,-65.77339,1
89912,442,-66.05447,1
89922,446,-65.4923,1
89932,449,-65.07069,1
89942,452,-64.64905,1
89952,448,-65.21122,1
89962,451,-64.7896,1
89972,444,-65.77339,1
89982,447,-65.35176,1
89992,451,-64.7896,1
90002,448,-65.21122,1
90012,449,-65.07069,1
90022,448,-65.21122,1
90032,441,-66.19501,1
90042,452,-64.64905,1
90052,446,-65.4923,1
90062,445,-65.63284,1
90072,441,-66.19501,1
90082,447,-65.35176,1
90092,445,-65.63284,1
90102,435,-67.03826,1
90112,443,-65.91393,1
90122,438,-66.61664,1
90132,444,-65.77339,1
90142,450,-64.93014,1
90152,448,-65.21122,1
90162,447,-65.35176,1
90172,447,-65.35176,1
90182,452,-64.64905,1
90192,449,-65.07069,1
90202,446,-65.4923,1
90212,444,-65.77339,1
90222,454,-64.36797,1
90232,443,-65.91393,1
90242,445,-65.63284,1
90252,449,-65.07069,1
90262,444,-65.77339,1
90272,450,-64.93014,1
90282,444,-65.77339,1
90292,438,-66.61664,1
90302,444,-65.77339,1
90312,445,-65.63284,1
90322,441,-66.19501,1
90332,440,-66.33556,1
90342,450,-64.93014,1
90352,445,-65.63284,1
90362,442,-66.05447,1
90372,444,-65.77339,1
90382,448,-65.21122,1
90392,453,-64.50851,1
90402,448,-65.21122,1
90412,444,-65.77339,1
90422,445,-65.63284,1
90432,449,-65.07069,1
90442,450,-64.93014,1
90452,448,-65.21122,1
90462,443,-65.91393,1
90472,448,-65.21122,1
90482,443,-65.91393,1
90492,444,-65.77339,1
90502,449,-65.07069,1
90512,438,-66.61664,1
90522,439,-66.4761,1
90532,452,-64.64905,1
90542,448,-65.21122,1
90552,450,-64.93014,1
90562,440,-66.33556,1
90572,445,-65.63284,1
90582,444,-65.77339,1
90592,445,-65.63284,1
90602,445,-65.63284,1
90612,442,-66.05447,1
90622,452,-64.64905,1
90632,441,-66.19501,1
90642,441,-66.19501,1
90652,443,-65.91393,1
90662,445,-65.63284,1
90672,440,-66.33556,1
90682,443,-65.91393,1
90692,439,-66.4761,1
90702,444,-65.77339,1
90712,438,-66.61664,1
90722,451,-64.7896,1
90732,454,-64.36797,1
90742,447,-65.35176,1
90752,450,-64.93014,1
90762,439,-66.4761,1
90772,449,-65.07069,1
90782,447,-65.35176,1
90792,445,-65.63284,1
90802,444,-65.77339,1
90812,444,-65.77339,1
90822,446,-65.4923,1
90832,446,-65.4923,1
90842,452,-64.64905,1
90852,447,-65.35176,1
90862,434,-67.1788,1
90872,454,-64.36797,1
90882,440,-66.33556,1
90892,447,-65.35176,1
90902,440,-66.33556,1
90912,444,-65.77339,1
90922,447,-65.35176,1
90932,446,-65.4923,1
90942,447,-65.35176,1
90952,445,-65.63284,1
90962,448,-65.21122,1
90972,444,-65.77339,1
90982,445,-65.63284,1
90992,444,-65.77339,1
91002,454,-64.36797,1
91012,433,-67.31934,1
91022,452,-64.64905,1
91032,444,-65.77339,1
91042,447,-65.35176,1
91052,447,-65.35176,1
91062,445,-65.63284,1
91072,444,-65.77339,1
91082,447,-65.35176,1
91092,450,-64.93014,1
91102,443,-65.91393,1
91112,443,-65.91393,1
91122,441,-66.19501,1
91132,448,-65.21122,1
91142,454,-64.36797,1
91152,444,-65.77339,1
91162,437,-66.75717,1
91172,447,-65.35176,1
91182,449,-65.07069,1
91192,447,-65.35176,1
91202,445,-65.63284,1
91212,449,-65.07069,1
91222,437,-66.75717,1
91232,448,-65.21122,1
91242,445,-65.63284,1
91252,446,-65.4923,1
91262,445,-65.63284,1
91272,447,-65.35176,1
91282,443,-65.91393,1
91292,449,-65.07069,1
91302,444,-65.77339,1
91312,443,-65.91393,1
91322,445,-65.63284,1
91332,447,-65.35176,1
91342,439,-66.4761,1
91352,443,-65.91393,1
91362,446,-65.4923,1
91372,448,-65.21122,1
91382,444,-65.77339,1
91392,454,-64.36797,1
91402,442,-66.05447,1
91412,450,-64.93014,1
91422,451,-64.7896,1
91432,439,-66.4761,1
91442,453,-64.50851,1
91452,441,-66.19501,1
91462,450,-64.93014,1
91472,441,-66.19501,1
91482,445,-65.63284,1
91492,439,-66.4761,1
91502,444,-65.77339,1
91512,446,-65.4923,1
91522,448,-65.21122,1
91532,445,-65.63284,1
91542,443,-65.91393,1
91552,448,-65.21122,1
91562,451,-64.7896,1
91572,444,-65.77339,1
91582,441,-66.19501,1
91592,453,-64.50851,1
91602,446,-65.4923,1
91612,450,-64.93014,1
91622,457,-63.94635,1
91632,444,-65.77339,1
91642,451,-64.7896,1
91652,446,-65.4923,1
91662,449,-65.07069,1
91672,449,-65.07069,1
91682,445,-65.63284,1
91692,448,-65.21122,1
91702,452,-64.64905,1
91712,438,-66.61664,1
91722,445,-65.63284,1
91732,444,-65.77339,1
91742,443,-65.91393,1
91752,451,-64.7896,1
91762,444,-65.77339,1
91772,448,-65.21122,1
91782,448,-65.21122,1
91792,446,-65.4923,1
91802,447,-65.35176,1
91812,449,-65.07069,1
91822,456,-64.08689,1
91832,438,-66.61664,1
91842,448,-65.21122,1
91852,449,-65.07069,1
91862,447,-65.35176,1
91872,452,-64.64905,1
91882,442,-66.05447,1
91892,451,-64.7896,1
91902,448,-65.21122,1
91912,444,-65.77339,1
91922,445,-65.63284,1
91932,443,-65.91393,1
91942,449,-65.07069,1
91952,448,-65.21122,1
91962,442,-66.05447,1
91972,448,-65.21122,1
91982,451,-64.7896,1
91992,449,-65.07069,1
92002,447,-65.35176,1
92012,445,-65.63284,1
92022,451,-64.7896,1
92032,450,-64.93014,1
92042,448,-65.21122,1
92052,446,-65.4923,1
92062,449,-65.07069,1
92072,445,-65.63284,1
92082,448,-65.21122,1
92092,448,-65.21122,1
92102,443,-65.91393,1
92112,447,-65.35176,1
92122,442,-66.05447,1
92132,442,-66.05447,1
92142,439,-66.4761,1
92152,444,-65.77339,1
92162,448,-65.21122,1
92172,447,-65.35176,1
92182,441,-66.19501,1
92192,444,-65.77339,1
92202,442,-66.05447,1
92212,452,-64.64905,1
92222,447,-65.35176,1
92232,445,-65.63284,1
92242,451,-64.7896,1
92252,442,-66.05447,1
92262,446,-65.4923,1
92272,448,-65.21122,1
92282,442,-66.05447,1
92292,447,-65.35176,1
92302,446,-65.4923,1
92312,439,-66.4761,1
92322,440,-66.33556,1
92332,447,-65.35176,1
92342,446,-65.4923,1
92352,443,-65.91393,1
92362,440,-66.33556,1
92372,447,-65.35176,1
92382,445,-65.63284,1
92392,447,-65.35176,1
92402,443,-65.91393,1
92412,443,-65.91393,1
92422,446,-65.4923,1
92432,453,-64.50851,1
92442,443,-65.91393,1
92452,445,-65.63284,1
92462,449,-65.07069,1
92472,444,-65.77339,1
92482,450,-64.93014,1
92492,440,-66.33556,1
92502,446,-65.4923,1
92512,447,-65.35176,1
92522,450,-64.93014,1
92532,445,-65.63284,1
92542,448,-65.21122,1
92552,439,-66.4761,1
92562,448,-65.21122,1
92572,449,-65.07069,1
92582,448,-65.21122,1
92592,450,-64.93014,1
92602,449,-65.07069,1
92612,440,-66.33556,1
92622,450,-64.93014,1
92632,444,-65.77339,1
92642,446,-65.4923,1
92652,449,-65.07069,1
92662,453,-64.50851,1
92672,445,-65.63284,1
92682,453,-64.50851,1
92692,444,-65.77339,1
92702,440,-66.33556,1
92712,446,-65.4923,1
92722,451,-64.7896,1
92732,442,-66.05447,1
92742,440,-66.33556,1
92752,440,-66.33556,1
92762,436,-66.89772,1
92772,445,-65.63284,1
92782,446,-65.4923,1
92792,439,-66.4761,1
92802,442,-66.05447,1
92812,444,-65.77339,1
92822,446,-65.4923,1
92832,437,-66.75717,1
92842,438,-66.61664,1
92852,443,-65.91393,1
92862,440,-66.33556,1
92872,441,-66.19501,1
92882,441,-66.19501,1
92892,438,-66.61664,1
92902,440,-66.33556,1
92912,435,-67.03826,1
92922,442,-66.05447,1
92932,441,-66.19501,1
92942,444,-65.77339,1
92952,443,-65.91393,1
92962,441,-66.19501,1
92972,442,-66.05447,1
92982,453,-64.50851,1
92992,441,-66.19501,1
93002,439,-66.4761,1
93012,443,-65.91393,1
93022,444,-65.77339,1
93032,445,-65.63284,1
93042,445,-65.63284,1
93052,446,-65.4923,1
93062,445,-65.63284,1
93072,444,-65.77339,1
93082,437,-66.75717,1
93092,440,-66.33556,1
93102,450,-64.93014,1
93112,444,-65.77339,1
93122,440,-66.33556,1
93132,444,-65.77339,1
93142,439,-66.4761,1
93152,443,-65.91393,1
93162,445,-65.63284,1
93172,441,-66.19501,1
93182,441,-66.19501,1
93192,443,-65.91393,1
93202,443,-65.91393,1
93212,444,-65.77339,1
93222,447,-65.35176,1
93232,447,-65.35176,1
93242,441,-66.19501,1
93252,442,-66.05447,1
93262,440,-66.33556,1
93272,450,-64.93014,1
93282,446,-65.4923,1
93292,447,-65.35176,1
93302,439,-66.4761,1
93312,438,-66.61664,1
93322,443,-65.91393,1
93332,443,-65.91393,1
93342,442,-66.05447,1
93352,445,-65.63284,1
93362,439,-66.4761,1
93372,441,-66.19501,1
93382,445,-65.63284,1
93392,442,-66.05447,1
93402,450,-64.93014,1
93412,447,-65.35176,1
93422,444,-65.77339,1
93432,446,-65.4923,1
93442,451,-64.7896,1
93452,443,-65.91393,1
93462,447,-65.35176,1
93472,446,-65.4923,1
93482,442,-66.05447,1
93492,448,-65.21122,1
93502,446,-65.4923,1
93512,445,-65.63284,1
93522,451,-64.7896,1
93532,446,-65.4923,1
93542,445,-65.63284,1
93552,442,-66.05447,1
93562,449,-65.07069,1
93572,452,-64.64905,1
93582,440,-66.33556,1
93592,451,-64.7896,1
93602,442,-66.05447,1
93612,444,-65.77339,1
93622,448,-65.21122,1
93632,445,-65.63284,1
93642,452,-64.64905,1
93652,446,-65.4923,1
93662,443,-65.91393,1
93672,446,-65.4923,1
93682,442,-66.05447,1
93692,440,-66.33556,1
93702,446,-65.4923,1
93712,440,-66.33556,1
93722,446,-65.4923,1
93732,441,-66.19501,1
93742,443,-65.91393,1
93752,448,-65.21122,1
93762,447,-65.35176,1
93772,446,-65.4923,1
93782,444,-65.77339,1
93792,444,-65.77339,1
93802,440,-66.33556,1
93812,440,-66.33556,1
93822,445,-65.63284,1
93832,441,-66.19501,1
93842,437,-66.75717,1
93852,447,-65.35176,1
93862,445,-65.63284,1
93872,444,-65.77339,1
93882,442,-66.05447,1
93892,446,-65.4923,1
93902,448,-65.21122,1
93912,446,-65.4923,1
93922,446,-65.4923,1
93932,448,-65.21122,1
93942,442,-66.05447,1
93952,443,-65.91393,1
93962,443,-65.91393,1
93972,454,-64.36797,1
93982,442,-66.05447,1
93992,451,-64.7896,1
94002,450,-64.93014,1
94012,442,-66.05447,1
94022,452,-64.64905,1
94032,447,-65.35176,1
94042,445,-65.63284,1
94052,443,-65.91393,1
94062,445,-65.63284,1
94072,445,-65.63284,1
94082,445,-65.63284,1
94092,447,-65.35176,1
94102,449,-65.07069,1
94112,440,-66.33556,1
94122,443,-65.91393,1
94132,449,-65.07069,1
94142,438,-66.61664,1
94152,444,-65.77339,1
94162,447,-65.35176,1
94172,448,-65.21122,1
94182,443,-65.91393,1
94192,442,-66.05447,1
94202,439,-66.4761,1
94212,443,-65.91393,1
94222,448,-65.21122,1
94232,448,-65.21122,1
94242,446,-65.4923,1
94252,444,-65.77339,1
94262,444,-65.77339,1
94272,442,-66.05447,1
94282,448,-65.21122,1
94292,450,-64.93014,1
94302,447,-65.35176,1
94312,444,-65.77339,1
94322,445,-65.63284,1
94332,441,-66.19501,1
94342,444,-65.77339,1
94352,445,-65.63284,1
94362,443,-65.91393,1
94372,440,-66.33556,1
94382,435,-67.03826,1
94392,450,-64.93014,1
94402,440,-66.33556,1
94412,442,-66.05447,1
94422,438,-66.61664,1
94432,441,-66.19501,1
94442,448,-65.21122,1
94452,444,-65.77339,1
94462,448,-65.21122,1
94472,448,-65.21122,1
94482,436,-66.89772,1
94492,449,-65.07069,1
94502,448,-65.21122,1
94512,444,-65.77339,1
94522,448,-65.21122,1
94532,441,-66.19501,1
94542,448,-65.21122,1
94552,445,-65.63284,1
94562,447,-65.35176,1
94572,449,-65.07069,1
94582,443,-65.91393,1
94592,447,-65.35176,1
94602,448,-65.21122,1
94612,447,-65.35176,1
94622,455,-64.22743,1
94632,442,-66.05447,1
94642,457,-63.94635,1
94652,451,-64.7896,1
94662,452,-64.64905,1
94672,441,-66.19501,1
94682,441,-66.19501,1
94692,439,-66.4761,1
94702,442,-66.05447,1
94712,443,-65.91393,1
94722,440,-66.33556,1
94732,449,-65.07069,1
94742,444,-65.77339,1
94752,447,-65.35176,1
94762,446,-65.4923,1
94772,451,-64.7896,1
94782,444,-65.77339,1
94792,445,-65.63284,1
94802,443,-65.91393,1
94812,442,-66.05447,1
94822,446,-65.4923,1
94832,449,-65.07069,1
94842,443,-65.91393,1
94852,441,-66.19501,1
94862,449,-65.07069,1
94872,446,-65.4923,1
94882,439,-66.4761,1
94892,447,-65.35176,1
94902,447,-65.35176,1
94912,445,-65.63284,1
94922,445,-65.63284,1
94932,437,-66.75717,1
94942,449,-65.07069,1
94952,445,-65.63284,1
94962,440,-66.33556,1
94972,444,-65.77339,1
94982,443,-65.91393,1
94992,442,-66.05447,1
95002,451,-64.7896,1
95012,445,-65.63284,1
95022,442,-66.05447,1
95032,448,-65.21122,1
95042,445,-65.63284,1
95052,447,-65.35176,1
95062,444,-65.77339,1
95072,449,-65.07069,1
95082,437,-66.75717,1
95092,453,-64.50851,1
95102,438,-66.61664,1
95112,438,-66.61664,1
95122,436,-66.89772,1
95132,444,-65.77339,1
95142,448,-65.21122,1
95152,439,-66.4761,1
95162,440,-66.33556,1
95172,447,-65.35176,1
95182,447,-65.35176,1
95192,446,-65.4923,1
95202,443,-65.91393,1
95212,450,-64.93014,1
95222,448,-65.21122,1
95232,438,-66.61664,1
95242,440,-66.33556,1
95252,450,-64.93014,1
95262,445,-65.63284,1
95272,439,-66.4761,1
95282,443,-65.91393,1
95292,447,-65.35176,1
95302,446,-65.4923,1
95312,448,-65.21122,1
95322,444,-65.77339,1
95332,440,-66.33556,1
95342,441,-66.19501,1
95352,449,-65.07069,1
95362,449,-65.07069,1
95372,448,-65.21122,1
95382,447,-65.35176,1
95392,450,-64.93014,1
95402,438,-66.61664,1
95412,436,-66.89772,1
95422,442,-66.05447,1
95432,450,-64.93014,1
95442,450,-64.93014,1
95452,443,-65.91393,1
95462,446,-65.4923,1
95472,445,-65.63284,1
95482,450,-64.93014,1
95492,445,-65.63284,1
95502,451,-64.7896,1
95512,445,-65.63284,1
95522,451,-64.7896,1
95532,445,-65.63284,1
95542,441,-66.19501,1
95552,445,-65.63284,1
95562,453,-64.50851,1
95572,444,-65.77339,1
95582,441,-66.19501,1
95592,454,-64.36797,1
95602,447,-65.35176,1
95612,442,-66.05447,1
95622,445,-65.63284,1
95632,449,-65.07069,1
95642,450,-64.93014,1
95652,447,-65.35176,1
95662,443,-65.91393,1
95672,440,-66.33556,1
95682,452,-64.64905,1
95692,443,-65.91393,1
95702,445,-65.63284,1
95712,449,-65.07069,1
95722,440,-66.33556,1
95732,443,-65.91393,1
95742,451,-64.7896,1
95752,445,-65.63284,1
95762,451,-64.7896,1
95772,450,-64.93014,1
95782,444,-65.77339,1
95792,447,-65.35176,1
95802,445,-65.63284,1
95812,441,-66.19501,1
95822,443,-65.91393,1
95832,439,-66.4761,1
95842,442,-66.05447,1
95852,450,-64.93014,1
95862,448,-65.21122,1
95872,456,-64.08689,1
95882,443,-65.91393,1
95892,450,-64.93014,1
95902,443,-65.91393,1
95912,453,-64.50851,1
95922,441,-66.19501,1
95932,444,-65.77339,1
95942,445,-65.63284,1
95952,445,-65.63284,1
95962,455,-64.22743,1
95972,439,-66.4761,1
95982,446,-65.4923,1
95992,449,-65.07069,1
96002,447,-65.35176,1
96012,441,-66.19501,1
96022,445,-65.63284,1
96032,451,-64.7896,1
96042,445,-65.63284,1
96052,448,-65.21122,1
96062,449,-65.07069,1
96072,447,-65.35176,1
96082,445,-65.63284,1
96092,454,-64.36797,1
96102,442,-66.05447,1
96112,443,-65.91393,1
96122,442,-66.05447,1
96132,440,-66.33556,1
96142,441,-66.19501,1
96152,435,-67.03826,1
96162,450,-64.93014,1
96172,446,-65.4923,1
96182,446,-65.4923,1
96192,451,-64.7896,1
96202,444,-65.77339,1
96212,446,-65.4923,1
96222,452,-64.64905,1
96232,440,-66.33556,1
96242,445,-65.63284,1
96252,444,-65.77339,1
96262,444,-65.77339,1
96272,443,-65.91393,1
96282,454,-64.36797,1
96292,447,-65.35176,1
96302,444,-65.77339,1
96312,445,-65.63284,1
96322,444,-65.77339,1
96332,447,-65.35176,1
96342,439,-66.4761,1
96352,437,-66.75717,1
96362,439,-66.4761,1
96372,449,-65.07069,1
96382,445,-65.63284,1
96392,444,-65.77339,1
96402,440,-66.33556,1
96412,442,-66.05447,1
96422,446,-65.4923,1
96432,454,-64.36797,1
96442,446,-65.4923,1
96452,448,-65.21122,1
96462,450,-64.93014,1
96472,445,-65.63284,1
96482,450,-64.93014,1
96492,447,-65.35176,1
96502,454,-64.36797,1
96512,450,-64.93014,1
96522,444,-65.77339,1
96532,445,-65.63284,1
96542,449,-65.07069,1
96552,450,-64.93014,1
96562,439,-66.4761,1
96572,445,-65.63284,1
96582,446,-65.4923,1
96592,452,-64.64905,1
96602,448,-65.21122,1
96612,438,-66.61664,1
96622,450,-64.93014,1
96632,442,-66.05447,1
96642,447,-65.35176,1
96652,451,-64.7896,1
96662,438,-66.61664,1
96672,448,-65.21122,1
96682,448,-65.21122,1
96692,444,-65.77339,1
96702,446,-65.4923,1
96712,449,-65.07069,1
96722,448,-65.21122,1
96732,457,-63.94635,1
96742,444,-65.77339,1
96752,450,-64.93014,1
96762,447,-65.35176,1
96772,453,-64.50851,1
96782,451,-64.7896,1
96792,443,-65.91393,1
96802,446,-65.4923,1
96812,443,-65.91393,1
96822,437,-66.75717,1
96832,452,-64.64905,1
96842,446,-65.4923,1
96852,440,-66.33556,1
96862,443,-65.91393,1
96872,438,-66.61664,1
96882,447,-65.35176,1
96892,453,-64.50851,1
96902,444,-65.77339,1
96912,441,-66.19501,1
96922,445,-65.63284,1
96932,448,-65.21122,1
96942,447,-65.35176,1
96952,445,-65.63284,1
96962,440,-66.33556,1
96972,443,-65.91393,1
96982,446,-65.4923,1
96992,444,-65.77339,1
97002,444,-65.77339,1
97012,444,-65.77339,1
97022,447,-65.35176,1
97032,447,-65.35176,1
97042,443,-65.91393,1
97052,450,-64.93014,1
97062,444,-65.77339,1
97072,449,-65.07069,1
97082,439,-66.4761,1
97092,452,-64.64905,1
97102,437,-66.75717,1
97112,443,-65.91393,1
97122,444,-65.77339,1
97132,446,-65.4923,1
97142,451,-64.7896,1
97152,441,-66.19501,1
97162,451,-64.7896,1
97172,444,-65.77339,1
97182,445,-65.63284,1
97192,444,-65.77339,1
97202,440,-66.33556,1
97212,441,-66.19501,1
97222,443,-65.91393,1
97232,449,-65.07069,1
97242,443,-65.91393,1
97252,448,-65.21122,1
97262,447,-65.35176,1
97272,449,-65.07069,1
97282,449,-65.07069,1
97292,446,-65.4923,1
97302,438,-66.61664,1
97312,445,-65.63284,1
97322,449,-65.07069,1
97332,445,-65.63284,1
97342,445,-65.63284,1
97352,447,-65.35176,1
97362,450,-64.93014,1
97372,448,-65.21122,1
97382,448,-65.21122,1
97392,445,-65.63284,1
97402,447,-65.35176,1
97412,447,-65.35176,1
97422,444,-65.77339,1
97432,444,-65.77339,1
97442,451,-64.7896,1
97452,445,-65.63284,1
97462,450,-64.93014,1
97472,446,-65.4923,1
97482,446,-65.4923,1
97492,446,-65.4923,1
97502,446,-65.4923,1
97512,445,-65.63284,1
97522,451,-64.7896,1
97532,449,-65.07069,1
97542,448,-65.21122,1
97552,447,-65.35176,1
97562,450,-64.93014,1
97572,446,-65.4923,1
97582,447,-65.35176,1
97592,443,-65.91393,1
97602,445,-65.63284,1
97612,449,-65.07069,1
97622,447,-65.35176,1
97632,447,-65.35176,1
97642,446,-65.4923,1
97652,446,-65.4923,1
97662,449,-65.07069,1
97672,452,-64.64905,1
97682,447,-65.35176,1
97692,442,-66.05447,1
97702,447,-65.35176,1
97712,451,-64.7896,1
97722,444,-65.77339,1
97732,445,-65.63284,1
97742,449,-65.07069,1
97752,453,-64.50851,1
97762,443,-65.91393,1
97772,444,-65.77339,1
97782,455,-64.22743,1
97792,446,-65.4923,1
97802,443,-65.91393,1
97812,439,-66.4761,1
97822,441,-66.19501,1
97832,444,-65.77339,1
97842,454,-64.36797,1
97852,450,-64.93014,1
97862,441,-66.19501,1
97872,456,-64.08689,1
97882,447,-65.35176,1
97892,449,-65.07069,1
97902,444,-65.77339,1
97912,452,-64.64905,1
97922,449,-65.07069,1
97932,445,-65.63284,1
97942,435,-67.03826,1
97952,446,-65.4923,1
97962,448,-65.21122,1
97972,451,-64.7896,1
97982,448,-65.21122,1
97992,448,-65.21122,1
98002,441,-66.19501,1
98012,451,-64.7896,1
98022,440,-66.33556,1
98032,441,-66.19501,1
98042,446,-65.4923,1
98052,443,-65.91393,1
98062,446,-65.4923,1
98072,443,-65.91393,1
98082,444,-65.77339,1
98092,449,-65.07069,1
98102,447,-65.35176,1
98112,441,-66.19501,1
98122,442,-66.05447,1
98132,444,-65.77339,1
98142,450,-64.93014,1
98152,442,-66.05447,1
98162,447,-65.35176,1
98172,448,-65.21122,1
98182,447,-65.35176,1
98192,455,-64.22743,1
98202,443,-65.91393,1
98212,446,-65.4923,1
98222,448,-65.21122,1
98232,452,-64.64905,1
98242,440,-66.33556,1
98252,451,-64.7896,1
98262,444,-65.77339,1
98272,448,-65.21122,1
98282,446,-65.4923,1
98292,448,-65.21122,1
98302,448,-65.21122,1
98312,450,-64.93014,1
98322,450,-64.93014,1
98332,444,-65.77339,1
98342,447,-65.35176,1
98352,443,-65.91393,1
98362,448,-65.21122,1
98372,448,-65.21122,1
98382,444,-65.77339,1
98392,441,-66.19501,1
98402,447,-65.35176,1
98412,450,-64.93014,1
98422,442,-66.05447,1
98432,444,-65.77339,1
98442,440,-66.33556,1
98452,442,-66.05447,1
98462,443,-65.91393,1
98472,450,-64.93014,1
98482,445,-65.63284,1
98492,436,-66.89772,1
98502,442,-66.05447,1
98512,447,-65.35176,1
98522,452,-64.64905,1
98532,449,-65.07069,1
98542,451,-64.7896,1
98552,451,-64.7896,1
98562,450,-64.93014,1
98572,449,-65.07069,1
98582,443,-65.91393,1
98592,445,-65.63284,1
98602,446,-65.4923,1
98612,440,-66.33556,1
98622,437,-66.75717,1
98632,448,-65.21122,1
98642,448,-65.21122,1
98652,440,-66.33556,1
98662,447,-65.35176,1
98672,445,-65.63284,1
98682,448,-65.21122,1
98692,445,-65.63284,1
98702,447,-65.35176,1
98712,448,-65.21122,1
98722,444,-65.77339,1
98732,442,-66.05447,1
98742,451,-64.7896,1
98752,446,-65.4923,1
98762,451,-64.7896,1
98772,449,-65.07069,1
98782,447,-65.35176,1
98792,451,-64.7896,1
98802,439,-66.4761,1
98812,448,-65.21122,1
98822,459,-63.66527,1
98832,449,-65.07069,1
98842,446,-65.4923,1
98852,442,-66.05447,1
98862,453,-64.50851,1
98872,453,-64.50851,1
98882,445,-65.63284,1
98892,443,-65.91393,1
98902,441,-66.19501,1
98912,444,-65.77339,1
98922,440,-66.33556,1
98932,436,-66.89772,1
98942,443,-65.91393,1
98952,445,-65.63284,1
98962,441,-66.19501,1
98972,447,-65.35176,1
98982,444,-65.77339,1
98992,443,-65.91393,1
99002,445,-65.63284,1
99012,445,-65.63284,1
99022,446,-65.4923,1
99032,443,-65.91393,1
99042,442,-66.05447,1
99052,446,-65.4923,1
99062,440,-66.33556,1
99072,444,-65.77339,1
99082,447,-65.35176,1
99092,447,-65.35176,1
99102,439,-66.4761,1
99112,441,-66.19501,1
99122,444,-65.77339,1
99132,444,-65.77339,1
99142,447,-65.35176,1
99152,439,-66.4761,1
99162,447,-65.35176,1
99172,441,-66.19501,1
99182,437,-66.75717,1
99192,447,-65.35176,1
99202,444,-65.77339,1
99212,452,-64.64905,1
99222,445,-65.63284,1
99232,444,-65.77339,1
99242,449,-65.07069,1
99252,449,-65.07069,1
99262,444,-65.77339,1
99272,441,-66.19501,1
99282,449,-65.07069,1
99292,445,-65.63284,1
99302,452,-64.64905,1
99312,446,-65.4923,1
99322,446,-65.4923,1
99332,442,-66.05447,1
99342,449,-65.07069,1
99352,437,-66.75717,1
99362,446,-65.4923,1
99372,446,-65.4923,1
99382,446,-65.4923,1
99392,452,-64.64905,1
99402,443,-65.91393,1
99412,451,-64.7896,1
99422,448,-65.21122,1
99432,446,-65.4923,1
99442,444,-65.77339,1
99452,442,-66.05447,1
99462,452,-64.64905,1
99472,445,-65.63284,1
99482,444,-65.77339,1
99492,445,-65.63284,1
99502,444,-65.77339,1
99512,452,-64.64905,1
99522,445,-65.63284,1
99532,448,-65.21122,1
99542,444,-65.77339,1
99552,455,-64.22743,1
99562,450,-64.93014,1
99572,441,-66.19501,1
99582,451,-64.7896,1
99592,454,-64.36797,1
99602,443,-65.91393,1
99612,445,-65.63284,1
99622,452,-64.64905,1
99632,451,-64.7896,1
99642,452,-64.64905,1
99652,444,-65.77339,1
99662,436,-66.89772,1
99672,449,-65.07069,1
99682,446,-65.4923,1
99692,443,-65.91393,1
99702,447,-65.35176,1
99712,450,-64.93014,1
99722,443,-65.91393,1
99732,450,-64.93014,1
99742,447,-65.35176,1
99752,454,-64.36797,1
99762,447,-65.35176,1
99772,448,-65.21122,1
99782,443,-65.91393,1
99792,447,-65.35176,1
99802,459,-63.66527,1
99812,451,-64.7896,1
99822,447,-65.35176,1
99832,443,-65.91393,1
99842,452,-64.64905,1
99852,448,-65.21122,1
99862,444,-65.77339,1
99872,450,-64.93014,1
99882,444,-65.77339,1
99892,439,-66.4761,1
99902,438,-66.61664,1
99912,444,-65.77339,1
99922,452,-64.64905,1
99932,454,-64.36797,1
99942,452,-64.64905,1
99952,444,-65.77339,1
99962,438,-66.61664,1
99972,446,-65.4923,1
99982,442,-66.05447,1
99992,442,-66.05447,1
100002,445,-65.63284,1
100012,450,-64.93014,1
100022,448,-65.21122,1
100032,451,-64.7896,1
100042,449,-65.07069,1
100052,444,-65.77339,1
100062,444,-65.77339,1
100072,448,-65.21122,1
100082,441,-66.19501,1
100092,445,-65.63284,1
100102,443,-65.91393,1
100112,445,-65.63284,1
100122,437,-66.75717,1
100132,447,-65.35176,1
100142,436,-66.89772,1
100152,443,-65.91393,1
100162,449,-65.07069,1
100172,444,-65.77339,1
100182,437,-66.75717,1
100192,451,-64.7896,1
100202,447,-65.35176,1
100212,451,-64.7896,1
100222,447,-65.35176,1
100232,451,-64.7896,1
100242,447,-65.35176,1
100252,451,-64.7896,1
100262,447,-65.35176,1
100272,448,-65.21122,1
100282,457,-63.94635,1
100292,449,-65.07069,1
100302,445,-65.63284,1
100312,449,-65.07069,1
100322,444,-65.77339,1
100332,447,-65.35176,1
100342,439,-66.4761,1
100352,441,-66.19501,1
100362,446,-65.4923,1
100372,450,-64.93014,1
100382,441,-66.19501,1
100392,451,-64.7896,1
100402,447,-65.35176,1
100412,449,-65.07069,1
100422,441,-66.19501,1
100432,446,-65.4923,1
100442,447,-65.35176,1
100452,453,-64.50851,1
100462,452,-64.64905,1
100472,449,-65.07069,1
100482,449,-65.07069,1
100492,451,-64.7896,1
100502,452,-64.64905,1
100512,447,-65.35176,1
100522,446,-65.4923,1
100532,447,-65.35176,1
100542,452,-64.64905,1
100552,451,-64.7896,1
100562,444,-65.77339,1
100572,445,-65.63284,1
100582,448,-65.21122,1
100592,444,-65.77339,1
100602,449,-65.07069,1
100612,447,-65.35176,1
100622,455,-64.22743,1
100632,442,-66.05447,1
100642,445,-65.63284,1
100652,446,-65.4923,1
100662,453,-64.50851,1
100672,450,-64.93014,1
100682,446,-65.4923,1
100692,448,-65.21122,1
100702,441,-66.19501,1
100712,444,-65.77339,1
100722,451,-64.7896,1
100732,445,-65.63284,1
100742,444,-65.77339,1
100752,447,-65.35176,1
100762,447,-65.35176,1
100772,444,-65.77339,1
100782,445,-65.63284,1
100792,450,-64.93014,1
100802,457,-63.94635,1
100812,439,-66.4761,1
100822,442,-66.05447,1
100832,446,-65.4923,1
100842,450,-64.93014,1
100852,440,-66.33556,1
100862,442,-66.05447,1
100872,449,-65.07069,1
100882,445,-65.63284,1
100892,446,-65.4923,1
100902,439,-66.4761,1
100912,452,-64.64905,1
100922,446,-65.4923,1
100932,450,-64.93014,1
100942,448,-65.21122,1
100952,448,-65.21122,1
100962,455,-64.22743,1
100972,445,-65.63284,1
100982,442,-66.05447,1
100992,445,-65.63284,1
101002,452,-64.64905,1
101012,449,-65.07069,1
101022,446,-65.4923,1
101032,443,-65.91393,1
101042,455,-64.22743,1
101052,445,-65.63284,1
101062,454,-64.36797,1
101072,443,-65.91393,1
101082,443,-65.91393,1
101092,451,-64.7896,1
101102,444,-65.77339,1
101112,439,-66.4761,1
101122,436,-66.89772,1
101132,445,-65.63284,1
101142,448,-65.21122,1
101152,443,-65.91393,1
101162,443,-65.91393,1
101172,452,-64.64905,1
101182,454,-64.36797,1
101192,441,-66.19501,1
101202,449,-65.07069,1
101212,446,-65.4923,1
101222,450,-64.93014,1
101232,450,-64.93014,1
101242,443,-65.91393,1
101252,455,-64.22743,1
101262,447,-65.35176,1
101272,452,-64.64905,1
101282,444,-65.77339,1
101292,454,-64.36797,1
101302,445,-65.63284,1
101312,444,-65.77339,1
101322,450,-64.93014,1
101332,443,-65.91393,1
101342,441,-66.19501,1
101352,439,-66.4761,1
101362,442,-66.05447,1
101372,438,-66.61664,1
101382,446,-65.4923,1
101392,445,-65.63284,1
101402,446,-65.4923,1
101412,447,-65.35176,1
101422,444,-65.77339,1
101432,445,-65.63284,1
101442,445,-65.63284,1
101452,449,-65.07069,1
101462,445,-65.63284,1
101472,443,-65.91393,1
101482,445,-65.63284,1
101492,452,-64.64905,1
101502,434,-67.1788,1
101512,441,-66.19501,1
101522,442,-66.05447,1
101532,446,-65.4923,1
101542,448,-65.21122,1
101552,444,-65.77339,1
101562,445,-65.63284,1
101572,455,-64.22743,1
101582,443,-65.91393,1
101592,449,-65.07069,1
101602,445,-65.63284,1
101612,460,-63.52473,1
101622,446,-65.4923,1
101632,449,-65.07069,1
101642,451,-64.7896,1
101652,457,-63.94635,1
101662,449,-65.07069,1
101672,441,-66.19501,1
101682,446,-65.4923,1
101692,441,-66.19501,1
101702,439,-66.4761,1
101712,452,-64.64905,1
101722,446,-65.4923,1
101732,446,-65.4923,1
101742,443,-65.91393,1
101752,435,-67.03826,1
101762,446,-65.4923,1
101772,450,-64.93014,1
101782,443,-65.91393,1
101792,440,-66.33556,1
101802,444,-65.77339,1
101812,456,-64.08689,1
101822,444,-65.77339,1
101832,447,-65.35176,1
101842,440,-66.33556,1
101852,440,-66.33556,1
101862,451,-64.7896,1
101872,446,-65.4923,1
101882,451,-64.7896,1
101892,451,-64.7896,1
101902,448,-65.21122,1
101912,447,-65.35176,1
101922,447,-65.35176,1
101932,455,-64.22743,1
101942,447,-65.35176,1
101952,442,-66.05447,1
101962,450,-64.93014,1
101972,446,-65.4923,1
101982,446,-65.4923,1
101992,451,-64.7896,1
102002,448,-65.21122,1
102012,446,-65.4923,1
102022,446,-65.4923,1
102032,445,-65.63284,1
102042,450,-64.93014,1
102052,445,-65.63284,1
102062,448,-65.21122,1
102072,447,-65.35176,1
102082,449,-65.07069,1
102092,436,-66.89772,1
102102,449,-65.07069,1
102112,454,-64.36797,1
102122,435,-67.03826,1
102132,443,-65.91393,1
102142,439,-66.4761,1
102152,443,-65.91393,1
102162,444,-65.77339,1
102172,445,-65.63284,1
102182,447,-65.35176,1
102192,445,-65.63284,1
102202,442,-66.05447,1
102212,456,-64.08689,1
102222,451,-64.7896,1
102232,444,-65.77339,1
102242,443,-65.91393,1
102252,450,-64.93014,1
102262,441,-66.19501,1
102272,445,-65.63284,1
102282,445,-65.63284,1
102292,446,-65.4923,1
102302,445,-65.63284,1
102312,447,-65.35176,1
102322,442,-66.05447,1
102332,447,-65.35176,1
102342,449,-65.07069,1
102352,444,-65.77339,1
102362,440,-66.33556,1
102372,444,-65.77339,1
102382,448,-65.21122,1
102392,447,-65.35176,1
102402,445,-65.63284,1
102412,446,-65.4923,1
102422,441,-66.19501,1
102432,440,-66.33556,1
102442,451,-64.7896,1
102452,448,-65.21122,1
102462,453,-64.50851,1
102472,445,-65.63284,1
102482,443,-65.91393,1
102492,445,-65.63284,1
102502,456,-64.08689,1
102512,451,-64.7896,1
102522,446,-65.4923,1
102532,453,-64.50851,1
102542,447,-65.35176,1
102552,448,-65.21122,1
102562,443,-65.91393,1
102572,441,-66.19501,1
102582,450,-64.93014,1
102592,451,-64.7896,1
102602,441,-66.19501,1
102612,444,-65.77339,1
102622,448,-65.21122,1
102632,450,-64.93014,1
102642,437,-66.75717,1
102652,445,-65.63284,1
102662,446,-65.4923,1
102672,438,-66.61664,1
102682,445,-65.63284,1
102692,446,-65.4923,1
102702,440,-66.33556,1
102712,443,-65.91393,1
102722,443,-65.91393,1
102732,443,-65.91393,1
102742,448,-65.21122,1
102752,451,-64.7896,1
102762,445,-65.63284,1
102772,443,-65.91393,1
102782,449,-65.07069,1
102792,449,-65.07069,1
102802,450,-64.93014,1
102812,450,-64.93014,1
102822,446,-65.4923,1
102832,448,-65.21122,1
102842,446,-65.4923,1
102852,447,-65.35176,1
102862,437,-66.75717,1
102872,442,-66.05447,1
102882,453,-64.50851,1
102892,446,-65.4923,1
102902,446,-65.4923,1
102912,449,-65.07069,1
102922,444,-65.77339,1
102932,446,-65.4923,1
102942,450,-64.93014,1
102952,445,-65.63284,1
102962,449,-65.07069,1
102972,443,-65.91393,1
102982,454,-64.36797,1
102992,449,-65.07069,1
103002,449,-65.07069,1
103012,452,-64.64905,1
103022,448,-65.21122,1
103032,447,-65.35176,1
103042,444,-65.77339,1
103052,444,-65.77339,1
103062,452,-64.64905,1
103072,448,-65.21122,1
103082,444,-65.77339,1
103092,444,-65.77339,1
103102,441,-66.19501,1
103112,449,-65.07069,1
103122,443,-65.91393,1
103132,447,-65.35176,1
103142,450,-64.93014,1
103152,438,-66.61664,1
103162,449,-65.07069,1
103172,441,-66.19501,1
103182,450,-64.93014,1
103192,446,-65.4923,1
103202,451,-64.7896,1
103212,447,-65.35176,1
103222,446,-65.4923,1
103232,439,-66.4761,1
103242,449,-65.07069,1
103252,446,-65.4923,1
103262,447,-65.35176,1
103272,448,-65.21122,1
103282,447,-65.35176,1
103292,445,-65.63284,1
103302,454,-64.36797,1
103312,451,-64.7896,1
103322,448,-65.21122,1
103332,444,-65.77339,1
103342,449,-65.07069,1
103352,445,-65.63284,1
103362,447,-65.35176,1
103372,438,-66.61664,1
103382,437,-66.75717,1
103392,449,-65.07069,1
103402,450,-64.93014,1
103412,446,-65.4923,1
103422,442,-66.05447,1
103432,457,-63.94635,1
103442,442,-66.05447,1
103452,450,-64.93014,1
103462,445,-65.63284,1
103472,442,-66.05447,1
103482,450,-64.93014,1
103492,444,-65.77339,1
103502,437,-66.75717,1
103512,441,-66.19501,1
103522,441,-66.19501,1
103532,446,-65.4923,1
103542,446,-65.4923,1
103552,444,-65.77339,1
103562,444,-65.77339,1
103572,447,-65.35176,1
103582,447,-65.35176,1
103592,447,-65.35176,1
103602,443,-65.91393,1
103612,441,-66.19501,1
103622,448,-65.21122,1
103632,446,-65.4923,1
103642,450,-64.93014,1
103652,444,-65.77339,1
103662,451,-64.7896,1
103672,448,-65.21122,1
103682,454,-64.36797,1
103692,447,-65.35176,1
103702,447,-65.35176,1
103712,443,-65.91393,1
103722,439,-66.4761,1
103732,449,-65.07069,1
103742,448,-65.21122,1
103752,440,-66.33556,1
103762,443,-65.91393,1
103772,451,-64.7896,1
103782,443,-65.91393,1
103792,447,-65.35176,1
103802,452,-64.64905,1
103812,448,-65.21122,1
103822,448,-65.21122,1
103832,445,-65.63284,1
103842,446,-65.4923,1
103852,450,-64.93014,1
103862,447,-65.35176,1
103872,448,-65.21122,1
103882,453,-64.50851,1
103892,446,-65.4923,1
103902,451,-64.7896,1
103912,444,-65.77339,1
103922,448,-65.21122,1
103932,441,-66.19501,1
103942,447,-65.35176,1
103952,447,-65.35176,1
103962,444,-65.77339,1
103972,443,-65.91393,1
103982,442,-66.05447,1
103992,452,-64.64905,1
104002,448,-65.21122,1
104012,451,-64.7896,1
104022,447,-65.35176,1
104032,452,-64.64905,1
104042,451,-64.7896,1
104052,445,-65.63284,1
104062,447,-65.35176,1
104072,439,-66.4761,1
104082,445,-65.63284,1
104092,448,-65.21122,1
104102,450,-64.93014,1
104112,440,-66.33556,1
104122,441,-66.19501,1
104132,450,-64.93014,1
104142,438,-66.61664,1
104152,444,-65.77339,1
104162,449,-65.07069,1
104172,450,-64.93014,1
104182,443,-65.91393,1
104192,450,-64.93014,1
104202,450,-64.93014,1
104212,440,-66.33556,1
104222,447,-65.35176,1
104232,457,-63.94635,1
104242,449,-65.07069,1
104252,451,-64.7896,1
104262,441,-66.19501,1
104272,454,-64.36797,1
104282,449,-65.07069,1
104292,447,-65.35176,1
104302,455,-64.22743,1
104312,447,-65.35176,1
104322,445,-65.63284,1
104332,444,-65.77339,1
104342,447,-65.35176,1
104352,445,-65.63284,1
104362,443,-65.91393,1
104372,444,-65.77339,1
104382,444,-65.77339,1
104392,441,-66.19501,1
104402,451,-64.7896,1
104412,450,-64.93014,1
104422,448,-65.21122,1
104432,451,-64.7896,1
104442,446,-65.4923,1
104452,444,-65.77339,1
104462,449,-65.07069,1
104472,447,-65.35176,1
104482,448,-65.21122,1
104492,443,-65.91393,1
104502,448,-65.21122,1
104512,450,-64.93014,1
104522,446,-65.4923,1
104532,450,-64.93014,1
104542,444,-65.77339,1
104552,450,-64.93014,1
104562,450,-64.93014,1
104572,441,-66.19501,1
104582,453,-64.50851,1
104592,447,-65.35176,1
104602,446,-65.4923,1
104612,438,-66.61664,1
104622,446,-65.4923,1
104632,445,-65.63284,1
104642,443,-65.91393,1
104652,447,-65.35176,1
104662,445,-65.63284,1
104672,447,-65.35176,1
104682,445,-65.63284,1
104692,448,-65.21122,1
104702,451,-64.7896,1
104712,446,-65.4923,1
104722,447,-65.35176,1
104732,450,-64.93014,1
104742,447,-65.35176,1
104752,447,-65.35176,1
104762,450,-64.93014,1
104772,449,-65.07069,1
104782,443,-65.91393,1
104792,444,-65.77339,1
104802,443,-65.91393,1
104812,448,-65.21122,1
104822,454,-64.36797,1
104832,446,-65.4923,1
104842,444,-65.77339,1
104852,447,-65.35176,1
104862,447,-65.35176,1
104872,442,-66.05447,1
104882,442,-66.05447,1
104892,450,-64.93014,1
104902,452,-64.64905,1
104912,456,-64.08689,1
104922,448,-65.21122,1
104932,449,-65.07069,1
104942,444,-65.77339,1
104952,442,-66.05447,1
104962,443,-65.91393,1
104972,450,-64.93014,1
104982,445,-65.63284,1
104992,445,-65.63284,1
105002,433,-67.31934,1
105012,442,-66.05447,1
105022,440,-66.33556,1
105032,444,-65.77339,1
105042,450,-64.93014,1
105052,443,-65.91393,1
105062,438,-66.61664,1
105072,448,-65.21122,1
105082,446,-65.4923,1
105092,445,-65.63284,1
105102,438,-66.61664,1
105112,446,-65.4923,1
105122,443,-65.91393,1
105132,438,-66.61664,1
105142,445,-65.63284,1
105152,444,-65.77339,1
105162,444,-65.77339,1
105172,447,-65.35176,1
105182,443,-65.91393,1
105192,444,-65.77339,1
105202,442,-66.05447,1
105212,449,-65.07069,1
105222,442,-66.05447,1
105232,450,-64.93014,1
105242,444,-65.77339,1
105252,445,-65.63284,1
105262,434,-67.1788,1
105272,445,-65.63284,1
105282,444,-65.77339,1
105292,448,-65.21122,1
105302,440,-66.33556,1
105312,440,-66.33556,1
105322,441,-66.19501,1
105332,445,-65.63284,1
105342,435,-67.03826,1
105352,442,-66.05447,1
105362,443,-65.91393,1
105372,445,-65.63284,1
105382,443,-65.91393,1
105392,440,-66.33556,1
105402,450,-64.93014,1
105412,439,-66.4761,1
105422,440,-66.33556,1
105432,445,-65.63284,1
105442,441,-66.19501,1
105452,445,-65.63284,1
105462,444,-65.77339,1
105472,442,-66.05447,1
105482,442,-66.05447,1
105492,444,-65.77339,1
105502,446,-65.4923,1
105512,445,-65.63284,1
105522,451,-64.7896,1
105532,451,-64.7896,1
105542,444,-65.77339,1
105552,454,-64.36797,1
105562,448,-65.21122,1
105572,456,-64.08689,1
105582,443,-65.91393,1
105592,447,-65.35176,1
105602,446,-65.4923,1
105612,459,-63.66527,1
105622,449,-65.07069,1
105632,451,-64.7896,1
105642,446,-65.4923,1
105652,442,-66.05447,1
105662,452,-64.64905,1
105672,443,-65.91393,1
105682,446,-65.4923,1
105692,439,-66.4761,1
105702,445,-65.63284,1
105712,450,-64.93014,1
105722,449,-65.07069,1
105732,453,-64.50851,1
105742,440,-66.33556,1
105752,451,-64.7896,1
105762,452,-64.64905,1
105772,452,-64.64905,1
105782,444,-65.77339,1
105792,444,-65.77339,1
105802,445,-65.63284,1
105812,447,-65.35176,1
105822,450,-64.93014,1
105832,440,-66.33556,1
105842,448,-65.21122,1
105852,453,-64.50851,1
105862,452,-64.64905,1
105872,447,-65.35176,1
105882,450,-64.93014,1
105892,447,-65.35176,1
105902,438,-66.61664,1
105912,444,-65.77339,1
105922,444,-65.77339,1
105932,450,-64.93014,1
105942,446,-65.4923,1
105952,451,-64.7896,1
105962,448,-65.21122,1
105972,451,-64.7896,1
105982,447,-65.35176,1
105992,443,-65.91393,1
106002,444,-65.77339,1
106012,448,-65.21122,1
106022,444,-65.77339,1
106032,443,-65.91393,1
106042,441,-66.19501,1
106052,449,-65.07069,1
106062,449,-65.07069,1
106072,441,-66.19501,1
106082,451,-64.7896,1
106092,450,-64.93014,1
106102,445,-65.63284,1
106112,441,-66.19501,1
106122,439,-66.4761,1
106132,439,-66.4761,1
106142,447,-65.35176,1
106152,447,-65.35176,1
106162,451,-64.7896,1
106172,445,-65.63284,1
106182,449,-65.07069,1
106192,441,-66.19501,1
106202,447,-65.35176,1
106212,443,-65.91393,1
106222,444,-65.77339,1
106232,449,-65.07069,1
106242,438,-66.61664,1
106252,449,-65.07069,1
106262,439,-66.4761,1
106272,454,-64.36797,1
106282,441,-66.19501,1
106292,441,-66.19501,1
106302,452,-64.64905,1
106312,448,-65.21122,1
106322,450,-64.93014,1
106332,441,-66.19501,1
106342,448,-65.21122,1
106352,444,-65.77339,1
106362,450,-64.93014,1
106372,436,-66.89772,1
106382,446,-65.4923,1
106392,445,-65.63284,1
106402,444,-65.77339,1
106412,448,-65.21122,1
106422,443,-65.91393,1
106432,444,-65.77339,1
106442,446,-65.4923,1
106452,447,-65.35176,1
106462,446,-65.4923,1
106472,442,-66.05447,1
106482,447,-65.35176,1
106492,443,-65.91393,1
106502,441,-66.19501,1
106512,448,-65.21122,1
106522,446,-65.4923,1
106532,449,-65.07069,1
106542,437,-66.75717,1
106552,453,-64.50851,1
106562,439,-66.4761,1
106572,443,-65.91393,1
106582,448,-65.21122,1
106592,439,-66.4761,1
106602,451,-64.7896,1
106612,449,-65.07069,1
106622,453,-64.50851,1
106632,451,-64.7896,1
106642,447,-65.35176,1
106652,445,-65.63284,1
106662,451,-64.7896,1
106672,442,-66.05447,1
106682,449,-65.07069,1
106692,444,-65.77339,1
106702,452,-64.64905,1
106712,442,-66.05447,1
106722,444,-65.77339,1
106732,438,-66.61664,1
106742,448,-65.21122,1
106752,446,-65.4923,1
106762,452,-64.64905,1
106772,456,-64.08689,1
106782,452,-64.64905,1
106792,440,-66.33556,1
106802,447,-65.35176,1
106812,447,-65.35176,1
106822,448,-65.21122,1
106832,451,-64.7896,1
106842,445,-65.63284,1
106852,441,-66.19501,1
106862,457,-63.94635,1
106872,446,-65.4923,1
106882,437,-66.75717,1
106892,445,-65.63284,1
106902,443,-65.91393,1
106912,445,-65.63284,1
106922,443,-65.91393,1
106932,440,-66.33556,1
106942,449,-65.07069,1
106952,449,-65.07069,1
106962,445,-65.63284,1
106972,445,-65.63284,1
106982,449,-65.07069,1
106992,443,-65.91393,1
107002,446,-65.4923,1
107012,447,-65.35176,1
107022,452,-64.64905,1
107032,444,-65.77339,1
107042,451,-64.7896,1
107052,449,-65.07069,1
107062,445,-65.63284,1
107072,439,-66.4761,1
107082,446,-65.4923,1
107092,447,-65.35176,1
107102,441,-66.19501,1
107112,446,-65.4923,1
107122,450,-64.93014,1
107132,444,-65.77339,1
107142,439,-66.4761,1
107152,443,-65.91393,1
107162,451,-64.7896,1
107172,448,-65.21122,1
107182,442,-66.05447,1
107192,443,-65.91393,1
107202,446,-65.4923,1
107212,445,-65.63284,1
107222,456,-64.08689,1
107232,443,-65.91393,1
107242,438,-66.61664,1
107252,443,-65.91393,1
107262,440,-66.33556,1
107272,443,-65.91393,1
107282,444,-65.77339,1
107292,441,-66.19501,1
107302,445,-65.63284,1
107312,445,-65.63284,1
107322,445,-65.63284,1
107332,449,-65.07069,1
107342,451,-64.7896,1
107352,440,-66.33556,1
107362,447,-65.35176,1
107372,448,-65.21122,1
107382,452,-64.64905,1
107392,447,-65.35176,1
107402,440,-66.33556,1
107412,446,-65.4923,1
107422,445,-65.63284,1
107432,445,-65.63284,1
107442,436,-66.89772,1
107452,447,-65.35176,1
107462,446,-65.4923,1
107472,447,-65.35176,1
107482,446,-65.4923,1
107492,446,-65.4923,1
107502,454,-64.36797,1
107512,446,-65.4923,1
107522,456,-64.08689,1
107532,448,-65.21122,1
107542,451,-64.7896,1
107552,444,-65.77339,1
107562,447,-65.35176,1
107572,456,-64.08689,1
107582,446,-65.4923,1
107592,452,-64.64905,1
107602,446,-65.4923,1
107612,447,-65.35176,1
107622,447,-65.35176,1
107632,452,-64.64905,1
107642,446,-65.4923,1
107652,446,-65.4923,1
107662,452,-64.64905,1
107672,448,-65.21122,1
107682,440,-66.33556,1
107692,444,-65.77339,1
107702,444,-65.77339,1
107712,451,-64.7896,1
107722,443,-65.91393,1
107732,445,-65.63284,1
107742,445,-65.63284,1
107752,445,-65.63284,1
107762,440,-66.33556,1
107772,451,-64.7896,1
107782,445,-65.63284,1
107792,448,-65.21122,1
107802,450,-64.93014,1
107812,443,-65.91393,1
107822,449,-65.07069,1
107832,439,-66.4761,1
107842,448,-65.21122,1
107852,449,-65.07069,1
107862,448,-65.21122,1
107872,440,-66.33556,1
107882,448,-65.21122,1
107892,445,-65.63284,1
107902,447,-65.35176,1
107912,434,-67.1788,1
107922,453,-64.50851,1
107932,452,-64.64905,1
107942,442,-66.05447,1
107952,446,-65.4923,1
107962,447,-65.35176,1
107972,444,-65.77339,1
107982,455,-64.22743,1
107992,442,-66.05447,1
108002,439,-66.4761,1
108012,446,-65.4923,1
108022,452,-64.64905,1
108032,438,-66.61664,1
108042,447,-65.35176,1
108052,441,-66.19501,1
108062,443,-65.91393,1
108072,439,-66.4761,1
108082,442,-66.05447,1
108092,442,-66.05447,1
108102,440,-66.33556,1
108112,439,-66.4761,1
108122,441,-66.19501,1
108132,443,-65.91393,1
108142,447,-65.35176,1
108152,441,-66.19501,1
108162,443,-65.91393,1
108172,439,-66.4761,1
108182,443,-65.91393,1
108192,445,-65.63284,1
108202,444,-65.77339,1
108212,440,-66.33556,1
108222,449,-65.07069,1
108232,435,-67.03826,1
108242,445,-65.63284,1
108252,444,-65.77339,1
108262,443,-65.91393,1
108272,445,-65.63284,1
108282,447,-65.35176,1
108292,441,-66.19501,1
108302,441,-66.19501,1
108312,442,-66.05447,1
108322,452,-64.64905,1
108332,448,-65.21122,1
108342,454,-64.36797,1
108352,447,-65.35176,1
108362,445,-65.63284,1
108372,445,-65.63284,1
108382,446,-65.4923,1
108392,439,-66.4761,1
108402,447,-65.35176,1
108412,449,-65.07069,1
108422,446,-65.4923,1
108432,445,-65.63284,1
108442,446,-65.4923,1
108452,446,-65.4923,1
108462,444,-65.77339,1
108472,440,-66.33556,1
108482,451,-64.7896,1
108492,449,-65.07069,1
108502,446,-65.4923,1
108512,443,-65.91393,1
108522,449,-65.07069,1
108532,447,-65.35176,1
108542,446,-65.4923,1
108552,444,-65.77339,1
108562,450,-64.93014,1
108572,446,-65.4923,1
108582,451,-64.7896,1
108592,446,-65.4923,1
108602,441,-66.19501,1
108612,440,-66.33556,1
108622,442,-66.05447,1
108632,443,-65.91393,1
108642,449,-65.07069,1
108652,448,-65.21122,1
108662,438,-66.61664,1
108672,449,-65.07069,1
108682,449,-65.07069,1
108692,445,-65.63284,1
108702,449,-65.07069,1
108712,446,-65.4923,1
108722,441,-66.19501,1
108732,453,-64.50851,1
108742,445,-65.63284,1
108752,445,-65.63284,1
108762,440,-66.33556,1
108772,439,-66.4761,1
108782,448,-65.21122,1
108792,452,-64.64905,1
108802,449,-65.07069,1
108812,451,-64.7896,1
108822,448,-65.21122,1
108832,450,-64.93014,1
108842,454,-64.36797,1
108852,448,-65.21122,1
108862,447,-65.35176,1
108872,446,-65.4923,1
108882,448,-65.21122,1
108892,445,-65.63284,1
108902,451,-64.7896,1
108912,449,-65.07069,1
108922,445,-65.63284,1
108932,443,-65.91393,1
108942,438,-66.61664,1
108952,446,-65.4923,1
108962,444,-65.77339,1
108972,444,-65.77339,1
108982,442,-66.05447,1
108992,451,-64.7896,1
109002,449,-65.07069,1
109012,451,-64.7896,1
109022,440,-66.33556,1
109032,449,-65.07069,1
109042,455,-64.22743,1
109052,448,-65.21122,1
109062,445,-65.63284,1
109072,448,-65.21122,1
109082,452,-64.64905,1
109092,454,-64.36797,1
109102,443,-65.91393,1
109112,451,-64.7896,1
109122,442,-66.05447,1
109132,447,-65.35176,1
109142,444,-65.77339,1
109152,438,-66.61664,1
109162,450,-64.93014,1
109172,451,-64.7896,1
109182,450,-64.93014,1
109192,446,-65.4923,1
109202,450,-64.93014,1
109212,442,-66.05447,1
109222,446,-65.4923,1
109232,451,-64.7896,1
109242,448,-65.21122,1
109252,447,-65.35176,1
109262,445,-65.63284,1
109272,447,-65.35176,1
109282,444,-65.77339,1
109292,449,-65.07069,1
109302,450,-64.93014,1
109312,444,-65.77339,1
109322,443,-65.91393,1
109332,442,-66.05447,1
109342,451,-64.7896,1
109352,448,-65.21122,1
109362,442,-66.05447,1
109372,445,-65.63284,1
109382,443,-65.91393,1
109392,447,-65.35176,1
109402,445,-65.63284,1
109412,442,-66.05447,1
109422,454,-64.36797,1
109432,450,-64.93014,1
109442,443,-65.91393,1
109452,444,-65.77339,1
109462,442,-66.05447,1
109472,454,-64.36797,1
109482,439,-66.4761,1
109492,446,-65.4923,1
109502,443,-65.91393,1
109512,450,-64.93014,1
109522,447,-65.35176,1
109532,447,-65.35176,1
109542,448,-65.21122,1
109552,450,-64.93014,1
109562,443,-65.91393,1
109572,448,-65.21122,1
109582,445,-65.63284,1
109592,447,-65.35176,1
109602,447,-65.35176,1
109612,446,-65.4923,1
109622,443,-65.91393,1
109632,447,-65.35176,1
109642,445,-65.63284,1
109652,446,-65.4923,1
109662,449,-65.07069,1
109672,444,-65.77339,1
109682,449,-65.07069,1
109692,455,-64.22743,1
109702,446,-65.4923,1
109712,447,-65.35176,1
109722,454,-64.36797,1
109732,458,-63.80581,1
109742,448,-65.21122,1
109752,454,-64.36797,1
109762,443,-65.91393,1
109772,450,-64.93014,1
109782,445,-65.63284,1
109792,437,-66.75717,1
109802,450,-64.93014,1
109812,444,-65.77339,1
109822,438,-66.61664,1
109832,447,-65.35176,1
109842,451,-64.7896,1
109852,441,-66.19501,1
109862,455,-64.22743,1
109872,446,-65.4923,1
109882,451,-64.7896,1
109892,450,-64.93014,1
109902,448,-65.21122,1
109912,445,-65.63284,1
109922,448,-65.21122,1
109932,441,-66.19501,1
109942,448,-65.21122,1
109952,448,-65.21122,1
109962,444,-65.77339,1
109972,440,-66.33556,1
109982,449,-65.07069,1
109992,448,-65.21122,1
110002,450,-64.93014,1
110012,441,-66.19501,1
110022,438,-66.61664,1
110032,442,-66.05447,1
110042,446,-65.4923,1
110052,441,-66.19501,1
110062,451,-64.7896,1
110072,442,-66.05447,1
110082,444,-65.77339,1
110092,450,-64.93014,1
110102,443,-65.91393,1
110112,445,-65.63284,1
110122,442,-66.05447,1
110132,448,-65.21122,1
110142,449,-65.07069,1
110152,443,-65.91393,1
110162,441,-66.19501,1
110172,442,-66.05447,1
110182,444,-65.77339,1
110192,444,-65.77339,1
110202,446,-65.4923,1
110212,445,-65.63284,1
110222,446,-65.4923,1
110232,457,-63.94635,1
110242,448,-65.21122,1
110252,451,-64.7896,1
110262,440,-66.33556,1
110272,445,-65.63284,1
110282,451,-64.7896,1
110292,452,-64.64905,1
110302,448,-65.21122,1
110312,446,-65.4923,1
110322,448,-65.21122,1
110332,449,-65.07069,1
110342,440,-66.33556,1
110352,440,-66.33556,1
110362,450,-64.93014,1
110372,447,-65.35176,1
110382,442,-66.05447,1
110392,446,-65.4923,1
110402,444,-65.77339,1
110412,448,-65.21122,1
110422,445,-65.63284,1
110432,447,-65.35176,1
110442,452,-64.64905,1
110452,458,-63.80581,1
110462,440,-66.33556,1
110472,450,-64.93014,1
110482,448,-65.21122,1
110492,440,-66.33556,1
110502,447,-65.35176,1
110512,445,-65.63284,1
110522,447,-65.35176,1
110532,442,-66.05447,1
110542,448,-65.21122,1
110552,447,-65.35176,1
110562,446,-65.4923,1
110572,443,-65.91393,1
110582,444,-65.77339,1
110592,446,-65.4923,1
110602,447,-65.35176,1
110612,448,-65.21122,1
110622,450,-64.93014,1
110632,450,-64.93014,1
110642,437,-66.75717,1
110652,442,-66.05447,1
110662,438,-66.61664,1
110672,453,-64.50851,1
110682,447,-65.35176,1
110692,445,-65.63284,1
110702,444,-65.77339,1
110712,443,-65.91393,1
110722,445,-65.63284,1
110732,443,-65.91393,1
110742,444,-65.77339,1
110752,446,-65.4923,1
110762,442,-66.05447,1
110772,445,-65.63284,1
110782,444,-65.77339,1
110792,448,-65.21122,1
110802,445,-65.63284,1
110812,442,-66.05447,1
110822,442,-66.05447,1
110832,449,-65.07069,1
110842,458,-63.80581,1
110852,448,-65.21122,1
110862,448,-65.21122,1
110872,447,-65.35176,1
110882,452,-64.64905,1
110892,445,-65.63284,1
110902,444,-65.77339,1
110912,446,-65.4923,1
110922,449,-65.07069,1
110932,445,-65.63284,1
110942,445,-65.63284,1
110952,445,-65.63284,1
110962,446,-65.4923,1
110972,450,-64.93014,1
110982,442,-66.05447,1
110992,449,-65.07069,1
111002,436,-66.89772,1
111012,444,-65.77339,1
111022,451,-64.7896,1
111032,447,-65.35176,1
111042,441,-66.19501,1
111052,448,-65.21122,1
111062,443,-65.91393,1
111072,445,-65.63284,1
111082,441,-66.19501,1
111092,440,-66.33556,1
111102,449,-65.07069,1
111112,444,-65.77339,1
111122,443,-65.91393,1
111132,440,-66.33556,1
111142,449,-65.07069,1
111152,449,-65.07069,1
111162,448,-65.21122,1
111172,448,-65.21122,1
111182,452,-64.64905,1
111192,445,-65.63284,1
111202,443,-65.91393,1
111212,446,-65.4923,1
111222,450,-64.93014,1
111232,449,-65.07069,1
111242,448,-65.21122,1
111252,452,-64.64905,1
111262,447,-65.35176,1
111272,444,-65.77339,1
111282,437,-66.75717,1
111292,448,-65.21122,1
111302,444,-65.77339,1
111312,442,-66.05447,1
111322,446,-65.4923,1
111332,449,-65.07069,1
111342,445,-65.63284,1
111352,450,-64.93014,1
111362,437,-66.75717,1
111372,446,-65.4923,1
111382,452,-64.64905,1
111392,451,-64.7896,1
111402,447,-65.35176,1
111412,438,-66.61664,1
111422,446,-65.4923,1
111432,444,-65.77339,1
111442,445,-65.63284,1
111452,446,-65.4923,1
111462,446,-65.4923,1
111472,441,-66.19501,1
111482,446,-65.4923,1
111492,442,-66.05447,1
111502,439,-66.4761,1
111512,443,-65.91393,1
111522,444,-65.77339,1
111532,443,-65.91393,1
111542,454,-64.36797,1
111552,448,-65.21122,1
111562,441,-66.19501,1
111572,445,-65.63284,1
111582,451,-64.7896,1
111592,450,-64.93014,1
111602,447,-65.35176,1
111612,453,-64.50851,1
111622,444,-65.77339,1
111632,447,-65.35176,1
111642,448,-65.21122,1
111652,452,-64.64905,1
111662,449,-65.07069,1
111672,443,-65.91393,1
111682,442,-66.05447,1
111692,443,-65.91393,1
111702,440,-66.33556,1
111712,442,-66.05447,1
111722,442,-66.05447,1
111732,444,-65.77339,1
111742,443,-65.91393,1
111752,442,-66.05447,1
111762,438,-66.61664,1
111772,445,-65.63284,1
111782,442,-66.05447,1
111792,437,-66.75717,1
111802,442,-66.05447,1
111812,441,-66.19501,1
111822,441,-66.19501,1
111832,446,-65.4923,1
111842,446,-65.4923,1
111852,445,-65.63284,1
111862,446,-65.4923,1
111872,444,-65.77339,1
111882,439,-66.4761,1
111892,440,-66.33556,1
111902,448,-65.21122,1
111912,443,-65.91393,1
111922,443,-65.91393,1
111932,450,-64.93014,1
111942,446,-65.4923,1
111952,446,-65.4923,1
111962,441,-66.19501,1
111972,445,-65.63284,1
111982,445,-65.63284,1
111992,441,-66.19501,1
112002,440,-66.33556,1
112012,448,-65.21122,1
112022,446,-65.4923,1
112032,445,-65.63284,1
112042,446,-65.4923,1
112052,444,-65.77339,1
112062,442,-66.05447,1
112072,446,-65.4923,1
112082,448,-65.21122,1
112092,451,-64.7896,1
112102,446,-65.4923,1
112112,438,-66.61664,1
112122,447,-65.35176,1
112132,445,-65.63284,1
112142,446,-65.4923,1
112152,447,-65.35176,1
112162,444,-65.77339,1
112172,450,-64.93014,1
112182,450,-64.93014,1
112192,451,-64.7896,1
112202,447,-65.35176,1
112212,450,-64.93014,1
112222,443,-65.91393,1
112232,449,-65.07069,1
112242,449,-65.07069,1
112252,444,-65.77339,1
112262,443,-65.91393,1
112272,443,-65.91393,1
112282,447,-65.35176,1
112292,446,-65.4923,1
112302,437,-66.75717,1
112312,451,-64.7896,1
112322,445,-65.63284,1
112332,447,-65.35176,1
112342,438,-66.61664,1
112352,441,-66.19501,1
112362,448,-65.21122,1
112372,443,-65.91393,1
112382,444,-65.77339,1
112392,442,-66.05447,1
112402,436,-66.89772,1
112412,439,-66.4761,1
112422,446,-65.4923,1
112432,446,-65.4923,1
112442,445,-65.63284,1
112452,451,-64.7896,1
112462,440,-66.33556,1
112472,446,-65.4923,1
112482,446,-65.4923,1
112492,446,-65.4923,1
112502,445,-65.63284,1
112512,446,-65.4923,1
112522,447,-65.35176,1
112532,447,-65.35176,1
112542,447,-65.35176,1
112552,445,-65.63284,1
112562,443,-65.91393,1
112572,447,-65.35176,1
112582,445,-65.63284,1
112592,452,-64.64905,1
112602,443,-65.91393,1
112612,442,-66.05447,1
112622,451,-64.7896,1
112632,453,-64.50851,1
112642,438,-66.61664,1
112652,448,-65.21122,1
112662,439,-66.4761,1
112672,449,-65.07069,1
112682,441,-66.19501,1
112692,445,-65.63284,1
112702,449,-65.07069,1
112712,445,-65.63284,1
112722,442,-66.05447,1
112732,448,-65.21122,1
112742,451,-64.7896,1
112752,454,-64.36797,1
112762,448,-65.21122,1
112772,442,-66.05447,1
112782,443,-65.91393,1
112792,450,-64.93014,1
112802,454,-64.36797,1
112812,448,-65.21122,1
112822,442,-66.05447,1
112832,451,-64.7896,1
112842,456,-64.08689,1
112852,442,-66.05447,1
112862,445,-65.63284,1
112872,445,-65.63284,1
112882,450,-64.93014,1
112892,448,-65.21122,1
112902,450,-64.93014,1
112912,437,-66.75717,1
112922,449,-65.07069,1
112932,449,-65.07069,1
112942,450,-64.93014,1
112952,452,-64.64905,1
112962,447,-65.35176,1
112972,445,-65.63284,1
112982,453,-64.50851,1
112992,445,-65.63284,1
113002,449,-65.07069,1
113012,450,-64.93014,1
113022,444,-65.77339,1
113032,444,-65.77339,1
113042,439,-66.4761,1
113052,451,-64.7896,1
113062,450,-64.93014,1
113072,450,-64.93014,1
113082,448,-65.21122,1
113092,454,-64.36797,1
113102,437,-66.75717,1
113112,444,-65.77339,1
113122,444,-65.77339,1
113132,444,-65.77339,1
113142,447,-65.35176,1
113152,446,-65.4923,1
113162,441,-66.19501,1
113172,448,-65.21122,1
113182,448,-65.21122,1
113192,444,-65.77339,1
113202,452,-64.64905,1
113212,451,-64.7896,1
113222,448,-65.21122,1
113232,446,-65.4923,1
113242,449,-65.07069,1
113252,444,-65.77339,1
113262,446,-65.4923,1
113272,448,-65.21122,1
113282,450,-64.93014,1
113292,449,-65.07069,1
113302,450,-64.93014,1
113312,446,-65.4923,1
113322,451,-64.7896,1
113332,444,-65.77339,1
113342,451,-64.7896,1
113352,451,-64.7896,1
113362,445,-65.63284,1
113372,444,-65.77339,1
113382,451,-64.7896,1
113392,448,-65.21122,1
113402,443,-65.91393,1
113412,443,-65.91393,1
113422,445,-65.63284,1
113432,444,-65.77339,1
113442,451,-64.7896,1
113452,445,-65.63284,1
113462,438,-66.61664,1
113472,454,-64.36797,1
113482,452,-64.64905,1
113492,450,-64.93014,1
113502,438,-66.61664,1
113512,453,-64.50851,1
113522,447,-65.35176,1
113532,448,-65.21122,1
113542,444,-65.77339,1
113552,449,-65.07069,1
113562,448,-65.21122,1
113572,451,-64.7896,1
113582,448,-65.21122,1
113592,453,-64.50851,1
113602,440,-66.33556,1
113612,449,-65.07069,1
113622,443,-65.91393,1
113632,448,-65.21122,1
113642,449,-65.07069,1
113652,445,-65.63284,1
113662,449,-65.07069,1
113672,445,-65.63284,1
113682,442,-66.05447,1
113692,443,-65.91393,1
113702,448,-65.21122,1
113712,450,-64.93014,1
113722,447,-65.35176,1
113732,443,-65.91393,1
113742,447,-65.35176,1
113752,441,-66.19501,1
113762,447,-65.35176,1
113772,449,-65.07069,1
113782,451,-64.7896,1
113792,445,-65.63284,1
113802,448,-65.21122,1
113812,447,-65.35176,1
113822,448,-65.21122,1
113832,443,-65.91393,1
113842,437,-66.75717,1
113852,444,-65.77339,1
113862,452,-64.64905,1
113872,443,-65.91393,1
113882,440,-66.33556,1
113892,451,-64.7896,1
113902,449,-65.07069,1
113912,446,-65.4923,1
113922,450,-64.93014,1
113932,452,-64.64905,1
113942,445,-65.63284,1
113952,454,-64.36797,1
113962,447,-65.35176,1
113972,446,-65.4923,1
113982,445,-65.63284,1
113992,442,-66.05447,1
114002,443,-65.91393,1
114012,446,-65.4923,1
114022,443,-65.91393,1
114032,442,-66.05447,1
114042,444,-65.77339,1
114052,448,-65.21122,1
114062,440,-66.33556,1
114072,446,-65.4923,1
114082,440,-66.33556,1
114092,442,-66.05447,1
114102,443,-65.91393,1
114112,447,-65.35176,1
114122,445,-65.63284,1
114132,441,-66.19501,1
114142,453,-64.50851,1
114152,454,-64.36797,1
114162,444,-65.77339,1
114172,442,-66.05447,1
114182,448,-65.21122,1
114192,450,-64.93014,1
114202,450,-64.93014,1
114212,440,-66.33556,1
114222,441,-66.19501,1
114232,440,-66.33556,1
114242,452,-64.64905,1
114252,448,-65.21122,1
114262,444,-65.77339,1
114272,445,-65.63284,1
114282,453,-64.50851,1
114292,440,-66.33556,1
114302,440,-66.33556,1
114312,451,-64.7896,1
114322,445,-65.63284,1
114332,444,-65.77339,1
114342,447,-65.35176,1
114352,447,-65.35176,1
114362,456,-64.08689,1
114372,450,-64.93014,1
114382,444,-65.77339,1
114392,443,-65.91393,1
114402,451,-64.7896,1
114412,450,-64.93014,1
114422,446,-65.4923,1
114432,442,-66.05447,1
114442,443,-65.91393,1
114452,456,-64.08689,1
114462,447,-65.35176,1
114472,454,-64.36797,1
114482,444,-65.77339,1
114492,450,-64.93014,1
114502,449,-65.07069,1
114512,443,-65.91393,1
114522,444,-65.77339,1
114532,448,-65.21122,1
114542,450,-64.93014,1
114552,448,-65.21122,1
114562,441,-66.19501,1
114572,446,-65.4923,1
114582,448,-65.21122,1
114592,457,-63.94635,1
114602,439,-66.4761,1
114612,442,-66.05447,1
114622,450,-64.93014,1
114632,449,-65.07069,1
114642,437,-66.75717,1
114652,446,-65.4923,1
114662,437,-66.75717,1
114672,443,-65.91393,1
114682,439,-66.4761,1
114692,442,-66.05447,1
114702,445,-65.63284,1
114712,450,-64.93014,1
114722,444,-65.77339,1
114732,452,-64.64905,1
114742,441,-66.19501,1
114752,449,-65.07069,1
114762,447,-65.35176,1
114772,442,-66.05447,1
114782,439,-66.4761,1
114792,454,-64.36797,1
114802,451,-64.7896,1
114812,446,-65.4923,1
114822,448,-65.21122,1
114832,440,-66.33556,1
114842,449,-65.07069,1
114852,449,-65.07069,1
114862,448,-65.21122,1
114872,446,-65.4923,1
114882,447,-65.35176,1
114892,443,-65.91393,1
114902,444,-65.77339,1
114912,446,-65.4923,1
114922,451,-64.7896,1
114932,442,-66.05447,1
114942,442,-66.05447,1
114952,450,-64.93014,1
114962,444,-65.77339,1
114972,447,-65.35176,1
114982,439,-66.4761,1
114992,442,-66.05447,1
115002,448,-65.21122,1
115012,453,-64.50851,1
115022,439,-66.4761,1
115032,438,-66.61664,1
115042,445,-65.63284,1
115052,449,-65.07069,1
115062,444,-65.77339,1
115072,445,-65.63284,1
115082,446,-65.4923,1
115092,449,-65.07069,1
115102,445,-65.63284,1
115112,440,-66.33556,1
115122,453,-64.50851,1
115132,444,-65.77339,1
115142,452,-64.64905,1
115152,450,-64.93014,1
115162,446,-65.4923,1
115172,445,-65.63284,1
115182,449,-65.07069,1
115192,443,-65.91393,1
115202,447,-65.35176,1
115212,442,-66.05447,1
115222,445,-65.63284,1
115232,439,-66.4761,1
115242,440,-66.33556,1
115252,445,-65.63284,1
115262,455,-64.22743,1
115272,456,-64.08689,1
115282,442,-66.05447,1
115292,448,-65.21122,1
115302,445,-65.63284,1
115312,448,-65.21122,1
115322,445,-65.63284,1
115332,442,-66.05447,1
115342,447,-65.35176,1
115352,455,-64.22743,1
115362,448,-65.21122,1
115372,445,-65.63284,1
115382,443,-65.91393,1
115392,444,-65.77339,1
115402,450,-64.93014,1
115412,444,-65.77339,1
115422,452,-64.64905,1
115432,441,-66.19501,1
115442,451,-64.7896,1
115452,450,-64.93014,1
115462,451,-64.7896,1
115472,444,-65.77339,1
115482,447,-65.35176,1
115492,446,-65.4923,1
115502,450,-64.93014,1
115512,450,-64.93014,1
115522,443,-65.91393,1
115532,445,-65.63284,1
115542,446,-65.4923,1
115552,448,-65.21122,1
115562,449,-65.07069,1
115572,443,-65.91393,1
115582,447,-65.35176,1
115592,446,-65.4923,1
115602,456,-64.08689,1
115612,444,-65.77339,1
115622,446,-65.4923,1
115632,452,-64.64905,1
115642,446,-65.4923,1
115652,442,-66.05447,1
115662,443,-65.91393,1
115672,440,-66.33556,1
115682,443,-65.91393,1
115692,444,-65.77339,1
115702,447,-65.35176,1
115712,444,-65.77339,1
115722,447,-65.35176,1
115732,444,-65.77339,1
115742,442,-66.05447,1
115752,447,-65.35176,1
115762,444,-65.77339,1
115772,453,-64.50851,1
115782,445,-65.63284,1
115792,447,-65.35176,1
115802,445,-65.63284,1
115812,454,-64.36797,1
115822,454,-64.36797,1
115832,439,-66.4761,1
115842,456,-64.08689,1
115852,447,-65.35176,1
115862,439,-66.4761,1
115872,445,-65.63284,1
115882,447,-65.35176,1
115892,445,-65.63284,1
115902,449,-65.07069,1
115912,444,-65.77339,1
115922,449,-65.07069,1
115932,442,-66.05447,1
115942,442,-66.05447,1
115952,440,-66.33556,1
115962,442,-66.05447,1
115972,451,-64.7896,1
115982,451,-64.7896,1
115992,452,-64.64905,1
116002,446,-65.4923,1
116012,447,-65.35176,1
116022,449,-65.07069,1
116032,446,-65.4923,1
116042,443,-65.91393,1
116052,450,-64.93014,1
116062,448,-65.21122,1
116072,445,-65.63284,1
116082,441,-66.19501,1
116092,443,-65.91393,1
116102,443,-65.91393,1
116112,442,-66.05447,1
116122,445,-65.63284,1
116132,444,-65.77339,1
116142,443,-65.91393,1
116152,455,-64.22743,1
116162,449,-65.07069,1
116172,442,-66.05447,1
116182,445,-65.63284,1
116192,450,-64.93014,1
116202,453,-64.50851,1
116212,450,-64.93014,1
116222,445,-65.63284,1
116232,442,-66.05447,1
116242,452,-64.64905,1
116252,441,-66.19501,1
116262,447,-65.35176,1
116272,452,-64.64905,1
116282,446,-65.4923,1
116292,444,-65.77339,1
116302,447,-65.35176,1
116312,437,-66.75717,1
116322,443,-65.91393,1
116332,448,-65.21122,1
116342,444,-65.77339,1
116352,448,-65.21122,1
116362,456,-64.08689,1
116372,443,-65.91393,1
116382,445,-65.63284,1
116392,443,-65.91393,1
116402,442,-66.05447,1
116412,441,-66.19501,1
116422,448,-65.21122,1
116432,443,-65.91393,1
116442,446,-65.4923,1
116452,447,-65.35176,1
116462,447,-65.35176,1
116472,443,-65.91393,1
116482,451,-64.7896,1
116492,449,-65.07069,1
116502,445,-65.63284,1
116512,437,-66.75717,1
116522,447,-65.35176,1
116532,442,-66.05447,1
116542,447,-65.35176,1
116552,447,-65.35176,1
116562,441,-66.19501,1
116572,446,-65.4923,1
116582,454,-64.36797,1
116592,451,-64.7896,1
116602,447,-65.35176,1
116612,447,-65.35176,1
116622,445,-65.63284,1
116632,450,-64.93014,1
116642,449,-65.07069,1
116652,454,-64.36797,1
116662,447,-65.35176,1
116672,455,-64.22743,1
116682,451,-64.7896,1
116692,442,-66.05447,1
116702,435,-67.03826,1
116712,444,-65.77339,1
116722,447,-65.35176,1
116732,444,-65.77339,1
116742,443,-65.91393,1
116752,450,-64.93014,1
116762,446,-65.4923,1
116772,441,-66.19501,1
116782,451,-64.7896,1
116792,446,-65.4923,1
116802,449,-65.07069,1
116812,443,-65.91393,1
116822,443,-65.91393,1
116832,454,-64.36797,1
116842,445,-65.63284,1
116852,445,-65.63284,1
116862,447,-65.35176,1
116872,446,-65.4923,1
116882,453,-64.50851,1
116892,451,-64.7896,1
116902,446,-65.4923,1
116912,438,-66.61664,1
116922,451,-64.7896,1
116932,445,-65.63284,1
116942,446,-65.4923,1
116952,449,-65.07069,1
116962,447,-65.35176,1
116972,450,-64.93014,1
116982,450,-64.93014,1
116992,446,-65.4923,1
117002,444,-65.77339,1
117012,448,-65.21122,1
117022,452,-64.64905,1
117032,452,-64.64905,1
117042,451,-64.7896,1
117052,449,-65.07069,1
117062,451,-64.7896,1
117072,443,-65.91393,1
117082,449,-65.07069,1
117092,448,-65.21122,1
117102,442,-66.05447,1
117112,451,-64.7896,1
117122,440,-66.33556,1
117132,449,-65.07069,1
117142,448,-65.21122,1
117152,449,-65.07069,1
117162,443,-65.91393,1
117172,451,-64.7896,1
117182,449,-65.07069,1
117192,445,-65.63284,1
117202,447,-65.35176,1
117212,448,-65.21122,1
117222,450,-64.93014,1
117232,447,-65.35176,1
117242,446,-65.4923,1
117252,438,-66.61664,1
117262,444,-65.77339,1
117272,454,-64.36797,1
117282,441,-66.19501,1
117292,453,-64.50851,1
117302,446,-65.4923,1
117312,453,-64.50851,1
117322,445,-65.63284,1
117332,444,-65.77339,1
117342,449,-65.07069,1
117352,445,-65.63284,1
117362,446,-65.4923,1
117372,444,-65.77339,1
117382,451,-64.7896,1
117392,451,-64.7896,1
117402,443,-65.91393,1
117412,445,-65.63284,1
117422,446,-65.4923,1
117432,450,-64.93014,1
117442,451,-64.7896,1
117452,451,-64.7896,1
117462,439,-66.4761,1
117472,439,-66.4761,1
117482,441,-66.19501,1
117492,446,-65.4923,1
117502,445,-65.63284,1
117512,447,-65.35176,1
117522,443,-65.91393,1
117532,445,-65.63284,1
117542,450,-64.93014,1
117552,445,-65.63284,1
117562,441,-66.19501,1
117572,447,-65.35176,1
117582,443,-65.91393,1
117592,454,-64.36797,1
117602,446,-65.4923,1
117612,452,-64.64905,1
117622,449,-65.07069,1
117632,440,-66.33556,1
117642,444,-65.77339,1
117652,451,-64.7896,1
117662,447,-65.35176,1
117672,449,-65.07069,1
117682,445,-65.63284,1
117692,446,-65.4923,1
117702,442,-66.05447,1
117712,448,-65.21122,1
117722,444,-65.77339,1
117732,446,-65.4923,1
117742,447,-65.35176,1
117752,446,-65.4923,1
117762,445,-65.63284,1
117772,441,-66.19501,1
117782,447,-65.35176,1
117792,439,-66.4761,1
117802,445,-65.63284,1
117812,451,-64.7896,1
117822,455,-64.22743,1
117832,441,-66.19501,1
117842,447,-65.35176,1
117852,442,-66.05447,1
117862,444,-65.77339,1
117872,454,-64.36797,1
117882,448,-65.21122,1
117892,448,-65.21122,1
117902,457,-63.94635,1
117912,448,-65.21122,1
117922,447,-65.35176,1
117932,446,-65.4923,1
117942,443,-65.91393,1
117952,452,-64.64905,1
117962,449,-65.07069,1
117972,455,-64.22743,1
117982,450,-64.93014,1
117992,455,-64.22743,1
118002,443,-65.91393,1
118012,444,-65.77339,1
118022,448,-65.21122,1
118032,442,-66.05447,1
118042,447,-65.35176,1
118052,445,-65.63284,1
118062,456,-64.08689,1
118072,445,-65.63284,1
118082,447,-65.35176,1
118092,447,-65.35176,1
118102,446,-65.4923,1
118112,438,-66.61664,1
118122,444,-65.77339,1
118132,446,-65.4923,1
118142,445,-65.63284,1
118152,440,-66.33556,1
118162,443,-65.91393,1
118172,444,-65.77339,1
118182,441,-66.19501,1
118192,449,-65.07069,1
118202,450,-64.93014,1
118212,445,-65.63284,1
118222,447,-65.35176,1
118232,443,-65.91393,1
118242,444,-65.77339,1
118252,446,-65.4923,1
118262,447,-65.35176,1
118272,442,-66.05447,1
118282,447,-65.35176,1
118292,446,-65.4923,1
118302,441,-66.19501,1
118312,448,-65.21122,1
118322,445,-65.63284,1
118332,451,-64.7896,1
118342,444,-65.77339,1
118352,446,-65.4923,1
118362,446,-65.4923,1
118372,443,-65.91393,1
118382,449,-65.07069,1
118392,441,-66.19501,1
118402,447,-65.35176,1
118412,448,-65.21122,1
118422,444,-65.77339,1
118432,450,-64.93014,1
118442,446,-65.4923,1
118452,452,-64.64905,1
118462,454,-64.36797,1
118472,447,-65.35176,1
118482,448,-65.21122,1
118492,456,-64.08689,1
118502,444,-65.77339,1
118512,446,-65.4923,1
118522,447,-65.35176,1
118532,443,-65.91393,1
118542,436,-66.89772,1
118552,446,-65.4923,1
118562,446,-65.4923,1
118572,445,-65.63284,1
118582,444,-65.77339,1
118592,444,-65.77339,1
118602,445,-65.63284,1
118612,447,-65.35176,1
118622,447,-65.35176,1
118632,444,-65.77339,1
118642,441,-66.19501,1
118652,452,-64.64905,1
118662,447,-65.35176,1
118672,451,-64.7896,1
118682,451,-64.7896,1
118692,448,-65.21122,1
118702,434,-67.1788,1
118712,447,-65.35176,1
118722,451,-64.7896,1
118732,448,-65.21122,1
118742,446,-65.4923,1
118752,439,-66.4761,1
118762,440,-66.33556,1
118772,449,-65.07069,1
118782,443,-65.91393,1
118792,453,-64.50851,1
118802,442,-66.05447,1
118812,448,-65.21122,1
118822,447,-65.35176,1
118832,438,-66.61664,1
118842,443,-65.91393,1
118852,444,-65.77339,1
118862,449,-65.07069,1
118872,446,-65.4923,1
118882,441,-66.19501,1
118892,451,-64.7896,1
118902,444,-65.77339,1
118912,447,-65.35176,1
118922,447,-65.35176,1
118932,449,-65.07069,1
118942,444,-65.77339,1
118952,448,-65.21122,1
118962,450,-64.93014,1
118972,450,-64.93014,1
118982,448,-65.21122,1
118992,439,-66.4761,1
119002,444,-65.77339,1
119012,451,-64.7896,1
119022,454,-64.36797,1
119032,444,-65.77339,1
119042,458,-63.80581,1
119052,442,-66.05447,1
119062,448,-65.21122,1
119072,446,-65.4923,1
119082,446,-65.4923,1
119092,450,-64.93014,1
119102,442,-66.05447,1
119112,442,-66.05447,1
119122,446,-65.4923,1
119132,445,-65.63284,1
119142,447,-65.35176,1
119152,440,-66.33556,1
119162,449,-65.07069,1
119172,447,-65.35176,1
119182,448,-65.21122,1
119192,444,-65.77339,1
119202,442,-66.05447,1
119212,445,-65.63284,1
119222,447,-65.35176,1
119232,449,-65.07069,1
119242,450,-64.93014,1
119252,440,-66.33556,1
119262,450,-64.93014,1
119272,451,-64.7896,1
119282,445,-65.63284,1
119292,449,-65.07069,1
119302,444,-65.77339,1
119312,452,-64.64905,1
119322,442,-66.05447,1
119332,458,-63.80581,1
119342,444,-65.77339,1
119352,444,-65.77339,1
119362,456,-64.08689,1
119372,444,-65.77339,1
119382,440,-66.33556,1
119392,446,-65.4923,1
119402,446,-65.4923,1
119412,443,-65.91393,1
119422,444,-65.77339,1
119432,447,-65.35176,1
119442,445,-65.63284,1
119452,441,-66.19501,1
119462,448,-65.21122,1
119472,442,-66.05447,1
119482,454,-64.36797,1
119492,440,-66.33556,1
119502,443,-65.91393,1
119512,441,-66.19501,1
119522,446,-65.4923,1
119532,448,-65.21122,1
119542,441,-66.19501,1
119552,444,-65.77339,1
119562,452,-64.64905,1
119572,451,-64.7896,1
119582,448,-65.21122,1
119592,449,-65.07069,1
119602,444,-65.77339,1
119612,445,-65.63284,1
119622,449,-65.07069,1
119632,449,-65.07069,1
119642,444,-65.77339,1
119652,450,-64.93014,1
119662,443,-65.91393,1
119672,446,-65.4923,1
119682,451,-64.7896,1
119692,447,-65.35176,1
119702,436,-66.89772,1
119712,443,-65.91393,1
119722,442,-66.05447,1
119732,450,-64.93014,1
119742,452,-64.64905,1
119752,445,-65.63284,1
119762,455,-64.22743,1
119772,448,-65.21122,1
119782,449,-65.07069,1
119792,447,-65.35176,1
119802,444,-65.77339,1
119812,440,-66.33556,1
119822,447,-65.35176,1
119832,445,-65.63284,1
119842,445,-65.63284,1
119852,445,-65.63284,1
119862,453,-64.50851,1
119872,444,-65.77339,1
119882,449,-65.07069,1
119892,449,-65.07069,1
119902,447,-65.35176,1
119912,451,-64.7896,1
119922,444,-65.77339,1
119932,446,-65.4923,1
119942,450,-64.93014,1
119952,448,-65.21122,1
119962,446,-65.4923,1
119972,443,-65.91393,1
119982,446,-65.4923,1
119992,453,-64.50851,1
120002,444,-65.77339,1
120012,442,-66.05447,1
120022,447,-65.35176,1
120032,443,-65.91393,1
120042,449,-65.07069,1
120052,436,-66.89772,1
120062,446,-65.4923,1
120072,448,-65.21122,1
120082,452,-64.64905,1
120092,443,-65.91393,1
120102,443,-65.91393,1
120112,443,-65.91393,1
120122,444,-65.77339,1
120132,446,-65.4923,1
120142,442,-66.05447,1
120152,448,-65.21122,1
120162,454,-64.36797,1
120172,445,-65.63284,1
120182,445,-65.63284,1
120192,447,-65.35176,1
120202,448,-65.21122,1
120212,440,-66.33556,1
120222,445,-65.63284,1
120232,447,-65.35176,1
120242,450,-64.93014,1
120252,447,-65.35176,1
120262,443,-65.91393,1
120272,443,-65.91393,1
120282,447,-65.35176,1
120292,452,-64.64905,1
120302,441,-66.19501,1
120312,445,-65.63284,1
120322,442,-66.05447,1
120332,448,-65.21122,1
120342,446,-65.4923,1
120352,448,-65.21122,1
120362,443,-65.91393,1
120372,451,-64.7896,1
120382,442,-66.05447,1
120392,450,-64.93014,1
120402,450,-64.93014,1
120412,443,-65.91393,1
120422,446,-65.4923,1
120432,447,-65.35176,1
120442,445,-65.63284,1
120452,447,-65.35176,1
120462,446,-65.4923,1
120472,438,-66.61664,1
120482,449,-65.07069,1
120492,449,-65.07069,1
120502,449,-65.07069,1
120512,447,-65.35176,1
120522,448,-65.21122,1
120532,448,-65.21122,1
120542,446,-65.4923,1
120552,451,-64.7896,1
120562,444,-65.77339,1
120572,447,-65.35176,1
120582,447,-65.35176,1
120592,445,-65.63284,1
120602,450,-64.93014,1
120612,448,-65.21122,1
120622,446,-65.4923,1
120632,450,-64.93014,1
120642,442,-66.05447,1
120652,444,-65.77339,1
120662,451,-64.7896,1
120672,448,-65.21122,1
120682,448,-65.21122,1
120692,445,-65.63284,1
120702,442,-66.05447,1
120712,445,-65.63284,1
120722,443,-65.91393,1
120732,444,-65.77339,1
120742,442,-66.05447,1
120752,445,-65.63284,1
120762,439,-66.4761,1
120772,438,-66.61664,1
120782,438,-66.61664,1
120792,438,-66.61664,1
120802,446,-65.4923,1
120812,448,-65.21122,1
120822,445,-65.63284,1
120832,449,-65.07069,1
120842,445,-65.63284,1
120852,455,-64.22743,1
120862,453,-64.50851,1
120872,448,-65.21122,1
120882,452,-64.64905,1
120892,450,-64.93014,1
120902,445,-65.63284,1
120912,443,-65.91393,1
120922,451,-64.7896,1
120932,448,-65.21122,1
120942,437,-66.75717,1
120952,448,-65.21122,1
120962,449,-65.07069,1
120972,444,-65.77339,1
120982,445,-65.63284,1
120992,441,-66.19501,1
121002,452,-64.64905,1
121012,445,-65.63284,1
121022,451,-64.7896,1
121032,449,-65.07069,1
121042,447,-65.35176,1
121052,446,-65.4923,1
121062,443,-65.91393,1
121072,441,-66.19501,1
121082,441,-66.19501,1
121092,448,-65.21122,1
121102,446,-65.4923,1
121112,446,-65.4923,1
121122,442,-66.05447,1
121132,446,-65.4923,1
121142,452,-64.64905,1
121152,452,-64.64905,1
121162,442,-66.05447,1
121172,441,-66.19501,1
121182,449,-65.07069,1
121192,439,-66.4761,1
121202,448,-65.21122,1
121212,449,-65.07069,1
121222,449,-65.07069,1
121232,450,-64.93014,1
121242,445,-65.63284,1
121252,452,-64.64905,1
121262,440,-66.33556,1
121272,441,-66.19501,1
121282,441,-66.19501,1
121292,445,-65.63284,1
121302,441,-66.19501,1
121312,452,-64.64905,1
121322,451,-64.7896,1
121332,454,-64.36797,1
121342,449,-65.07069,1
121352,447,-65.35176,1
121362,448,-65.21122,1
121372,449,-65.07069,1
121382,446,-65.4923,1
121392,447,-65.35176,1
121402,443,-65.91393,1
121412,444,-65.77339,1
121422,444,-65.77339,1
121432,444,-65.77339,1
121442,447,-65.35176,1
121452,448,-65.21122,1
121462,447,-65.35176,1
121472,447,-65.35176,1
121482,447,-65.35176,1
121492,448,-65.21122,1
121502,440,-66.33556,1
121512,446,-65.4923,1
121522,447,-65.35176,1
121532,443,-65.91393,1
121542,447,-65.35176,1
121552,449,-65.07069,1
121562,446,-65.4923,1
121572,452,-64.64905,1
121582,447,-65.35176,1
121592,448,-65.21122,1
121602,445,-65.63284,1
121612,441,-66.19501,1
121622,444,-65.77339,1
121632,448,-65.21122,1
121642,444,-65.77339,1
121652,455,-64.22743,1
121662,446,-65.4923,1
121672,457,-63.94635,1
121682,450,-64.93014,1
121692,450,-64.93014,1
121702,452,-64.64905,1
121712,448,-65.21122,1
121722,449,-65.07069,1
121732,447,-65.35176,1
121742,442,-66.05447,1
121752,444,-65.77339,1
121762,439,-66.4761,1
121772,446,-65.4923,1
121782,443,-65.91393,1
121792,443,-65.91393,1
121802,445,-65.63284,1
121812,455,-64.22743,1
121822,442,-66.05447,1
121832,448,-65.21122,1
121842,439,-66.4761,1
121852,453,-64.50851,1
121862,447,-65.35176,1
121872,442,-66.05447,1
121882,448,-65.21122,1
121892,453,-64.50851,1
121902,456,-64.08689,1
121912,445,-65.63284,1
121922,451,-64.7896,1
121932,442,-66.05447,1
121942,439,-66.4761,1
121952,439,-66.4761,1
121962,441,-66.19501,1
121972,444,-65.77339,1
121982,442,-66.05447,1
121992,450,-64.93014,1
122002,445,-65.63284,1
122012,453,-64.50851,1
122022,446,-65.4923,1
122032,446,-65.4923,1
122042,454,-64.36797,1
122052,449,-65.07069,1
122062,447,-65.35176,1
122072,438,-66.61664,1
122082,439,-66.4761,1
122092,442,-66.05447,1
122102,455,-64.22743,1
122112,446,-65.4923,1
122122,440,-66.33556,1
122132,438,-66.61664,1
122142,447,-65.35176,1
122152,443,-65.91393,1
122162,447,-65.35176,1
122172,442,-66.05447,1
122182,443,-65.91393,1
122192,438,-66.61664,1
122202,443,-65.91393,1
122212,440,-66.33556,1
122222,445,-65.63284,1
122232,436,-66.89772,1
122242,451,-64.7896,1
122252,446,-65.4923,1
122262,445,-65.63284,1
122272,446,-65.4923,1
122282,448,-65.21122,1
122292,439,-66.4761,1
122302,450,-64.93014,1
122312,447,-65.35176,1
122322,441,-66.19501,1
122332,446,-65.4923,1
122342,452,-64.64905,1
122352,444,-65.77339,1
122362,451,-64.7896,1
122372,446,-65.4923,1
122382,450,-64.93014,1
122392,439,-66.4761,1
122402,440,-66.33556,1
122412,446,-65.4923,1
122422,443,-65.91393,1
122432,447,-65.35176,1
122442,448,-65.21122,1
122452,449,-65.07069,1
122462,446,-65.4923,1
122472,445,-65.63284,1
122482,447,-65.35176,1
122492,442,-66.05447,1
122502,447,-65.35176,1
122512,449,-65.07069,1
122522,439,-66.4761,1
122532,444,-65.77339,1
122542,453,-64.50851,1
122552,445,-65.63284,1
122562,439,-66.4761,1
122572,437,-66.75717,1
122582,436,-66.89772,1
122592,447,-65.35176,1
122602,439,-66.4761,1
122612,448,-65.21122,1
122622,445,-65.63284,1
122632,438,-66.61664,1
122642,448,-65.21122,1
122652,442,-66.05447,1
122662,448,-65.21122,1
122672,449,-65.07069,1
122682,450,-64.93014,1
122692,446,-65.4923,1
122702,447,-65.35176,1
122712,450,-64.93014,1
122722,443,-65.91393,1
122732,446,-65.4923,1
122742,446,-65.4923,1
122752,444,-65.77339,1
122762,445,-65.63284,1
122772,446,-65.4923,1
122782,452,-64.64905,1
122792,449,-65.07069,1
122802,455,-64.22743,1
122812,447,-65.35176,1
122822,448,-65.21122,1
122832,444,-65.77339,1
122842,444,-65.77339,1
122852,443,-65.91393,1
122862,444,-65.77339,1
122872,442,-66.05447,1
122882,448,-65.21122,1
122892,445,-65.63284,1
122902,448,-65.21122,1
122912,450,-64.93014,1
122922,448,-65.21122,1
122932,448,-65.21122,1
122942,444,-65.77339,1
122952,447,-65.35176,1
122962,447,-65.35176,1
122972,445,-65.63284,1
122982,440,-66.33556,1
122992,444,-65.77339,1
123002,444,-65.77339,1
123012,449,-65.07069,1
123022,449,-65.07069,1
123032,447,-65.35176,1
123042,451,-64.7896,1
123052,445,-65.63284,1
123062,451,-64.7896,1
123072,442,-66.05447,1
123082,452,-64.64905,1
123092,445,-65.63284,1
123102,442,-66.05447,1
123112,448,-65.21122,1
123122,444,-65.77339,1
123132,445,-65.63284,1
123142,446,-65.4923,1
123152,439,-66.4761,1
123162,447,-65.35176,1
123172,450,-64.93014,1
123182,440,-66.33556,1
123192,443,-65.91393,1
123202,440,-66.33556,1
123212,444,-65.77339,1
123222,443,-65.91393,1
123232,452,-64.64905,1
123242,444,-65.77339,1
123252,450,-64.93014,1
123262,454,-64.36797,1
123272,443,-65.91393,1
123282,445,-65.63284,1
123292,452,-64.64905,1
123302,446,-65.4923,1
123312,451,-64.7896,1
123322,442,-66.05447,1
123332,453,-64.50851,1
123342,448,-65.21122,1
123352,451,-64.7896,1
123362,441,-66.19501,1
123372,444,-65.77339,1
123382,448,-65.21122,1
123392,447,-65.35176,1
123402,444,-65.77339,1
123412,440,-66.33556,1
123422,444,-65.77339,1
123432,447,-65.35176,1
123442,443,-65.91393,1
123452,439,-66.4761,1
123462,447,-65.35176,1
123472,453,-64.50851,1
123482,450,-64.93014,1
123492,452,-64.64905,1
123502,448,-65.21122,1
123512,448,-65.21122,1
123522,442,-66.05447,1
123532,437,-66.75717,1
123542,448,-65.21122,1
123552,445,-65.63284,1
123562,444,-65.77339,1
123572,441,-66.19501,1
123582,444,-65.77339,1
123592,452,-64.64905,1
123602,448,-65.21122,1
123612,445,-65.63284,1
123622,447,-65.35176,1
123632,446,-65.4923,1
123642,440,-66.33556,1
123652,448,-65.21122,1
123662,443,-65.91393,1
123672,445,-65.63284,1
123682,446,-65.4923,1
123692,457,-63.94635,1
123702,446,-65.4923,1
123712,444,-65.77339,1
123722,444,-65.77339,1
123732,448,-65.21122,1
123742,443,-65.91393,1
123752,449,-65.07069,1
123762,443,-65.91393,1
123772,452,-64.64905,1
123782,439,-66.4761,1
123792,449,-65.07069,1
123802,448,-65.21122,1
123812,444,-65.77339,1
123822,444,-65.77339,1
123832,448,-65.21122,1
123842,452,-64.64905,1
123852,454,-64.36797,1
123862,449,-65.07069,1
123872,443,-65.91393,1
123882,450,-64.93014,1
123892,444,-65.77339,1
123902,453,-64.50851,1
123912,442,-66.05447,1
123922,442,-66.05447,1
123932,444,-65.77339,1
123942,454,-64.36797,1
123952,453,-64.50851,1
123962,448,-65.21122,1
123972,452,-64.64905,1
123982,451,-64.7896,1
123992,453,-64.50851,1
124002,440,-66.33556,1
124012,448,-65.21122,1
124022,443,-65.91393,1
124032,447,-65.35176,1
124042,442,-66.05447,1
124052,443,-65.91393,1
124062,449,-65.07069,1
124072,444,-65.77339,1
124082,447,-65.35176,1
124092,444,-65.77339,1
124102,443,-65.91393,1
124112,450,-64.93014,1
124122,444,-65.77339,1
124132,449,-65.07069,1
124142,442,-66.05447,1
124152,448,-65.21122,1
124162,450,-64.93014,1
124172,441,-66.19501,1
124182,442,-66.05447,1
124192,445,-65.63284,1
124202,447,-65.35176,1
124212,446,-65.4923,1
124222,440,-66.33556,1
124232,444,-65.77339,1
124242,455,-64.22743,1
124252,447,-65.35176,1
124262,450,-64.93014,1
124272,442,-66.05447,1
124282,447,-65.35176,1
124292,444,-65.77339,1
124302,444,-65.77339,1
124312,447,-65.35176,1
124322,443,-65.91393,1
124332,455,-64.22743,1
124342,446,-65.4923,1
124352,450,-64.93014,1
124362,450,-64.93014,1
124372,443,-65.91393,1
124382,442,-66.05447,1
124392,445,-65.63284,1
124402,456,-64.08689,1
124412,449,-65.07069,1
124422,437,-66.75717,1
124432,441,-66.19501,1
124442,437,-66.75717,1
124452,450,-64.93014,1
124462,445,-65.63284,1
124472,442,-66.05447,1
124482,439,-66.4761,1
124492,444,-65.77339,1
124502,445,-65.63284,1
124512,440,-66.33556,1
124522,442,-66.05447,1
124532,449,-65.07069,1
124542,439,-66.4761,1
124552,438,-66.61664,1
124562,448,-65.21122,1
124572,450,-64.93014,1
124582,453,-64.50851,1
124592,450,-64.93014,1
124602,438,-66.61664,1
124612,448,-65.21122,1
124622,446,-65.4923,1
124632,441,-66.19501,1
124642,440,-66.33556,1
124652,441,-66.19501,1
124662,452,-64.64905,1
124672,442,-66.05447,1
124682,440,-66.33556,1
124692,448,-65.21122,1
124702,448,-65.21122,1
124712,453,-64.50851,1
124722,440,-66.33556,1
124732,441,-66.19501,1
124742,439,-66.4761,1
124752,443,-65.91393,1
124762,448,-65.21122,1
124772,448,-65.21122,1
124782,445,-65.63284,1
124792,448,-65.21122,1
124802,445,-65.63284,1
124812,444,-65.77339,1
124822,452,-64.64905,1
124832,445,-65.63284,1
124842,441,-66.19501,1
124852,440,-66.33556,1
124862,438,-66.61664,1
124872,447,-65.35176,1
124882,443,-65.91393,1
124892,443,-65.91393,1
124902,442,-66.05447,1
124912,445,-65.63284,1
124922,444,-65.77339,1
124932,442,-66.05447,1
124942,445,-65.63284,1
124952,445,-65.63284,1
124962,439,-66.4761,1
124972,439,-66.4761,1
124982,439,-66.4761,1
124992,442,-66.05447,1
125002,444,-65.77339,1
125012,439,-66.4761,1
125022,441,-66.19501,1
125032,443,-65.91393,1
125042,441,-66.19501,1
125052,442,-66.05447,1
125062,444,-65.77339,1
125072,442,-66.05447,1
125082,443,-65.91393,1
125092,444,-65.77339,1
125102,437,-66.75717,1
125112,444,-65.77339,1
125122,443,-65.91393,1
125132,442,-66.05447,1
125142,444,-65.77339,1
125152,446,-65.4923,1
125162,442,-66.05447,1
125172,439,-66.4761,1
125182,445,-65.63284,1
125192,441,-66.19501,1
125202,441,-66.19501,1
125212,453,-64.50851,1
125222,444,-65.77339,1
125232,448,-65.21122,1
125242,447,-65.35176,1
125252,451,-64.7896,1
125262,452,-64.64905,1
125272,446,-65.4923,1
125282,444,-65.77339,1
125292,453,-64.50851,1
125302,452,-64.64905,1
125312,443,-65.91393,1
125322,441,-66.19501,1
125332,447,-65.35176,1
125342,447,-65.35176,1
125352,448,-65.21122,1
125362,442,-66.05447,1
125372,445,-65.63284,1
125382,448,-65.21122,1
125392,441,-66.19501,1
125402,447,-65.35176,1
125412,440,-66.33556,1
125422,443,-65.91393,1
125432,444,-65.77339,1
125442,438,-66.61664,1
125452,445,-65.63284,1
125462,452,-64.64905,1
125472,442,-66.05447,1
125482,445,-65.63284,1
125492,448,-65.21122,1
125502,446,-65.4923,1
125512,451,-64.7896,1
125522,446,-65.4923,1
125532,447,-65.35176,1
125542,444,-65.77339,1
125552,446,-65.4923,1
125562,453,-64.50851,1
125572,444,-65.77339,1
125582,447,-65.35176,1
125592,444,-65.77339,1
125602,451,-64.7896,1
125612,442,-66.05447,1
125622,446,-65.4923,1
125632,447,-65.35176,1
125642,445,-65.63284,1
125652,444,-65.77339,1
125662,446,-65.4923,1
125672,441,-66.19501,1
125682,446,-65.4923,1
125692,443,-65.91393,1
125702,444,-65.77339,1
125712,447,-65.35176,1
125722,445,-65.63284,1
125732,450,-64.93014,1
125742,448,-65.21122,1
125752,448,-65.21122,1
125762,455,-64.22743,1
125772,447,-65.35176,1
125782,449,-65.07069,1
125792,444,-65.77339,1
125802,448,-65.21122,1
125812,452,-64.64905,1
125822,450,-64.93014,1
125832,448,-65.21122,1
125842,441,-66.19501,1
125852,450,-64.93014,1
125862,442,-66.05447,1
125872,448,-65.21122,1
125882,441,-66.19501,1
125892,443,-65.91393,1
125902,441,-66.19501,1
125912,439,-66.4761,1
125922,445,-65.63284,1
125932,445,-65.63284,1
125942,447,-65.35176,1
125952,443,-65.91393,1
125962,444,-65.77339,1
125972,448,-65.21122,1
125982,440,-66.33556,1
125992,443,-65.91393,1
126002,447,-65.35176,1
126012,455,-64.22743,1
126022,442,-66.05447,1
126032,451,-64.7896,1
126042,452,-64.64905,1
126052,452,-64.64905,1
126062,447,-65.35176,1
126072,447,-65.35176,1
126082,445,-65.63284,1
126092,445,-65.63284,1
126102,439,-66.4761,1
126112,445,-65.63284,1
126122,440,-66.33556,1
126132,446,-65.4923,1
126142,436,-66.89772,1
126152,449,-65.07069,1
126162,443,-65.91393,1
126172,448,-65.21122,1
126182,447,-65.35176,1
126192,448,-65.21122,1
126202,443,-65.91393,1
126212,449,-65.07069,1
126222,438,-66.61664,1
126232,450,-64.93014,1
126242,446,-65.4923,1
126252,443,-65.91393,1
126262,450,-64.93014,1
126272,451,-64.7896,1
126282,452,-64.64905,1
126292,447,-65.35176,1
126302,446,-65.4923,1
126312,455,-64.22743,1
126322,443,-65.91393,1
126332,448,-65.21122,1
126342,443,-65.91393,1
126352,446,-65.4923,1
126362,451,-64.7896,1
126372,444,-65.77339,1
126382,444,-65.77339,1
126392,442,-66.05447,1
126402,449,-65.07069,1
126412,445,-65.63284,1
126422,444,-65.77339,1
126432,435,-67.03826,1
126442,444,-65.77339,1
126452,450,-64.93014,1
126462,442,-66.05447,1
126472,446,-65.4923,1
126482,451,-64.7896,1
126492,459,-63.66527,1
126502,446,-65.4923,1
126512,452,-64.64905,1
126522,452,-64.64905,1
126532,442,-66.05447,1
126542,440,-66.33556,1
126552,452,-64.64905,1
126562,446,-65.4923,1
126572,446,-65.4923,1
126582,440,-66.33556,1
126592,440,-66.33556,1
126602,445,-65.63284,1
126612,447,-65.35176,1
126622,448,-65.21122,1
126632,453,-64.50851,1
126642,441,-66.19501,1
126652,448,-65.21122,1
126662,449,-65.07069,1
126672,451,-64.7896,1
126682,446,-65.4923,1
126692,445,-65.63284,1
126702,441,-66.19501,1
126712,450,-64.93014,1
126722,437,-66.75717,1
126732,443,-65.91393,1
126742,448,-65.21122,1
126752,444,-65.77339,1
126762,443,-65.91393,1
126772,445,-65.63284,1
126782,443,-65.91393,1
126792,442,-66.05447,1
126802,450,-64.93014,1
126812,445,-65.63284,1
126822,448,-65.21122,1
126832,454,-64.36797,1
126842,436,-66.89772,1
126852,446,-65.4923,1
126862,445,-65.63284,1
126872,446,-65.4923,1
126882,445,-65.63284,1
126892,436,-66.89772,1
126902,452,-64.64905,1
126912,444,-65.77339,1
126922,447,-65.35176,1
126932,447,-65.35176,1
126942,441,-66.19501,1
126952,443,-65.91393,1
126962,456,-64.08689,1
126972,446,-65.4923,1
126982,444,-65.77339,1
126992,450,-64.93014,1
127002,446,-65.4923,1
127012,442,-66.05447,1
127022,440,-66.33556,1
127032,442,-66.05447,1
127042,443,-65.91393,1
127052,440,-66.33556,1
127062,447,-65.35176,1
127072,444,-65.77339,1
127082,449,-65.07069,1
127092,446,-65.4923,1
127102,446,-65.4923,1
127112,436,-66.89772,1
127122,452,-64.64905,1
127132,439,-66.4761,1
127142,446,-65.4923,1
127152,446,-65.4923,1
127162,451,-64.7896,1
127172,449,-65.07069,1
127182,441,-66.19501,1
127192,444,-65.77339,1
127202,442,-66.05447,1
127212,442,-66.05447,1
127222,456,-64.08689,1
127232,452,-64.64905,1
127242,443,-65.91393,1
127252,438,-66.61664,1
127262,435,-67.03826,1
127272,444,-65.77339,1
127282,455,-64.22743,1
127292,441,-66.19501,1
127302,443,-65.91393,1
127312,439,-66.4761,1
127322,447,-65.35176,1
127332,448,-65.21122,1
127342,438,-66.61664,1
127352,443,-65.91393,1
127362,446,-65.4923,1
127372,448,-65.21122,1
127382,440,-66.33556,1
127392,443,-65.91393,1
127402,445,-65.63284,1
127412,442,-66.05447,1
127422,449,-65.07069,1
127432,441,-66.19501,1
127442,439,-66.4761,1
127452,439,-66.4761,1
127462,458,-63.80581,1
127472,441,-66.19501,1
127482,444,-65.77339,1
127492,446,-65.4923,1
127502,443,-65.91393,1
127512,450,-64.93014,1
127522,443,-65.91393,1
127532,442,-66.05447,1
127542,442,-66.05447,1
127552,451,-64.7896,1
127562,446,-65.4923,1
127572,444,-65.77339,1
127582,451,-64.7896,1
127592,450,-64.93014,1
127602,450,-64.93014,1
127612,447,-65.35176,1
127622,448,-65.21122,1
127632,442,-66.05447,1
127642,445,-65.63284,1
127652,450,-64.93014,1
127662,443,-65.91393,1
127672,449,-65.07069,1
127682,446,-65.4923,1
127692,446,-65.4923,1
127702,453,-64.50851,1
127712,440,-66.33556,1
127722,450,-64.93014,1
127732,444,-65.77339,1
127742,453,-64.50851,1
127752,444,-65.77339,1
127762,452,-64.64905,1
127772,448,-65.21122,1
127782,444,-65.77339,1
127792,444,-65.77339,1
127802,447,-65.35176,1
127812,443,-65.91393,1
127822,444,-65.77339,1
127832,445,-65.63284,1
127842,448,-65.21122,1
127852,441,-66.19501,1
127862,446,-65.4923,1
127872,445,-65.63284,1
127882,451,-64.7896,1
127892,438,-66.61664,1
127902,441,-66.19501,1
127912,438,-66.61664,1
127922,444,-65.77339,1
127932,445,-65.63284,1
127942,439,-66.4761,1
127952,439,-66.4761,1
127962,445,-65.63284,1
127972,447,-65.35176,1
127982,446,-65.4923,1
127992,442,-66.05447,1
128002,447,-65.35176,1
128012,446,-65.4923,1
128022,440,-66.33556,1
128032,440,-66.33556,1
128042,438,-66.61664,1
128052,447,-65.35176,1
128062,449,-65.07069,1
128072,444,-65.77339,1
128082,443,-65.91393,1
128092,446,-65.4923,1
128102,446,-65.4923,1
128112,442,-66.05447,1
128122,441,-66.19501,1
128132,446,-65.4923,1
128142,446,-65.4923,1
128152,446,-65.4923,1
128162,448,-65.21122,1
128172,451,-64.7896,1
128182,449,-65.07069,1
128192,447,-65.35176,1
128202,444,-65.77339,1
128212,455,-64.22743,1
128222,450,-64.93014,1
128232,444,-65.77339,1
128242,443,-65.91393,1
128252,442,-66.05447,1
128262,438,-66.61664,1
128272,438,-66.61664,1
128282,445,-65.63284,1
128292,444,-65.77339,1
128302,442,-66.05447,1
128312,450,-64.93014,1
128322,443,-65.91393,1
128332,443,-65.91393,1
128342,445,-65.63284,1
128352,441,-66.19501,1
128362,441,-66.19501,1
128372,441,-66.19501,1
128382,444,-65.77339,1
128392,449,-65.07069,1
128402,441,-66.19501,1
128412,446,-65.4923,1
128422,446,-65.4923,1
128432,445,-65.63284,1
128442,443,-65.91393,1
128452,446,-65.4923,1
128462,449,-65.07069,1
128472,441,-66.19501,1
128482,442,-66.05447,1
128492,442,-66.05447,1
128502,438,-66.61664,1
128512,445,-65.63284,1
128522,444,-65.77339,1
128532,444,-65.77339,1
128542,439,-66.4761,1
128552,445,-65.63284,1
128562,441,-66.19501,1
128572,442,-66.05447,1
128582,442,-66.05447,1
128592,441,-66.19501,1
128602,440,-66.33556,1
128612,449,-65.07069,1
128622,443,-65.91393,1
128632,436,-66.89772,1
128642,438,-66.61664,1
128652,448,-65.21122,1
128662,444,-65.77339,1
128672,445,-65.63284,1
128682,451,-64.7896,1
128692,433,-67.31934,1
128702,448,-65.21122,1
128712,451,-64.7896,1
128722,446,-65.4923,1
128732,450,-64.93014,1
128742,446,-65.4923,1
128752,442,-66.05447,1
128762,446,-65.4923,1
128772,452,-64.64905,1
128782,444,-65.77339,1
128792,442,-66.05447,1
128802,441,-66.19501,1
128812,446,-65.4923,1
128822,444,-65.77339,1
128832,438,-66.61664,1
128842,448,-65.21122,1
128852,449,-65.07069,1
128862,445,-65.63284,1
128872,448,-65.21122,1
128882,453,-64.50851,1
128892,446,-65.4923,1
128902,455,-64.22743,1
128912,449,-65.07069,1
128922,438,-66.61664,1
128932,453,-64.50851,1
128942,447,-65.35176,1
128952,448,-65.21122,1
128962,448,-65.21122,1
128972,440,-66.33556,1
128982,452,-64.64905,1
128992,455,-64.22743,1
129002,443,-65.91393,1
129012,437,-66.75717,1
129022,439,-66.4761,1
129032,451,-64.7896,1
129042,444,-65.77339,1
129052,437,-66.75717,1
129062,445,-65.63284,1
129072,450,-64.93014,1
129082,448,-65.21122,1
129092,440,-66.33556,1
129102,448,-65.21122,1
129112,445,-65.63284,1
129122,443,-65.91393,1
129132,443,-65.91393,1
129142,437,-66.75717,1
129152,439,-66.4761,1
129162,443,-65.91393,1
129172,443,-65.91393,1
129182,441,-66.19501,1
129192,448,-65.21122,1
129202,444,-65.77339,1
129212,447,-65.35176,1
129222,442,-66.05447,1
129232,442,-66.05447,1
129242,440,-66.33556,1
129252,448,-65.21122,1
129262,441,-66.19501,1
129272,446,-65.4923,1
129282,454,-64.36797,1
129292,446,-65.4923,1
129302,445,-65.63284,1
129312,449,-65.07069,1
129322,445,-65.63284,1
129332,448,-65.21122,1
129342,450,-64.93014,1
129352,436,-66.89772,1
129362,450,-64.93014,1
129372,454,-64.36797,1
129382,444,-65.77339,1
129392,445,-65.63284,1
129402,443,-65.91393,1
129412,450,-64.93014,1
129422,451,-64.7896,1
129432,441,-66.19501,1
129442,450,-64.93014,1
129452,451,-64.7896,1
129462,445,-65.63284,1
129472,440,-66.33556,1
129482,450,-64.93014,1
129492,447,-65.35176,1
129502,444,-65.77339,1
129512,444,-65.77339,1
129522,448,-65.21122,1
129532,444,-65.77339,1
129542,448,-65.21122,1
129552,444,-65.77339,1
129562,441,-66.19501,1
129572,448,-65.21122,1
129582,446,-65.4923,1
129592,445,-65.63284,1
129602,450,-64.93014,1
129612,448,-65.21122,1
129622,447,-65.35176,1
129632,447,-65.35176,1
129642,437,-66.75717,1
129652,435,-67.03826,1
129662,445,-65.63284,1
129672,441,-66.19501,1
129682,448,-65.21122,1
129692,446,-65.4923,1
129702,443,-65.91393,1
129712,446,-65.4923,1
129722,446,-65.4923,1
129732,445,-65.63284,1
129742,441,-66.19501,1
129752,444,-65.77339,1
129762,451,-64.7896,1
129772,446,-65.4923,1
129782,445,-65.63284,1
129792,442,-66.05447,1
129802,446,-65.4923,1
129812,445,-65.63284,1
129822,450,-64.93014,1
129832,442,-66.05447,1
129842,444,-65.77339,1
129852,446,-65.4923,1
129862,440,-66.33556,1
129872,444,-65.77339,1
129882,443,-65.91393,1
129892,446,-65.4923,1
129902,444,-65.77339,1
129912,447,-65.35176,1
129922,449,-65.07069,1
129932,444,-65.77339,1
129942,448,-65.21122,1
129952,441,-66.19501,1
129962,443,-65.91393,1
129972,446,-65.4923,1
129982,450,-64.93014,1
129992,442,-66.05447,1
130002,443,-65.91393,1
130012,446,-65.4923,1
130022,445,-65.63284,1
130032,441,-66.19501,1
130042,442,-66.05447,1
130052,450,-64.93014,1
130062,441,-66.19501,1
130072,445,-65.63284,1
130082,445,-65.63284,1
130092,447,-65.35176,1
130102,442,-66.05447,1
130112,443,-65.91393,1
130122,445,-65.63284,1
130132,445,-65.63284,1
130142,445,-65.63284,1
130152,444,-65.77339,1
130162,443,-65.91393,1
130172,443,-65.91393,1
130182,438,-66.61664,1
130192,443,-65.91393,1
130202,443,-65.91393,1
130212,446,-65.4923,1
130222,448,-65.21122,1
130232,450,-64.93014,1
130242,447,-65.35176,1
130252,449,-65.07069,1
130262,446,-65.4923,1
130272,444,-65.77339,1
130282,440,-66.33556,1
130292,447,-65.35176,1
130302,450,-64.93014,1
130312,445,-65.63284,1
130322,446,-65.4923,1
130332,440,-66.33556,1
130342,448,-65.21122,1
130352,448,-65.21122,1
130362,442,-66.05447,1
130372,434,-67.1788,1
130382,454,-64.36797,1
130392,443,-65.91393,1
130402,448,-65.21122,1
130412,452,-64.64905,1
130422,449,-65.07069,1
130432,449,-65.07069,1
130442,444,-65.77339,1
130452,440,-66.33556,1
130462,445,-65.63284,1
130472,445,-65.63284,1
130482,446,-65.4923,1
130492,437,-66.75717,1
130502,444,-65.77339,1
130512,435,-67.03826,1
130522,445,-65.63284,1
130532,439,-66.4761,1
130542,444,-65.77339,1
130552,442,-66.05447,1
130562,443,-65.91393,1
130572,453,-64.50851,1
130582,443,-65.91393,1
130592,449,-65.07069,1
130602,448,-65.21122,1
130612,444,-65.77339,1
130622,445,-65.63284,1
130632,454,-64.36797,1
130642,450,-64.93014,1
130652,449,-65.07069,1
130662,447,-65.35176,1
130672,453,-64.50851,1
130682,445,-65.63284,1
130692,449,-65.07069,1
130702,445,-65.63284,1
130712,444,-65.77339,1
130722,451,-64.7896,1
130732,449,-65.07069,1
130742,441,-66.19501,1
130752,450,-64.93014,1
130762,445,-65.63284,1
130772,457,-63.94635,1
130782,442,-66.05447,1
130792,445,-65.63284,1
130802,447,-65.35176,1
130812,445,-65.63284,1
130822,449,-65.07069,1
130832,448,-65.21122,1
130842,448,-65.21122,1
130852,447,-65.35176,1
130862,439,-66.4761,1
130872,447,-65.35176,1
130882,449,-65.07069,1
130892,445,-65.63284,1
130902,444,-65.77339,1
130912,438,-66.61664,1
130922,446,-65.4923,1
130932,438,-66.61664,1
130942,451,-64.7896,1
130952,446,-65.4923,1
130962,448,-65.21122,1
130972,446,-65.4923,1
130982,454,-64.36797,1
130992,443,-65.91393,1
131002,443,-65.91393,1
131012,441,-66.19501,1
131022,447,-65.35176,1
131032,438,-66.61664,1
131042,446,-65.4923,1
131052,446,-65.4923,1
131062,444,-65.77339,1
131072,449,-65.07069,1
131082,444,-65.77339,1
131092,445,-65.63284,1
131102,441,-66.19501,1
131112,451,-64.7896,1
131122,442,-66.05447,1
131132,441,-66.19501,1
131142,443,-65.91393,1
131152,450,-64.93014,1
131162,444,-65.77339,1
131172,448,-65.21122,1
131182,439,-66.4761,1
131192,444,-65.77339,1
131202,449,-65.07069,1
131212,444,-65.77339,1
131222,436,-66.89772,1
131232,453,-64.50851,1
131242,451,-64.7896,1
131252,446,-65.4923,1
131262,441,-66.19501,1
131272,444,-65.77339,1
131282,448,-65.21122,1
131292,446,-65.4923,1
131302,447,-65.35176,1
131312,444,-65.77339,1
131322,451,-64.7896,1
131332,456,-64.08689,1
131342,446,-65.4923,1
131352,445,-65.63284,1
131362,447,-65.35176,1
131372,437,-66.75717,1
131382,437,-66.75717,1
131392,442,-66.05447,1
131402,441,-66.19501,1
131412,447,-65.35176,1
131422,438,-66.61664,1
131432,438,-66.61664,1
131442,444,-65.77339,1
131452,444,-65.77339,1
131462,440,-66.33556,1
131472,444,-65.77339,1
131482,446,-65.4923,1
131492,444,-65.77339,1
131502,442,-66.05447,1
131512,439,-66.4761,1
131522,441,-66.19501,1
131532,441,-66.19501,1
131542,442,-66.05447,1
131552,447,-65.35176,1
131562,437,-66.75717,1
131572,445,-65.63284,1
131582,442,-66.05447,1
131592,444,-65.77339,1
131602,437,-66.75717,1
131612,445,-65.63284,1
131622,446,-65.4923,1
131632,438,-66.61664,1
131642,441,-66.19501,1
131652,440,-66.33556,1
131662,447,-65.35176,1
131672,442,-66.05447,1
131682,444,-65.77339,1
131692,444,-65.77339,1
131702,446,-65.4923,1
131712,446,-65.4923,1
131722,434,-67.1788,1
131732,434,-67.1788,1
131742,444,-65.77339,1
131752,444,-65.77339,1
131762,439,-66.4761,1
131772,438,-66.61664,1
131782,443,-65.91393,1
131792,442,-66.05447,1
131802,439,-66.4761,1
131812,445,-65.63284,1
131822,446,-65.4923,1
131832,442,-66.05447,1
131842,445,-65.63284,1
131852,443,-65.91393,1
131862,443,-65.91393,1
131872,450,-64.93014,1
131882,445,-65.63284,1
131892,440,-66.33556,1
131902,439,-66.4761,1
131912,443,-65.91393,1
131922,444,-65.77339,1
131932,442,-66.05447,1
131942,443,-65.91393,1
131952,443,-65.91393,1
131962,444,-65.77339,1
131972,448,-65.21122,1
131982,440,-66.33556,1
131992,445,-65.63284,1
132002,447,-65.35176,1
132012,437,-66.75717,1
132022,443,-65.91393,1
132032,437,-66.75717,1
132042,443,-65.91393,1
132052,446,-65.4923,1
132062,438,-66.61664,1
132072,449,-65.07069,1
132082,443,-65.91393,1
132092,444,-65.77339,1
132102,438,-66.61664,1
132112,442,-66.05447,1
132122,442,-66.05447,1
132132,443,-65.91393,1
132142,435,-67.03826,1
132152,443,-65.91393,1
132162,446,-65.4923,1
132172,442,-66.05447,1
132182,442,-66.05447,1
132192,443,-65.91393,1
132202,441,-66.19501,1
132212,442,-66.05447,1
132222,441,-66.19501,1
132232,443,-65.91393,1
132242,442,-66.05447,1
132252,442,-66.05447,1
132262,440,-66.33556,1
132272,442,-66.05447,1
132282,443,-65.91393,1
132292,443,-65.91393,1
132302,442,-66.05447,1
132312,442,-66.05447,1
132322,442,-66.05447,1
132332,444,-65.77339,1
132342,443,-65.91393,1
132352,440,-66.33556,1
132362,442,-66.05447,1
132372,444,-65.77339,1
132382,445,-65.63284,1
132392,445,-65.63284,1
132402,436,-66.89772,1
132412,443,-65.91393,1
132422,444,-65.77339,1
132432,446,-65.4923,1
132442,437,-66.75717,1
132452,441,-66.19501,1
132462,446,-65.4923,1
132472,447,-65.35176,1
132482,450,-64.93014,1
132492,448,-65.21122,1
132502,442,-66.05447,1
132512,448,-65.21122,1
132522,436,-66.89772,1
132532,445,-65.63284,1
132542,447,-65.35176,1
132552,447,-65.35176,1
132562,441,-66.19501,1
132572,443,-65.91393,1
132582,445,-65.63284,1
132592,444,-65.77339,1
132602,442,-66.05447,1
132612,441,-66.19501,1
132622,451,-64.7896,1
132632,443,-65.91393,1
132642,447,-65.35176,1
132652,444,-65.77339,1
132662,439,-66.4761,1
132672,445,-65.63284,1
132682,443,-65.91393,1
132692,440,-66.33556,1
132702,449,-65.07069,1
132712,449,-65.07069,1
132722,447,-65.35176,1
132732,440,-66.33556,1
132742,442,-66.05447,1
132752,455,-64.22743,1
132762,446,-65.4923,1
132772,450,-64.93014,1
132782,447,-65.35176,1
132792,446,-65.4923,1
132802,444,-65.77339,1
132812,442,-66.05447,1
132822,453,-64.50851,1
132832,452,-64.64905,1
132842,453,-64.50851,1
132852,453,-64.50851,1
132862,445,-65.63284,1
132872,440,-66.33556,1
132882,444,-65.77339,1
132892,449,-65.07069,1
132902,436,-66.89772,1
132912,448,-65.21122,1
132922,444,-65.77339,1
132932,447,-65.35176,1
132942,445,-65.63284,1
132952,436,-66.89772,1
132962,448,-65.21122,1
132972,443,-65.91393,1
132982,449,-65.07069,1
132992,442,-66.05447,1
133002,452,-64.64905,1
133012,451,-64.7896,1
133022,448,-65.21122,1
133032,446,-65.4923,1
133042,448,-65.21122,1
133052,441,-66.19501,1
133062,448,-65.21122,1
133072,446,-65.4923,1
133082,441,-66.19501,1
133092,443,-65.91393,1
133102,440,-66.33556,1
133112,444,-65.77339,1
133122,443,-65.91393,1
133132,441,-66.19501,1
133142,441,-66.19501,1
133152,444,-65.77339,1
133162,444,-65.77339,1
133172,443,-65.91393,1
133182,440,-66.33556,1
133192,441,-66.19501,1
133202,435,-67.03826,1
133212,442,-66.05447,1
133222,441,-66.19501,1
133232,449,-65.07069,1
133242,443,-65.91393,1
133252,446,-65.4923,1
133262,447,-65.35176,1
133272,444,-65.77339,1
133282,442,-66.05447,1
133292,438,-66.61664,1
133302,440,-66.33556,1
133312,441,-66.19501,1
133322,450,-64.93014,1
133332,444,-65.77339,1
133342,450,-64.93014,1
133352,447,-65.35176,1
133362,453,-64.50851,1
133372,439,-66.4761,1
133382,442,-66.05447,1
133392,441,-66.19501,1
133402,446,-65.4923,1
133412,441,-66.19501,1
133422,442,-66.05447,1
133432,442,-66.05447,1
133442,450,-64.93014,1
133452,441,-66.19501,1
133462,442,-66.05447,1
133472,441,-66.19501,1
133482,446,-65.4923,1
133492,448,-65.21122,1
133502,453,-64.50851,1
133512,449,-65.07069,1
133522,442,-66.05447,1
133532,446,-65.4923,1
133542,440,-66.33556,1
133552,450,-64.93014,1
133562,454,-64.36797,1
133572,444,-65.77339,1
133582,441,-66.19501,1
133592,447,-65.35176,1
133602,444,-65.77339,1
133612,439,-66.4761,1
133622,438,-66.61664,1
133632,441,-66.19501,1
133642,449,-65.07069,1
133652,444,-65.77339,1
133662,443,-65.91393,1
133672,445,-65.63284,1
133682,445,-65.63284,1
133692,451,-64.7896,1
133702,441,-66.19501,1
133712,443,-65.91393,1
133722,451,-64.7896,1
133732,440,-66.33556,1
133742,446,-65.4923,1
133752,448,-65.21122,1
133762,443,-65.91393,1
133772,444,-65.77339,1
133782,441,-66.19501,1
133792,444,-65.77339,1
133802,444,-65.77339,1
133812,451,-64.7896,1
133822,447,-65.35176,1
133832,447,-65.35176,1
133842,452,-64.64905,1
133852,441,-66.19501,1
133862,448,-65.21122,1
133872,445,-65.63284,1
133882,440,-66.33556,1
133892,447,-65.35176,1
133902,447,-65.35176,1
133912,452,-64.64905,1
133922,442,-66.05447,1
133932,449,-65.07069,1
133942,447,-65.35176,1
133952,442,-66.05447,1
133962,448,-65.21122,1
133972,440,-66.33556,1
133982,451,-64.7896,1
133992,441,-66.19501,1
134002,444,-65.77339,1
134012,444,-65.77339,1
134022,441,-66.19501,1
134032,441,-66.19501,1
134042,441,-66.19501,1
134052,444,-65.77339,1
134062,446,-65.4923,1
134072,441,-66.19501,1
134082,448,-65.21122,1
134092,444,-65.77339,1
134102,443,-65.91393,1
134112,442,-66.05447,1
134122,448,-65.21122,1
134132,443,-65.91393,1
134142,444,-65.77339,1
134152,442,-66.05447,1
134162,444,-65.77339,1
134172,443,-65.91393,1
134182,436,-66.89772,1
134192,446,-65.4923,1
134202,439,-66.4761,1
