t_ms,adc,p_kpa,pump
212224,935,-0.702713,0
212234,945,0.702713,0
212244,946,0.843239,0
212254,944,0.562164,0
212264,941,0.140533,0
212274,942,0.281082,0
212284,947,0.983795,0
212294,942,0.281082,0
212304,948,1.124321,0
212314,949,1.264877,0
212324,946,0.843239,0
212334,949,1.264877,0
212344,942,0.281082,0
212354,945,0.702713,0
212364,941,0.140533,0
212374,940,0,0
212384,940,0,0
212394,944,0.562164,0
212404,947,0.983795,0
212414,946,0.843239,0
212424,950,1.405403,0
212434,943,0.421608,0
212444,945,0.702713,0
212454,939,-0.140549,0
212464,944,0.562164,0
212474,944,0.562164,0
212484,949,1.264877,0
212494,938,-0.281097,0
212504,943,0.421608,0
212514,955,2.108116,0
212524,951,1.545952,0
212534,949,1.264877,0
212544,956,2.248665,0
212554,945,0.702713,0
212564,947,0.983795,0
212574,941,0.140533,0
212584,948,1.124321,0
212594,939,-0.140549,0
212604,944,0.562164,0
212614,942,0.281082,0
212624,948,1.124321,0
212634,944,0.562164,0
212644,942,0.281082,0
212654,949,1.264877,0
212664,944,0.562164,0
212674,944,0.562164,0
212684,943,0.421608,0
212694,958,2.529747,0
212704,952,1.686485,0
212714,945,0.702713,0
212724,945,0.702713,0
212734,944,0.562164,0
212744,944,0.562164,0
212754,952,1.686485,0
212764,950,1.405403,0
212774,947,0.983795,0
212784,953,1.827034,0
212794,945,0.702713,0
212804,953,1.827034,0
212814,942,0.281082,0
212824,938,-0.281097,0
212834,939,-0.140549,0
212844,939,-0.140549,0
212854,955,2.108116,0
212864,949,1.264877,0
212874,952,1.686485,0
212884,938,-0.281097,0
212894,945,0.702713,0
212904,941,0.140533,0
212914,942,0.281082,0
212924,945,0.702713,0
212934,940,0,0
212944,941,0.140533,0
212954,946,0.843239,0
212964,941,0.140533,0
212974,950,1.405403,0
212984,949,1.264877,0
212994,950,1.405403,0
213004,948,1.124321,0
213014,940,0,0
213024,943,0.421608,0
213034,939,-0.140549,0
213044,947,0.983795,0
213054,946,0.843239,0
213064,938,-0.281097,0
213074,939,-0.140549,0
213084,952,1.686485,0
213094,946,0.843239,0
213104,946,0.843239,0
213114,942,0.281082,0
213124,950,1.405403,0
213134,940,0,0
213144,944,0.562164,0
213154,952,1.686485,0
213164,944,0.562164,0
213174,949,1.264877,0
213184,952,1.686485,0
213194,942,0.281082,0
213204,937,-0.421631,0
213214,952,1.686485,0
213224,944,0.562164,0
213234,945,0.702713,0
213244,942,0.281082,0
213254,945,0.702713,0
213264,945,0.702713,0
213274,938,-0.281097,0
213284,940,0,0
213294,941,0.140533,0
213304,954,1.967583,0
213314,958,2.529747,0
213324,952,1.686485,0
213334,950,1.405403,0
213344,945,0.702713,0
213354,947,0.983795,0
213364,947,0.983795,0
213374,940,0,0
213384,948,1.124321,0
213394,948,1.124321,0
213404,942,0.281082,0
213414,947,0.983795,0
213424,946,0.843239,0
213434,944,0.562164,0
213444,939,-0.140549,0
213454,944,0.562164,0
213464,947,0.983795,0
213474,951,1.545952,0
213484,945,0.702713,0
213494,943,0.421608,0
213504,947,0.983795,0
213514,953,1.827034,0
213524,942,0.281082,0
213534,945,0.702713,0
213544,939,-0.140549,0
213554,947,0.983795,0
213564,952,1.686485,0
213574,942,0.281082,0
213584,949,1.264877,0
213594,940,0,0
213604,951,1.545952,0
213614,941,0.140533,0
213624,941,0.140533,0
213634,940,0,0
213644,944,0.562164,0
213654,940,0,0
213664,941,0.140533,0
213674,943,0.421608,0
213684,943,0.421608,0
213694,945,0.702713,0
213704,938,-0.281097,0
213714,938,-0.281097,0
213724,952,1.686485,0
213734,956,2.248665,0
213744,951,1.545952,0
213754,949,1.264877,0
213764,950,1.405403,0
213774,939,-0.140549,0
213784,944,0.562164,0
213794,947,0.983795,0
213804,942,0.281082,0
213814,944,0.562164,0
213824,937,-0.421631,0
213834,954,1.967583,0
213844,936,-0.562157,0
213854,955,2.108116,0
213864,953,1.827034,0
213874,944,0.562164,0
213884,947,0.983795,0
213894,949,1.264877,0
213904,955,2.108116,0
213914,944,0.562164,0
213924,943,0.421608,0
213934,947,0.983795,0
213944,957,2.389191,0
213954,947,0.983795,0
213964,951,1.545952,0
213974,954,1.967583,0
213984,949,1.264877,0
213994,949,1.264877,0
214004,948,1.124321,0
214014,944,0.562164,0
214024,944,0.562164,0
214034,939,-0.140549,0
214044,957,2.389191,0
214054,942,0.281082,0
214064,945,0.702713,0
214074,943,0.421608,0
214084,945,0.702713,0
214094,947,0.983795,0
214104,946,0.843239,0
214114,945,0.702713,0
214124,942,0.281082,0
214134,944,0.562164,0
214144,942,0.281082,0
214154,939,-0.140549,0
214164,942,0.281082,0
214174,943,0.421608,0
214184,944,0.562164,0
214194,944,0.562164,0
214204,949,1.264877,0
214214,945,0.702713,0
214224,940,0,0
214234,941,0.140533,0
214244,934,-0.843262,0
214254,941,0.140533,0
214264,951,1.545952,0
214274,943,0.421608,0
214284,952,1.686485,0
214294,948,1.124321,0
214304,953,1.827034,0
214314,954,1.967583,0
214324,952,1.686485,0
214334,955,2.108116,0
214344,952,1.686485,0
214354,948,1.124321,0
214364,952,1.686485,0
214374,948,1.124321,0
214384,941,0.140533,0
214394,942,0.281082,0
214404,947,0.983795,0
214414,949,1.264877,0
214424,945,0.702713,0
214434,938,-0.281097,0
214444,951,1.545952,0
214454,945,0.702713,0
214464,947,0.983795,0
214474,934,-0.843262,0
214484,941,0.140533,0
214494,944,0.562164,0
214504,949,1.264877,0
214514,946,0.843239,0
214524,949,1.264877,0
214534,952,1.686485,0
214544,944,0.562164,0
214554,951,1.545952,0
214564,949,1.264877,0
214574,952,1.686485,0
214584,943,0.421608,0
214594,944,0.562164,0
214604,942,0.281082,0
214614,942,0.281082,0
214624,940,0,0
214634,953,1.827034,0
214644,943,0.421608,0
214654,947,0.983795,0
214664,940,0,0
214674,943,0.421608,0
214684,946,0.843239,0
214694,950,1.405403,0
214704,948,1.124321,0
214714,942,0.281082,0
214724,941,0.140533,0
214734,941,0.140533,0
214744,940,0,0
214754,952,1.686485,0
214764,951,1.545952,0
214774,947,0.983795,0
214784,946,0.843239,0
214794,956,2.248665,0
214804,947,0.983795,0
214814,946,0.843239,0
214824,940,0,0
214834,945,0.702713,0
214844,944,0.562164,0
214854,946,0.843239,0
214864,951,1.545952,0
214874,946,0.843239,0
214884,951,1.545952,0
214894,947,0.983795,0
214904,957,2.389191,0
214914,940,0,0
214924,957,2.389191,0
214934,948,1.124321,0
214944,943,0.421608,0
214954,944,0.562164,0
214964,944,0.562164,0
214974,945,0.702713,0
214984,951,1.545952,0
214994,951,1.545952,0
215004,944,0.562164,0
215014,956,2.248665,0
215024,952,1.686485,0
215034,945,0.702713,0
215044,940,0,0
215054,949,1.264877,0
215064,948,1.124321,0
215074,945,0.702713,0
215084,948,1.124321,0
215094,939,-0.140549,0
215104,948,1.124321,0
215114,942,0.281082,0
215124,940,0,0
215134,941,0.140533,0
215144,940,0,0
215154,949,1.264877,0
215164,935,-0.702713,0
215174,942,0.281082,0
215184,942,0.281082,0
215194,943,0.421608,0
215204,953,1.827034,0
215214,945,0.702713,0
215224,946,0.843239,0
215234,948,1.124321,0
215244,950,1.405403,0
215254,951,1.545952,0
215264,947,0.983795,0
215274,946,0.843239,0
215284,952,1.686485,0
215294,951,1.545952,0
215304,941,0.140533,0
215314,946,0.843239,0
215324,946,0.843239,0
215334,953,1.827034,0
215344,949,1.264877,0
215354,954,1.967583,0
215364,953,1.827034,0
215374,941,0.140533,0
215384,942,0.281082,0
215394,944,0.562164,0
215404,957,2.389191,0
215414,942,0.281082,0
215424,944,0.562164,0
215434,943,0.421608,0
215444,946,0.843239,0
215454,947,0.983795,0
215464,940,0,0
215474,940,0,0
215484,942,0.281082,0
215494,941,0.140533,0
215504,944,0.562164,0
215514,939,-0.140549,0
215524,942,0.281082,0
215534,947,0.983795,0
215544,937,-0.421631,0
215554,948,1.124321,0
215564,948,1.124321,0
215574,945,0.702713,0
215584,953,1.827034,0
215594,938,-0.281097,0
215604,948,1.124321,0
215614,943,0.421608,0
215624,947,0.983795,0
215634,946,0.843239,0
215644,945,0.702713,0
215654,941,0.140533,0
215664,943,0.421608,0
215674,949,1.264877,0
215684,952,1.686485,0
215694,942,0.281082,0
215704,950,1.405403,0
215714,945,0.702713,0
215724,950,1.405403,0
215734,947,0.983795,0
215744,948,1.124321,0
215754,954,1.967583,0
215764,944,0.562164,0
215774,944,0.562164,0
215784,949,1.264877,0
215794,949,1.264877,0
215804,956,2.248665,0
215814,952,1.686485,0
215824,944,0.562164,0
215834,957,2.389191,0
215844,938,-0.281097,0
215854,955,2.108116,0
215864,953,1.827034,0
215874,960,2.810829,0
215884,941,0.140533,0
215894,940,0,0
215904,941,0.140533,0
215914,946,0.843239,0
215924,951,1.545952,0
215934,946,0.843239,0
215944,947,0.983795,0
215954,936,-0.562157,0
215964,944,0.562164,0
215974,945,0.702713,0
215984,951,1.545952,0
215994,943,0.421608,0
216004,939,-0.140549,0
216014,944,0.562164,0
216024,947,0.983795,0
216034,948,1.124321,0
216044,954,1.967583,0
216054,942,0.281082,0
216064,950,1.405403,0
216074,949,1.264877,0
216084,951,1.545952,0
216094,937,-0.421631,0
216104,942,0.281082,0
216114,949,1.264877,0
216124,939,-0.140549,0
216134,944,0.562164,0
216144,943,0.421608,0
216154,949,1.264877,0
216164,941,0.140533,0
216174,940,0,0
216184,948,1.124321,0
216194,945,0.702713,0
216204,950,1.405403,0
216214,940,0,0
216224,945,0.702713,0
216234,943,0.421608,0
216244,942,0.281082,0
216254,941,0.140533,0
216264,944,0.562164,0
216274,943,0.421608,0
216284,937,-0.421631,0
216294,947,0.983795,0
216304,950,1.405403,0
216314,953,1.827034,0
216324,941,0.140533,0
216334,943,0.421608,0
216344,945,0.702713,0
216354,943,0.421608,0
216364,948,1.124321,0
216374,942,0.281082,0
216384,950,1.405403,0
216394,941,0.140533,0
216404,946,0.843239,0
216414,940,0,0
216424,949,1.264877,0
216434,945,0.702713,0
216444,950,1.405403,0
216454,943,0.421608,0
216464,946,0.843239,0
216474,951,1.545952,0
216484,943,0.421608,0
216494,940,0,0
216504,941,0.140533,0
216514,940,0,0
216524,939,-0.140549,0
216534,950,1.405403,0
216544,946,0.843239,0
216554,954,1.967583,0
216564,949,1.264877,0
216574,944,0.562164,0
216584,945,0.702713,0
216594,940,0,0
216604,945,0.702713,0
216614,934,-0.843262,0
216624,947,0.983795,0
216634,947,0.983795,0
216644,947,0.983795,0
216654,947,0.983795,0
216664,942,0.281082,0
216674,943,0.421608,0
216684,938,-0.281097,0
216694,952,1.686485,0
216704,937,-0.421631,0
216714,937,-0.421631,0
216724,940,0,0
216734,942,0.281082,0
216744,953,1.827034,0
216754,947,0.983795,0
216764,943,0.421608,0
216774,950,1.405403,0
216784,955,2.108116,0
216794,951,1.545952,0
216804,948,1.124321,0
216814,943,0.421608,0
216824,943,0.421608,0
216834,946,0.843239,0
216844,939,-0.140549,0
216854,937,-0.421631,0
216864,949,1.264877,0
216874,947,0.983795,0
216884,938,-0.281097,0
216894,942,0.281082,0
216904,942,0.281082,0
216914,945,0.702713,0
216924,940,0,0
216934,937,-0.421631,0
216944,944,0.562164,0
216954,944,0.562164,0
216964,945,0.702713,0
216974,954,1.967583,0
216984,950,1.405403,0
216994,952,1.686485,0
217004,946,0.843239,0
217014,947,0.983795,0
217024,940,0,0
217034,939,-0.140549,0
217044,944,0.562164,0
217054,943,0.421608,0
217064,959,2.670273,0
217074,943,0.421608,0
217084,938,-0.281097,0
217094,938,-0.281097,0
217104,939,-0.140549,0
217114,945,0.702713,0
217124,946,0.843239,0
217134,939,-0.140549,0
217144,952,1.686485,0
217154,952,1.686485,0
217164,938,-0.281097,0
217174,944,0.562164,0
217184,943,0.421608,0
217194,941,0.140533,0
217204,944,0.562164,0
217214,941,0.140533,0
217224,950,1.405403,0
217234,949,1.264877,0
217244,953,1.827034,0
217254,956,2.248665,0
217264,945,0.702713,0
217274,943,0.421608,0
217284,948,1.124321,0
217294,943,0.421608,0
217304,939,-0.140549,0
217314,941,0.140533,0
217324,937,-0.421631,0
217334,944,0.562164,0
217344,940,0,0
217354,945,0.702713,0
217364,949,1.264877,0
217374,951,1.545952,0
217384,948,1.124321,0
217394,938,-0.281097,0
217404,944,0.562164,0
217414,941,0.140533,0
217424,951,1.545952,0
217434,941,0.140533,0
217444,947,0.983795,0
217454,945,0.702713,0
217464,945,0.702713,0
217474,942,0.281082,0
217484,942,0.281082,0
217494,942,0.281082,0
217504,942,0.281082,0
217514,944,0.562164,0
217524,943,0.421608,0
217534,946,0.843239,0
217544,938,-0.281097,0
217554,941,0.140533,0
217564,941,0.140533,0
217574,944,0.562164,0
217584,951,1.545952,0
217594,944,0.562164,0
217604,943,0.421608,0
217614,942,0.281082,0
217624,938,-0.281097,0
217634,946,0.843239,0
217644,944,0.562164,0
217654,952,1.686485,0
217664,949,1.264877,0
217674,943,0.421608,0
217684,941,0.140533,0
217694,952,1.686485,0
217704,949,1.264877,0
217714,943,0.421608,0
217724,955,2.108116,0
217734,947,0.983795,0
217744,944,0.562164,0
217754,950,1.405403,0
217764,954,1.967583,0
217774,944,0.562164,0
217784,951,1.545952,0
217794,947,0.983795,0
217804,939,-0.140549,0
217814,940,0,0
217824,942,0.281082,0
217834,947,0.983795,0
217844,945,0.702713,0
217854,940,0,0
217864,938,-0.281097,0
217874,951,1.545952,0
217884,941,0.140533,0
217894,951,1.545952,0
217904,950,1.405403,0
217914,941,0.140533,0
217924,949,1.264877,0
217934,939,-0.140549,0
217944,950,1.405403,0
217954,952,1.686485,0
217964,940,0,0
217974,946,0.843239,0
217984,949,1.264877,0
217994,938,-0.281097,0
218004,947,0.983795,0
218014,953,1.827034,0
218024,951,1.545952,0
218034,946,0.843239,0
218044,944,0.562164,0
218054,945,0.702713,0
218064,937,-0.421631,0
218074,939,-0.140549,0
218084,938,-0.281097,0
218094,947,0.983795,0
218104,945,0.702713,0
218114,946,0.843239,0
218124,948,1.124321,0
218134,950,1.405403,0
218144,949,1.264877,0
218154,942,0.281082,0
218164,940,0,0
218174,942,0.281082,0
218184,942,0.281082,0
218194,941,0.140533,0
218204,949,1.264877,0
218214,940,0,0
218224,954,1.967583,0
218234,947,0.983795,0
218244,949,1.264877,0
218254,947,0.983795,0
218264,944,0.562164,0
218274,945,0.702713,0
218284,943,0.421608,0
218294,946,0.843239,0
218304,941,0.140533,0
218314,948,1.124321,0
218324,951,1.545952,0
218334,952,1.686485,0
218344,951,1.545952,0
218354,950,1.405403,0
218364,946,0.843239,0
218374,941,0.140533,0
218384,951,1.545952,0
218394,944,0.562164,0
218404,939,-0.140549,0
218414,944,0.562164,0
218424,953,1.827034,0
218434,943,0.421608,0
218444,945,0.702713,0
218454,956,2.248665,0
218464,955,2.108116,0
218474,947,0.983795,0
218484,939,-0.140549,0
218494,948,1.124321,0
218504,942,0.281082,0
218514,946,0.843239,0
218524,939,-0.140549,0
218534,943,0.421608,0
218544,939,-0.140549,0
218554,944,0.562164,0
218564,947,0.983795,0
218574,946,0.843239,0
218584,947,0.983795,0
218594,947,0.983795,0
218604,950,1.405403,0
218614,950,1.405403,0
218624,942,0.281082,0
218634,943,0.421608,0
218644,942,0.281082,0
218654,945,0.702713,0
218664,944,0.562164,0
218674,951,1.545952,0
218684,954,1.967583,0
218694,946,0.843239,0
218704,948,1.124321,0
218714,949,1.264877,0
218724,954,1.967583,0
218734,947,0.983795,0
218744,945,0.702713,0
218754,953,1.827034,0
218764,937,-0.421631,0
218774,945,0.702713,0
218784,942,0.281082,0
218794,943,0.421608,0
218804,954,1.967583,0
218814,952,1.686485,0
218824,956,2.248665,0
218834,952,1.686485,0
218844,948,1.124321,0
218854,957,2.389191,0
218864,952,1.686485,0
218874,946,0.843239,0
218884,952,1.686485,0
218894,944,0.562164,0
218904,954,1.967583,0
218914,947,0.983795,0
218924,947,0.983795,0
218934,939,-0.140549,0
218944,949,1.264877,0
218954,945,0.702713,0
218964,945,0.702713,0
218974,945,0.702713,0
218984,947,0.983795,0
218994,948,1.124321,0
219004,939,-0.140549,0
219014,945,0.702713,0
219024,941,0.140533,0
219034,942,0.281082,0
219044,961,2.951355,0
219054,953,1.827034,0
219064,950,1.405403,0
219074,948,1.124321,0
219084,950,1.405403,0
219094,954,1.967583,0
219104,940,0,0
219114,948,1.124321,0
219124,949,1.264877,0
219134,952,1.686485,0
219144,942,0.281082,0
219154,949,1.264877,0
219164,945,0.702713,0
219174,948,1.124321,0
219184,946,0.843239,0
219194,944,0.562164,0
219204,948,1.124321,0
219214,948,1.124321,0
219224,951,1.545952,0
219234,953,1.827034,0
219244,951,1.545952,0
219254,956,2.248665,0
219264,955,2.108116,0
219274,949,1.264877,0
219284,944,0.562164,0
219294,945,0.702713,0
219304,947,0.983795,0
219314,945,0.702713,0
219324,944,0.562164,0
219334,957,2.389191,0
219344,947,0.983795,0
219354,939,-0.140549,0
219364,947,0.983795,0
219374,937,-0.421631,0
219384,943,0.421608,0
219394,949,1.264877,0
219404,939,-0.140549,0
219414,944,0.562164,0
219424,948,1.124321,0
219434,951,1.545952,0
219444,959,2.670273,0
219454,947,0.983795,0
219464,936,-0.562157,0
219474,938,-0.281097,0
219484,942,0.281082,0
219494,945,0.702713,0
219504,944,0.562164,0
219514,935,-0.702713,0
219524,943,0.421608,0
219534,951,1.545952,0
219544,942,0.281082,0
219554,949,1.264877,0
219564,957,2.389191,0
219574,955,2.108116,0
219584,946,0.843239,0
219594,951,1.545952,0
219604,948,1.124321,0
219614,941,0.140533,0
219624,945,0.702713,0
219634,942,0.281082,0
219644,943,0.421608,0
219654,952,1.686485,0
219664,953,1.827034,0
219674,950,1.405403,0
219684,939,-0.140549,0
219694,947,0.983795,0
219704,946,0.843239,0
219714,944,0.562164,0
219724,946,0.843239,0
219734,945,0.702713,0
219744,939,-0.140549,0
219754,935,-0.702713,0
219764,950,1.405403,0
219774,950,1.405403,0
219784,953,1.827034,0
219794,950,1.405403,0
219804,945,0.702713,0
219814,946,0.843239,0
219824,939,-0.140549,0
219834,955,2.108116,0
219844,950,1.405403,0
219854,947,0.983795,0
219864,947,0.983795,0
219874,943,0.421608,0
219884,955,2.108116,0
219894,948,1.124321,0
219904,949,1.264877,0
219914,948,1.124321,0
219924,949,1.264877,0
219934,952,1.686485,0
219944,959,2.670273,0
219954,949,1.264877,0
219964,938,-0.281097,0
219974,943,0.421608,0
219984,938,-0.281097,0
219994,947,0.983795,0
220004,947,0.983795,0
220014,942,0.281082,0
220024,948,1.124321,0
220034,939,-0.140549,0
220044,942,0.281082,0
220054,953,1.827034,0
220064,949,1.264877,0
220074,952,1.686485,0
220084,946,0.843239,0
220094,947,0.983795,0
220104,941,0.140533,0
220114,944,0.562164,0
220124,950,1.405403,0
220134,946,0.843239,0
220144,941,0.140533,0
220154,947,0.983795,0
220164,945,0.702713,0
220174,946,0.843239,0
220184,942,0.281082,0
220194,951,1.545952,0
220204,952,1.686485,0
220214,946,0.843239,0
220224,942,0.281082,0
220234,945,0.702713,0
220244,944,0.562164,0
220254,939,-0.140549,0
220264,951,1.545952,0
220274,946,0.843239,0
220284,946,0.843239,0
220294,956,2.248665,0
220304,945,0.702713,0
220314,959,2.670273,0
220324,943,0.421608,0
220334,949,1.264877,0
220344,939,-0.140549,0
220354,947,0.983795,0
220364,940,0,0
220374,940,0,0
220384,946,0.843239,0
220394,944,0.562164,0
220404,945,0.702713,0
220414,941,0.140533,0
220424,945,0.702713,0
220434,952,1.686485,0
220444,952,1.686485,0
220454,950,1.405403,0
220464,940,0,0
220474,952,1.686485,0
220484,945,0.702713,0
220494,939,-0.140549,0
220504,947,0.983795,0
220514,949,1.264877,0
220524,940,0,0
220534,944,0.562164,0
220544,959,2.670273,0
220554,956,2.248665,0
220564,947,0.983795,0
220574,949,1.264877,0
220584,947,0.983795,0
220594,949,1.264877,0
220604,938,-0.281097,0
220614,940,0,0
220624,945,0.702713,0
220634,942,0.281082,0
220644,954,1.967583,0
220654,945,0.702713,0
220664,947,0.983795,0
220674,950,1.405403,0
220684,948,1.124321,0
220694,953,1.827034,0
220704,949,1.264877,0
220714,945,0.702713,0
220724,951,1.545952,0
220734,939,-0.140549,0
220744,956,2.248665,0
220754,948,1.124321,0
220764,949,1.264877,0
220774,954,1.967583,0
220784,949,1.264877,0
220794,945,0.702713,0
220804,945,0.702713,0
220814,952,1.686485,0
220824,949,1.264877,0
220834,953,1.827034,0
220844,944,0.562164,0
220854,951,1.545952,0
220864,941,0.140533,0
220874,949,1.264877,0
220884,947,0.983795,0
220894,951,1.545952,0
220904,942,0.281082,0
220914,946,0.843239,0
220924,955,2.108116,0
220934,946,0.843239,0
220944,947,0.983795,0
220954,952,1.686485,0
220964,950,1.405403,0
220974,944,0.562164,0
220984,941,0.140533,0
220994,945,0.702713,0
221004,950,1.405403,0
221014,934,-0.843262,0
221024,953,1.827034,0
221034,947,0.983795,0
221044,953,1.827034,0
221054,951,1.545952,0
221064,955,2.108116,0
221074,950,1.405403,0
221084,940,0,0
221094,939,-0.140549,0
221104,939,-0.140549,0
221114,949,1.264877,0
221124,953,1.827034,0
221134,952,1.686485,0
221144,944,0.562164,0
221154,951,1.545952,0
221164,948,1.124321,0
221174,953,1.827034,0
221184,949,1.264877,0
221194,955,2.108116,0
221204,950,1.405403,0
221214,943,0.421608,0
221224,949,1.264877,0
221234,955,2.108116,0
221244,947,0.983795,0
221254,948,1.124321,0
221264,947,0.983795,0
221274,950,1.405403,0
221284,939,-0.140549,0
221294,950,1.405403,0
221304,949,1.264877,0
221314,945,0.702713,0
221324,953,1.827034,0
221334,953,1.827034,0
221344,945,0.702713,0
221354,942,0.281082,0
221364,953,1.827034,0
221374,954,1.967583,0
221384,962,3.091904,0
221394,949,1.264877,0
221404,943,0.421608,0
221414,953,1.827034,0
221424,947,0.983795,0
221434,948,1.124321,0
221444,946,0.843239,0
221454,945,0.702713,0
221464,942,0.281082,0
221474,942,0.281082,0
221484,944,0.562164,0
221494,944,0.562164,0
221504,949,1.264877,0
221514,949,1.264877,0
221524,951,1.545952,0
221534,945,0.702713,0
221544,948,1.124321,0
221554,944,0.562164,0
221564,944,0.562164,0
221574,941,0.140533,0
221584,942,0.281082,0
221594,945,0.702713,0
221604,953,1.827034,0
221614,953,1.827034,0
221624,946,0.843239,0
221634,951,1.545952,0
221644,951,1.545952,0
221654,945,0.702713,0
221664,952,1.686485,0
221674,952,1.686485,0
221684,950,1.405403,0
221694,943,0.421608,0
221704,941,0.140533,0
221714,942,0.281082,0
221724,943,0.421608,0
221734,948,1.124321,0
221744,944,0.562164,0
221754,951,1.545952,0
221764,949,1.264877,0
221774,945,0.702713,0
221784,954,1.967583,0
221794,947,0.983795,0
221804,947,0.983795,0
221814,945,0.702713,0
221824,946,0.843239,0
221834,944,0.562164,0
221844,949,1.264877,0
221854,947,0.983795,0
221864,957,2.389191,0
221874,948,1.124321,0
221884,949,1.264877,0
221894,948,1.124321,0
221904,958,2.529747,0
221914,950,1.405403,0
221924,944,0.562164,0
221934,940,0,0
221944,947,0.983795,0
221954,947,0.983795,0
221964,954,1.967583,0
221974,941,0.140533,0
221984,948,1.124321,0
221994,950,1.405403,0
222004,945,0.702713,0
222014,953,1.827034,0
222024,943,0.421608,0
222034,953,1.827034,0
222044,945,0.702713,0
222054,945,0.702713,0
222064,943,0.421608,0
222074,946,0.843239,0
222084,951,1.545952,0
222094,950,1.405403,0
222104,951,1.545952,0
222114,946,0.843239,0
222124,942,0.281082,0
222134,943,0.421608,0
222144,946,0.843239,0
222154,959,2.670273,0
222164,953,1.827034,0
222174,952,1.686485,0
222184,949,1.264877,0
222194,949,1.264877,0
222204,942,0.281082,0
222214,943,0.421608,0
222224,954,1.967583,0
222234,943,0.421608,0
222244,957,2.389191,0
222254,949,1.264877,0
222264,953,1.827034,0
222274,953,1.827034,0
222284,951,1.545952,0
222294,955,2.108116,0
222304,942,0.281082,0
222314,946,0.843239,0
222324,951,1.545952,0
222334,952,1.686485,0
222344,954,1.967583,0
222354,947,0.983795,0
222364,942,0.281082,0
222374,948,1.124321,0
222384,958,2.529747,0
222394,950,1.405403,0
222404,950,1.405403,0
222414,942,0.281082,0
222424,943,0.421608,0
222434,942,0.281082,0
222444,946,0.843239,0
222454,944,0.562164,0
222464,943,0.421608,0
222474,950,1.405403,0
222484,949,1.264877,0
222494,954,1.967583,0
222504,942,0.281082,0
222514,954,1.967583,0
222524,945,0.702713,0
222534,949,1.264877,0
222544,941,0.140533,0
222554,939,-0.140549,0
222564,951,1.545952,0
222574,945,0.702713,0
222584,946,0.843239,0
222594,941,0.140533,0
222604,946,0.843239,0
222614,950,1.405403,0
222624,948,1.124321,0
222634,950,1.405403,0
222644,941,0.140533,0
222654,948,1.124321,0
222664,938,-0.281097,0
222674,950,1.405403,0
222684,946,0.843239,0
222694,945,0.702713,0
222704,948,1.124321,0
222714,950,1.405403,0
222724,946,0.843239,0
222734,948,1.124321,0
222744,953,1.827034,0
222754,953,1.827034,0
222764,952,1.686485,0
222774,949,1.264877,0
222784,940,0,0
222794,942,0.281082,0
222804,950,1.405403,0
222814,948,1.124321,0
222824,950,1.405403,0
222834,950,1.405403,0
222844,946,0.843239,0
222854,948,1.124321,0
222864,943,0.421608,0
222874,940,0,0
222884,944,0.562164,0
222894,952,1.686485,0
222904,944,0.562164,0
222914,944,0.562164,0
222924,954,1.967583,0
222934,947,0.983795,0
222944,954,1.967583,0
222954,949,1.264877,0
222964,951,1.545952,0
222974,958,2.529747,0
222984,950,1.405403,0
222994,949,1.264877,0
223004,941,0.140533,0
223014,942,0.281082,0
223024,943,0.421608,0
223034,944,0.562164,0
223044,942,0.281082,0
223054,945,0.702713,0
223064,941,0.140533,0
223074,947,0.983795,0
223084,953,1.827034,0
223094,950,1.405403,0
223104,953,1.827034,0
223114,949,1.264877,0
223124,951,1.545952,0
223134,946,0.843239,0
223144,950,1.405403,0
223154,947,0.983795,0
223164,943,0.421608,0
223174,948,1.124321,0
223184,942,0.281082,0
223194,950,1.405403,0
223204,957,2.389191,0
223214,950,1.405403,0
223224,942,0.281082,0
223234,940,0,0
223244,954,1.967583,0
223254,938,-0.281097,0
223264,944,0.562164,0
223274,952,1.686485,0
223284,949,1.264877,0
223294,950,1.405403,0
223304,946,0.843239,0
223314,951,1.545952,0
223324,946,0.843239,0
223334,950,1.405403,0
223344,949,1.264877,0
223354,947,0.983795,0
223364,945,0.702713,0
223374,949,1.264877,0
223384,951,1.545952,0
223394,946,0.843239,0
223404,942,0.281082,0
223414,836,-14.61631,0
223424,792,-20.80014,0
223434,754,-26.14071,0
223444,686,-35.69753,0
223454,642,-41.88135,0
223464,593,-48.76788,0
223474,567,-52.42197,0
223484,549,-54.95171,0
223494,532,-57.34091,0
223504,510,-60.43283,0
223514,482,-64.36798,0
223524,455,-68.16261,0
223534,444,-69.70856,0
223544,453,-68.44369,0
223554,437,-70.69235,0
223564,427,-72.09776,0
223574,412,-74.20589,0
223584,403,-75.47076,0
223594,414,-73.9248,0
223604,407,-74.90859,0
223614,398,-76.17347,0
223624,392,-77.01672,0
223634,386,-77.85996,0
223644,389,-77.43834,0
223654,381,-78.56267,0
223664,387,-77.71942,0
223674,373,-79.687,0
223684,378,-78.9843,0
223694,372,-79.82755,0
223704,368,-80.38971,0
223714,375,-79.40591,0
223724,368,-80.38971,0
223734,367,-80.53025,0
223744,362,-81.23296,0
223754,366,-80.67079,0
223764,362,-81.23296,0
223774,360,-81.51404,0
223784,363,-81.09241,0
223794,363,-81.09241,0
223804,362,-81.23296,0
223814,357,-81.93566,0
223824,355,-82.21675,0
223834,361,-81.3735,0
223844,357,-81.93566,0
223854,360,-81.51404,0
223864,359,-81.65459,0
223874,362,-81.23296,0
223884,357,-81.93566,0
223894,360,-81.51404,0
223904,360,-81.51404,0
223914,358,-81.79513,0
223924,360,-81.51404,0
223934,362,-81.23296,0
223944,357,-81.93566,0
223954,355,-82.21675,0
223964,361,-81.3735,0
223974,363,-81.09241,0
223984,356,-82.07621,0
223994,360,-81.51404,0
224004,362,-81.23296,0
224014,370,-80.10863,0
224024,357,-81.93566,0
224034,361,-81.3735,0
224044,361,-81.3735,0
224054,360,-81.51404,0
224064,357,-81.93566,0
224074,356,-82.07621,0
224084,360,-81.51404,0
224094,360,-81.51404,0
224104,359,-81.65459,0
224114,362,-81.23296,0
224124,360,-81.51404,0
224134,359,-81.65459,0
224144,359,-81.65459,0
224154,354,-82.35728,0
224164,353,-82.49783,0
224174,366,-80.67079,0
224184,364,-80.95187,0
224194,355,-82.21675,0
224204,367,-80.53025,0
224214,359,-81.65459,0
224224,361,-81.3735,0
224234,357,-81.93566,0
224244,356,-82.07621,0
224254,357,-81.93566,0
224264,362,-81.23296,0
224274,358,-81.79513,0
224284,356,-82.07621,0
224294,362,-81.23296,0
224304,362,-81.23296,0
224314,364,-80.95187,0
224324,360,-81.51404,0
224334,361,-81.3735,0
224344,358,-81.79513,0
224354,358,-81.79513,0
224364,364,-80.95187,0
224374,359,-81.65459,0
224384,358,-81.79513,0
224394,355,-82.21675,0
224404,359,-81.65459,0
224414,354,-82.35728,0
224424,361,-81.3735,0
224434,356,-82.07621,0
224444,353,-82.49783,0
224454,363,-81.09241,0
224464,363,-81.09241,0
224474,357,-81.93566,0
224484,359,-81.65459,0
224494,361,-81.3735,0
224504,358,-81.79513,0
224514,362,-81.23296,0
224524,355,-82.21675,0
224534,365,-80.81134,0
224544,360,-81.51404,0
224554,357,-81.93566,0
224564,360,-81.51404,0
224574,364,-80.95187,0
224584,357,-81.93566,0
224594,362,-81.23296,0
224604,357,-81.93566,0
224614,357,-81.93566,0
224624,361,-81.3735,0
224634,353,-82.49783,0
224644,367,-80.53025,0
224654,362,-81.23296,0
224664,355,-82.21675,0
224674,364,-80.95187,0
224684,364,-80.95187,0
224694,360,-81.51404,0
224704,355,-82.21675,0
224714,362,-81.23296,0
224724,357,-81.93566,0
224734,364,-80.95187,0
224744,358,-81.79513,0
224754,358,-81.79513,0
224764,361,-81.3735,0
224774,362,-81.23296,0
224784,354,-82.35728,0
224794,364,-80.95187,0
224804,359,-81.65459,0
224814,360,-81.51404,0
224824,350,-82.91946,0
224834,358,-81.79513,0
224844,360,-81.51404,0
224854,363,-81.09241,0
224864,367,-80.53025,0
224874,363,-81.09241,0
224884,361,-81.3735,0
224894,359,-81.65459,0
224904,361,-81.3735,0
224914,368,-80.38971,0
224924,360,-81.51404,0
224934,357,-81.93566,0
224944,355,-82.21675,0
224954,361,-81.3735,0
224964,363,-81.09241,0
224974,357,-81.93566,0
224984,360,-81.51404,0
224994,362,-81.23296,0
225004,362,-81.23296,0
225014,349,-83.06,0
225024,354,-82.35728,0
225034,364,-80.95187,0
225044,359,-81.65459,0
225054,360,-81.51404,0
225064,356,-82.07621,0
225074,349,-83.06,0
225084,357,-81.93566,0
225094,359,-81.65459,0
225104,359,-81.65459,0
225114,356,-82.07621,0
225124,350,-82.91946,0
225134,354,-82.35728,0
225144,358,-81.79513,0
225154,365,-80.81134,0
225164,360,-81.51404,0
225174,348,-83.20054,0
225184,353,-82.49783,0
225194,359,-81.65459,0
225204,357,-81.93566,0
225214,356,-82.07621,0
225224,363,-81.09241,0
225234,353,-82.49783,0
225244,349,-83.06,0
225254,362,-81.23296,0
225264,358,-81.79513,0
225274,358,-81.79513,0
225284,351,-82.77892,0
225294,356,-82.07621,0
225304,361,-81.3735,0
225314,354,-82.35728,0
225324,356,-82.07621,0
225334,358,-81.79513,0
225344,362,-81.23296,0
225354,365,-80.81134,0
225364,362,-81.23296,0
225374,363,-81.09241,0
225384,357,-81.93566,0
225394,357,-81.93566,0
225404,359,-81.65459,0
225414,351,-82.77892,0
225424,357,-81.93566,0
225434,356,-82.07621,0
225444,357,-81.93566,0
225454,364,-80.95187,0
225464,358,-81.79513,0
225474,363,-81.09241,0
225484,356,-82.07621,0
225494,360,-81.51404,0
225504,359,-81.65459,0
225514,358,-81.79513,0
225524,360,-81.51404,0
225534,356,-82.07621,0
225544,351,-82.77892,0
225554,359,-81.65459,0
225564,355,-82.21675,0
225574,358,-81.79513,0
225584,358,-81.79513,0
225594,362,-81.23296,0
225604,354,-82.35728,0
225614,364,-80.95187,0
225624,363,-81.09241,0
225634,363,-81.09241,0
225644,360,-81.51404,0
225654,359,-81.65459,0
225664,361,-81.3735,0
225674,363,-81.09241,0
225684,360,-81.51404,0
225694,358,-81.79513,0
225704,367,-80.53025,0
225714,355,-82.21675,0
225724,356,-82.07621,0
225734,361,-81.3735,0
225744,362,-81.23296,0
225754,364,-80.95187,0
225764,360,-81.51404,0
225774,359,-81.65459,0
225784,355,-82.21675,0
225794,359,-81.65459,0
225804,355,-82.21675,0
225814,362,-81.23296,0
225824,360,-81.51404,0
225834,358,-81.79513,0
225844,363,-81.09241,0
225854,363,-81.09241,0
225864,357,-81.93566,0
225874,356,-82.07621,0
225884,349,-83.06,0
225894,354,-82.35728,0
225904,367,-80.53025,0
225914,351,-82.77892,0
225924,352,-82.63837,0
225934,354,-82.35728,0
225944,354,-82.35728,0
225954,360,-81.51404,0
225964,359,-81.65459,0
225974,356,-82.07621,0
225984,356,-82.07621,0
225994,363,-81.09241,0
226004,363,-81.09241,0
226014,361,-81.3735,0
226024,354,-82.35728,0
226034,366,-80.67079,0
226044,349,-83.06,0
226054,352,-82.63837,0
226064,367,-80.53025,0
226074,356,-82.07621,0
226084,355,-82.21675,0
226094,361,-81.3735,0
226104,363,-81.09241,0
226114,352,-82.63837,0
226124,357,-81.93566,0
226134,359,-81.65459,0
226144,357,-81.93566,0
226154,361,-81.3735,0
226164,358,-81.79513,0
226174,360,-81.51404,0
226184,366,-80.67079,0
226194,364,-80.95187,0
226204,356,-82.07621,0
226214,363,-81.09241,0
226224,361,-81.3735,0
226234,357,-81.93566,0
226244,358,-81.79513,0
226254,351,-82.77892,0
226264,362,-81.23296,0
226274,357,-81.93566,0
226284,351,-82.77892,0
226294,359,-81.65459,0
226304,362,-81.23296,0
226314,358,-81.79513,0
226324,361,-81.3735,0
226334,351,-82.77892,0
226344,362,-81.23296,0
226354,367,-80.53025,0
226364,366,-80.67079,0
226374,360,-81.51404,0
226384,354,-82.35728,0
226394,357,-81.93566,0
226404,353,-82.49783,0
226414,364,-80.95187,0
226424,357,-81.93566,0
226434,360,-81.51404,0
226444,352,-82.63837,0
226454,357,-81.93566,0
226464,355,-82.21675,0
226474,359,-81.65459,0
226484,363,-81.09241,0
226494,353,-82.49783,0
226504,355,-82.21675,0
226514,358,-81.79513,0
226524,357,-81.93566,0
226534,362,-81.23296,0
226544,363,-81.09241,0
226554,363,-81.09241,0
226564,356,-82.07621,0
226574,361,-81.3735,0
226584,360,-81.51404,0
226594,359,-81.65459,0
226604,360,-81.51404,0
226614,365,-80.81134,0
226624,356,-82.07621,0
226634,368,-80.38971,0
226644,360,-81.51404,0
226654,352,-82.63837,0
226664,358,-81.79513,0
226674,362,-81.23296,0
226684,362,-81.23296,0
226694,363,-81.09241,0
226704,359,-81.65459,0
226714,353,-82.49783,0
226724,352,-82.63837,0
226734,362,-81.23296,0
226744,357,-81.93566,0
226754,352,-82.63837,0
226764,358,-81.79513,0
226774,355,-82.21675,0
226784,361,-81.3735,0
226794,362,-81.23296,0
226804,357,-81.93566,0
226814,365,-80.81134,0
226824,359,-81.65459,0
226834,362,-81.23296,0
226844,353,-82.49783,0
226854,361,-81.3735,0
226864,360,-81.51404,0
226874,360,-81.51404,0
226884,360,-81.51404,0
226894,355,-82.21675,0
226904,368,-80.38971,0
226914,363,-81.09241,0
226924,360,-81.51404,0
226934,363,-81.09241,0
226944,360,-81.51404,0
226954,362,-81.23296,0
226964,359,-81.65459,0
226974,359,-81.65459,0
226984,362,-81.23296,0
226994,358,-81.79513,0
227004,362,-81.23296,0
227014,353,-82.49783,0
227024,353,-82.49783,0
227034,353,-82.49783,0
227044,361,-81.3735,0
227054,352,-82.63837,0
227064,357,-81.93566,0
227074,359,-81.65459,0
227084,363,-81.09241,0
227094,361,-81.3735,0
227104,359,-81.65459,0
227114,360,-81.51404,0
227124,360,-81.51404,0
227134,361,-81.3735,0
227144,359,-81.65459,0
227154,363,-81.09241,0
227164,362,-81.23296,0
227174,366,-80.67079,0
227184,361,-81.3735,0
227194,360,-81.51404,0
227204,360,-81.51404,0
227214,359,-81.65459,0
227224,359,-81.65459,0
227234,359,-81.65459,0
227244,348,-83.20054,0
227254,353,-82.49783,0
227264,356,-82.07621,0
227274,356,-82.07621,0
227284,348,-83.20054,0
227294,364,-80.95187,0
227304,360,-81.51404,0
227314,364,-80.95187,0
227324,361,-81.3735,0
227334,364,-80.95187,0
227344,360,-81.51404,0
227354,366,-80.67079,0
227364,363,-81.09241,0
227374,359,-81.65459,0
227384,357,-81.93566,0
227394,358,-81.79513,0
227404,370,-80.10863,0
227414,360,-81.51404,0
227424,361,-81.3735,0
227434,364,-80.95187,0
227444,357,-81.93566,0
227454,362,-81.23296,0
227464,360,-81.51404,0
227474,365,-80.81134,0
227484,368,-80.38971,0
227494,354,-82.35728,0
227504,357,-81.93566,0
227514,360,-81.51404,0
227524,364,-80.95187,0
227534,360,-81.51404,0
227544,361,-81.3735,0
227554,359,-81.65459,0
227564,362,-81.23296,0
227574,358,-81.79513,0
227584,357,-81.93566,0
227594,357,-81.93566,0
227604,368,-80.38971,0
227614,359,-81.65459,0
227624,354,-82.35728,0
227634,367,-80.53025,0
227644,360,-81.51404,0
227654,362,-81.23296,0
227664,361,-81.3735,0
227674,362,-81.23296,0
227684,357,-81.93566,0
227694,359,-81.65459,0
227704,356,-82.07621,0
227714,356,-82.07621,0
227724,357,-81.93566,0
227734,365,-80.81134,0
227744,355,-82.21675,0
227754,358,-81.79513,0
227764,358,-81.79513,0
227774,358,-81.79513,0
227784,366,-80.67079,0
227794,357,-81.93566,0
227804,366,-80.67079,0
227814,363,-81.09241,0
227824,361,-81.3735,0
227834,362,-81.23296,0
227844,354,-82.35728,0
227854,362,-81.23296,0
227864,363,-81.09241,0
227874,360,-81.51404,0
227884,360,-81.51404,0
227894,361,-81.3735,0
227904,359,-81.65459,0
227914,358,-81.79513,0
227924,368,-80.38971,0
227934,359,-81.65459,0
227944,369,-80.24917,0
227954,357,-81.93566,0
227964,360,-81.51404,0
227974,360,-81.51404,0
227984,363,-81.09241,0
227994,363,-81.09241,0
228004,359,-81.65459,0
228014,357,-81.93566,0
228024,357,-81.93566,0
228034,364,-80.95187,0
228044,358,-81.79513,0
228054,361,-81.3735,0
228064,365,-80.81134,0
228074,360,-81.51404,0
228084,357,-81.93566,0
228094,367,-80.53025,0
228104,364,-80.95187,0
228114,363,-81.09241,0
228124,362,-81.23296,0
228134,359,-81.65459,0
228144,355,-82.21675,0
228154,362,-81.23296,0
228164,367,-80.53025,0
228174,358,-81.79513,0
228184,364,-80.95187,0
228194,367,-80.53025,0
228204,362,-81.23296,0
228214,361,-81.3735,0
228224,369,-80.24917,0
228234,363,-81.09241,0
228244,361,-81.3735,0
228254,354,-82.35728,0
228264,365,-80.81134,0
228274,359,-81.65459,0
228284,351,-82.77892,0
228294,359,-81.65459,0
228304,357,-81.93566,0
228314,357,-81.93566,0
228324,358,-81.79513,0
228334,364,-80.95187,0
228344,356,-82.07621,0
228354,359,-81.65459,0
228364,363,-81.09241,0
228374,357,-81.93566,0
228384,362,-81.23296,0
228394,359,-81.65459,0
228404,362,-81.23296,0
228414,358,-81.79513,0
228424,357,-81.93566,0
228434,363,-81.09241,0
228444,357,-81.93566,0
228454,359,-81.65459,0
228464,364,-80.95187,0
228474,360,-81.51404,0
228484,366,-80.67079,0
228494,357,-81.93566,0
228504,363,-81.09241,0
228514,359,-81.65459,0
228524,364,-80.95187,0
228534,358,-81.79513,0
228544,362,-81.23296,0
228554,365,-80.81134,0
228564,359,-81.65459,0
228574,362,-81.23296,0
228584,360,-81.51404,0
228594,363,-81.09241,0
228604,363,-81.09241,0
228614,359,-81.65459,0
228624,357,-81.93566,0
228634,359,-81.65459,0
228644,359,-81.65459,0
228654,363,-81.09241,0
228664,361,-81.3735,0
228674,361,-81.3735,0
228684,356,-82.07621,0
228694,361,-81.3735,0
228704,359,-81.65459,0
228714,359,-81.65459,0
228724,357,-81.93566,0
228734,357,-81.93566,0
228744,361,-81.3735,0
228754,354,-82.35728,0
228764,364,-80.95187,0
228774,360,-81.51404,0
228784,358,-81.79513,0
228794,366,-80.67079,0
228804,360,-81.51404,0
228814,354,-82.35728,0
228824,358,-81.79513,0
228834,359,-81.65459,0
228844,356,-82.07621,0
228854,359,-81.65459,0
228864,359,-81.65459,0
228874,356,-82.07621,0
228884,364,-80.95187,0
228894,354,-82.35728,0
228904,360,-81.51404,0
228914,356,-82.07621,0
228924,365,-80.81134,0
228934,361,-81.3735,0
228944,363,-81.09241,0
228954,366,-80.67079,0
228964,362,-81.23296,0
228974,355,-82.21675,0
228984,359,-81.65459,0
228994,367,-80.53025,0
229004,360,-81.51404,0
229014,361,-81.3735,0
229024,358,-81.79513,0
229034,356,-82.07621,0
229044,359,-81.65459,0
229054,361,-81.3735,0
229064,360,-81.51404,0
229074,360,-81.51404,0
229084,358,-81.79513,0
229094,368,-80.38971,0
229104,365,-80.81134,0
229114,359,-81.65459,0
229124,362,-81.23296,0
229134,360,-81.51404,0
229144,366,-80.67079,0
229154,359,-81.65459,0
229164,367,-80.53025,0
229174,364,-80.95187,0
229184,363,-81.09241,0
229194,357,-81.93566,0
229204,355,-82.21675,0
229214,364,-80.95187,0
229224,355,-82.21675,0
229234,363,-81.09241,0
229244,362,-81.23296,0
229254,363,-81.09241,0
229264,363,-81.09241,0
229274,359,-81.65459,0
229284,361,-81.3735,0
229294,364,-80.95187,0
229304,367,-80.53025,0
229314,367,-80.53025,0
229324,361,-81.3735,0
229334,354,-82.35728,0
229344,352,-82.63837,0
229354,359,-81.65459,0
229364,364,-80.95187,0
229374,367,-80.53025,0
229384,369,-80.24917,0
229394,362,-81.23296,0
229404,368,-80.38971,0
229414,368,-80.38971,0
229424,365,-80.81134,0
229434,357,-81.93566,0
229444,359,-81.65459,0
229454,362,-81.23296,0
229464,365,-80.81134,0
229474,354,-82.35728,0
229484,362,-81.23296,0
229494,369,-80.24917,0
229504,355,-82.21675,0
229514,360,-81.51404,0
229524,360,-81.51404,0
229534,361,-81.3735,0
229544,359,-81.65459,0
229554,360,-81.51404,0
229564,359,-81.65459,0
229574,362,-81.23296,0
229584,367,-80.53025,0
229594,362,-81.23296,0
229604,364,-80.95187,0
229614,360,-81.51404,0
229624,364,-80.95187,0
229634,371,-79.96809,0
229644,356,-82.07621,0
229654,363,-81.09241,0
229664,366,-80.67079,0
229674,365,-80.81134,0
229684,355,-82.21675,0
229694,360,-81.51404,0
229704,361,-81.3735,0
229714,355,-82.21675,0
229724,364,-80.95187,0
229734,360,-81.51404,0
229744,354,-82.35728,0
229754,362,-81.23296,0
229764,364,-80.95187,0
229774,355,-82.21675,0
229784,365,-80.81134,0
229794,362,-81.23296,0
229804,360,-81.51404,0
229814,359,-81.65459,0
229824,357,-81.93566,0
229834,362,-81.23296,0
229844,358,-81.79513,0
229854,359,-81.65459,0
229864,366,-80.67079,0
229874,361,-81.3735,0
229884,354,-82.35728,0
229894,361,-81.3735,0
229904,353,-82.49783,0
229914,363,-81.09241,0
229924,361,-81.3735,0
229934,364,-80.95187,0
229944,362,-81.23296,0
229954,353,-82.49783,0
229964,359,-81.65459,0
229974,355,-82.21675,0
229984,360,-81.51404,0
229994,354,-82.35728,0
230004,358,-81.79513,0
230014,365,-80.81134,0
230024,356,-82.07621,0
230034,359,-81.65459,0
230044,363,-81.09241,0
230054,361,-81.3735,0
230064,365,-80.81134,0
230074,361,-81.3735,0
230084,358,-81.79513,0
230094,355,-82.21675,0
230104,362,-81.23296,0
230114,361,-81.3735,0
230124,364,-80.95187,0
230134,367,-80.53025,0
230144,363,-81.09241,0
230154,357,-81.93566,0
230164,362,-81.23296,0
230174,351,-82.77892,0
230184,355,-82.21675,0
230194,367,-80.53025,0
230204,368,-80.38971,0
230214,363,-81.09241,0
230224,356,-82.07621,0
230234,357,-81.93566,0
230244,364,-80.95187,0
230254,363,-81.09241,0
230264,358,-81.79513,0
230274,364,-80.95187,0
230284,364,-80.95187,0
230294,353,-82.49783,0
230304,355,-82.21675,0
230314,359,-81.65459,0
230324,360,-81.51404,0
230334,359,-81.65459,0
230344,362,-81.23296,0
230354,356,-82.07621,0
230364,361,-81.3735,0
230374,360,-81.51404,0
230384,361,-81.3735,0
230394,367,-80.53025,0
230404,356,-82.07621,0
230414,358,-81.79513,0
230424,369,-80.24917,0
230434,365,-80.81134,0
230444,363,-81.09241,0
230454,368,-80.38971,0
230464,363,-81.09241,0
230474,359,-81.65459,0
230484,362,-81.23296,0
230494,363,-81.09241,0
230504,361,-81.3735,0
230514,371,-79.96809,0
230524,361,-81.3735,0
230534,363,-81.09241,0
230544,347,-83.34108,0
230554,357,-81.93566,0
230564,370,-80.10863,0
230574,361,-81.3735,0
230584,365,-80.81134,0
230594,361,-81.3735,0
230604,361,-81.3735,0
230614,363,-81.09241,0
230624,363,-81.09241,0
230634,365,-80.81134,0
230644,361,-81.3735,0
230654,363,-81.09241,0
230664,359,-81.65459,0
230674,360,-81.51404,0
230684,365,-80.81134,0
230694,364,-80.95187,0
230704,364,-80.95187,0
230714,364,-80.95187,0
230724,363,-81.09241,0
230734,366,-80.67079,0
230744,362,-81.23296,0
230754,359,-81.65459,0
230764,358,-81.79513,0
230774,367,-80.53025,0
230784,355,-82.21675,0
230794,358,-81.79513,0
230804,362,-81.23296,0
230814,357,-81.93566,0
230824,365,-80.81134,0
230834,364,-80.95187,0
230844,367,-80.53025,0
230854,363,-81.09241,0
230864,364,-80.95187,0
230874,364,-80.95187,0
230884,363,-81.09241,0
230894,365,-80.81134,0
230904,356,-82.07621,0
230914,359,-81.65459,0
230924,363,-81.09241,0
230934,361,-81.3735,0
230944,359,-81.65459,0
230954,367,-80.53025,0
230964,354,-82.35728,0
230974,362,-81.23296,0
230984,365,-80.81134,0
230994,358,-81.79513,0
231004,363,-81.09241,0
231014,361,-81.3735,0
231024,361,-81.3735,0
231034,360,-81.51404,0
231044,361,-81.3735,0
231054,358,-81.79513,0
231064,358,-81.79513,0
231074,361,-81.3735,0
231084,362,-81.23296,0
231094,354,-82.35728,0
231104,359,-81.65459,0
231114,362,-81.23296,0
231124,361,-81.3735,0
231134,368,-80.38971,0
231144,368,-80.38971,0
231154,358,-81.79513,0
231164,366,-80.67079,0
231174,365,-80.81134,0
231184,363,-81.09241,0
231194,362,-81.23296,0
231204,356,-82.07621,0
231214,361,-81.3735,0
231224,364,-80.95187,0
231234,363,-81.09241,0
231244,358,-81.79513,0
231254,363,-81.09241,0
231264,366,-80.67079,0
231274,361,-81.3735,0
231284,366,-80.67079,0
231294,360,-81.51404,0
231304,363,-81.09241,0
231314,359,-81.65459,0
231324,359,-81.65459,0
231334,363,-81.09241,0
231344,363,-81.09241,0
231354,360,-81.51404,0
231364,357,-81.93566,0
231374,363,-81.09241,0
231384,368,-80.38971,0
231394,362,-81.23296,0
231404,362,-81.23296,0
231414,360,-81.51404,0
231424,364,-80.95187,0
231434,362,-81.23296,0
231444,364,-80.95187,0
231454,363,-81.09241,0
231464,359,-81.65459,0
231474,363,-81.09241,0
231484,367,-80.53025,0
231494,362,-81.23296,0
231504,351,-82.77892,0
231514,354,-82.35728,0
231524,361,-81.3735,0
231534,359,-81.65459,0
231544,366,-80.67079,0
231554,357,-81.93566,0
231564,360,-81.51404,0
231574,365,-80.81134,0
231584,357,-81.93566,0
231594,360,-81.51404,0
231604,364,-80.95187,0
231614,363,-81.09241,0
231624,362,-81.23296,0
231634,363,-81.09241,0
231644,360,-81.51404,0
231654,355,-82.21675,0
231664,362,-81.23296,0
231674,354,-82.35728,0
231684,364,-80.95187,0
231694,366,-80.67079,0
231704,361,-81.3735,0
231714,363,-81.09241,0
231724,369,-80.24917,0
231734,357,-81.93566,0
231744,364,-80.95187,0
231754,356,-82.07621,0
231764,363,-81.09241,0
231774,366,-80.67079,0
231784,360,-81.51404,0
231794,366,-80.67079,0
231804,358,-81.79513,0
231814,367,-80.53025,0
231824,364,-80.95187,0
231834,364,-80.95187,0
231844,360,-81.51404,0
231854,366,-80.67079,0
231864,360,-81.51404,0
231874,360,-81.51404,0
231884,363,-81.09241,0
231894,361,-81.3735,0
231904,366,-80.67079,0
231914,362,-81.23296,0
231924,360,-81.51404,0
231934,361,-81.3735,0
231944,360,-81.51404,0
231954,364,-80.95187,0
231964,357,-81.93566,0
231974,364,-80.95187,0
231984,363,-81.09241,0
231994,365,-80.81134,0
232004,355,-82.21675,0
232014,358,-81.79513,0
232024,359,-81.65459,0
232034,362,-81.23296,0
232044,361,-81.3735,0
232054,359,-81.65459,0
232064,360,-81.51404,0
232074,358,-81.79513,0
232084,366,-80.67079,0
232094,361,-81.3735,0
232104,365,-80.81134,0
232114,357,-81.93566,0
232124,363,-81.09241,0
232134,361,-81.3735,0
232144,359,-81.65459,0
232154,367,-80.53025,0
232164,360,-81.51404,0
232174,367,-80.53025,0
232184,362,-81.23296,0
232194,363,-81.09241,0
232204,360,-81.51404,0
232214,364,-80.95187,0
232224,365,-80.81134,0
232234,364,-80.95187,0
232244,372,-79.82755,0
232254,365,-80.81134,0
232264,368,-80.38971,0
232274,358,-81.79513,0
232284,356,-82.07621,0
232294,368,-80.38971,0
232304,355,-82.21675,0
232314,363,-81.09241,0
232324,359,-81.65459,0
232334,361,-81.3735,0
232344,361,-81.3735,0
232354,361,-81.3735,0
232364,364,-80.95187,0
232374,357,-81.93566,0
232384,366,-80.67079,0
232394,362,-81.23296,0
232404,362,-81.23296,0
232414,359,-81.65459,0
232424,362,-81.23296,0
232434,356,-82.07621,0
232444,364,-80.95187,0
232454,363,-81.09241,0
232464,361,-81.3735,0
232474,358,-81.79513,0
232484,360,-81.51404,0
232494,363,-81.09241,0
232504,358,-81.79513,0
232514,370,-80.10863,0
232524,368,-80.38971,0
232534,347,-83.34108,0
232544,357,-81.93566,0
232554,360,-81.51404,0
232564,366,-80.67079,0
232574,361,-81.3735,0
232584,364,-80.95187,0
232594,362,-81.23296,0
232604,365,-80.81134,0
232614,360,-81.51404,0
232624,365,-80.81134,0
232634,368,-80.38971,0
232644,357,-81.93566,0
232654,358,-81.79513,0
232664,362,-81.23296,0
232674,361,-81.3735,0
232684,364,-80.95187,0
232694,361,-81.3735,0
232704,365,-80.81134,0
232714,367,-80.53025,0
232724,364,-80.95187,0
232734,370,-80.10863,0
232744,360,-81.51404,0
232754,367,-80.53025,0
232764,360,-81.51404,0
232774,363,-81.09241,0
232784,368,-80.38971,0
232794,363,-81.09241,0
232804,369,-80.24917,0
232814,366,-80.67079,0
232824,364,-80.95187,0
232834,367,-80.53025,0
232844,362,-81.23296,0
232854,365,-80.81134,0
232864,362,-81.23296,0
232874,365,-80.81134,0
232884,362,-81.23296,0
232894,359,-81.65459,0
232904,362,-81.23296,0
232914,364,-80.95187,0
232924,364,-80.95187,0
232934,361,-81.3735,0
232944,356,-82.07621,0
232954,364,-80.95187,0
232964,361,-81.3735,0
232974,359,-81.65459,0
232984,363,-81.09241,0
232994,368,-80.38971,0
233004,362,-81.23296,0
233014,362,-81.23296,0
233024,355,-82.21675,0
233034,363,-81.09241,0
233044,358,-81.79513,0
233054,359,-81.65459,0
233064,363,-81.09241,0
233074,360,-81.51404,0
233084,361,-81.3735,0
233094,366,-80.67079,0
233104,374,-79.54646,0
233114,363,-81.09241,0
233124,366,-80.67079,0
233134,362,-81.23296,0
233144,368,-80.38971,0
233154,367,-80.53025,0
233164,363,-81.09241,0
233174,373,-79.687,0
233184,361,-81.3735,0
233194,360,-81.51404,0
233204,362,-81.23296,0
233214,364,-80.95187,0
233224,368,-80.38971,0
233234,361,-81.3735,0
233244,363,-81.09241,0
233254,368,-80.38971,0
233264,369,-80.24917,0
233274,365,-80.81134,0
233284,371,-79.96809,0
233294,368,-80.38971,0
233304,368,-80.38971,0
233314,368,-80.38971,0
233324,371,-79.96809,0
233334,365,-80.81134,0
233344,358,-81.79513,0
233354,364,-80.95187,0
233364,362,-81.23296,0
233374,360,-81.51404,0
233384,365,-80.81134,0
233394,361,-81.3735,0
233404,365,-80.81134,0
233414,360,-81.51404,0
233424,351,-82.77892,0
233434,363,-81.09241,0
233444,371,-79.96809,0
233454,358,-81.79513,0
233464,367,-80.53025,0
233474,365,-80.81134,0
233484,364,-80.95187,0
233494,362,-81.23296,0
233504,364,-80.95187,0
233514,363,-81.09241,0
233524,359,-81.65459,0
233534,358,-81.79513,0
233544,360,-81.51404,0
233554,367,-80.53025,0
233564,357,-81.93566,0
233574,365,-80.81134,0
233584,365,-80.81134,0
233594,358,-81.79513,0
233604,366,-80.67079,0
233614,361,-81.3735,0
233624,360,-81.51404,0
233634,352,-82.63837,0
233644,362,-81.23296,0
233654,369,-80.24917,0
233664,359,-81.65459,0
233674,353,-82.49783,0
233684,366,-80.67079,0
233694,351,-82.77892,0
233704,362,-81.23296,0
233714,366,-80.67079,0
233724,352,-82.63837,0
233734,367,-80.53025,0
233744,366,-80.67079,0
233754,363,-81.09241,0
233764,363,-81.09241,0
233774,367,-80.53025,0
233784,362,-81.23296,0
233794,364,-80.95187,0
233804,367,-80.53025,0
233814,358,-81.79513,0
233824,361,-81.3735,0
233834,364,-80.95187,0
233844,360,-81.51404,0
233854,364,-80.95187,0
233864,358,-81.79513,0
233874,361,-81.3735,0
233884,365,-80.81134,0
233894,365,-80.81134,0
233904,367,-80.53025,0
233914,362,-81.23296,0
233924,363,-81.09241,0
233934,363,-81.09241,0
233944,364,-80.95187,0
233954,358,-81.79513,0
233964,357,-81.93566,0
233974,363,-81.09241,0
233984,364,-80.95187,0
233994,360,-81.51404,0
234004,364,-80.95187,0
234014,371,-79.96809,0
234024,369,-80.24917,0
234034,364,-80.95187,0
234044,355,-82.21675,0
234054,366,-80.67079,0
234064,366,-80.67079,0
234074,359,-81.65459,0
234084,362,-81.23296,0
234094,365,-80.81134,0
234104,359,-81.65459,0
234114,365,-80.81134,0
234124,361,-81.3735,0
234134,366,-80.67079,0
234144,359,-81.65459,0
234154,364,-80.95187,0
234164,367,-80.53025,0
234174,352,-82.63837,0
234184,360,-81.51404,0
234194,365,-80.81134,0
234204,364,-80.95187,0
234214,357,-81.93566,0
234224,363,-81.09241,0
234234,363,-81.09241,0
234244,368,-80.38971,0
234254,356,-82.07621,0
234264,362,-81.23296,0
234274,368,-80.38971,0
234284,366,-80.67079,0
234294,355,-82.21675,0
234304,359,-81.65459,0
234314,355,-82.21675,0
234324,359,-81.65459,0
234334,363,-81.09241,0
234344,359,-81.65459,0
234354,371,-79.96809,0
234364,366,-80.67079,0
234374,366,-80.67079,0
234384,370,-80.10863,0
234394,361,-81.3735,0
234404,360,-81.51404,0
234414,363,-81.09241,0
234424,363,-81.09241,0
234434,358,-81.79513,0
234444,364,-80.95187,0
234454,360,-81.51404,0
234464,366,-80.67079,0
234474,360,-81.51404,0
234484,359,-81.65459,0
234494,362,-81.23296,0
234504,368,-80.38971,0
234514,361,-81.3735,0
234524,361,-81.3735,0
234534,369,-80.24917,0
234544,366,-80.67079,0
234554,367,-80.53025,0
234564,361,-81.3735,0
234574,365,-80.81134,0
234584,368,-80.38971,0
234594,364,-80.95187,0
234604,369,-80.24917,0
234614,363,-81.09241,0
234624,365,-80.81134,0
234634,357,-81.93566,0
234644,368,-80.38971,0
234654,365,-80.81134,0
234664,365,-80.81134,0
234674,360,-81.51404,0
234684,364,-80.95187,0
234694,362,-81.23296,0
234704,367,-80.53025,0
234714,361,-81.3735,0
234724,365,-80.81134,0
234734,364,-80.95187,0
234744,374,-79.54646,0
234754,367,-80.53025,0
234764,370,-80.10863,0
234774,361,-81.3735,0
234784,366,-80.67079,0
234794,365,-80.81134,0
234804,357,-81.93566,0
234814,367,-80.53025,0
234824,365,-80.81134,0
234834,368,-80.38971,0
234844,365,-80.81134,0
234854,356,-82.07621,0
234864,364,-80.95187,0
234874,367,-80.53025,0
234884,361,-81.3735,0
234894,364,-80.95187,0
234904,356,-82.07621,0
234914,365,-80.81134,0
234924,371,-79.96809,0
234934,366,-80.67079,0
234944,360,-81.51404,0
234954,363,-81.09241,0
234964,365,-80.81134,0
234974,364,-80.95187,0
234984,368,-80.38971,0
234994,359,-81.65459,0
235004,366,-80.67079,0
235014,365,-80.81134,0
235024,363,-81.09241,0
235034,363,-81.09241,0
235044,363,-81.09241,0
235054,361,-81.3735,0
235064,355,-82.21675,0
235074,358,-81.79513,0
235084,367,-80.53025,0
235094,363,-81.09241,0
235104,360,-81.51404,0
235114,361,-81.3735,0
235124,363,-81.09241,0
235134,360,-81.51404,0
235144,364,-80.95187,0
235154,364,-80.95187,0
235164,361,-81.3735,0
235174,354,-82.35728,0
235184,361,-81.3735,0
235194,374,-79.54646,0
235204,366,-80.67079,0
235214,353,-82.49783,0
235224,363,-81.09241,0
235234,369,-80.24917,0
235244,369,-80.24917,0
235254,359,-81.65459,0
235264,364,-80.95187,0
235274,363,-81.09241,0
235284,361,-81.3735,0
235294,364,-80.95187,0
235304,354,-82.35728,0
235314,362,-81.23296,0
235324,368,-80.38971,0
235334,361,-81.3735,0
235344,365,-80.81134,0
235354,367,-80.53025,0
235364,361,-81.3735,0
235374,362,-81.23296,0
235384,361,-81.3735,0
235394,366,-80.67079,0
235404,361,-81.3735,0
235414,366,-80.67079,0
235424,364,-80.95187,0
235434,363,-81.09241,0
235444,365,-80.81134,0
235454,359,-81.65459,0
235464,367,-80.53025,0
235474,359,-81.65459,0
235484,365,-80.81134,0
235494,364,-80.95187,0
235504,366,-80.67079,0
235514,359,-81.65459,0
235524,362,-81.23296,0
235534,361,-81.3735,0
235544,362,-81.23296,0
235554,360,-81.51404,0
235564,365,-80.81134,0
235574,360,-81.51404,0
235584,365,-80.81134,0
235594,364,-80.95187,0
235604,363,-81.09241,0
235614,364,-80.95187,0
235624,368,-80.38971,0
235634,366,-80.67079,0
235644,364,-80.95187,0
235654,369,-80.24917,0
235664,367,-80.53025,0
235674,356,-82.07621,0
235684,369,-80.24917,0
235694,365,-80.81134,0
235704,364,-80.95187,0
235714,369,-80.24917,0
235724,364,-80.95187,0
235734,360,-81.51404,0
235744,363,-81.09241,0
235754,363,-81.09241,0
235764,365,-80.81134,0
235774,360,-81.51404,0
235784,363,-81.09241,0
235794,368,-80.38971,0
235804,366,-80.67079,0
235814,367,-80.53025,0
235824,365,-80.81134,0
235834,368,-80.38971,0
235844,361,-81.3735,0
235854,364,-80.95187,0
235864,364,-80.95187,0
235874,361,-81.3735,0
235884,372,-79.82755,0
235894,371,-79.96809,0
235904,364,-80.95187,0
235914,370,-80.10863,0
235924,366,-80.67079,0
235934,363,-81.09241,0
235944,360,-81.51404,0
235954,364,-80.95187,0
235964,362,-81.23296,0
235974,360,-81.51404,0
235984,360,-81.51404,0
235994,362,-81.23296,0
236004,365,-80.81134,0
236014,362,-81.23296,0
236024,361,-81.3735,0
236034,369,-80.24917,0
236044,363,-81.09241,0
236054,360,-81.51404,0
236064,361,-81.3735,0
236074,360,-81.51404,0
236084,366,-80.67079,0
236094,364,-80.95187,0
236104,367,-80.53025,0
236114,368,-80.38971,0
236124,365,-80.81134,0
236134,370,-80.10863,0
236144,358,-81.79513,0
236154,369,-80.24917,0
236164,370,-80.10863,0
236174,360,-81.51404,0
236184,362,-81.23296,0
236194,366,-80.67079,0
236204,363,-81.09241,0
236214,356,-82.07621,0
236224,370,-80.10863,0
236234,361,-81.3735,0
236244,356,-82.07621,0
236254,362,-81.23296,0
236264,363,-81.09241,0
236274,365,-80.81134,0
236284,366,-80.67079,0
236294,370,-80.10863,0
236304,365,-80.81134,0
236314,367,-80.53025,0
236324,366,-80.67079,0
236334,369,-80.24917,0
236344,361,-81.3735,0
236354,364,-80.95187,0
236364,364,-80.95187,0
236374,364,-80.95187,0
236384,372,-79.82755,0
236394,369,-80.24917,0
236404,369,-80.24917,0
236414,364,-80.95187,0
236424,368,-80.38971,0
236434,365,-80.81134,0
236444,359,-81.65459,0
236454,358,-81.79513,0
236464,368,-80.38971,0
236474,353,-82.49783,0
236484,371,-79.96809,0
236494,364,-80.95187,0
236504,362,-81.23296,0
236514,361,-81.3735,0
236524,364,-80.95187,0
236534,358,-81.79513,0
236544,365,-80.81134,0
236554,368,-80.38971,0
236564,362,-81.23296,0
236574,366,-80.67079,0
236584,357,-81.93566,0
236594,363,-81.09241,0
236604,360,-81.51404,0
236614,372,-79.82755,0
236624,367,-80.53025,0
236634,374,-79.54646,0
236644,366,-80.67079,0
236654,372,-79.82755,0
236664,362,-81.23296,0
236674,366,-80.67079,0
236684,365,-80.81134,0
236694,368,-80.38971,0
236704,367,-80.53025,0
236714,362,-81.23296,0
236724,373,-79.687,0
236734,367,-80.53025,0
236744,364,-80.95187,0
236754,364,-80.95187,0
236764,366,-80.67079,0
236774,364,-80.95187,0
236784,361,-81.3735,0
236794,361,-81.3735,0
236804,363,-81.09241,0
236814,361,-81.3735,0
236824,361,-81.3735,0
236834,365,-80.81134,0
236844,370,-80.10863,0
236854,369,-80.24917,0
236864,363,-81.09241,0
236874,369,-80.24917,0
236884,363,-81.09241,0
236894,366,-80.67079,0
236904,363,-81.09241,0
236914,361,-81.3735,0
236924,365,-80.81134,0
236934,361,-81.3735,0
236944,363,-81.09241,0
236954,360,-81.51404,0
236964,361,-81.3735,0
236974,365,-80.81134,0
236984,356,-82.07621,0
236994,367,-80.53025,0
237004,360,-81.51404,0
237014,366,-80.67079,0
237024,362,-81.23296,0
237034,360,-81.51404,0
237044,368,-80.38971,0
237054,366,-80.67079,0
237064,371,-79.96809,0
237074,364,-80.95187,0
237084,358,-81.79513,0
237094,363,-81.09241,0
237104,364,-80.95187,0
237114,373,-79.687,0
237124,365,-80.81134,0
237134,364,-80.95187,0
237144,365,-80.81134,0
237154,362,-81.23296,0
237164,358,-81.79513,0
237174,362,-81.23296,0
237184,364,-80.95187,0
237194,365,-80.81134,0
237204,361,-81.3735,0
237214,374,-79.54646,0
237224,357,-81.93566,0
237234,362,-81.23296,0
237244,364,-80.95187,0
237254,372,-79.82755,0
237264,363,-81.09241,0
237274,368,-80.38971,0
237284,362,-81.23296,0
237294,367,-80.53025,0
237304,362,-81.23296,0
237314,362,-81.23296,0
237324,360,-81.51404,0
237334,364,-80.95187,0
237344,368,-80.38971,0
237354,361,-81.3735,0
237364,359,-81.65459,0
237374,372,-79.82755,0
237384,360,-81.51404,0
237394,361,-81.3735,0
237404,368,-80.38971,0
237414,363,-81.09241,0
237424,367,-80.53025,0
237434,367,-80.53025,0
237444,361,-81.3735,0
237454,362,-81.23296,0
237464,366,-80.67079,0
237474,359,-81.65459,0
237484,365,-80.81134,0
237494,370,-80.10863,0
237504,365,-80.81134,0
237514,375,-79.40591,0
237524,371,-79.96809,0
237534,360,-81.51404,0
237544,362,-81.23296,0
237554,362,-81.23296,0
237564,365,-80.81134,0
237574,361,-81.3735,0
237584,362,-81.23296,0
237594,362,-81.23296,0
237604,361,-81.3735,0
237614,365,-80.81134,0
237624,370,-80.10863,0
237634,364,-80.95187,0
237644,363,-81.09241,0
237654,358,-81.79513,0
237664,359,-81.65459,0
237674,367,-80.53025,0
237684,362,-81.23296,0
237694,364,-80.95187,0
237704,365,-80.81134,0
237714,367,-80.53025,0
237724,359,-81.65459,0
237734,362,-81.23296,0
237744,372,-79.82755,0
237754,364,-80.95187,0
237764,362,-81.23296,0
237774,363,-81.09241,0
237784,367,-80.53025,0
237794,368,-80.38971,0
237804,361,-81.3735,0
237814,370,-80.10863,0
237824,371,-79.96809,0
237834,363,-81.09241,0
237844,365,-80.81134,0
237854,374,-79.54646,0
237864,360,-81.51404,0
237874,370,-80.10863,0
237884,357,-81.93566,0
237894,362,-81.23296,0
237904,363,-81.09241,0
237914,362,-81.23296,0
237924,365,-80.81134,0
237934,360,-81.51404,0
237944,360,-81.51404,0
237954,357,-81.93566,0
237964,360,-81.51404,0
237974,361,-81.3735,0
237984,363,-81.09241,0
237994,359,-81.65459,0
238004,359,-81.65459,0
238014,369,-80.24917,0
238024,365,-80.81134,0
238034,363,-81.09241,0
238044,371,-79.96809,0
238054,366,-80.67079,0
238064,366,-80.67079,0
238074,360,-81.51404,0
238084,359,-81.65459,0
238094,354,-82.35728,0
238104,362,-81.23296,0
238114,366,-80.67079,0
238124,367,-80.53025,0
238134,364,-80.95187,0
238144,366,-80.67079,0
238154,364,-80.95187,0
238164,364,-80.95187,0
238174,366,-80.67079,0
238184,364,-80.95187,0
238194,362,-81.23296,0
238204,367,-80.53025,0
238214,363,-81.09241,0
238224,358,-81.79513,0
238234,366,-80.67079,0
238244,364,-80.95187,0
238254,369,-80.24917,0
238264,361,-81.3735,0
238274,365,-80.81134,0
238284,363,-81.09241,0
238294,364,-80.95187,0
238304,365,-80.81134,0
238314,363,-81.09241,0
238324,365,-80.81134,0
238334,368,-80.38971,0
238344,366,-80.67079,0
238354,363,-81.09241,0
238364,364,-80.95187,0
238374,370,-80.10863,0
238384,364,-80.95187,0
238394,355,-82.21675,0
238404,365,-80.81134,0
238414,360,-81.51404,0
238424,365,-80.81134,0
238434,364,-80.95187,0
238444,367,-80.53025,0
238454,375,-79.40591,0
238464,368,-80.38971,0
238474,361,-81.3735,0
238484,366,-80.67079,0
238494,365,-80.81134,0
238504,365,-80.81134,0
238514,364,-80.95187,0
238524,362,-81.23296,0
238534,369,-80.24917,0
238544,365,-80.81134,0
238554,366,-80.67079,0
238564,368,-80.38971,0
238574,367,-80.53025,0
238584,361,-81.3735,0
238594,369,-80.24917,0
238604,371,-79.96809,0
238614,371,-79.96809,0
238624,360,-81.51404,0
238634,366,-80.67079,0
238644,370,-80.10863,0
238654,369,-80.24917,0
238664,357,-81.93566,0
238674,365,-80.81134,0
238684,363,-81.09241,0
238694,367,-80.53025,0
238704,369,-80.24917,0
238714,359,-81.65459,0
238724,354,-82.35728,0
238734,367,-80.53025,0
238744,366,-80.67079,0
238754,369,-80.24917,0
238764,366,-80.67079,0
238774,368,-80.38971,0
238784,368,-80.38971,0
238794,368,-80.38971,0
238804,365,-80.81134,0
238814,375,-79.40591,0
238824,358,-81.79513,0
238834,366,-80.67079,0
238844,365,-80.81134,0
238854,366,-80.67079,0
238864,360,-81.51404,0
238874,361,-81.3735,0
238884,367,-80.53025,0
238894,367,-80.53025,0
238904,364,-80.95187,0
238914,365,-80.81134,0
238924,362,-81.23296,0
238934,365,-80.81134,0
238944,370,-80.10863,0
238954,368,-80.38971,0
238964,365,-80.81134,0
238974,365,-80.81134,0
238984,371,-79.96809,0
238994,364,-80.95187,0
239004,366,-80.67079,0
239014,366,-80.67079,0
239024,360,-81.51404,0
239034,361,-81.3735,0
239044,363,-81.09241,0
239054,362,-81.23296,0
239064,360,-81.51404,0
239074,367,-80.53025,0
239084,368,-80.38971,0
239094,365,-80.81134,0
239104,369,-80.24917,0
239114,362,-81.23296,0
239124,365,-80.81134,0
239134,370,-80.10863,0
239144,368,-80.38971,0
239154,369,-80.24917,0
239164,368,-80.38971,0
239174,362,-81.23296,0
239184,366,-80.67079,0
239194,370,-80.10863,0
239204,363,-81.09241,0
239214,368,-80.38971,0
239224,364,-80.95187,0
239234,364,-80.95187,0
239244,370,-80.10863,0
239254,368,-80.38971,0
239264,355,-82.21675,0
239274,370,-80.10863,0
239284,364,-80.95187,0
239294,360,-81.51404,0
239304,362,-81.23296,0
239314,368,-80.38971,0
239324,364,-80.95187,0
239334,365,-80.81134,0
239344,365,-80.81134,0
239354,371,-79.96809,0
239364,367,-80.53025,0
239374,363,-81.09241,0
239384,368,-80.38971,0
239394,364,-80.95187,0
239404,367,-80.53025,0
239414,364,-80.95187,0
239424,367,-80.53025,0
239434,367,-80.53025,0
239444,361,-81.3735,0
239454,367,-80.53025,0
239464,366,-80.67079,0
239474,373,-79.687,0
239484,371,-79.96809,0
239494,365,-80.81134,0
239504,366,-80.67079,0
239514,363,-81.09241,0
239524,365,-80.81134,0
239534,360,-81.51404,0
239544,360,-81.51404,0
239554,368,-80.38971,0
239564,364,-80.95187,0
239574,359,-81.65459,0
239584,367,-80.53025,0
239594,365,-80.81134,0
239604,362,-81.23296,0
239614,370,-80.10863,0
239624,362,-81.23296,0
239634,372,-79.82755,0
239644,365,-80.81134,0
239654,368,-80.38971,0
239664,361,-81.3735,0
239674,371,-79.96809,0
239684,363,-81.09241,0
239694,366,-80.67079,0
239704,365,-80.81134,0
239714,365,-80.81134,0
239724,363,-81.09241,0
239734,367,-80.53025,0
239744,369,-80.24917,0
239754,365,-80.81134,0
239764,365,-80.81134,0
239774,362,-81.23296,0
239784,364,-80.95187,0
239794,369,-80.24917,0
239804,366,-80.67079,0
239814,367,-80.53025,0
239824,372,-79.82755,0
239834,368,-80.38971,0
239844,366,-80.67079,0
239854,374,-79.54646,0
239864,366,-80.67079,0
239874,367,-80.53025,0
239884,366,-80.67079,0
239894,367,-80.53025,0
239904,369,-80.24917,0
239914,362,-81.23296,0
239924,362,-81.23296,0
239934,368,-80.38971,0
239944,371,-79.96809,0
239954,362,-81.23296,0
239964,370,-80.10863,0
239974,356,-82.07621,0
239984,360,-81.51404,0
239994,374,-79.54646,0
240004,365,-80.81134,0
240014,364,-80.95187,0
240024,363,-81.09241,0
240034,361,-81.3735,0
240044,364,-80.95187,0
240054,367,-80.53025,0
240064,367,-80.53025,0
240074,369,-80.24917,0
240084,374,-79.54646,0
240094,365,-80.81134,0
240104,365,-80.81134,0
240114,367,-80.53025,0
240124,364,-80.95187,0
240134,366,-80.67079,0
240144,363,-81.09241,0
240154,361,-81.3735,0
240164,361,-81.3735,0
240174,362,-81.23296,0
240184,360,-81.51404,0
240194,370,-80.10863,0
240204,364,-80.95187,0
240214,368,-80.38971,0
240224,371,-79.96809,0
240234,373,-79.687,0
240244,366,-80.67079,0
240254,365,-80.81134,0
240264,370,-80.10863,0
240274,366,-80.67079,0
240284,363,-81.09241,0
240294,365,-80.81134,0
240304,363,-81.09241,0
240314,370,-80.10863,0
240324,370,-80.10863,0
240334,371,-79.96809,0
240344,365,-80.81134,0
240354,354,-82.35728,0
240364,365,-80.81134,0
240374,361,-81.3735,0
240384,366,-80.67079,0
240394,365,-80.81134,0
240404,360,-81.51404,0
240414,364,-80.95187,0
240424,367,-80.53025,0
240434,360,-81.51404,0
240444,366,-80.67079,0
240454,366,-80.67079,0
240464,370,-80.10863,0
240474,366,-80.67079,0
240484,359,-81.65459,0
240494,366,-80.67079,0
240504,363,-81.09241,0
240514,375,-79.40591,0
240524,363,-81.09241,0
240534,362,-81.23296,0
240544,366,-80.67079,0
240554,365,-80.81134,0
240564,370,-80.10863,0
240574,366,-80.67079,0
240584,366,-80.67079,0
240594,366,-80.67079,0
240604,371,-79.96809,0
240614,364,-80.95187,0
240624,369,-80.24917,0
240634,366,-80.67079,0
240644,372,-79.82755,0
240654,364,-80.95187,0
240664,359,-81.65459,0
240674,363,-81.09241,0
240684,366,-80.67079,0
240694,363,-81.09241,0
240704,373,-79.687,0
240714,367,-80.53025,0
240724,363,-81.09241,0
240734,367,-80.53025,0
240744,364,-80.95187,0
240754,361,-81.3735,0
240764,365,-80.81134,0
240774,362,-81.23296,0
240784,367,-80.53025,0
240794,364,-80.95187,0
240804,364,-80.95187,0
240814,368,-80.38971,0
240824,363,-81.09241,0
240834,367,-80.53025,0
240844,371,-79.96809,0
240854,358,-81.79513,0
240864,367,-80.53025,0
240874,370,-80.10863,0
240884,363,-81.09241,0
240894,364,-80.95187,0
240904,361,-81.3735,0
240914,358,-81.79513,0
240924,363,-81.09241,0
240934,356,-82.07621,0
240944,365,-80.81134,0
240954,362,-81.23296,0
240964,357,-81.93566,0
240974,370,-80.10863,0
240984,361,-81.3735,0
240994,373,-79.687,0
241004,363,-81.09241,0
241014,360,-81.51404,0
241024,366,-80.67079,0
241034,369,-80.24917,0
241044,358,-81.79513,0
241054,368,-80.38971,0
241064,362,-81.23296,0
241074,364,-80.95187,0
241084,364,-80.95187,0
241094,360,-81.51404,0
241104,364,-80.95187,0
241114,364,-80.95187,0
241124,357,-81.93566,0
241134,368,-80.38971,0
241144,361,-81.3735,0
241154,363,-81.09241,0
241164,361,-81.3735,0
241174,365,-80.81134,0
241184,365,-80.81134,0
241194,363,-81.09241,0
241204,364,-80.95187,0
241214,368,-80.38971,0
241224,369,-80.24917,0
241234,368,-80.38971,0
241244,365,-80.81134,0
241254,360,-81.51404,0
241264,361,-81.3735,0
241274,366,-80.67079,0
241284,367,-80.53025,0
241294,367,-80.53025,0
241304,355,-82.21675,0
241314,361,-81.3735,0
241324,362,-81.23296,0
241334,364,-80.95187,0
241344,366,-80.67079,0
241354,364,-80.95187,0
241364,365,-80.81134,0
241374,363,-81.09241,0
241384,365,-80.81134,0
241394,365,-80.81134,0
241404,362,-81.23296,0
241414,363,-81.09241,0
241424,364,-80.95187,0
241434,368,-80.38971,0
241444,361,-81.3735,0
241454,364,-80.95187,0
241464,362,-81.23296,0
241474,365,-80.81134,0
241484,361,-81.3735,0
241494,371,-79.96809,0
241504,365,-80.81134,0
241514,359,-81.65459,0
241524,359,-81.65459,0
241534,360,-81.51404,0
241544,363,-81.09241,0
241554,363,-81.09241,0
241564,370,-80.10863,0
241574,362,-81.23296,0
241584,363,-81.09241,0
241594,364,-80.95187,0
241604,364,-80.95187,0
241614,371,-79.96809,0
241624,365,-80.81134,0
241634,370,-80.10863,0
241644,360,-81.51404,0
241654,363,-81.09241,0
241664,364,-80.95187,0
241674,364,-80.95187,0
241684,368,-80.38971,0
241694,364,-80.95187,0
241704,367,-80.53025,0
241714,365,-80.81134,0
241724,372,-79.82755,0
241734,364,-80.95187,0
241744,365,-80.81134,0
241754,366,-80.67079,0
241764,364,-80.95187,0
241774,368,-80.38971,0
241784,367,-80.53025,0
241794,374,-79.54646,0
241804,362,-81.23296,0
241814,373,-79.687,0
241824,364,-80.95187,0
241834,356,-82.07621,0
241844,367,-80.53025,0
241854,365,-80.81134,0
241864,368,-80.38971,0
241874,368,-80.38971,0
241884,360,-81.51404,0
241894,367,-80.53025,0
241904,363,-81.09241,0
241914,371,-79.96809,0
241924,364,-80.95187,0
241934,366,-80.67079,0
241944,370,-80.10863,0
241954,359,-81.65459,0
241964,363,-81.09241,0
241974,369,-80.24917,0
241984,369,-80.24917,0
241994,364,-80.95187,0
242004,362,-81.23296,0
242014,363,-81.09241,0
242024,364,-80.95187,0
242034,368,-80.38971,0
242044,362,-81.23296,0
242054,364,-80.95187,0
242064,367,-80.53025,0
242074,364,-80.95187,0
242084,358,-81.79513,0
242094,365,-80.81134,0
242104,365,-80.81134,0
242114,368,-80.38971,0
242124,366,-80.67079,0
242134,366,-80.67079,0
242144,369,-80.24917,0
242154,359,-81.65459,0
242164,364,-80.95187,0
242174,374,-79.54646,0
242184,370,-80.10863,0
242194,366,-80.67079,0
242204,360,-81.51404,0
242214,363,-81.09241,0
242224,367,-80.53025,0
242234,366,-80.67079,0
242244,361,-81.3735,0
242254,364,-80.95187,0
242264,365,-80.81134,0
242274,364,-80.95187,0
242284,370,-80.10863,0
242294,373,-79.687,0
242304,365,-80.81134,0
242314,366,-80.67079,0
242324,365,-80.81134,0
242334,366,-80.67079,0
242344,360,-81.51404,0
242354,363,-81.09241,0
242364,366,-80.67079,0
242374,367,-80.53025,0
242384,368,-80.38971,0
242394,367,-80.53025,0
242404,369,-80.24917,0
242414,372,-79.82755,0
242424,367,-80.53025,0
242434,369,-80.24917,0
242444,366,-80.67079,0
242454,374,-79.54646,0
242464,364,-80.95187,0
242474,370,-80.10863,0
242484,369,-80.24917,0
242494,363,-81.09241,0
242504,364,-80.95187,0
242514,365,-80.81134,0
242524,365,-80.81134,0
242534,367,-80.53025,0
242544,370,-80.10863,0
242554,371,-79.96809,0
242564,365,-80.81134,0
242574,368,-80.38971,0
242584,368,-80.38971,0
242594,371,-79.96809,0
242604,362,-81.23296,0
242614,362,-81.23296,0
242624,360,-81.51404,0
242634,367,-80.53025,0
242644,368,-80.38971,0
242654,363,-81.09241,0
242664,365,-80.81134,0
242674,363,-81.09241,0
242684,363,-81.09241,0
242694,367,-80.53025,0
242704,368,-80.38971,0
242714,366,-80.67079,0
242724,369,-80.24917,0
242734,362,-81.23296,0
242744,364,-80.95187,0
242754,365,-80.81134,0
242764,375,-79.40591,0
242774,368,-80.38971,0
242784,362,-81.23296,0
242794,375,-79.40591,0
242804,371,-79.96809,0
242814,368,-80.38971,0
242824,368,-80.38971,0
242834,366,-80.67079,0
242844,365,-80.81134,0
242854,372,-79.82755,0
242864,358,-81.79513,0
242874,363,-81.09241,0
242884,365,-80.81134,0
242894,368,-80.38971,0
242904,370,-80.10863,0
242914,364,-80.95187,0
242924,370,-80.10863,0
242934,364,-80.95187,0
242944,371,-79.96809,0
242954,368,-80.38971,0
242964,363,-81.09241,0
242974,360,-81.51404,0
242984,366,-80.67079,0
242994,363,-81.09241,0
243004,366,-80.67079,0
243014,361,-81.3735,0
243024,367,-80.53025,0
243034,366,-80.67079,0
243044,372,-79.82755,0
243054,363,-81.09241,0
243064,373,-79.687,0
243074,365,-80.81134,0
243084,370,-80.10863,0
243094,367,-80.53025,0
243104,370,-80.10863,0
243114,366,-80.67079,0
243124,365,-80.81134,0
243134,376,-79.26538,0
243144,363,-81.09241,0
243154,367,-80.53025,0
243164,366,-80.67079,0
243174,368,-80.38971,0
243184,371,-79.96809,0
243194,368,-80.38971,0
243204,371,-79.96809,0
243214,366,-80.67079,0
243224,362,-81.23296,0
243234,364,-80.95187,0
243244,378,-78.9843,0
243254,365,-80.81134,0
243264,364,-80.95187,0
243274,364,-80.95187,0
243284,371,-79.96809,0
243294,366,-80.67079,0
243304,365,-80.81134,0
243314,370,-80.10863,0
243324,373,-79.687,0
243334,373,-79.687,0
243344,366,-80.67079,0
243354,358,-81.79513,0
243364,358,-81.79513,0
243374,365,-80.81134,0
243384,368,-80.38971,0
243394,364,-80.95187,0
243404,357,-81.93566,0
243414,366,-80.67079,0
243424,367,-80.53025,0
243434,369,-80.24917,0
243444,354,-82.35728,0
243454,372,-79.82755,0
243464,364,-80.95187,0
243474,362,-81.23296,0
243484,364,-80.95187,0
243494,364,-80.95187,0
243504,364,-80.95187,0
243514,365,-80.81134,0
243524,363,-81.09241,0
243534,373,-79.687,0
243544,367,-80.53025,0
243554,365,-80.81134,0
243564,359,-81.65459,0
243574,362,-81.23296,0
243584,367,-80.53025,0
243594,365,-80.81134,0
243604,365,-80.81134,0
243614,367,-80.53025,0
243624,371,-79.96809,0
243634,363,-81.09241,0
243644,368,-80.38971,0
243654,369,-80.24917,0
243664,363,-81.09241,0
243674,367,-80.53025,0
243684,361,-81.3735,0
243694,363,-81.09241,0
243704,364,-80.95187,0
243714,361,-81.3735,0
243724,362,-81.23296,0
243734,366,-80.67079,0
243744,369,-80.24917,0
243754,373,-79.687,0
243764,361,-81.3735,0
243774,359,-81.65459,0
243784,364,-80.95187,0
243794,359,-81.65459,0
243804,365,-80.81134,0
243814,367,-80.53025,0
243824,363,-81.09241,0
243834,362,-81.23296,0
243844,363,-81.09241,0
243854,370,-80.10863,0
243864,371,-79.96809,0
243874,364,-80.95187,0
243884,363,-81.09241,0
243894,366,-80.67079,0
243904,374,-79.54646,0
243914,366,-80.67079,0
243924,368,-80.38971,0
243934,364,-80.95187,0
243944,370,-80.10863,0
243954,370,-80.10863,0
243964,365,-80.81134,0
243974,374,-79.54646,0
243984,374,-79.54646,0
243994,369,-80.24917,0
244004,369,-80.24917,0
244014,368,-80.38971,0
244024,373,-79.687,0
244034,365,-80.81134,0
244044,367,-80.53025,0
244054,365,-80.81134,0
244064,363,-81.09241,0
244074,368,-80.38971,0
244084,367,-80.53025,0
244094,369,-80.24917,0
244104,370,-80.10863,0
244114,366,-80.67079,0
244124,366,-80.67079,0
244134,371,-79.96809,0
244144,365,-80.81134,0
244154,373,-79.687,0
244164,365,-80.81134,0
244174,372,-79.82755,0
244184,372,-79.82755,0
244194,361,-81.3735,0
244204,358,-81.79513,0
244214,370,-80.10863,0
244224,363,-81.09241,0
244234,368,-80.38971,0
244244,367,-80.53025,0
244254,368,-80.38971,0
244264,361,-81.3735,0
244274,366,-80.67079,0
244284,367,-80.53025,0
244294,366,-80.67079,0
244304,367,-80.53025,0
244314,359,-81.65459,0
244324,370,-80.10863,0
244334,358,-81.79513,0
244344,365,-80.81134,0
244354,367,-80.53025,0
244364,368,-80.38971,0
244374,363,-81.09241,0
244384,359,-81.65459,0
244394,363,-81.09241,0
244404,371,-79.96809,0
244414,365,-80.81134,0
244424,362,-81.23296,0
244434,365,-80.81134,0
244444,369,-80.24917,0
244454,367,-80.53025,0
244464,362,-81.23296,0
244474,358,-81.79513,0
244484,363,-81.09241,0
244494,366,-80.67079,0
244504,360,-81.51404,0
244514,372,-79.82755,0
244524,371,-79.96809,0
244534,368,-80.38971,0
244544,376,-79.26538,0
244554,367,-80.53025,0
244564,371,-79.96809,0
244574,367,-80.53025,0
244584,364,-80.95187,0
244594,363,-81.09241,0
244604,373,-79.687,0
244614,369,-80.24917,0
244624,364,-80.95187,0
244634,368,-80.38971,0
244644,368,-80.38971,0
244654,370,-80.10863,0
244664,368,-80.38971,0
244674,367,-80.53025,0
244684,369,-80.24917,0
244694,365,-80.81134,0
244704,366,-80.67079,0
244714,365,-80.81134,0
244724,371,-79.96809,0
244734,366,-80.67079,0
244744,376,-79.26538,0
244754,368,-80.38971,0
244764,361,-81.3735,0
244774,359,-81.65459,0
244784,361,-81.3735,0
244794,364,-80.95187,0
244804,365,-80.81134,0
244814,363,-81.09241,0
244824,362,-81.23296,0
244834,353,-82.49783,0
244844,367,-80.53025,0
244854,362,-81.23296,0
244864,370,-80.10863,0
244874,367,-80.53025,0
244884,369,-80.24917,0
244894,367,-80.53025,0
244904,368,-80.38971,0
244914,365,-80.81134,0
244924,370,-80.10863,0
244934,365,-80.81134,0
244944,369,-80.24917,0
244954,367,-80.53025,0
244964,362,-81.23296,0
244974,360,-81.51404,0
244984,365,-80.81134,0
244994,364,-80.95187,0
245004,362,-81.23296,0
245014,368,-80.38971,0
245024,369,-80.24917,0
245034,364,-80.95187,0
245044,370,-80.10863,0
245054,369,-80.24917,0
245064,367,-80.53025,0
245074,367,-80.53025,0
245084,358,-81.79513,0
245094,366,-80.67079,0
245104,363,-81.09241,0
245114,366,-80.67079,0
245124,364,-80.95187,0
245134,365,-80.81134,0
245144,370,-80.10863,0
245154,365,-80.81134,0
245164,365,-80.81134,0
245174,363,-81.09241,0
245184,363,-81.09241,0
245194,366,-80.67079,0
245204,368,-80.38971,0
245214,365,-80.81134,0
245224,369,-80.24917,0
245234,363,-81.09241,0
245244,370,-80.10863,0
245254,365,-80.81134,0
245264,371,-79.96809,0
245274,360,-81.51404,0
245284,361,-81.3735,0
245294,367,-80.53025,0
245304,361,-81.3735,0
245314,370,-80.10863,0
245324,365,-80.81134,0
245334,366,-80.67079,0
245344,358,-81.79513,0
245354,372,-79.82755,0
245364,367,-80.53025,0
245374,361,-81.3735,0
245384,373,-79.687,0
245394,369,-80.24917,0
245404,361,-81.3735,0
245414,365,-80.81134,0
245424,367,-80.53025,0
245434,370,-80.10863,0
245444,370,-80.10863,0
245454,366,-80.67079,0
245464,367,-80.53025,0
245474,366,-80.67079,0
245484,369,-80.24917,0
245494,367,-80.53025,0
245504,367,-80.53025,0
245514,374,-79.54646,0
245524,365,-80.81134,0
245534,360,-81.51404,0
245544,361,-81.3735,0
245554,367,-80.53025,0
245564,373,-79.687,0
245574,368,-80.38971,0
245584,362,-81.23296,0
245594,365,-80.81134,0
245604,368,-80.38971,0
245614,366,-80.67079,0
245624,365,-80.81134,0
245634,361,-81.3735,0
245644,362,-81.23296,0
245654,362,-81.23296,0
245664,356,-82.07621,0
245674,368,-80.38971,0
245684,358,-81.79513,0
245694,360,-81.51404,0
245704,371,-79.96809,0
245714,366,-80.67079,0
245724,367,-80.53025,0
245734,367,-80.53025,0
245744,369,-80.24917,0
245754,370,-80.10863,0
245764,377,-79.12483,0
245774,363,-81.09241,0
245784,368,-80.38971,0
245794,371,-79.96809,0
245804,364,-80.95187,0
245814,372,-79.82755,0
245824,368,-80.38971,0
245834,365,-80.81134,0
245844,368,-80.38971,0
245854,367,-80.53025,0
245864,366,-80.67079,0
245874,369,-80.24917,0
245884,365,-80.81134,0
245894,366,-80.67079,0
245904,367,-80.53025,0
245914,365,-80.81134,0
245924,365,-80.81134,0
245934,366,-80.67079,0
245944,364,-80.95187,0
245954,369,-80.24917,0
245964,366,-80.67079,0
245974,369,-80.24917,0
245984,365,-80.81134,0
245994,359,-81.65459,0
246004,364,-80.95187,0
246014,360,-81.51404,0
246024,368,-80.38971,0
246034,366,-80.67079,0
246044,362,-81.23296,0
246054,370,-80.10863,0
246064,370,-80.10863,0
246074,362,-81.23296,0
246084,362,-81.23296,0
246094,368,-80.38971,0
246104,362,-81.23296,0
246114,373,-79.687,0
246124,362,-81.23296,0
246134,368,-80.38971,0
246144,367,-80.53025,0
246154,363,-81.09241,0
246164,364,-80.95187,0
246174,365,-80.81134,0
246184,362,-81.23296,0
246194,365,-80.81134,0
246204,365,-80.81134,0
246214,369,-80.24917,0
246224,371,-79.96809,0
246234,364,-80.95187,0
246244,360,-81.51404,0
246254,367,-80.53025,0
246264,364,-80.95187,0
246274,366,-80.67079,0
246284,365,-80.81134,0
246294,363,-81.09241,0
246304,369,-80.24917,0
246314,366,-80.67079,0
246324,366,-80.67079,0
246334,370,-80.10863,0
246344,366,-80.67079,0
246354,372,-79.82755,0
246364,366,-80.67079,0
246374,361,-81.3735,0
246384,361,-81.3735,0
246394,367,-80.53025,0
246404,369,-80.24917,0
246414,365,-80.81134,0
246424,365,-80.81134,0
246434,365,-80.81134,0
246444,365,-80.81134,0
246454,369,-80.24917,0
246464,362,-81.23296,0
246474,364,-80.95187,0
246484,369,-80.24917,0
246494,364,-80.95187,0
246504,366,-80.67079,0
246514,363,-81.09241,0
246524,359,-81.65459,0
246534,368,-80.38971,0
246544,364,-80.95187,0
246554,363,-81.09241,0
246564,369,-80.24917,0
246574,362,-81.23296,0
246584,369,-80.24917,0
246594,364,-80.95187,0
246604,376,-79.26538,0
246614,364,-80.95187,0
246624,363,-81.09241,0
246634,365,-80.81134,0
246644,363,-81.09241,0
246654,373,-79.687,0
246664,372,-79.82755,0
246674,370,-80.10863,0
246684,368,-80.38971,0
246694,368,-80.38971,0
246704,366,-80.67079,0
246714,360,-81.51404,0
246724,361,-81.3735,0
246734,365,-80.81134,0
246744,363,-81.09241,0
246754,361,-81.3735,0
246764,371,-79.96809,0
246774,364,-80.95187,0
246784,367,-80.53025,0
246794,367,-80.53025,0
246804,372,-79.82755,0
246814,365,-80.81134,0
246824,360,-81.51404,0
246834,367,-80.53025,0
246844,366,-80.67079,0
246854,360,-81.51404,0
246864,371,-79.96809,0
246874,364,-80.95187,0
246884,376,-79.26538,0
246894,362,-81.23296,0
246904,364,-80.95187,0
246914,369,-80.24917,0
246924,368,-80.38971,0
246934,372,-79.82755,0
246944,365,-80.81134,0
246954,360,-81.51404,0
246964,358,-81.79513,0
246974,365,-80.81134,0
246984,365,-80.81134,0
246994,370,-80.10863,0
247004,363,-81.09241,0
247014,369,-80.24917,0
247024,366,-80.67079,0
247034,373,-79.687,0
247044,362,-81.23296,0
247054,366,-80.67079,0
247064,371,-79.96809,0
247074,363,-81.09241,0
247084,361,-81.3735,0
247094,364,-80.95187,0
247104,366,-80.67079,0
247114,369,-80.24917,0
247124,368,-80.38971,0
247134,362,-81.23296,0
247144,364,-80.95187,0
247154,366,-80.67079,0
247164,363,-81.09241,0
247174,361,-81.3735,0
247184,362,-81.23296,0
247194,365,-80.81134,0
247204,367,-80.53025,0
247214,365,-80.81134,0
247224,368,-80.38971,0
247234,365,-80.81134,0
247244,363,-81.09241,0
247254,366,-80.67079,0
247264,372,-79.82755,0
247274,365,-80.81134,0
247284,363,-81.09241,0
247294,375,-79.40591,0
247304,360,-81.51404,0
247314,368,-80.38971,0
247324,368,-80.38971,0
247334,362,-81.23296,0
247344,367,-80.53025,0
247354,366,-80.67079,0
247364,365,-80.81134,0
247374,370,-80.10863,0
247384,369,-80.24917,0
247394,365,-80.81134,0
247404,375,-79.40591,0
247414,372,-79.82755,0
247424,361,-81.3735,0
247434,368,-80.38971,0
247444,366,-80.67079,0
247454,362,-81.23296,0
247464,363,-81.09241,0
247474,366,-80.67079,0
247484,367,-80.53025,0
247494,367,-80.53025,0
247504,367,-80.53025,0
247514,372,-79.82755,0
247524,359,-81.65459,0
247534,363,-81.09241,0
247544,374,-79.54646,0
247554,363,-81.09241,0
247564,364,-80.95187,0
247574,366,-80.67079,0
247584,366,-80.67079,0
247594,366,-80.67079,0
247604,367,-80.53025,0
247614,365,-80.81134,0
247624,364,-80.95187,0
247634,369,-80.24917,0
247644,368,-80.38971,0
247654,374,-79.54646,0
247664,361,-81.3735,0
247674,363,-81.09241,0
247684,367,-80.53025,0
247694,364,-80.95187,0
247704,365,-80.81134,0
247714,365,-80.81134,0
247724,367,-80.53025,0
247734,366,-80.67079,0
247744,367,-80.53025,0
247754,364,-80.95187,0
247764,367,-80.53025,0
247774,360,-81.51404,0
247784,366,-80.67079,0
247794,364,-80.95187,0
247804,361,-81.3735,0
247814,365,-80.81134,0
247824,365,-80.81134,0
247834,363,-81.09241,0
247844,361,-81.3735,0
247854,372,-79.82755,0
247864,367,-80.53025,0
247874,372,-79.82755,0
247884,367,-80.53025,0
247894,363,-81.09241,0
247904,365,-80.81134,0
247914,363,-81.09241,0
247924,368,-80.38971,0
247934,365,-80.81134,0
247944,366,-80.67079,0
247954,358,-81.79513,0
247964,367,-80.53025,0
247974,371,-79.96809,0
247984,361,-81.3735,0
247994,373,-79.687,0
248004,373,-79.687,0
248014,359,-81.65459,0
248024,368,-80.38971,0
248034,369,-80.24917,0
248044,375,-79.40591,0
248054,365,-80.81134,0
248064,358,-81.79513,0
248074,363,-81.09241,0
248084,361,-81.3735,0
248094,368,-80.38971,0
248104,364,-80.95187,0
248114,364,-80.95187,0
248124,361,-81.3735,0
248134,365,-80.81134,0
248144,366,-80.67079,0
248154,365,-80.81134,0
248164,364,-80.95187,0
248174,370,-80.10863,0
248184,367,-80.53025,0
248194,360,-81.51404,0
248204,363,-81.09241,0
248214,365,-80.81134,0
248224,373,-79.687,0
248234,369,-80.24917,0
248244,367,-80.53025,0
248254,368,-80.38971,0
248264,369,-80.24917,0
248274,370,-80.10863,0
248284,373,-79.687,0
248294,368,-80.38971,0
248304,368,-80.38971,0
248314,369,-80.24917,0
248324,364,-80.95187,0
248334,369,-80.24917,0
248344,365,-80.81134,0
248354,370,-80.10863,0
248364,366,-80.67079,0
248374,365,-80.81134,0
248384,369,-80.24917,0
248394,366,-80.67079,0
248404,373,-79.687,0
248414,364,-80.95187,0
248424,365,-80.81134,0
248434,364,-80.95187,0
248444,365,-80.81134,0
248454,365,-80.81134,0
248464,359,-81.65459,0
248474,370,-80.10863,0
248484,367,-80.53025,0
248494,370,-80.10863,0
248504,373,-79.687,0
248514,369,-80.24917,0
248524,370,-80.10863,0
248534,367,-80.53025,0
248544,360,-81.51404,0
248554,363,-81.09241,0
248564,369,-80.24917,0
248574,359,-81.65459,0
248584,366,-80.67079,0
248594,368,-80.38971,0
248604,369,-80.24917,0
248614,369,-80.24917,0
248624,372,-79.82755,0
248634,374,-79.54646,0
248644,364,-80.95187,0
248654,362,-81.23296,0
248664,366,-80.67079,0
248674,364,-80.95187,0
248684,366,-80.67079,0
248694,360,-81.51404,0
248704,366,-80.67079,0
248714,373,-79.687,0
248724,377,-79.12483,0
248734,371,-79.96809,0
248744,371,-79.96809,0
248754,375,-79.40591,0
248764,369,-80.24917,0
248774,365,-80.81134,0
248784,366,-80.67079,0
248794,367,-80.53025,0
248804,369,-80.24917,0
248814,363,-81.09241,0
248824,362,-81.23296,0
248834,363,-81.09241,0
248844,370,-80.10863,0
248854,368,-80.38971,0
248864,371,-79.96809,0
248874,367,-80.53025,0
248884,360,-81.51404,0
248894,364,-80.95187,0
248904,362,-81.23296,0
248914,365,-80.81134,0
248924,361,-81.3735,0
248934,366,-80.67079,0
248944,369,-80.24917,0
248954,363,-81.09241,0
248964,366,-80.67079,0
248974,369,-80.24917,0
248984,365,-80.81134,0
248994,361,-81.3735,0
249004,366,-80.67079,0
249014,365,-80.81134,0
249024,365,-80.81134,0
249034,369,-80.24917,0
249044,365,-80.81134,0
249054,363,-81.09241,0
249064,366,-80.67079,0
249074,365,-80.81134,0
249084,365,-80.81134,0
249094,366,-80.67079,0
249104,364,-80.95187,0
249114,365,-80.81134,0
249124,364,-80.95187,0
249134,374,-79.54646,0
249144,367,-80.53025,0
249154,364,-80.95187,0
249164,366,-80.67079,0
249174,364,-80.95187,0
249184,366,-80.67079,0
249194,365,-80.81134,0
249204,358,-81.79513,0
249214,360,-81.51404,0
249224,364,-80.95187,0
249234,367,-80.53025,0
249244,362,-81.23296,0
249254,360,-81.51404,0
249264,358,-81.79513,0
249274,365,-80.81134,0
249284,369,-80.24917,0
249294,365,-80.81134,0
249304,368,-80.38971,0
249314,369,-80.24917,0
249324,365,-80.81134,0
249334,369,-80.24917,0
249344,367,-80.53025,0
249354,370,-80.10863,0
249364,367,-80.53025,0
249374,372,-79.82755,0
249384,366,-80.67079,0
249394,368,-80.38971,0
249404,368,-80.38971,0
249414,370,-80.10863,0
249424,367,-80.53025,0
249434,370,-80.10863,0
249444,364,-80.95187,0
249454,376,-79.26538,0
249464,368,-80.38971,0
249474,367,-80.53025,0
249484,370,-80.10863,0
249494,363,-81.09241,0
249504,370,-80.10863,0
249514,370,-80.10863,0
249524,363,-81.09241,0
249534,367,-80.53025,0
249544,376,-79.26538,0
249554,366,-80.67079,0
249564,368,-80.38971,0
249574,371,-79.96809,0
249584,365,-80.81134,0
249594,359,-81.65459,0
249604,361,-81.3735,0
249614,372,-79.82755,0
249624,365,-80.81134,0
249634,364,-80.95187,0
249644,373,-79.687,0
249654,360,-81.51404,0
249664,366,-80.67079,0
249674,362,-81.23296,0
249684,369,-80.24917,0
249694,366,-80.67079,0
249704,366,-80.67079,0
249714,367,-80.53025,0
249724,371,-79.96809,0
249734,368,-80.38971,0
249744,369,-80.24917,0
249754,359,-81.65459,0
249764,370,-80.10863,0
249774,371,-79.96809,0
249784,369,-80.24917,0
249794,376,-79.26538,0
249804,369,-80.24917,0
249814,365,-80.81134,0
249824,358,-81.79513,0
249834,358,-81.79513,0
249844,362,-81.23296,0
249854,364,-80.95187,0
249864,368,-80.38971,0
249874,372,-79.82755,0
249884,373,-79.687,0
249894,370,-80.10863,0
249904,365,-80.81134,0
249914,365,-80.81134,0
249924,368,-80.38971,0
249934,370,-80.10863,0
249944,367,-80.53025,0
249954,368,-80.38971,0
249964,364,-80.95187,0
249974,355,-82.21675,0
249984,368,-80.38971,0
249994,371,-79.96809,0
250004,362,-81.23296,0
250014,364,-80.95187,0
250024,374,-79.54646,0
250034,368,-80.38971,0
250044,371,-79.96809,0
250054,371,-79.96809,0
250064,364,-80.95187,0
250074,360,-81.51404,0
250084,365,-80.81134,0
250094,363,-81.09241,0
250104,369,-80.24917,0
250114,369,-80.24917,0
250124,366,-80.67079,0
250134,367,-80.53025,0
250144,367,-80.53025,0
250154,369,-80.24917,0
250164,362,-81.23296,0
250174,366,-80.67079,0
250184,363,-81.09241,0
250194,368,-80.38971,0
250204,371,-79.96809,0
250214,370,-80.10863,0
250224,366,-80.67079,0
250234,365,-80.81134,0
250244,375,-79.40591,0
250254,364,-80.95187,0
250264,369,-80.24917,0
250274,364,-80.95187,0
250284,370,-80.10863,0
250294,366,-80.67079,0
250304,365,-80.81134,0
250314,362,-81.23296,0
250324,364,-80.95187,0
250334,364,-80.95187,0
250344,360,-81.51404,0
250354,367,-80.53025,0
250364,361,-81.3735,0
250374,364,-80.95187,0
250384,363,-81.09241,0
250394,373,-79.687,0
250404,364,-80.95187,0
250414,366,-80.67079,0
250424,363,-81.09241,0
250434,366,-80.67079,0
250444,366,-80.67079,0
250454,362,-81.23296,0
250464,363,-81.09241,0
250474,368,-80.38971,0
250484,362,-81.23296,0
250494,365,-80.81134,0
250504,370,-80.10863,0
250514,364,-80.95187,0
250524,369,-80.24917,0
250534,370,-80.10863,0
250544,365,-80.81134,0
250554,368,-80.38971,0
250564,373,-79.687,0
250574,369,-80.24917,0
250584,361,-81.3735,0
250594,363,-81.09241,0
250604,363,-81.09241,0
250614,366,-80.67079,0
250624,370,-80.10863,0
250634,368,-80.38971,0
250644,369,-80.24917,0
250654,366,-80.67079,0
250664,365,-80.81134,0
250674,368,-80.38971,0
250684,366,-80.67079,0
250694,364,-80.95187,0
250704,369,-80.24917,0
250714,369,-80.24917,0
250724,368,-80.38971,0
250734,373,-79.687,0
250744,367,-80.53025,0
250754,365,-80.81134,0
250764,370,-80.10863,0
250774,365,-80.81134,0
250784,364,-80.95187,0
250794,366,-80.67079,0
250804,364,-80.95187,0
250814,364,-80.95187,0
250824,367,-80.53025,0
250834,369,-80.24917,0
250844,363,-81.09241,0
250854,369,-80.24917,0
250864,360,-81.51404,0
250874,366,-80.67079,0
250884,369,-80.24917,0
250894,366,-80.67079,0
250904,370,-80.10863,0
250914,364,-80.95187,0
250924,368,-80.38971,0
250934,368,-80.38971,0
250944,363,-81.09241,0
250954,366,-80.67079,0
250964,365,-80.81134,0
250974,369,-80.24917,0
250984,375,-79.40591,0
250994,365,-80.81134,0
251004,369,-80.24917,0
251014,366,-80.67079,0
251024,372,-79.82755,0
251034,364,-80.95187,0
251044,370,-80.10863,0
251054,371,-79.96809,0
251064,365,-80.81134,0
251074,371,-79.96809,0
251084,359,-81.65459,0
251094,365,-80.81134,0
251104,363,-81.09241,0
251114,366,-80.67079,0
251124,368,-80.38971,0
251134,364,-80.95187,0
251144,366,-80.67079,0
251154,368,-80.38971,0
251164,363,-81.09241,0
251174,367,-80.53025,0
251184,368,-80.38971,0
251194,371,-79.96809,0
251204,363,-81.09241,0
251214,363,-81.09241,0
251224,374,-79.54646,0
251234,367,-80.53025,0
251244,364,-80.95187,0
251254,362,-81.23296,0
251264,358,-81.79513,0
251274,364,-80.95187,0
251284,370,-80.10863,0
251294,365,-80.81134,0
251304,361,-81.3735,0
251314,367,-80.53025,0
251324,365,-80.81134,0
251334,362,-81.23296,0
251344,364,-80.95187,0
251354,359,-81.65459,0
251364,367,-80.53025,0
251374,361,-81.3735,0
251384,362,-81.23296,0
251394,361,-81.3735,0
251404,368,-80.38971,0
251414,368,-80.38971,0
251424,366,-80.67079,0
251434,367,-80.53025,0
251444,368,-80.38971,0
251454,365,-80.81134,0
251464,370,-80.10863,0
251474,363,-81.09241,0
251484,367,-80.53025,0
251494,370,-80.10863,0
251504,363,-81.09241,0
251514,369,-80.24917,0
251524,372,-79.82755,0
251534,365,-80.81134,0
251544,368,-80.38971,0
251554,364,-80.95187,0
251564,365,-80.81134,0
251574,368,-80.38971,0
251584,370,-80.10863,0
251594,367,-80.53025,0
251604,363,-81.09241,0
251614,369,-80.24917,0
251624,363,-81.09241,0
251634,374,-79.54646,0
251644,368,-80.38971,0
251654,363,-81.09241,0
251664,369,-80.24917,0
251674,374,-79.54646,0
251684,368,-80.38971,0
251694,371,-79.96809,0
251704,371,-79.96809,0
251714,369,-80.24917,0
251724,364,-80.95187,0
251734,370,-80.10863,0
251744,369,-80.24917,0
251754,366,-80.67079,0
251764,364,-80.95187,0
251774,366,-80.67079,0
251784,368,-80.38971,0
251794,364,-80.95187,0
251804,360,-81.51404,0
251814,363,-81.09241,0
251824,365,-80.81134,0
251834,371,-79.96809,0
251844,370,-80.10863,0
251854,360,-81.51404,0
251864,367,-80.53025,0
251874,370,-80.10863,0
251884,372,-79.82755,0
251894,371,-79.96809,0
251904,364,-80.95187,0
251914,368,-80.38971,0
251924,371,-79.96809,0
251934,372,-79.82755,0
251944,376,-79.26538,0
251954,364,-80.95187,0
251964,366,-80.67079,0
251974,362,-81.23296,0
251984,369,-80.24917,0
251994,371,-79.96809,0
252004,362,-81.23296,0
252014,365,-80.81134,0
252024,366,-80.67079,0
252034,362,-81.23296,0
252044,368,-80.38971,0
252054,363,-81.09241,0
252064,371,-79.96809,0
252074,362,-81.23296,0
252084,367,-80.53025,0
252094,371,-79.96809,0
252104,369,-80.24917,0
252114,360,-81.51404,0
252124,367,-80.53025,0
252134,368,-80.38971,0
252144,370,-80.10863,0
252154,372,-79.82755,0
252164,370,-80.10863,0
252174,372,-79.82755,0
252184,366,-80.67079,0
252194,366,-80.67079,0
252204,370,-80.10863,0
252214,364,-80.95187,0
252224,367,-80.53025,0
252234,362,-81.23296,0
252244,371,-79.96809,0
252254,373,-79.687,0
252264,365,-80.81134,0
252274,365,-80.81134,0
252284,361,-81.3735,0
252294,376,-79.26538,0
252304,366,-80.67079,0
252314,369,-80.24917,0
252324,366,-80.67079,0
252334,366,-80.67079,0
252344,371,-79.96809,0
252354,368,-80.38971,0
252364,366,-80.67079,0
252374,362,-81.23296,0
252384,359,-81.65459,0
252394,363,-81.09241,0
252404,369,-80.24917,0
252414,368,-80.38971,0
252424,364,-80.95187,0
252434,365,-80.81134,0
252444,363,-81.09241,0
252454,375,-79.40591,0
252464,369,-80.24917,0
252474,376,-79.26538,0
252484,367,-80.53025,0
252494,368,-80.38971,0
252504,369,-80.24917,0
252514,364,-80.95187,0
252524,365,-80.81134,0
252534,367,-80.53025,0
252544,364,-80.95187,0
252554,364,-80.95187,0
252564,370,-80.10863,0
252574,365,-80.81134,0
252584,371,-79.96809,0
252594,366,-80.67079,0
252604,372,-79.82755,0
252614,371,-79.96809,0
252624,366,-80.67079,0
252634,375,-79.40591,0
252644,361,-81.3735,0
252654,365,-80.81134,0
252664,365,-80.81134,0
252674,363,-81.09241,0
252684,370,-80.10863,0
252694,370,-80.10863,0
252704,374,-79.54646,0
252714,365,-80.81134,0
252724,371,-79.96809,0
252734,365,-80.81134,0
252744,368,-80.38971,0
252754,363,-81.09241,0
252764,370,-80.10863,0
252774,362,-81.23296,0
252784,370,-80.10863,0
252794,367,-80.53025,0
252804,363,-81.09241,0
252814,375,-79.40591,0
252824,362,-81.23296,0
252834,366,-80.67079,0
252844,372,-79.82755,0
252854,365,-80.81134,0
252864,367,-80.53025,0
252874,369,-80.24917,0
252884,371,-79.96809,0
252894,368,-80.38971,0
252904,364,-80.95187,0
252914,368,-80.38971,0
252924,370,-80.10863,0
252934,374,-79.54646,0
252944,360,-81.51404,0
252954,373,-79.687,0
252964,368,-80.38971,0
252974,371,-79.96809,0
252984,373,-79.687,0
252994,363,-81.09241,0
253004,365,-80.81134,0
253014,366,-80.67079,0
253024,366,-80.67079,0
253034,366,-80.67079,0
253044,367,-80.53025,0
253054,373,-79.687,0
253064,369,-80.24917,0
253074,362,-81.23296,0
253084,363,-81.09241,0
253094,361,-81.3735,0
253104,368,-80.38971,0
253114,360,-81.51404,0
253124,363,-81.09241,0
253134,370,-80.10863,0
253144,369,-80.24917,0
253154,370,-80.10863,0
253164,362,-81.23296,0
253174,371,-79.96809,0
253184,366,-80.67079,0
253194,372,-79.82755,0
253204,371,-79.96809,0
253214,361,-81.3735,0
253224,373,-79.687,0
253234,365,-80.81134,0
253244,365,-80.81134,0
253254,370,-80.10863,0
253264,374,-79.54646,0
253274,372,-79.82755,0
253284,368,-80.38971,0
253294,366,-80.67079,0
253304,366,-80.67079,0
253314,371,-79.96809,0
253324,367,-80.53025,0
253334,368,-80.38971,0
253344,366,-80.67079,0
253354,365,-80.81134,0
253364,360,-81.51404,0
253374,364,-80.95187,0
253384,368,-80.38971,0
253394,371,-79.96809,0
253404,369,-80.24917,0
253414,365,-80.81134,0
253424,368,-80.38971,0
253434,366,-80.67079,0
253444,378,-78.9843,0
253454,364,-80.95187,0
253464,368,-80.38971,0
253474,371,-79.96809,0
253484,363,-81.09241,0
253494,364,-80.95187,0
253504,362,-81.23296,0
253514,363,-81.09241,0
253524,364,-80.95187,0
253534,370,-80.10863,0
253544,368,-80.38971,0
253554,365,-80.81134,0
253564,366,-80.67079,0
253574,360,-81.51404,0
253584,373,-79.687,0
253594,366,-80.67079,0
253604,366,-80.67079,0
253614,362,-81.23296,0
253624,368,-80.38971,0
253634,371,-79.96809,0
253644,361,-81.3735,0
253654,368,-80.38971,0
253664,364,-80.95187,0
253674,370,-80.10863,0
253684,364,-80.95187,0
253694,370,-80.10863,0
253704,368,-80.38971,0
253714,369,-80.24917,0
253724,378,-78.9843,0
253734,365,-80.81134,0
253744,370,-80.10863,0
253754,367,-80.53025,0
253764,369,-80.24917,0
253774,367,-80.53025,0
253784,362,-81.23296,0
253794,369,-80.24917,0
253804,371,-79.96809,0
253814,368,-80.38971,0
253824,362,-81.23296,0
253834,376,-79.26538,0
253844,368,-80.38971,0
253854,368,-80.38971,0
253864,366,-80.67079,0
253874,365,-80.81134,0
253884,371,-79.96809,0
253894,364,-80.95187,0
253904,371,-79.96809,0
253914,365,-80.81134,0
253924,375,-79.40591,0
253934,366,-80.67079,0
253944,371,-79.96809,0
253954,375,-79.40591,0
253964,365,-80.81134,0
253974,376,-79.26538,0
253984,369,-80.24917,0
253994,371,-79.96809,0
254004,367,-80.53025,0
254014,366,-80.67079,0
254024,364,-80.95187,0
254034,367,-80.53025,0
254044,370,-80.10863,0
254054,370,-80.10863,0
254064,370,-80.10863,0
254074,368,-80.38971,0
254084,370,-80.10863,0
254094,367,-80.53025,0
254104,371,-79.96809,0
254114,365,-80.81134,0
254124,362,-81.23296,0
254134,364,-80.95187,0
254144,367,-80.53025,0
254154,367,-80.53025,0
254164,364,-80.95187,0
254174,370,-80.10863,0
254184,379,-78.84375,0
254194,370,-80.10863,0
254204,370,-80.10863,0
254214,364,-80.95187,0
254224,368,-80.38971,0
254234,363,-81.09241,0
254244,370,-80.10863,0
254254,365,-80.81134,0
254264,370,-80.10863,0
254274,362,-81.23296,0
254284,365,-80.81134,0
254294,361,-81.3735,0
254304,376,-79.26538,0
254314,370,-80.10863,0
254324,369,-80.24917,0
254334,368,-80.38971,0
254344,360,-81.51404,0
254354,372,-79.82755,0
254364,363,-81.09241,0
254374,367,-80.53025,0
254384,367,-80.53025,0
254394,369,-80.24917,0
254404,376,-79.26538,0
254414,371,-79.96809,0
254424,371,-79.96809,0
254434,365,-80.81134,0
254444,366,-80.67079,0
254454,366,-80.67079,0
254464,361,-81.3735,0
254474,372,-79.82755,0
254484,368,-80.38971,0
254494,362,-81.23296,0
254504,365,-80.81134,0
254514,363,-81.09241,0
254524,368,-80.38971,0
254534,358,-81.79513,0
254544,367,-80.53025,0
254554,363,-81.09241,0
254564,370,-80.10863,0
254574,368,-80.38971,0
254584,372,-79.82755,0
254594,370,-80.10863,0
254604,365,-80.81134,0
254614,374,-79.54646,0
254624,365,-80.81134,0
254634,369,-80.24917,0
254644,373,-79.687,0
254654,375,-79.40591,0
254664,365,-80.81134,0
254674,373,-79.687,0
254684,367,-80.53025,0
254694,374,-79.54646,0
254704,368,-80.38971,0
254714,367,-80.53025,0
254724,362,-81.23296,0
254734,361,-81.3735,0
254744,364,-80.95187,0
254754,364,-80.95187,0
254764,367,-80.53025,0
254774,370,-80.10863,0
254784,368,-80.38971,0
254794,371,-79.96809,0
254804,360,-81.51404,0
254814,369,-80.24917,0
254824,359,-81.65459,0
254834,370,-80.10863,0
254844,361,-81.3735,0
254854,377,-79.12483,0
254864,363,-81.09241,0
254874,368,-80.38971,0
254884,366,-80.67079,0
254894,367,-80.53025,0
254904,371,-79.96809,0
254914,369,-80.24917,0
254924,371,-79.96809,0
254934,366,-80.67079,0
254944,369,-80.24917,0
254954,371,-79.96809,0
254964,370,-80.10863,0
254974,371,-79.96809,0
254984,370,-80.10863,0
254994,378,-78.9843,0
255004,370,-80.10863,0
255014,365,-80.81134,0
255024,363,-81.09241,0
255034,371,-79.96809,0
255044,367,-80.53025,0
255054,368,-80.38971,0
255064,364,-80.95187,0
255074,365,-80.81134,0
255084,363,-81.09241,0
255094,367,-80.53025,0
255104,365,-80.81134,0
255114,363,-81.09241,0
255124,365,-80.81134,0
255134,365,-80.81134,0
255144,366,-80.67079,0
255154,367,-80.53025,0
255164,366,-80.67079,0
255174,367,-80.53025,0
255184,365,-80.81134,0
255194,372,-79.82755,0
255204,368,-80.38971,0
255214,365,-80.81134,0
255224,366,-80.67079,0
255234,370,-80.10863,0
255244,367,-80.53025,0
255254,364,-80.95187,0
255264,361,-81.3735,0
255274,365,-80.81134,0
255284,371,-79.96809,0
255294,374,-79.54646,0
255304,364,-80.95187,0
255314,377,-79.12483,0
255324,364,-80.95187,0
255334,378,-78.9843,0
255344,368,-80.38971,0
255354,369,-80.24917,0
255364,364,-80.95187,0
255374,365,-80.81134,0
255384,365,-80.81134,0
255394,368,-80.38971,0
255404,366,-80.67079,0
255414,366,-80.67079,0
255424,368,-80.38971,0
255434,371,-79.96809,0
255444,374,-79.54646,0
255454,368,-80.38971,0
255464,365,-80.81134,0
255474,366,-80.67079,0
255484,366,-80.67079,0
255494,367,-80.53025,0
255504,370,-80.10863,0
255514,363,-81.09241,0
255524,362,-81.23296,0
255534,365,-80.81134,0
255544,365,-80.81134,0
255554,375,-79.40591,0
255564,369,-80.24917,0
255574,369,-80.24917,0
255584,363,-81.09241,0
255594,364,-80.95187,0
255604,369,-80.24917,0
255614,364,-80.95187,0
255624,362,-81.23296,0
255634,370,-80.10863,0
255644,365,-80.81134,0
255654,370,-80.10863,0
255664,363,-81.09241,0
255674,364,-80.95187,0
255684,368,-80.38971,0
255694,368,-80.38971,0
255704,366,-80.67079,0
255714,367,-80.53025,0
255724,372,-79.82755,0
255734,369,-80.24917,0
255744,363,-81.09241,0
255754,361,-81.3735,0
255764,370,-80.10863,0
255774,362,-81.23296,0
255784,371,-79.96809,0
255794,361,-81.3735,0
255804,361,-81.3735,0
255814,364,-80.95187,0
255824,364,-80.95187,0
255834,369,-80.24917,0
255844,364,-80.95187,0
255854,372,-79.82755,0
255864,364,-80.95187,0
255874,368,-80.38971,0
255884,370,-80.10863,0
255894,367,-80.53025,0
255904,374,-79.54646,0
255914,370,-80.10863,0
255924,367,-80.53025,0
255934,358,-81.79513,0
255944,367,-80.53025,0
255954,364,-80.95187,0
255964,367,-80.53025,0
255974,368,-80.38971,0
255984,372,-79.82755,0
255994,374,-79.54646,0
256004,369,-80.24917,0
256014,367,-80.53025,0
256024,366,-80.67079,0
256034,369,-80.24917,0
256044,360,-81.51404,0
256054,365,-80.81134,0
256064,364,-80.95187,0
256074,366,-80.67079,0
256084,374,-79.54646,0
256094,372,-79.82755,0
256104,369,-80.24917,0
256114,370,-80.10863,0
256124,370,-80.10863,0
256134,367,-80.53025,0
256144,365,-80.81134,0
256154,370,-80.10863,0
256164,364,-80.95187,0
256174,368,-80.38971,0
256184,361,-81.3735,0
256194,368,-80.38971,0
256204,374,-79.54646,0
256214,365,-80.81134,0
256224,371,-79.96809,0
256234,369,-80.24917,0
256244,375,-79.40591,0
256254,371,-79.96809,0
256264,372,-79.82755,0
256274,370,-80.10863,0
256284,371,-79.96809,0
256294,364,-80.95187,0
256304,363,-81.09241,0
256314,362,-81.23296,0
256324,373,-79.687,0
256334,365,-80.81134,0
256344,366,-80.67079,0
256354,378,-78.9843,0
256364,369,-80.24917,0
256374,369,-80.24917,0
256384,369,-80.24917,0
256394,372,-79.82755,0
256404,370,-80.10863,0
256414,372,-79.82755,0
256424,370,-80.10863,0
256434,367,-80.53025,0
256444,377,-79.12483,0
256454,364,-80.95187,0
256464,363,-81.09241,0
256474,366,-80.67079,0
256484,369,-80.24917,0
256494,370,-80.10863,0
256504,370,-80.10863,0
256514,371,-79.96809,0
256524,366,-80.67079,0
256534,373,-79.687,0
256544,376,-79.26538,0
256554,367,-80.53025,0
256564,364,-80.95187,0
256574,363,-81.09241,0
256584,371,-79.96809,0
256594,369,-80.24917,0
256604,371,-79.96809,0
256614,369,-80.24917,0
256624,370,-80.10863,0
256634,362,-81.23296,0
256644,365,-80.81134,0
256654,365,-80.81134,0
256664,365,-80.81134,0
256674,367,-80.53025,0
256684,365,-80.81134,0
256694,363,-81.09241,0
256704,367,-80.53025,0
256714,363,-81.09241,0
256724,362,-81.23296,0
256734,373,-79.687,0
256744,363,-81.09241,0
256754,364,-80.95187,0
256764,371,-79.96809,0
256774,369,-80.24917,0
256784,369,-80.24917,0
256794,371,-79.96809,0
256804,366,-80.67079,0
256814,364,-80.95187,0
256824,364,-80.95187,0
256834,363,-81.09241,0
256844,364,-80.95187,0
256854,375,-79.40591,0
256864,368,-80.38971,0
256874,369,-80.24917,0
256884,369,-80.24917,0
256894,369,-80.24917,0
256904,370,-80.10863,0
256914,371,-79.96809,0
256924,368,-80.38971,0
256934,369,-80.24917,0
256944,368,-80.38971,0
256954,375,-79.40591,0
256964,367,-80.53025,0
256974,373,-79.687,0
256984,369,-80.24917,0
256994,369,-80.24917,0
257004,368,-80.38971,0
257014,373,-79.687,0
257024,369,-80.24917,0
257034,364,-80.95187,0
257044,369,-80.24917,0
257054,370,-80.10863,0
257064,372,-79.82755,0
257074,366,-80.67079,0
257084,371,-79.96809,0
257094,366,-80.67079,0
257104,371,-79.96809,0
257114,363,-81.09241,0
257124,367,-80.53025,0
257134,373,-79.687,0
257144,370,-80.10863,0
257154,366,-80.67079,0
257164,364,-80.95187,0
257174,369,-80.24917,0
257184,368,-80.38971,0
257194,360,-81.51404,0
257204,366,-80.67079,0
257214,373,-79.687,0
257224,377,-79.12483,0
257234,368,-80.38971,0
257244,374,-79.54646,0
257254,373,-79.687,0
257264,360,-81.51404,0
257274,368,-80.38971,0
257284,368,-80.38971,0
257294,365,-80.81134,0
257304,372,-79.82755,0
257314,372,-79.82755,0
257324,363,-81.09241,0
257334,365,-80.81134,0
257344,367,-80.53025,0
257354,366,-80.67079,0
257364,369,-80.24917,0
257374,369,-80.24917,0
257384,369,-80.24917,0
257394,366,-80.67079,0
257404,364,-80.95187,0
257414,372,-79.82755,0
257424,374,-79.54646,0
257434,368,-80.38971,0
257444,370,-80.10863,0
257454,368,-80.38971,0
257464,366,-80.67079,0
257474,369,-80.24917,0
257484,364,-80.95187,0
257494,364,-80.95187,0
257504,364,-80.95187,0
257514,368,-80.38971,0
257524,363,-81.09241,0
257534,366,-80.67079,0
257544,360,-81.51404,0
257554,365,-80.81134,0
257564,367,-80.53025,0
257574,368,-80.38971,0
257584,362,-81.23296,0
257594,373,-79.687,0
257604,369,-80.24917,0
257614,367,-80.53025,0
257624,371,-79.96809,0
257634,361,-81.3735,0
257644,364,-80.95187,0
257654,371,-79.96809,0
257664,364,-80.95187,0
257674,365,-80.81134,0
257684,366,-80.67079,0
257694,360,-81.51404,0
257704,364,-80.95187,0
257714,365,-80.81134,0
257724,373,-79.687,0
257734,371,-79.96809,0
257744,372,-79.82755,0
257754,368,-80.38971,0
257764,362,-81.23296,0
257774,368,-80.38971,0
257784,370,-80.10863,0
257794,372,-79.82755,0
257804,365,-80.81134,0
257814,366,-80.67079,0
257824,366,-80.67079,0
257834,367,-80.53025,0
257844,365,-80.81134,0
257854,374,-79.54646,0
257864,361,-81.3735,0
257874,364,-80.95187,0
257884,363,-81.09241,0
257894,367,-80.53025,0
257904,376,-79.26538,0
257914,364,-80.95187,0
257924,366,-80.67079,0
257934,361,-81.3735,0
257944,370,-80.10863,0
257954,372,-79.82755,0
257964,367,-80.53025,0
257974,373,-79.687,0
257984,373,-79.687,0
257994,365,-80.81134,0
258004,369,-80.24917,0
258014,364,-80.95187,0
258024,372,-79.82755,0
258034,364,-80.95187,0
258044,365,-80.81134,0
258054,362,-81.23296,0
258064,371,-79.96809,0
258074,362,-81.23296,0
258084,367,-80.53025,0
258094,370,-80.10863,0
258104,374,-79.54646,0
258114,369,-80.24917,0
258124,365,-80.81134,0
258134,368,-80.38971,0
258144,369,-80.24917,0
258154,363,-81.09241,0
258164,371,-79.96809,0
258174,372,-79.82755,0
258184,364,-80.95187,0
258194,373,-79.687,0
258204,372,-79.82755,0
258214,365,-80.81134,0
258224,367,-80.53025,0
258234,371,-79.96809,0
258244,366,-80.67079,0
258254,360,-81.51404,0
258264,370,-80.10863,0
258274,375,-79.40591,0
258284,371,-79.96809,0
258294,370,-80.10863,0
258304,366,-80.67079,0
258314,367,-80.53025,0
258324,368,-80.38971,0
258334,364,-80.95187,0
258344,362,-81.23296,0
258354,373,-79.687,0
258364,364,-80.95187,0
258374,372,-79.82755,0
258384,367,-80.53025,0
258394,368,-80.38971,0
258404,367,-80.53025,0
258414,370,-80.10863,0
258424,370,-80.10863,0
258434,374,-79.54646,0
258444,372,-79.82755,0
258454,369,-80.24917,0
258464,369,-80.24917,0
258474,366,-80.67079,0
258484,365,-80.81134,0
258494,368,-80.38971,0
258504,368,-80.38971,0
258514,369,-80.24917,0
258524,364,-80.95187,0
258534,366,-80.67079,0
258544,371,-79.96809,0
258554,370,-80.10863,0
258564,367,-80.53025,0
258574,365,-80.81134,0
258584,367,-80.53025,0
258594,363,-81.09241,0
258604,370,-80.10863,0
258614,365,-80.81134,0
258624,366,-80.67079,0
258634,366,-80.67079,0
258644,365,-80.81134,0
258654,369,-80.24917,0
258664,363,-81.09241,0
258674,365,-80.81134,0
258684,369,-80.24917,0
258694,369,-80.24917,0
258704,370,-80.10863,0
258714,362,-81.23296,0
258724,370,-80.10863,0
258734,366,-80.67079,0
258744,372,-79.82755,0
258754,368,-80.38971,0
258764,364,-80.95187,0
258774,366,-80.67079,0
258784,368,-80.38971,0
258794,368,-80.38971,0
258804,367,-80.53025,0
258814,365,-80.81134,0
258824,371,-79.96809,0
258834,369,-80.24917,0
258844,372,-79.82755,0
258854,367,-80.53025,0
258864,370,-80.10863,0
258874,366,-80.67079,0
258884,370,-80.10863,0
258894,367,-80.53025,0
258904,368,-80.38971,0
258914,367,-80.53025,0
258924,369,-80.24917,0
258934,366,-80.67079,0
258944,368,-80.38971,0
258954,366,-80.67079,0
258964,369,-80.24917,0
258974,368,-80.38971,0
258984,364,-80.95187,0
258994,369,-80.24917,0
259004,364,-80.95187,0
259014,364,-80.95187,0
259024,371,-79.96809,0
259034,366,-80.67079,0
259044,371,-79.96809,0
259054,366,-80.67079,0
259064,372,-79.82755,0
259074,373,-79.687,0
259084,367,-80.53025,0
259094,365,-80.81134,0
259104,370,-80.10863,0
259114,368,-80.38971,0
259124,366,-80.67079,0
259134,362,-81.23296,0
259144,364,-80.95187,0
259154,372,-79.82755,0
259164,366,-80.67079,0
259174,372,-79.82755,0
259184,369,-80.24917,0
259194,362,-81.23296,0
259204,373,-79.687,0
259214,367,-80.53025,0
259224,369,-80.24917,0
259234,364,-80.95187,0
259244,366,-80.67079,0
259254,367,-80.53025,0
259264,367,-80.53025,0
259274,370,-80.10863,0
259284,373,-79.687,0
259294,361,-81.3735,0
259304,371,-79.96809,0
259314,376,-79.26538,0
259324,372,-79.82755,0
259334,374,-79.54646,0
259344,367,-80.53025,0
259354,367,-80.53025,0
259364,369,-80.24917,0
259374,366,-80.67079,0
259384,368,-80.38971,0
259394,366,-80.67079,0
259404,379,-78.84375,0
259414,371,-79.96809,0
259424,366,-80.67079,0
259434,370,-80.10863,0
259444,369,-80.24917,0
259454,366,-80.67079,0
259464,363,-81.09241,0
259474,371,-79.96809,0
259484,362,-81.23296,0
259494,368,-80.38971,0
259504,368,-80.38971,0
259514,372,-79.82755,0
259524,373,-79.687,0
259534,374,-79.54646,0
259544,374,-79.54646,0
259554,366,-80.67079,0
259564,373,-79.687,0
259574,373,-79.687,0
259584,371,-79.96809,0
259594,361,-81.3735,0
259604,374,-79.54646,0
259614,359,-81.65459,0
259624,367,-80.53025,0
259634,373,-79.687,0
259644,370,-80.10863,0
259654,365,-80.81134,0
259664,366,-80.67079,0
259674,370,-80.10863,0
259684,366,-80.67079,0
259694,364,-80.95187,0
259704,369,-80.24917,0
259714,367,-80.53025,0
259724,360,-81.51404,0
259734,368,-80.38971,0
259744,363,-81.09241,0
259754,379,-78.84375,0
259764,362,-81.23296,0
259774,366,-80.67079,0
259784,363,-81.09241,0
259794,363,-81.09241,0
259804,361,-81.3735,0
259814,366,-80.67079,0
259824,367,-80.53025,0
259834,363,-81.09241,0
259844,361,-81.3735,0
259854,362,-81.23296,0
259864,368,-80.38971,0
259874,370,-80.10863,0
259884,373,-79.687,0
259894,368,-80.38971,0
259904,368,-80.38971,0
259914,369,-80.24917,0
259924,372,-79.82755,0
259934,374,-79.54646,0
259944,369,-80.24917,0
259954,367,-80.53025,0
259964,368,-80.38971,0
259974,373,-79.687,0
259984,369,-80.24917,0
259994,368,-80.38971,0
260004,370,-80.10863,0
260014,371,-79.96809,0
260024,364,-80.95187,0
260034,369,-80.24917,0
260044,366,-80.67079,0
260054,370,-80.10863,0
260064,369,-80.24917,0
260074,362,-81.23296,0
260084,365,-80.81134,0
260094,369,-80.24917,0
260104,360,-81.51404,0
260114,366,-80.67079,0
260124,367,-80.53025,0
260134,371,-79.96809,0
260144,360,-81.51404,0
260154,376,-79.26538,0
260164,364,-80.95187,0
260174,371,-79.96809,0
260184,371,-79.96809,0
260194,371,-79.96809,0
260204,366,-80.67079,0
260214,366,-80.67079,0
260224,371,-79.96809,0
260234,373,-79.687,0
260244,366,-80.67079,0
260254,375,-79.40591,0
260264,367,-80.53025,0
260274,365,-80.81134,0
260284,369,-80.24917,0
260294,369,-80.24917,0
260304,361,-81.3735,0
260314,361,-81.3735,0
260324,365,-80.81134,0
260334,367,-80.53025,0
260344,368,-80.38971,0
260354,370,-80.10863,0
260364,370,-80.10863,0
260374,369,-80.24917,0
260384,371,-79.96809,0
260394,365,-80.81134,0
260404,368,-80.38971,0
260414,364,-80.95187,0
260424,361,-81.3735,0
260434,362,-81.23296,0
260444,365,-80.81134,0
260454,368,-80.38971,0
260464,368,-80.38971,0
260474,368,-80.38971,0
260484,366,-80.67079,0
260494,360,-81.51404,0
260504,371,-79.96809,0
260514,365,-80.81134,0
260524,365,-80.81134,0
260534,365,-80.81134,0
260544,362,-81.23296,0
260554,366,-80.67079,0
260564,370,-80.10863,0
260574,367,-80.53025,0
260584,365,-80.81134,0
260594,369,-80.24917,0
260604,363,-81.09241,0
260614,372,-79.82755,0
260624,370,-80.10863,0
260634,369,-80.24917,0
260644,369,-80.24917,0
260654,372,-79.82755,0
260664,365,-80.81134,0
260674,372,-79.82755,0
260684,369,-80.24917,0
260694,365,-80.81134,0
260704,363,-81.09241,0
260714,371,-79.96809,0
260724,365,-80.81134,0
260734,370,-80.10863,0
260744,371,-79.96809,0
260754,373,-79.687,0
260764,367,-80.53025,0
260774,363,-81.09241,0
260784,369,-80.24917,0
260794,367,-80.53025,0
260804,370,-80.10863,0
260814,366,-80.67079,0
260824,371,-79.96809,0
260834,373,-79.687,0
260844,371,-79.96809,0
260854,371,-79.96809,0
260864,363,-81.09241,0
260874,368,-80.38971,0
260884,370,-80.10863,0
260894,368,-80.38971,0
260904,367,-80.53025,0
260914,368,-80.38971,0
260924,368,-80.38971,0
260934,365,-80.81134,0
260944,371,-79.96809,0
260954,374,-79.54646,0
260964,372,-79.82755,0
260974,370,-80.10863,0
260984,369,-80.24917,0
260994,375,-79.40591,0
261004,366,-80.67079,0
261014,372,-79.82755,0
261024,368,-80.38971,0
261034,367,-80.53025,0
261044,364,-80.95187,0
261054,362,-81.23296,0
261064,366,-80.67079,0
261074,370,-80.10863,0
261084,366,-80.67079,0
261094,370,-80.10863,0
261104,366,-80.67079,0
261114,369,-80.24917,0
261124,372,-79.82755,0
261134,368,-80.38971,0
261144,369,-80.24917,0
261154,367,-80.53025,0
261164,366,-80.67079,0
261174,364,-80.95187,0
261184,373,-79.687,0
261194,362,-81.23296,0
261204,370,-80.10863,0
261214,375,-79.40591,0
261224,370,-80.10863,0
261234,372,-79.82755,0
261244,369,-80.24917,0
261254,370,-80.10863,0
261264,370,-80.10863,0
261274,368,-80.38971,0
261284,365,-80.81134,0
261294,364,-80.95187,0
261304,370,-80.10863,0
261314,366,-80.67079,0
261324,364,-80.95187,0
261334,373,-79.687,0
261344,366,-80.67079,0
261354,370,-80.10863,0
261364,368,-80.38971,0
261374,377,-79.12483,0
261384,366,-80.67079,0
261394,370,-80.10863,0
261404,360,-81.51404,0
261414,368,-80.38971,0
261424,366,-80.67079,0
261434,367,-80.53025,0
261444,368,-80.38971,0
261454,365,-80.81134,0
261464,373,-79.687,0
261474,368,-80.38971,0
261484,366,-80.67079,0
261494,372,-79.82755,0
261504,367,-80.53025,0
261514,370,-80.10863,0
261524,365,-80.81134,0
261534,365,-80.81134,0
261544,363,-81.09241,0
261554,369,-80.24917,0
261564,369,-80.24917,0
261574,368,-80.38971,0
261584,374,-79.54646,0
261594,370,-80.10863,0
261604,369,-80.24917,0
261614,368,-80.38971,0
261624,367,-80.53025,0
261634,369,-80.24917,0
261644,365,-80.81134,0
261654,373,-79.687,0
261664,367,-80.53025,0
261674,368,-80.38971,0
261684,365,-80.81134,0
261694,365,-80.81134,0
261704,363,-81.09241,0
261714,371,-79.96809,0
261724,373,-79.687,0
261734,373,-79.687,0
261744,363,-81.09241,0
261754,372,-79.82755,0
261764,368,-80.38971,0
261774,364,-80.95187,0
261784,371,-79.96809,0
261794,369,-80.24917,0
261804,372,-79.82755,0
261814,372,-79.82755,0
261824,367,-80.53025,0
261834,368,-80.38971,0
261844,372,-79.82755,0
261854,368,-80.38971,0
261864,363,-81.09241,0
261874,368,-80.38971,0
261884,368,-80.38971,0
261894,374,-79.54646,0
261904,369,-80.24917,0
261914,371,-79.96809,0
261924,374,-79.54646,0
261934,367,-80.53025,0
261944,363,-81.09241,0
261954,376,-79.26538,0
261964,366,-80.67079,0
261974,370,-80.10863,0
261984,367,-80.53025,0
261994,371,-79.96809,0
262004,366,-80.67079,0
262014,368,-80.38971,0
262024,366,-80.67079,0
262034,374,-79.54646,0
262044,371,-79.96809,0
262054,368,-80.38971,0
262064,365,-80.81134,0
262074,366,-80.67079,0
262084,371,-79.96809,0
262094,373,-79.687,0
262104,372,-79.82755,0
262114,368,-80.38971,0
262124,368,-80.38971,0
262134,370,-80.10863,0
262144,361,-81.3735,0
262154,365,-80.81134,0
262164,372,-79.82755,0
262174,373,-79.687,0
262184,372,-79.82755,0
262194,375,-79.40591,0
262204,368,-80.38971,0
262214,364,-80.95187,0
262224,377,-79.12483,0
262234,360,-81.51404,0
262244,369,-80.24917,0
262254,363,-81.09241,0
262264,367,-80.53025,0
262274,367,-80.53025,0
262284,368,-80.38971,0
262294,371,-79.96809,0
262304,366,-80.67079,0
262314,374,-79.54646,0
262324,363,-81.09241,0
262334,366,-80.67079,0
262344,373,-79.687,0
262354,369,-80.24917,0
262364,367,-80.53025,0
262374,367,-80.53025,0
262384,368,-80.38971,0
262394,365,-80.81134,0
262404,367,-80.53025,0
262414,367,-80.53025,0
262424,362,-81.23296,0
262434,368,-80.38971,0
262444,368,-80.38971,0
262454,373,-79.687,0
262464,370,-80.10863,0
262474,371,-79.96809,0
262484,373,-79.687,0
262494,364,-80.95187,0
262504,367,-80.53025,0
262514,357,-81.93566,0
262524,363,-81.09241,0
262534,366,-80.67079,0
262544,371,-79.96809,0
262554,370,-80.10863,0
262564,378,-78.9843,0
262574,363,-81.09241,0
262584,367,-80.53025,0
262594,367,-80.53025,0
262604,366,-80.67079,0
262614,368,-80.38971,0
262624,368,-80.38971,0
262634,374,-79.54646,0
262644,365,-80.81134,0
262654,371,-79.96809,0
262664,363,-81.09241,0
262674,372,-79.82755,0
262684,370,-80.10863,0
262694,362,-81.23296,0
262704,374,-79.54646,0
262714,372,-79.82755,0
262724,372,-79.82755,0
262734,369,-80.24917,0
262744,370,-80.10863,0
262754,374,-79.54646,0
262764,359,-81.65459,0
262774,364,-80.95187,0
262784,360,-81.51404,0
262794,370,-80.10863,0
262804,371,-79.96809,0
262814,368,-80.38971,0
262824,366,-80.67079,0
262834,373,-79.687,0
262844,366,-80.67079,0
262854,374,-79.54646,0
262864,366,-80.67079,0
262874,376,-79.26538,0
262884,364,-80.95187,0
262894,366,-80.67079,0
262904,377,-79.12483,0
262914,374,-79.54646,0
262924,362,-81.23296,0
262934,368,-80.38971,0
262944,372,-79.82755,0
262954,367,-80.53025,0
262964,365,-80.81134,0
262974,368,-80.38971,0
262984,369,-80.24917,0
262994,361,-81.3735,0
263004,368,-80.38971,0
263014,374,-79.54646,0
263024,369,-80.24917,0
263034,369,-80.24917,0
263044,370,-80.10863,0
263054,368,-80.38971,0
263064,374,-79.54646,0
263074,360,-81.51404,0
263084,371,-79.96809,0
263094,373,-79.687,0
263104,370,-80.10863,0
263114,367,-80.53025,0
263124,367,-80.53025,0
263134,366,-80.67079,0
263144,372,-79.82755,0
263154,367,-80.53025,0
263164,372,-79.82755,0
263174,371,-79.96809,0
263184,371,-79.96809,0
263194,371,-79.96809,0
263204,371,-79.96809,0
263214,369,-80.24917,0
263224,365,-80.81134,0
263234,365,-80.81134,0
263244,368,-80.38971,0
263254,373,-79.687,0
263264,372,-79.82755,0
263274,366,-80.67079,0
263284,371,-79.96809,0
263294,368,-80.38971,0
263304,367,-80.53025,0
263314,371,-79.96809,0
263324,374,-79.54646,0
263334,366,-80.67079,0
263344,365,-80.81134,0
263354,371,-79.96809,0
263364,364,-80.95187,0
263374,364,-80.95187,0
263384,368,-80.38971,0
263394,371,-79.96809,0
263404,374,-79.54646,0
263414,371,-79.96809,0
263424,374,-79.54646,0
263434,363,-81.09241,0
263444,378,-78.9843,0
263454,374,-79.54646,0
263464,366,-80.67079,0
263474,369,-80.24917,0
263484,368,-80.38971,0
263494,374,-79.54646,0
263504,367,-80.53025,0
263514,368,-80.38971,0
263524,359,-81.65459,0
263534,366,-80.67079,0
263544,372,-79.82755,0
263554,372,-79.82755,0
263564,370,-80.10863,0
263574,371,-79.96809,0
263584,369,-80.24917,0
263594,369,-80.24917,0
263604,364,-80.95187,0
263614,371,-79.96809,0
263624,367,-80.53025,0
263634,369,-80.24917,0
263644,364,-80.95187,0
263654,372,-79.82755,0
263664,365,-80.81134,0
263674,372,-79.82755,0
263684,365,-80.81134,0
263694,371,-79.96809,0
263704,372,-79.82755,0
263714,367,-80.53025,0
263724,366,-80.67079,0
263734,433,-71.25452,0
263744,526,-58.18417,0
263754,507,-60.85445,0
263764,520,-59.02741,0
263774,521,-58.88687,0
263784,516,-59.58958,0
263794,511,-60.29228,0
263804,514,-59.87066,0
263814,520,-59.02741,0
263824,514,-59.87066,0
263834,510,-60.43283,0
263844,511,-60.29228,0
263854,519,-59.16795,0
263864,513,-60.0112,0
263874,526,-58.18417,0
263884,521,-58.88687,0
263894,515,-59.73012,0
263904,518,-59.30849,0
263914,517,-59.44904,0
263924,512,-60.15174,0
263934,510,-60.43283,0
263944,518,-59.30849,0
263954,509,-60.57336,0
263964,515,-59.73012,0
263974,523,-58.60579,0
263984,517,-59.44904,0
263994,516,-59.58958,0
264004,518,-59.30849,0
264014,525,-58.3247,0
264024,514,-59.87066,0
264034,516,-59.58958,0
264044,522,-58.74633,0
264054,519,-59.16795,0
264064,525,-58.3247,0
264074,522,-58.74633,0
264084,517,-59.44904,0
264094,517,-59.44904,0
264104,511,-60.29228,0
264114,520,-59.02741,0
264124,514,-59.87066,0
264134,514,-59.87066,0
264144,527,-58.04362,0
264154,520,-59.02741,0
264164,523,-58.60579,0
264174,524,-58.46524,0
264184,512,-60.15174,0
264194,516,-59.58958,0
264204,512,-60.15174,0
264214,522,-58.74633,0
264224,520,-59.02741,0
264234,516,-59.58958,0
264244,527,-58.04362,0
264254,515,-59.73012,0
264264,519,-59.16795,0
264274,521,-58.88687,0
264284,523,-58.60579,0
264294,522,-58.74633,0
264304,517,-59.44904,0
264314,516,-59.58958,0
264324,514,-59.87066,0
264334,520,-59.02741,0
264344,512,-60.15174,0
264354,511,-60.29228,0
264364,517,-59.44904,0
264374,516,-59.58958,0
264384,516,-59.58958,0
264394,506,-60.995,0
264404,528,-57.90308,0
264414,519,-59.16795,0
264424,523,-58.60579,0
264434,516,-59.58958,0
264444,519,-59.16795,0
264454,527,-58.04362,0
264464,513,-60.0112,0
264474,522,-58.74633,0
264484,519,-59.16795,0
264494,520,-59.02741,0
264504,518,-59.30849,0
264514,509,-60.57336,0
264524,527,-58.04362,0
264534,506,-60.995,0
264544,517,-59.44904,0
264554,517,-59.44904,0
264564,513,-60.0112,0
264574,515,-59.73012,0
264584,522,-58.74633,0
264594,513,-60.0112,0
264604,518,-59.30849,0
264614,521,-58.88687,0
264624,520,-59.02741,0
264634,513,-60.0112,0
264644,517,-59.44904,0
264654,513,-60.0112,0
264664,513,-60.0112,0
264674,511,-60.29228,0
264684,515,-59.73012,0
264694,511,-60.29228,0
264704,516,-59.58958,0
264714,522,-58.74633,0
264724,517,-59.44904,0
264734,512,-60.15174,0
264744,515,-59.73012,0
264754,521,-58.88687,0
264764,514,-59.87066,0
264774,515,-59.73012,0
264784,518,-59.30849,0
264794,529,-57.76254,0
264804,520,-59.02741,0
264814,516,-59.58958,0
264824,514,-59.87066,0
264834,527,-58.04362,0
264844,517,-59.44904,0
264854,521,-58.88687,0
264864,526,-58.18417,0
264874,515,-59.73012,0
264884,523,-58.60579,0
264894,510,-60.43283,0
264904,528,-57.90308,0
264914,507,-60.85445,0
264924,510,-60.43283,0
264934,515,-59.73012,0
264944,524,-58.46524,0
264954,518,-59.30849,0
264964,520,-59.02741,0
264974,516,-59.58958,0
264984,517,-59.44904,0
264994,511,-60.29228,0
265004,509,-60.57336,0
265014,518,-59.30849,0
265024,524,-58.46524,0
265034,523,-58.60579,0
265044,523,-58.60579,0
265054,519,-59.16795,0
265064,524,-58.46524,0
265074,515,-59.73012,0
265084,523,-58.60579,0
265094,519,-59.16795,0
265104,522,-58.74633,0
265114,523,-58.60579,0
265124,523,-58.60579,0
265134,516,-59.58958,0
265144,508,-60.71391,0
265154,513,-60.0112,0
265164,509,-60.57336,0
265174,520,-59.02741,0
265184,518,-59.30849,0
265194,520,-59.02741,0
265204,513,-60.0112,0
265214,516,-59.58958,0
265224,519,-59.16795,0
265234,518,-59.30849,0
265244,510,-60.43283,0
265254,519,-59.16795,0
265264,516,-59.58958,0
265274,523,-58.60579,0
265284,524,-58.46524,0
265294,520,-59.02741,0
265304,518,-59.30849,0
265314,515,-59.73012,0
265324,518,-59.30849,0
265334,516,-59.58958,0
265344,514,-59.87066,0
265354,514,-59.87066,0
265364,518,-59.30849,0
265374,512,-60.15174,0
265384,509,-60.57336,0
265394,517,-59.44904,0
265404,524,-58.46524,0
265414,517,-59.44904,0
265424,513,-60.0112,0
265434,515,-59.73012,0
265444,515,-59.73012,0
265454,515,-59.73012,0
265464,519,-59.16795,0
265474,522,-58.74633,0
265484,523,-58.60579,0
265494,517,-59.44904,0
265504,518,-59.30849,0
265514,522,-58.74633,0
265524,515,-59.73012,0
265534,520,-59.02741,0
265544,516,-59.58958,0
265554,514,-59.87066,0
265564,508,-60.71391,0
265574,525,-58.3247,0
265584,519,-59.16795,0
265594,522,-58.74633,0
265604,516,-59.58958,0
265614,515,-59.73012,0
265624,516,-59.58958,0
265634,515,-59.73012,0
265644,521,-58.88687,0
265654,515,-59.73012,0
265664,503,-61.41661,0
265674,518,-59.30849,0
265684,511,-60.29228,0
265694,510,-60.43283,0
265704,518,-59.30849,0
265714,514,-59.87066,0
265724,516,-59.58958,0
265734,509,-60.57336,0
265744,498,-62.11932,0
265754,514,-59.87066,0
265764,519,-59.16795,0
265774,517,-59.44904,0
265784,518,-59.30849,0
265794,515,-59.73012,0
265804,511,-60.29228,0
265814,514,-59.87066,0
265824,513,-60.0112,0
265834,515,-59.73012,0
265844,519,-59.16795,0
265854,521,-58.88687,0
265864,513,-60.0112,0
265874,526,-58.18417,0
265884,518,-59.30849,0
265894,512,-60.15174,0
265904,526,-58.18417,0
265914,520,-59.02741,0
265924,524,-58.46524,0
265934,513,-60.0112,0
265944,522,-58.74633,0
265954,518,-59.30849,0
265964,516,-59.58958,0
265974,515,-59.73012,0
265984,521,-58.88687,0
265994,519,-59.16795,0
266004,507,-60.85445,0
266014,513,-60.0112,0
266024,519,-59.16795,0
266034,522,-58.74633,0
266044,519,-59.16795,0
266054,516,-59.58958,0
266064,512,-60.15174,0
266074,515,-59.73012,0
266084,517,-59.44904,0
266094,518,-59.30849,0
266104,526,-58.18417,0
266114,515,-59.73012,0
266124,516,-59.58958,0
266134,511,-60.29228,0
266144,518,-59.30849,0
266154,517,-59.44904,0
266164,514,-59.87066,0
266174,516,-59.58958,0
266184,507,-60.85445,0
266194,513,-60.0112,0
266204,521,-58.88687,0
266214,512,-60.15174,0
266224,505,-61.13553,0
266234,516,-59.58958,0
266244,523,-58.60579,0
266254,515,-59.73012,0
266264,523,-58.60579,0
266274,521,-58.88687,0
266284,513,-60.0112,0
266294,520,-59.02741,0
266304,517,-59.44904,0
266314,514,-59.87066,0
266324,512,-60.15174,0
266334,515,-59.73012,0
266344,516,-59.58958,0
266354,516,-59.58958,0
266364,508,-60.71391,0
266374,515,-59.73012,0
266384,509,-60.57336,0
266394,513,-60.0112,0
266404,517,-59.44904,0
266414,523,-58.60579,0
266424,519,-59.16795,0
266434,518,-59.30849,0
266444,521,-58.88687,0
266454,508,-60.71391,0
266464,519,-59.16795,0
266474,523,-58.60579,0
266484,513,-60.0112,0
266494,520,-59.02741,0
266504,514,-59.87066,0
266514,509,-60.57336,0
266524,512,-60.15174,0
266534,521,-58.88687,0
266544,521,-58.88687,0
266554,518,-59.30849,0
266564,521,-58.88687,0
266574,512,-60.15174,0
266584,519,-59.16795,0
266594,524,-58.46524,0
266604,528,-57.90308,0
266614,511,-60.29228,0
266624,516,-59.58958,0
266634,521,-58.88687,0
266644,517,-59.44904,0
266654,511,-60.29228,0
266664,517,-59.44904,0
266674,523,-58.60579,0
266684,517,-59.44904,0
266694,520,-59.02741,0
266704,522,-58.74633,0
266714,515,-59.73012,0
266724,520,-59.02741,0
266734,519,-59.16795,0
266744,515,-59.73012,0
266754,517,-59.44904,0
266764,516,-59.58958,0
266774,518,-59.30849,0
266784,511,-60.29228,0
266794,519,-59.16795,0
266804,511,-60.29228,0
266814,508,-60.71391,0
266824,522,-58.74633,0
266834,521,-58.88687,0
266844,517,-59.44904,0
266854,507,-60.85445,0
266864,511,-60.29228,0
266874,513,-60.0112,0
266884,511,-60.29228,0
266894,503,-61.41661,0
266904,513,-60.0112,0
266914,510,-60.43283,0
266924,518,-59.30849,0
266934,511,-60.29228,0
266944,511,-60.29228,0
266954,520,-59.02741,0
266964,514,-59.87066,0
266974,517,-59.44904,0
266984,509,-60.57336,0
266994,515,-59.73012,0
267004,513,-60.0112,0
267014,522,-58.74633,0
267024,514,-59.87066,0
267034,513,-60.0112,0
267044,516,-59.58958,0
267054,511,-60.29228,0
267064,513,-60.0112,0
267074,521,-58.88687,0
267084,516,-59.58958,0
267094,511,-60.29228,0
267104,518,-59.30849,0
267114,517,-59.44904,0
267124,517,-59.44904,0
267134,526,-58.18417,0
267144,516,-59.58958,0
267154,513,-60.0112,0
267164,517,-59.44904,0
267174,518,-59.30849,0
267184,516,-59.58958,0
267194,521,-58.88687,0
267204,520,-59.02741,0
267214,524,-58.46524,0
267224,528,-57.90308,0
267234,516,-59.58958,0
267244,516,-59.58958,0
267254,515,-59.73012,0
267264,517,-59.44904,0
267274,518,-59.30849,0
267284,517,-59.44904,0
267294,520,-59.02741,0
267304,516,-59.58958,0
267314,512,-60.15174,0
267324,515,-59.73012,0
267334,521,-58.88687,0
267344,517,-59.44904,0
267354,513,-60.0112,0
267364,522,-58.74633,0
267374,520,-59.02741,0
267384,523,-58.60579,0
267394,524,-58.46524,0
267404,512,-60.15174,0
267414,524,-58.46524,0
267424,522,-58.74633,0
267434,506,-60.995,0
267444,518,-59.30849,0
267454,521,-58.88687,0
267464,513,-60.0112,0
267474,520,-59.02741,0
267484,518,-59.30849,0
267494,516,-59.58958,0
267504,515,-59.73012,0
267514,523,-58.60579,0
267524,514,-59.87066,0
267534,515,-59.73012,0
267544,514,-59.87066,0
267554,516,-59.58958,0
267564,520,-59.02741,0
267574,518,-59.30849,0
267584,515,-59.73012,0
267594,514,-59.87066,0
267604,515,-59.73012,0
267614,515,-59.73012,0
267624,526,-58.18417,0
267634,509,-60.57336,0
267644,511,-60.29228,0
267654,512,-60.15174,0
267664,507,-60.85445,0
267674,513,-60.0112,0
267684,511,-60.29228,0
267694,516,-59.58958,0
267704,516,-59.58958,0
267714,517,-59.44904,0
267724,523,-58.60579,0
267734,514,-59.87066,0
267744,522,-58.74633,0
267754,507,-60.85445,0
267764,508,-60.71391,0
267774,513,-60.0112,0
267784,510,-60.43283,0
267794,515,-59.73012,0
267804,512,-60.15174,0
267814,509,-60.57336,0
267824,521,-58.88687,0
267834,520,-59.02741,0
267844,524,-58.46524,0
267854,516,-59.58958,0
267864,522,-58.74633,0
267874,519,-59.16795,0
267884,509,-60.57336,0
267894,518,-59.30849,0
267904,521,-58.88687,0
267914,509,-60.57336,0
267924,518,-59.30849,0
267934,517,-59.44904,0
267944,524,-58.46524,0
267954,520,-59.02741,0
267964,521,-58.88687,0
267974,512,-60.15174,0
267984,514,-59.87066,0
267994,518,-59.30849,0
268004,519,-59.16795,0
268014,511,-60.29228,0
268024,513,-60.0112,0
268034,511,-60.29228,0
268044,530,-57.622,0
268054,518,-59.30849,0
268064,516,-59.58958,0
268074,514,-59.87066,0
268084,524,-58.46524,0
268094,522,-58.74633,0
268104,522,-58.74633,0
268114,512,-60.15174,0
268124,516,-59.58958,0
268134,526,-58.18417,0
268144,514,-59.87066,0
268154,516,-59.58958,0
268164,517,-59.44904,0
268174,518,-59.30849,0
268184,518,-59.30849,0
268194,518,-59.30849,0
268204,511,-60.29228,0
268214,513,-60.0112,0
268224,529,-57.76254,0
268234,521,-58.88687,0
268244,516,-59.58958,0
268254,513,-60.0112,0
268264,515,-59.73012,0
268274,526,-58.18417,0
268284,515,-59.73012,0
268294,513,-60.0112,0
268304,508,-60.71391,0
268314,524,-58.46524,0
268324,522,-58.74633,0
268334,520,-59.02741,0
268344,516,-59.58958,0
268354,516,-59.58958,0
268364,517,-59.44904,0
268374,512,-60.15174,0
268384,514,-59.87066,0
268394,517,-59.44904,0
268404,515,-59.73012,0
268414,518,-59.30849,0
268424,517,-59.44904,0
268434,513,-60.0112,0
268444,523,-58.60579,0
268454,520,-59.02741,0
268464,517,-59.44904,0
268474,514,-59.87066,0
268484,515,-59.73012,0
268494,518,-59.30849,0
268504,520,-59.02741,0
268514,512,-60.15174,0
268524,510,-60.43283,0
268534,510,-60.43283,0
268544,517,-59.44904,0
268554,518,-59.30849,0
268564,515,-59.73012,0
268574,515,-59.73012,0
268584,527,-58.04362,0
268594,514,-59.87066,0
268604,523,-58.60579,0
268614,523,-58.60579,0
268624,515,-59.73012,0
268634,511,-60.29228,0
268644,519,-59.16795,0
268654,521,-58.88687,0
268664,519,-59.16795,0
268674,523,-58.60579,0
268684,510,-60.43283,0
268694,516,-59.58958,0
268704,513,-60.0112,0
268714,518,-59.30849,0
268724,531,-57.48146,0
268734,509,-60.57336,0
268744,523,-58.60579,0
268754,510,-60.43283,0
268764,505,-61.13553,0
268774,516,-59.58958,0
268784,509,-60.57336,0
268794,513,-60.0112,0
268804,520,-59.02741,0
268814,525,-58.3247,0
268824,509,-60.57336,0
268834,513,-60.0112,0
268844,523,-58.60579,0
268854,516,-59.58958,0
268864,525,-58.3247,0
268874,511,-60.29228,0
268884,513,-60.0112,0
268894,511,-60.29228,0
268904,511,-60.29228,0
268914,512,-60.15174,0
268924,511,-60.29228,0
268934,513,-60.0112,0
268944,508,-60.71391,0
268954,510,-60.43283,0
268964,506,-60.995,0
268974,521,-58.88687,0
268984,514,-59.87066,0
268994,512,-60.15174,0
269004,520,-59.02741,0
269014,512,-60.15174,0
269024,513,-60.0112,0
269034,523,-58.60579,0
269044,525,-58.3247,0
269054,518,-59.30849,0
269064,521,-58.88687,0
269074,520,-59.02741,0
269084,515,-59.73012,0
269094,511,-60.29228,0
269104,518,-59.30849,0
269114,524,-58.46524,0
269124,514,-59.87066,0
269134,507,-60.85445,0
269144,511,-60.29228,0
269154,513,-60.0112,0
269164,523,-58.60579,0
269174,514,-59.87066,0
269184,520,-59.02741,0
269194,521,-58.88687,0
269204,520,-59.02741,0
269214,512,-60.15174,0
269224,520,-59.02741,0
269234,517,-59.44904,0
269244,515,-59.73012,0
269254,516,-59.58958,0
269264,514,-59.87066,0
269274,517,-59.44904,0
269284,509,-60.57336,0
269294,525,-58.3247,0
269304,508,-60.71391,0
269314,519,-59.16795,0
269324,514,-59.87066,0
269334,509,-60.57336,0
269344,515,-59.73012,0
269354,515,-59.73012,0
269364,517,-59.44904,0
269374,514,-59.87066,0
269384,515,-59.73012,0
269394,513,-60.0112,0
269404,518,-59.30849,0
269414,525,-58.3247,0
269424,524,-58.46524,0
269434,513,-60.0112,0
269444,520,-59.02741,0
269454,518,-59.30849,0
269464,513,-60.0112,0
269474,517,-59.44904,0
269484,510,-60.43283,0
269494,511,-60.29228,0
269504,516,-59.58958,0
269514,520,-59.02741,0
269524,517,-59.44904,0
269534,525,-58.3247,0
269544,523,-58.60579,0
269554,513,-60.0112,0
269564,516,-59.58958,0
269574,522,-58.74633,0
269584,515,-59.73012,0
269594,510,-60.43283,0
269604,513,-60.0112,0
269614,516,-59.58958,0
269624,510,-60.43283,0
269634,521,-58.88687,0
269644,517,-59.44904,0
269654,514,-59.87066,0
269664,514,-59.87066,0
269674,512,-60.15174,0
269684,524,-58.46524,0
269694,516,-59.58958,0
269704,507,-60.85445,0
269714,509,-60.57336,0
269724,520,-59.02741,0
269734,513,-60.0112,0
269744,515,-59.73012,0
269754,516,-59.58958,0
269764,523,-58.60579,0
269774,510,-60.43283,0
269784,516,-59.58958,0
269794,520,-59.02741,0
269804,518,-59.30849,0
269814,512,-60.15174,0
269824,519,-59.16795,0
269834,522,-58.74633,0
269844,512,-60.15174,0
269854,518,-59.30849,0
269864,521,-58.88687,0
269874,513,-60.0112,0
269884,508,-60.71391,0
269894,519,-59.16795,0
269904,517,-59.44904,0
269914,510,-60.43283,0
269924,513,-60.0112,0
269934,521,-58.88687,0
269944,520,-59.02741,0
269954,510,-60.43283,0
269964,514,-59.87066,0
269974,524,-58.46524,0
269984,517,-59.44904,0
269994,516,-59.58958,0
270004,514,-59.87066,0
270014,517,-59.44904,0
270024,512,-60.15174,0
270034,512,-60.15174,0
270044,516,-59.58958,0
270054,522,-58.74633,0
270064,523,-58.60579,0
270074,518,-59.30849,0
270084,519,-59.16795,0
270094,518,-59.30849,0
270104,514,-59.87066,0
270114,511,-60.29228,0
270124,522,-58.74633,0
270134,519,-59.16795,0
270144,516,-59.58958,0
270154,515,-59.73012,0
270164,513,-60.0112,0
270174,512,-60.15174,0
270184,523,-58.60579,0
270194,530,-57.622,0
270204,519,-59.16795,0
270214,510,-60.43283,0
270224,518,-59.30849,0
270234,513,-60.0112,0
270244,515,-59.73012,0
270254,514,-59.87066,0
270264,519,-59.16795,0
270274,520,-59.02741,0
270284,516,-59.58958,0
270294,519,-59.16795,0
270304,516,-59.58958,0
270314,527,-58.04362,0
270324,520,-59.02741,0
270334,517,-59.44904,0
270344,516,-59.58958,0
270354,519,-59.16795,0
270364,513,-60.0112,0
270374,507,-60.85445,0
270384,513,-60.0112,0
270394,517,-59.44904,0
270404,519,-59.16795,0
270414,519,-59.16795,0
270424,521,-58.88687,0
270434,518,-59.30849,0
270444,518,-59.30849,0
270454,516,-59.58958,0
270464,516,-59.58958,0
270474,520,-59.02741,0
270484,512,-60.15174,0
270494,507,-60.85445,0
270504,517,-59.44904,0
270514,509,-60.57336,0
270524,508,-60.71391,0
270534,526,-58.18417,0
270544,517,-59.44904,0
270554,521,-58.88687,0
270564,519,-59.16795,0
270574,511,-60.29228,0
270584,511,-60.29228,0
270594,506,-60.995,0
270604,515,-59.73012,0
270614,519,-59.16795,0
270624,516,-59.58958,0
270634,524,-58.46524,0
270644,519,-59.16795,0
270654,519,-59.16795,0
270664,522,-58.74633,0
270674,523,-58.60579,0
270684,507,-60.85445,0
270694,518,-59.30849,0
270704,513,-60.0112,0
270714,518,-59.30849,0
270724,516,-59.58958,0
270734,510,-60.43283,0
270744,518,-59.30849,0
270754,514,-59.87066,0
270764,516,-59.58958,0
270774,513,-60.0112,0
270784,511,-60.29228,0
270794,510,-60.43283,0
270804,515,-59.73012,0
270814,519,-59.16795,0
270824,514,-59.87066,0
270834,522,-58.74633,0
270844,515,-59.73012,0
270854,516,-59.58958,0
270864,525,-58.3247,0
270874,524,-58.46524,0
270884,523,-58.60579,0
270894,513,-60.0112,0
270904,515,-59.73012,0
270914,517,-59.44904,0
270924,513,-60.0112,0
270934,513,-60.0112,0
270944,514,-59.87066,0
270954,521,-58.88687,0
270964,519,-59.16795,0
270974,521,-58.88687,0
270984,516,-59.58958,0
270994,519,-59.16795,0
271004,516,-59.58958,0
271014,516,-59.58958,0
271024,520,-59.02741,0
271034,520,-59.02741,0
271044,516,-59.58958,0
271054,514,-59.87066,0
271064,512,-60.15174,0
271074,522,-58.74633,0
271084,520,-59.02741,0
271094,511,-60.29228,0
271104,514,-59.87066,0
271114,511,-60.29228,0
271124,518,-59.30849,0
271134,520,-59.02741,0
271144,523,-58.60579,0
271154,527,-58.04362,0
271164,515,-59.73012,0
271174,519,-59.16795,0
271184,509,-60.57336,0
271194,521,-58.88687,0
271204,528,-57.90308,0
271214,514,-59.87066,0
271224,525,-58.3247,0
271234,525,-58.3247,0
271244,519,-59.16795,0
271254,523,-58.60579,0
271264,513,-60.0112,0
271274,523,-58.60579,0
271284,506,-60.995,0
271294,516,-59.58958,0
271304,517,-59.44904,0
271314,520,-59.02741,0
271324,520,-59.02741,0
271334,515,-59.73012,0
271344,512,-60.15174,0
271354,522,-58.74633,0
271364,520,-59.02741,0
271374,519,-59.16795,0
271384,524,-58.46524,0
271394,514,-59.87066,0
271404,512,-60.15174,0
271414,523,-58.60579,0
271424,524,-58.46524,0
271434,512,-60.15174,0
271444,518,-59.30849,0
271454,518,-59.30849,0
271464,521,-58.88687,0
271474,517,-59.44904,0
271484,521,-58.88687,0
271494,516,-59.58958,0
271504,517,-59.44904,0
271514,513,-60.0112,0
271524,517,-59.44904,0
271534,516,-59.58958,0
271544,516,-59.58958,0
271554,520,-59.02741,0
271564,514,-59.87066,0
271574,515,-59.73012,0
271584,526,-58.18417,0
271594,524,-58.46524,0
271604,517,-59.44904,0
271614,520,-59.02741,0
271624,524,-58.46524,0
271634,524,-58.46524,0
271644,522,-58.74633,0
271654,512,-60.15174,0
271664,525,-58.3247,0
271674,519,-59.16795,0
271684,518,-59.30849,0
271694,522,-58.74633,0
271704,519,-59.16795,0
271714,515,-59.73012,0
271724,519,-59.16795,0
271734,516,-59.58958,0
271744,519,-59.16795,0
271754,513,-60.0112,0
271764,520,-59.02741,0
271774,522,-58.74633,0
271784,520,-59.02741,0
271794,513,-60.0112,0
271804,514,-59.87066,0
271814,506,-60.995,0
271824,510,-60.43283,0
271834,529,-57.76254,0
271844,523,-58.60579,0
271854,518,-59.30849,0
271864,515,-59.73012,0
271874,504,-61.27607,0
271884,509,-60.57336,0
271894,523,-58.60579,0
271904,521,-58.88687,0
271914,522,-58.74633,0
271924,525,-58.3247,0
271934,518,-59.30849,0
271944,516,-59.58958,0
271954,523,-58.60579,0
271964,519,-59.16795,0
271974,508,-60.71391,0
271984,520,-59.02741,0
271994,528,-57.90308,0
272004,518,-59.30849,0
272014,519,-59.16795,0
272024,519,-59.16795,0
272034,524,-58.46524,0
272044,515,-59.73012,0
272054,516,-59.58958,0
272064,515,-59.73012,0
272074,517,-59.44904,0
272084,520,-59.02741,0
272094,505,-61.13553,0
272104,519,-59.16795,0
272114,519,-59.16795,0
272124,513,-60.0112,0
272134,526,-58.18417,0
272144,515,-59.73012,0
272154,514,-59.87066,0
272164,513,-60.0112,0
272174,519,-59.16795,0
272184,511,-60.29228,0
272194,524,-58.46524,0
272204,523,-58.60579,0
272214,520,-59.02741,0
272224,521,-58.88687,0
272234,521,-58.88687,0
272244,521,-58.88687,0
272254,524,-58.46524,0
272264,523,-58.60579,0
272274,515,-59.73012,0
272284,518,-59.30849,0
272294,519,-59.16795,0
272304,511,-60.29228,0
272314,519,-59.16795,0
272324,515,-59.73012,0
272334,520,-59.02741,0
272344,505,-61.13553,0
272354,520,-59.02741,0
272364,514,-59.87066,0
272374,521,-58.88687,0
272384,522,-58.74633,0
272394,518,-59.30849,0
272404,529,-57.76254,0
272414,523,-58.60579,0
272424,511,-60.29228,0
272434,512,-60.15174,0
272444,522,-58.74633,0
272454,513,-60.0112,0
272464,525,-58.3247,0
272474,531,-57.48146,0
272484,515,-59.73012,0
272494,526,-58.18417,0
272504,510,-60.43283,0
272514,517,-59.44904,0
272524,517,-59.44904,0
272534,511,-60.29228,0
272544,515,-59.73012,0
272554,523,-58.60579,0
272564,511,-60.29228,0
272574,516,-59.58958,0
272584,522,-58.74633,0
272594,513,-60.0112,0
272604,521,-58.88687,0
272614,511,-60.29228,0
272624,516,-59.58958,0
272634,520,-59.02741,0
272644,513,-60.0112,0
272654,523,-58.60579,0
272664,512,-60.15174,0
272674,512,-60.15174,0
272684,521,-58.88687,0
272694,517,-59.44904,0
272704,518,-59.30849,0
272714,521,-58.88687,0
272724,513,-60.0112,0
272734,517,-59.44904,0
272744,517,-59.44904,0
272754,519,-59.16795,0
272764,524,-58.46524,0
272774,525,-58.3247,0
272784,514,-59.87066,0
272794,517,-59.44904,0
272804,520,-59.02741,0
272814,519,-59.16795,0
272824,520,-59.02741,0
272834,512,-60.15174,0
272844,526,-58.18417,0
272854,524,-58.46524,0
272864,514,-59.87066,0
272874,520,-59.02741,0
272884,517,-59.44904,0
272894,521,-58.88687,0
272904,523,-58.60579,0
272914,520,-59.02741,0
272924,522,-58.74633,0
272934,514,-59.87066,0
272944,514,-59.87066,0
272954,519,-59.16795,0
272964,515,-59.73012,0
272974,520,-59.02741,0
272984,511,-60.29228,0
272994,521,-58.88687,0
273004,525,-58.3247,0
273014,519,-59.16795,0
273024,510,-60.43283,0
273034,522,-58.74633,0
273044,520,-59.02741,0
273054,512,-60.15174,0
273064,517,-59.44904,0
273074,515,-59.73012,0
273084,521,-58.88687,0
273094,525,-58.3247,0
273104,522,-58.74633,0
273114,523,-58.60579,0
273124,513,-60.0112,0
273134,519,-59.16795,0
273144,523,-58.60579,0
273154,526,-58.18417,0
273164,514,-59.87066,0
273174,516,-59.58958,0
273184,516,-59.58958,0
273194,516,-59.58958,0
273204,520,-59.02741,0
273214,513,-60.0112,0
273224,524,-58.46524,0
273234,520,-59.02741,0
273244,532,-57.34091,0
273254,524,-58.46524,0
273264,531,-57.48146,0
273274,520,-59.02741,0
273284,518,-59.30849,0
273294,516,-59.58958,0
273304,519,-59.16795,0
273314,521,-58.88687,0
273324,519,-59.16795,0
273334,517,-59.44904,0
273344,522,-58.74633,0
273354,516,-59.58958,0
273364,525,-58.3247,0
273374,525,-58.3247,0
273384,514,-59.87066,0
273394,517,-59.44904,0
273404,517,-59.44904,0
273414,520,-59.02741,0
273424,516,-59.58958,0
273434,520,-59.02741,0
273444,525,-58.3247,0
273454,516,-59.58958,0
273464,518,-59.30849,0
273474,521,-58.88687,0
273484,513,-60.0112,0
273494,518,-59.30849,0
273504,524,-58.46524,0
273514,519,-59.16795,0
273524,523,-58.60579,0
273534,527,-58.04362,0
273544,502,-61.55716,0
273554,522,-58.74633,0
273564,521,-58.88687,0
273574,524,-58.46524,0
273584,513,-60.0112,0
273594,510,-60.43283,0
273604,524,-58.46524,0
273614,520,-59.02741,0
273624,515,-59.73012,0
273634,527,-58.04362,0
273644,517,-59.44904,0
273654,521,-58.88687,0
273664,513,-60.0112,0
273674,507,-60.85445,0
273684,520,-59.02741,0
273694,521,-58.88687,0
273704,517,-59.44904,0
273714,513,-60.0112,0
273724,515,-59.73012,0
273734,510,-60.43283,0
273744,514,-59.87066,0
273754,516,-59.58958,0
273764,525,-58.3247,0
273774,511,-60.29228,0
273784,508,-60.71391,0
273794,515,-59.73012,0
273804,517,-59.44904,0
273814,527,-58.04362,0
273824,515,-59.73012,0
273834,527,-58.04362,0
273844,518,-59.30849,0
273854,520,-59.02741,0
273864,523,-58.60579,0
273874,527,-58.04362,0
273884,521,-58.88687,0
273894,530,-57.622,0
273904,517,-59.44904,0
273914,517,-59.44904,0
273924,515,-59.73012,0
273934,523,-58.60579,0
273944,519,-59.16795,0
273954,520,-59.02741,0
273964,522,-58.74633,0
273974,521,-58.88687,0
273984,519,-59.16795,0
273994,521,-58.88687,0
274004,530,-57.622,0
274014,518,-59.30849,0
274024,515,-59.73012,0
274034,517,-59.44904,0
274044,522,-58.74633,0
274054,522,-58.74633,0
274064,527,-58.04362,0
274074,515,-59.73012,0
274084,531,-57.48146,0
274094,520,-59.02741,0
274104,516,-59.58958,0
274114,525,-58.3247,0
274124,517,-59.44904,0
274134,519,-59.16795,0
274144,512,-60.15174,0
274154,518,-59.30849,0
274164,507,-60.85445,0
274174,511,-60.29228,0
274184,514,-59.87066,0
274194,513,-60.0112,0
274204,521,-58.88687,0
274214,521,-58.88687,0
274224,522,-58.74633,0
274234,514,-59.87066,0
274244,525,-58.3247,0
274254,520,-59.02741,0
274264,517,-59.44904,0
274274,510,-60.43283,0
274284,521,-58.88687,0
274294,518,-59.30849,0
274304,517,-59.44904,0
274314,518,-59.30849,0
274324,519,-59.16795,0
274334,519,-59.16795,0
274344,521,-58.88687,0
274354,523,-58.60579,0
274364,512,-60.15174,0
274374,521,-58.88687,0
274384,516,-59.58958,0
274394,514,-59.87066,0
274404,521,-58.88687,0
274414,511,-60.29228,0
274424,511,-60.29228,0
274434,517,-59.44904,0
274444,524,-58.46524,0
274454,520,-59.02741,0
274464,517,-59.44904,0
274474,510,-60.43283,0
274484,520,-59.02741,0
274494,514,-59.87066,0
274504,516,-59.58958,0
274514,518,-59.30849,0
274524,516,-59.58958,0
274534,521,-58.88687,0
274544,522,-58.74633,0
274554,515,-59.73012,0
274564,531,-57.48146,0
274574,513,-60.0112,0
274584,518,-59.30849,0
274594,518,-59.30849,0
274604,522,-58.74633,0
274614,514,-59.87066,0
274624,520,-59.02741,0
274634,515,-59.73012,0
274644,516,-59.58958,0
274654,524,-58.46524,0
274664,518,-59.30849,0
274674,514,-59.87066,0
274684,522,-58.74633,0
274694,522,-58.74633,0
274704,516,-59.58958,0
274714,519,-59.16795,0
274724,518,-59.30849,0
274734,517,-59.44904,0
274744,509,-60.57336,0
274754,522,-58.74633,0
274764,515,-59.73012,0
274774,515,-59.73012,0
274784,517,-59.44904,0
274794,506,-60.995,0
274804,526,-58.18417,0
274814,521,-58.88687,0
274824,524,-58.46524,0
274834,528,-57.90308,0
274844,523,-58.60579,0
274854,522,-58.74633,0
274864,516,-59.58958,0
274874,526,-58.18417,0
274884,523,-58.60579,0
274894,523,-58.60579,0
274904,520,-59.02741,0
274914,525,-58.3247,0
274924,526,-58.18417,0
274934,521,-58.88687,0
274944,510,-60.43283,0
274954,523,-58.60579,0
274964,523,-58.60579,0
274974,518,-59.30849,0
274984,526,-58.18417,0
274994,523,-58.60579,0
275004,518,-59.30849,0
275014,508,-60.71391,0
275024,509,-60.57336,0
275034,519,-59.16795,0
275044,520,-59.02741,0
275054,521,-58.88687,0
275064,515,-59.73012,0
275074,527,-58.04362,0
275084,521,-58.88687,0
275094,521,-58.88687,0
275104,524,-58.46524,0
275114,522,-58.74633,0
275124,507,-60.85445,0
275134,507,-60.85445,0
275144,526,-58.18417,0
275154,525,-58.3247,0
275164,519,-59.16795,0
275174,524,-58.46524,0
275184,521,-58.88687,0
275194,521,-58.88687,0
275204,514,-59.87066,0
275214,525,-58.3247,0
275224,524,-58.46524,0
275234,514,-59.87066,0
275244,525,-58.3247,0
275254,513,-60.0112,0
275264,519,-59.16795,0
275274,514,-59.87066,0
275284,527,-58.04362,0
275294,515,-59.73012,0
275304,515,-59.73012,0
275314,514,-59.87066,0
275324,521,-58.88687,0
275334,513,-60.0112,0
275344,523,-58.60579,0
275354,520,-59.02741,0
275364,512,-60.15174,0
275374,511,-60.29228,0
275384,517,-59.44904,0
275394,513,-60.0112,0
275404,518,-59.30849,0
275414,519,-59.16795,0
275424,524,-58.46524,0
275434,512,-60.15174,0
275444,534,-57.05983,0
275454,514,-59.87066,0
275464,520,-59.02741,0
275474,522,-58.74633,0
275484,517,-59.44904,0
275494,520,-59.02741,0
275504,525,-58.3247,0
275514,529,-57.76254,0
275524,524,-58.46524,0
275534,528,-57.90308,0
275544,522,-58.74633,0
275554,515,-59.73012,0
275564,520,-59.02741,0
275574,520,-59.02741,0
275584,513,-60.0112,0
275594,512,-60.15174,0
275604,520,-59.02741,0
275614,509,-60.57336,0
275624,518,-59.30849,0
275634,522,-58.74633,0
275644,521,-58.88687,0
275654,514,-59.87066,0
275664,507,-60.85445,0
275674,517,-59.44904,0
275684,523,-58.60579,0
275694,532,-57.34091,0
275704,515,-59.73012,0
275714,512,-60.15174,0
275724,510,-60.43283,0
275734,519,-59.16795,0
275744,517,-59.44904,0
275754,517,-59.44904,0
275764,516,-59.58958,0
275774,515,-59.73012,0
275784,511,-60.29228,0
275794,507,-60.85445,0
275804,508,-60.71391,0
275814,510,-60.43283,0
275824,519,-59.16795,0
275834,523,-58.60579,0
275844,512,-60.15174,0
275854,523,-58.60579,0
275864,520,-59.02741,0
275874,518,-59.30849,0
275884,523,-58.60579,0
275894,516,-59.58958,0
275904,518,-59.30849,0
275914,514,-59.87066,0
275924,511,-60.29228,0
275934,520,-59.02741,0
275944,522,-58.74633,0
275954,515,-59.73012,0
275964,519,-59.16795,0
275974,519,-59.16795,0
275984,517,-59.44904,0
275994,521,-58.88687,0
276004,525,-58.3247,0
276014,511,-60.29228,0
276024,517,-59.44904,0
276034,518,-59.30849,0
276044,525,-58.3247,0
276054,516,-59.58958,0
276064,525,-58.3247,0
276074,518,-59.30849,0
276084,517,-59.44904,0
276094,514,-59.87066,0
276104,514,-59.87066,0
276114,524,-58.46524,0
276124,520,-59.02741,0
276134,527,-58.04362,0
276144,522,-58.74633,0
276154,532,-57.34091,0
276164,517,-59.44904,0
276174,516,-59.58958,0
276184,517,-59.44904,0
276194,517,-59.44904,0
276204,510,-60.43283,0
276214,520,-59.02741,0
276224,509,-60.57336,0
276234,517,-59.44904,0
276244,530,-57.622,0
276254,515,-59.73012,0
276264,517,-59.44904,0
276274,523,-58.60579,0
276284,521,-58.88687,0
276294,518,-59.30849,0
276304,516,-59.58958,0
276314,515,-59.73012,0
276324,520,-59.02741,0
276334,514,-59.87066,0
276344,515,-59.73012,0
276354,522,-58.74633,0
276364,526,-58.18417,0
276374,520,-59.02741,0
276384,518,-59.30849,0
276394,524,-58.46524,0
276404,518,-59.30849,0
276414,511,-60.29228,0
276424,515,-59.73012,0
276434,522,-58.74633,0
276444,509,-60.57336,0
276454,514,-59.87066,0
276464,518,-59.30849,0
276474,521,-58.88687,0
276484,522,-58.74633,0
276494,524,-58.46524,0
276504,516,-59.58958,0
276514,519,-59.16795,0
276524,521,-58.88687,0
276534,522,-58.74633,0
276544,523,-58.60579,0
276554,511,-60.29228,0
276564,515,-59.73012,0
276574,514,-59.87066,0
276584,520,-59.02741,0
276594,522,-58.74633,0
276604,524,-58.46524,0
276614,516,-59.58958,0
276624,519,-59.16795,0
276634,532,-57.34091,0
276644,517,-59.44904,0
276654,517,-59.44904,0
276664,515,-59.73012,0
276674,516,-59.58958,0
276684,510,-60.43283,0
276694,526,-58.18417,0
276704,515,-59.73012,0
276714,519,-59.16795,0
276724,526,-58.18417,0
276734,520,-59.02741,0
276744,516,-59.58958,0
276754,518,-59.30849,0
276764,518,-59.30849,0
276774,518,-59.30849,0
276784,518,-59.30849,0
276794,516,-59.58958,0
276804,510,-60.43283,0
276814,508,-60.71391,0
276824,522,-58.74633,0
276834,525,-58.3247,0
276844,526,-58.18417,0
276854,516,-59.58958,0
276864,524,-58.46524,0
276874,519,-59.16795,0
276884,521,-58.88687,0
276894,509,-60.57336,0
276904,526,-58.18417,0
276914,517,-59.44904,0
276924,514,-59.87066,0
276934,519,-59.16795,0
276944,519,-59.16795,0
276954,511,-60.29228,0
276964,516,-59.58958,0
276974,510,-60.43283,0
276984,521,-58.88687,0
276994,522,-58.74633,0
277004,524,-58.46524,0
277014,528,-57.90308,0
277024,523,-58.60579,0
277034,523,-58.60579,0
277044,522,-58.74633,0
277054,510,-60.43283,0
277064,509,-60.57336,0
277074,520,-59.02741,0
277084,530,-57.622,0
277094,522,-58.74633,0
277104,519,-59.16795,0
277114,523,-58.60579,0
277124,519,-59.16795,0
277134,510,-60.43283,0
277144,525,-58.3247,0
277154,525,-58.3247,0
277164,511,-60.29228,0
277174,523,-58.60579,0
277184,515,-59.73012,0
277194,507,-60.85445,0
277204,519,-59.16795,0
277214,520,-59.02741,0
277224,510,-60.43283,0
277234,518,-59.30849,0
277244,523,-58.60579,0
277254,517,-59.44904,0
277264,524,-58.46524,0
277274,520,-59.02741,0
277284,516,-59.58958,0
277294,523,-58.60579,0
277304,521,-58.88687,0
277314,523,-58.60579,0
277324,520,-59.02741,0
277334,518,-59.30849,0
277344,514,-59.87066,0
277354,523,-58.60579,0
277364,518,-59.30849,0
277374,529,-57.76254,0
277384,513,-60.0112,0
277394,512,-60.15174,0
277404,524,-58.46524,0
277414,517,-59.44904,0
277424,526,-58.18417,0
277434,512,-60.15174,0
277444,521,-58.88687,0
277454,526,-58.18417,0
277464,521,-58.88687,0
277474,519,-59.16795,0
277484,521,-58.88687,0
277494,515,-59.73012,0
277504,523,-58.60579,0
277514,511,-60.29228,0
277524,510,-60.43283,0
277534,527,-58.04362,0
277544,523,-58.60579,0
277554,508,-60.71391,0
277564,509,-60.57336,0
277574,517,-59.44904,0
277584,515,-59.73012,0
277594,512,-60.15174,0
277604,513,-60.0112,0
277614,517,-59.44904,0
277624,516,-59.58958,0
277634,528,-57.90308,0
277644,521,-58.88687,0
277654,523,-58.60579,0
277664,513,-60.0112,0
277674,518,-59.30849,0
277684,514,-59.87066,0
277694,523,-58.60579,0
277704,516,-59.58958,0
277714,517,-59.44904,0
277724,509,-60.57336,0
277734,518,-59.30849,0
277744,523,-58.60579,0
277754,514,-59.87066,0
277764,513,-60.0112,0
277774,517,-59.44904,0
277784,517,-59.44904,0
277794,521,-58.88687,0
277804,512,-60.15174,0
277814,514,-59.87066,0
277824,511,-60.29228,0
277834,521,-58.88687,0
277844,517,-59.44904,0
277854,516,-59.58958,0
277864,508,-60.71391,0
277874,530,-57.622,0
277884,519,-59.16795,0
277894,513,-60.0112,0
277904,512,-60.15174,0
277914,526,-58.18417,0
277924,529,-57.76254,0
277934,518,-59.30849,0
277944,521,-58.88687,0
277954,512,-60.15174,0
277964,517,-59.44904,0
277974,520,-59.02741,0
277984,519,-59.16795,0
277994,516,-59.58958,0
278004,514,-59.87066,0
278014,515,-59.73012,0
278024,517,-59.44904,0
278034,522,-58.74633,0
278044,522,-58.74633,0
278054,520,-59.02741,0
278064,515,-59.73012,0
278074,526,-58.18417,0
278084,516,-59.58958,0
278094,519,-59.16795,0
278104,521,-58.88687,0
278114,525,-58.3247,0
278124,519,-59.16795,0
278134,519,-59.16795,0
278144,514,-59.87066,0
278154,516,-59.58958,0
278164,514,-59.87066,0
278174,525,-58.3247,0
278184,516,-59.58958,0
278194,517,-59.44904,0
278204,520,-59.02741,0
278214,528,-57.90308,0
278224,519,-59.16795,0
278234,523,-58.60579,0
278244,515,-59.73012,0
278254,516,-59.58958,0
278264,516,-59.58958,0
278274,519,-59.16795,0
278284,523,-58.60579,0
278294,522,-58.74633,0
278304,511,-60.29228,0
278314,517,-59.44904,0
278324,525,-58.3247,0
278334,523,-58.60579,0
278344,521,-58.88687,0
278354,529,-57.76254,0
278364,512,-60.15174,0
278374,520,-59.02741,0
278384,528,-57.90308,0
278394,515,-59.73012,0
278404,510,-60.43283,0
278414,512,-60.15174,0
278424,523,-58.60579,0
278434,518,-59.30849,0
278444,523,-58.60579,0
278454,521,-58.88687,0
278464,520,-59.02741,0
278474,517,-59.44904,0
278484,511,-60.29228,0
278494,518,-59.30849,0
278504,518,-59.30849,0
278514,503,-61.41661,0
278524,511,-60.29228,0
278534,519,-59.16795,0
278544,513,-60.0112,0
278554,515,-59.73012,0
278564,524,-58.46524,0
278574,520,-59.02741,0
278584,519,-59.16795,0
278594,517,-59.44904,0
278604,516,-59.58958,0
278614,513,-60.0112,0
278624,522,-58.74633,0
278634,520,-59.02741,0
278644,517,-59.44904,0
278654,517,-59.44904,0
278664,521,-58.88687,0
278674,517,-59.44904,0
278684,514,-59.87066,0
278694,524,-58.46524,0
278704,520,-59.02741,0
278714,527,-58.04362,0
278724,526,-58.18417,0
278734,509,-60.57336,0
278744,515,-59.73012,0
278754,516,-59.58958,0
278764,518,-59.30849,0
278774,519,-59.16795,0
278784,523,-58.60579,0
278794,516,-59.58958,0
278804,515,-59.73012,0
278814,521,-58.88687,0
278824,517,-59.44904,0
278834,505,-61.13553,0
278844,516,-59.58958,0
278854,523,-58.60579,0
278864,517,-59.44904,0
278874,517,-59.44904,0
278884,516,-59.58958,0
278894,521,-58.88687,0
278904,525,-58.3247,0
278914,521,-58.88687,0
278924,525,-58.3247,0
278934,523,-58.60579,0
278944,516,-59.58958,0
278954,527,-58.04362,0
278964,516,-59.58958,0
278974,521,-58.88687,0
278984,515,-59.73012,0
278994,512,-60.15174,0
279004,517,-59.44904,0
279014,524,-58.46524,0
279024,519,-59.16795,0
279034,523,-58.60579,0
279044,527,-58.04362,0
279054,526,-58.18417,0
279064,520,-59.02741,0
279074,515,-59.73012,0
279084,513,-60.0112,0
279094,522,-58.74633,0
279104,517,-59.44904,0
279114,512,-60.15174,0
279124,518,-59.30849,0
279134,517,-59.44904,0
279144,517,-59.44904,0
279154,517,-59.44904,0
279164,521,-58.88687,0
279174,514,-59.87066,0
279184,520,-59.02741,0
279194,513,-60.0112,0
279204,516,-59.58958,0
279214,519,-59.16795,0
279224,523,-58.60579,0
279234,526,-58.18417,0
279244,509,-60.57336,0
279254,515,-59.73012,0
279264,518,-59.30849,0
279274,518,-59.30849,0
279284,526,-58.18417,0
279294,522,-58.74633,0
279304,521,-58.88687,0
279314,512,-60.15174,0
279324,526,-58.18417,0
279334,516,-59.58958,0
279344,522,-58.74633,0
279354,518,-59.30849,0
279364,517,-59.44904,0
279374,516,-59.58958,0
279384,511,-60.29228,0
279394,518,-59.30849,0
279404,521,-58.88687,0
279414,522,-58.74633,0
279424,530,-57.622,0
279434,520,-59.02741,0
279444,520,-59.02741,0
279454,521,-58.88687,0
279464,515,-59.73012,0
279474,519,-59.16795,0
279484,519,-59.16795,0
279494,515,-59.73012,0
279504,522,-58.74633,0
279514,514,-59.87066,0
279524,515,-59.73012,0
279534,527,-58.04362,0
279544,525,-58.3247,0
279554,523,-58.60579,0
279564,520,-59.02741,0
279574,522,-58.74633,0
279584,517,-59.44904,0
279594,516,-59.58958,0
279604,511,-60.29228,0
279614,516,-59.58958,0
279624,512,-60.15174,0
279634,520,-59.02741,0
279644,517,-59.44904,0
279654,525,-58.3247,0
279664,524,-58.46524,0
279674,527,-58.04362,0
279684,520,-59.02741,0
279694,513,-60.0112,0
279704,518,-59.30849,0
279714,519,-59.16795,0
279724,517,-59.44904,0
279734,521,-58.88687,0
279744,513,-60.0112,0
279754,514,-59.87066,0
279764,509,-60.57336,0
279774,525,-58.3247,0
279784,523,-58.60579,0
279794,524,-58.46524,0
279804,526,-58.18417,0
279814,513,-60.0112,0
279824,522,-58.74633,0
279834,523,-58.60579,0
279844,513,-60.0112,0
279854,523,-58.60579,0
279864,526,-58.18417,0
279874,510,-60.43283,0
279884,525,-58.3247,0
279894,523,-58.60579,0
279904,527,-58.04362,0
279914,511,-60.29228,0
279924,521,-58.88687,0
279934,522,-58.74633,0
279944,528,-57.90308,0
279954,518,-59.30849,0
279964,523,-58.60579,0
279974,518,-59.30849,0
279984,512,-60.15174,0
279994,522,-58.74633,0
280004,513,-60.0112,0
280014,518,-59.30849,0
280024,516,-59.58958,0
280034,523,-58.60579,0
280044,525,-58.3247,0
280054,516,-59.58958,0
280064,520,-59.02741,0
280074,515,-59.73012,0
280084,517,-59.44904,0
280094,516,-59.58958,0
280104,527,-58.04362,0
280114,523,-58.60579,0
280124,521,-58.88687,0
280134,523,-58.60579,0
280144,520,-59.02741,0
280154,520,-59.02741,0
280164,528,-57.90308,0
280174,514,-59.87066,0
280184,518,-59.30849,0
280194,524,-58.46524,0
280204,509,-60.57336,0
280214,516,-59.58958,0
280224,522,-58.74633,0
280234,524,-58.46524,0
280244,526,-58.18417,0
280254,514,-59.87066,0
280264,518,-59.30849,0
280274,520,-59.02741,0
280284,520,-59.02741,0
280294,516,-59.58958,0
280304,514,-59.87066,0
280314,524,-58.46524,0
280324,526,-58.18417,0
280334,519,-59.16795,0
280344,522,-58.74633,0
280354,519,-59.16795,0
280364,519,-59.16795,0
280374,518,-59.30849,0
280384,529,-57.76254,0
280394,524,-58.46524,0
280404,521,-58.88687,0
280414,519,-59.16795,0
280424,510,-60.43283,0
280434,516,-59.58958,0
280444,512,-60.15174,0
280454,516,-59.58958,0
280464,518,-59.30849,0
280474,521,-58.88687,0
280484,514,-59.87066,0
280494,517,-59.44904,0
280504,520,-59.02741,0
280514,525,-58.3247,0
280524,516,-59.58958,0
280534,522,-58.74633,0
280544,525,-58.3247,0
280554,519,-59.16795,0
280564,514,-59.87066,0
280574,522,-58.74633,0
280584,521,-58.88687,0
280594,514,-59.87066,0
280604,521,-58.88687,0
280614,515,-59.73012,0
280624,518,-59.30849,0
280634,522,-58.74633,0
280644,522,-58.74633,0
280654,521,-58.88687,0
280664,527,-58.04362,0
280674,519,-59.16795,0
280684,521,-58.88687,0
280694,529,-57.76254,0
280704,523,-58.60579,0
280714,519,-59.16795,0
280724,504,-61.27607,0
280734,515,-59.73012,0
280744,530,-57.622,0
280754,522,-58.74633,0
280764,524,-58.46524,0
280774,523,-58.60579,0
280784,511,-60.29228,0
280794,526,-58.18417,0
280804,522,-58.74633,0
280814,512,-60.15174,0
280824,527,-58.04362,0
280834,531,-57.48146,0
280844,519,-59.16795,0
280854,521,-58.88687,0
280864,522,-58.74633,0
280874,518,-59.30849,0
280884,524,-58.46524,0
280894,522,-58.74633,0
280904,531,-57.48146,0
280914,514,-59.87066,0
280924,505,-61.13553,0
280934,518,-59.30849,0
280944,521,-58.88687,0
280954,519,-59.16795,0
280964,521,-58.88687,0
280974,512,-60.15174,0
280984,513,-60.0112,0
280994,528,-57.90308,0
281004,523,-58.60579,0
281014,517,-59.44904,0
281024,526,-58.18417,0
281034,513,-60.0112,0
281044,515,-59.73012,0
281054,524,-58.46524,0
281064,511,-60.29228,0
281074,518,-59.30849,0
281084,522,-58.74633,0
281094,525,-58.3247,0
281104,513,-60.0112,0
281114,516,-59.58958,0
281124,520,-59.02741,0
281134,521,-58.88687,0
281144,517,-59.44904,0
281154,517,-59.44904,0
281164,517,-59.44904,0
281174,519,-59.16795,0
281184,521,-58.88687,0
281194,519,-59.16795,0
281204,527,-58.04362,0
281214,521,-58.88687,0
281224,520,-59.02741,0
281234,527,-58.04362,0
281244,524,-58.46524,0
281254,520,-59.02741,0
281264,528,-57.90308,0
281274,515,-59.73012,0
281284,518,-59.30849,0
281294,516,-59.58958,0
281304,519,-59.16795,0
281314,518,-59.30849,0
281324,523,-58.60579,0
281334,518,-59.30849,0
281344,524,-58.46524,0
281354,527,-58.04362,0
281364,514,-59.87066,0
281374,533,-57.20037,0
281384,525,-58.3247,0
281394,518,-59.30849,0
281404,521,-58.88687,0
281414,514,-59.87066,0
281424,523,-58.60579,0
281434,514,-59.87066,0
281444,516,-59.58958,0
281454,509,-60.57336,0
281464,516,-59.58958,0
281474,519,-59.16795,0
281484,513,-60.0112,0
281494,521,-58.88687,0
281504,513,-60.0112,0
281514,521,-58.88687,0
281524,516,-59.58958,0
281534,518,-59.30849,0
281544,511,-60.29228,0
281554,515,-59.73012,0
281564,519,-59.16795,0
281574,517,-59.44904,0
281584,524,-58.46524,0
281594,514,-59.87066,0
281604,517,-59.44904,0
281614,519,-59.16795,0
281624,520,-59.02741,0
281634,513,-60.0112,0
281644,517,-59.44904,0
281654,522,-58.74633,0
281664,522,-58.74633,0
281674,519,-59.16795,0
281684,520,-59.02741,0
281694,517,-59.44904,0
281704,522,-58.74633,0
281714,524,-58.46524,0
281724,525,-58.3247,0
281734,513,-60.0112,0
281744,514,-59.87066,0
281754,516,-59.58958,0
281764,512,-60.15174,0
281774,512,-60.15174,0
281784,521,-58.88687,0
281794,512,-60.15174,0
281804,518,-59.30849,0
281814,517,-59.44904,0
281824,516,-59.58958,0
281834,525,-58.3247,0
281844,523,-58.60579,0
281854,520,-59.02741,0
281864,512,-60.15174,0
281874,518,-59.30849,0
281884,520,-59.02741,0
281894,517,-59.44904,0
281904,521,-58.88687,0
281914,523,-58.60579,0
281924,524,-58.46524,0
281934,517,-59.44904,0
281944,510,-60.43283,0
281954,527,-58.04362,0
281964,521,-58.88687,0
281974,524,-58.46524,0
281984,517,-59.44904,0
281994,525,-58.3247,0
282004,514,-59.87066,0
282014,523,-58.60579,0
282024,523,-58.60579,0
282034,521,-58.88687,0
282044,523,-58.60579,0
282054,530,-57.622,0
282064,518,-59.30849,0
282074,516,-59.58958,0
282084,513,-60.0112,0
282094,518,-59.30849,0
282104,521,-58.88687,0
282114,514,-59.87066,0
282124,526,-58.18417,0
282134,520,-59.02741,0
282144,505,-61.13553,0
282154,522,-58.74633,0
282164,520,-59.02741,0
282174,520,-59.02741,0
282184,522,-58.74633,0
282194,522,-58.74633,0
282204,514,-59.87066,0
282214,518,-59.30849,0
282224,506,-60.995,0
282234,522,-58.74633,0
282244,521,-58.88687,0
282254,523,-58.60579,0
282264,518,-59.30849,0
282274,519,-59.16795,0
282284,525,-58.3247,0
282294,524,-58.46524,0
282304,525,-58.3247,0
282314,527,-58.04362,0
282324,523,-58.60579,0
282334,517,-59.44904,0
282344,518,-59.30849,0
282354,522,-58.74633,0
282364,526,-58.18417,0
282374,524,-58.46524,0
282384,525,-58.3247,0
282394,511,-60.29228,0
282404,517,-59.44904,0
282414,513,-60.0112,0
282424,530,-57.622,0
282434,514,-59.87066,0
282444,527,-58.04362,0
282454,517,-59.44904,0
282464,520,-59.02741,0
282474,510,-60.43283,0
282484,521,-58.88687,0
282494,515,-59.73012,0
282504,510,-60.43283,0
282514,519,-59.16795,0
282524,512,-60.15174,0
282534,525,-58.3247,0
282544,516,-59.58958,0
282554,526,-58.18417,0
282564,523,-58.60579,0
282574,525,-58.3247,0
282584,532,-57.34091,0
282594,521,-58.88687,0
282604,524,-58.46524,0
282614,519,-59.16795,0
282624,521,-58.88687,0
282634,516,-59.58958,0
282644,518,-59.30849,0
282654,518,-59.30849,0
282664,510,-60.43283,0
282674,519,-59.16795,0
282684,519,-59.16795,0
282694,524,-58.46524,0
282704,524,-58.46524,0
282714,523,-58.60579,0
282724,522,-58.74633,0
282734,514,-59.87066,0
282744,523,-58.60579,0
282754,511,-60.29228,0
282764,520,-59.02741,0
282774,519,-59.16795,0
282784,516,-59.58958,0
282794,523,-58.60579,0
282804,525,-58.3247,0
282814,519,-59.16795,0
282824,523,-58.60579,0
282834,522,-58.74633,0
282844,527,-58.04362,0
282854,524,-58.46524,0
282864,513,-60.0112,0
282874,519,-59.16795,0
282884,518,-59.30849,0
282894,525,-58.3247,0
282904,522,-58.74633,0
282914,526,-58.18417,0
282924,533,-57.20037,0
282934,520,-59.02741,0
282944,519,-59.16795,0
282954,517,-59.44904,0
282964,528,-57.90308,0
282974,520,-59.02741,0
282984,518,-59.30849,0
282994,517,-59.44904,0
283004,517,-59.44904,0
283014,516,-59.58958,0
283024,514,-59.87066,0
283034,516,-59.58958,0
283044,520,-59.02741,0
283054,523,-58.60579,0
283064,518,-59.30849,0
283074,522,-58.74633,0
283084,518,-59.30849,0
283094,519,-59.16795,0
283104,513,-60.0112,0
283114,511,-60.29228,0
283124,518,-59.30849,0
283134,525,-58.3247,0
283144,526,-58.18417,0
283154,531,-57.48146,0
283164,522,-58.74633,0
283174,526,-58.18417,0
283184,526,-58.18417,0
283194,524,-58.46524,0
283204,525,-58.3247,0
283214,522,-58.74633,0
283224,527,-58.04362,0
283234,516,-59.58958,0
283244,525,-58.3247,0
283254,510,-60.43283,0
283264,521,-58.88687,0
283274,521,-58.88687,0
283284,527,-58.04362,0
283294,523,-58.60579,0
283304,521,-58.88687,0
283314,519,-59.16795,0
283324,527,-58.04362,0
283334,525,-58.3247,0
283344,521,-58.88687,0
283354,518,-59.30849,0
283364,516,-59.58958,0
283374,511,-60.29228,0
283384,517,-59.44904,0
283394,521,-58.88687,0
283404,516,-59.58958,0
283414,518,-59.30849,0
283424,514,-59.87066,0
283434,518,-59.30849,0
283444,524,-58.46524,0
283454,512,-60.15174,0
283464,518,-59.30849,0
283474,520,-59.02741,0
283484,520,-59.02741,0
283494,523,-58.60579,0
283504,517,-59.44904,0
283514,524,-58.46524,0
283524,521,-58.88687,0
283534,519,-59.16795,0
283544,512,-60.15174,0
283554,525,-58.3247,0
283564,520,-59.02741,0
283574,518,-59.30849,0
283584,523,-58.60579,0
283594,518,-59.30849,0
283604,527,-58.04362,0
283614,518,-59.30849,0
283624,512,-60.15174,0
283634,517,-59.44904,0
283644,522,-58.74633,0
283654,525,-58.3247,0
283664,520,-59.02741,0
283674,529,-57.76254,0
283684,516,-59.58958,0
283694,526,-58.18417,0
283704,513,-60.0112,0
283714,517,-59.44904,0
283724,519,-59.16795,0
283734,519,-59.16795,0
283744,519,-59.16795,0
283754,511,-60.29228,0
283764,515,-59.73012,0
283774,517,-59.44904,0
283784,517,-59.44904,0
283794,525,-58.3247,0
283804,519,-59.16795,0
283814,525,-58.3247,0
283824,523,-58.60579,0
283834,520,-59.02741,0
283844,513,-60.0112,0
283854,525,-58.3247,0
283864,521,-58.88687,0
283874,518,-59.30849,0
283884,515,-59.73012,0
283894,520,-59.02741,0
283904,520,-59.02741,0
283914,517,-59.44904,0
283924,515,-59.73012,0
283934,518,-59.30849,0
283944,532,-57.34091,0
283954,519,-59.16795,0
283964,512,-60.15174,0
283974,525,-58.3247,0
283984,519,-59.16795,0
283994,527,-58.04362,0
284004,516,-59.58958,0
284014,518,-59.30849,0
284024,519,-59.16795,0
284034,516,-59.58958,0
284044,525,-58.3247,0
284054,520,-59.02741,0
284064,520,-59.02741,0
284074,518,-59.30849,0
284084,512,-60.15174,0
284094,520,-59.02741,0
284104,520,-59.02741,0
284114,524,-58.46524,0
284124,512,-60.15174,0
284134,527,-58.04362,0
284144,524,-58.46524,0
284154,527,-58.04362,0
284164,518,-59.30849,0
284174,519,-59.16795,0
284184,523,-58.60579,0
284194,519,-59.16795,0
284204,521,-58.88687,0
284214,522,-58.74633,0
284224,514,-59.87066,0
284234,523,-58.60579,0
284244,525,-58.3247,0
284254,523,-58.60579,0
284264,519,-59.16795,0
284274,520,-59.02741,0
284284,521,-58.88687,0
284294,518,-59.30849,0
284304,515,-59.73012,0
284314,521,-58.88687,0
284324,516,-59.58958,0
284334,524,-58.46524,0
284344,511,-60.29228,0
284354,515,-59.73012,0
284364,520,-59.02741,0
284374,523,-58.60579,0
284384,522,-58.74633,0
284394,518,-59.30849,0
284404,522,-58.74633,0
284414,517,-59.44904,0
284424,522,-58.74633,0
284434,520,-59.02741,0
284444,525,-58.3247,0
284454,517,-59.44904,0
284464,523,-58.60579,0
284474,514,-59.87066,0
284484,520,-59.02741,0
284494,516,-59.58958,0
284504,515,-59.73012,0
284514,527,-58.04362,0
284524,517,-59.44904,0
284534,518,-59.30849,0
284544,524,-58.46524,0
284554,526,-58.18417,0
284564,515,-59.73012,0
284574,526,-58.18417,0
284584,517,-59.44904,0
284594,520,-59.02741,0
284604,521,-58.88687,0
284614,514,-59.87066,0
284624,533,-57.20037,0
284634,523,-58.60579,0
284644,511,-60.29228,0
284654,519,-59.16795,0
284664,520,-59.02741,0
284674,517,-59.44904,0
284684,514,-59.87066,0
284694,524,-58.46524,0
284704,519,-59.16795,0
284714,521,-58.88687,0
284724,511,-60.29228,0
284734,521,-58.88687,0
284744,523,-58.60579,0
284754,518,-59.30849,0
284764,517,-59.44904,0
284774,516,-59.58958,0
284784,524,-58.46524,0
284794,522,-58.74633,0
284804,519,-59.16795,0
284814,512,-60.15174,0
284824,522,-58.74633,0
284834,518,-59.30849,0
284844,518,-59.30849,0
284854,529,-57.76254,0
284864,526,-58.18417,0
284874,522,-58.74633,0
284884,524,-58.46524,0
284894,520,-59.02741,0
284904,515,-59.73012,0
284914,524,-58.46524,0
284924,528,-57.90308,0
284934,518,-59.30849,0
284944,526,-58.18417,0
284954,521,-58.88687,0
284964,528,-57.90308,0
284974,522,-58.74633,0
284984,518,-59.30849,0
284994,515,-59.73012,0
285004,522,-58.74633,0
285014,512,-60.15174,0
285024,517,-59.44904,0
285034,523,-58.60579,0
285044,524,-58.46524,0
285054,518,-59.30849,0
285064,511,-60.29228,0
285074,521,-58.88687,0
285084,516,-59.58958,0
285094,515,-59.73012,0
285104,521,-58.88687,0
285114,518,-59.30849,0
285124,523,-58.60579,0
285134,523,-58.60579,0
285144,521,-58.88687,0
285154,521,-58.88687,0
285164,525,-58.3247,0
285174,518,-59.30849,0
285184,523,-58.60579,0
285194,521,-58.88687,0
285204,517,-59.44904,0
285214,515,-59.73012,0
285224,518,-59.30849,0
285234,517,-59.44904,0
285244,519,-59.16795,0
285254,530,-57.622,0
285264,522,-58.74633,0
285274,521,-58.88687,0
285284,521,-58.88687,0
285294,526,-58.18417,0
285304,515,-59.73012,0
285314,519,-59.16795,0
285324,515,-59.73012,0
285334,525,-58.3247,0
285344,521,-58.88687,0
285354,514,-59.87066,0
285364,520,-59.02741,0
285374,517,-59.44904,0
285384,531,-57.48146,0
285394,527,-58.04362,0
285404,514,-59.87066,0
285414,526,-58.18417,0
285424,521,-58.88687,0
285434,520,-59.02741,0
285444,513,-60.0112,0
285454,532,-57.34091,0
285464,518,-59.30849,0
285474,510,-60.43283,0
285484,527,-58.04362,0
285494,519,-59.16795,0
285504,518,-59.30849,0
285514,523,-58.60579,0
285524,512,-60.15174,0
285534,512,-60.15174,0
285544,524,-58.46524,0
285554,522,-58.74633,0
285564,532,-57.34091,0
285574,517,-59.44904,0
285584,520,-59.02741,0
285594,523,-58.60579,0
285604,520,-59.02741,0
285614,522,-58.74633,0
285624,522,-58.74633,0
285634,517,-59.44904,0
285644,523,-58.60579,0
285654,519,-59.16795,0
285664,522,-58.74633,0
285674,524,-58.46524,0
285684,512,-60.15174,0
285694,519,-59.16795,0
285704,510,-60.43283,0
285714,520,-59.02741,0
285724,519,-59.16795,0
285734,520,-59.02741,0
285744,519,-59.16795,0
285754,512,-60.15174,0
285764,517,-59.44904,0
285774,515,-59.73012,0
285784,515,-59.73012,0
285794,514,-59.87066,0
285804,517,-59.44904,0
285814,514,-59.87066,0
285824,516,-59.58958,0
285834,515,-59.73012,0
285844,514,-59.87066,0
285854,522,-58.74633,0
285864,521,-58.88687,0
285874,519,-59.16795,0
285884,517,-59.44904,0
285894,521,-58.88687,0
285904,522,-58.74633,0
285914,519,-59.16795,0
285924,532,-57.34091,0
285934,519,-59.16795,0
285944,519,-59.16795,0
285954,523,-58.60579,0
285964,522,-58.74633,0
285974,530,-57.622,0
285984,521,-58.88687,0
285994,524,-58.46524,0
286004,518,-59.30849,0
286014,522,-58.74633,0
286024,530,-57.622,0
286034,520,-59.02741,0
286044,514,-59.87066,0
286054,521,-58.88687,0
286064,522,-58.74633,0
286074,522,-58.74633,0
286084,527,-58.04362,0
286094,524,-58.46524,0
286104,524,-58.46524,0
286114,525,-58.3247,0
286124,527,-58.04362,0
286134,521,-58.88687,0
286144,524,-58.46524,0
286154,518,-59.30849,0
286164,518,-59.30849,0
286174,520,-59.02741,0
286184,512,-60.15174,0
286194,515,-59.73012,0
286204,518,-59.30849,0
286214,513,-60.0112,0
286224,527,-58.04362,0
286234,519,-59.16795,0
286244,517,-59.44904,0
286254,519,-59.16795,0
286264,512,-60.15174,0
286274,520,-59.02741,0
286284,514,-59.87066,0
286294,517,-59.44904,0
286304,512,-60.15174,0
286314,518,-59.30849,0
286324,516,-59.58958,0
286334,526,-58.18417,0
286344,517,-59.44904,0
286354,516,-59.58958,0
286364,519,-59.16795,0
286374,526,-58.18417,0
286384,526,-58.18417,0
286394,520,-59.02741,0
286404,526,-58.18417,0
286414,519,-59.16795,0
286424,523,-58.60579,0
286434,516,-59.58958,0
286444,516,-59.58958,0
286454,516,-59.58958,0
286464,517,-59.44904,0
286474,515,-59.73012,0
286484,509,-60.57336,0
286494,527,-58.04362,0
286504,517,-59.44904,0
286514,523,-58.60579,0
286524,520,-59.02741,0
286534,525,-58.3247,0
286544,513,-60.0112,0
286554,517,-59.44904,0
286564,511,-60.29228,0
286574,521,-58.88687,0
286584,517,-59.44904,0
286594,528,-57.90308,0
286604,531,-57.48146,0
286614,530,-57.622,0
286624,514,-59.87066,0
286634,523,-58.60579,0
286644,517,-59.44904,0
286654,525,-58.3247,0
286664,518,-59.30849,0
286674,512,-60.15174,0
286684,518,-59.30849,0
286694,518,-59.30849,0
286704,526,-58.18417,0
286714,523,-58.60579,0
286724,527,-58.04362,0
286734,519,-59.16795,0
286744,516,-59.58958,0
286754,510,-60.43283,0
286764,523,-58.60579,0
286774,524,-58.46524,0
286784,518,-59.30849,0
286794,522,-58.74633,0
286804,510,-60.43283,0
286814,522,-58.74633,0
286824,520,-59.02741,0
286834,528,-57.90308,0
286844,521,-58.88687,0
286854,519,-59.16795,0
286864,520,-59.02741,0
286874,521,-58.88687,0
286884,514,-59.87066,0
286894,517,-59.44904,0
286904,520,-59.02741,0
286914,521,-58.88687,0
286924,521,-58.88687,0
286934,520,-59.02741,0
286944,531,-57.48146,0
286954,519,-59.16795,0
286964,520,-59.02741,0
286974,524,-58.46524,0
286984,510,-60.43283,0
286994,526,-58.18417,0
287004,523,-58.60579,0
287014,524,-58.46524,0
287024,529,-57.76254,0
287034,516,-59.58958,0
287044,529,-57.76254,0
287054,518,-59.30849,0
287064,522,-58.74633,0
287074,511,-60.29228,0
287084,523,-58.60579,0
287094,524,-58.46524,0
287104,515,-59.73012,0
287114,513,-60.0112,0
287124,519,-59.16795,0
287134,525,-58.3247,0
287144,518,-59.30849,0
287154,523,-58.60579,0
287164,517,-59.44904,0
287174,525,-58.3247,0
287184,516,-59.58958,0
287194,521,-58.88687,0
287204,530,-57.622,0
287214,521,-58.88687,0
287224,509,-60.57336,0
287234,518,-59.30849,0
287244,522,-58.74633,0
287254,523,-58.60579,0
287264,524,-58.46524,0
287274,515,-59.73012,0
287284,515,-59.73012,0
287294,511,-60.29228,0
287304,515,-59.73012,0
287314,524,-58.46524,0
287324,512,-60.15174,0
287334,511,-60.29228,0
287344,522,-58.74633,0
287354,518,-59.30849,0
287364,515,-59.73012,0
287374,527,-58.04362,0
287384,519,-59.16795,0
287394,525,-58.3247,0
287404,526,-58.18417,0
287414,521,-58.88687,0
287424,526,-58.18417,0
287434,516,-59.58958,0
287444,522,-58.74633,0
287454,513,-60.0112,0
287464,518,-59.30849,0
287474,517,-59.44904,0
287484,514,-59.87066,0
287494,520,-59.02741,0
287504,530,-57.622,0
287514,523,-58.60579,0
287524,511,-60.29228,0
287534,516,-59.58958,0
287544,518,-59.30849,0
287554,510,-60.43283,0
287564,519,-59.16795,0
287574,527,-58.04362,0
287584,511,-60.29228,0
287594,521,-58.88687,0
287604,522,-58.74633,0
287614,528,-57.90308,0
287624,519,-59.16795,0
287634,526,-58.18417,0
287644,522,-58.74633,0
287654,514,-59.87066,0
287664,516,-59.58958,0
287674,519,-59.16795,0
287684,520,-59.02741,0
287694,524,-58.46524,0
287704,514,-59.87066,0
287714,517,-59.44904,0
287724,532,-57.34091,0
287734,528,-57.90308,0
287744,525,-58.3247,0
287754,517,-59.44904,0
287764,511,-60.29228,0
287774,520,-59.02741,0
287784,519,-59.16795,0
287794,517,-59.44904,0
287804,520,-59.02741,0
287814,521,-58.88687,0
287824,519,-59.16795,0
287834,519,-59.16795,0
287844,522,-58.74633,0
287854,527,-58.04362,0
287864,517,-59.44904,0
287874,518,-59.30849,0
287884,516,-59.58958,0
287894,527,-58.04362,0
287904,510,-60.43283,0
287914,524,-58.46524,0
287924,528,-57.90308,0
287934,514,-59.87066,0
287944,524,-58.46524,0
287954,530,-57.622,0
287964,516,-59.58958,0
287974,520,-59.02741,0
287984,513,-60.0112,0
287994,514,-59.87066,0
288004,512,-60.15174,0
288014,522,-58.74633,0
288024,517,-59.44904,0
288034,515,-59.73012,0
288044,517,-59.44904,0
288054,525,-58.3247,0
288064,523,-58.60579,0
288074,516,-59.58958,0
288084,524,-58.46524,0
288094,520,-59.02741,0
288104,525,-58.3247,0
288114,518,-59.30849,0
288124,522,-58.74633,0
288134,520,-59.02741,0
288144,524,-58.46524,0
288154,515,-59.73012,0
288164,524,-58.46524,0
288174,524,-58.46524,0
288184,514,-59.87066,0
288194,524,-58.46524,0
288204,524,-58.46524,0
288214,526,-58.18417,0
288224,514,-59.87066,0
288234,527,-58.04362,0
288244,519,-59.16795,0
288254,526,-58.18417,0
288264,512,-60.15174,0
288274,511,-60.29228,0
288284,519,-59.16795,0
288294,525,-58.3247,0
288304,518,-59.30849,0
288314,517,-59.44904,0
288324,523,-58.60579,0
288334,519,-59.16795,0
288344,523,-58.60579,0
288354,520,-59.02741,0
288364,524,-58.46524,0
288374,521,-58.88687,0
288384,519,-59.16795,0
288394,518,-59.30849,0
288404,530,-57.622,0
288414,523,-58.60579,0
288424,523,-58.60579,0
288434,524,-58.46524,0
288444,517,-59.44904,0
288454,524,-58.46524,0
288464,528,-57.90308,0
288474,511,-60.29228,0
288484,512,-60.15174,0
288494,513,-60.0112,0
288504,514,-59.87066,0
288514,518,-59.30849,0
288524,522,-58.74633,0
288534,515,-59.73012,0
288544,517,-59.44904,0
288554,526,-58.18417,0
288564,519,-59.16795,0
288574,520,-59.02741,0
288584,519,-59.16795,0
288594,520,-59.02741,0
288604,512,-60.15174,0
288614,514,-59.87066,0
288624,527,-58.04362,0
288634,523,-58.60579,0
288644,516,-59.58958,0
288654,522,-58.74633,0
288664,526,-58.18417,0
288674,518,-59.30849,0
288684,524,-58.46524,0
288694,523,-58.60579,0
288704,524,-58.46524,0
288714,526,-58.18417,0
288724,525,-58.3247,0
288734,520,-59.02741,0
288744,527,-58.04362,0
288754,513,-60.0112,0
288764,515,-59.73012,0
288774,522,-58.74633,0
288784,520,-59.02741,0
288794,521,-58.88687,0
288804,523,-58.60579,0
288814,522,-58.74633,0
288824,520,-59.02741,0
288834,515,-59.73012,0
288844,520,-59.02741,0
288854,516,-59.58958,0
288864,519,-59.16795,0
288874,527,-58.04362,0
288884,523,-58.60579,0
288894,520,-59.02741,0
288904,531,-57.48146,0
288914,517,-59.44904,0
288924,532,-57.34091,0
288934,517,-59.44904,0
288944,530,-57.622,0
288954,527,-58.04362,0
288964,519,-59.16795,0
288974,509,-60.57336,0
288984,520,-59.02741,0
288994,527,-58.04362,0
289004,525,-58.3247,0
289014,515,-59.73012,0
289024,519,-59.16795,0
289034,520,-59.02741,0
289044,521,-58.88687,0
289054,511,-60.29228,0
289064,528,-57.90308,0
289074,516,-59.58958,0
289084,527,-58.04362,0
289094,520,-59.02741,0
289104,519,-59.16795,0
289114,517,-59.44904,0
289124,517,-59.44904,0
289134,523,-58.60579,0
289144,521,-58.88687,0
289154,523,-58.60579,0
289164,519,-59.16795,0
289174,520,-59.02741,0
289184,519,-59.16795,0
289194,524,-58.46524,0
289204,516,-59.58958,0
289214,519,-59.16795,0
289224,522,-58.74633,0
289234,516,-59.58958,0
289244,513,-60.0112,0
289254,509,-60.57336,0
289264,518,-59.30849,0
289274,526,-58.18417,0
289284,520,-59.02741,0
289294,523,-58.60579,0
289304,524,-58.46524,0
289314,509,-60.57336,0
289324,519,-59.16795,0
289334,512,-60.15174,0
289344,521,-58.88687,0
289354,519,-59.16795,0
289364,513,-60.0112,0
289374,516,-59.58958,0
289384,521,-58.88687,0
289394,519,-59.16795,0
289404,521,-58.88687,0
289414,523,-58.60579,0
289424,517,-59.44904,0
289434,521,-58.88687,0
289444,518,-59.30849,0
289454,523,-58.60579,0
289464,516,-59.58958,0
289474,525,-58.3247,0
289484,523,-58.60579,0
289494,510,-60.43283,0
289504,525,-58.3247,0
289514,519,-59.16795,0
289524,522,-58.74633,0
289534,528,-57.90308,0
289544,515,-59.73012,0
289554,524,-58.46524,0
289564,517,-59.44904,0
289574,522,-58.74633,0
289584,520,-59.02741,0
289594,528,-57.90308,0
289604,526,-58.18417,0
289614,519,-59.16795,0
289624,518,-59.30849,0
289634,526,-58.18417,0
289644,522,-58.74633,0
289654,521,-58.88687,0
289664,523,-58.60579,0
289674,525,-58.3247,0
289684,516,-59.58958,0
289694,523,-58.60579,0
289704,519,-59.16795,0
289714,517,-59.44904,0
289724,529,-57.76254,0
289734,518,-59.30849,0
289744,516,-59.58958,0
289754,520,-59.02741,0
289764,516,-59.58958,0
289774,517,-59.44904,0
289784,521,-58.88687,0
289794,518,-59.30849,0
289804,518,-59.30849,0
289814,522,-58.74633,0
289824,526,-58.18417,0
289834,527,-58.04362,0
289844,526,-58.18417,0
289854,505,-61.13553,0
289864,519,-59.16795,0
289874,516,-59.58958,0
289884,510,-60.43283,0
289894,514,-59.87066,0
289904,518,-59.30849,0
289914,519,-59.16795,0
289924,511,-60.29228,0
289934,518,-59.30849,0
289944,518,-59.30849,0
289954,522,-58.74633,0
289964,515,-59.73012,0
289974,522,-58.74633,0
289984,516,-59.58958,0
289994,514,-59.87066,0
290004,521,-58.88687,0
290014,529,-57.76254,0
290024,524,-58.46524,0
290034,513,-60.0112,0
290044,525,-58.3247,0
290054,529,-57.76254,0
290064,520,-59.02741,0
290074,513,-60.0112,0
290084,526,-58.18417,0
290094,525,-58.3247,0
290104,520,-59.02741,0
290114,528,-57.90308,0
290124,510,-60.43283,0
290134,515,-59.73012,0
290144,517,-59.44904,0
290154,527,-58.04362,0
290164,524,-58.46524,0
290174,525,-58.3247,0
290184,519,-59.16795,0
290194,520,-59.02741,0
290204,514,-59.87066,0
290214,518,-59.30849,0
290224,516,-59.58958,0
290234,521,-58.88687,0
290244,517,-59.44904,0
290254,510,-60.43283,0
290264,518,-59.30849,0
290274,520,-59.02741,0
290284,518,-59.30849,0
290294,519,-59.16795,0
290304,526,-58.18417,0
290314,526,-58.18417,0
290324,520,-59.02741,0
290334,516,-59.58958,0
290344,518,-59.30849,0
290354,520,-59.02741,0
290364,514,-59.87066,0
290374,517,-59.44904,0
290384,515,-59.73012,0
290394,523,-58.60579,0
290404,522,-58.74633,0
290414,522,-58.74633,0
290424,517,-59.44904,0
290434,523,-58.60579,0
290444,509,-60.57336,0
290454,527,-58.04362,0
290464,524,-58.46524,0
290474,519,-59.16795,0
290484,520,-59.02741,0
290494,515,-59.73012,0
290504,529,-57.76254,0
290514,526,-58.18417,0
290524,524,-58.46524,0
290534,513,-60.0112,0
290544,522,-58.74633,0
290554,519,-59.16795,0
290564,522,-58.74633,0
290574,517,-59.44904,0
290584,522,-58.74633,0
290594,516,-59.58958,0
290604,525,-58.3247,0
290614,515,-59.73012,0
290624,518,-59.30849,0
290634,529,-57.76254,0
290644,525,-58.3247,0
290654,517,-59.44904,0
290664,520,-59.02741,0
290674,514,-59.87066,0
290684,525,-58.3247,0
290694,529,-57.76254,0
290704,522,-58.74633,0
290714,528,-57.90308,0
290724,512,-60.15174,0
290734,517,-59.44904,0
290744,509,-60.57336,0
290754,515,-59.73012,0
290764,521,-58.88687,0
290774,519,-59.16795,0
290784,523,-58.60579,0
290794,522,-58.74633,0
290804,519,-59.16795,0
290814,517,-59.44904,0
290824,523,-58.60579,0
290834,522,-58.74633,0
290844,510,-60.43283,0
290854,522,-58.74633,0
290864,517,-59.44904,0
290874,521,-58.88687,0
290884,528,-57.90308,0
290894,518,-59.30849,0
290904,512,-60.15174,0
290914,526,-58.18417,0
290924,518,-59.30849,0
290934,519,-59.16795,0
290944,518,-59.30849,0
290954,522,-58.74633,0
290964,527,-58.04362,0
290974,527,-58.04362,0
290984,524,-58.46524,0
290994,525,-58.3247,0
291004,523,-58.60579,0
291014,520,-59.02741,0
291024,515,-59.73012,0
291034,522,-58.74633,0
291044,526,-58.18417,0
291054,517,-59.44904,0
291064,524,-58.46524,0
291074,516,-59.58958,0
291084,526,-58.18417,0
291094,523,-58.60579,0
291104,522,-58.74633,0
291114,519,-59.16795,0
291124,518,-59.30849,0
291134,521,-58.88687,0
291144,525,-58.3247,0
291154,525,-58.3247,0
291164,528,-57.90308,0
291174,525,-58.3247,0
291184,528,-57.90308,0
291194,524,-58.46524,0
291204,513,-60.0112,0
291214,521,-58.88687,0
291224,521,-58.88687,0
291234,528,-57.90308,0
291244,521,-58.88687,0
291254,518,-59.30849,0
291264,516,-59.58958,0
291274,516,-59.58958,0
291284,511,-60.29228,0
291294,520,-59.02741,0
291304,519,-59.16795,0
291314,516,-59.58958,0
291324,524,-58.46524,0
291334,521,-58.88687,0
291344,518,-59.30849,0
291354,520,-59.02741,0
291364,520,-59.02741,0
291374,516,-59.58958,0
291384,520,-59.02741,0
291394,511,-60.29228,0
291404,523,-58.60579,0
291414,519,-59.16795,0
291424,524,-58.46524,0
291434,518,-59.30849,0
291444,524,-58.46524,0
291454,521,-58.88687,0
291464,520,-59.02741,0
291474,517,-59.44904,0
291484,512,-60.15174,0
291494,532,-57.34091,0
291504,516,-59.58958,0
291514,517,-59.44904,0
291524,518,-59.30849,0
291534,514,-59.87066,0
291544,522,-58.74633,0
291554,518,-59.30849,0
291564,520,-59.02741,0
291574,525,-58.3247,0
291584,525,-58.3247,0
291594,509,-60.57336,0
291604,517,-59.44904,0
291614,512,-60.15174,0
291624,522,-58.74633,0
291634,524,-58.46524,0
291644,515,-59.73012,0
291654,519,-59.16795,0
291664,520,-59.02741,0
291674,518,-59.30849,0
291684,529,-57.76254,0
291694,522,-58.74633,0
291704,507,-60.85445,0
291714,520,-59.02741,0
291724,516,-59.58958,0
291734,519,-59.16795,0
291744,521,-58.88687,0
291754,516,-59.58958,0
291764,532,-57.34091,0
291774,528,-57.90308,0
291784,522,-58.74633,0
291794,514,-59.87066,0
291804,516,-59.58958,0
291814,517,-59.44904,0
291824,513,-60.0112,0
291834,521,-58.88687,0
291844,513,-60.0112,0
291854,521,-58.88687,0
291864,509,-60.57336,0
291874,525,-58.3247,0
291884,521,-58.88687,0
291894,514,-59.87066,0
291904,527,-58.04362,0
291914,521,-58.88687,0
291924,522,-58.74633,0
291934,517,-59.44904,0
291944,516,-59.58958,0
291954,516,-59.58958,0
291964,519,-59.16795,0
291974,529,-57.76254,0
291984,525,-58.3247,0
291994,515,-59.73012,0
292004,521,-58.88687,0
292014,522,-58.74633,0
292024,521,-58.88687,0
292034,522,-58.74633,0
292044,521,-58.88687,0
292054,514,-59.87066,0
292064,522,-58.74633,0
292074,513,-60.0112,0
292084,520,-59.02741,0
292094,521,-58.88687,0
292104,528,-57.90308,0
292114,518,-59.30849,0
292124,521,-58.88687,0
292134,515,-59.73012,0
292144,518,-59.30849,0
292154,522,-58.74633,0
292164,515,-59.73012,0
292174,521,-58.88687,0
292184,518,-59.30849,0
292194,517,-59.44904,0
292204,522,-58.74633,0
292214,518,-59.30849,0
292224,526,-58.18417,0
292234,519,-59.16795,0
292244,524,-58.46524,0
292254,523,-58.60579,0
292264,520,-59.02741,0
292274,529,-57.76254,0
292284,517,-59.44904,0
292294,526,-58.18417,0
292304,515,-59.73012,0
292314,512,-60.15174,0
292324,517,-59.44904,0
292334,523,-58.60579,0
292344,513,-60.0112,0
292354,525,-58.3247,0
292364,520,-59.02741,0
292374,514,-59.87066,0
292384,519,-59.16795,0
292394,523,-58.60579,0
292404,517,-59.44904,0
292414,517,-59.44904,0
292424,516,-59.58958,0
292434,526,-58.18417,0
292444,515,-59.73012,0
292454,518,-59.30849,0
292464,511,-60.29228,0
292474,514,-59.87066,0
292484,527,-58.04362,0
292494,519,-59.16795,0
292504,513,-60.0112,0
292514,521,-58.88687,0
292524,516,-59.58958,0
292534,514,-59.87066,0
292544,512,-60.15174,0
292554,512,-60.15174,0
292564,520,-59.02741,0
292574,521,-58.88687,0
292584,517,-59.44904,0
292594,525,-58.3247,0
292604,527,-58.04362,0
292614,518,-59.30849,0
292624,521,-58.88687,0
292634,520,-59.02741,0
292644,524,-58.46524,0
292654,519,-59.16795,0
292664,518,-59.30849,0
292674,519,-59.16795,0
292684,523,-58.60579,0
292694,519,-59.16795,0
292704,513,-60.0112,0
292714,527,-58.04362,0
292724,514,-59.87066,0
292734,527,-58.04362,0
292744,522,-58.74633,0
292754,517,-59.44904,0
292764,524,-58.46524,0
292774,529,-57.76254,0
292784,521,-58.88687,0
292794,526,-58.18417,0
292804,525,-58.3247,0
292814,517,-59.44904,0
292824,514,-59.87066,0
292834,525,-58.3247,0
292844,518,-59.30849,0
292854,523,-58.60579,0
292864,519,-59.16795,0
292874,530,-57.622,0
292884,523,-58.60579,0
292894,521,-58.88687,0
292904,528,-57.90308,0
292914,519,-59.16795,0
292924,520,-59.02741,0
292934,519,-59.16795,0
292944,523,-58.60579,0
292954,518,-59.30849,0
292964,516,-59.58958,0
292974,525,-58.3247,0
292984,523,-58.60579,0
292994,528,-57.90308,0
293004,523,-58.60579,0
293014,530,-57.622,0
293024,513,-60.0112,0
293034,516,-59.58958,0
293044,519,-59.16795,0
293054,522,-58.74633,0
293064,523,-58.60579,0
293074,517,-59.44904,0
293084,517,-59.44904,0
293094,524,-58.46524,0
293104,518,-59.30849,0
293114,518,-59.30849,0
293124,524,-58.46524,0
293134,511,-60.29228,0
293144,522,-58.74633,0
293154,531,-57.48146,0
293164,520,-59.02741,0
293174,515,-59.73012,0
293184,519,-59.16795,0
293194,521,-58.88687,0
293204,516,-59.58958,0
293214,525,-58.3247,0
293224,520,-59.02741,0
293234,522,-58.74633,0
293244,520,-59.02741,0
293254,525,-58.3247,0
293264,527,-58.04362,0
293274,519,-59.16795,0
293284,528,-57.90308,0
293294,512,-60.15174,0
293304,513,-60.0112,0
293314,527,-58.04362,0
293324,525,-58.3247,0
293334,516,-59.58958,0
293344,521,-58.88687,0
293354,522,-58.74633,0
293364,516,-59.58958,0
293374,517,-59.44904,0
293384,514,-59.87066,0
293394,526,-58.18417,0
293404,525,-58.3247,0
293414,523,-58.60579,0
293424,516,-59.58958,0
293434,522,-58.74633,0
293444,526,-58.18417,0
293454,521,-58.88687,0
293464,520,-59.02741,0
293474,521,-58.88687,0
293484,522,-58.74633,0
293494,520,-59.02741,0
293504,514,-59.87066,0
293514,518,-59.30849,0
293524,517,-59.44904,0
293534,518,-59.30849,0
293544,513,-60.0112,0
293554,519,-59.16795,0
293564,522,-58.74633,0
293574,510,-60.43283,0
293584,509,-60.57336,0
293594,528,-57.90308,0
293604,514,-59.87066,0
293614,526,-58.18417,0
293624,522,-58.74633,0
293634,518,-59.30849,0
293644,525,-58.3247,0
293654,523,-58.60579,0
293664,521,-58.88687,0
293674,513,-60.0112,0
293684,516,-59.58958,0
293694,514,-59.87066,0
293704,516,-59.58958,0
293714,532,-57.34091,0
293724,524,-58.46524,0
293734,524,-58.46524,0
293744,521,-58.88687,0
293754,527,-58.04362,0
293764,526,-58.18417,0
293774,527,-58.04362,0
293784,508,-60.71391,0
293794,521,-58.88687,0
293804,518,-59.30849,0
293814,509,-60.57336,0
293824,517,-59.44904,0
293834,518,-59.30849,0
293844,528,-57.90308,0
293854,522,-58.74633,0
293864,522,-58.74633,0
293874,515,-59.73012,0
293884,525,-58.3247,0
293894,518,-59.30849,0
293904,526,-58.18417,0
293914,523,-58.60579,0
293924,513,-60.0112,0
293934,519,-59.16795,0
293944,520,-59.02741,0
293954,517,-59.44904,0
293964,520,-59.02741,0
293974,529,-57.76254,0
293984,518,-59.30849,0
293994,514,-59.87066,0
294004,523,-58.60579,0
294014,527,-58.04362,0
294024,513,-60.0112,0
294034,522,-58.74633,0
294044,515,-59.73012,0
294054,524,-58.46524,0
294064,516,-59.58958,0
294074,518,-59.30849,0
294084,518,-59.30849,0
294094,525,-58.3247,0
294104,523,-58.60579,0
294114,526,-58.18417,0
294124,522,-58.74633,0
294134,525,-58.3247,0
294144,523,-58.60579,0
294154,527,-58.04362,0
294164,516,-59.58958,0
294174,516,-59.58958,0
294184,520,-59.02741,0
294194,521,-58.88687,0
294204,518,-59.30849,0
294214,528,-57.90308,0
294224,521,-58.88687,0
294234,528,-57.90308,0
294244,514,-59.87066,0
294254,527,-58.04362,0
294264,521,-58.88687,0
294274,526,-58.18417,0
294284,512,-60.15174,0
294294,515,-59.73012,0
294304,524,-58.46524,0
294314,529,-57.76254,0
294324,520,-59.02741,0
294334,524,-58.46524,0
294344,511,-60.29228,0
294354,524,-58.46524,0
294364,530,-57.622,0
294374,524,-58.46524,0
294384,517,-59.44904,0
294394,521,-58.88687,0
294404,517,-59.44904,0
294414,517,-59.44904,0
294424,521,-58.88687,0
294434,517,-59.44904,0
294444,519,-59.16795,0
294454,518,-59.30849,0
294464,520,-59.02741,0
294474,529,-57.76254,0
294484,521,-58.88687,0
294494,520,-59.02741,0
294504,519,-59.16795,0
294514,527,-58.04362,0
294524,518,-59.30849,0
294534,520,-59.02741,0
294544,525,-58.3247,0
294554,517,-59.44904,0
294564,520,-59.02741,0
294574,524,-58.46524,0
294584,524,-58.46524,0
294594,518,-59.30849,0
294604,520,-59.02741,0
294614,523,-58.60579,0
294624,514,-59.87066,0
294634,521,-58.88687,0
294644,529,-57.76254,0
294654,522,-58.74633,0
294664,515,-59.73012,0
294674,515,-59.73012,0
294684,523,-58.60579,0
294694,512,-60.15174,0
294704,512,-60.15174,0
294714,521,-58.88687,0
294724,526,-58.18417,0
294734,520,-59.02741,0
294744,522,-58.74633,0
294754,516,-59.58958,0
294764,518,-59.30849,0
294774,527,-58.04362,0
294784,518,-59.30849,0
294794,515,-59.73012,0
294804,528,-57.90308,0
294814,525,-58.3247,0
294824,524,-58.46524,0
294834,526,-58.18417,0
294844,522,-58.74633,0
294854,517,-59.44904,0
294864,523,-58.60579,0
294874,529,-57.76254,0
294884,518,-59.30849,0
294894,520,-59.02741,0
294904,523,-58.60579,0
294914,518,-59.30849,0
294924,512,-60.15174,0
294934,512,-60.15174,0
294944,506,-60.995,0
294954,515,-59.73012,0
294964,521,-58.88687,0
294974,525,-58.3247,0
294984,524,-58.46524,0
294994,522,-58.74633,0
295004,515,-59.73012,0
295014,519,-59.16795,0
295024,513,-60.0112,0
295034,529,-57.76254,0
295044,515,-59.73012,0
295054,523,-58.60579,0
295064,524,-58.46524,0
295074,527,-58.04362,0
295084,527,-58.04362,0
295094,513,-60.0112,0
295104,530,-57.622,0
295114,513,-60.0112,0
295124,524,-58.46524,0
295134,518,-59.30849,0
295144,515,-59.73012,0
295154,519,-59.16795,0
295164,519,-59.16795,0
295174,512,-60.15174,0
295184,524,-58.46524,0
295194,528,-57.90308,0
295204,521,-58.88687,0
295214,525,-58.3247,0
295224,525,-58.3247,0
295234,523,-58.60579,0
295244,530,-57.622,0
295254,513,-60.0112,0
295264,527,-58.04362,0
295274,517,-59.44904,0
295284,517,-59.44904,0
295294,521,-58.88687,0
295304,510,-60.43283,0
295314,519,-59.16795,0
295324,518,-59.30849,0
295334,520,-59.02741,0
295344,525,-58.3247,0
295354,527,-58.04362,0
295364,520,-59.02741,0
295374,522,-58.74633,0
295384,522,-58.74633,0
295394,522,-58.74633,0
295404,518,-59.30849,0
295414,520,-59.02741,0
295424,519,-59.16795,0
295434,522,-58.74633,0
295444,522,-58.74633,0
295454,525,-58.3247,0
295464,528,-57.90308,0
295474,524,-58.46524,0
295484,523,-58.60579,0
295494,518,-59.30849,0
295504,514,-59.87066,0
295514,511,-60.29228,0
295524,517,-59.44904,0
295534,517,-59.44904,0
295544,519,-59.16795,0
295554,519,-59.16795,0
295564,517,-59.44904,0
295574,521,-58.88687,0
295584,517,-59.44904,0
295594,524,-58.46524,0
295604,528,-57.90308,0
295614,513,-60.0112,0
295624,523,-58.60579,0
295634,524,-58.46524,0
295644,518,-59.30849,0
295654,527,-58.04362,0
295664,521,-58.88687,0
295674,509,-60.57336,0
295684,517,-59.44904,0
295694,515,-59.73012,0
295704,522,-58.74633,0
295714,517,-59.44904,0
295724,525,-58.3247,0
295734,523,-58.60579,0
295744,523,-58.60579,0
295754,519,-59.16795,0
295764,510,-60.43283,0
295774,525,-58.3247,0
295784,520,-59.02741,0
295794,521,-58.88687,0
295804,512,-60.15174,0
295814,515,-59.73012,0
295824,517,-59.44904,0
295834,534,-57.05983,0
295844,522,-58.74633,0
295854,523,-58.60579,0
295864,515,-59.73012,0
295874,521,-58.88687,0
295884,517,-59.44904,0
295894,514,-59.87066,0
295904,524,-58.46524,0
295914,516,-59.58958,0
295924,519,-59.16795,0
295934,519,-59.16795,0
295944,527,-58.04362,0
295954,516,-59.58958,0
295964,527,-58.04362,0
295974,524,-58.46524,0
295984,525,-58.3247,0
295994,532,-57.34091,0
296004,524,-58.46524,0
296014,517,-59.44904,0
296024,519,-59.16795,0
296034,513,-60.0112,0
296044,513,-60.0112,0
296054,517,-59.44904,0
296064,520,-59.02741,0
296074,520,-59.02741,0
296084,525,-58.3247,0
296094,518,-59.30849,0
296104,521,-58.88687,0
296114,513,-60.0112,0
296124,519,-59.16795,0
296134,521,-58.88687,0
296144,519,-59.16795,0
296154,526,-58.18417,0
296164,530,-57.622,0
296174,527,-58.04362,0
296184,524,-58.46524,0
296194,524,-58.46524,0
296204,523,-58.60579,0
296214,526,-58.18417,0
296224,508,-60.71391,0
296234,518,-59.30849,0
296244,514,-59.87066,0
296254,519,-59.16795,0
296264,521,-58.88687,0
296274,526,-58.18417,0
296284,521,-58.88687,0
296294,524,-58.46524,0
296304,526,-58.18417,0
296314,508,-60.71391,0
296324,516,-59.58958,0
296334,525,-58.3247,0
296344,516,-59.58958,0
296354,524,-58.46524,0
296364,521,-58.88687,0
296374,516,-59.58958,0
296384,523,-58.60579,0
296394,525,-58.3247,0
296404,517,-59.44904,0
296414,524,-58.46524,0
296424,527,-58.04362,0
296434,522,-58.74633,0
296444,522,-58.74633,0
296454,516,-59.58958,0
296464,524,-58.46524,0
296474,516,-59.58958,0
296484,523,-58.60579,0
296494,519,-59.16795,0
296504,510,-60.43283,0
296514,513,-60.0112,0
296524,522,-58.74633,0
296534,526,-58.18417,0
296544,517,-59.44904,0
296554,521,-58.88687,0
296564,522,-58.74633,0
296574,518,-59.30849,0
296584,526,-58.18417,0
296594,515,-59.73012,0
296604,523,-58.60579,0
296614,526,-58.18417,0
296624,523,-58.60579,0
296634,522,-58.74633,0
296644,515,-59.73012,0
296654,517,-59.44904,0
296664,523,-58.60579,0
296674,519,-59.16795,0
296684,520,-59.02741,0
296694,520,-59.02741,0
296704,514,-59.87066,0
296714,514,-59.87066,0
296724,520,-59.02741,0
296734,524,-58.46524,0
296744,530,-57.622,0
296754,524,-58.46524,0
296764,522,-58.74633,0
296774,516,-59.58958,0
296784,519,-59.16795,0
296794,529,-57.76254,0
296804,517,-59.44904,0
296814,531,-57.48146,0
296824,529,-57.76254,0
296834,508,-60.71391,0
296844,524,-58.46524,0
296854,521,-58.88687,0
296864,525,-58.3247,0
296874,520,-59.02741,0
296884,521,-58.88687,0
296894,533,-57.20037,0
296904,521,-58.88687,0
296914,519,-59.16795,0
296924,529,-57.76254,0
296934,523,-58.60579,0
296944,522,-58.74633,0
296954,519,-59.16795,0
296964,514,-59.87066,0
296974,530,-57.622,0
296984,521,-58.88687,0
296994,519,-59.16795,0
297004,529,-57.76254,0
297014,526,-58.18417,0
297024,518,-59.30849,0
297034,518,-59.30849,0
297044,520,-59.02741,0
297054,519,-59.16795,0
297064,527,-58.04362,0
297074,520,-59.02741,0
297084,528,-57.90308,0
297094,511,-60.29228,0
297104,522,-58.74633,0
297114,520,-59.02741,0
297124,528,-57.90308,0
297134,520,-59.02741,0
297144,517,-59.44904,0
297154,516,-59.58958,0
297164,522,-58.74633,0
297174,527,-58.04362,0
297184,522,-58.74633,0
297194,531,-57.48146,0
297204,524,-58.46524,0
297214,516,-59.58958,0
297224,520,-59.02741,0
297234,514,-59.87066,0
297244,530,-57.622,0
297254,518,-59.30849,0
297264,517,-59.44904,0
297274,529,-57.76254,0
297284,531,-57.48146,0
297294,522,-58.74633,0
297304,519,-59.16795,0
297314,533,-57.20037,0
297324,523,-58.60579,0
297334,517,-59.44904,0
297344,517,-59.44904,0
297354,526,-58.18417,0
297364,522,-58.74633,0
297374,523,-58.60579,0
297384,520,-59.02741,0
297394,521,-58.88687,0
297404,522,-58.74633,0
297414,522,-58.74633,0
297424,521,-58.88687,0
297434,514,-59.87066,0
297444,532,-57.34091,0
297454,521,-58.88687,0
297464,514,-59.87066,0
297474,515,-59.73012,0
297484,512,-60.15174,0
297494,520,-59.02741,0
297504,514,-59.87066,0
297514,523,-58.60579,0
297524,520,-59.02741,0
297534,518,-59.30849,0
297544,517,-59.44904,0
297554,511,-60.29228,0
297564,526,-58.18417,0
297574,523,-58.60579,0
297584,516,-59.58958,0
297594,520,-59.02741,0
297604,516,-59.58958,0
297614,523,-58.60579,0
297624,526,-58.18417,0
297634,526,-58.18417,0
297644,518,-59.30849,0
297654,514,-59.87066,0
297664,521,-58.88687,0
297674,521,-58.88687,0
297684,522,-58.74633,0
297694,527,-58.04362,0
297704,523,-58.60579,0
297714,521,-58.88687,0
297724,520,-59.02741,0
297734,516,-59.58958,0
297744,523,-58.60579,0
297754,518,-59.30849,0
297764,517,-59.44904,0
297774,518,-59.30849,0
297784,525,-58.3247,0
297794,522,-58.74633,0
297804,520,-59.02741,0
297814,510,-60.43283,0
297824,526,-58.18417,0
297834,514,-59.87066,0
297844,513,-60.0112,0
297854,516,-59.58958,0
297864,509,-60.57336,0
297874,530,-57.622,0
297884,523,-58.60579,0
297894,525,-58.3247,0
297904,529,-57.76254,0
297914,528,-57.90308,0
297924,524,-58.46524,0
297934,520,-59.02741,0
297944,526,-58.18417,0
297954,517,-59.44904,0
297964,524,-58.46524,0
297974,517,-59.44904,0
297984,517,-59.44904,0
297994,519,-59.16795,0
298004,523,-58.60579,0
298014,522,-58.74633,0
298024,521,-58.88687,0
298034,533,-57.20037,0
298044,524,-58.46524,0
298054,522,-58.74633,0
298064,518,-59.30849,0
298074,520,-59.02741,0
298084,514,-59.87066,0
298094,518,-59.30849,0
298104,526,-58.18417,0
298114,532,-57.34091,0
298124,525,-58.3247,0
298134,513,-60.0112,0
298144,520,-59.02741,0
298154,517,-59.44904,0
298164,525,-58.3247,0
298174,525,-58.3247,0
298184,508,-60.71391,0
298194,529,-57.76254,0
298204,521,-58.88687,0
298214,522,-58.74633,0
298224,520,-59.02741,0
298234,521,-58.88687,0
298244,522,-58.74633,0
298254,526,-58.18417,0
298264,516,-59.58958,0
298274,522,-58.74633,0
298284,524,-58.46524,0
298294,518,-59.30849,0
298304,518,-59.30849,0
298314,521,-58.88687,0
298324,523,-58.60579,0
298334,515,-59.73012,0
298344,526,-58.18417,0
298354,533,-57.20037,0
298364,521,-58.88687,0
298374,520,-59.02741,0
298384,531,-57.48146,0
298394,519,-59.16795,0
298404,530,-57.622,0
298414,519,-59.16795,0
298424,522,-58.74633,0
298434,519,-59.16795,0
298444,517,-59.44904,0
298454,519,-59.16795,0
298464,528,-57.90308,0
298474,520,-59.02741,0
298484,520,-59.02741,0
298494,527,-58.04362,0
298504,515,-59.73012,0
298514,530,-57.622,0
298524,512,-60.15174,0
298534,521,-58.88687,0
298544,517,-59.44904,0
298554,518,-59.30849,0
298564,523,-58.60579,0
298574,518,-59.30849,0
298584,515,-59.73012,0
298594,521,-58.88687,0
298604,517,-59.44904,0
298614,524,-58.46524,0
298624,528,-57.90308,0
298634,513,-60.0112,0
298644,520,-59.02741,0
298654,532,-57.34091,0
298664,522,-58.74633,0
298674,530,-57.622,0
298684,524,-58.46524,0
298694,523,-58.60579,0
298704,519,-59.16795,0
298714,525,-58.3247,0
298724,518,-59.30849,0
298734,523,-58.60579,0
298744,517,-59.44904,0
298754,518,-59.30849,0
298764,525,-58.3247,0
298774,525,-58.3247,0
298784,525,-58.3247,0
298794,519,-59.16795,0
298804,514,-59.87066,0
298814,511,-60.29228,0
298824,510,-60.43283,0
298834,522,-58.74633,0
298844,527,-58.04362,0
298854,516,-59.58958,0
298864,510,-60.43283,0
298874,514,-59.87066,0
298884,531,-57.48146,0
298894,528,-57.90308,0
298904,521,-58.88687,0
298914,513,-60.0112,0
298924,524,-58.46524,0
298934,524,-58.46524,0
298944,521,-58.88687,0
298954,522,-58.74633,0
298964,519,-59.16795,0
298974,521,-58.88687,0
298984,510,-60.43283,0
298994,514,-59.87066,0
299004,508,-60.71391,0
299014,531,-57.48146,0
299024,525,-58.3247,0
299034,524,-58.46524,0
299044,514,-59.87066,0
299054,531,-57.48146,0
299064,516,-59.58958,0
299074,521,-58.88687,0
299084,517,-59.44904,0
299094,524,-58.46524,0
299104,523,-58.60579,0
299114,518,-59.30849,0
299124,520,-59.02741,0
299134,528,-57.90308,0
299144,521,-58.88687,0
299154,523,-58.60579,0
299164,519,-59.16795,0
299174,524,-58.46524,0
299184,513,-60.0112,0
299194,519,-59.16795,0
299204,528,-57.90308,0
299214,525,-58.3247,0
299224,528,-57.90308,0
299234,520,-59.02741,0
299244,515,-59.73012,0
299254,524,-58.46524,0
299264,524,-58.46524,0
299274,522,-58.74633,0
299284,517,-59.44904,0
299294,527,-58.04362,0
299304,527,-58.04362,0
299314,519,-59.16795,0
299324,526,-58.18417,0
299334,520,-59.02741,0
299344,519,-59.16795,0
299354,524,-58.46524,0
299364,517,-59.44904,0
299374,526,-58.18417,0
299384,527,-58.04362,0
299394,528,-57.90308,0
299404,516,-59.58958,0
299414,522,-58.74633,0
299424,520,-59.02741,0
299434,515,-59.73012,0
299444,519,-59.16795,0
299454,509,-60.57336,0
299464,519,-59.16795,0
299474,516,-59.58958,0
299484,521,-58.88687,0
299494,523,-58.60579,0
299504,516,-59.58958,0
299514,526,-58.18417,0
299524,528,-57.90308,0
299534,513,-60.0112,0
299544,518,-59.30849,0
299554,521,-58.88687,0
299564,516,-59.58958,0
299574,523,-58.60579,0
299584,515,-59.73012,0
299594,509,-60.57336,0
299604,513,-60.0112,0
299614,518,-59.30849,0
299624,522,-58.74633,0
299634,520,-59.02741,0
299644,511,-60.29228,0
299654,514,-59.87066,0
299664,521,-58.88687,0
299674,523,-58.60579,0
299684,521,-58.88687,0
299694,521,-58.88687,0
299704,518,-59.30849,0
299714,518,-59.30849,0
299724,512,-60.15174,0
299734,515,-59.73012,0
299744,520,-59.02741,0
299754,519,-59.16795,0
299764,522,-58.74633,0
299774,518,-59.30849,0
299784,522,-58.74633,0
299794,528,-57.90308,0
299804,520,-59.02741,0
299814,519,-59.16795,0
299824,513,-60.0112,0
299834,513,-60.0112,0
299844,520,-59.02741,0
299854,511,-60.29228,0
299864,512,-60.15174,0
299874,518,-59.30849,0
299884,514,-59.87066,0
299894,514,-59.87066,0
299904,520,-59.02741,0
299914,521,-58.88687,0
299924,531,-57.48146,0
299934,523,-58.60579,0
299944,527,-58.04362,0
299954,519,-59.16795,0
299964,526,-58.18417,0
299974,518,-59.30849,0
299984,528,-57.90308,0
299994,527,-58.04362,0
300004,521,-58.88687,0
300014,523,-58.60579,0
300024,517,-59.44904,0
300034,525,-58.3247,0
300044,520,-59.02741,0
300054,515,-59.73012,0
300064,524,-58.46524,0
300074,522,-58.74633,0
300084,520,-59.02741,0
300094,516,-59.58958,0
300104,516,-59.58958,0
300114,522,-58.74633,0
300124,528,-57.90308,0
300134,520,-59.02741,0
300144,520,-59.02741,0
300154,516,-59.58958,0
300164,522,-58.74633,0
300174,523,-58.60579,0
300184,514,-59.87066,0
300194,520,-59.02741,0
300204,520,-59.02741,0
300214,529,-57.76254,0
300224,520,-59.02741,0
300234,517,-59.44904,0
300244,529,-57.76254,0
300254,517,-59.44904,0
300264,513,-60.0112,0
300274,523,-58.60579,0
300284,523,-58.60579,0
300294,523,-58.60579,0
300304,528,-57.90308,0
300314,529,-57.76254,0
300324,525,-58.3247,0
300334,519,-59.16795,0
300344,533,-57.20037,0
300354,512,-60.15174,0
300364,528,-57.90308,0
300374,523,-58.60579,0
300384,521,-58.88687,0
300394,522,-58.74633,0
300404,527,-58.04362,0
300414,519,-59.16795,0
300424,528,-57.90308,0
300434,521,-58.88687,0
300444,524,-58.46524,0
300454,525,-58.3247,0
300464,529,-57.76254,0
300474,522,-58.74633,0
300484,523,-58.60579,0
300494,516,-59.58958,0
300504,518,-59.30849,0
300514,522,-58.74633,0
300524,517,-59.44904,0
300534,511,-60.29228,0
300544,515,-59.73012,0
300554,520,-59.02741,0
300564,524,-58.46524,0
300574,508,-60.71391,0
300584,518,-59.30849,0
300594,518,-59.30849,0
300604,522,-58.74633,0
300614,518,-59.30849,0
300624,521,-58.88687,0
300634,528,-57.90308,0
300644,526,-58.18417,0
300654,520,-59.02741,0
300664,526,-58.18417,0
300674,529,-57.76254,0
300684,527,-58.04362,0
300694,516,-59.58958,0
300704,524,-58.46524,0
300714,523,-58.60579,0
300724,528,-57.90308,0
300734,523,-58.60579,0
300744,534,-57.05983,0
300754,531,-57.48146,0
300764,520,-59.02741,0
300774,517,-59.44904,0
300784,520,-59.02741,0
300794,514,-59.87066,0
300804,521,-58.88687,0
300814,519,-59.16795,0
300824,523,-58.60579,0
300834,519,-59.16795,0
300844,519,-59.16795,0
300854,516,-59.58958,0
300864,520,-59.02741,0
300874,526,-58.18417,0
300884,518,-59.30849,0
300894,518,-59.30849,0
300904,513,-60.0112,0
300914,524,-58.46524,0
300924,526,-58.18417,0
300934,523,-58.60579,0
300944,531,-57.48146,0
300954,524,-58.46524,0
300964,519,-59.16795,0
300974,534,-57.05983,0
300984,526,-58.18417,0
300994,519,-59.16795,0
301004,522,-58.74633,0
301014,526,-58.18417,0
301024,513,-60.0112,0
301034,526,-58.18417,0
301044,526,-58.18417,0
301054,522,-58.74633,0
301064,516,-59.58958,0
301074,519,-59.16795,0
301084,510,-60.43283,0
301094,516,-59.58958,0
301104,526,-58.18417,0
301114,529,-57.76254,0
301124,521,-58.88687,0
301134,525,-58.3247,0
301144,517,-59.44904,0
301154,527,-58.04362,0
301164,518,-59.30849,0
301174,508,-60.71391,0
301184,524,-58.46524,0
301194,521,-58.88687,0
301204,510,-60.43283,0
301214,517,-59.44904,0
301224,521,-58.88687,0
301234,522,-58.74633,0
301244,521,-58.88687,0
301254,521,-58.88687,0
301264,523,-58.60579,0
301274,525,-58.3247,0
301284,522,-58.74633,0
301294,513,-60.0112,0
301304,522,-58.74633,0
301314,528,-57.90308,0
301324,521,-58.88687,0
301334,525,-58.3247,0
301344,528,-57.90308,0
301354,526,-58.18417,0
301364,524,-58.46524,0
301374,531,-57.48146,0
301384,521,-58.88687,0
301394,520,-59.02741,0
301404,524,-58.46524,0
301414,522,-58.74633,0
301424,520,-59.02741,0
301434,524,-58.46524,0
301444,528,-57.90308,0
301454,521,-58.88687,0
301464,523,-58.60579,0
301474,522,-58.74633,0
301484,525,-58.3247,0
301494,531,-57.48146,0
301504,521,-58.88687,0
301514,523,-58.60579,0
301524,518,-59.30849,0
301534,527,-58.04362,0
301544,516,-59.58958,0
301554,531,-57.48146,0
301564,525,-58.3247,0
301574,512,-60.15174,0
301584,509,-60.57336,0
301594,514,-59.87066,0
301604,523,-58.60579,0
301614,522,-58.74633,0
301624,515,-59.73012,0
301634,521,-58.88687,0
301644,513,-60.0112,0
301654,513,-60.0112,0
301664,509,-60.57336,0
301674,510,-60.43283,0
301684,530,-57.622,0
301694,520,-59.02741,0
301704,525,-58.3247,0
301714,519,-59.16795,0
301724,525,-58.3247,0
301734,519,-59.16795,0
301744,528,-57.90308,0
301754,519,-59.16795,0
301764,516,-59.58958,0
301774,518,-59.30849,0
301784,519,-59.16795,0
301794,521,-58.88687,0
301804,523,-58.60579,0
301814,522,-58.74633,0
301824,513,-60.0112,0
301834,523,-58.60579,0
301844,509,-60.57336,0
301854,527,-58.04362,0
301864,526,-58.18417,0
301874,522,-58.74633,0
301884,518,-59.30849,0
301894,521,-58.88687,0
301904,523,-58.60579,0
301914,522,-58.74633,0
301924,521,-58.88687,0
301934,518,-59.30849,0
301944,521,-58.88687,0
301954,525,-58.3247,0
301964,525,-58.3247,0
301974,515,-59.73012,0
301984,515,-59.73012,0
301994,522,-58.74633,0
302004,513,-60.0112,0
302014,526,-58.18417,0
302024,522,-58.74633,0
302034,524,-58.46524,0
302044,514,-59.87066,0
302054,523,-58.60579,0
302064,522,-58.74633,0
302074,518,-59.30849,0
302084,523,-58.60579,0
302094,526,-58.18417,0
302104,528,-57.90308,0
302114,518,-59.30849,0
302124,524,-58.46524,0
302134,511,-60.29228,0
302144,523,-58.60579,0
302154,521,-58.88687,0
302164,512,-60.15174,0
302174,523,-58.60579,0
302184,518,-59.30849,0
302194,534,-57.05983,0
302204,518,-59.30849,0
302214,515,-59.73012,0
302224,523,-58.60579,0
302234,524,-58.46524,0
302244,515,-59.73012,0
302254,514,-59.87066,0
302264,527,-58.04362,0
302274,525,-58.3247,0
302284,509,-60.57336,0
302294,520,-59.02741,0
302304,531,-57.48146,0
302314,518,-59.30849,0
302324,513,-60.0112,0
302334,511,-60.29228,0
302344,525,-58.3247,0
302354,531,-57.48146,0
302364,523,-58.60579,0
302374,521,-58.88687,0
302384,526,-58.18417,0
302394,524,-58.46524,0
302404,517,-59.44904,0
302414,528,-57.90308,0
302424,526,-58.18417,0
302434,513,-60.0112,0
302444,513,-60.0112,0
302454,523,-58.60579,0
302464,518,-59.30849,0
302474,520,-59.02741,0
302484,518,-59.30849,0
302494,524,-58.46524,0
302504,519,-59.16795,0
302514,525,-58.3247,0
302524,517,-59.44904,0
302534,528,-57.90308,0
302544,526,-58.18417,0
302554,520,-59.02741,0
302564,520,-59.02741,0
302574,527,-58.04362,0
302584,523,-58.60579,0
302594,514,-59.87066,0
302604,516,-59.58958,0
302614,520,-59.02741,0
302624,513,-60.0112,0
302634,523,-58.60579,0
302644,518,-59.30849,0
302654,516,-59.58958,0
302664,522,-58.74633,0
302674,516,-59.58958,0
302684,524,-58.46524,0
302694,516,-59.58958,0
302704,518,-59.30849,0
302714,513,-60.0112,0
302724,522,-58.74633,0
302734,519,-59.16795,0
302744,526,-58.18417,0
302754,523,-58.60579,0
302764,518,-59.30849,0
302774,520,-59.02741,0
302784,530,-57.622,0
302794,523,-58.60579,0
302804,521,-58.88687,0
302814,519,-59.16795,0
302824,519,-59.16795,0
302834,515,-59.73012,0
302844,530,-57.622,0
302854,531,-57.48146,0
302864,515,-59.73012,0
302874,520,-59.02741,0
302884,529,-57.76254,0
302894,515,-59.73012,0
302904,520,-59.02741,0
302914,524,-58.46524,0
302924,531,-57.48146,0
302934,525,-58.3247,0
302944,518,-59.30849,0
302954,515,-59.73012,0
302964,517,-59.44904,0
302974,523,-58.60579,0
302984,517,-59.44904,0
302994,524,-58.46524,0
303004,518,-59.30849,0
303014,529,-57.76254,0
303024,528,-57.90308,0
303034,531,-57.48146,0
303044,523,-58.60579,0
303054,523,-58.60579,0
303064,520,-59.02741,0
303074,520,-59.02741,0
303084,529,-57.76254,0
303094,526,-58.18417,0
303104,520,-59.02741,0
303114,525,-58.3247,0
303124,524,-58.46524,0
303134,527,-58.04362,0
303144,524,-58.46524,0
303154,528,-57.90308,0
303164,520,-59.02741,0
303174,519,-59.16795,0
303184,517,-59.44904,0
303194,521,-58.88687,0
303204,516,-59.58958,0
303214,523,-58.60579,0
303224,520,-59.02741,0
303234,525,-58.3247,0
303244,518,-59.30849,0
303254,527,-58.04362,0
303264,528,-57.90308,0
303274,525,-58.3247,0
303284,519,-59.16795,0
303294,514,-59.87066,0
303304,523,-58.60579,0
303314,527,-58.04362,0
303324,509,-60.57336,0
303334,525,-58.3247,0
303344,527,-58.04362,0
303354,530,-57.622,0
303364,523,-58.60579,0
303374,523,-58.60579,0
303384,529,-57.76254,0
303394,525,-58.3247,0
303404,526,-58.18417,0
303414,520,-59.02741,0
303424,518,-59.30849,0
303434,525,-58.3247,0
303444,519,-59.16795,0
303454,527,-58.04362,0
303464,513,-60.0112,0
303474,527,-58.04362,0
303484,525,-58.3247,0
303494,521,-58.88687,0
303504,519,-59.16795,0
303514,523,-58.60579,0
303524,519,-59.16795,0
303534,525,-58.3247,0
303544,520,-59.02741,0
303554,520,-59.02741,0
303564,521,-58.88687,0
303574,515,-59.73012,0
303584,537,-56.63821,0
303594,524,-58.46524,0
303604,531,-57.48146,0
303614,525,-58.3247,0
303624,516,-59.58958,0
303634,519,-59.16795,0
303644,522,-58.74633,0
303654,522,-58.74633,0
303664,520,-59.02741,0
303674,520,-59.02741,0
303684,523,-58.60579,0
303694,523,-58.60579,0
303704,527,-58.04362,0
303714,528,-57.90308,0
303724,524,-58.46524,0
303734,523,-58.60579,0
303744,530,-57.622,0
303754,529,-57.76254,0
303764,522,-58.74633,0
303774,523,-58.60579,0
303784,525,-58.3247,0
303794,522,-58.74633,0
303804,528,-57.90308,0
303814,516,-59.58958,0
303824,520,-59.02741,0
303834,522,-58.74633,0
303844,517,-59.44904,0
303854,524,-58.46524,0
303864,518,-59.30849,0
303874,519,-59.16795,0
303884,527,-58.04362,0
303894,523,-58.60579,0
303904,523,-58.60579,0
303914,524,-58.46524,0
303924,515,-59.73012,0
303934,519,-59.16795,0
303944,519,-59.16795,0
303954,521,-58.88687,0
303964,519,-59.16795,0
303974,510,-60.43283,0
303984,526,-58.18417,0
303994,513,-60.0112,0
304004,520,-59.02741,0
304014,527,-58.04362,0
304024,513,-60.0112,0
304034,519,-59.16795,0
304044,522,-58.74633,0
304054,529,-57.76254,0
304064,523,-58.60579,0
304074,512,-60.15174,0
304084,527,-58.04362,0
304094,521,-58.88687,0
304104,521,-58.88687,0
304114,523,-58.60579,0
304124,519,-59.16795,0
304134,514,-59.87066,0
304144,520,-59.02741,0
304154,527,-58.04362,0
304164,523,-58.60579,0
304174,516,-59.58958,0
304184,517,-59.44904,0
304194,517,-59.44904,0
304204,516,-59.58958,0
304214,523,-58.60579,0
304224,520,-59.02741,0
304234,523,-58.60579,0
304244,525,-58.3247,0
304254,522,-58.74633,0
304264,522,-58.74633,0
304274,522,-58.74633,0
304284,521,-58.88687,0
304294,519,-59.16795,0
304304,522,-58.74633,0
304314,514,-59.87066,0
304324,513,-60.0112,0
304334,519,-59.16795,0
304344,528,-57.90308,0
304354,517,-59.44904,0
304364,518,-59.30849,0
304374,526,-58.18417,0
304384,526,-58.18417,0
304394,527,-58.04362,0
304404,525,-58.3247,0
304414,518,-59.30849,0
304424,519,-59.16795,0
304434,520,-59.02741,0
304444,520,-59.02741,0
304454,520,-59.02741,0
304464,521,-58.88687,0
304474,529,-57.76254,0
304484,517,-59.44904,0
304494,529,-57.76254,0
304504,524,-58.46524,0
304514,523,-58.60579,0
304524,527,-58.04362,0
304534,520,-59.02741,0
304544,520,-59.02741,0
304554,519,-59.16795,0
304564,532,-57.34091,0
304574,518,-59.30849,0
304584,521,-58.88687,0
304594,517,-59.44904,0
304604,522,-58.74633,0
304614,522,-58.74633,0
304624,528,-57.90308,0
304634,524,-58.46524,0
304644,522,-58.74633,0
304654,523,-58.60579,0
304664,511,-60.29228,0
304674,518,-59.30849,0
304684,523,-58.60579,0
304694,521,-58.88687,0
304704,519,-59.16795,0
304714,519,-59.16795,0
304724,520,-59.02741,0
304734,524,-58.46524,0
304744,510,-60.43283,0
304754,527,-58.04362,0
304764,519,-59.16795,0
304774,523,-58.60579,0
304784,517,-59.44904,0
304794,514,-59.87066,0
304804,512,-60.15174,0
304814,527,-58.04362,0
304824,513,-60.0112,0
304834,524,-58.46524,0
304844,525,-58.3247,0
304854,513,-60.0112,0
304864,515,-59.73012,0
304874,527,-58.04362,0
304884,518,-59.30849,0
304894,525,-58.3247,0
304904,533,-57.20037,0
304914,515,-59.73012,0
304924,511,-60.29228,0
304934,513,-60.0112,0
304944,520,-59.02741,0
304954,519,-59.16795,0
304964,524,-58.46524,0
304974,524,-58.46524,0
304984,525,-58.3247,0
304994,519,-59.16795,0
305004,519,-59.16795,0
305014,531,-57.48146,0
305024,519,-59.16795,0
305034,519,-59.16795,0
305044,513,-60.0112,0
305054,519,-59.16795,0
305064,527,-58.04362,0
305074,517,-59.44904,0
305084,522,-58.74633,0
305094,522,-58.74633,0
305104,521,-58.88687,0
305114,520,-59.02741,0
305124,513,-60.0112,0
305134,525,-58.3247,0
305144,524,-58.46524,0
305154,526,-58.18417,0
305164,513,-60.0112,0
305174,520,-59.02741,0
305184,525,-58.3247,0
305194,527,-58.04362,0
305204,519,-59.16795,0
305214,524,-58.46524,0
305224,522,-58.74633,0
305234,521,-58.88687,0
305244,527,-58.04362,0
305254,528,-57.90308,0
305264,531,-57.48146,0
305274,520,-59.02741,0
305284,516,-59.58958,0
305294,521,-58.88687,0
305304,522,-58.74633,0
305314,524,-58.46524,0
305324,523,-58.60579,0
305334,527,-58.04362,0
305344,529,-57.76254,0
305354,530,-57.622,0
305364,531,-57.48146,0
305374,522,-58.74633,0
305384,516,-59.58958,0
305394,515,-59.73012,0
305404,523,-58.60579,0
305414,524,-58.46524,0
305424,522,-58.74633,0
305434,525,-58.3247,0
305444,520,-59.02741,0
305454,525,-58.3247,0
305464,525,-58.3247,0
305474,528,-57.90308,0
305484,518,-59.30849,0
305494,522,-58.74633,0
305504,526,-58.18417,0
305514,524,-58.46524,0
305524,518,-59.30849,0
305534,526,-58.18417,0
305544,528,-57.90308,0
305554,525,-58.3247,0
305564,525,-58.3247,0
305574,524,-58.46524,0
305584,531,-57.48146,0
305594,526,-58.18417,0
305604,530,-57.622,0
305614,517,-59.44904,0
305624,515,-59.73012,0
305634,520,-59.02741,0
305644,511,-60.29228,0
305654,523,-58.60579,0
305664,520,-59.02741,0
305674,523,-58.60579,0
305684,531,-57.48146,0
305694,523,-58.60579,0
305704,523,-58.60579,0
305714,518,-59.30849,0
305724,525,-58.3247,0
305734,520,-59.02741,0
305744,516,-59.58958,0
305754,513,-60.0112,0
305764,515,-59.73012,0
305774,525,-58.3247,0
305784,517,-59.44904,0
305794,523,-58.60579,0
305804,527,-58.04362,0
305814,526,-58.18417,0
305824,524,-58.46524,0
305834,520,-59.02741,0
305844,523,-58.60579,0
305854,519,-59.16795,0
305864,516,-59.58958,0
305874,512,-60.15174,0
305884,522,-58.74633,0
305894,521,-58.88687,0
305904,529,-57.76254,0
305914,527,-58.04362,0
305924,521,-58.88687,0
305934,528,-57.90308,0
305944,525,-58.3247,0
305954,516,-59.58958,0
305964,521,-58.88687,0
305974,529,-57.76254,0
305984,530,-57.622,0
305994,521,-58.88687,0
306004,508,-60.71391,0
306014,526,-58.18417,0
306024,519,-59.16795,0
306034,516,-59.58958,0
306044,514,-59.87066,0
306054,527,-58.04362,0
306064,531,-57.48146,0
306074,522,-58.74633,0
306084,526,-58.18417,0
306094,523,-58.60579,0
306104,526,-58.18417,0
306114,519,-59.16795,0
306124,512,-60.15174,0
306134,523,-58.60579,0
306144,517,-59.44904,0
306154,530,-57.622,0
306164,518,-59.30849,0
306174,527,-58.04362,0
306184,523,-58.60579,0
306194,524,-58.46524,0
306204,518,-59.30849,0
306214,523,-58.60579,0
306224,518,-59.30849,0
306234,520,-59.02741,0
306244,518,-59.30849,0
306254,524,-58.46524,0
306264,527,-58.04362,0
306274,527,-58.04362,0
306284,512,-60.15174,0
306294,519,-59.16795,0
306304,521,-58.88687,0
306314,531,-57.48146,0
306324,520,-59.02741,0
306334,523,-58.60579,0
306344,524,-58.46524,0
306354,527,-58.04362,0
306364,516,-59.58958,0
306374,523,-58.60579,0
306384,523,-58.60579,0
306394,525,-58.3247,0
306404,519,-59.16795,0
306414,524,-58.46524,0
306424,519,-59.16795,0
306434,520,-59.02741,0
306444,529,-57.76254,0
306454,527,-58.04362,0
306464,523,-58.60579,0
306474,523,-58.60579,0
306484,518,-59.30849,0
306494,528,-57.90308,0
306504,519,-59.16795,0
306514,517,-59.44904,0
306524,520,-59.02741,0
306534,522,-58.74633,0
306544,523,-58.60579,0
306554,525,-58.3247,0
306564,507,-60.85445,0
306574,518,-59.30849,0
306584,526,-58.18417,0
306594,525,-58.3247,0
306604,520,-59.02741,0
306614,521,-58.88687,0
306624,520,-59.02741,0
306634,526,-58.18417,0
306644,527,-58.04362,0
306654,521,-58.88687,0
306664,525,-58.3247,0
306674,522,-58.74633,0
306684,520,-59.02741,0
306694,525,-58.3247,0
306704,519,-59.16795,0
306714,520,-59.02741,0
306724,525,-58.3247,0
306734,518,-59.30849,0
306744,532,-57.34091,0
306754,525,-58.3247,0
306764,521,-58.88687,0
306774,518,-59.30849,0
306784,526,-58.18417,0
306794,520,-59.02741,0
306804,516,-59.58958,0
306814,524,-58.46524,0
306824,528,-57.90308,0
306834,524,-58.46524,0
306844,522,-58.74633,0
306854,521,-58.88687,0
306864,516,-59.58958,0
306874,531,-57.48146,0
306884,527,-58.04362,0
306894,524,-58.46524,0
306904,524,-58.46524,0
306914,529,-57.76254,0
306924,529,-57.76254,0
306934,519,-59.16795,0
306944,523,-58.60579,0
306954,519,-59.16795,0
306964,525,-58.3247,0
306974,519,-59.16795,0
306984,520,-59.02741,0
306994,525,-58.3247,0
307004,527,-58.04362,0
307014,525,-58.3247,0
307024,518,-59.30849,0
307034,518,-59.30849,0
307044,512,-60.15174,0
307054,528,-57.90308,0
307064,524,-58.46524,0
307074,523,-58.60579,0
307084,522,-58.74633,0
307094,515,-59.73012,0
307104,531,-57.48146,0
307114,509,-60.57336,0
307124,524,-58.46524,0
307134,530,-57.622,0
307144,528,-57.90308,0
307154,523,-58.60579,0
307164,531,-57.48146,0
307174,522,-58.74633,0
307184,528,-57.90308,0
307194,532,-57.34091,0
307204,529,-57.76254,0
307214,527,-58.04362,0
307224,516,-59.58958,0
307234,514,-59.87066,0
307244,515,-59.73012,0
307254,517,-59.44904,0
307264,525,-58.3247,0
307274,518,-59.30849,0
307284,527,-58.04362,0
307294,525,-58.3247,0
307304,519,-59.16795,0
307314,525,-58.3247,0
307324,525,-58.3247,0
307334,526,-58.18417,0
307344,519,-59.16795,0
307354,529,-57.76254,0
307364,526,-58.18417,0
307374,526,-58.18417,0
307384,528,-57.90308,0
307394,522,-58.74633,0
307404,527,-58.04362,0
307414,527,-58.04362,0
307424,520,-59.02741,0
307434,527,-58.04362,0
307444,517,-59.44904,0
307454,518,-59.30849,0
307464,524,-58.46524,0
307474,522,-58.74633,0
307484,517,-59.44904,0
307494,520,-59.02741,0
307504,529,-57.76254,0
307514,525,-58.3247,0
307524,513,-60.0112,0
307534,530,-57.622,0
307544,528,-57.90308,0
307554,527,-58.04362,0
307564,519,-59.16795,0
307574,520,-59.02741,0
307584,523,-58.60579,0
307594,515,-59.73012,0
307604,518,-59.30849,0
307614,525,-58.3247,0
307624,525,-58.3247,0
307634,523,-58.60579,0
307644,530,-57.622,0
307654,526,-58.18417,0
307664,522,-58.74633,0
307674,517,-59.44904,0
307684,517,-59.44904,0
307694,524,-58.46524,0
307704,524,-58.46524,0
307714,519,-59.16795,0
307724,519,-59.16795,0
307734,526,-58.18417,0
307744,528,-57.90308,0
307754,522,-58.74633,0
307764,521,-58.88687,0
307774,525,-58.3247,0
307784,530,-57.622,0
307794,521,-58.88687,0
307804,517,-59.44904,0
307814,532,-57.34091,0
307824,516,-59.58958,0
307834,516,-59.58958,0
307844,519,-59.16795,0
307854,527,-58.04362,0
307864,517,-59.44904,0
307874,520,-59.02741,0
307884,520,-59.02741,0
307894,517,-59.44904,0
307904,521,-58.88687,0
307914,519,-59.16795,0
307924,522,-58.74633,0
307934,525,-58.3247,0
307944,527,-58.04362,0
307954,525,-58.3247,0
307964,519,-59.16795,0
307974,518,-59.30849,0
307984,517,-59.44904,0
307994,511,-60.29228,0
308004,523,-58.60579,0
308014,526,-58.18417,0
308024,520,-59.02741,0
308034,521,-58.88687,0
308044,521,-58.88687,0
308054,518,-59.30849,0
308064,518,-59.30849,0
308074,527,-58.04362,0
308084,525,-58.3247,0
308094,522,-58.74633,0
308104,515,-59.73012,0
308114,525,-58.3247,0
308124,522,-58.74633,0
308134,531,-57.48146,0
308144,522,-58.74633,0
308154,527,-58.04362,0
308164,526,-58.18417,0
308174,523,-58.60579,0
308184,517,-59.44904,0
308194,521,-58.88687,0
308204,527,-58.04362,0
308214,523,-58.60579,0
308224,518,-59.30849,0
308234,514,-59.87066,0
308244,523,-58.60579,0
308254,518,-59.30849,0
308264,530,-57.622,0
308274,523,-58.60579,0
308284,514,-59.87066,0
308294,519,-59.16795,0
308304,517,-59.44904,0
308314,519,-59.16795,0
308324,519,-59.16795,0
308334,520,-59.02741,0
308344,525,-58.3247,0
308354,526,-58.18417,0
308364,520,-59.02741,0
308374,511,-60.29228,0
308384,524,-58.46524,0
308394,520,-59.02741,0
308404,522,-58.74633,0
308414,517,-59.44904,0
308424,525,-58.3247,0
308434,527,-58.04362,0
308444,529,-57.76254,0
308454,526,-58.18417,0
308464,514,-59.87066,0
308474,525,-58.3247,0
308484,515,-59.73012,0
308494,514,-59.87066,0
308504,518,-59.30849,0
308514,522,-58.74633,0
308524,515,-59.73012,0
308534,527,-58.04362,0
308544,516,-59.58958,0
308554,528,-57.90308,0
308564,523,-58.60579,0
308574,526,-58.18417,0
308584,522,-58.74633,0
308594,517,-59.44904,0
308604,522,-58.74633,0
308614,516,-59.58958,0
308624,522,-58.74633,0
308634,520,-59.02741,0
308644,522,-58.74633,0
308654,517,-59.44904,0
308664,526,-58.18417,0
308674,526,-58.18417,0
308684,520,-59.02741,0
308694,518,-59.30849,0
308704,520,-59.02741,0
308714,520,-59.02741,0
308724,513,-60.0112,0
308734,520,-59.02741,0
308744,519,-59.16795,0
308754,526,-58.18417,0
308764,526,-58.18417,0
308774,517,-59.44904,0
308784,517,-59.44904,0
308794,526,-58.18417,0
308804,515,-59.73012,0
308814,523,-58.60579,0
308824,524,-58.46524,0
308834,530,-57.622,0
308844,515,-59.73012,0
308854,521,-58.88687,0
308864,516,-59.58958,0
308874,525,-58.3247,0
308884,519,-59.16795,0
308894,518,-59.30849,0
308904,524,-58.46524,0
308914,531,-57.48146,0
308924,529,-57.76254,0
308934,527,-58.04362,0
308944,523,-58.60579,0
308954,526,-58.18417,0
308964,527,-58.04362,0
308974,531,-57.48146,0
308984,520,-59.02741,0
308994,517,-59.44904,0
309004,521,-58.88687,0
309014,526,-58.18417,0
309024,527,-58.04362,0
309034,521,-58.88687,0
309044,519,-59.16795,0
309054,524,-58.46524,0
309064,519,-59.16795,0
309074,523,-58.60579,0
309084,533,-57.20037,0
309094,525,-58.3247,0
309104,530,-57.622,0
309114,527,-58.04362,0
309124,508,-60.71391,0
309134,527,-58.04362,0
309144,524,-58.46524,0
309154,523,-58.60579,0
309164,521,-58.88687,0
309174,523,-58.60579,0
309184,522,-58.74633,0
309194,527,-58.04362,0
309204,515,-59.73012,0
309214,530,-57.622,0
309224,525,-58.3247,0
309234,523,-58.60579,0
309244,526,-58.18417,0
309254,522,-58.74633,0
309264,524,-58.46524,0
309274,522,-58.74633,0
309284,512,-60.15174,0
309294,523,-58.60579,0
309304,522,-58.74633,0
309314,528,-57.90308,0
309324,527,-58.04362,0
309334,517,-59.44904,0
309344,519,-59.16795,0
309354,525,-58.3247,0
309364,517,-59.44904,0
309374,530,-57.622,0
309384,519,-59.16795,0
309394,522,-58.74633,0
309404,515,-59.73012,0
309414,517,-59.44904,0
309424,523,-58.60579,0
309434,517,-59.44904,0
309444,524,-58.46524,0
309454,524,-58.46524,0
309464,523,-58.60579,0
309474,515,-59.73012,0
309484,525,-58.3247,0
309494,523,-58.60579,0
309504,516,-59.58958,0
309514,524,-58.46524,0
309524,523,-58.60579,0
309534,524,-58.46524,0
309544,519,-59.16795,0
309554,521,-58.88687,0
309564,534,-57.05983,0
309574,523,-58.60579,0
309584,519,-59.16795,0
309594,523,-58.60579,0
309604,523,-58.60579,0
309614,517,-59.44904,0
309624,520,-59.02741,0
309634,516,-59.58958,0
309644,516,-59.58958,0
309654,517,-59.44904,0
309664,520,-59.02741,0
309674,522,-58.74633,0
309684,518,-59.30849,0
309694,521,-58.88687,0
309704,519,-59.16795,0
309714,525,-58.3247,0
309724,525,-58.3247,0
309734,514,-59.87066,0
309744,522,-58.74633,0
309754,527,-58.04362,0
309764,525,-58.3247,0
309774,523,-58.60579,0
309784,523,-58.60579,0
309794,522,-58.74633,0
309804,531,-57.48146,0
309814,522,-58.74633,0
309824,522,-58.74633,0
309834,522,-58.74633,0
309844,529,-57.76254,0
309854,525,-58.3247,0
309864,521,-58.88687,0
309874,524,-58.46524,0
309884,516,-59.58958,0
309894,521,-58.88687,0
309904,530,-57.622,0
309914,522,-58.74633,0
309924,525,-58.3247,0
309934,519,-59.16795,0
309944,520,-59.02741,0
309954,519,-59.16795,0
309964,523,-58.60579,0
309974,524,-58.46524,0
309984,529,-57.76254,0
309994,532,-57.34091,0
310004,523,-58.60579,0
310014,522,-58.74633,0
310024,523,-58.60579,0
310034,521,-58.88687,0
310044,528,-57.90308,0
310054,521,-58.88687,0
310064,517,-59.44904,0
310074,528,-57.90308,0
310084,513,-60.0112,0
310094,522,-58.74633,0
310104,525,-58.3247,0
310114,525,-58.3247,0
310124,519,-59.16795,0
310134,523,-58.60579,0
310144,524,-58.46524,0
310154,516,-59.58958,0
310164,517,-59.44904,0
310174,525,-58.3247,0
310184,518,-59.30849,0
310194,531,-57.48146,0
310204,517,-59.44904,0
310214,523,-58.60579,0
310224,529,-57.76254,0
310234,524,-58.46524,0
310244,528,-57.90308,0
310254,518,-59.30849,0
310264,525,-58.3247,0
310274,522,-58.74633,0
310284,513,-60.0112,0
310294,520,-59.02741,0
310304,516,-59.58958,0
310314,529,-57.76254,0
310324,523,-58.60579,0
310334,516,-59.58958,0
310344,521,-58.88687,0
310354,517,-59.44904,0
310364,522,-58.74633,0
310374,516,-59.58958,0
310384,523,-58.60579,0
310394,518,-59.30849,0
310404,528,-57.90308,0
310414,519,-59.16795,0
310424,530,-57.622,0
310434,522,-58.74633,0
310444,522,-58.74633,0
310454,521,-58.88687,0
310464,514,-59.87066,0
310474,522,-58.74633,0
310484,525,-58.3247,0
310494,521,-58.88687,0
310504,533,-57.20037,0
310514,519,-59.16795,0
310524,519,-59.16795,0
310534,508,-60.71391,0
310544,523,-58.60579,0
310554,517,-59.44904,0
310564,517,-59.44904,0
310574,512,-60.15174,0
310584,526,-58.18417,0
310594,522,-58.74633,0
310604,527,-58.04362,0
310614,527,-58.04362,0
310624,521,-58.88687,0
310634,516,-59.58958,0
310644,516,-59.58958,0
310654,530,-57.622,0
310664,519,-59.16795,0
310674,522,-58.74633,0
310684,529,-57.76254,0
310694,524,-58.46524,0
310704,528,-57.90308,0
310714,517,-59.44904,0
310724,520,-59.02741,0
310734,515,-59.73012,0
310744,526,-58.18417,0
310754,515,-59.73012,0
310764,520,-59.02741,0
310774,520,-59.02741,0
310784,530,-57.622,0
310794,526,-58.18417,0
310804,518,-59.30849,0
310814,517,-59.44904,0
310824,524,-58.46524,0
310834,526,-58.18417,0
310844,524,-58.46524,0
310854,529,-57.76254,0
310864,531,-57.48146,0
310874,515,-59.73012,0
310884,526,-58.18417,0
310894,518,-59.30849,0
310904,522,-58.74633,0
310914,519,-59.16795,0
310924,523,-58.60579,0
310934,522,-58.74633,0
310944,526,-58.18417,0
310954,522,-58.74633,0
310964,531,-57.48146,0
310974,522,-58.74633,0
310984,516,-59.58958,0
310994,515,-59.73012,0
311004,517,-59.44904,0
311014,533,-57.20037,0
311024,528,-57.90308,0
311034,520,-59.02741,0
311044,524,-58.46524,0
311054,523,-58.60579,0
311064,523,-58.60579,0
311074,527,-58.04362,0
311084,521,-58.88687,0
311094,520,-59.02741,0
311104,528,-57.90308,0
311114,530,-57.622,0
311124,517,-59.44904,0
311134,525,-58.3247,0
311144,519,-59.16795,0
311154,521,-58.88687,0
311164,526,-58.18417,0
311174,526,-58.18417,0
311184,528,-57.90308,0
311194,511,-60.29228,0
311204,517,-59.44904,0
311214,524,-58.46524,0
311224,528,-57.90308,0
311234,519,-59.16795,0
311244,519,-59.16795,0
311254,524,-58.46524,0
311264,514,-59.87066,0
311274,517,-59.44904,0
311284,533,-57.20037,0
311294,521,-58.88687,0
311304,527,-58.04362,0
311314,529,-57.76254,0
311324,526,-58.18417,0
311334,524,-58.46524,0
311344,517,-59.44904,0
311354,522,-58.74633,0
311364,527,-58.04362,0
311374,520,-59.02741,0
311384,521,-58.88687,0
311394,524,-58.46524,0
311404,523,-58.60579,0
311414,529,-57.76254,0
311424,530,-57.622,0
311434,520,-59.02741,0
311444,526,-58.18417,0
311454,525,-58.3247,0
311464,519,-59.16795,0
311474,521,-58.88687,0
311484,519,-59.16795,0
311494,526,-58.18417,0
311504,522,-58.74633,0
311514,521,-58.88687,0
311524,521,-58.88687,0
311534,532,-57.34091,0
311544,522,-58.74633,0
311554,526,-58.18417,0
311564,508,-60.71391,0
311574,528,-57.90308,0
311584,523,-58.60579,0
311594,527,-58.04362,0
311604,514,-59.87066,0
311614,516,-59.58958,0
311624,517,-59.44904,0
311634,519,-59.16795,0
311644,522,-58.74633,0
311654,524,-58.46524,0
311664,525,-58.3247,0
311674,521,-58.88687,0
311684,521,-58.88687,0
311694,530,-57.622,0
311704,523,-58.60579,0
311714,521,-58.88687,0
311724,529,-57.76254,0
311734,519,-59.16795,0
311744,523,-58.60579,0
311754,514,-59.87066,0
311764,523,-58.60579,0
311774,516,-59.58958,0
311784,523,-58.60579,0
311794,519,-59.16795,0
311804,524,-58.46524,0
311814,529,-57.76254,0
311824,523,-58.60579,0
311834,526,-58.18417,0
311844,516,-59.58958,0
311854,519,-59.16795,0
311864,519,-59.16795,0
311874,516,-59.58958,0
311884,527,-58.04362,0
311894,517,-59.44904,0
311904,524,-58.46524,0
311914,523,-58.60579,0
311924,527,-58.04362,0
311934,511,-60.29228,0
311944,529,-57.76254,0
311954,519,-59.16795,0
311964,522,-58.74633,0
311974,521,-58.88687,0
311984,519,-59.16795,0
311994,523,-58.60579,0
312004,523,-58.60579,0
312014,523,-58.60579,0
312024,524,-58.46524,0
312034,520,-59.02741,0
312044,519,-59.16795,0
312054,525,-58.3247,0
312064,526,-58.18417,0
312074,526,-58.18417,0
312084,530,-57.622,0
312094,523,-58.60579,0
312104,520,-59.02741,0
312114,524,-58.46524,0
312124,526,-58.18417,0
312134,524,-58.46524,0
312144,530,-57.622,0
312154,524,-58.46524,0
312164,524,-58.46524,0
312174,523,-58.60579,0
312184,520,-59.02741,0
312194,524,-58.46524,0
312204,523,-58.60579,0
312214,527,-58.04362,0
312224,519,-59.16795,0
312234,521,-58.88687,0
312244,515,-59.73012,0
312254,519,-59.16795,0
312264,522,-58.74633,0
312274,527,-58.04362,0
312284,522,-58.74633,0
312294,524,-58.46524,0
312304,531,-57.48146,0
312314,523,-58.60579,0
312324,528,-57.90308,0
312334,517,-59.44904,0
312344,519,-59.16795,0
312354,529,-57.76254,0
312364,520,-59.02741,0
312374,531,-57.48146,0
312384,527,-58.04362,0
312394,523,-58.60579,0
312404,525,-58.3247,0
312414,528,-57.90308,0
312424,527,-58.04362,0
312434,520,-59.02741,0
312444,517,-59.44904,0
312454,522,-58.74633,0
312464,526,-58.18417,0
312474,530,-57.622,0
312484,518,-59.30849,0
312494,530,-57.622,0
312504,520,-59.02741,0
312514,517,-59.44904,0
312524,519,-59.16795,0
312534,527,-58.04362,0
312544,519,-59.16795,0
312554,516,-59.58958,0
312564,526,-58.18417,0
312574,532,-57.34091,0
312584,524,-58.46524,0
312594,521,-58.88687,0
312604,518,-59.30849,0
312614,528,-57.90308,0
312624,530,-57.622,0
312634,521,-58.88687,0
312644,522,-58.74633,0
312654,520,-59.02741,0
312664,519,-59.16795,0
312674,520,-59.02741,0
312684,529,-57.76254,0
312694,528,-57.90308,0
312704,517,-59.44904,0
312714,521,-58.88687,0
312724,518,-59.30849,0
312734,515,-59.73012,0
312744,527,-58.04362,0
312754,523,-58.60579,0
312764,518,-59.30849,0
312774,522,-58.74633,0
312784,527,-58.04362,0
312794,515,-59.73012,0
312804,517,-59.44904,0
312814,519,-59.16795,0
312824,521,-58.88687,0
312834,519,-59.16795,0
312844,521,-58.88687,0
312854,516,-59.58958,0
312864,524,-58.46524,0
312874,525,-58.3247,0
312884,521,-58.88687,0
312894,526,-58.18417,0
312904,521,-58.88687,0
312914,518,-59.30849,0
312924,528,-57.90308,0
312934,521,-58.88687,0
312944,530,-57.622,0
312954,524,-58.46524,0
312964,522,-58.74633,0
312974,527,-58.04362,0
312984,522,-58.74633,0
312994,529,-57.76254,0
313004,525,-58.3247,0
313014,522,-58.74633,0
313024,523,-58.60579,0
313034,528,-57.90308,0
313044,522,-58.74633,0
313054,515,-59.73012,0
313064,533,-57.20037,0
313074,522,-58.74633,0
313084,529,-57.76254,0
313094,520,-59.02741,0
313104,520,-59.02741,0
313114,517,-59.44904,0
313124,533,-57.20037,0
313134,518,-59.30849,0
313144,531,-57.48146,0
313154,520,-59.02741,0
313164,531,-57.48146,0
313174,522,-58.74633,0
313184,519,-59.16795,0
313194,523,-58.60579,0
313204,522,-58.74633,0
313214,515,-59.73012,0
313224,522,-58.74633,0
313234,517,-59.44904,0
313244,531,-57.48146,0
313254,518,-59.30849,0
313264,522,-58.74633,0
313274,531,-57.48146,0
313284,515,-59.73012,0
313294,525,-58.3247,0
313304,527,-58.04362,0
313314,532,-57.34091,0
313324,527,-58.04362,0
313334,517,-59.44904,0
313344,520,-59.02741,0
313354,515,-59.73012,0
313364,525,-58.3247,0
313374,527,-58.04362,0
313384,520,-59.02741,0
313394,529,-57.76254,0
313404,524,-58.46524,0
313414,528,-57.90308,0
313424,526,-58.18417,0
313434,517,-59.44904,0
313444,522,-58.74633,0
313454,524,-58.46524,0
313464,525,-58.3247,0
313474,520,-59.02741,0
313484,516,-59.58958,0
313494,523,-58.60579,0
313504,526,-58.18417,0
313514,523,-58.60579,0
313524,523,-58.60579,0
313534,521,-58.88687,0
313544,516,-59.58958,0
313554,521,-58.88687,0
313564,525,-58.3247,0
313574,516,-59.58958,0
313584,523,-58.60579,0
313594,527,-58.04362,0
313604,515,-59.73012,0
313614,525,-58.3247,0
313624,530,-57.622,0
313634,523,-58.60579,0
313644,522,-58.74633,0
313654,518,-59.30849,0
313664,512,-60.15174,0
313674,518,-59.30849,0
313684,519,-59.16795,0
313694,520,-59.02741,0
313704,514,-59.87066,0
313714,519,-59.16795,0
313724,525,-58.3247,0
313734,522,-58.74633,0
313744,514,-59.87066,0
313754,521,-58.88687,0
313764,527,-58.04362,0
313774,521,-58.88687,0
313784,525,-58.3247,0
313794,521,-58.88687,0
313804,523,-58.60579,0
313814,513,-60.0112,0
313824,513,-60.0112,0
313834,516,-59.58958,0
313844,525,-58.3247,0
313854,524,-58.46524,0
313864,520,-59.02741,0
313874,519,-59.16795,0
313884,514,-59.87066,0
313894,525,-58.3247,0
313904,515,-59.73012,0
313914,511,-60.29228,0
313924,522,-58.74633,0
313934,521,-58.88687,0
313944,520,-59.02741,0
313954,519,-59.16795,0
313964,523,-58.60579,0
313974,512,-60.15174,0
313984,518,-59.30849,0
313994,528,-57.90308,0
314004,516,-59.58958,0
314014,525,-58.3247,0
314024,523,-58.60579,0
314034,522,-58.74633,0
314044,522,-58.74633,0
314054,510,-60.43283,0
314064,522,-58.74633,0
314074,514,-59.87066,0
314084,518,-59.30849,0
314094,525,-58.3247,0
314104,517,-59.44904,0
314114,521,-58.88687,0
314124,523,-58.60579,0
314134,519,-59.16795,0
314144,517,-59.44904,0
314154,526,-58.18417,0
314164,525,-58.3247,0
314174,530,-57.622,0
314184,528,-57.90308,0
314194,516,-59.58958,0
314204,518,-59.30849,0
314214,525,-58.3247,0
314224,522,-58.74633,0
314234,521,-58.88687,0
314244,519,-59.16795,0
314254,518,-59.30849,0
314264,525,-58.3247,0
314274,530,-57.622,0
314284,520,-59.02741,0
314294,516,-59.58958,0
314304,519,-59.16795,0
314314,510,-60.43283,0
314324,518,-59.30849,0
314334,526,-58.18417,0
314344,527,-58.04362,0
314354,524,-58.46524,0
314364,531,-57.48146,0
314374,523,-58.60579,0
314384,525,-58.3247,0
314394,517,-59.44904,0
314404,523,-58.60579,0
314414,521,-58.88687,0
314424,525,-58.3247,0
314434,527,-58.04362,0
314444,515,-59.73012,0
314454,531,-57.48146,0
314464,518,-59.30849,0
314474,519,-59.16795,0
314484,532,-57.34091,0
314494,527,-58.04362,0
314504,519,-59.16795,0
314514,516,-59.58958,0
314524,525,-58.3247,0
314534,532,-57.34091,0
314544,519,-59.16795,0
314554,523,-58.60579,0
314564,523,-58.60579,0
314574,528,-57.90308,0
314584,529,-57.76254,0
314594,524,-58.46524,0
314604,527,-58.04362,0
314614,522,-58.74633,0
314624,533,-57.20037,0
314634,518,-59.30849,0
314644,517,-59.44904,0
314654,518,-59.30849,0
314664,518,-59.30849,0
314674,514,-59.87066,0
314684,517,-59.44904,0
314694,529,-57.76254,0
314704,525,-58.3247,0
314714,524,-58.46524,0
314724,523,-58.60579,0
314734,519,-59.16795,0
314744,527,-58.04362,0
314754,522,-58.74633,0
314764,523,-58.60579,0
314774,531,-57.48146,0
314784,529,-57.76254,0
314794,525,-58.3247,0
314804,513,-60.0112,0
314814,517,-59.44904,0
314824,521,-58.88687,0
314834,515,-59.73012,0
314844,519,-59.16795,0
314854,524,-58.46524,0
314864,531,-57.48146,0
314874,532,-57.34091,0
314884,524,-58.46524,0
314894,521,-58.88687,0
314904,522,-58.74633,0
314914,523,-58.60579,0
314924,514,-59.87066,0
314934,523,-58.60579,0
314944,522,-58.74633,0
314954,525,-58.3247,0
314964,521,-58.88687,0
314974,521,-58.88687,0
314984,522,-58.74633,0
314994,526,-58.18417,0
315004,516,-59.58958,0
315014,529,-57.76254,0
315024,520,-59.02741,0
315034,530,-57.622,0
315044,523,-58.60579,0
315054,524,-58.46524,0
315064,522,-58.74633,0
315074,521,-58.88687,0
315084,521,-58.88687,0
315094,531,-57.48146,0
315104,529,-57.76254,0
315114,519,-59.16795,0
315124,520,-59.02741,0
315134,528,-57.90308,0
315144,527,-58.04362,0
315154,528,-57.90308,0
315164,520,-59.02741,0
315174,510,-60.43283,0
315184,519,-59.16795,0
315194,523,-58.60579,0
315204,524,-58.46524,0
315214,535,-56.91929,0
315224,528,-57.90308,0
315234,522,-58.74633,0
315244,528,-57.90308,0
315254,526,-58.18417,0
315264,528,-57.90308,0
315274,522,-58.74633,0
315284,523,-58.60579,0
315294,518,-59.30849,0
315304,528,-57.90308,0
315314,531,-57.48146,0
315324,519,-59.16795,0
315334,526,-58.18417,0
315344,521,-58.88687,0
315354,526,-58.18417,0
315364,527,-58.04362,0
315374,519,-59.16795,0
315384,529,-57.76254,0
315394,528,-57.90308,0
315404,522,-58.74633,0
315414,514,-59.87066,0
315424,524,-58.46524,0
315434,532,-57.34091,0
315444,529,-57.76254,0
315454,525,-58.3247,0
315464,521,-58.88687,0
315474,521,-58.88687,0
315484,525,-58.3247,0
315494,514,-59.87066,0
315504,518,-59.30849,0
315514,520,-59.02741,0
315524,517,-59.44904,0
315534,523,-58.60579,0
315544,521,-58.88687,0
315554,526,-58.18417,0
315564,523,-58.60579,0
315574,521,-58.88687,0
315584,516,-59.58958,0
315594,518,-59.30849,0
315604,534,-57.05983,0
315614,528,-57.90308,0
315624,522,-58.74633,0
315634,526,-58.18417,0
315644,528,-57.90308,0
315654,522,-58.74633,0
315664,519,-59.16795,0
315674,525,-58.3247,0
315684,521,-58.88687,0
315694,529,-57.76254,0
315704,528,-57.90308,0
315714,529,-57.76254,0
315724,523,-58.60579,0
315734,525,-58.3247,0
315744,521,-58.88687,0
315754,522,-58.74633,0
315764,523,-58.60579,0
315774,520,-59.02741,0
315784,524,-58.46524,0
315794,514,-59.87066,0
315804,524,-58.46524,0
315814,520,-59.02741,0
315824,529,-57.76254,0
315834,522,-58.74633,0
315844,524,-58.46524,0
315854,522,-58.74633,0
315864,526,-58.18417,0
315874,529,-57.76254,0
315884,517,-59.44904,0
315894,515,-59.73012,0
315904,525,-58.3247,0
315914,517,-59.44904,0
315924,520,-59.02741,0
315934,523,-58.60579,0
315944,529,-57.76254,0
315954,522,-58.74633,0
315964,526,-58.18417,0
315974,526,-58.18417,0
315984,524,-58.46524,0
315994,527,-58.04362,0
316004,520,-59.02741,0
316014,517,-59.44904,0
316024,524,-58.46524,0
316034,525,-58.3247,0
316044,519,-59.16795,0
316054,523,-58.60579,0
316064,520,-59.02741,0
316074,525,-58.3247,0
316084,523,-58.60579,0
316094,524,-58.46524,0
316104,526,-58.18417,0
316114,516,-59.58958,0
316124,526,-58.18417,0
316134,530,-57.622,0
316144,533,-57.20037,0
316154,522,-58.74633,0
316164,523,-58.60579,0
316174,518,-59.30849,0
316184,520,-59.02741,0
316194,520,-59.02741,0
316204,529,-57.76254,0
316214,520,-59.02741,0
316224,520,-59.02741,0
316234,518,-59.30849,0
316244,530,-57.622,0
316254,525,-58.3247,0
316264,520,-59.02741,0
316274,526,-58.18417,0
316284,522,-58.74633,0
316294,524,-58.46524,0
316304,524,-58.46524,0
316314,524,-58.46524,0
316324,528,-57.90308,0
316334,522,-58.74633,0
316344,519,-59.16795,0
316354,523,-58.60579,0
316364,518,-59.30849,0
316374,523,-58.60579,0
316384,521,-58.88687,0
316394,536,-56.77875,0
316404,514,-59.87066,0
316414,528,-57.90308,0
316424,529,-57.76254,0
316434,526,-58.18417,0
316444,525,-58.3247,0
316454,521,-58.88687,0
316464,526,-58.18417,0
316474,528,-57.90308,0
316484,533,-57.20037,0
316494,526,-58.18417,0
316504,522,-58.74633,0
316514,521,-58.88687,0
316524,521,-58.88687,0
316534,523,-58.60579,0
316544,526,-58.18417,0
316554,522,-58.74633,0
316564,519,-59.16795,0
316574,525,-58.3247,0
316584,525,-58.3247,0
316594,524,-58.46524,0
316604,520,-59.02741,0
316614,526,-58.18417,0
316624,517,-59.44904,0
316634,514,-59.87066,0
316644,531,-57.48146,0
316654,522,-58.74633,0
316664,524,-58.46524,0
316674,526,-58.18417,0
316684,525,-58.3247,0
316694,527,-58.04362,0
316704,520,-59.02741,0
316714,519,-59.16795,0
316724,524,-58.46524,0
316734,527,-58.04362,0
316744,529,-57.76254,0
316754,522,-58.74633,0
316764,526,-58.18417,0
316774,523,-58.60579,0
316784,521,-58.88687,0
316794,530,-57.622,0
316804,527,-58.04362,0
316814,523,-58.60579,0
316824,514,-59.87066,0
316834,532,-57.34091,0
316844,523,-58.60579,0
316854,529,-57.76254,0
316864,518,-59.30849,0
316874,522,-58.74633,0
316884,522,-58.74633,0
316894,515,-59.73012,0
316904,519,-59.16795,0
316914,516,-59.58958,0
316924,527,-58.04362,0
316934,519,-59.16795,0
316944,515,-59.73012,0
316954,522,-58.74633,0
316964,524,-58.46524,0
316974,525,-58.3247,0
316984,522,-58.74633,0
316994,516,-59.58958,0
317004,517,-59.44904,0
317014,532,-57.34091,0
317024,518,-59.30849,0
317034,525,-58.3247,0
317044,527,-58.04362,0
317054,527,-58.04362,0
317064,524,-58.46524,0
317074,529,-57.76254,0
317084,532,-57.34091,0
317094,511,-60.29228,0
317104,523,-58.60579,0
317114,529,-57.76254,0
317124,527,-58.04362,0
317134,520,-59.02741,0
317144,526,-58.18417,0
317154,520,-59.02741,0
317164,514,-59.87066,0
317174,515,-59.73012,0
317184,530,-57.622,0
317194,524,-58.46524,0
317204,527,-58.04362,0
317214,529,-57.76254,0
317224,521,-58.88687,0
317234,509,-60.57336,0
317244,530,-57.622,0
317254,519,-59.16795,0
317264,517,-59.44904,0
317274,525,-58.3247,0
317284,523,-58.60579,0
317294,521,-58.88687,0
317304,524,-58.46524,0
317314,535,-56.91929,0
317324,533,-57.20037,0
317334,520,-59.02741,0
317344,518,-59.30849,0
317354,517,-59.44904,0
317364,521,-58.88687,0
317374,529,-57.76254,0
317384,524,-58.46524,0
317394,531,-57.48146,0
317404,522,-58.74633,0
317414,524,-58.46524,0
317424,526,-58.18417,0
317434,518,-59.30849,0
317444,518,-59.30849,0
317454,518,-59.30849,0
317464,526,-58.18417,0
317474,521,-58.88687,0
317484,523,-58.60579,0
317494,531,-57.48146,0
317504,521,-58.88687,0
317514,525,-58.3247,0
317524,526,-58.18417,0
317534,519,-59.16795,0
317544,516,-59.58958,0
317554,515,-59.73012,0
317564,528,-57.90308,0
317574,523,-58.60579,0
317584,519,-59.16795,0
317594,522,-58.74633,0
317604,522,-58.74633,0
317614,525,-58.3247,0
317624,527,-58.04362,0
317634,517,-59.44904,0
317644,528,-57.90308,0
317654,518,-59.30849,0
317664,522,-58.74633,0
317674,528,-57.90308,0
317684,518,-59.30849,0
317694,517,-59.44904,0
317704,520,-59.02741,0
317714,526,-58.18417,0
317724,521,-58.88687,0
317734,522,-58.74633,0
317744,527,-58.04362,0
317754,528,-57.90308,0
317764,528,-57.90308,0
317774,530,-57.622,0
317784,532,-57.34091,0
317794,515,-59.73012,0
317804,521,-58.88687,0
317814,529,-57.76254,0
317824,524,-58.46524,0
317834,525,-58.3247,0
317844,520,-59.02741,0
317854,532,-57.34091,0
317864,521,-58.88687,0
317874,520,-59.02741,0
317884,523,-58.60579,0
317894,518,-59.30849,0
317904,520,-59.02741,0
317914,523,-58.60579,0
317924,513,-60.0112,0
317934,517,-59.44904,0
317944,511,-60.29228,0
317954,526,-58.18417,0
317964,523,-58.60579,0
317974,517,-59.44904,0
317984,524,-58.46524,0
317994,525,-58.3247,0
318004,518,-59.30849,0
318014,528,-57.90308,0
318024,518,-59.30849,0
318034,523,-58.60579,0
318044,524,-58.46524,0
318054,523,-58.60579,0
318064,526,-58.18417,0
318074,518,-59.30849,0
318084,520,-59.02741,0
318094,523,-58.60579,0
318104,524,-58.46524,0
318114,519,-59.16795,0
318124,527,-58.04362,0
318134,518,-59.30849,0
318144,521,-58.88687,0
318154,525,-58.3247,0
318164,524,-58.46524,0
318174,527,-58.04362,0
318184,527,-58.04362,0
318194,521,-58.88687,0
318204,523,-58.60579,0
318214,523,-58.60579,0
318224,521,-58.88687,0
318234,524,-58.46524,0
318244,522,-58.74633,0
318254,526,-58.18417,0
318264,526,-58.18417,0
318274,524,-58.46524,0
318284,515,-59.73012,0
318294,523,-58.60579,0
318304,522,-58.74633,0
318314,514,-59.87066,0
318324,527,-58.04362,0
318334,530,-57.622,0
318344,523,-58.60579,0
318354,517,-59.44904,0
318364,520,-59.02741,0
318374,517,-59.44904,0
318384,525,-58.3247,0
318394,525,-58.3247,0
318404,522,-58.74633,0
318414,527,-58.04362,0
318424,534,-57.05983,0
318434,520,-59.02741,0
318444,526,-58.18417,0
318454,519,-59.16795,0
318464,524,-58.46524,0
318474,517,-59.44904,0
318484,521,-58.88687,0
318494,531,-57.48146,0
318504,532,-57.34091,0
318514,516,-59.58958,0
318524,527,-58.04362,0
318534,525,-58.3247,0
318544,525,-58.3247,0
318554,528,-57.90308,0
318564,532,-57.34091,0
318574,527,-58.04362,0
318584,529,-57.76254,0
318594,515,-59.73012,0
318604,520,-59.02741,0
318614,524,-58.46524,0
318624,528,-57.90308,0
318634,530,-57.622,0
318644,532,-57.34091,0
318654,529,-57.76254,0
318664,521,-58.88687,0
318674,524,-58.46524,0
318684,527,-58.04362,0
318694,521,-58.88687,0
318704,526,-58.18417,0
318714,527,-58.04362,0
318724,509,-60.57336,0
318734,522,-58.74633,0
318744,519,-59.16795,0
318754,528,-57.90308,0
318764,525,-58.3247,0
318774,521,-58.88687,0
318784,525,-58.3247,0
318794,528,-57.90308,0
318804,521,-58.88687,0
318814,525,-58.3247,0
318824,531,-57.48146,0
318834,526,-58.18417,0
318844,513,-60.0112,0
318854,525,-58.3247,0
318864,518,-59.30849,0
318874,525,-58.3247,0
318884,524,-58.46524,0
318894,521,-58.88687,0
318904,515,-59.73012,0
318914,521,-58.88687,0
318924,523,-58.60579,0
318934,518,-59.30849,0
318944,524,-58.46524,0
318954,520,-59.02741,0
318964,519,-59.16795,0
318974,522,-58.74633,0
318984,525,-58.3247,0
318994,521,-58.88687,0
319004,525,-58.3247,0
319014,527,-58.04362,0
319024,522,-58.74633,0
319034,525,-58.3247,0
319044,523,-58.60579,0
319054,531,-57.48146,0
319064,514,-59.87066,0
319074,527,-58.04362,0
319084,516,-59.58958,0
319094,524,-58.46524,0
319104,516,-59.58958,0
319114,516,-59.58958,0
319124,521,-58.88687,0
319134,515,-59.73012,0
319144,521,-58.88687,0
319154,523,-58.60579,0
319164,524,-58.46524,0
319174,517,-59.44904,0
319184,524,-58.46524,0
319194,519,-59.16795,0
319204,517,-59.44904,0
319214,529,-57.76254,0
319224,520,-59.02741,0
319234,527,-58.04362,0
319244,523,-58.60579,0
319254,529,-57.76254,0
319264,525,-58.3247,0
319274,522,-58.74633,0
319284,532,-57.34091,0
319294,516,-59.58958,0
319304,530,-57.622,0
319314,529,-57.76254,0
319324,525,-58.3247,0
319334,520,-59.02741,0
319344,516,-59.58958,0
319354,529,-57.76254,0
319364,521,-58.88687,0
319374,522,-58.74633,0
319384,519,-59.16795,0
319394,522,-58.74633,0
319404,527,-58.04362,0
319414,526,-58.18417,0
319424,523,-58.60579,0
319434,528,-57.90308,0
319444,528,-57.90308,0
319454,517,-59.44904,0
319464,522,-58.74633,0
319474,531,-57.48146,0
319484,520,-59.02741,0
319494,526,-58.18417,0
319504,510,-60.43283,0
319514,525,-58.3247,0
319524,526,-58.18417,0
319534,533,-57.20037,0
319544,508,-60.71391,0
319554,514,-59.87066,0
319564,526,-58.18417,0
319574,525,-58.3247,0
319584,518,-59.30849,0
319594,518,-59.30849,0
319604,519,-59.16795,0
319614,524,-58.46524,0
319624,510,-60.43283,0
319634,518,-59.30849,0
319644,526,-58.18417,0
319654,529,-57.76254,0
319664,524,-58.46524,0
319674,519,-59.16795,0
319684,522,-58.74633,0
319694,522,-58.74633,0
319704,524,-58.46524,0
319714,524,-58.46524,0
319724,522,-58.74633,0
319734,523,-58.60579,0
319744,525,-58.3247,0
319754,521,-58.88687,0
319764,522,-58.74633,0
319774,517,-59.44904,0
319784,520,-59.02741,0
319794,530,-57.622,0
319804,523,-58.60579,0
319814,519,-59.16795,0
319824,524,-58.46524,0
319834,522,-58.74633,0
319844,521,-58.88687,0
319854,524,-58.46524,0
319864,520,-59.02741,0
319874,523,-58.60579,0
319884,523,-58.60579,0
319894,517,-59.44904,0
319904,525,-58.3247,0
319914,522,-58.74633,0
319924,512,-60.15174,0
319934,525,-58.3247,0
319944,514,-59.87066,0
319954,527,-58.04362,0
319964,526,-58.18417,0
319974,518,-59.30849,0
319984,528,-57.90308,0
319994,522,-58.74633,0
320004,529,-57.76254,0
320014,522,-58.74633,0
320024,524,-58.46524,0
320034,521,-58.88687,0
320044,522,-58.74633,0
320054,528,-57.90308,0
320064,518,-59.30849,0
320074,523,-58.60579,0
320084,522,-58.74633,0
320094,518,-59.30849,0
320104,533,-57.20037,0
320114,527,-58.04362,0
320124,514,-59.87066,0
320134,520,-59.02741,0
320144,523,-58.60579,0
320154,522,-58.74633,0
320164,524,-58.46524,0
320174,519,-59.16795,0
320184,517,-59.44904,0
320194,509,-60.57336,0
320204,519,-59.16795,0
320214,522,-58.74633,0
320224,519,-59.16795,0
320234,531,-57.48146,0
320244,530,-57.622,0
320254,521,-58.88687,0
320264,526,-58.18417,0
320274,517,-59.44904,0
320284,527,-58.04362,0
320294,522,-58.74633,0
320304,522,-58.74633,0
320314,519,-59.16795,0
320324,520,-59.02741,0
320334,528,-57.90308,0
320344,519,-59.16795,0
320354,518,-59.30849,0
320364,521,-58.88687,0
320374,520,-59.02741,0
320384,525,-58.3247,0
320394,528,-57.90308,0
320404,517,-59.44904,0
320414,515,-59.73012,0
320424,523,-58.60579,0
320434,518,-59.30849,0
320444,525,-58.3247,0
320454,515,-59.73012,0
320464,529,-57.76254,0
320474,514,-59.87066,0
320484,525,-58.3247,0
320494,527,-58.04362,0
320504,518,-59.30849,0
320514,508,-60.71391,0
320524,516,-59.58958,0
320534,518,-59.30849,0
320544,521,-58.88687,0
320554,520,-59.02741,0
320564,519,-59.16795,0
320574,522,-58.74633,0
320584,525,-58.3247,0
320594,522,-58.74633,0
320604,533,-57.20037,0
320614,521,-58.88687,0
320624,525,-58.3247,0
320634,523,-58.60579,0
320644,525,-58.3247,0
320654,521,-58.88687,0
320664,526,-58.18417,0
320674,519,-59.16795,0
320684,525,-58.3247,0
320694,516,-59.58958,0
320704,523,-58.60579,0
320714,518,-59.30849,0
320724,518,-59.30849,0
320734,519,-59.16795,0
320744,534,-57.05983,0
320754,517,-59.44904,0
320764,530,-57.622,0
320774,527,-58.04362,0
320784,527,-58.04362,0
320794,520,-59.02741,0
320804,522,-58.74633,0
320814,522,-58.74633,0
320824,525,-58.3247,0
320834,526,-58.18417,0
320844,521,-58.88687,0
320854,525,-58.3247,0
320864,525,-58.3247,0
320874,528,-57.90308,0
320884,526,-58.18417,0
320894,520,-59.02741,0
320904,522,-58.74633,0
320914,521,-58.88687,0
320924,514,-59.87066,0
320934,514,-59.87066,0
320944,519,-59.16795,0
320954,529,-57.76254,0
320964,519,-59.16795,0
320974,526,-58.18417,0
320984,519,-59.16795,0
320994,522,-58.74633,0
321004,520,-59.02741,0
321014,521,-58.88687,0
321024,520,-59.02741,0
321034,520,-59.02741,0
321044,511,-60.29228,0
321054,520,-59.02741,0
321064,531,-57.48146,0
321074,521,-58.88687,0
321084,529,-57.76254,0
321094,523,-58.60579,0
321104,532,-57.34091,0
321114,522,-58.74633,0
321124,525,-58.3247,0
321134,529,-57.76254,0
321144,525,-58.3247,0
321154,522,-58.74633,0
321164,519,-59.16795,0
321174,527,-58.04362,0
321184,525,-58.3247,0
321194,530,-57.622,0
321204,525,-58.3247,0
321214,519,-59.16795,0
321224,520,-59.02741,0
321234,523,-58.60579,0
321244,525,-58.3247,0
321254,524,-58.46524,0
321264,527,-58.04362,0
321274,518,-59.30849,0
321284,521,-58.88687,0
321294,525,-58.3247,0
321304,520,-59.02741,0
321314,523,-58.60579,0
321324,528,-57.90308,0
321334,531,-57.48146,0
321344,520,-59.02741,0
321354,527,-58.04362,0
321364,532,-57.34091,0
321374,518,-59.30849,0
321384,519,-59.16795,0
321394,520,-59.02741,0
321404,522,-58.74633,0
321414,523,-58.60579,0
321424,534,-57.05983,0
321434,519,-59.16795,0
321444,523,-58.60579,0
321454,531,-57.48146,0
321464,532,-57.34091,0
321474,527,-58.04362,0
321484,521,-58.88687,0
321494,525,-58.3247,0
321504,528,-57.90308,0
321514,516,-59.58958,0
321524,517,-59.44904,0
321534,520,-59.02741,0
321544,522,-58.74633,0
321554,523,-58.60579,0
321564,525,-58.3247,0
321574,527,-58.04362,0
321584,527,-58.04362,0
321594,522,-58.74633,0
321604,525,-58.3247,0
321614,518,-59.30849,0
321624,533,-57.20037,0
321634,529,-57.76254,0
321644,526,-58.18417,0
321654,521,-58.88687,0
321664,521,-58.88687,0
321674,526,-58.18417,0
321684,523,-58.60579,0
321694,518,-59.30849,0
321704,528,-57.90308,0
321714,518,-59.30849,0
321724,514,-59.87066,0
321734,519,-59.16795,0
321744,515,-59.73012,0
321754,517,-59.44904,0
321764,525,-58.3247,0
321774,521,-58.88687,0
321784,530,-57.622,0
321794,523,-58.60579,0
321804,526,-58.18417,0
321814,529,-57.76254,0
321824,524,-58.46524,0
321834,528,-57.90308,0
321844,516,-59.58958,0
321854,531,-57.48146,0
321864,527,-58.04362,0
321874,522,-58.74633,0
321884,524,-58.46524,0
321894,523,-58.60579,0
321904,517,-59.44904,0
321914,517,-59.44904,0
321924,527,-58.04362,0
321934,518,-59.30849,0
321944,520,-59.02741,0
321954,524,-58.46524,0
321964,530,-57.622,0
321974,528,-57.90308,0
321984,518,-59.30849,0
321994,519,-59.16795,0
322004,529,-57.76254,0
322014,529,-57.76254,0
322024,522,-58.74633,0
322034,523,-58.60579,0
322044,518,-59.30849,0
322054,523,-58.60579,0
322064,525,-58.3247,0
322074,525,-58.3247,0
322084,526,-58.18417,0
322094,521,-58.88687,0
322104,531,-57.48146,0
322114,517,-59.44904,0
322124,525,-58.3247,0
322134,511,-60.29228,0
322144,517,-59.44904,0
322154,519,-59.16795,0
322164,521,-58.88687,0
322174,526,-58.18417,0
322184,514,-59.87066,0
322194,527,-58.04362,0
322204,523,-58.60579,0
322214,530,-57.622,0
322224,521,-58.88687,0
322234,523,-58.60579,0
322244,520,-59.02741,0
322254,522,-58.74633,0
322264,529,-57.76254,0
322274,527,-58.04362,0
322284,521,-58.88687,0
322294,524,-58.46524,0
322304,525,-58.3247,0
322314,514,-59.87066,0
322324,526,-58.18417,0
322334,531,-57.48146,0
322344,526,-58.18417,0
322354,517,-59.44904,0
322364,529,-57.76254,0
322374,527,-58.04362,0
322384,522,-58.74633,0
322394,525,-58.3247,0
322404,530,-57.622,0
322414,523,-58.60579,0
322424,527,-58.04362,0
322434,524,-58.46524,0
322444,532,-57.34091,0
322454,524,-58.46524,0
322464,520,-59.02741,0
322474,524,-58.46524,0
322484,523,-58.60579,0
322494,516,-59.58958,0
322504,520,-59.02741,0
322514,524,-58.46524,0
322524,529,-57.76254,0
322534,528,-57.90308,0
322544,523,-58.60579,0
322554,535,-56.91929,0
322564,521,-58.88687,0
322574,521,-58.88687,0
322584,524,-58.46524,0
322594,526,-58.18417,0
322604,531,-57.48146,0
322614,520,-59.02741,0
322624,521,-58.88687,0
322634,519,-59.16795,0
322644,535,-56.91929,0
322654,525,-58.3247,0
322664,522,-58.74633,0
322674,526,-58.18417,0
322684,527,-58.04362,0
322694,517,-59.44904,0
322704,528,-57.90308,0
322714,514,-59.87066,0
322724,520,-59.02741,0
322734,522,-58.74633,0
322744,521,-58.88687,0
322754,525,-58.3247,0
322764,526,-58.18417,0
322774,524,-58.46524,0
322784,520,-59.02741,0
322794,524,-58.46524,0
322804,519,-59.16795,0
322814,531,-57.48146,0
322824,523,-58.60579,0
322834,523,-58.60579,0
322844,514,-59.87066,0
322854,526,-58.18417,0
322864,518,-59.30849,0
322874,528,-57.90308,0
322884,520,-59.02741,0
322894,534,-57.05983,0
322904,520,-59.02741,0
322914,523,-58.60579,0
322924,529,-57.76254,0
322934,525,-58.3247,0
322944,526,-58.18417,0
322954,518,-59.30849,0
322964,524,-58.46524,0
322974,526,-58.18417,0
322984,522,-58.74633,0
322994,521,-58.88687,0
323004,518,-59.30849,0
323014,520,-59.02741,0
323024,525,-58.3247,0
323034,534,-57.05983,0
323044,513,-60.0112,0
323054,533,-57.20037,0
323064,518,-59.30849,0
323074,524,-58.46524,0
323084,516,-59.58958,0
323094,519,-59.16795,0
323104,519,-59.16795,0
323114,521,-58.88687,0
323124,522,-58.74633,0
323134,525,-58.3247,0
323144,519,-59.16795,0
323154,522,-58.74633,0
323164,529,-57.76254,0
323174,517,-59.44904,0
323184,523,-58.60579,0
323194,516,-59.58958,0
323204,521,-58.88687,0
323214,515,-59.73012,0
323224,519,-59.16795,0
323234,523,-58.60579,0
323244,526,-58.18417,0
323254,526,-58.18417,0
323264,516,-59.58958,0
323274,526,-58.18417,0
323284,521,-58.88687,0
323294,523,-58.60579,0
323304,525,-58.3247,0
323314,525,-58.3247,0
323324,527,-58.04362,0
323334,523,-58.60579,0
323344,519,-59.16795,0
323354,525,-58.3247,0
323364,522,-58.74633,0
323374,518,-59.30849,0
323384,511,-60.29228,0
323394,521,-58.88687,0
323404,527,-58.04362,0
323414,524,-58.46524,0
323424,524,-58.46524,0
323434,521,-58.88687,0
323444,530,-57.622,0
323454,523,-58.60579,0
323464,526,-58.18417,0
323474,518,-59.30849,0
323484,515,-59.73012,0
323494,518,-59.30849,0
323504,520,-59.02741,0
323514,525,-58.3247,0
323524,522,-58.74633,0
323534,526,-58.18417,0
323544,523,-58.60579,0
323554,527,-58.04362,0
323564,529,-57.76254,0
323574,518,-59.30849,0
323584,522,-58.74633,0
323594,521,-58.88687,0
323604,519,-59.16795,0
323614,518,-59.30849,0
323624,520,-59.02741,0
323634,523,-58.60579,0
323644,524,-58.46524,0
323654,529,-57.76254,0
323664,520,-59.02741,0
323674,522,-58.74633,0
323684,517,-59.44904,0
323694,521,-58.88687,0
323704,526,-58.18417,0
323714,518,-59.30849,0
323724,519,-59.16795,0
323734,519,-59.16795,0
323744,527,-58.04362,0
323754,530,-57.622,0
323764,524,-58.46524,0
323774,524,-58.46524,0
323784,528,-57.90308,0
323794,515,-59.73012,0
323804,525,-58.3247,0
323814,520,-59.02741,0
323824,520,-59.02741,0
323834,520,-59.02741,0
323844,517,-59.44904,0
323854,522,-58.74633,0
323864,520,-59.02741,0
323874,532,-57.34091,0
323884,524,-58.46524,0
323894,519,-59.16795,0
323904,519,-59.16795,0
323914,523,-58.60579,0
323924,525,-58.3247,0
323934,523,-58.60579,0
323944,518,-59.30849,0
323954,518,-59.30849,0
323964,521,-58.88687,0
323974,525,-58.3247,0
323984,519,-59.16795,0
323994,532,-57.34091,0
324004,518,-59.30849,0
324014,535,-56.91929,0
324024,525,-58.3247,0
324034,527,-58.04362,0
324044,519,-59.16795,0
324054,517,-59.44904,0
324064,520,-59.02741,0
324074,521,-58.88687,0
324084,522,-58.74633,0
324094,520,-59.02741,0
324104,519,-59.16795,0
324114,523,-58.60579,0
324124,520,-59.02741,0
324134,523,-58.60579,0
324144,520,-59.02741,0
324154,527,-58.04362,0
324164,519,-59.16795,0
324174,527,-58.04362,0
324184,523,-58.60579,0
324194,527,-58.04362,0
324204,517,-59.44904,0
324214,523,-58.60579,0
324224,515,-59.73012,0
324234,524,-58.46524,0
324244,517,-59.44904,0
324254,520,-59.02741,0
324264,527,-58.04362,0
324274,523,-58.60579,0
324284,529,-57.76254,0
324294,526,-58.18417,0
324304,526,-58.18417,0
324314,526,-58.18417,0
324324,518,-59.30849,0
324334,517,-59.44904,0
324344,521,-58.88687,0
324354,513,-60.0112,0
324364,518,-59.30849,0
324374,530,-57.622,0
324384,527,-58.04362,0
324394,532,-57.34091,0
324404,529,-57.76254,0
324414,531,-57.48146,0
324424,521,-58.88687,0
324434,527,-58.04362,0
324444,516,-59.58958,0
324454,519,-59.16795,0
324464,520,-59.02741,0
324474,521,-58.88687,0
324484,527,-58.04362,0
324494,525,-58.3247,0
324504,520,-59.02741,0
324514,521,-58.88687,0
324524,522,-58.74633,0
324534,521,-58.88687,0
324544,529,-57.76254,0
324554,524,-58.46524,0
324564,517,-59.44904,0
324574,525,-58.3247,0
324584,521,-58.88687,0
324594,526,-58.18417,0
324604,531,-57.48146,0
324614,518,-59.30849,0
324624,526,-58.18417,0
324634,524,-58.46524,0
324644,530,-57.622,0
324654,513,-60.0112,0
324664,521,-58.88687,0
324674,530,-57.622,0
324684,521,-58.88687,0
324694,523,-58.60579,0
324704,519,-59.16795,0
324714,527,-58.04362,0
324724,518,-59.30849,0
324734,527,-58.04362,0
324744,525,-58.3247,0
324754,520,-59.02741,0
324764,523,-58.60579,0
324774,524,-58.46524,0
324784,518,-59.30849,0
324794,526,-58.18417,0
324804,519,-59.16795,0
324814,527,-58.04362,0
324824,517,-59.44904,0
324834,527,-58.04362,0
324844,523,-58.60579,0
324854,523,-58.60579,0
324864,516,-59.58958,0
324874,532,-57.34091,0
324884,529,-57.76254,0
324894,530,-57.622,0
324904,514,-59.87066,0
324914,526,-58.18417,0
324924,517,-59.44904,0
324934,517,-59.44904,0
324944,520,-59.02741,0
324954,522,-58.74633,0
324964,524,-58.46524,0
324974,523,-58.60579,0
324984,524,-58.46524,0
324994,527,-58.04362,0
325004,528,-57.90308,0
325014,523,-58.60579,0
325024,529,-57.76254,0
325034,519,-59.16795,0
325044,518,-59.30849,0
325054,521,-58.88687,0
325064,516,-59.58958,0
325074,523,-58.60579,0
325084,520,-59.02741,0
325094,518,-59.30849,0
325104,526,-58.18417,0
325114,519,-59.16795,0
325124,526,-58.18417,0
325134,521,-58.88687,0
325144,532,-57.34091,0
325154,524,-58.46524,0
325164,528,-57.90308,0
325174,515,-59.73012,0
325184,526,-58.18417,0
325194,522,-58.74633,0
325204,522,-58.74633,0
325214,525,-58.3247,0
325224,520,-59.02741,0
325234,534,-57.05983,0
325244,526,-58.18417,0
325254,524,-58.46524,0
325264,526,-58.18417,0
325274,526,-58.18417,0
325284,531,-57.48146,0
325294,523,-58.60579,0
325304,526,-58.18417,0
325314,523,-58.60579,0
325324,519,-59.16795,0
325334,529,-57.76254,0
325344,523,-58.60579,0
325354,522,-58.74633,0
325364,522,-58.74633,0
325374,519,-59.16795,0
325384,524,-58.46524,0
325394,523,-58.60579,0
325404,520,-59.02741,0
325414,522,-58.74633,0
325424,528,-57.90308,0
325434,522,-58.74633,0
325444,525,-58.3247,0
325454,532,-57.34091,0
325464,522,-58.74633,0
325474,521,-58.88687,0
325484,519,-59.16795,0
325494,522,-58.74633,0
325504,531,-57.48146,0
325514,526,-58.18417,0
325524,523,-58.60579,0
325534,530,-57.622,0
325544,521,-58.88687,0
325554,519,-59.16795,0
325564,523,-58.60579,0
325574,524,-58.46524,0
325584,528,-57.90308,0
325594,525,-58.3247,0
325604,521,-58.88687,0
325614,522,-58.74633,0
325624,526,-58.18417,0
325634,522,-58.74633,0
325644,518,-59.30849,0
325654,533,-57.20037,0
325664,524,-58.46524,0
325674,508,-60.71391,0
325684,520,-59.02741,0
325694,527,-58.04362,0
325704,522,-58.74633,0
325714,529,-57.76254,0
325724,518,-59.30849,0
325734,531,-57.48146,0
325744,521,-58.88687,0
325754,525,-58.3247,0
325764,526,-58.18417,0
325774,528,-57.90308,0
325784,524,-58.46524,0
325794,518,-59.30849,0
325804,520,-59.02741,0
325814,529,-57.76254,0
325824,529,-57.76254,0
325834,532,-57.34091,0
325844,519,-59.16795,0
325854,526,-58.18417,0
325864,525,-58.3247,0
325874,525,-58.3247,0
325884,525,-58.3247,0
325894,529,-57.76254,0
325904,520,-59.02741,0
325914,518,-59.30849,0
325924,524,-58.46524,0
325934,524,-58.46524,0
325944,519,-59.16795,0
325954,525,-58.3247,0
325964,514,-59.87066,0
325974,526,-58.18417,0
325984,526,-58.18417,0
325994,523,-58.60579,0
326004,528,-57.90308,0
326014,516,-59.58958,0
326024,523,-58.60579,0
326034,521,-58.88687,0
326044,527,-58.04362,0
326054,530,-57.622,0
326064,518,-59.30849,0
326074,532,-57.34091,0
326084,530,-57.622,0
326094,519,-59.16795,0
326104,524,-58.46524,0
326114,516,-59.58958,0
326124,523,-58.60579,0
326134,522,-58.74633,0
326144,526,-58.18417,0
326154,520,-59.02741,0
326164,517,-59.44904,0
326174,530,-57.622,0
326184,528,-57.90308,0
326194,536,-56.77875,0
326204,518,-59.30849,0
326214,533,-57.20037,0
326224,527,-58.04362,0
326234,524,-58.46524,0
326244,520,-59.02741,0
326254,527,-58.04362,0
326264,513,-60.0112,0
326274,521,-58.88687,0
326284,536,-56.77875,0
326294,520,-59.02741,0
326304,531,-57.48146,0
326314,521,-58.88687,0
326324,524,-58.46524,0
326334,526,-58.18417,0
326344,525,-58.3247,0
326354,530,-57.622,0
326364,525,-58.3247,0
326374,528,-57.90308,0
326384,526,-58.18417,0
326394,523,-58.60579,0
326404,519,-59.16795,0
326414,520,-59.02741,0
326424,527,-58.04362,0
326434,530,-57.622,0
326444,525,-58.3247,0
326454,523,-58.60579,0
326464,528,-57.90308,0
326474,525,-58.3247,0
326484,526,-58.18417,0
326494,519,-59.16795,0
326504,520,-59.02741,0
326514,531,-57.48146,0
326524,519,-59.16795,0
326534,517,-59.44904,0
326544,527,-58.04362,0
326554,524,-58.46524,0
326564,525,-58.3247,0
326574,524,-58.46524,0
326584,530,-57.622,0
326594,523,-58.60579,0
326604,529,-57.76254,0
326614,522,-58.74633,0
326624,530,-57.622,0
326634,531,-57.48146,0
326644,526,-58.18417,0
326654,523,-58.60579,0
326664,522,-58.74633,0
326674,523,-58.60579,0
326684,524,-58.46524,0
326694,522,-58.74633,0
326704,531,-57.48146,0
326714,529,-57.76254,0
326724,523,-58.60579,0
326734,527,-58.04362,0
326744,513,-60.0112,0
326754,520,-59.02741,0
326764,522,-58.74633,0
326774,525,-58.3247,0
326784,515,-59.73012,0
326794,524,-58.46524,0
326804,526,-58.18417,0
326814,529,-57.76254,0
326824,527,-58.04362,0
326834,518,-59.30849,0
326844,518,-59.30849,0
326854,524,-58.46524,0
326864,528,-57.90308,0
326874,526,-58.18417,0
326884,528,-57.90308,0
326894,521,-58.88687,0
326904,513,-60.0112,0
326914,529,-57.76254,0
326924,518,-59.30849,0
326934,513,-60.0112,0
326944,523,-58.60579,0
326954,520,-59.02741,0
326964,518,-59.30849,0
326974,523,-58.60579,0
326984,524,-58.46524,0
326994,524,-58.46524,0
327004,518,-59.30849,0
327014,521,-58.88687,0
327024,517,-59.44904,0
327034,523,-58.60579,0
327044,518,-59.30849,0
327054,524,-58.46524,0
327064,530,-57.622,0
327074,525,-58.3247,0
327084,522,-58.74633,0
327094,522,-58.74633,0
327104,527,-58.04362,0
327114,527,-58.04362,0
327124,519,-59.16795,0
327134,517,-59.44904,0
327144,519,-59.16795,0
327154,517,-59.44904,0
327164,526,-58.18417,0
327174,519,-59.16795,0
327184,519,-59.16795,0
327194,528,-57.90308,0
327204,514,-59.87066,0
327214,511,-60.29228,0
327224,512,-60.15174,0
327234,521,-58.88687,0
327244,521,-58.88687,0
327254,512,-60.15174,0
327264,524,-58.46524,0
327274,517,-59.44904,0
327284,520,-59.02741,0
327294,516,-59.58958,0
327304,519,-59.16795,0
327314,517,-59.44904,0
327324,520,-59.02741,0
327334,520,-59.02741,0
327344,518,-59.30849,0
327354,521,-58.88687,0
327364,521,-58.88687,0
327374,522,-58.74633,0
327384,520,-59.02741,0
327394,522,-58.74633,0
327404,519,-59.16795,0
327414,522,-58.74633,0
327424,528,-57.90308,0
327434,513,-60.0112,0
327444,527,-58.04362,0
327454,519,-59.16795,0
327464,517,-59.44904,0
327474,526,-58.18417,0
327484,521,-58.88687,0
327494,523,-58.60579,0
327504,525,-58.3247,0
327514,515,-59.73012,0
327524,524,-58.46524,0
327534,518,-59.30849,0
327544,521,-58.88687,0
327554,518,-59.30849,0
327564,513,-60.0112,0
327574,520,-59.02741,0
327584,518,-59.30849,0
327594,518,-59.30849,0
327604,527,-58.04362,0
327614,517,-59.44904,0
327624,526,-58.18417,0
327634,517,-59.44904,0
327644,521,-58.88687,0
327654,524,-58.46524,0
327664,525,-58.3247,0
327674,525,-58.3247,0
327684,526,-58.18417,0
327694,530,-57.622,0
327704,515,-59.73012,0
327714,532,-57.34091,0
327724,529,-57.76254,0
327734,523,-58.60579,0
327744,516,-59.58958,0
327754,519,-59.16795,0
327764,523,-58.60579,0
327774,520,-59.02741,0
327784,530,-57.622,0
327794,515,-59.73012,0
327804,527,-58.04362,0
327814,518,-59.30849,0
327824,527,-58.04362,0
327834,523,-58.60579,0
327844,526,-58.18417,0
327854,527,-58.04362,0
327864,525,-58.3247,0
327874,528,-57.90308,0
327884,522,-58.74633,0
327894,525,-58.3247,0
327904,523,-58.60579,0
327914,520,-59.02741,0
327924,520,-59.02741,0
327934,527,-58.04362,0
327944,525,-58.3247,0
327954,526,-58.18417,0
327964,520,-59.02741,0
327974,525,-58.3247,0
327984,525,-58.3247,0
327994,519,-59.16795,0
328004,523,-58.60579,0
328014,525,-58.3247,0
328024,522,-58.74633,0
328034,522,-58.74633,0
328044,524,-58.46524,0
328054,528,-57.90308,0
328064,516,-59.58958,0
328074,529,-57.76254,0
328084,523,-58.60579,0
328094,520,-59.02741,0
328104,511,-60.29228,0
328114,525,-58.3247,0
328124,518,-59.30849,0
328134,522,-58.74633,0
328144,520,-59.02741,0
328154,520,-59.02741,0
328164,527,-58.04362,0
328174,527,-58.04362,0
328184,525,-58.3247,0
328194,523,-58.60579,0
328204,523,-58.60579,0
328214,519,-59.16795,0
328224,521,-58.88687,0
328234,516,-59.58958,0
328244,524,-58.46524,0
328254,515,-59.73012,0
328264,527,-58.04362,0
328274,529,-57.76254,0
328284,527,-58.04362,0
328294,518,-59.30849,0
328304,523,-58.60579,0
328314,524,-58.46524,0
328324,526,-58.18417,0
328334,514,-59.87066,0
328344,525,-58.3247,0
328354,522,-58.74633,0
328364,521,-58.88687,0
328374,532,-57.34091,0
328384,520,-59.02741,0
328394,520,-59.02741,0
328404,528,-57.90308,0
328414,518,-59.30849,0
328424,529,-57.76254,0
328434,525,-58.3247,0
328444,519,-59.16795,0
328454,528,-57.90308,0
328464,525,-58.3247,0
328474,527,-58.04362,0
328484,531,-57.48146,0
328494,520,-59.02741,0
328504,523,-58.60579,0
328514,522,-58.74633,0
328524,515,-59.73012,0
328534,528,-57.90308,0
328544,532,-57.34091,0
328554,525,-58.3247,0
328564,522,-58.74633,0
328574,521,-58.88687,0
328584,516,-59.58958,0
328594,515,-59.73012,0
328604,525,-58.3247,0
328614,524,-58.46524,0
328624,527,-58.04362,0
328634,526,-58.18417,0
328644,522,-58.74633,0
328654,526,-58.18417,0
328664,522,-58.74633,0
328674,535,-56.91929,0
328684,524,-58.46524,0
328694,520,-59.02741,0
328704,523,-58.60579,0
328714,519,-59.16795,0
328724,519,-59.16795,0
328734,523,-58.60579,0
328744,523,-58.60579,0
328754,524,-58.46524,0
328764,528,-57.90308,0
328774,516,-59.58958,0
328784,518,-59.30849,0
328794,521,-58.88687,0
328804,517,-59.44904,0
328814,524,-58.46524,0
328824,513,-60.0112,0
328834,515,-59.73012,0
328844,519,-59.16795,0
328854,520,-59.02741,0
328864,513,-60.0112,0
328874,514,-59.87066,0
328884,523,-58.60579,0
328894,523,-58.60579,0
328904,528,-57.90308,0
328914,519,-59.16795,0
328924,518,-59.30849,0
328934,520,-59.02741,0
328944,512,-60.15174,0
328954,519,-59.16795,0
328964,518,-59.30849,0
328974,530,-57.622,0
328984,531,-57.48146,0
328994,525,-58.3247,0
329004,527,-58.04362,0
329014,522,-58.74633,0
329024,523,-58.60579,0
329034,523,-58.60579,0
329044,525,-58.3247,0
329054,521,-58.88687,0
329064,525,-58.3247,0
329074,523,-58.60579,0
329084,528,-57.90308,0
329094,523,-58.60579,0
329104,524,-58.46524,0
329114,528,-57.90308,0
329124,529,-57.76254,0
329134,519,-59.16795,0
329144,527,-58.04362,0
329154,524,-58.46524,0
329164,519,-59.16795,0
329174,524,-58.46524,0
329184,517,-59.44904,0
329194,520,-59.02741,0
329204,523,-58.60579,0
329214,520,-59.02741,0
329224,523,-58.60579,0
329234,535,-56.91929,0
329244,527,-58.04362,0
329254,527,-58.04362,0
329264,523,-58.60579,0
329274,526,-58.18417,0
329284,530,-57.622,0
329294,518,-59.30849,0
329304,519,-59.16795,0
329314,521,-58.88687,0
329324,519,-59.16795,0
329334,522,-58.74633,0
329344,522,-58.74633,0
329354,532,-57.34091,0
329364,521,-58.88687,0
329374,525,-58.3247,0
329384,521,-58.88687,0
329394,523,-58.60579,0
329404,527,-58.04362,0
329414,526,-58.18417,0
329424,512,-60.15174,0
329434,526,-58.18417,0
329444,529,-57.76254,0
329454,526,-58.18417,0
329464,516,-59.58958,0
329474,527,-58.04362,0
329484,530,-57.622,0
329494,524,-58.46524,0
329504,525,-58.3247,0
329514,525,-58.3247,0
329524,520,-59.02741,0
329534,525,-58.3247,0
329544,523,-58.60579,0
329554,525,-58.3247,0
329564,526,-58.18417,0
329574,519,-59.16795,0
329584,521,-58.88687,0
329594,521,-58.88687,0
329604,519,-59.16795,0
329614,526,-58.18417,0
329624,525,-58.3247,0
329634,528,-57.90308,0
329644,519,-59.16795,0
329654,528,-57.90308,0
329664,523,-58.60579,0
329674,530,-57.622,0
329684,523,-58.60579,0
329694,523,-58.60579,0
329704,522,-58.74633,0
329714,527,-58.04362,0
329724,523,-58.60579,0
329734,529,-57.76254,0
329744,517,-59.44904,0
329754,522,-58.74633,0
329764,522,-58.74633,0
329774,518,-59.30849,0
329784,526,-58.18417,0
329794,518,-59.30849,0
329804,528,-57.90308,0
329814,522,-58.74633,0
329824,523,-58.60579,0
329834,517,-59.44904,0
329844,526,-58.18417,0
329854,523,-58.60579,0
329864,527,-58.04362,0
329874,528,-57.90308,0
329884,518,-59.30849,0
329894,534,-57.05983,0
329904,521,-58.88687,0
329914,518,-59.30849,0
329924,518,-59.30849,0
329934,526,-58.18417,0
329944,525,-58.3247,0
329954,525,-58.3247,0
329964,525,-58.3247,0
329974,517,-59.44904,0
329984,529,-57.76254,0
329994,528,-57.90308,0
330004,527,-58.04362,0
330014,523,-58.60579,0
330024,525,-58.3247,0
330034,528,-57.90308,0
330044,521,-58.88687,0
330054,519,-59.16795,0
330064,528,-57.90308,0
330074,519,-59.16795,0
330084,524,-58.46524,0
330094,526,-58.18417,0
330104,520,-59.02741,0
330114,526,-58.18417,0
330124,525,-58.3247,0
330134,523,-58.60579,0
330144,525,-58.3247,0
330154,521,-58.88687,0
330164,528,-57.90308,0
330174,523,-58.60579,0
330184,521,-58.88687,0
330194,529,-57.76254,0
330204,522,-58.74633,0
330214,521,-58.88687,0
330224,526,-58.18417,0
330234,524,-58.46524,0
330244,528,-57.90308,0
330254,522,-58.74633,0
330264,528,-57.90308,0
330274,521,-58.88687,0
330284,513,-60.0112,0
330294,523,-58.60579,0
330304,515,-59.73012,0
330314,527,-58.04362,0
330324,528,-57.90308,0
330334,529,-57.76254,0
330344,526,-58.18417,0
330354,532,-57.34091,0
330364,529,-57.76254,0
330374,525,-58.3247,0
330384,528,-57.90308,0
330394,527,-58.04362,0
330404,522,-58.74633,0
330414,518,-59.30849,0
330424,520,-59.02741,0
330434,525,-58.3247,0
330444,523,-58.60579,0
330454,528,-57.90308,0
330464,520,-59.02741,0
330474,521,-58.88687,0
330484,532,-57.34091,0
330494,526,-58.18417,0
330504,524,-58.46524,0
330514,525,-58.3247,0
330524,525,-58.3247,0
330534,526,-58.18417,0
330544,513,-60.0112,0
330554,528,-57.90308,0
330564,525,-58.3247,0
330574,522,-58.74633,0
330584,527,-58.04362,0
330594,518,-59.30849,0
330604,525,-58.3247,0
330614,522,-58.74633,0
330624,523,-58.60579,0
330634,519,-59.16795,0
330644,531,-57.48146,0
330654,517,-59.44904,0
330664,519,-59.16795,0
330674,524,-58.46524,0
330684,523,-58.60579,0
330694,517,-59.44904,0
330704,527,-58.04362,0
330714,529,-57.76254,0
330724,516,-59.58958,0
330734,516,-59.58958,0
330744,528,-57.90308,0
330754,522,-58.74633,0
330764,520,-59.02741,0
330774,526,-58.18417,0
330784,526,-58.18417,0
330794,523,-58.60579,0
330804,525,-58.3247,0
330814,528,-57.90308,0
330824,519,-59.16795,0
330834,528,-57.90308,0
330844,523,-58.60579,0
330854,531,-57.48146,0
330864,519,-59.16795,0
330874,531,-57.48146,0
330884,526,-58.18417,0
330894,523,-58.60579,0
330904,515,-59.73012,0
330914,517,-59.44904,0
330924,522,-58.74633,0
330934,523,-58.60579,0
330944,529,-57.76254,0
330954,519,-59.16795,0
330964,523,-58.60579,0
330974,510,-60.43283,0
330984,525,-58.3247,0
330994,529,-57.76254,0
331004,528,-57.90308,0
331014,533,-57.20037,0
331024,527,-58.04362,0
331034,522,-58.74633,0
331044,520,-59.02741,0
331054,528,-57.90308,0
331064,530,-57.622,0
331074,531,-57.48146,0
331084,517,-59.44904,0
331094,526,-58.18417,0
331104,525,-58.3247,0
331114,523,-58.60579,0
331124,528,-57.90308,0
331134,521,-58.88687,0
331144,517,-59.44904,0
331154,525,-58.3247,0
331164,533,-57.20037,0
331174,527,-58.04362,0
331184,525,-58.3247,0
331194,523,-58.60579,0
331204,517,-59.44904,0
331214,526,-58.18417,0
331224,522,-58.74633,0
331234,521,-58.88687,0
331244,517,-59.44904,0
331254,524,-58.46524,0
331264,517,-59.44904,0
331274,525,-58.3247,0
331284,523,-58.60579,0
331294,527,-58.04362,0
331304,518,-59.30849,0
331314,530,-57.622,0
331324,531,-57.48146,0
331334,532,-57.34091,0
331344,520,-59.02741,0
331354,520,-59.02741,0
331364,526,-58.18417,0
331374,528,-57.90308,0
331384,520,-59.02741,0
331394,522,-58.74633,0
331404,525,-58.3247,0
331414,528,-57.90308,0
331424,526,-58.18417,0
331434,520,-59.02741,0
331444,513,-60.0112,0
331454,517,-59.44904,0
331464,527,-58.04362,0
331474,522,-58.74633,0
331484,526,-58.18417,0
331494,532,-57.34091,0
331504,523,-58.60579,0
331514,522,-58.74633,0
331524,527,-58.04362,0
331534,524,-58.46524,0
331544,526,-58.18417,0
331554,519,-59.16795,0
331564,526,-58.18417,0
331574,526,-58.18417,0
331584,519,-59.16795,0
331594,528,-57.90308,0
331604,527,-58.04362,0
331614,516,-59.58958,0
331624,527,-58.04362,0
331634,518,-59.30849,0
331644,530,-57.622,0
331654,521,-58.88687,0
331664,524,-58.46524,0
331674,529,-57.76254,0
331684,531,-57.48146,0
331694,527,-58.04362,0
331704,520,-59.02741,0
331714,527,-58.04362,0
331724,529,-57.76254,0
331734,522,-58.74633,0
331744,521,-58.88687,0
331754,522,-58.74633,0
331764,530,-57.622,0
331774,528,-57.90308,0
331784,527,-58.04362,0
331794,524,-58.46524,0
331804,525,-58.3247,0
331814,527,-58.04362,0
331824,521,-58.88687,0
331834,526,-58.18417,0
331844,521,-58.88687,0
331854,522,-58.74633,0
331864,521,-58.88687,0
331874,521,-58.88687,0
331884,525,-58.3247,0
331894,529,-57.76254,0
331904,519,-59.16795,0
331914,524,-58.46524,0
331924,520,-59.02741,0
331934,524,-58.46524,0
331944,529,-57.76254,0
331954,525,-58.3247,0
331964,519,-59.16795,0
331974,520,-59.02741,0
331984,527,-58.04362,0
331994,531,-57.48146,0
332004,523,-58.60579,0
332014,524,-58.46524,0
332024,520,-59.02741,0
332034,524,-58.46524,0
332044,521,-58.88687,0
332054,526,-58.18417,0
332064,522,-58.74633,0
332074,526,-58.18417,0
332084,524,-58.46524,0
332094,519,-59.16795,0
332104,520,-59.02741,0
332114,525,-58.3247,0
332124,526,-58.18417,0
332134,520,-59.02741,0
332144,529,-57.76254,0
332154,521,-58.88687,0
332164,528,-57.90308,0
332174,522,-58.74633,0
332184,521,-58.88687,0
332194,524,-58.46524,0
332204,531,-57.48146,0
332214,529,-57.76254,0
332224,532,-57.34091,0
332234,515,-59.73012,0
332244,526,-58.18417,0
332254,524,-58.46524,0
332264,518,-59.30849,0
332274,523,-58.60579,0
332284,522,-58.74633,0
332294,529,-57.76254,0
332304,528,-57.90308,0
332314,524,-58.46524,0
332324,526,-58.18417,0
332334,526,-58.18417,0
332344,521,-58.88687,0
332354,519,-59.16795,0
332364,523,-58.60579,0
332374,531,-57.48146,0
332384,521,-58.88687,0
332394,524,-58.46524,0
332404,528,-57.90308,0
332414,513,-60.0112,0
332424,533,-57.20037,0
332434,529,-57.76254,0
332444,521,-58.88687,0
332454,521,-58.88687,0
332464,527,-58.04362,0
332474,521,-58.88687,0
332484,525,-58.3247,0
332494,514,-59.87066,0
332504,520,-59.02741,0
332514,517,-59.44904,0
332524,528,-57.90308,0
332534,519,-59.16795,0
332544,528,-57.90308,0
332554,520,-59.02741,0
332564,524,-58.46524,0
332574,520,-59.02741,0
332584,524,-58.46524,0
332594,523,-58.60579,0
332604,523,-58.60579,0
332614,519,-59.16795,0
332624,521,-58.88687,0
332634,522,-58.74633,0
332644,525,-58.3247,0
332654,523,-58.60579,0
332664,529,-57.76254,0
332674,524,-58.46524,0
332684,528,-57.90308,0
332694,525,-58.3247,0
332704,517,-59.44904,0
332714,525,-58.3247,0
332724,526,-58.18417,0
332734,521,-58.88687,0
332744,520,-59.02741,0
332754,525,-58.3247,0
332764,528,-57.90308,0
332774,525,-58.3247,0
332784,527,-58.04362,0
332794,525,-58.3247,0
332804,529,-57.76254,0
332814,526,-58.18417,0
332824,525,-58.3247,0
332834,524,-58.46524,0
332844,523,-58.60579,0
332854,526,-58.18417,0
332864,522,-58.74633,0
332874,523,-58.60579,0
332884,525,-58.3247,0
332894,529,-57.76254,0
332904,527,-58.04362,0
332914,528,-57.90308,0
332924,516,-59.58958,0
332934,523,-58.60579,0
332944,533,-57.20037,0
332954,519,-59.16795,0
332964,530,-57.622,0
332974,524,-58.46524,0
332984,525,-58.3247,0
332994,520,-59.02741,0
333004,534,-57.05983,0
333014,520,-59.02741,0
333024,527,-58.04362,0
333034,526,-58.18417,0
333044,526,-58.18417,0
333054,524,-58.46524,0
333064,530,-57.622,0
333074,521,-58.88687,0
333084,530,-57.622,0
333094,530,-57.622,0
333104,528,-57.90308,0
333114,530,-57.622,0
333124,522,-58.74633,0
333134,524,-58.46524,0
333144,524,-58.46524,0
333154,524,-58.46524,0
333164,519,-59.16795,0
333174,528,-57.90308,0
333184,521,-58.88687,0
333194,527,-58.04362,0
333204,526,-58.18417,0
333214,518,-59.30849,0
333224,523,-58.60579,0
333234,523,-58.60579,0
333244,519,-59.16795,0
333254,530,-57.622,0
333264,525,-58.3247,0
333274,521,-58.88687,0
333284,527,-58.04362,0
333294,521,-58.88687,0
333304,520,-59.02741,0
333314,524,-58.46524,0
333324,529,-57.76254,0
333334,522,-58.74633,0
333344,524,-58.46524,0
333354,514,-59.87066,0
333364,525,-58.3247,0
333374,530,-57.622,0
333384,521,-58.88687,0
333394,521,-58.88687,0
333404,527,-58.04362,0
333414,524,-58.46524,0
333424,527,-58.04362,0
333434,529,-57.76254,0
333444,528,-57.90308,0
333454,517,-59.44904,0
333464,519,-59.16795,0
333474,523,-58.60579,0
333484,520,-59.02741,0
333494,522,-58.74633,0
333504,531,-57.48146,0
333514,528,-57.90308,0
333524,515,-59.73012,0
333534,530,-57.622,0
333544,525,-58.3247,0
333554,532,-57.34091,0
333564,524,-58.46524,0
333574,525,-58.3247,0
333584,521,-58.88687,0
333594,524,-58.46524,0
333604,527,-58.04362,0
333614,524,-58.46524,0
333624,534,-57.05983,0
333634,521,-58.88687,0
333644,516,-59.58958,0
333654,529,-57.76254,0
333664,519,-59.16795,0
333674,528,-57.90308,0
333684,523,-58.60579,0
333694,519,-59.16795,0
333704,518,-59.30849,0
333714,524,-58.46524,0
333724,521,-58.88687,0
333734,525,-58.3247,0
333744,519,-59.16795,0
333754,519,-59.16795,0
333764,523,-58.60579,0
333774,524,-58.46524,0
333784,529,-57.76254,0
333794,529,-57.76254,0
333804,525,-58.3247,0
333814,518,-59.30849,0
333824,524,-58.46524,0
333834,529,-57.76254,0
333844,523,-58.60579,0
333854,524,-58.46524,0
333864,520,-59.02741,0
333874,519,-59.16795,0
333884,533,-57.20037,0
333894,528,-57.90308,0
333904,527,-58.04362,0
333914,524,-58.46524,0
333924,518,-59.30849,0
333934,522,-58.74633,0
333944,531,-57.48146,0
333954,511,-60.29228,0
333964,518,-59.30849,0
333974,519,-59.16795,0
333984,523,-58.60579,0
333994,521,-58.88687,0
334004,526,-58.18417,0
334014,534,-57.05983,0
334024,525,-58.3247,0
334034,523,-58.60579,0
334044,520,-59.02741,0
334054,525,-58.3247,0
334064,524,-58.46524,0
334074,523,-58.60579,0
334084,526,-58.18417,0
334094,517,-59.44904,0
334104,527,-58.04362,0
334114,523,-58.60579,0
334124,520,-59.02741,0
334134,524,-58.46524,0
334144,523,-58.60579,0
334154,523,-58.60579,0
334164,527,-58.04362,0
334174,524,-58.46524,0
334184,516,-59.58958,0
334194,525,-58.3247,0
334204,515,-59.73012,0
334214,528,-57.90308,0
334224,530,-57.622,0
334234,516,-59.58958,0
334244,522,-58.74633,0
334254,522,-58.74633,0
334264,535,-56.91929,0
334274,528,-57.90308,0
334284,518,-59.30849,0
334294,526,-58.18417,0
334304,515,-59.73012,0
334314,518,-59.30849,0
334324,528,-57.90308,0
334334,522,-58.74633,0
334344,522,-58.74633,0
334354,528,-57.90308,0
334364,523,-58.60579,0
334374,523,-58.60579,0
334384,529,-57.76254,0
334394,522,-58.74633,0
334404,521,-58.88687,0
334414,523,-58.60579,0
334424,529,-57.76254,0
334434,526,-58.18417,0
334444,533,-57.20037,0
334454,524,-58.46524,0
334464,531,-57.48146,0
334474,531,-57.48146,0
334484,528,-57.90308,0
334494,523,-58.60579,0
334504,522,-58.74633,0
334514,524,-58.46524,0
334524,516,-59.58958,0
334534,523,-58.60579,0
334544,519,-59.16795,0
334554,513,-60.0112,0
334564,519,-59.16795,0
334574,522,-58.74633,0
334584,524,-58.46524,0
334594,519,-59.16795,0
334604,536,-56.77875,0
334614,528,-57.90308,0
334624,525,-58.3247,0
334634,516,-59.58958,0
334644,524,-58.46524,0
334654,526,-58.18417,0
334664,523,-58.60579,0
334674,514,-59.87066,0
334684,520,-59.02741,0
334694,517,-59.44904,0
334704,514,-59.87066,0
334714,522,-58.74633,0
334724,510,-60.43283,0
334734,529,-57.76254,0
334744,529,-57.76254,0
334754,519,-59.16795,0
334764,528,-57.90308,0
334774,520,-59.02741,0
334784,525,-58.3247,0
334794,526,-58.18417,0
334804,529,-57.76254,0
334814,528,-57.90308,0
334824,523,-58.60579,0
334834,522,-58.74633,0
334844,523,-58.60579,0
334854,532,-57.34091,0
334864,527,-58.04362,0
334874,526,-58.18417,0
334884,522,-58.74633,0
334894,512,-60.15174,0
334904,517,-59.44904,0
334914,523,-58.60579,0
334924,520,-59.02741,0
334934,523,-58.60579,0
334944,511,-60.29228,0
334954,525,-58.3247,0
334964,529,-57.76254,0
334974,522,-58.74633,0
334984,519,-59.16795,0
334994,525,-58.3247,0
335004,515,-59.73012,0
335014,527,-58.04362,0
335024,516,-59.58958,0
335034,530,-57.622,0
335044,526,-58.18417,0
335054,526,-58.18417,0
335064,514,-59.87066,0
335074,526,-58.18417,0
335084,522,-58.74633,0
335094,522,-58.74633,0
335104,528,-57.90308,0
335114,521,-58.88687,0
335124,529,-57.76254,0
335134,515,-59.73012,0
335144,524,-58.46524,0
335154,523,-58.60579,0
335164,521,-58.88687,0
335174,527,-58.04362,0
335184,520,-59.02741,0
335194,519,-59.16795,0
335204,525,-58.3247,0
335214,528,-57.90308,0
335224,530,-57.622,0
335234,530,-57.622,0
335244,522,-58.74633,0
335254,519,-59.16795,0
335264,529,-57.76254,0
335274,513,-60.0112,0
335284,531,-57.48146,0
335294,521,-58.88687,0
335304,512,-60.15174,0
335314,521,-58.88687,0
335324,525,-58.3247,0
335334,522,-58.74633,0
335344,525,-58.3247,0
335354,532,-57.34091,0
335364,523,-58.60579,0
335374,521,-58.88687,0
335384,519,-59.16795,0
335394,530,-57.622,0
335404,527,-58.04362,0
335414,526,-58.18417,0
335424,525,-58.3247,0
335434,522,-58.74633,0
335444,523,-58.60579,0
335454,521,-58.88687,0
335464,529,-57.76254,0
335474,521,-58.88687,0
335484,527,-58.04362,0
335494,523,-58.60579,0
335504,522,-58.74633,0
335514,518,-59.30849,0
335524,521,-58.88687,0
335534,526,-58.18417,0
335544,520,-59.02741,0
335554,531,-57.48146,0
335564,520,-59.02741,0
335574,529,-57.76254,0
335584,523,-58.60579,0
335594,532,-57.34091,0
335604,527,-58.04362,0
335614,521,-58.88687,0
335624,522,-58.74633,0
335634,524,-58.46524,0
335644,527,-58.04362,0
335654,524,-58.46524,0
335664,527,-58.04362,0
335674,530,-57.622,0
335684,528,-57.90308,0
335694,529,-57.76254,0
335704,525,-58.3247,0
335714,517,-59.44904,0
335724,526,-58.18417,0
335734,533,-57.20037,0
335744,530,-57.622,0
335754,525,-58.3247,0
335764,522,-58.74633,0
335774,526,-58.18417,0
335784,527,-58.04362,0
335794,526,-58.18417,0
335804,520,-59.02741,0
335814,519,-59.16795,0
335824,529,-57.76254,0
335834,532,-57.34091,0
335844,527,-58.04362,0
335854,515,-59.73012,0
335864,525,-58.3247,0
335874,533,-57.20037,0
335884,516,-59.58958,0
335894,515,-59.73012,0
335904,529,-57.76254,0
335914,526,-58.18417,0
335924,525,-58.3247,0
335934,524,-58.46524,0
335944,523,-58.60579,0
335954,518,-59.30849,0
335964,516,-59.58958,0
335974,518,-59.30849,0
335984,522,-58.74633,0
335994,527,-58.04362,0
336004,523,-58.60579,0
336014,518,-59.30849,0
336024,522,-58.74633,0
336034,515,-59.73012,0
336044,519,-59.16795,0
336054,524,-58.46524,0
336064,520,-59.02741,0
336074,530,-57.622,0
336084,529,-57.76254,0
336094,528,-57.90308,0
336104,526,-58.18417,0
336114,522,-58.74633,0
336124,527,-58.04362,0
336134,512,-60.15174,0
336144,527,-58.04362,0
336154,518,-59.30849,0
336164,527,-58.04362,0
336174,530,-57.622,0
336184,517,-59.44904,0
336194,529,-57.76254,0
336204,531,-57.48146,0
336214,536,-56.77875,0
336224,524,-58.46524,0
336234,529,-57.76254,0
336244,521,-58.88687,0
336254,524,-58.46524,0
336264,518,-59.30849,0
336274,521,-58.88687,0
336284,529,-57.76254,0
336294,526,-58.18417,0
336304,529,-57.76254,0
336314,523,-58.60579,0
336324,528,-57.90308,0
336334,529,-57.76254,0
336344,524,-58.46524,0
336354,535,-56.91929,0
336364,521,-58.88687,0
336374,523,-58.60579,0
336384,524,-58.46524,0
336394,520,-59.02741,0
336404,525,-58.3247,0
336414,523,-58.60579,0
336424,524,-58.46524,0
336434,515,-59.73012,0
336444,525,-58.3247,0
336454,525,-58.3247,0
336464,519,-59.16795,0
336474,521,-58.88687,0
336484,527,-58.04362,0
336494,536,-56.77875,0
336504,531,-57.48146,0
336514,508,-60.71391,0
336524,524,-58.46524,0
336534,524,-58.46524,0
336544,529,-57.76254,0
336554,524,-58.46524,0
336564,528,-57.90308,0
336574,522,-58.74633,0
336584,522,-58.74633,0
336594,533,-57.20037,0
336604,530,-57.622,0
336614,522,-58.74633,0
336624,521,-58.88687,0
336634,517,-59.44904,0
336644,530,-57.622,0
336654,530,-57.622,0
336664,516,-59.58958,0
336674,528,-57.90308,0
336684,525,-58.3247,0
336694,527,-58.04362,0
336704,523,-58.60579,0
336714,527,-58.04362,0
336724,519,-59.16795,0
336734,522,-58.74633,0
336744,520,-59.02741,0
336754,517,-59.44904,0
336764,524,-58.46524,0
336774,516,-59.58958,0
336784,528,-57.90308,0
336794,528,-57.90308,0
336804,534,-57.05983,0
336814,522,-58.74633,0
336824,528,-57.90308,0
336834,529,-57.76254,0
336844,529,-57.76254,0
336854,528,-57.90308,0
336864,527,-58.04362,0
336874,524,-58.46524,0
336884,523,-58.60579,0
336894,520,-59.02741,0
336904,532,-57.34091,0
336914,523,-58.60579,0
336924,533,-57.20037,0
336934,519,-59.16795,0
336944,533,-57.20037,0
336954,525,-58.3247,0
336964,525,-58.3247,0
336974,515,-59.73012,0
336984,530,-57.622,0
336994,529,-57.76254,0
337004,522,-58.74633,0
337014,527,-58.04362,0
337024,521,-58.88687,0
337034,535,-56.91929,0
337044,516,-59.58958,0
337054,523,-58.60579,0
337064,520,-59.02741,0
337074,521,-58.88687,0
337084,515,-59.73012,0
337094,527,-58.04362,0
337104,530,-57.622,0
337114,521,-58.88687,0
337124,520,-59.02741,0
337134,519,-59.16795,0
337144,528,-57.90308,0
337154,521,-58.88687,0
337164,523,-58.60579,0
337174,526,-58.18417,0
337184,523,-58.60579,0
337194,524,-58.46524,0
337204,525,-58.3247,0
337214,526,-58.18417,0
337224,528,-57.90308,0
337234,517,-59.44904,0
337244,514,-59.87066,0
337254,524,-58.46524,0
337264,527,-58.04362,0
337274,525,-58.3247,0
337284,533,-57.20037,0
337294,525,-58.3247,0
337304,525,-58.3247,0
337314,523,-58.60579,0
337324,521,-58.88687,0
337334,529,-57.76254,0
337344,525,-58.3247,0
337354,519,-59.16795,0
337364,522,-58.74633,0
337374,514,-59.87066,0
337384,528,-57.90308,0
337394,518,-59.30849,0
337404,523,-58.60579,0
337414,532,-57.34091,0
337424,518,-59.30849,0
337434,524,-58.46524,0
337444,521,-58.88687,0
337454,527,-58.04362,0
337464,521,-58.88687,0
337474,520,-59.02741,0
337484,534,-57.05983,0
337494,524,-58.46524,0
337504,528,-57.90308,0
337514,521,-58.88687,0
337524,521,-58.88687,0
337534,524,-58.46524,0
337544,524,-58.46524,0
337554,525,-58.3247,0
337564,524,-58.46524,0
337574,525,-58.3247,0
337584,526,-58.18417,0
337594,524,-58.46524,0
337604,528,-57.90308,0
337614,521,-58.88687,0
337624,522,-58.74633,0
337634,525,-58.3247,0
337644,525,-58.3247,0
337654,529,-57.76254,0
337664,527,-58.04362,0
337674,522,-58.74633,0
337684,526,-58.18417,0
337694,523,-58.60579,0
337704,523,-58.60579,0
337714,527,-58.04362,0
337724,524,-58.46524,0
337734,518,-59.30849,0
337744,513,-60.0112,0
337754,522,-58.74633,0
337764,517,-59.44904,0
337774,522,-58.74633,0
337784,527,-58.04362,0
337794,516,-59.58958,0
337804,531,-57.48146,0
337814,529,-57.76254,0
337824,519,-59.16795,0
337834,530,-57.622,0
337844,521,-58.88687,0
337854,523,-58.60579,0
337864,517,-59.44904,0
337874,527,-58.04362,0
337884,521,-58.88687,0
337894,529,-57.76254,0
337904,523,-58.60579,0
337914,525,-58.3247,0
337924,533,-57.20037,0
337934,529,-57.76254,0
337944,524,-58.46524,0
337954,528,-57.90308,0
337964,527,-58.04362,0
337974,523,-58.60579,0
337984,520,-59.02741,0
337994,525,-58.3247,0
338004,517,-59.44904,0
338014,520,-59.02741,0
338024,528,-57.90308,0
338034,528,-57.90308,0
338044,531,-57.48146,0
338054,526,-58.18417,0
338064,529,-57.76254,0
338074,533,-57.20037,0
338084,530,-57.622,0
338094,523,-58.60579,0
338104,531,-57.48146,0
338114,523,-58.60579,0
338124,527,-58.04362,0
338134,533,-57.20037,0
338144,531,-57.48146,0
338154,518,-59.30849,0
338164,529,-57.76254,0
338174,525,-58.3247,0
338184,518,-59.30849,0
338194,520,-59.02741,0
338204,523,-58.60579,0
338214,529,-57.76254,0
338224,528,-57.90308,0
338234,523,-58.60579,0
338244,525,-58.3247,0
338254,530,-57.622,0
338264,521,-58.88687,0
338274,520,-59.02741,0
338284,516,-59.58958,0
338294,524,-58.46524,0
338304,517,-59.44904,0
338314,527,-58.04362,0
338324,530,-57.622,0
338334,524,-58.46524,0
338344,522,-58.74633,0
338354,523,-58.60579,0
338364,523,-58.60579,0
338374,532,-57.34091,0
338384,523,-58.60579,0
338394,525,-58.3247,0
338404,520,-59.02741,0
338414,523,-58.60579,0
338424,523,-58.60579,0
338434,516,-59.58958,0
338444,522,-58.74633,0
338454,525,-58.3247,0
338464,524,-58.46524,0
338474,525,-58.3247,0
338484,517,-59.44904,0
338494,525,-58.3247,0
338504,527,-58.04362,0
338514,529,-57.76254,0
338524,524,-58.46524,0
338534,520,-59.02741,0
338544,522,-58.74633,0
338554,524,-58.46524,0
338564,527,-58.04362,0
338574,526,-58.18417,0
338584,517,-59.44904,0
338594,528,-57.90308,0
338604,524,-58.46524,0
338614,523,-58.60579,0
338624,528,-57.90308,0
338634,524,-58.46524,0
338644,518,-59.30849,0
338654,525,-58.3247,0
338664,526,-58.18417,0
338674,526,-58.18417,0
338684,527,-58.04362,0
338694,522,-58.74633,0
338704,517,-59.44904,0
338714,524,-58.46524,0
338724,519,-59.16795,0
338734,523,-58.60579,0
338744,526,-58.18417,0
338754,526,-58.18417,0
338764,529,-57.76254,0
338774,524,-58.46524,0
338784,532,-57.34091,0
338794,520,-59.02741,0
338804,526,-58.18417,0
338814,526,-58.18417,0
338824,525,-58.3247,0
338834,518,-59.30849,0
338844,525,-58.3247,0
338854,524,-58.46524,0
338864,524,-58.46524,0
338874,526,-58.18417,0
338884,526,-58.18417,0
338894,529,-57.76254,0
338904,528,-57.90308,0
338914,527,-58.04362,0
338924,536,-56.77875,0
338934,525,-58.3247,0
338944,529,-57.76254,0
338954,530,-57.622,0
338964,525,-58.3247,0
338974,517,-59.44904,0
338984,520,-59.02741,0
338994,530,-57.622,0
339004,528,-57.90308,0
339014,524,-58.46524,0
339024,520,-59.02741,0
339034,533,-57.20037,0
339044,523,-58.60579,0
339054,522,-58.74633,0
339064,524,-58.46524,0
339074,527,-58.04362,0
339084,527,-58.04362,0
339094,525,-58.3247,0
339104,518,-59.30849,0
339114,526,-58.18417,0
339124,532,-57.34091,0
339134,521,-58.88687,0
339144,524,-58.46524,0
339154,532,-57.34091,0
339164,526,-58.18417,0
339174,522,-58.74633,0
339184,527,-58.04362,0
339194,514,-59.87066,0
339204,519,-59.16795,0
339214,528,-57.90308,0
339224,519,-59.16795,0
339234,532,-57.34091,0
339244,525,-58.3247,0
339254,531,-57.48146,0
339264,519,-59.16795,0
339274,523,-58.60579,0
339284,527,-58.04362,0
339294,526,-58.18417,0
339304,519,-59.16795,0
339314,525,-58.3247,0
339324,531,-57.48146,0
339334,525,-58.3247,0
339344,526,-58.18417,0
339354,528,-57.90308,0
339364,525,-58.3247,0
339374,527,-58.04362,0
339384,531,-57.48146,0
339394,517,-59.44904,0
339404,530,-57.622,0
339414,525,-58.3247,0
339424,517,-59.44904,0
339434,517,-59.44904,0
339444,522,-58.74633,0
339454,522,-58.74633,0
339464,534,-57.05983,0
339474,515,-59.73012,0
339484,524,-58.46524,0
339494,530,-57.622,0
339504,532,-57.34091,0
339514,518,-59.30849,0
339524,517,-59.44904,0
339534,522,-58.74633,0
339544,529,-57.76254,0
339554,518,-59.30849,0
339564,523,-58.60579,0
339574,529,-57.76254,0
339584,522,-58.74633,0
339594,525,-58.3247,0
339604,532,-57.34091,0
339614,517,-59.44904,0
339624,527,-58.04362,0
339634,528,-57.90308,0
339644,532,-57.34091,0
339654,520,-59.02741,0
339664,526,-58.18417,0
339674,527,-58.04362,0
339684,520,-59.02741,0
339694,537,-56.63821,0
339704,516,-59.58958,0
339714,524,-58.46524,0
339724,529,-57.76254,0
339734,526,-58.18417,0
339744,522,-58.74633,0
339754,518,-59.30849,0
339764,522,-58.74633,0
339774,530,-57.622,0
339784,531,-57.48146,0
339794,522,-58.74633,0
339804,525,-58.3247,0
339814,524,-58.46524,0
339824,532,-57.34091,0
339834,526,-58.18417,0
339844,529,-57.76254,0
339854,533,-57.20037,0
339864,530,-57.622,0
339874,527,-58.04362,0
339884,514,-59.87066,0
339894,519,-59.16795,0
339904,525,-58.3247,0
339914,524,-58.46524,0
339924,520,-59.02741,0
339934,527,-58.04362,0
339944,516,-59.58958,0
339954,523,-58.60579,0
339964,517,-59.44904,0
339974,527,-58.04362,0
339984,518,-59.30849,0
339994,523,-58.60579,0
340004,531,-57.48146,0
340014,525,-58.3247,0
340024,520,-59.02741,0
340034,520,-59.02741,0
340044,529,-57.76254,0
340054,525,-58.3247,0
340064,524,-58.46524,0
340074,521,-58.88687,0
340084,529,-57.76254,0
340094,526,-58.18417,0
340104,522,-58.74633,0
340114,516,-59.58958,0
340124,527,-58.04362,0
340134,522,-58.74633,0
340144,531,-57.48146,0
340154,518,-59.30849,0
340164,523,-58.60579,0
340174,520,-59.02741,0
340184,522,-58.74633,0
340194,523,-58.60579,0
340204,524,-58.46524,0
340214,529,-57.76254,0
340224,527,-58.04362,0
340234,525,-58.3247,0
340244,523,-58.60579,0
340254,534,-57.05983,0
340264,529,-57.76254,0
340274,525,-58.3247,0
340284,520,-59.02741,0
340294,526,-58.18417,0
340304,529,-57.76254,0
340314,523,-58.60579,0
340324,527,-58.04362,0
340334,528,-57.90308,0
340344,525,-58.3247,0
340354,521,-58.88687,0
340364,521,-58.88687,0
340374,530,-57.622,0
340384,523,-58.60579,0
340394,536,-56.77875,0
340404,521,-58.88687,0
340414,517,-59.44904,0
340424,511,-60.29228,0
340434,522,-58.74633,0
340444,525,-58.3247,0
340454,528,-57.90308,0
340464,526,-58.18417,0
340474,529,-57.76254,0
340484,528,-57.90308,0
340494,514,-59.87066,0
340504,525,-58.3247,0
340514,534,-57.05983,0
340524,523,-58.60579,0
340534,522,-58.74633,0
340544,520,-59.02741,0
340554,514,-59.87066,0
340564,525,-58.3247,0
340574,523,-58.60579,0
340584,523,-58.60579,0
340594,528,-57.90308,0
340604,528,-57.90308,0
340614,523,-58.60579,0
340624,524,-58.46524,0
340634,527,-58.04362,0
340644,523,-58.60579,0
340654,520,-59.02741,0
340664,525,-58.3247,0
340674,525,-58.3247,0
340684,520,-59.02741,0
340694,530,-57.622,0
340704,530,-57.622,0
340714,529,-57.76254,0
340724,524,-58.46524,0
340734,529,-57.76254,0
340744,523,-58.60579,0
340754,529,-57.76254,0
340764,524,-58.46524,0
340774,523,-58.60579,0
340784,530,-57.622,0
340794,519,-59.16795,0
340804,531,-57.48146,0
340814,518,-59.30849,0
340824,523,-58.60579,0
340834,525,-58.3247,0
340844,524,-58.46524,0
340854,528,-57.90308,0
340864,528,-57.90308,0
340874,519,-59.16795,0
340884,528,-57.90308,0
340894,525,-58.3247,0
340904,525,-58.3247,0
340914,529,-57.76254,0
340924,528,-57.90308,0
340934,513,-60.0112,0
340944,521,-58.88687,0
340954,530,-57.622,0
340964,524,-58.46524,0
340974,526,-58.18417,0
340984,515,-59.73012,0
340994,526,-58.18417,0
341004,526,-58.18417,0
341014,525,-58.3247,0
341024,526,-58.18417,0
341034,530,-57.622,0
341044,519,-59.16795,0
341054,526,-58.18417,0
341064,530,-57.622,0
341074,530,-57.622,0
341084,522,-58.74633,0
341094,527,-58.04362,0
341104,528,-57.90308,0
341114,529,-57.76254,0
341124,522,-58.74633,0
341134,523,-58.60579,0
341144,524,-58.46524,0
341154,528,-57.90308,0
341164,521,-58.88687,0
341174,530,-57.622,0
341184,523,-58.60579,0
341194,530,-57.622,0
341204,529,-57.76254,0
341214,519,-59.16795,0
341224,529,-57.76254,0
341234,525,-58.3247,0
341244,529,-57.76254,0
341254,522,-58.74633,0
341264,519,-59.16795,0
341274,525,-58.3247,0
341284,526,-58.18417,0
341294,522,-58.74633,0
341304,518,-59.30849,0
341314,527,-58.04362,0
341324,524,-58.46524,0
341334,519,-59.16795,0
341344,526,-58.18417,0
341354,534,-57.05983,0
341364,526,-58.18417,0
341374,512,-60.15174,0
341384,531,-57.48146,0
341394,523,-58.60579,0
341404,523,-58.60579,0
341414,519,-59.16795,0
341424,516,-59.58958,0
341434,523,-58.60579,0
341444,520,-59.02741,0
341454,522,-58.74633,0
341464,525,-58.3247,0
341474,518,-59.30849,0
341484,532,-57.34091,0
341494,527,-58.04362,0
341504,526,-58.18417,0
341514,530,-57.622,0
341524,521,-58.88687,0
341534,521,-58.88687,0
341544,521,-58.88687,0
341554,529,-57.76254,0
341564,523,-58.60579,0
341574,532,-57.34091,0
341584,525,-58.3247,0
341594,532,-57.34091,0
341604,526,-58.18417,0
341614,520,-59.02741,0
341624,530,-57.622,0
341634,516,-59.58958,0
341644,527,-58.04362,0
341654,521,-58.88687,0
341664,523,-58.60579,0
341674,522,-58.74633,0
341684,527,-58.04362,0
341694,519,-59.16795,0
341704,527,-58.04362,0
341714,515,-59.73012,0
341724,529,-57.76254,0
341734,523,-58.60579,0
341744,529,-57.76254,0
341754,527,-58.04362,0
341764,521,-58.88687,0
341774,520,-59.02741,0
341784,523,-58.60579,0
341794,518,-59.30849,0
341804,518,-59.30849,0
341814,516,-59.58958,0
341824,526,-58.18417,0
341834,520,-59.02741,0
341844,522,-58.74633,0
341854,522,-58.74633,0
341864,525,-58.3247,0
341874,531,-57.48146,0
341884,528,-57.90308,0
341894,511,-60.29228,0
341904,523,-58.60579,0
341914,518,-59.30849,0
341924,525,-58.3247,0
341934,515,-59.73012,0
341944,519,-59.16795,0
341954,515,-59.73012,0
341964,526,-58.18417,0
341974,515,-59.73012,0
341984,527,-58.04362,0
341994,521,-58.88687,0
342004,521,-58.88687,0
342014,517,-59.44904,0
342024,525,-58.3247,0
342034,520,-59.02741,0
342044,529,-57.76254,0
342054,530,-57.622,0
342064,525,-58.3247,0
342074,525,-58.3247,0
342084,528,-57.90308,0
342094,522,-58.74633,0
342104,529,-57.76254,0
342114,528,-57.90308,0
342124,529,-57.76254,0
342134,521,-58.88687,0
342144,527,-58.04362,0
342154,527,-58.04362,0
342164,520,-59.02741,0
342174,524,-58.46524,0
342184,530,-57.622,0
342194,513,-60.0112,0
342204,525,-58.3247,0
342214,528,-57.90308,0
342224,529,-57.76254,0
342234,533,-57.20037,0
342244,529,-57.76254,0
342254,524,-58.46524,0
342264,527,-58.04362,0
342274,524,-58.46524,0
342284,522,-58.74633,0
342294,514,-59.87066,0
342304,521,-58.88687,0
342314,527,-58.04362,0
342324,526,-58.18417,0
342334,522,-58.74633,0
342344,527,-58.04362,0
342354,526,-58.18417,0
342364,525,-58.3247,0
342374,528,-57.90308,0
342384,517,-59.44904,0
342394,536,-56.77875,0
342404,517,-59.44904,0
342414,517,-59.44904,0
342424,518,-59.30849,0
342434,527,-58.04362,0
342444,525,-58.3247,0
342454,520,-59.02741,0
342464,519,-59.16795,0
342474,522,-58.74633,0
342484,534,-57.05983,0
342494,529,-57.76254,0
342504,523,-58.60579,0
342514,527,-58.04362,0
342524,523,-58.60579,0
342534,519,-59.16795,0
342544,522,-58.74633,0
342554,518,-59.30849,0
342564,523,-58.60579,0
342574,529,-57.76254,0
342584,525,-58.3247,0
342594,525,-58.3247,0
342604,533,-57.20037,0
342614,529,-57.76254,0
342624,528,-57.90308,0
342634,527,-58.04362,0
342644,529,-57.76254,0
342654,524,-58.46524,0
342664,520,-59.02741,0
342674,533,-57.20037,0
342684,524,-58.46524,0
342694,529,-57.76254,0
342704,524,-58.46524,0
342714,533,-57.20037,0
342724,521,-58.88687,0
342734,535,-56.91929,0
342744,530,-57.622,0
342754,520,-59.02741,0
342764,526,-58.18417,0
342774,517,-59.44904,0
342784,523,-58.60579,0
342794,524,-58.46524,0
342804,523,-58.60579,0
342814,519,-59.16795,0
342824,518,-59.30849,0
342834,518,-59.30849,0
342844,517,-59.44904,0
342854,527,-58.04362,0
342864,530,-57.622,0
342874,530,-57.622,0
342884,516,-59.58958,0
342894,519,-59.16795,0
342904,519,-59.16795,0
342914,534,-57.05983,0
342924,519,-59.16795,0
342934,517,-59.44904,0
342944,525,-58.3247,0
342954,529,-57.76254,0
342964,518,-59.30849,0
342974,527,-58.04362,0
342984,524,-58.46524,0
342994,520,-59.02741,0
343004,525,-58.3247,0
343014,525,-58.3247,0
343024,525,-58.3247,0
343034,524,-58.46524,0
343044,528,-57.90308,0
343054,533,-57.20037,0
343064,523,-58.60579,0
343074,533,-57.20037,0
343084,526,-58.18417,0
343094,527,-58.04362,0
343104,529,-57.76254,0
343114,524,-58.46524,0
343124,521,-58.88687,0
343134,524,-58.46524,0
343144,534,-57.05983,0
343154,519,-59.16795,0
343164,526,-58.18417,0
343174,527,-58.04362,0
343184,525,-58.3247,0
343194,529,-57.76254,0
343204,534,-57.05983,0
343214,521,-58.88687,0
343224,515,-59.73012,0
343234,530,-57.622,0
343244,520,-59.02741,0
343254,522,-58.74633,0
343264,527,-58.04362,0
343274,523,-58.60579,0
343284,526,-58.18417,0
343294,514,-59.87066,0
343304,530,-57.622,0
343314,529,-57.76254,0
343324,518,-59.30849,0
343334,525,-58.3247,0
343344,527,-58.04362,0
343354,520,-59.02741,0
343364,528,-57.90308,0
343374,524,-58.46524,0
343384,516,-59.58958,0
343394,525,-58.3247,0
343404,527,-58.04362,0
343414,528,-57.90308,0
343424,521,-58.88687,0
343434,528,-57.90308,0
343444,513,-60.0112,0
343454,522,-58.74633,0
343464,532,-57.34091,0
343474,520,-59.02741,0
343484,520,-59.02741,0
343494,525,-58.3247,0
343504,521,-58.88687,0
343514,518,-59.30849,0
343524,523,-58.60579,0
343534,516,-59.58958,0
343544,523,-58.60579,0
343554,516,-59.58958,0
343564,517,-59.44904,0
343574,528,-57.90308,0
343584,535,-56.91929,0
343594,521,-58.88687,0
343604,524,-58.46524,0
343614,519,-59.16795,0
343624,527,-58.04362,0
343634,521,-58.88687,0
343644,531,-57.48146,0
343654,534,-57.05983,0
343664,524,-58.46524,0
343674,520,-59.02741,0
343684,520,-59.02741,0
343694,526,-58.18417,0
343704,530,-57.622,0
343714,528,-57.90308,0
343724,515,-59.73012,0
343734,530,-57.622,0
343744,527,-58.04362,0
343754,520,-59.02741,0
343764,528,-57.90308,0
343774,517,-59.44904,0
343784,524,-58.46524,0
343794,526,-58.18417,0
343804,534,-57.05983,0
343814,517,-59.44904,0
343824,527,-58.04362,0
343834,525,-58.3247,0
343844,518,-59.30849,0
343854,512,-60.15174,0
343864,518,-59.30849,0
343874,517,-59.44904,0
343884,524,-58.46524,0
343894,535,-56.91929,0
343904,532,-57.34091,0
343914,523,-58.60579,0
343924,529,-57.76254,0
343934,526,-58.18417,0
343944,533,-57.20037,0
343954,527,-58.04362,0
343964,528,-57.90308,0
343974,525,-58.3247,0
343984,523,-58.60579,0
343994,521,-58.88687,0
344004,520,-59.02741,0
344014,523,-58.60579,0
344024,520,-59.02741,0
344034,518,-59.30849,0
344044,522,-58.74633,0
344054,522,-58.74633,0
344064,521,-58.88687,0
344074,533,-57.20037,0
344084,533,-57.20037,0
344094,524,-58.46524,0
344104,525,-58.3247,0
344114,522,-58.74633,0
344124,528,-57.90308,0
344134,524,-58.46524,0
344144,519,-59.16795,0
344154,531,-57.48146,0
344164,526,-58.18417,0
344174,525,-58.3247,0
344184,528,-57.90308,0
344194,529,-57.76254,0
344204,529,-57.76254,0
344214,527,-58.04362,0
344224,520,-59.02741,0
344234,523,-58.60579,0
344244,516,-59.58958,0
344254,529,-57.76254,0
344264,518,-59.30849,0
344274,525,-58.3247,0
344284,535,-56.91929,0
344294,520,-59.02741,0
344304,519,-59.16795,0
344314,525,-58.3247,0
344324,530,-57.622,0
344334,519,-59.16795,0
344344,521,-58.88687,0
344354,529,-57.76254,0
344364,529,-57.76254,0
344374,524,-58.46524,0
344384,522,-58.74633,0
344394,524,-58.46524,0
344404,531,-57.48146,0
344414,523,-58.60579,0
344424,532,-57.34091,0
344434,528,-57.90308,0
344444,525,-58.3247,0
344454,515,-59.73012,0
344464,514,-59.87066,0
344474,526,-58.18417,0
344484,532,-57.34091,0
344494,531,-57.48146,0
344504,525,-58.3247,0
344514,531,-57.48146,0
344524,528,-57.90308,0
344534,531,-57.48146,0
344544,523,-58.60579,0
344554,526,-58.18417,0
344564,528,-57.90308,0
344574,523,-58.60579,0
344584,523,-58.60579,0
344594,519,-59.16795,0
344604,529,-57.76254,0
344614,526,-58.18417,0
344624,514,-59.87066,0
344634,525,-58.3247,0
344644,532,-57.34091,0
344654,526,-58.18417,0
344664,525,-58.3247,0
344674,528,-57.90308,0
344684,529,-57.76254,0
344694,525,-58.3247,0
344704,522,-58.74633,0
344714,533,-57.20037,0
344724,527,-58.04362,0
344734,520,-59.02741,0
344744,525,-58.3247,0
344754,533,-57.20037,0
344764,530,-57.622,0
344774,524,-58.46524,0
344784,528,-57.90308,0
344794,533,-57.20037,0
344804,517,-59.44904,0
344814,521,-58.88687,0
344824,523,-58.60579,0
344834,525,-58.3247,0
344844,520,-59.02741,0
344854,526,-58.18417,0
344864,520,-59.02741,0
344874,522,-58.74633,0
344884,526,-58.18417,0
344894,519,-59.16795,0
344904,520,-59.02741,0
344914,530,-57.622,0
344924,525,-58.3247,0
344934,528,-57.90308,0
344944,532,-57.34091,0
344954,520,-59.02741,0
344964,529,-57.76254,0
344974,528,-57.90308,0
344984,530,-57.622,0
344994,521,-58.88687,0
345004,515,-59.73012,0
345014,533,-57.20037,0
345024,527,-58.04362,0
345034,535,-56.91929,0
345044,518,-59.30849,0
345054,525,-58.3247,0
345064,520,-59.02741,0
345074,521,-58.88687,0
345084,531,-57.48146,0
345094,524,-58.46524,0
345104,524,-58.46524,0
345114,527,-58.04362,0
345124,528,-57.90308,0
345134,522,-58.74633,0
345144,530,-57.622,0
345154,524,-58.46524,0
345164,520,-59.02741,0
345174,523,-58.60579,0
345184,517,-59.44904,0
345194,517,-59.44904,0
345204,523,-58.60579,0
345214,518,-59.30849,0
345224,527,-58.04362,0
345234,524,-58.46524,0
345244,521,-58.88687,0
345254,531,-57.48146,0
345264,522,-58.74633,0
345274,531,-57.48146,0
345284,532,-57.34091,0
345294,528,-57.90308,0
345304,533,-57.20037,0
345314,518,-59.30849,0
345324,528,-57.90308,0
345334,524,-58.46524,0
345344,520,-59.02741,0
345354,514,-59.87066,0
345364,524,-58.46524,0
345374,520,-59.02741,0
345384,528,-57.90308,0
345394,526,-58.18417,0
345404,521,-58.88687,0
345414,528,-57.90308,0
345424,523,-58.60579,0
345434,529,-57.76254,0
345444,521,-58.88687,0
345454,524,-58.46524,0
345464,533,-57.20037,0
345474,526,-58.18417,0
345484,529,-57.76254,0
345494,520,-59.02741,0
345504,533,-57.20037,0
345514,520,-59.02741,0
345524,527,-58.04362,0
345534,528,-57.90308,0
345544,520,-59.02741,0
345554,516,-59.58958,0
345564,520,-59.02741,0
345574,527,-58.04362,0
345584,523,-58.60579,0
345594,517,-59.44904,0
345604,530,-57.622,0
345614,527,-58.04362,0
345624,527,-58.04362,0
345634,530,-57.622,0
345644,535,-56.91929,0
345654,517,-59.44904,0
345664,524,-58.46524,0
345674,523,-58.60579,0
345684,533,-57.20037,0
345694,533,-57.20037,0
345704,530,-57.622,0
345714,524,-58.46524,0
345724,521,-58.88687,0
345734,526,-58.18417,0
345744,528,-57.90308,0
345754,524,-58.46524,0
345764,531,-57.48146,0
345774,524,-58.46524,0
345784,518,-59.30849,0
345794,521,-58.88687,0
345804,527,-58.04362,0
345814,518,-59.30849,0
345824,531,-57.48146,0
345834,522,-58.74633,0
345844,527,-58.04362,0
345854,526,-58.18417,0
345864,523,-58.60579,0
345874,513,-60.0112,0
345884,531,-57.48146,0
345894,532,-57.34091,0
345904,527,-58.04362,0
345914,522,-58.74633,0
345924,532,-57.34091,0
345934,526,-58.18417,0
345944,531,-57.48146,0
345954,524,-58.46524,0
345964,524,-58.46524,0
345974,525,-58.3247,0
345984,523,-58.60579,0
345994,526,-58.18417,0
346004,524,-58.46524,0
346014,522,-58.74633,0
346024,517,-59.44904,0
346034,530,-57.622,0
346044,518,-59.30849,0
346054,530,-57.622,0
346064,526,-58.18417,0
346074,521,-58.88687,0
346084,527,-58.04362,0
346094,518,-59.30849,0
346104,532,-57.34091,0
346114,519,-59.16795,0
346124,525,-58.3247,0
346134,524,-58.46524,0
346144,523,-58.60579,0
346154,523,-58.60579,0
346164,535,-56.91929,0
346174,529,-57.76254,0
346184,527,-58.04362,0
346194,529,-57.76254,0
346204,521,-58.88687,0
346214,529,-57.76254,0
346224,528,-57.90308,0
346234,539,-56.35712,0
346244,524,-58.46524,0
346254,530,-57.622,0
346264,526,-58.18417,0
346274,523,-58.60579,0
346284,524,-58.46524,0
346294,523,-58.60579,0
346304,515,-59.73012,0
346314,527,-58.04362,0
346324,528,-57.90308,0
346334,526,-58.18417,0
346344,528,-57.90308,0
346354,521,-58.88687,0
346364,522,-58.74633,0
346374,525,-58.3247,0
346384,524,-58.46524,0
346394,524,-58.46524,0
346404,524,-58.46524,0
346414,525,-58.3247,0
346424,523,-58.60579,0
346434,528,-57.90308,0
346444,519,-59.16795,0
346454,524,-58.46524,0
346464,519,-59.16795,0
346474,517,-59.44904,0
346484,523,-58.60579,0
346494,525,-58.3247,0
346504,534,-57.05983,0
346514,530,-57.622,0
346524,525,-58.3247,0
346534,530,-57.622,0
346544,521,-58.88687,0
346554,525,-58.3247,0
346564,520,-59.02741,0
346574,520,-59.02741,0
346584,524,-58.46524,0
346594,522,-58.74633,0
346604,533,-57.20037,0
346614,522,-58.74633,0
346624,515,-59.73012,0
346634,527,-58.04362,0
346644,512,-60.15174,0
346654,522,-58.74633,0
346664,530,-57.622,0
346674,519,-59.16795,0
346684,531,-57.48146,0
346694,523,-58.60579,0
346704,523,-58.60579,0
346714,519,-59.16795,0
346724,533,-57.20037,0
346734,529,-57.76254,0
346744,528,-57.90308,0
346754,521,-58.88687,0
346764,515,-59.73012,0
346774,517,-59.44904,0
346784,534,-57.05983,0
346794,520,-59.02741,0
346804,524,-58.46524,0
346814,527,-58.04362,0
346824,528,-57.90308,0
346834,518,-59.30849,0
346844,524,-58.46524,0
346854,533,-57.20037,0
346864,527,-58.04362,0
346874,522,-58.74633,0
346884,528,-57.90308,0
346894,520,-59.02741,0
346904,514,-59.87066,0
346914,523,-58.60579,0
346924,532,-57.34091,0
346934,531,-57.48146,0
346944,537,-56.63821,0
346954,522,-58.74633,0
346964,531,-57.48146,0
346974,531,-57.48146,0
346984,529,-57.76254,0
346994,525,-58.3247,0
347004,525,-58.3247,0
347014,522,-58.74633,0
347024,522,-58.74633,0
347034,523,-58.60579,0
347044,524,-58.46524,0
347054,528,-57.90308,0
347064,516,-59.58958,0
347074,522,-58.74633,0
347084,518,-59.30849,0
347094,530,-57.622,0
347104,524,-58.46524,0
347114,522,-58.74633,0
347124,524,-58.46524,0
347134,522,-58.74633,0
347144,523,-58.60579,0
347154,530,-57.622,0
347164,532,-57.34091,0
347174,522,-58.74633,0
347184,527,-58.04362,0
347194,531,-57.48146,0
347204,524,-58.46524,0
347214,521,-58.88687,0
347224,522,-58.74633,0
347234,530,-57.622,0
347244,517,-59.44904,0
347254,521,-58.88687,0
347264,522,-58.74633,0
347274,525,-58.3247,0
347284,524,-58.46524,0
347294,531,-57.48146,0
347304,526,-58.18417,0
347314,526,-58.18417,0
347324,521,-58.88687,0
347334,530,-57.622,0
347344,532,-57.34091,0
347354,521,-58.88687,0
347364,531,-57.48146,0
347374,532,-57.34091,0
347384,516,-59.58958,0
347394,520,-59.02741,0
347404,520,-59.02741,0
347414,526,-58.18417,0
347424,526,-58.18417,0
347434,527,-58.04362,0
347444,531,-57.48146,0
347454,522,-58.74633,0
347464,524,-58.46524,0
347474,527,-58.04362,0
347484,523,-58.60579,0
347494,519,-59.16795,0
347504,513,-60.0112,0
347514,536,-56.77875,0
347524,526,-58.18417,0
347534,529,-57.76254,0
347544,513,-60.0112,0
347554,527,-58.04362,0
347564,520,-59.02741,0
347574,518,-59.30849,0
347584,518,-59.30849,0
347594,517,-59.44904,0
347604,524,-58.46524,0
347614,522,-58.74633,0
347624,523,-58.60579,0
347634,519,-59.16795,0
347644,525,-58.3247,0
347654,523,-58.60579,0
347664,518,-59.30849,0
347674,520,-59.02741,0
347684,519,-59.16795,0
347694,522,-58.74633,0
347704,521,-58.88687,0
347714,531,-57.48146,0
347724,518,-59.30849,0
347734,514,-59.87066,0
347744,521,-58.88687,0
347754,526,-58.18417,0
347764,521,-58.88687,0
347774,523,-58.60579,0
347784,527,-58.04362,0
347794,529,-57.76254,0
347804,522,-58.74633,0
347814,517,-59.44904,0
347824,519,-59.16795,0
347834,517,-59.44904,0
347844,527,-58.04362,0
347854,523,-58.60579,0
347864,527,-58.04362,0
347874,521,-58.88687,0
347884,522,-58.74633,0
347894,531,-57.48146,0
347904,525,-58.3247,0
347914,525,-58.3247,0
347924,525,-58.3247,0
347934,525,-58.3247,0
347944,519,-59.16795,0
347954,522,-58.74633,0
347964,526,-58.18417,0
347974,523,-58.60579,0
347984,522,-58.74633,0
347994,521,-58.88687,0
348004,518,-59.30849,0
348014,523,-58.60579,0
348024,513,-60.0112,0
348034,523,-58.60579,0
348044,521,-58.88687,0
348054,525,-58.3247,0
348064,519,-59.16795,0
348074,516,-59.58958,0
348084,527,-58.04362,0
348094,522,-58.74633,0
348104,517,-59.44904,0
348114,527,-58.04362,0
348124,519,-59.16795,0
348134,526,-58.18417,0
348144,522,-58.74633,0
348154,527,-58.04362,0
348164,520,-59.02741,0
348174,523,-58.60579,0
348184,516,-59.58958,0
348194,527,-58.04362,0
348204,522,-58.74633,0
348214,515,-59.73012,0
348224,527,-58.04362,0
348234,520,-59.02741,0
348244,517,-59.44904,0
348254,527,-58.04362,0
348264,525,-58.3247,0
348274,525,-58.3247,0
348284,522,-58.74633,0
348294,530,-57.622,0
348304,533,-57.20037,0
348314,523,-58.60579,0
348324,525,-58.3247,0
348334,523,-58.60579,0
348344,521,-58.88687,0
348354,523,-58.60579,0
348364,528,-57.90308,0
348374,518,-59.30849,0
348384,524,-58.46524,0
348394,526,-58.18417,0
348404,523,-58.60579,0
348414,529,-57.76254,0
348424,523,-58.60579,0
348434,528,-57.90308,0
348444,523,-58.60579,0
348454,519,-59.16795,0
348464,530,-57.622,0
348474,521,-58.88687,0
348484,520,-59.02741,0
348494,523,-58.60579,0
348504,526,-58.18417,0
348514,529,-57.76254,0
348524,523,-58.60579,0
348534,515,-59.73012,0
348544,518,-59.30849,0
348554,526,-58.18417,0
348564,532,-57.34091,0
348574,520,-59.02741,0
348584,521,-58.88687,0
348594,513,-60.0112,0
348604,523,-58.60579,0
348614,525,-58.3247,0
348624,532,-57.34091,0
348634,525,-58.3247,0
348644,528,-57.90308,0
348654,529,-57.76254,0
348664,515,-59.73012,0
348674,526,-58.18417,0
348684,530,-57.622,0
348694,525,-58.3247,0
348704,522,-58.74633,0
348714,522,-58.74633,0
348724,521,-58.88687,0
348734,527,-58.04362,0
348744,530,-57.622,0
348754,530,-57.622,0
348764,529,-57.76254,0
348774,526,-58.18417,0
348784,527,-58.04362,0
348794,524,-58.46524,0
348804,529,-57.76254,0
348814,526,-58.18417,0
348824,521,-58.88687,0
348834,527,-58.04362,0
348844,526,-58.18417,0
348854,529,-57.76254,0
348864,530,-57.622,0
348874,526,-58.18417,0
348884,518,-59.30849,0
348894,521,-58.88687,0
348904,529,-57.76254,0
348914,536,-56.77875,0
348924,522,-58.74633,0
348934,533,-57.20037,0
348944,535,-56.91929,0
348954,522,-58.74633,0
348964,532,-57.34091,0
348974,525,-58.3247,0
348984,526,-58.18417,0
348994,519,-59.16795,0
349004,522,-58.74633,0
349014,526,-58.18417,0
349024,521,-58.88687,0
349034,512,-60.15174,0
349044,523,-58.60579,0
349054,516,-59.58958,0
349064,518,-59.30849,0
349074,519,-59.16795,0
349084,523,-58.60579,0
349094,523,-58.60579,0
349104,520,-59.02741,0
349114,521,-58.88687,0
349124,530,-57.622,0
349134,527,-58.04362,0
349144,528,-57.90308,0
349154,517,-59.44904,0
349164,527,-58.04362,0
349174,522,-58.74633,0
349184,526,-58.18417,0
349194,527,-58.04362,0
349204,522,-58.74633,0
349214,528,-57.90308,0
349224,515,-59.73012,0
349234,529,-57.76254,0
349244,525,-58.3247,0
349254,536,-56.77875,0
349264,519,-59.16795,0
349274,526,-58.18417,0
349284,523,-58.60579,0
349294,521,-58.88687,0
349304,521,-58.88687,0
349314,519,-59.16795,0
349324,519,-59.16795,0
349334,524,-58.46524,0
349344,528,-57.90308,0
349354,528,-57.90308,0
349364,523,-58.60579,0
349374,534,-57.05983,0
349384,530,-57.622,0
349394,532,-57.34091,0
349404,526,-58.18417,0
349414,523,-58.60579,0
349424,527,-58.04362,0
349434,525,-58.3247,0
349444,523,-58.60579,0
349454,518,-59.30849,0
349464,526,-58.18417,0
349474,529,-57.76254,0
349484,522,-58.74633,0
349494,531,-57.48146,0
349504,519,-59.16795,0
349514,529,-57.76254,0
349524,527,-58.04362,0
349534,521,-58.88687,0
349544,519,-59.16795,0
349554,517,-59.44904,0
349564,513,-60.0112,0
349574,515,-59.73012,0
349584,520,-59.02741,0
349594,532,-57.34091,0
349604,522,-58.74633,0
349614,529,-57.76254,0
349624,528,-57.90308,0
349634,520,-59.02741,0
349644,532,-57.34091,0
349654,529,-57.76254,0
349664,517,-59.44904,0
349674,525,-58.3247,0
349684,522,-58.74633,0
349694,518,-59.30849,0
349704,525,-58.3247,0
349714,526,-58.18417,0
349724,523,-58.60579,0
349734,529,-57.76254,0
349744,526,-58.18417,0
349754,526,-58.18417,0
349764,524,-58.46524,0
349774,528,-57.90308,0
349784,529,-57.76254,0
349794,524,-58.46524,0
349804,526,-58.18417,0
349814,525,-58.3247,0
349824,517,-59.44904,0
349834,533,-57.20037,0
349844,528,-57.90308,0
349854,528,-57.90308,0
349864,530,-57.622,0
349874,538,-56.49767,0
349884,526,-58.18417,0
349894,531,-57.48146,0
349904,531,-57.48146,0
349914,533,-57.20037,0
349924,526,-58.18417,0
349934,522,-58.74633,0
349944,531,-57.48146,0
349954,513,-60.0112,0
349964,527,-58.04362,0
349974,526,-58.18417,0
349984,526,-58.18417,0
349994,526,-58.18417,0
350004,523,-58.60579,0
350014,524,-58.46524,0
350024,514,-59.87066,0
350034,522,-58.74633,0
350044,523,-58.60579,0
350054,535,-56.91929,0
350064,515,-59.73012,0
350074,533,-57.20037,0
350084,530,-57.622,0
350094,523,-58.60579,0
350104,521,-58.88687,0
350114,523,-58.60579,0
350124,527,-58.04362,0
350134,518,-59.30849,0
350144,526,-58.18417,0
350154,523,-58.60579,0
350164,523,-58.60579,0
350174,520,-59.02741,0
350184,522,-58.74633,0
350194,532,-57.34091,0
350204,519,-59.16795,0
350214,518,-59.30849,0
350224,533,-57.20037,0
350234,533,-57.20037,0
350244,517,-59.44904,0
350254,532,-57.34091,0
350264,527,-58.04362,0
350274,516,-59.58958,0
350284,522,-58.74633,0
350294,521,-58.88687,0
350304,515,-59.73012,0
350314,521,-58.88687,0
350324,527,-58.04362,0
350334,526,-58.18417,0
350344,530,-57.622,0
350354,525,-58.3247,0
350364,524,-58.46524,0
350374,524,-58.46524,0
350384,532,-57.34091,0
350394,527,-58.04362,0
350404,528,-57.90308,0
350414,520,-59.02741,0
350424,533,-57.20037,0
350434,525,-58.3247,0
350444,527,-58.04362,0
350454,533,-57.20037,0
350464,536,-56.77875,0
350474,514,-59.87066,0
350484,525,-58.3247,0
350494,529,-57.76254,0
350504,528,-57.90308,0
350514,530,-57.622,0
350524,521,-58.88687,0
350534,518,-59.30849,0
350544,521,-58.88687,0
350554,526,-58.18417,0
350564,527,-58.04362,0
350574,531,-57.48146,0
350584,523,-58.60579,0
350594,524,-58.46524,0
350604,530,-57.622,0
350614,529,-57.76254,0
350624,528,-57.90308,0
350634,525,-58.3247,0
350644,531,-57.48146,0
350654,524,-58.46524,0
350664,524,-58.46524,0
350674,529,-57.76254,0
350684,521,-58.88687,0
350694,522,-58.74633,0
350704,531,-57.48146,0
350714,531,-57.48146,0
350724,528,-57.90308,0
350734,521,-58.88687,0
350744,529,-57.76254,0
350754,530,-57.622,0
350764,519,-59.16795,0
350774,524,-58.46524,0
350784,529,-57.76254,0
350794,530,-57.622,0
350804,532,-57.34091,0
350814,522,-58.74633,0
350824,517,-59.44904,0
350834,527,-58.04362,0
350844,516,-59.58958,0
350854,526,-58.18417,0
350864,526,-58.18417,0
350874,528,-57.90308,0
350884,527,-58.04362,0
350894,532,-57.34091,0
350904,521,-58.88687,0
350914,524,-58.46524,0
350924,528,-57.90308,0
350934,530,-57.622,0
350944,525,-58.3247,0
350954,529,-57.76254,0
350964,521,-58.88687,0
350974,531,-57.48146,0
350984,521,-58.88687,0
350994,522,-58.74633,0
351004,518,-59.30849,0
351014,524,-58.46524,0
351024,523,-58.60579,0
351034,525,-58.3247,0
351044,522,-58.74633,0
351054,519,-59.16795,0
351064,534,-57.05983,0
351074,525,-58.3247,0
351084,515,-59.73012,0
351094,511,-60.29228,0
351104,531,-57.48146,0
351114,534,-57.05983,0
351124,527,-58.04362,0
351134,526,-58.18417,0
351144,524,-58.46524,0
351154,525,-58.3247,0
351164,527,-58.04362,0
351174,532,-57.34091,0
351184,527,-58.04362,0
351194,528,-57.90308,0
351204,529,-57.76254,0
351214,528,-57.90308,0
351224,529,-57.76254,0
351234,530,-57.622,0
351244,523,-58.60579,0
351254,525,-58.3247,0
351264,517,-59.44904,0
351274,523,-58.60579,0
351284,526,-58.18417,0
351294,530,-57.622,0
351304,528,-57.90308,0
351314,525,-58.3247,0
351324,524,-58.46524,0
351334,528,-57.90308,0
351344,533,-57.20037,0
351354,519,-59.16795,0
351364,527,-58.04362,0
351374,523,-58.60579,0
351384,523,-58.60579,0
351394,520,-59.02741,0
351404,520,-59.02741,0
351414,530,-57.622,0
351424,526,-58.18417,0
351434,533,-57.20037,0
351444,524,-58.46524,0
351454,518,-59.30849,0
351464,523,-58.60579,0
351474,524,-58.46524,0
351484,530,-57.622,0
351494,531,-57.48146,0
351504,530,-57.622,0
351514,523,-58.60579,0
351524,530,-57.622,0
351534,527,-58.04362,0
351544,515,-59.73012,0
351554,528,-57.90308,0
351564,522,-58.74633,0
351574,534,-57.05983,0
351584,522,-58.74633,0
351594,532,-57.34091,0
351604,511,-60.29228,0
351614,526,-58.18417,0
351624,524,-58.46524,0
351634,518,-59.30849,0
351644,534,-57.05983,0
351654,524,-58.46524,0
351664,526,-58.18417,0
351674,525,-58.3247,0
351684,529,-57.76254,0
351694,529,-57.76254,0
351704,524,-58.46524,0
351714,518,-59.30849,0
351724,528,-57.90308,0
351734,517,-59.44904,0
351744,521,-58.88687,0
351754,525,-58.3247,0
351764,520,-59.02741,0
351774,527,-58.04362,0
351784,529,-57.76254,0
351794,524,-58.46524,0
351804,518,-59.30849,0
351814,518,-59.30849,0
351824,522,-58.74633,0
351834,521,-58.88687,0
351844,526,-58.18417,0
351854,528,-57.90308,0
351864,520,-59.02741,0
351874,531,-57.48146,0
351884,523,-58.60579,0
351894,527,-58.04362,0
351904,518,-59.30849,0
351914,528,-57.90308,0
351924,515,-59.73012,0
351934,528,-57.90308,0
351944,527,-58.04362,0
351954,518,-59.30849,0
351964,530,-57.622,0
351974,528,-57.90308,0
351984,531,-57.48146,0
351994,529,-57.76254,0
352004,525,-58.3247,0
352014,527,-58.04362,0
352024,528,-57.90308,0
352034,529,-57.76254,0
352044,528,-57.90308,0
352054,524,-58.46524,0
352064,531,-57.48146,0
352074,529,-57.76254,0
352084,526,-58.18417,0
352094,528,-57.90308,0
352104,527,-58.04362,0
352114,532,-57.34091,0
352124,530,-57.622,0
352134,522,-58.74633,0
352144,523,-58.60579,0
352154,521,-58.88687,0
352164,520,-59.02741,0
352174,529,-57.76254,0
352184,521,-58.88687,0
352194,521,-58.88687,0
352204,523,-58.60579,0
352214,521,-58.88687,0
352224,515,-59.73012,0
352234,531,-57.48146,0
352244,517,-59.44904,0
352254,528,-57.90308,0
352264,528,-57.90308,0
352274,525,-58.3247,0
352284,525,-58.3247,0
352294,521,-58.88687,0
352304,516,-59.58958,0
352314,522,-58.74633,0
352324,529,-57.76254,0
352334,519,-59.16795,0
352344,522,-58.74633,0
352354,519,-59.16795,0
352364,518,-59.30849,0
352374,530,-57.622,0
352384,524,-58.46524,0
352394,523,-58.60579,0
352404,533,-57.20037,0
352414,532,-57.34091,0
352424,526,-58.18417,0
352434,527,-58.04362,0
352444,529,-57.76254,0
352454,526,-58.18417,0
352464,518,-59.30849,0
352474,524,-58.46524,0
352484,527,-58.04362,0
352494,522,-58.74633,0
352504,517,-59.44904,0
352514,519,-59.16795,0
352524,522,-58.74633,0
352534,522,-58.74633,0
352544,523,-58.60579,0
352554,526,-58.18417,0
352564,525,-58.3247,0
352574,526,-58.18417,0
352584,524,-58.46524,0
352594,523,-58.60579,0
352604,524,-58.46524,0
352614,519,-59.16795,0
352624,519,-59.16795,0
352634,524,-58.46524,0
352644,522,-58.74633,0
352654,521,-58.88687,0
352664,527,-58.04362,0
352674,520,-59.02741,0
352684,536,-56.77875,0
352694,518,-59.30849,0
352704,518,-59.30849,0
352714,525,-58.3247,0
352724,519,-59.16795,0
352734,529,-57.76254,0
352744,522,-58.74633,0
352754,512,-60.15174,0
352764,521,-58.88687,0
352774,526,-58.18417,0
352784,524,-58.46524,0
352794,525,-58.3247,0
352804,523,-58.60579,0
352814,534,-57.05983,0
352824,532,-57.34091,0
352834,524,-58.46524,0
352844,520,-59.02741,0
352854,520,-59.02741,0
352864,530,-57.622,0
352874,529,-57.76254,0
352884,521,-58.88687,0
352894,515,-59.73012,0
352904,525,-58.3247,0
352914,526,-58.18417,0
352924,515,-59.73012,0
352934,521,-58.88687,0
352944,530,-57.622,0
352954,522,-58.74633,0
352964,524,-58.46524,0
352974,528,-57.90308,0
352984,522,-58.74633,0
352994,514,-59.87066,0
353004,538,-56.49767,0
353014,528,-57.90308,0
353024,525,-58.3247,0
353034,534,-57.05983,0
353044,518,-59.30849,0
353054,526,-58.18417,0
353064,521,-58.88687,0
353074,525,-58.3247,0
353084,527,-58.04362,0
353094,522,-58.74633,0
353104,528,-57.90308,0
353114,527,-58.04362,0
353124,526,-58.18417,0
353134,526,-58.18417,0
353144,534,-57.05983,0
353154,527,-58.04362,0
353164,528,-57.90308,0
353174,520,-59.02741,0
353184,526,-58.18417,0
353194,520,-59.02741,0
353204,521,-58.88687,0
353214,529,-57.76254,0
353224,523,-58.60579,0
353234,518,-59.30849,0
353244,525,-58.3247,0
353254,529,-57.76254,0
353264,525,-58.3247,0
353274,534,-57.05983,0
353284,524,-58.46524,0
353294,527,-58.04362,0
353304,527,-58.04362,0
353314,523,-58.60579,0
353324,535,-56.91929,0
353334,526,-58.18417,0
353344,522,-58.74633,0
353354,528,-57.90308,0
353364,530,-57.622,0
353374,528,-57.90308,0
353384,535,-56.91929,0
353394,520,-59.02741,0
353404,529,-57.76254,0
353414,526,-58.18417,0
353424,528,-57.90308,0
353434,522,-58.74633,0
353444,522,-58.74633,0
353454,525,-58.3247,0
353464,533,-57.20037,0
353474,524,-58.46524,0
353484,532,-57.34091,0
353494,526,-58.18417,0
353504,526,-58.18417,0
353514,521,-58.88687,0
353524,528,-57.90308,0
353534,527,-58.04362,0
353544,521,-58.88687,0
353554,523,-58.60579,0
353564,524,-58.46524,0
353574,524,-58.46524,0
353584,521,-58.88687,0
353594,524,-58.46524,0
353604,524,-58.46524,0
353614,526,-58.18417,0
353624,522,-58.74633,0
353634,530,-57.622,0
353644,519,-59.16795,0
353654,528,-57.90308,0
353664,522,-58.74633,0
353674,521,-58.88687,0
353684,520,-59.02741,0
353694,513,-60.0112,0
353704,523,-58.60579,0
353714,529,-57.76254,0
353724,525,-58.3247,0
353734,527,-58.04362,0
353744,518,-59.30849,0
353754,529,-57.76254,0
353764,524,-58.46524,0
353774,530,-57.622,0
353784,523,-58.60579,0
353794,521,-58.88687,0
353804,518,-59.30849,0
353814,521,-58.88687,0
353824,519,-59.16795,0
353834,525,-58.3247,0
353844,530,-57.622,0
353854,521,-58.88687,0
353864,527,-58.04362,0
353874,522,-58.74633,0
353884,523,-58.60579,0
353894,529,-57.76254,0
353904,522,-58.74633,0
353914,520,-59.02741,0
353924,525,-58.3247,0
353934,522,-58.74633,0
353944,522,-58.74633,0
353954,532,-57.34091,0
353964,521,-58.88687,0
353974,531,-57.48146,0
353984,526,-58.18417,0
353994,525,-58.3247,0
354004,529,-57.76254,0
354014,529,-57.76254,0
354024,529,-57.76254,0
354034,520,-59.02741,0
354044,531,-57.48146,0
354054,523,-58.60579,0
354064,526,-58.18417,0
354074,534,-57.05983,0
354084,527,-58.04362,0
354094,527,-58.04362,0
354104,522,-58.74633,0
354114,521,-58.88687,0
354124,523,-58.60579,0
354134,528,-57.90308,0
354144,525,-58.3247,0
354154,521,-58.88687,0
354164,519,-59.16795,0
354174,527,-58.04362,0
354184,518,-59.30849,0
354194,520,-59.02741,0
354204,521,-58.88687,0
354214,525,-58.3247,0
354224,521,-58.88687,0
354234,528,-57.90308,0
354244,534,-57.05983,0
354254,522,-58.74633,0
354264,533,-57.20037,0
354274,520,-59.02741,0
354284,530,-57.622,0
354294,525,-58.3247,0
354304,527,-58.04362,0
354314,527,-58.04362,0
354324,515,-59.73012,0
354334,521,-58.88687,0
354344,520,-59.02741,0
354354,517,-59.44904,0
354364,521,-58.88687,0
354374,525,-58.3247,0
354384,525,-58.3247,0
354394,518,-59.30849,0
354404,522,-58.74633,0
354414,528,-57.90308,0
354424,524,-58.46524,0
354434,527,-58.04362,0
354444,519,-59.16795,0
354454,513,-60.0112,0
354464,522,-58.74633,0
354474,520,-59.02741,0
354484,530,-57.622,0
354494,516,-59.58958,0
354504,523,-58.60579,0
354514,520,-59.02741,0
354524,524,-58.46524,0
354534,521,-58.88687,0
354544,526,-58.18417,0
354554,521,-58.88687,0
354564,528,-57.90308,0
354574,528,-57.90308,0
354584,524,-58.46524,0
354594,529,-57.76254,0
354604,527,-58.04362,0
354614,533,-57.20037,0
354624,528,-57.90308,0
354634,529,-57.76254,0
354644,517,-59.44904,0
354654,515,-59.73012,0
354664,534,-57.05983,0
354674,534,-57.05983,0
354684,518,-59.30849,0
354694,529,-57.76254,0
354704,526,-58.18417,0
354714,536,-56.77875,0
354724,521,-58.88687,0
354734,533,-57.20037,0
354744,527,-58.04362,0
354754,520,-59.02741,0
354764,519,-59.16795,0
354774,521,-58.88687,0
354784,528,-57.90308,0
354794,521,-58.88687,0
354804,529,-57.76254,0
354814,530,-57.622,0
354824,521,-58.88687,0
354834,523,-58.60579,0
354844,528,-57.90308,0
354854,518,-59.30849,0
354864,526,-58.18417,0
354874,525,-58.3247,0
354884,521,-58.88687,0
354894,516,-59.58958,0
354904,519,-59.16795,0
354914,532,-57.34091,0
354924,528,-57.90308,0
354934,526,-58.18417,0
354944,522,-58.74633,0
354954,534,-57.05983,0
354964,525,-58.3247,0
354974,525,-58.3247,0
354984,535,-56.91929,0
354994,523,-58.60579,0
355004,530,-57.622,0
355014,525,-58.3247,0
355024,526,-58.18417,0
355034,528,-57.90308,0
355044,525,-58.3247,0
355054,517,-59.44904,0
355064,528,-57.90308,0
355074,532,-57.34091,0
355084,534,-57.05983,0
355094,523,-58.60579,0
355104,533,-57.20037,0
355114,525,-58.3247,0
355124,532,-57.34091,0
355134,520,-59.02741,0
355144,528,-57.90308,0
355154,525,-58.3247,0
355164,532,-57.34091,0
355174,527,-58.04362,0
355184,527,-58.04362,0
355194,522,-58.74633,0
355204,528,-57.90308,0
355214,519,-59.16795,0
355224,522,-58.74633,0
355234,525,-58.3247,0
355244,516,-59.58958,0
355254,528,-57.90308,0
355264,522,-58.74633,0
355274,529,-57.76254,0
355284,525,-58.3247,0
355294,530,-57.622,0
355304,523,-58.60579,0
355314,522,-58.74633,0
355324,522,-58.74633,0
355334,532,-57.34091,0
355344,529,-57.76254,0
355354,525,-58.3247,0
355364,524,-58.46524,0
355374,523,-58.60579,0
355384,531,-57.48146,0
355394,522,-58.74633,0
355404,526,-58.18417,0
355414,524,-58.46524,0
355424,525,-58.3247,0
355434,528,-57.90308,0
355444,526,-58.18417,0
355454,531,-57.48146,0
355464,529,-57.76254,0
355474,526,-58.18417,0
355484,525,-58.3247,0
355494,527,-58.04362,0
355504,530,-57.622,0
355514,526,-58.18417,0
355524,523,-58.60579,0
355534,527,-58.04362,0
355544,521,-58.88687,0
355554,530,-57.622,0
355564,526,-58.18417,0
355574,526,-58.18417,0
355584,524,-58.46524,0
355594,527,-58.04362,0
355604,523,-58.60579,0
355614,533,-57.20037,0
355624,523,-58.60579,0
355634,515,-59.73012,0
355644,525,-58.3247,0
355654,519,-59.16795,0
355664,523,-58.60579,0
355674,525,-58.3247,0
355684,528,-57.90308,0
355694,521,-58.88687,0
355704,532,-57.34091,0
355714,521,-58.88687,0
355724,522,-58.74633,0
355734,525,-58.3247,0
355744,523,-58.60579,0
355754,532,-57.34091,0
355764,521,-58.88687,0
355774,527,-58.04362,0
355784,525,-58.3247,0
355794,527,-58.04362,0
355804,523,-58.60579,0
355814,527,-58.04362,0
355824,522,-58.74633,0
355834,531,-57.48146,0
355844,530,-57.622,0
355854,525,-58.3247,0
355864,525,-58.3247,0
355874,520,-59.02741,0
355884,519,-59.16795,0
355894,521,-58.88687,0
355904,526,-58.18417,0
355914,520,-59.02741,0
355924,515,-59.73012,0
355934,521,-58.88687,0
355944,522,-58.74633,0
355954,528,-57.90308,0
355964,518,-59.30849,0
355974,521,-58.88687,0
355984,526,-58.18417,0
355994,525,-58.3247,0
356004,525,-58.3247,0
356014,527,-58.04362,0
356024,524,-58.46524,0
356034,526,-58.18417,0
356044,528,-57.90308,0
356054,522,-58.74633,0
356064,522,-58.74633,0
356074,515,-59.73012,0
356084,528,-57.90308,0
356094,527,-58.04362,0
356104,529,-57.76254,0
356114,527,-58.04362,0
356124,521,-58.88687,0
356134,530,-57.622,0
356144,526,-58.18417,0
356154,528,-57.90308,0
356164,520,-59.02741,0
356174,526,-58.18417,0
356184,532,-57.34091,0
356194,516,-59.58958,0
356204,530,-57.622,0
356214,523,-58.60579,0
356224,525,-58.3247,0
356234,528,-57.90308,0
356244,525,-58.3247,0
356254,524,-58.46524,0
356264,517,-59.44904,0
356274,516,-59.58958,0
356284,530,-57.622,0
356294,532,-57.34091,0
356304,529,-57.76254,0
356314,528,-57.90308,0
356324,521,-58.88687,0
356334,521,-58.88687,0
356344,535,-56.91929,0
356354,528,-57.90308,0
356364,521,-58.88687,0
356374,521,-58.88687,0
356384,522,-58.74633,0
356394,520,-59.02741,0
356404,521,-58.88687,0
356414,526,-58.18417,0
356424,523,-58.60579,0
356434,532,-57.34091,0
356444,523,-58.60579,0
356454,519,-59.16795,0
356464,528,-57.90308,0
356474,525,-58.3247,0
356484,529,-57.76254,0
356494,529,-57.76254,0
356504,523,-58.60579,0
356514,522,-58.74633,0
356524,520,-59.02741,0
356534,519,-59.16795,0
356544,514,-59.87066,0
356554,522,-58.74633,0
356564,524,-58.46524,0
356574,510,-60.43283,0
356584,519,-59.16795,0
356594,528,-57.90308,0
356604,530,-57.622,0
356614,525,-58.3247,0
356624,516,-59.58958,0
356634,526,-58.18417,0
356644,525,-58.3247,0
356654,521,-58.88687,0
356664,527,-58.04362,0
356674,525,-58.3247,0
356684,525,-58.3247,0
356694,518,-59.30849,0
356704,521,-58.88687,0
356714,530,-57.622,0
356724,526,-58.18417,0
356734,529,-57.76254,0
356744,527,-58.04362,0
356754,521,-58.88687,0
356764,517,-59.44904,0
356774,529,-57.76254,0
356784,524,-58.46524,0
356794,525,-58.3247,0
356804,521,-58.88687,0
356814,528,-57.90308,0
356824,540,-56.21659,0
356834,526,-58.18417,0
356844,530,-57.622,0
356854,526,-58.18417,0
356864,527,-58.04362,0
356874,526,-58.18417,0
356884,521,-58.88687,0
356894,525,-58.3247,0
356904,526,-58.18417,0
356914,512,-60.15174,0
356924,534,-57.05983,0
356934,524,-58.46524,0
356944,530,-57.622,0
356954,533,-57.20037,0
356964,522,-58.74633,0
356974,528,-57.90308,0
356984,535,-56.91929,0
356994,519,-59.16795,0
357004,530,-57.622,0
357014,517,-59.44904,0
357024,529,-57.76254,0
357034,523,-58.60579,0
357044,531,-57.48146,0
357054,528,-57.90308,0
357064,532,-57.34091,0
357074,521,-58.88687,0
357084,524,-58.46524,0
357094,532,-57.34091,0
357104,524,-58.46524,0
357114,531,-57.48146,0
357124,521,-58.88687,0
357134,530,-57.622,0
357144,520,-59.02741,0
357154,522,-58.74633,0
357164,526,-58.18417,0
357174,525,-58.3247,0
357184,530,-57.622,0
357194,526,-58.18417,0
357204,532,-57.34091,0
357214,526,-58.18417,0
357224,523,-58.60579,0
357234,533,-57.20037,0
357244,529,-57.76254,0
357254,523,-58.60579,0
357264,527,-58.04362,0
357274,529,-57.76254,0
357284,523,-58.60579,0
357294,528,-57.90308,0
357304,528,-57.90308,0
357314,522,-58.74633,0
357324,531,-57.48146,0
357334,524,-58.46524,0
357344,528,-57.90308,0
357354,516,-59.58958,0
357364,522,-58.74633,0
357374,523,-58.60579,0
357384,522,-58.74633,0
357394,525,-58.3247,0
357404,527,-58.04362,0
357414,525,-58.3247,0
357424,525,-58.3247,0
357434,526,-58.18417,0
357444,528,-57.90308,0
357454,533,-57.20037,0
357464,530,-57.622,0
357474,522,-58.74633,0
357484,528,-57.90308,0
357494,533,-57.20037,0
357504,532,-57.34091,0
357514,519,-59.16795,0
357524,528,-57.90308,0
357534,519,-59.16795,0
357544,531,-57.48146,0
357554,531,-57.48146,0
357564,530,-57.622,0
357574,528,-57.90308,0
357584,521,-58.88687,0
357594,524,-58.46524,0
357604,525,-58.3247,0
357614,526,-58.18417,0
357624,518,-59.30849,0
357634,522,-58.74633,0
357644,522,-58.74633,0
357654,527,-58.04362,0
357664,515,-59.73012,0
357674,523,-58.60579,0
357684,529,-57.76254,0
357694,528,-57.90308,0
357704,536,-56.77875,0
357714,524,-58.46524,0
357724,525,-58.3247,0
357734,525,-58.3247,0
357744,523,-58.60579,0
357754,526,-58.18417,0
357764,524,-58.46524,0
357774,523,-58.60579,0
357784,516,-59.58958,0
357794,522,-58.74633,0
357804,524,-58.46524,0
357814,526,-58.18417,0
357824,519,-59.16795,0
357834,527,-58.04362,0
357844,532,-57.34091,0
357854,523,-58.60579,0
357864,526,-58.18417,0
357874,517,-59.44904,0
357884,524,-58.46524,0
357894,524,-58.46524,0
357904,525,-58.3247,0
357914,519,-59.16795,0
357924,520,-59.02741,0
357934,527,-58.04362,0
357944,527,-58.04362,0
357954,530,-57.622,0
357964,524,-58.46524,0
357974,529,-57.76254,0
357984,527,-58.04362,0
357994,526,-58.18417,0
358004,527,-58.04362,0
358014,516,-59.58958,0
358024,522,-58.74633,0
358034,523,-58.60579,0
358044,529,-57.76254,0
358054,531,-57.48146,0
358064,525,-58.3247,0
358074,517,-59.44904,0
358084,521,-58.88687,0
358094,522,-58.74633,0
358104,521,-58.88687,0
358114,522,-58.74633,0
358124,521,-58.88687,0
358134,516,-59.58958,0
358144,522,-58.74633,0
358154,517,-59.44904,0
358164,525,-58.3247,0
358174,524,-58.46524,0
358184,528,-57.90308,0
358194,529,-57.76254,0
358204,514,-59.87066,0
358214,528,-57.90308,0
358224,526,-58.18417,0
358234,524,-58.46524,0
358244,529,-57.76254,0
358254,520,-59.02741,0
358264,523,-58.60579,0
358274,530,-57.622,0
358284,529,-57.76254,0
358294,522,-58.74633,0
358304,518,-59.30849,0
358314,525,-58.3247,0
358324,524,-58.46524,0
358334,525,-58.3247,0
358344,515,-59.73012,0
358354,514,-59.87066,0
358364,519,-59.16795,0
358374,523,-58.60579,0
358384,529,-57.76254,0
358394,529,-57.76254,0
358404,528,-57.90308,0
358414,523,-58.60579,0
358424,524,-58.46524,0
358434,530,-57.622,0
358444,534,-57.05983,0
358454,531,-57.48146,0
358464,528,-57.90308,0
358474,519,-59.16795,0
358484,518,-59.30849,0
358494,528,-57.90308,0
358504,531,-57.48146,0
358514,516,-59.58958,0
358524,530,-57.622,0
358534,527,-58.04362,0
358544,533,-57.20037,0
358554,529,-57.76254,0
358564,526,-58.18417,0
358574,535,-56.91929,0
358584,533,-57.20037,0
358594,529,-57.76254,0
358604,523,-58.60579,0
358614,528,-57.90308,0
358624,519,-59.16795,0
358634,529,-57.76254,0
358644,527,-58.04362,0
358654,529,-57.76254,0
358664,522,-58.74633,0
358674,521,-58.88687,0
358684,527,-58.04362,0
358694,526,-58.18417,0
358704,527,-58.04362,0
358714,524,-58.46524,0
358724,525,-58.3247,0
358734,523,-58.60579,0
358744,524,-58.46524,0
358754,532,-57.34091,0
358764,528,-57.90308,0
358774,531,-57.48146,0
358784,524,-58.46524,0
358794,521,-58.88687,0
358804,516,-59.58958,0
358814,529,-57.76254,0
358824,536,-56.77875,0
358834,524,-58.46524,0
358844,530,-57.622,0
358854,519,-59.16795,0
358864,522,-58.74633,0
358874,522,-58.74633,0
358884,522,-58.74633,0
358894,529,-57.76254,0
358904,525,-58.3247,0
358914,533,-57.20037,0
358924,523,-58.60579,0
358934,533,-57.20037,0
358944,527,-58.04362,0
358954,535,-56.91929,0
358964,516,-59.58958,0
358974,535,-56.91929,0
358984,531,-57.48146,0
358994,518,-59.30849,0
359004,527,-58.04362,0
359014,523,-58.60579,0
359024,520,-59.02741,0
359034,523,-58.60579,0
359044,530,-57.622,0
359054,529,-57.76254,0
359064,525,-58.3247,0
359074,526,-58.18417,0
359084,527,-58.04362,0
359094,521,-58.88687,0
359104,521,-58.88687,0
359114,515,-59.73012,0
359124,529,-57.76254,0
359134,528,-57.90308,0
359144,518,-59.30849,0
359154,523,-58.60579,0
359164,520,-59.02741,0
359174,523,-58.60579,0
359184,530,-57.622,0
359194,525,-58.3247,0
359204,529,-57.76254,0
359214,519,-59.16795,0
359224,537,-56.63821,0
359234,521,-58.88687,0
359244,518,-59.30849,0
359254,532,-57.34091,0
359264,523,-58.60579,0
359274,530,-57.622,0
359284,527,-58.04362,0
359294,529,-57.76254,0
359304,528,-57.90308,0
359314,527,-58.04362,0
359324,527,-58.04362,0
359334,529,-57.76254,0
359344,529,-57.76254,0
359354,520,-59.02741,0
359364,523,-58.60579,0
359374,527,-58.04362,0
359384,533,-57.20037,0
359394,528,-57.90308,0
359404,525,-58.3247,0
359414,524,-58.46524,0
359424,521,-58.88687,0
359434,525,-58.3247,0
359444,529,-57.76254,0
359454,530,-57.622,0
359464,526,-58.18417,0
359474,523,-58.60579,0
359484,522,-58.74633,0
359494,529,-57.76254,0
359504,535,-56.91929,0
359514,525,-58.3247,0
359524,530,-57.622,0
359534,528,-57.90308,0
359544,530,-57.622,0
359554,523,-58.60579,0
359564,524,-58.46524,0
359574,526,-58.18417,0
359584,532,-57.34091,0
359594,527,-58.04362,0
359604,520,-59.02741,0
359614,537,-56.63821,0
359624,525,-58.3247,0
359634,524,-58.46524,0
359644,524,-58.46524,0
359654,521,-58.88687,0
359664,532,-57.34091,0
359674,529,-57.76254,0
359684,532,-57.34091,0
359694,524,-58.46524,0
359704,531,-57.48146,0
359714,524,-58.46524,0
359724,526,-58.18417,0
359734,526,-58.18417,0
359744,524,-58.46524,0
359754,525,-58.3247,0
359764,523,-58.60579,0
359774,531,-57.48146,0
359784,530,-57.622,0
359794,534,-57.05983,0
359804,532,-57.34091,0
359814,526,-58.18417,0
359824,518,-59.30849,0
359834,525,-58.3247,0
359844,524,-58.46524,0
359854,526,-58.18417,0
359864,534,-57.05983,0
359874,516,-59.58958,0
359884,530,-57.622,0
359894,529,-57.76254,0
359904,517,-59.44904,0
359914,526,-58.18417,0
359924,522,-58.74633,0
359934,524,-58.46524,0
359944,524,-58.46524,0
359954,517,-59.44904,0
359964,524,-58.46524,0
359974,516,-59.58958,0
359984,529,-57.76254,0
359994,523,-58.60579,0
360004,528,-57.90308,0
360014,532,-57.34091,0
360024,528,-57.90308,0
360034,525,-58.3247,0
360044,529,-57.76254,0
360054,533,-57.20037,0
360064,523,-58.60579,0
360074,528,-57.90308,0
360084,521,-58.88687,0
360094,518,-59.30849,0
360104,519,-59.16795,0
360114,527,-58.04362,0
360124,515,-59.73012,0
360134,529,-57.76254,0
360144,528,-57.90308,0
360154,530,-57.622,0
360164,529,-57.76254,0
360174,529,-57.76254,0
360184,531,-57.48146,0
360194,527,-58.04362,0
360204,515,-59.73012,0
360214,529,-57.76254,0
360224,532,-57.34091,0
360234,532,-57.34091,0
360244,527,-58.04362,0
360254,529,-57.76254,0
360264,529,-57.76254,0
360274,520,-59.02741,0
360284,522,-58.74633,0
360294,537,-56.63821,0
360304,525,-58.3247,0
360314,527,-58.04362,0
360324,525,-58.3247,0
360334,523,-58.60579,0
360344,520,-59.02741,0
360354,531,-57.48146,0
360364,516,-59.58958,0
360374,524,-58.46524,0
360384,529,-57.76254,0
360394,531,-57.48146,0
360404,525,-58.3247,0
360414,522,-58.74633,0
360424,528,-57.90308,0
360434,534,-57.05983,0
360444,526,-58.18417,0
360454,515,-59.73012,0
360464,522,-58.74633,0
360474,525,-58.3247,0
360484,529,-57.76254,0
360494,523,-58.60579,0
360504,526,-58.18417,0
360514,521,-58.88687,0
360524,530,-57.622,0
360534,524,-58.46524,0
360544,518,-59.30849,0
360554,526,-58.18417,0
360564,529,-57.76254,0
360574,516,-59.58958,0
360584,520,-59.02741,0
360594,522,-58.74633,0
360604,524,-58.46524,0
360614,527,-58.04362,0
360624,523,-58.60579,0
360634,526,-58.18417,0
360644,523,-58.60579,0
360654,527,-58.04362,0
360664,528,-57.90308,0
360674,517,-59.44904,0
360684,517,-59.44904,0
360694,518,-59.30849,0
360704,519,-59.16795,0
360714,522,-58.74633,0
360724,532,-57.34091,0
360734,527,-58.04362,0
360744,521,-58.88687,0
360754,526,-58.18417,0
360764,521,-58.88687,0
360774,534,-57.05983,0
360784,531,-57.48146,0
360794,526,-58.18417,0
360804,527,-58.04362,0
360814,515,-59.73012,0
360824,531,-57.48146,0
360834,528,-57.90308,0
360844,528,-57.90308,0
360854,513,-60.0112,0
360864,527,-58.04362,0
360874,528,-57.90308,0
360884,531,-57.48146,0
360894,525,-58.3247,0
360904,522,-58.74633,0
360914,517,-59.44904,0
360924,522,-58.74633,0
360934,528,-57.90308,0
360944,519,-59.16795,0
360954,533,-57.20037,0
360964,526,-58.18417,0
360974,531,-57.48146,0
360984,527,-58.04362,0
360994,525,-58.3247,0
361004,530,-57.622,0
361014,526,-58.18417,0
361024,529,-57.76254,0
361034,519,-59.16795,0
361044,524,-58.46524,0
361054,528,-57.90308,0
361064,530,-57.622,0
361074,525,-58.3247,0
361084,519,-59.16795,0
361094,533,-57.20037,0
361104,522,-58.74633,0
361114,519,-59.16795,0
361124,526,-58.18417,0
361134,534,-57.05983,0
361144,525,-58.3247,0
361154,516,-59.58958,0
361164,520,-59.02741,0
361174,515,-59.73012,0
361184,517,-59.44904,0
361194,519,-59.16795,0
361204,533,-57.20037,0
361214,523,-58.60579,0
361224,518,-59.30849,0
361234,519,-59.16795,0
361244,526,-58.18417,0
361254,528,-57.90308,0
361264,527,-58.04362,0
361274,528,-57.90308,0
361284,527,-58.04362,0
361294,521,-58.88687,0
361304,522,-58.74633,0
361314,522,-58.74633,0
361324,526,-58.18417,0
361334,527,-58.04362,0
361344,529,-57.76254,0
361354,523,-58.60579,0
361364,522,-58.74633,0
361374,513,-60.0112,0
361384,528,-57.90308,0
361394,530,-57.622,0
361404,528,-57.90308,0
361414,525,-58.3247,0
361424,520,-59.02741,0
361434,518,-59.30849,0
361444,524,-58.46524,0
361454,520,-59.02741,0
361464,531,-57.48146,0
361474,525,-58.3247,0
361484,522,-58.74633,0
361494,524,-58.46524,0
361504,514,-59.87066,0
361514,531,-57.48146,0
361524,522,-58.74633,0
361534,526,-58.18417,0
361544,519,-59.16795,0
361554,521,-58.88687,0
361564,527,-58.04362,0
361574,523,-58.60579,0
361584,527,-58.04362,0
361594,513,-60.0112,0
361604,526,-58.18417,0
361614,523,-58.60579,0
361624,526,-58.18417,0
361634,525,-58.3247,0
361644,527,-58.04362,0
361654,523,-58.60579,0
361664,532,-57.34091,0
361674,522,-58.74633,0
361684,528,-57.90308,0
361694,526,-58.18417,0
361704,526,-58.18417,0
361714,528,-57.90308,0
361724,526,-58.18417,0
361734,526,-58.18417,0
361744,522,-58.74633,0
361754,525,-58.3247,0
361764,519,-59.16795,0
361774,525,-58.3247,0
361784,535,-56.91929,0
361794,526,-58.18417,0
361804,528,-57.90308,0
361814,515,-59.73012,0
361824,518,-59.30849,0
361834,524,-58.46524,0
361844,526,-58.18417,0
361854,530,-57.622,0
361864,527,-58.04362,0
361874,522,-58.74633,0
361884,529,-57.76254,0
361894,521,-58.88687,0
361904,525,-58.3247,0
361914,533,-57.20037,0
361924,527,-58.04362,0
361934,532,-57.34091,0
361944,527,-58.04362,0
361954,526,-58.18417,0
361964,519,-59.16795,0
361974,525,-58.3247,0
361984,530,-57.622,0
361994,519,-59.16795,0
362004,527,-58.04362,0
362014,524,-58.46524,0
362024,520,-59.02741,0
362034,515,-59.73012,0
362044,525,-58.3247,0
362054,521,-58.88687,0
362064,527,-58.04362,0
362074,523,-58.60579,0
362084,523,-58.60579,0
362094,523,-58.60579,0
362104,521,-58.88687,0
362114,525,-58.3247,0
362124,526,-58.18417,0
362134,536,-56.77875,0
362144,520,-59.02741,0
362154,523,-58.60579,0
362164,525,-58.3247,0
362174,524,-58.46524,0
362184,523,-58.60579,0
362194,520,-59.02741,0
362204,527,-58.04362,0
362214,528,-57.90308,0
362224,526,-58.18417,0
362234,527,-58.04362,0
362244,530,-57.622,0
362254,526,-58.18417,0
362264,529,-57.76254,0
362274,526,-58.18417,0
362284,515,-59.73012,0
362294,529,-57.76254,0
362304,520,-59.02741,0
362314,525,-58.3247,0
362324,522,-58.74633,0
362334,528,-57.90308,0
362344,531,-57.48146,0
362354,522,-58.74633,0
362364,528,-57.90308,0
362374,524,-58.46524,0
362384,523,-58.60579,0
362394,525,-58.3247,0
362404,515,-59.73012,0
362414,524,-58.46524,0
362424,529,-57.76254,0
362434,523,-58.60579,0
362444,524,-58.46524,0
362454,534,-57.05983,0
362464,522,-58.74633,0
362474,525,-58.3247,0
362484,525,-58.3247,0
362494,523,-58.60579,0
362504,520,-59.02741,0
362514,525,-58.3247,0
362524,530,-57.622,0
362534,526,-58.18417,0
362544,517,-59.44904,0
362554,528,-57.90308,0
362564,519,-59.16795,0
362574,524,-58.46524,0
362584,525,-58.3247,0
362594,518,-59.30849,0
362604,520,-59.02741,0
362614,529,-57.76254,0
362624,521,-58.88687,0
362634,520,-59.02741,0
362644,521,-58.88687,0
362654,530,-57.622,0
362664,526,-58.18417,0
362674,523,-58.60579,0
362684,523,-58.60579,0
362694,521,-58.88687,0
362704,530,-57.622,0
362714,527,-58.04362,0
362724,526,-58.18417,0
362734,526,-58.18417,0
362744,532,-57.34091,0
362754,524,-58.46524,0
362764,521,-58.88687,0
362774,530,-57.622,0
362784,521,-58.88687,0
362794,530,-57.622,0
362804,532,-57.34091,0
362814,527,-58.04362,0
362824,526,-58.18417,0
362834,528,-57.90308,0
362844,525,-58.3247,0
362854,520,-59.02741,0
362864,520,-59.02741,0
362874,525,-58.3247,0
362884,525,-58.3247,0
362894,524,-58.46524,0
362904,521,-58.88687,0
362914,524,-58.46524,0
362924,530,-57.622,0
362934,532,-57.34091,0
362944,526,-58.18417,0
362954,520,-59.02741,0
362964,528,-57.90308,0
362974,530,-57.622,0
362984,524,-58.46524,0
362994,526,-58.18417,0
363004,524,-58.46524,0
363014,522,-58.74633,0
363024,517,-59.44904,0
363034,523,-58.60579,0
363044,522,-58.74633,0
363054,524,-58.46524,0
363064,519,-59.16795,0
363074,531,-57.48146,0
363084,532,-57.34091,0
363094,525,-58.3247,0
363104,532,-57.34091,0
363114,525,-58.3247,0
363124,520,-59.02741,0
363134,530,-57.622,0
363144,518,-59.30849,0
363154,529,-57.76254,0
363164,529,-57.76254,0
363174,531,-57.48146,0
363184,531,-57.48146,0
363194,531,-57.48146,0
363204,527,-58.04362,0
363214,530,-57.622,0
363224,524,-58.46524,0
363234,518,-59.30849,0
363244,531,-57.48146,0
363254,526,-58.18417,0
363264,519,-59.16795,0
363274,527,-58.04362,0
363284,525,-58.3247,0
363294,536,-56.77875,0
363304,514,-59.87066,0
363314,524,-58.46524,0
363324,519,-59.16795,0
363334,524,-58.46524,0
363344,528,-57.90308,0
363354,524,-58.46524,0
363364,526,-58.18417,0
363374,520,-59.02741,0
363384,528,-57.90308,0
363394,522,-58.74633,0
363404,524,-58.46524,0
363414,524,-58.46524,0
363424,519,-59.16795,0
363434,529,-57.76254,0
363444,522,-58.74633,0
363454,521,-58.88687,0
363464,518,-59.30849,0
363474,525,-58.3247,0
363484,528,-57.90308,0
363494,524,-58.46524,0
363504,531,-57.48146,0
363514,529,-57.76254,0
363524,531,-57.48146,0
363534,521,-58.88687,0
363544,519,-59.16795,0
363554,523,-58.60579,0
363564,526,-58.18417,0
363574,513,-60.0112,0
363584,519,-59.16795,0
363594,526,-58.18417,0
363604,524,-58.46524,0
363614,527,-58.04362,0
363624,527,-58.04362,0
363634,528,-57.90308,0
363644,522,-58.74633,0
363654,534,-57.05983,0
363664,523,-58.60579,0
363674,529,-57.76254,0
363684,529,-57.76254,0
363694,522,-58.74633,0
363704,521,-58.88687,0
363714,529,-57.76254,0
363724,526,-58.18417,0
363734,522,-58.74633,0
363744,523,-58.60579,0
363754,527,-58.04362,0
363764,527,-58.04362,0
363774,527,-58.04362,0
363784,521,-58.88687,0
363794,522,-58.74633,0
363804,519,-59.16795,0
363814,508,-60.71391,0
363824,530,-57.622,0
363834,521,-58.88687,0
363844,516,-59.58958,0
363854,526,-58.18417,0
363864,529,-57.76254,0
363874,528,-57.90308,0
363884,533,-57.20037,0
363894,522,-58.74633,0
363904,513,-60.0112,0
363914,519,-59.16795,0
363924,532,-57.34091,0
363934,529,-57.76254,0
363944,522,-58.74633,0
363954,530,-57.622,0
363964,522,-58.74633,0
363974,527,-58.04362,0
363984,529,-57.76254,0
363994,523,-58.60579,0
364004,520,-59.02741,0
364014,517,-59.44904,0
364024,532,-57.34091,0
364034,522,-58.74633,0
364044,533,-57.20037,0
364054,528,-57.90308,0
364064,526,-58.18417,0
364074,528,-57.90308,0
364084,526,-58.18417,0
364094,525,-58.3247,0
364104,519,-59.16795,0
364114,523,-58.60579,0
364124,529,-57.76254,0
364134,525,-58.3247,0
364144,527,-58.04362,0
364154,526,-58.18417,0
364164,523,-58.60579,0
364174,533,-57.20037,0
364184,519,-59.16795,0
364194,527,-58.04362,0
364204,525,-58.3247,0
364214,520,-59.02741,0
364224,532,-57.34091,0
364234,517,-59.44904,0
364244,527,-58.04362,0
364254,521,-58.88687,0
364264,522,-58.74633,0
364274,520,-59.02741,0
364284,525,-58.3247,0
364294,530,-57.622,0
364304,528,-57.90308,0
364314,529,-57.76254,0
364324,519,-59.16795,0
364334,524,-58.46524,0
364344,524,-58.46524,0
364354,523,-58.60579,0
364364,526,-58.18417,0
364374,528,-57.90308,0
364384,521,-58.88687,0
364394,524,-58.46524,0
364404,522,-58.74633,0
364414,523,-58.60579,0
364424,522,-58.74633,0
364434,524,-58.46524,0
364444,528,-57.90308,0
364454,519,-59.16795,0
364464,516,-59.58958,0
364474,522,-58.74633,0
364484,520,-59.02741,0
364494,518,-59.30849,0
364504,522,-58.74633,0
364514,520,-59.02741,0
364524,525,-58.3247,0
364534,525,-58.3247,0
364544,527,-58.04362,0
364554,518,-59.30849,0
364564,520,-59.02741,0
364574,519,-59.16795,0
364584,523,-58.60579,0
364594,523,-58.60579,0
364604,521,-58.88687,0
364614,525,-58.3247,0
364624,526,-58.18417,0
364634,524,-58.46524,0
364644,519,-59.16795,0
364654,528,-57.90308,0
364664,522,-58.74633,0
364674,521,-58.88687,0
364684,524,-58.46524,0
364694,520,-59.02741,0
364704,525,-58.3247,0
364714,518,-59.30849,0
364724,529,-57.76254,0
364734,528,-57.90308,0
364744,518,-59.30849,0
364754,519,-59.16795,0
364764,515,-59.73012,0
364774,521,-58.88687,0
364784,524,-58.46524,0
364794,525,-58.3247,0
364804,521,-58.88687,0
364814,528,-57.90308,0
364824,523,-58.60579,0
364834,521,-58.88687,0
364844,530,-57.622,0
364854,531,-57.48146,0
364864,520,-59.02741,0
364874,525,-58.3247,0
364884,526,-58.18417,0
364894,523,-58.60579,0
364904,524,-58.46524,0
364914,524,-58.46524,0
364924,524,-58.46524,0
364934,527,-58.04362,0
364944,523,-58.60579,0
364954,532,-57.34091,0
364964,530,-57.622,0
364974,530,-57.622,0
364984,530,-57.622,0
364994,528,-57.90308,0
365004,529,-57.76254,0
365014,523,-58.60579,0
365024,516,-59.58958,0
365034,524,-58.46524,0
365044,527,-58.04362,0
365054,520,-59.02741,0
365064,519,-59.16795,0
365074,528,-57.90308,0
365084,528,-57.90308,0
365094,532,-57.34091,0
365104,520,-59.02741,0
365114,527,-58.04362,0
365124,519,-59.16795,0
365134,531,-57.48146,0
365144,527,-58.04362,0
365154,523,-58.60579,0
365164,521,-58.88687,0
365174,527,-58.04362,0
365184,531,-57.48146,0
365194,526,-58.18417,0
365204,531,-57.48146,0
365214,523,-58.60579,0
365224,525,-58.3247,0
365234,527,-58.04362,0
365244,525,-58.3247,0
365254,529,-57.76254,0
365264,526,-58.18417,0
365274,524,-58.46524,0
365284,523,-58.60579,0
365294,523,-58.60579,0
365304,526,-58.18417,0
365314,526,-58.18417,0
365324,520,-59.02741,0
365334,525,-58.3247,0
365344,520,-59.02741,0
365354,522,-58.74633,0
365364,530,-57.622,0
365374,528,-57.90308,0
365384,524,-58.46524,0
365394,523,-58.60579,0
365404,522,-58.74633,0
365414,529,-57.76254,0
365424,522,-58.74633,0
365434,522,-58.74633,0
365444,522,-58.74633,0
365454,528,-57.90308,0
365464,519,-59.16795,0
365474,524,-58.46524,0
365484,521,-58.88687,0
365494,526,-58.18417,0
365504,525,-58.3247,0
365514,527,-58.04362,0
365524,522,-58.74633,0
365534,528,-57.90308,0
365544,527,-58.04362,0
365554,518,-59.30849,0
365564,520,-59.02741,0
365574,522,-58.74633,0
365584,526,-58.18417,0
365594,519,-59.16795,0
365604,521,-58.88687,0
365614,521,-58.88687,0
365624,522,-58.74633,0
365634,519,-59.16795,0
365644,527,-58.04362,0
365654,525,-58.3247,0
365664,525,-58.3247,0
365674,526,-58.18417,0
365684,524,-58.46524,0
365694,522,-58.74633,0
365704,531,-57.48146,0
365714,529,-57.76254,0
365724,528,-57.90308,0
365734,530,-57.622,0
365744,530,-57.622,0
365754,526,-58.18417,0
365764,524,-58.46524,0
365774,523,-58.60579,0
365784,531,-57.48146,0
365794,524,-58.46524,0
365804,526,-58.18417,0
365814,519,-59.16795,0
365824,528,-57.90308,0
365834,528,-57.90308,0
365844,528,-57.90308,0
365854,518,-59.30849,0
365864,527,-58.04362,0
365874,522,-58.74633,0
365884,518,-59.30849,0
365894,520,-59.02741,0
365904,523,-58.60579,0
365914,520,-59.02741,0
365924,525,-58.3247,0
365934,522,-58.74633,0
365944,523,-58.60579,0
365954,534,-57.05983,0
365964,518,-59.30849,0
365974,530,-57.622,0
365984,533,-57.20037,0
365994,517,-59.44904,0
366004,528,-57.90308,0
366014,526,-58.18417,0
366024,527,-58.04362,0
366034,519,-59.16795,0
366044,525,-58.3247,0
366054,512,-60.15174,0
366064,530,-57.622,0
366074,517,-59.44904,0
366084,523,-58.60579,0
366094,523,-58.60579,0
366104,521,-58.88687,0
366114,520,-59.02741,0
366124,522,-58.74633,0
366134,524,-58.46524,0
366144,517,-59.44904,0
366154,516,-59.58958,0
366164,527,-58.04362,0
366174,519,-59.16795,0
366184,525,-58.3247,0
366194,527,-58.04362,0
366204,517,-59.44904,0
366214,522,-58.74633,0
366224,524,-58.46524,0
366234,525,-58.3247,0
366244,523,-58.60579,0
366254,521,-58.88687,0
366264,527,-58.04362,0
366274,529,-57.76254,0
366284,519,-59.16795,0
366294,530,-57.622,0
366304,525,-58.3247,0
366314,527,-58.04362,0
366324,532,-57.34091,0
366334,527,-58.04362,0
366344,533,-57.20037,0
366354,525,-58.3247,0
366364,524,-58.46524,0
366374,518,-59.30849,0
366384,528,-57.90308,0
366394,531,-57.48146,0
366404,523,-58.60579,0
366414,527,-58.04362,0
366424,530,-57.622,0
366434,530,-57.622,0
366444,526,-58.18417,0
366454,528,-57.90308,0
366464,517,-59.44904,0
366474,522,-58.74633,0
366484,520,-59.02741,0
366494,524,-58.46524,0
366504,516,-59.58958,0
366514,516,-59.58958,0
366524,530,-57.622,0
366534,531,-57.48146,0
366544,534,-57.05983,0
366554,526,-58.18417,0
366564,526,-58.18417,0
366574,519,-59.16795,0
366584,523,-58.60579,0
366594,518,-59.30849,0
366604,520,-59.02741,0
366614,529,-57.76254,0
366624,529,-57.76254,0
366634,530,-57.622,0
366644,527,-58.04362,0
366654,519,-59.16795,0
366664,523,-58.60579,0
366674,531,-57.48146,0
366684,529,-57.76254,0
366694,515,-59.73012,0
366704,528,-57.90308,0
366714,527,-58.04362,0
366724,534,-57.05983,0
366734,518,-59.30849,0
366744,523,-58.60579,0
366754,523,-58.60579,0
366764,520,-59.02741,0
366774,530,-57.622,0
366784,526,-58.18417,0
366794,532,-57.34091,0
366804,527,-58.04362,0
366814,531,-57.48146,0
366824,520,-59.02741,0
366834,522,-58.74633,0
366844,525,-58.3247,0
366854,519,-59.16795,0
366864,522,-58.74633,0
366874,523,-58.60579,0
366884,528,-57.90308,0
366894,522,-58.74633,0
366904,527,-58.04362,0
366914,528,-57.90308,0
366924,520,-59.02741,0
366934,514,-59.87066,0
366944,526,-58.18417,0
366954,528,-57.90308,0
366964,514,-59.87066,0
366974,522,-58.74633,0
366984,532,-57.34091,0
366994,527,-58.04362,0
367004,521,-58.88687,0
367014,528,-57.90308,0
367024,527,-58.04362,0
367034,517,-59.44904,0
367044,517,-59.44904,0
367054,523,-58.60579,0
367064,526,-58.18417,0
367074,523,-58.60579,0
367084,523,-58.60579,0
367094,523,-58.60579,0
367104,526,-58.18417,0
367114,531,-57.48146,0
367124,523,-58.60579,0
367134,529,-57.76254,0
367144,526,-58.18417,0
367154,535,-56.91929,0
367164,532,-57.34091,0
367174,528,-57.90308,0
367184,524,-58.46524,0
367194,519,-59.16795,0
367204,520,-59.02741,0
367214,527,-58.04362,0
367224,529,-57.76254,0
367234,519,-59.16795,0
367244,531,-57.48146,0
367254,531,-57.48146,0
367264,528,-57.90308,0
367274,529,-57.76254,0
367284,522,-58.74633,0
367294,536,-56.77875,0
367304,523,-58.60579,0
367314,514,-59.87066,0
367324,519,-59.16795,0
367334,530,-57.622,0
367344,530,-57.622,0
367354,522,-58.74633,0
367364,520,-59.02741,0
367374,525,-58.3247,0
367384,521,-58.88687,0
367394,533,-57.20037,0
367404,528,-57.90308,0
367414,529,-57.76254,0
367424,516,-59.58958,0
367434,522,-58.74633,0
367444,530,-57.622,0
367454,522,-58.74633,0
367464,528,-57.90308,0
367474,522,-58.74633,0
367484,525,-58.3247,0
367494,527,-58.04362,0
367504,528,-57.90308,0
367514,516,-59.58958,0
367524,522,-58.74633,0
367534,527,-58.04362,0
367544,533,-57.20037,0
367554,524,-58.46524,0
367564,521,-58.88687,0
367574,519,-59.16795,0
367584,519,-59.16795,0
367594,525,-58.3247,0
367604,518,-59.30849,0
367614,534,-57.05983,0
367624,522,-58.74633,0
367634,524,-58.46524,0
367644,525,-58.3247,0
367654,526,-58.18417,0
367664,523,-58.60579,0
367674,519,-59.16795,0
367684,526,-58.18417,0
367694,522,-58.74633,0
367704,516,-59.58958,0
367714,523,-58.60579,0
367724,534,-57.05983,0
367734,523,-58.60579,0
367744,517,-59.44904,0
367754,525,-58.3247,0
367764,533,-57.20037,0
367774,533,-57.20037,0
367784,532,-57.34091,0
367794,529,-57.76254,0
367804,524,-58.46524,0
367814,523,-58.60579,0
367824,531,-57.48146,0
367834,520,-59.02741,0
367844,532,-57.34091,0
367854,526,-58.18417,0
367864,527,-58.04362,0
367874,531,-57.48146,0
367884,525,-58.3247,0
367894,525,-58.3247,0
367904,528,-57.90308,0
367914,529,-57.76254,0
367924,523,-58.60579,0
367934,517,-59.44904,0
367944,518,-59.30849,0
367954,530,-57.622,0
367964,525,-58.3247,0
367974,525,-58.3247,0
367984,531,-57.48146,0
367994,529,-57.76254,0
368004,532,-57.34091,0
368014,529,-57.76254,0
368024,534,-57.05983,0
368034,524,-58.46524,0
368044,526,-58.18417,0
368054,525,-58.3247,0
368064,530,-57.622,0
368074,524,-58.46524,0
368084,523,-58.60579,0
368094,524,-58.46524,0
368104,519,-59.16795,0
368114,526,-58.18417,0
368124,519,-59.16795,0
368134,516,-59.58958,0
368144,526,-58.18417,0
368154,517,-59.44904,0
368164,524,-58.46524,0
368174,533,-57.20037,0
368184,524,-58.46524,0
368194,524,-58.46524,0
368204,532,-57.34091,0
368214,537,-56.63821,0
368224,532,-57.34091,0
368234,524,-58.46524,0
368244,530,-57.622,0
368254,520,-59.02741,0
368264,526,-58.18417,0
368274,530,-57.622,0
368284,527,-58.04362,0
368294,529,-57.76254,0
368304,525,-58.3247,0
368314,532,-57.34091,0
368324,518,-59.30849,0
368334,519,-59.16795,0
368344,522,-58.74633,0
368354,522,-58.74633,0
368364,517,-59.44904,0
368374,526,-58.18417,0
368384,531,-57.48146,0
368394,533,-57.20037,0
368404,533,-57.20037,0
368414,529,-57.76254,0
368424,532,-57.34091,0
368434,526,-58.18417,0
368444,516,-59.58958,0
368454,530,-57.622,0
368464,529,-57.76254,0
368474,531,-57.48146,0
368484,518,-59.30849,0
368494,521,-58.88687,0
368504,531,-57.48146,0
368514,521,-58.88687,0
368524,521,-58.88687,0
368534,522,-58.74633,0
368544,516,-59.58958,0
368554,527,-58.04362,0
368564,528,-57.90308,0
368574,512,-60.15174,0
368584,521,-58.88687,0
368594,528,-57.90308,0
368604,527,-58.04362,0
368614,530,-57.622,0
368624,524,-58.46524,0
368634,520,-59.02741,0
368644,528,-57.90308,0
368654,519,-59.16795,0
368664,523,-58.60579,0
368674,531,-57.48146,0
368684,535,-56.91929,0
368694,529,-57.76254,0
368704,526,-58.18417,0
368714,527,-58.04362,0
368724,532,-57.34091,0
368734,528,-57.90308,0
368744,521,-58.88687,0
368754,527,-58.04362,0
368764,529,-57.76254,0
368774,525,-58.3247,0
368784,520,-59.02741,0
368794,521,-58.88687,0
368804,522,-58.74633,0
368814,536,-56.77875,0
368824,521,-58.88687,0
368834,525,-58.3247,0
368844,521,-58.88687,0
368854,526,-58.18417,0
368864,523,-58.60579,0
368874,517,-59.44904,0
368884,515,-59.73012,0
368894,521,-58.88687,0
368904,534,-57.05983,0
368914,524,-58.46524,0
368924,534,-57.05983,0
368934,523,-58.60579,0
368944,530,-57.622,0
368954,534,-57.05983,0
368964,529,-57.76254,0
368974,530,-57.622,0
368984,527,-58.04362,0
368994,523,-58.60579,0
369004,521,-58.88687,0
369014,518,-59.30849,0
369024,522,-58.74633,0
369034,522,-58.74633,0
369044,525,-58.3247,0
369054,517,-59.44904,0
369064,536,-56.77875,0
369074,532,-57.34091,0
369084,521,-58.88687,0
369094,527,-58.04362,0
369104,527,-58.04362,0
369114,535,-56.91929,0
369124,523,-58.60579,0
369134,524,-58.46524,0
369144,523,-58.60579,0
369154,529,-57.76254,0
369164,524,-58.46524,0
369174,526,-58.18417,0
369184,529,-57.76254,0
369194,527,-58.04362,0
369204,530,-57.622,0
369214,519,-59.16795,0
369224,529,-57.76254,0
369234,519,-59.16795,0
369244,520,-59.02741,0
369254,519,-59.16795,0
369264,520,-59.02741,0
369274,524,-58.46524,0
369284,519,-59.16795,0
369294,523,-58.60579,0
369304,523,-58.60579,0
369314,525,-58.3247,0
369324,519,-59.16795,0
369334,524,-58.46524,0
369344,518,-59.30849,0
369354,520,-59.02741,0
369364,521,-58.88687,0
369374,531,-57.48146,0
369384,517,-59.44904,0
369394,517,-59.44904,0
369404,520,-59.02741,0
369414,528,-57.90308,0
369424,526,-58.18417,0
369434,525,-58.3247,0
369444,530,-57.622,0
369454,530,-57.622,0
369464,523,-58.60579,0
369474,517,-59.44904,0
369484,528,-57.90308,0
369494,520,-59.02741,0
369504,526,-58.18417,0
369514,530,-57.622,0
369524,535,-56.91929,0
369534,532,-57.34091,0
369544,525,-58.3247,0
369554,520,-59.02741,0
369564,525,-58.3247,0
369574,509,-60.57336,0
369584,526,-58.18417,0
369594,524,-58.46524,0
369604,519,-59.16795,0
369614,529,-57.76254,0
369624,523,-58.60579,0
369634,522,-58.74633,0
369644,529,-57.76254,0
369654,525,-58.3247,0
369664,518,-59.30849,0
369674,523,-58.60579,0
369684,521,-58.88687,0
369694,526,-58.18417,0
369704,522,-58.74633,0
369714,519,-59.16795,0
369724,525,-58.3247,0
369734,522,-58.74633,0
369744,529,-57.76254,0
369754,526,-58.18417,0
369764,518,-59.30849,0
369774,527,-58.04362,0
369784,517,-59.44904,0
369794,527,-58.04362,0
369804,522,-58.74633,0
369814,530,-57.622,0
369824,525,-58.3247,0
369834,524,-58.46524,0
369844,531,-57.48146,0
369854,524,-58.46524,0
369864,532,-57.34091,0
369874,527,-58.04362,0
369884,531,-57.48146,0
369894,516,-59.58958,0
369904,531,-57.48146,0
369914,526,-58.18417,0
369924,525,-58.3247,0
369934,523,-58.60579,0
369944,520,-59.02741,0
369954,529,-57.76254,0
369964,518,-59.30849,0
369974,528,-57.90308,0
369984,527,-58.04362,0
369994,530,-57.622,0
370004,524,-58.46524,0
370014,526,-58.18417,0
370024,526,-58.18417,0
370034,523,-58.60579,0
370044,536,-56.77875,0
370054,525,-58.3247,0
370064,527,-58.04362,0
370074,526,-58.18417,0
370084,526,-58.18417,0
370094,525,-58.3247,0
370104,523,-58.60579,0
370114,518,-59.30849,0
370124,519,-59.16795,0
370134,520,-59.02741,0
370144,521,-58.88687,0
370154,519,-59.16795,0
370164,527,-58.04362,0
370174,523,-58.60579,0
370184,521,-58.88687,0
370194,526,-58.18417,0
370204,536,-56.77875,0
370214,522,-58.74633,0
370224,528,-57.90308,0
370234,529,-57.76254,0
370244,525,-58.3247,0
370254,524,-58.46524,0
370264,527,-58.04362,0
370274,522,-58.74633,0
370284,524,-58.46524,0
370294,531,-57.48146,0
370304,519,-59.16795,0
370314,529,-57.76254,0
370324,522,-58.74633,0
370334,523,-58.60579,0
370344,529,-57.76254,0
370354,523,-58.60579,0
370364,516,-59.58958,0
370374,530,-57.622,0
370384,532,-57.34091,0
370394,521,-58.88687,0
370404,525,-58.3247,0
370414,530,-57.622,0
370424,523,-58.60579,0
370434,529,-57.76254,0
370444,524,-58.46524,0
370454,522,-58.74633,0
370464,529,-57.76254,0
370474,531,-57.48146,0
370484,523,-58.60579,0
370494,523,-58.60579,0
370504,527,-58.04362,0
370514,527,-58.04362,0
370524,528,-57.90308,0
370534,524,-58.46524,0
370544,517,-59.44904,0
370554,529,-57.76254,0
370564,526,-58.18417,0
370574,525,-58.3247,0
370584,519,-59.16795,0
370594,535,-56.91929,0
370604,522,-58.74633,0
370614,523,-58.60579,0
370624,527,-58.04362,0
370634,528,-57.90308,0
370644,523,-58.60579,0
370654,513,-60.0112,0
370664,526,-58.18417,0
370674,514,-59.87066,0
370684,521,-58.88687,0
370694,517,-59.44904,0
370704,530,-57.622,0
370714,525,-58.3247,0
370724,528,-57.90308,0
370734,521,-58.88687,0
370744,522,-58.74633,0
370754,527,-58.04362,0
370764,528,-57.90308,0
370774,524,-58.46524,0
370784,525,-58.3247,0
370794,524,-58.46524,0
370804,516,-59.58958,0
370814,528,-57.90308,0
370824,525,-58.3247,0
370834,529,-57.76254,0
370844,522,-58.74633,0
370854,517,-59.44904,0
370864,529,-57.76254,0
370874,513,-60.0112,0
370884,519,-59.16795,0
370894,521,-58.88687,0
370904,524,-58.46524,0
370914,519,-59.16795,0
370924,524,-58.46524,0
370934,527,-58.04362,0
370944,527,-58.04362,0
370954,534,-57.05983,0
370964,521,-58.88687,0
370974,524,-58.46524,0
370984,520,-59.02741,0
370994,524,-58.46524,0
371004,527,-58.04362,0
371014,519,-59.16795,0
371024,514,-59.87066,0
371034,521,-58.88687,0
371044,527,-58.04362,0
371054,522,-58.74633,0
371064,523,-58.60579,0
371074,523,-58.60579,0
371084,529,-57.76254,0
371094,519,-59.16795,0
371104,520,-59.02741,0
371114,525,-58.3247,0
371124,529,-57.76254,0
371134,520,-59.02741,0
371144,525,-58.3247,0
371154,528,-57.90308,0
371164,531,-57.48146,0
371174,520,-59.02741,0
371184,520,-59.02741,0
371194,522,-58.74633,0
371204,522,-58.74633,0
371214,518,-59.30849,0
371224,523,-58.60579,0
371234,521,-58.88687,0
371244,522,-58.74633,0
371254,518,-59.30849,0
371264,520,-59.02741,0
371274,533,-57.20037,0
371284,524,-58.46524,0
371294,525,-58.3247,0
371304,530,-57.622,0
371314,525,-58.3247,0
371324,532,-57.34091,0
371334,528,-57.90308,0
371344,522,-58.74633,0
371354,525,-58.3247,0
371364,535,-56.91929,0
371374,527,-58.04362,0
371384,521,-58.88687,0
371394,525,-58.3247,0
371404,528,-57.90308,0
371414,527,-58.04362,0
371424,517,-59.44904,0
371434,522,-58.74633,0
371444,526,-58.18417,0
371454,527,-58.04362,0
371464,525,-58.3247,0
371474,525,-58.3247,0
371484,529,-57.76254,0
371494,524,-58.46524,0
371504,516,-59.58958,0
371514,532,-57.34091,0
371524,530,-57.622,0
371534,515,-59.73012,0
371544,525,-58.3247,0
371554,523,-58.60579,0
371564,529,-57.76254,0
371574,516,-59.58958,0
371584,521,-58.88687,0
371594,529,-57.76254,0
371604,520,-59.02741,0
371614,526,-58.18417,0
371624,524,-58.46524,0
371634,529,-57.76254,0
371644,521,-58.88687,0
371654,526,-58.18417,0
371664,525,-58.3247,0
371674,523,-58.60579,0
371684,527,-58.04362,0
371694,514,-59.87066,0
371704,520,-59.02741,0
371714,518,-59.30849,0
371724,519,-59.16795,0
371734,513,-60.0112,0
371744,524,-58.46524,0
371754,524,-58.46524,0
371764,531,-57.48146,0
371774,527,-58.04362,0
371784,529,-57.76254,0
371794,531,-57.48146,0
371804,536,-56.77875,0
371814,534,-57.05983,0
371824,525,-58.3247,0
371834,527,-58.04362,0
371844,523,-58.60579,0
371854,526,-58.18417,0
371864,524,-58.46524,0
371874,521,-58.88687,0
371884,526,-58.18417,0
371894,525,-58.3247,0
371904,522,-58.74633,0
371914,526,-58.18417,0
371924,527,-58.04362,0
371934,520,-59.02741,0
371944,526,-58.18417,0
371954,523,-58.60579,0
371964,524,-58.46524,0
371974,520,-59.02741,0
371984,525,-58.3247,0
371994,531,-57.48146,0
372004,525,-58.3247,0
372014,521,-58.88687,0
372024,525,-58.3247,0
372034,523,-58.60579,0
372044,531,-57.48146,0
372054,524,-58.46524,0
372064,531,-57.48146,0
372074,527,-58.04362,0
372084,517,-59.44904,0
372094,519,-59.16795,0
372104,528,-57.90308,0
372114,526,-58.18417,0
372124,526,-58.18417,0
372134,521,-58.88687,0
372144,531,-57.48146,0
372154,526,-58.18417,0
372164,519,-59.16795,0
372174,523,-58.60579,0
372184,527,-58.04362,0
372194,524,-58.46524,0
372204,524,-58.46524,0
372214,528,-57.90308,0
372224,528,-57.90308,0
372234,517,-59.44904,0
372244,529,-57.76254,0
372254,524,-58.46524,0
372264,525,-58.3247,0
372274,530,-57.622,0
372284,516,-59.58958,0
372294,529,-57.76254,0
372304,523,-58.60579,0
372314,519,-59.16795,0
372324,527,-58.04362,0
372334,523,-58.60579,0
372344,520,-59.02741,0
372354,525,-58.3247,0
372364,528,-57.90308,0
372374,528,-57.90308,0
372384,523,-58.60579,0
372394,528,-57.90308,0
372404,524,-58.46524,0
372414,528,-57.90308,0
372424,528,-57.90308,0
372434,520,-59.02741,0
372444,527,-58.04362,0
372454,522,-58.74633,0
372464,523,-58.60579,0
372474,513,-60.0112,0
372484,523,-58.60579,0
372494,527,-58.04362,0
372504,519,-59.16795,0
372514,525,-58.3247,0
372524,527,-58.04362,0
372534,522,-58.74633,0
372544,525,-58.3247,0
372554,529,-57.76254,0
372564,531,-57.48146,0
372574,522,-58.74633,0
372584,522,-58.74633,0
372594,520,-59.02741,0
372604,527,-58.04362,0
372614,519,-59.16795,0
372624,527,-58.04362,0
372634,518,-59.30849,0
372644,525,-58.3247,0
372654,524,-58.46524,0
372664,523,-58.60579,0
372674,519,-59.16795,0
372684,528,-57.90308,0
372694,528,-57.90308,0
372704,521,-58.88687,0
372714,531,-57.48146,0
372724,526,-58.18417,0
372734,522,-58.74633,0
372744,526,-58.18417,0
372754,525,-58.3247,0
372764,526,-58.18417,0
372774,530,-57.622,0
372784,521,-58.88687,0
372794,523,-58.60579,0
372804,521,-58.88687,0
372814,525,-58.3247,0
372824,520,-59.02741,0
372834,528,-57.90308,0
372844,519,-59.16795,0
372854,525,-58.3247,0
372864,521,-58.88687,0
372874,523,-58.60579,0
372884,523,-58.60579,0
372894,521,-58.88687,0
372904,525,-58.3247,0
372914,522,-58.74633,0
372924,527,-58.04362,0
372934,522,-58.74633,0
372944,524,-58.46524,0
372954,524,-58.46524,0
372964,524,-58.46524,0
372974,526,-58.18417,0
372984,523,-58.60579,0
372994,526,-58.18417,0
373004,529,-57.76254,0
373014,528,-57.90308,0
373024,527,-58.04362,0
373034,533,-57.20037,0
373044,529,-57.76254,0
373054,528,-57.90308,0
373064,536,-56.77875,0
373074,531,-57.48146,0
373084,522,-58.74633,0
373094,522,-58.74633,0
373104,514,-59.87066,0
373114,523,-58.60579,0
373124,531,-57.48146,0
373134,526,-58.18417,0
373144,524,-58.46524,0
373154,520,-59.02741,0
373164,524,-58.46524,0
373174,528,-57.90308,0
373184,516,-59.58958,0
373194,530,-57.622,0
373204,529,-57.76254,0
373214,527,-58.04362,0
373224,534,-57.05983,0
373234,524,-58.46524,0
373244,527,-58.04362,0
373254,528,-57.90308,0
373264,523,-58.60579,0
373274,527,-58.04362,0
373284,516,-59.58958,0
373294,517,-59.44904,0
373304,523,-58.60579,0
373314,529,-57.76254,0
373324,526,-58.18417,0
373334,538,-56.49767,0
373344,524,-58.46524,0
373354,521,-58.88687,0
373364,532,-57.34091,0
373374,528,-57.90308,0
373384,528,-57.90308,0
373394,531,-57.48146,0
373404,528,-57.90308,0
373414,520,-59.02741,0
373424,530,-57.622,0
373434,527,-58.04362,0
373444,528,-57.90308,0
373454,521,-58.88687,0
373464,525,-58.3247,0
373474,528,-57.90308,0
373484,529,-57.76254,0
373494,526,-58.18417,0
373504,530,-57.622,0
373514,529,-57.76254,0
373524,528,-57.90308,0
373534,532,-57.34091,0
373544,527,-58.04362,0
373554,524,-58.46524,0
373564,526,-58.18417,0
373574,524,-58.46524,0
373584,517,-59.44904,0
373594,524,-58.46524,0
373604,522,-58.74633,0
373614,522,-58.74633,0
373624,525,-58.3247,0
373634,527,-58.04362,0
373644,519,-59.16795,0
373654,517,-59.44904,0
373664,526,-58.18417,0
373674,528,-57.90308,0
373684,531,-57.48146,0
373694,526,-58.18417,0
373704,525,-58.3247,0
373714,525,-58.3247,0
373724,523,-58.60579,0
373734,531,-57.48146,0
373744,531,-57.48146,0
373754,518,-59.30849,0
373764,525,-58.3247,0
373774,530,-57.622,0
373784,521,-58.88687,0
373794,525,-58.3247,0
373804,520,-59.02741,0
373814,534,-57.05983,0
373824,526,-58.18417,0
373834,531,-57.48146,0
373844,524,-58.46524,0
373854,521,-58.88687,0
373864,528,-57.90308,0
373874,526,-58.18417,0
373884,525,-58.3247,0
373894,527,-58.04362,0
373904,521,-58.88687,0
373914,530,-57.622,0
373924,521,-58.88687,0
373934,529,-57.76254,0
373944,529,-57.76254,0
373954,524,-58.46524,0
373964,525,-58.3247,0
373974,522,-58.74633,0
373984,520,-59.02741,0
373994,525,-58.3247,0
374004,526,-58.18417,0
374014,526,-58.18417,0
374024,529,-57.76254,0
374034,531,-57.48146,0
374044,534,-57.05983,0
374054,526,-58.18417,0
374064,529,-57.76254,0
374074,524,-58.46524,0
374084,529,-57.76254,0
374094,515,-59.73012,0
374104,529,-57.76254,0
374114,530,-57.622,0
374124,530,-57.622,0
374134,529,-57.76254,0
374144,520,-59.02741,0
374154,523,-58.60579,0
374164,517,-59.44904,0
374174,528,-57.90308,0
374184,528,-57.90308,0
374194,519,-59.16795,0
374204,520,-59.02741,0
374214,522,-58.74633,0
374224,527,-58.04362,0
374234,533,-57.20037,0
374244,525,-58.3247,0
374254,516,-59.58958,0
374264,525,-58.3247,0
374274,527,-58.04362,0
374284,526,-58.18417,0
374294,526,-58.18417,0
374304,524,-58.46524,0
374314,529,-57.76254,0
374324,531,-57.48146,0
374334,529,-57.76254,0
374344,532,-57.34091,0
374354,521,-58.88687,0
374364,527,-58.04362,0
374374,532,-57.34091,0
374384,533,-57.20037,0
374394,528,-57.90308,0
374404,518,-59.30849,0
374414,520,-59.02741,0
374424,527,-58.04362,0
374434,530,-57.622,0
374444,529,-57.76254,0
374454,530,-57.622,0
374464,527,-58.04362,0
374474,521,-58.88687,0
374484,534,-57.05983,0
374494,520,-59.02741,0
374504,519,-59.16795,0
374514,519,-59.16795,0
374524,525,-58.3247,0
374534,525,-58.3247,0
374544,531,-57.48146,0
374554,527,-58.04362,0
374564,528,-57.90308,0
374574,531,-57.48146,0
374584,526,-58.18417,0
374594,529,-57.76254,0
374604,526,-58.18417,0
374614,530,-57.622,0
374624,529,-57.76254,0
374634,528,-57.90308,0
374644,522,-58.74633,0
374654,532,-57.34091,0
374664,528,-57.90308,0
374674,532,-57.34091,0
374684,533,-57.20037,0
374694,528,-57.90308,0
374704,524,-58.46524,0
374714,533,-57.20037,0
374724,525,-58.3247,0
374734,523,-58.60579,0
374744,523,-58.60579,0
374754,516,-59.58958,0
374764,532,-57.34091,0
374774,532,-57.34091,0
374784,533,-57.20037,0
374794,528,-57.90308,0
374804,526,-58.18417,0
374814,525,-58.3247,0
374824,530,-57.622,0
374834,534,-57.05983,0
374844,523,-58.60579,0
374854,528,-57.90308,0
374864,521,-58.88687,0
374874,532,-57.34091,0
374884,528,-57.90308,0
374894,522,-58.74633,0
374904,530,-57.622,0
374914,524,-58.46524,0
374924,535,-56.91929,0
374934,530,-57.622,0
374944,533,-57.20037,0
374954,528,-57.90308,0
374964,532,-57.34091,0
374974,523,-58.60579,0
374984,527,-58.04362,0
374994,535,-56.91929,0
375004,528,-57.90308,0
375014,523,-58.60579,0
375024,532,-57.34091,0
375034,527,-58.04362,0
375044,522,-58.74633,0
375054,527,-58.04362,0
375064,532,-57.34091,0
375074,529,-57.76254,0
375084,523,-58.60579,0
375094,522,-58.74633,0
375104,528,-57.90308,0
375114,523,-58.60579,0
375124,529,-57.76254,0
375134,529,-57.76254,0
375144,531,-57.48146,0
375154,523,-58.60579,0
375164,534,-57.05983,0
375174,523,-58.60579,0
375184,531,-57.48146,0
375194,518,-59.30849,0
375204,526,-58.18417,0
375214,525,-58.3247,0
375224,524,-58.46524,0
375234,528,-57.90308,0
375244,521,-58.88687,0
375254,530,-57.622,0
375264,530,-57.622,0
375274,526,-58.18417,0
375284,524,-58.46524,0
375294,534,-57.05983,0
375304,518,-59.30849,0
375314,526,-58.18417,0
375324,521,-58.88687,0
375334,523,-58.60579,0
375344,519,-59.16795,0
375354,532,-57.34091,0
375364,532,-57.34091,0
375374,527,-58.04362,0
375384,529,-57.76254,0
375394,529,-57.76254,0
375404,526,-58.18417,0
375414,526,-58.18417,0
375424,536,-56.77875,0
375434,515,-59.73012,0
375444,532,-57.34091,0
375454,524,-58.46524,0
375464,524,-58.46524,0
375474,527,-58.04362,0
375484,523,-58.60579,0
375494,525,-58.3247,0
375504,531,-57.48146,0
375514,535,-56.91929,0
375524,529,-57.76254,0
375534,520,-59.02741,0
375544,527,-58.04362,0
375554,519,-59.16795,0
375564,528,-57.90308,0
375574,522,-58.74633,0
375584,530,-57.622,0
375594,521,-58.88687,0
375604,526,-58.18417,0
375614,523,-58.60579,0
375624,528,-57.90308,0
375634,533,-57.20037,0
375644,522,-58.74633,0
375654,519,-59.16795,0
375664,522,-58.74633,0
375674,533,-57.20037,0
375684,534,-57.05983,0
375694,528,-57.90308,0
375704,525,-58.3247,0
375714,531,-57.48146,0
375724,524,-58.46524,0
375734,528,-57.90308,0
375744,531,-57.48146,0
375754,529,-57.76254,0
375764,531,-57.48146,0
375774,532,-57.34091,0
375784,518,-59.30849,0
375794,516,-59.58958,0
375804,522,-58.74633,0
375814,521,-58.88687,0
375824,524,-58.46524,0
375834,521,-58.88687,0
375844,522,-58.74633,0
375854,530,-57.622,0
375864,516,-59.58958,0
375874,524,-58.46524,0
375884,528,-57.90308,0
375894,528,-57.90308,0
375904,525,-58.3247,0
375914,521,-58.88687,0
375924,522,-58.74633,0
375934,532,-57.34091,0
375944,527,-58.04362,0
375954,527,-58.04362,0
375964,523,-58.60579,0
375974,526,-58.18417,0
375984,525,-58.3247,0
375994,520,-59.02741,0
376004,519,-59.16795,0
376014,528,-57.90308,0
376024,526,-58.18417,0
376034,526,-58.18417,0
376044,527,-58.04362,0
376054,518,-59.30849,0
376064,526,-58.18417,0
376074,521,-58.88687,0
376084,529,-57.76254,0
376094,531,-57.48146,0
376104,531,-57.48146,0
376114,520,-59.02741,0
376124,526,-58.18417,0
376134,528,-57.90308,0
376144,525,-58.3247,0
376154,529,-57.76254,0
376164,527,-58.04362,0
376174,526,-58.18417,0
376184,520,-59.02741,0
376194,530,-57.622,0
376204,529,-57.76254,0
376214,518,-59.30849,0
376224,510,-60.43283,0
376234,523,-58.60579,0
376244,531,-57.48146,0
376254,524,-58.46524,0
376264,528,-57.90308,0
376274,521,-58.88687,0
376284,535,-56.91929,0
376294,527,-58.04362,0
376304,517,-59.44904,0
376314,528,-57.90308,0
376324,525,-58.3247,0
376334,524,-58.46524,0
376344,528,-57.90308,0
376354,530,-57.622,0
376364,520,-59.02741,0
376374,522,-58.74633,0
376384,527,-58.04362,0
376394,524,-58.46524,0
376404,526,-58.18417,0
376414,518,-59.30849,0
376424,524,-58.46524,0
376434,522,-58.74633,0
376444,521,-58.88687,0
376454,522,-58.74633,0
376464,530,-57.622,0
376474,534,-57.05983,0
376484,524,-58.46524,0
376494,535,-56.91929,0
376504,522,-58.74633,0
376514,527,-58.04362,0
376524,525,-58.3247,0
376534,528,-57.90308,0
376544,531,-57.48146,0
376554,524,-58.46524,0
376564,529,-57.76254,0
376574,525,-58.3247,0
376584,526,-58.18417,0
376594,525,-58.3247,0
376604,527,-58.04362,0
376614,518,-59.30849,0
376624,516,-59.58958,0
376634,526,-58.18417,0
376644,526,-58.18417,0
376654,523,-58.60579,0
376664,525,-58.3247,0
376674,531,-57.48146,0
376684,519,-59.16795,0
376694,525,-58.3247,0
376704,525,-58.3247,0
376714,521,-58.88687,0
376724,538,-56.49767,0
376734,528,-57.90308,0
376744,534,-57.05983,0
376754,527,-58.04362,0
376764,520,-59.02741,0
376774,533,-57.20037,0
376784,528,-57.90308,0
376794,521,-58.88687,0
376804,525,-58.3247,0
376814,527,-58.04362,0
376824,522,-58.74633,0
376834,526,-58.18417,0
376844,531,-57.48146,0
376854,535,-56.91929,0
376864,537,-56.63821,0
376874,524,-58.46524,0
376884,516,-59.58958,0
376894,528,-57.90308,0
376904,522,-58.74633,0
376914,523,-58.60579,0
376924,517,-59.44904,0
376934,521,-58.88687,0
376944,531,-57.48146,0
376954,525,-58.3247,0
376964,532,-57.34091,0
376974,516,-59.58958,0
376984,526,-58.18417,0
376994,530,-57.622,0
377004,524,-58.46524,0
377014,528,-57.90308,0
377024,521,-58.88687,0
377034,526,-58.18417,0
377044,529,-57.76254,0
377054,528,-57.90308,0
377064,533,-57.20037,0
377074,533,-57.20037,0
377084,534,-57.05983,0
377094,519,-59.16795,0
377104,528,-57.90308,0
377114,525,-58.3247,0
377124,526,-58.18417,0
377134,531,-57.48146,0
377144,522,-58.74633,0
377154,522,-58.74633,0
377164,523,-58.60579,0
377174,521,-58.88687,0
377184,524,-58.46524,0
377194,523,-58.60579,0
377204,524,-58.46524,0
377214,522,-58.74633,0
377224,522,-58.74633,0
377234,519,-59.16795,0
377244,526,-58.18417,0
377254,525,-58.3247,0
377264,531,-57.48146,0
377274,531,-57.48146,0
377284,530,-57.622,0
377294,530,-57.622,0
377304,530,-57.622,0
377314,525,-58.3247,0
377324,525,-58.3247,0
377334,523,-58.60579,0
377344,524,-58.46524,0
377354,522,-58.74633,0
377364,525,-58.3247,0
377374,520,-59.02741,0
377384,528,-57.90308,0
377394,525,-58.3247,0
377404,526,-58.18417,0
377414,528,-57.90308,0
377424,525,-58.3247,0
377434,528,-57.90308,0
377444,525,-58.3247,0
377454,523,-58.60579,0
377464,524,-58.46524,0
377474,522,-58.74633,0
377484,525,-58.3247,0
377494,530,-57.622,0
377504,515,-59.73012,0
377514,536,-56.77875,0
377524,530,-57.622,0
377534,523,-58.60579,0
377544,527,-58.04362,0
377554,524,-58.46524,0
377564,517,-59.44904,0
377574,518,-59.30849,0
377584,523,-58.60579,0
377594,524,-58.46524,0
377604,521,-58.88687,0
377614,525,-58.3247,0
377624,515,-59.73012,0
377634,537,-56.63821,0
377644,523,-58.60579,0
377654,531,-57.48146,0
377664,522,-58.74633,0
377674,527,-58.04362,0
377684,529,-57.76254,0
377694,527,-58.04362,0
377704,525,-58.3247,0
377714,520,-59.02741,0
377724,523,-58.60579,0
377734,527,-58.04362,0
377744,534,-57.05983,0
377754,518,-59.30849,0
377764,528,-57.90308,0
377774,524,-58.46524,0
377784,523,-58.60579,0
377794,522,-58.74633,0
377804,529,-57.76254,0
377814,528,-57.90308,0
377824,526,-58.18417,0
377834,528,-57.90308,0
377844,528,-57.90308,0
377854,531,-57.48146,0
377864,527,-58.04362,0
377874,527,-58.04362,0
377884,537,-56.63821,0
377894,529,-57.76254,0
377904,526,-58.18417,0
377914,523,-58.60579,0
377924,525,-58.3247,0
377934,529,-57.76254,0
377944,526,-58.18417,0
377954,521,-58.88687,0
377964,527,-58.04362,0
377974,520,-59.02741,0
377984,533,-57.20037,0
377994,523,-58.60579,0
378004,531,-57.48146,0
378014,524,-58.46524,0
378024,530,-57.622,0
378034,529,-57.76254,0
378044,529,-57.76254,0
378054,529,-57.76254,0
378064,530,-57.622,0
378074,517,-59.44904,0
378084,519,-59.16795,0
378094,524,-58.46524,0
378104,523,-58.60579,0
378114,525,-58.3247,0
378124,528,-57.90308,0
378134,535,-56.91929,0
378144,529,-57.76254,0
378154,531,-57.48146,0
378164,523,-58.60579,0
378174,529,-57.76254,0
378184,526,-58.18417,0
378194,520,-59.02741,0
378204,529,-57.76254,0
378214,516,-59.58958,0
378224,522,-58.74633,0
378234,518,-59.30849,0
378244,513,-60.0112,0
378254,527,-58.04362,0
378264,532,-57.34091,0
378274,521,-58.88687,0
378284,520,-59.02741,0
378294,531,-57.48146,0
378304,528,-57.90308,0
378314,524,-58.46524,0
378324,524,-58.46524,0
378334,522,-58.74633,0
378344,528,-57.90308,0
378354,529,-57.76254,0
378364,522,-58.74633,0
378374,526,-58.18417,0
378384,524,-58.46524,0
378394,520,-59.02741,0
378404,529,-57.76254,0
378414,530,-57.622,0
378424,523,-58.60579,0
378434,527,-58.04362,0
378444,522,-58.74633,0
378454,527,-58.04362,0
378464,526,-58.18417,0
378474,530,-57.622,0
378484,529,-57.76254,0
378494,523,-58.60579,0
378504,530,-57.622,0
378514,530,-57.622,0
378524,523,-58.60579,0
378534,534,-57.05983,0
378544,531,-57.48146,0
378554,523,-58.60579,0
378564,525,-58.3247,0
378574,527,-58.04362,0
378584,529,-57.76254,0
378594,523,-58.60579,0
378604,529,-57.76254,0
378614,527,-58.04362,0
378624,532,-57.34091,0
378634,529,-57.76254,0
378644,527,-58.04362,0
378654,534,-57.05983,0
378664,524,-58.46524,0
378674,527,-58.04362,0
378684,529,-57.76254,0
378694,530,-57.622,0
378704,527,-58.04362,0
378714,525,-58.3247,0
378724,534,-57.05983,0
378734,522,-58.74633,0
378744,534,-57.05983,0
378754,527,-58.04362,0
378764,530,-57.622,0
378774,528,-57.90308,0
378784,525,-58.3247,0
378794,519,-59.16795,0
378804,527,-58.04362,0
378814,525,-58.3247,0
378824,524,-58.46524,0
378834,526,-58.18417,0
378844,523,-58.60579,0
378854,521,-58.88687,0
378864,525,-58.3247,0
378874,529,-57.76254,0
378884,525,-58.3247,0
378894,528,-57.90308,0
378904,517,-59.44904,0
378914,519,-59.16795,0
378924,527,-58.04362,0
378934,517,-59.44904,0
378944,515,-59.73012,0
378954,529,-57.76254,0
378964,528,-57.90308,0
378974,523,-58.60579,0
378984,521,-58.88687,0
378994,528,-57.90308,0
379004,531,-57.48146,0
379014,523,-58.60579,0
379024,525,-58.3247,0
379034,530,-57.622,0
379044,520,-59.02741,0
379054,522,-58.74633,0
379064,521,-58.88687,0
379074,534,-57.05983,0
379084,530,-57.622,0
379094,522,-58.74633,0
379104,527,-58.04362,0
379114,525,-58.3247,0
379124,518,-59.30849,0
379134,530,-57.622,0
379144,521,-58.88687,0
379154,533,-57.20037,0
379164,515,-59.73012,0
379174,527,-58.04362,0
379184,518,-59.30849,0
379194,531,-57.48146,0
379204,518,-59.30849,0
379214,523,-58.60579,0
379224,523,-58.60579,0
379234,531,-57.48146,0
379244,523,-58.60579,0
379254,524,-58.46524,0
379264,523,-58.60579,0
379274,521,-58.88687,0
379284,536,-56.77875,0
379294,528,-57.90308,0
379304,533,-57.20037,0
379314,516,-59.58958,0
379324,529,-57.76254,0
379334,522,-58.74633,0
379344,526,-58.18417,0
379354,524,-58.46524,0
379364,522,-58.74633,0
379374,526,-58.18417,0
379384,518,-59.30849,0
379394,520,-59.02741,0
379404,520,-59.02741,0
379414,532,-57.34091,0
379424,525,-58.3247,0
379434,527,-58.04362,0
379444,527,-58.04362,0
379454,519,-59.16795,0
379464,531,-57.48146,0
379474,522,-58.74633,0
379484,521,-58.88687,0
379494,523,-58.60579,0
379504,534,-57.05983,0
379514,515,-59.73012,0
379524,526,-58.18417,0
379534,534,-57.05983,0
379544,530,-57.622,0
379554,524,-58.46524,0
379564,531,-57.48146,0
379574,518,-59.30849,0
379584,533,-57.20037,0
379594,523,-58.60579,0
379604,528,-57.90308,0
379614,521,-58.88687,0
379624,533,-57.20037,0
379634,521,-58.88687,0
379644,528,-57.90308,0
379654,527,-58.04362,0
379664,520,-59.02741,0
379674,517,-59.44904,0
379684,525,-58.3247,0
379694,524,-58.46524,0
379704,522,-58.74633,0
379714,529,-57.76254,0
379724,522,-58.74633,0
379734,525,-58.3247,0
379744,529,-57.76254,0
379754,529,-57.76254,0
379764,527,-58.04362,0
379774,525,-58.3247,0
379784,523,-58.60579,0
379794,522,-58.74633,0
379804,518,-59.30849,0
379814,530,-57.622,0
379824,523,-58.60579,0
379834,525,-58.3247,0
379844,524,-58.46524,0
379854,524,-58.46524,0
379864,530,-57.622,0
379874,527,-58.04362,0
379884,534,-57.05983,0
379894,522,-58.74633,0
379904,520,-59.02741,0
379914,525,-58.3247,0
379924,530,-57.622,0
379934,532,-57.34091,0
379944,528,-57.90308,0
379954,531,-57.48146,0
379964,523,-58.60579,0
379974,524,-58.46524,0
379984,522,-58.74633,0
379994,524,-58.46524,0
380004,530,-57.622,0
380014,527,-58.04362,0
380024,524,-58.46524,0
380034,523,-58.60579,0
380044,525,-58.3247,0
380054,518,-59.30849,0
380064,527,-58.04362,0
380074,521,-58.88687,0
380084,530,-57.622,0
380094,524,-58.46524,0
380104,528,-57.90308,0
380114,523,-58.60579,0
380124,521,-58.88687,0
380134,529,-57.76254,0
380144,523,-58.60579,0
380154,524,-58.46524,0
380164,525,-58.3247,0
380174,525,-58.3247,0
380184,523,-58.60579,0
380194,525,-58.3247,0
380204,528,-57.90308,0
380214,520,-59.02741,0
380224,525,-58.3247,0
380234,526,-58.18417,0
380244,523,-58.60579,0
380254,530,-57.622,0
380264,530,-57.622,0
380274,528,-57.90308,0
380284,525,-58.3247,0
380294,521,-58.88687,0
380304,527,-58.04362,0
380314,529,-57.76254,0
380324,521,-58.88687,0
380334,529,-57.76254,0
380344,524,-58.46524,0
380354,528,-57.90308,0
380364,527,-58.04362,0
380374,519,-59.16795,0
380384,529,-57.76254,0
380394,529,-57.76254,0
380404,526,-58.18417,0
380414,525,-58.3247,0
380424,523,-58.60579,0
380434,529,-57.76254,0
380444,527,-58.04362,0
380454,538,-56.49767,0
380464,522,-58.74633,0
380474,523,-58.60579,0
380484,521,-58.88687,0
380494,534,-57.05983,0
380504,517,-59.44904,0
380514,534,-57.05983,0
380524,524,-58.46524,0
380534,524,-58.46524,0
380544,520,-59.02741,0
380554,523,-58.60579,0
380564,522,-58.74633,0
380574,524,-58.46524,0
380584,531,-57.48146,0
380594,524,-58.46524,0
380604,534,-57.05983,0
380614,531,-57.48146,0
380624,524,-58.46524,0
380634,532,-57.34091,0
380644,521,-58.88687,0
380654,530,-57.622,0
380664,515,-59.73012,0
380674,526,-58.18417,0
380684,525,-58.3247,0
380694,525,-58.3247,0
380704,521,-58.88687,0
380714,524,-58.46524,0
380724,523,-58.60579,0
380734,535,-56.91929,0
380744,521,-58.88687,0
380754,530,-57.622,0
380764,538,-56.49767,0
380774,520,-59.02741,0
380784,523,-58.60579,0
380794,518,-59.30849,0
380804,516,-59.58958,0
380814,526,-58.18417,0
380824,526,-58.18417,0
380834,532,-57.34091,0
380844,529,-57.76254,0
380854,531,-57.48146,0
380864,529,-57.76254,0
380874,529,-57.76254,0
380884,532,-57.34091,0
380894,527,-58.04362,0
380904,522,-58.74633,0
380914,520,-59.02741,0
380924,517,-59.44904,0
380934,526,-58.18417,0
380944,521,-58.88687,0
380954,527,-58.04362,0
380964,523,-58.60579,0
380974,531,-57.48146,0
380984,523,-58.60579,0
380994,538,-56.49767,0
381004,528,-57.90308,0
381014,523,-58.60579,0
381024,522,-58.74633,0
381034,523,-58.60579,0
381044,526,-58.18417,0
381054,530,-57.622,0
381064,524,-58.46524,0
381074,526,-58.18417,0
381084,526,-58.18417,0
381094,517,-59.44904,0
381104,525,-58.3247,0
381114,522,-58.74633,0
381124,533,-57.20037,0
381134,535,-56.91929,0
381144,529,-57.76254,0
381154,534,-57.05983,0
381164,524,-58.46524,0
381174,525,-58.3247,0
381184,526,-58.18417,0
381194,531,-57.48146,0
381204,521,-58.88687,0
381214,521,-58.88687,0
381224,538,-56.49767,0
381234,526,-58.18417,0
381244,527,-58.04362,0
381254,529,-57.76254,0
381264,533,-57.20037,0
381274,531,-57.48146,0
381284,536,-56.77875,0
381294,525,-58.3247,0
381304,530,-57.622,0
381314,530,-57.622,0
381324,534,-57.05983,0
381334,532,-57.34091,0
381344,530,-57.622,0
381354,531,-57.48146,0
381364,531,-57.48146,0
381374,527,-58.04362,0
381384,527,-58.04362,0
381394,523,-58.60579,0
381404,512,-60.15174,0
381414,530,-57.622,0
381424,518,-59.30849,0
381434,525,-58.3247,0
381444,523,-58.60579,0
381454,522,-58.74633,0
381464,530,-57.622,0
381474,528,-57.90308,0
381484,526,-58.18417,0
381494,525,-58.3247,0
381504,522,-58.74633,0
381514,530,-57.622,0
381524,530,-57.622,0
381534,525,-58.3247,0
381544,530,-57.622,0
381554,522,-58.74633,0
381564,521,-58.88687,0
381574,523,-58.60579,0
381584,519,-59.16795,0
381594,524,-58.46524,0
381604,527,-58.04362,0
381614,527,-58.04362,0
381624,520,-59.02741,0
381634,529,-57.76254,0
381644,525,-58.3247,0
381654,531,-57.48146,0
381664,516,-59.58958,0
381674,518,-59.30849,0
381684,527,-58.04362,0
381694,520,-59.02741,0
381704,527,-58.04362,0
381714,527,-58.04362,0
381724,523,-58.60579,0
381734,522,-58.74633,0
381744,523,-58.60579,0
381754,524,-58.46524,0
381764,517,-59.44904,0
381774,529,-57.76254,0
381784,524,-58.46524,0
381794,524,-58.46524,0
381804,529,-57.76254,0
381814,528,-57.90308,0
381824,522,-58.74633,0
381834,527,-58.04362,0
381844,527,-58.04362,0
381854,531,-57.48146,0
381864,525,-58.3247,0
381874,521,-58.88687,0
381884,515,-59.73012,0
381894,521,-58.88687,0
381904,525,-58.3247,0
381914,519,-59.16795,0
381924,515,-59.73012,0
381934,523,-58.60579,0
381944,525,-58.3247,0
381954,525,-58.3247,0
381964,522,-58.74633,0
381974,526,-58.18417,0
381984,525,-58.3247,0
381994,525,-58.3247,0
382004,529,-57.76254,0
382014,523,-58.60579,0
382024,527,-58.04362,0
382034,525,-58.3247,0
382044,529,-57.76254,0
382054,528,-57.90308,0
382064,515,-59.73012,0
382074,522,-58.74633,0
382084,528,-57.90308,0
382094,526,-58.18417,0
382104,525,-58.3247,0
382114,525,-58.3247,0
382124,521,-58.88687,0
382134,524,-58.46524,0
382144,523,-58.60579,0
382154,531,-57.48146,0
382164,520,-59.02741,0
382174,522,-58.74633,0
382184,525,-58.3247,0
382194,525,-58.3247,0
382204,524,-58.46524,0
382214,522,-58.74633,0
382224,527,-58.04362,0
382234,524,-58.46524,0
382244,525,-58.3247,0
382254,523,-58.60579,0
382264,524,-58.46524,0
382274,526,-58.18417,0
382284,536,-56.77875,0
382294,522,-58.74633,0
382304,530,-57.622,0
382314,529,-57.76254,0
382324,531,-57.48146,0
382334,527,-58.04362,0
382344,529,-57.76254,0
382354,528,-57.90308,0
382364,523,-58.60579,0
382374,520,-59.02741,0
382384,533,-57.20037,0
382394,522,-58.74633,0
382404,537,-56.63821,0
382414,520,-59.02741,0
382424,524,-58.46524,0
382434,532,-57.34091,0
382444,526,-58.18417,0
382454,527,-58.04362,0
382464,533,-57.20037,0
382474,524,-58.46524,0
382484,522,-58.74633,0
382494,528,-57.90308,0
382504,527,-58.04362,0
382514,522,-58.74633,0
382524,534,-57.05983,0
382534,529,-57.76254,0
382544,523,-58.60579,0
382554,522,-58.74633,0
382564,527,-58.04362,0
382574,526,-58.18417,0
382584,524,-58.46524,0
382594,520,-59.02741,0
382604,515,-59.73012,0
382614,523,-58.60579,0
382624,524,-58.46524,0
382634,521,-58.88687,0
382644,518,-59.30849,0
382654,519,-59.16795,0
382664,520,-59.02741,0
382674,532,-57.34091,0
382684,522,-58.74633,0
382694,528,-57.90308,0
382704,531,-57.48146,0
382714,525,-58.3247,0
382724,522,-58.74633,0
382734,523,-58.60579,0
382744,531,-57.48146,0
382754,533,-57.20037,0
382764,537,-56.63821,0
382774,525,-58.3247,0
382784,531,-57.48146,0
382794,525,-58.3247,0
382804,525,-58.3247,0
382814,523,-58.60579,0
382824,523,-58.60579,0
382834,522,-58.74633,0
382844,520,-59.02741,0
382854,527,-58.04362,0
382864,528,-57.90308,0
382874,525,-58.3247,0
382884,530,-57.622,0
382894,525,-58.3247,0
382904,523,-58.60579,0
382914,512,-60.15174,0
382924,528,-57.90308,0
382934,515,-59.73012,0
382944,533,-57.20037,0
382954,519,-59.16795,0
382964,531,-57.48146,0
382974,523,-58.60579,0
382984,524,-58.46524,0
382994,526,-58.18417,0
383004,531,-57.48146,0
383014,531,-57.48146,0
383024,525,-58.3247,0
383034,533,-57.20037,0
383044,529,-57.76254,0
383054,518,-59.30849,0
383064,520,-59.02741,0
383074,529,-57.76254,0
383084,529,-57.76254,0
383094,520,-59.02741,0
383104,522,-58.74633,0
383114,525,-58.3247,0
383124,530,-57.622,0
383134,531,-57.48146,0
383144,522,-58.74633,0
383154,530,-57.622,0
383164,518,-59.30849,0
383174,529,-57.76254,0
383184,525,-58.3247,0
383194,525,-58.3247,0
383204,536,-56.77875,0
383214,519,-59.16795,0
383224,522,-58.74633,0
383234,525,-58.3247,0
383244,525,-58.3247,0
383254,527,-58.04362,0
383264,523,-58.60579,0
383274,526,-58.18417,0
383284,523,-58.60579,0
383294,516,-59.58958,0
383304,530,-57.622,0
383314,525,-58.3247,0
383324,530,-57.622,0
383334,526,-58.18417,0
383344,528,-57.90308,0
383354,530,-57.622,0
383364,520,-59.02741,0
383374,530,-57.622,0
383384,529,-57.76254,0
383394,532,-57.34091,0
383404,528,-57.90308,0
383414,530,-57.622,0
383424,530,-57.622,0
383434,521,-58.88687,0
383444,527,-58.04362,0
383454,522,-58.74633,0
383464,531,-57.48146,0
383474,536,-56.77875,0
383484,524,-58.46524,0
383494,531,-57.48146,0
383504,535,-56.91929,0
383514,529,-57.76254,0
383524,521,-58.88687,0
383534,524,-58.46524,0
383544,531,-57.48146,0
383554,528,-57.90308,0
383564,529,-57.76254,0
383574,531,-57.48146,0
383584,528,-57.90308,0
383594,525,-58.3247,0
383604,537,-56.63821,0
383614,521,-58.88687,0
383624,532,-57.34091,0
383634,525,-58.3247,0
383644,527,-58.04362,0
383654,525,-58.3247,0
383664,528,-57.90308,0
383674,523,-58.60579,0
383684,532,-57.34091,0
383694,527,-58.04362,0
383704,533,-57.20037,0
383714,526,-58.18417,0
383724,533,-57.20037,0
383734,525,-58.3247,0
383744,522,-58.74633,0
383754,528,-57.90308,0
383764,532,-57.34091,0
383774,529,-57.76254,0
383784,526,-58.18417,0
383794,525,-58.3247,0
383804,531,-57.48146,0
383814,527,-58.04362,0
383824,526,-58.18417,0
383834,525,-58.3247,0
383844,525,-58.3247,0
383854,521,-58.88687,0
383864,520,-59.02741,0
383874,524,-58.46524,0
383884,526,-58.18417,0
383894,528,-57.90308,0
383904,525,-58.3247,0
383914,532,-57.34091,0
383924,519,-59.16795,0
383934,526,-58.18417,0
383944,523,-58.60579,0
383954,521,-58.88687,0
383964,524,-58.46524,0
383974,525,-58.3247,0
383984,530,-57.622,0
383994,528,-57.90308,0
384004,525,-58.3247,0
384014,530,-57.622,0
384024,521,-58.88687,0
384034,534,-57.05983,0
384044,526,-58.18417,0
384054,523,-58.60579,0
384064,524,-58.46524,0
384074,531,-57.48146,0
384084,534,-57.05983,0
384094,519,-59.16795,0
384104,523,-58.60579,0
384114,524,-58.46524,0
384124,531,-57.48146,0
384134,536,-56.77875,0
384144,527,-58.04362,0
384154,522,-58.74633,0
384164,521,-58.88687,0
384174,522,-58.74633,0
384184,523,-58.60579,0
384194,524,-58.46524,0
384204,521,-58.88687,0
384214,523,-58.60579,0
384224,530,-57.622,0
384234,519,-59.16795,0
384244,525,-58.3247,0
384254,519,-59.16795,0
384264,527,-58.04362,0
384274,523,-58.60579,0
384284,522,-58.74633,0
384294,524,-58.46524,0
384304,522,-58.74633,0
384314,525,-58.3247,0
384324,528,-57.90308,0
384334,531,-57.48146,0
384344,529,-57.76254,0
384354,538,-56.49767,0
384364,530,-57.622,0
384374,530,-57.622,0
384384,530,-57.622,0
384394,521,-58.88687,0
384404,528,-57.90308,0
384414,521,-58.88687,0
384424,528,-57.90308,0
384434,533,-57.20037,0
384444,533,-57.20037,0
384454,530,-57.622,0
384464,523,-58.60579,0
384474,523,-58.60579,0
384484,524,-58.46524,0
384494,534,-57.05983,0
384504,521,-58.88687,0
384514,522,-58.74633,0
384524,528,-57.90308,0
384534,532,-57.34091,0
384544,523,-58.60579,0
384554,531,-57.48146,0
384564,528,-57.90308,0
384574,534,-57.05983,0
384584,530,-57.622,0
384594,521,-58.88687,0
384604,525,-58.3247,0
384614,525,-58.3247,0
384624,521,-58.88687,0
384634,519,-59.16795,0
384644,520,-59.02741,0
384654,522,-58.74633,0
384664,520,-59.02741,0
384674,530,-57.622,0
384684,533,-57.20037,0
384694,528,-57.90308,0
384704,531,-57.48146,0
384714,524,-58.46524,0
384724,528,-57.90308,0
384734,522,-58.74633,0
384744,525,-58.3247,0
384754,521,-58.88687,0
384764,522,-58.74633,0
384774,523,-58.60579,0
384784,530,-57.622,0
384794,518,-59.30849,0
384804,527,-58.04362,0
384814,523,-58.60579,0
384824,535,-56.91929,0
384834,531,-57.48146,0
384844,522,-58.74633,0
384854,524,-58.46524,0
384864,521,-58.88687,0
384874,520,-59.02741,0
384884,524,-58.46524,0
384894,527,-58.04362,0
384904,526,-58.18417,0
384914,528,-57.90308,0
384924,531,-57.48146,0
384934,527,-58.04362,0
384944,534,-57.05983,0
384954,522,-58.74633,0
384964,525,-58.3247,0
384974,522,-58.74633,0
384984,524,-58.46524,0
384994,523,-58.60579,0
385004,528,-57.90308,0
385014,531,-57.48146,0
385024,519,-59.16795,0
385034,531,-57.48146,0
385044,528,-57.90308,0
385054,522,-58.74633,0
385064,525,-58.3247,0
385074,524,-58.46524,0
385084,527,-58.04362,0
385094,527,-58.04362,0
385104,529,-57.76254,0
385114,520,-59.02741,0
385124,532,-57.34091,0
385134,525,-58.3247,0
385144,532,-57.34091,0
385154,528,-57.90308,0
385164,522,-58.74633,0
385174,530,-57.622,0
385184,526,-58.18417,0
385194,534,-57.05983,0
385204,525,-58.3247,0
385214,528,-57.90308,0
385224,528,-57.90308,0
385234,524,-58.46524,0
385244,518,-59.30849,0
385254,522,-58.74633,0
385264,526,-58.18417,0
385274,531,-57.48146,0
385284,525,-58.3247,0
385294,527,-58.04362,0
385304,531,-57.48146,0
385314,530,-57.622,0
385324,525,-58.3247,0
385334,527,-58.04362,0
385344,531,-57.48146,0
385354,517,-59.44904,0
385364,526,-58.18417,0
385374,530,-57.622,0
385384,528,-57.90308,0
385394,525,-58.3247,0
385404,532,-57.34091,0
385414,532,-57.34091,0
385424,531,-57.48146,0
385434,530,-57.622,0
385444,530,-57.622,0
385454,520,-59.02741,0
385464,524,-58.46524,0
385474,523,-58.60579,0
385484,519,-59.16795,0
385494,527,-58.04362,0
385504,522,-58.74633,0
385514,530,-57.622,0
385524,521,-58.88687,0
385534,533,-57.20037,0
385544,525,-58.3247,0
385554,517,-59.44904,0
385564,528,-57.90308,0
385574,515,-59.73012,0
385584,530,-57.622,0
385594,521,-58.88687,0
385604,526,-58.18417,0
385614,520,-59.02741,0
385624,521,-58.88687,0
385634,525,-58.3247,0
385644,522,-58.74633,0
385654,532,-57.34091,0
385664,523,-58.60579,0
385674,533,-57.20037,0
385684,525,-58.3247,0
385694,517,-59.44904,0
385704,523,-58.60579,0
385714,521,-58.88687,0
385724,525,-58.3247,0
385734,526,-58.18417,0
385744,532,-57.34091,0
385754,524,-58.46524,0
385764,537,-56.63821,0
385774,533,-57.20037,0
385784,528,-57.90308,0
385794,528,-57.90308,0
385804,523,-58.60579,0
385814,525,-58.3247,0
385824,529,-57.76254,0
385834,523,-58.60579,0
385844,524,-58.46524,0
385854,524,-58.46524,0
385864,530,-57.622,0
385874,522,-58.74633,0
385884,525,-58.3247,0
385894,530,-57.622,0
385904,517,-59.44904,0
385914,518,-59.30849,0
385924,527,-58.04362,0
385934,520,-59.02741,0
385944,534,-57.05983,0
385954,514,-59.87066,0
385964,524,-58.46524,0
385974,534,-57.05983,0
385984,517,-59.44904,0
385994,530,-57.622,0
386004,527,-58.04362,0
386014,525,-58.3247,0
386024,532,-57.34091,0
386034,532,-57.34091,0
386044,526,-58.18417,0
386054,521,-58.88687,0
386064,531,-57.48146,0
386074,525,-58.3247,0
386084,526,-58.18417,0
386094,524,-58.46524,0
386104,524,-58.46524,0
386114,520,-59.02741,0
386124,527,-58.04362,0
386134,529,-57.76254,0
386144,521,-58.88687,0
386154,530,-57.622,0
386164,528,-57.90308,0
386174,531,-57.48146,0
386184,526,-58.18417,0
386194,522,-58.74633,0
386204,525,-58.3247,0
386214,520,-59.02741,0
386224,527,-58.04362,0
386234,527,-58.04362,0
386244,526,-58.18417,0
386254,523,-58.60579,0
386264,526,-58.18417,0
386274,527,-58.04362,0
386284,526,-58.18417,0
386294,526,-58.18417,0
386304,519,-59.16795,0
386314,527,-58.04362,0
386324,521,-58.88687,0
386334,525,-58.3247,0
386344,529,-57.76254,0
386354,528,-57.90308,0
386364,526,-58.18417,0
386374,530,-57.622,0
386384,530,-57.622,0
386394,523,-58.60579,0
386404,526,-58.18417,0
386414,527,-58.04362,0
386424,530,-57.622,0
386434,525,-58.3247,0
386444,514,-59.87066,0
386454,538,-56.49767,0
386464,528,-57.90308,0
386474,533,-57.20037,0
386484,535,-56.91929,0
386494,532,-57.34091,0
386504,528,-57.90308,0
386514,524,-58.46524,0
386524,526,-58.18417,0
386534,534,-57.05983,0
386544,523,-58.60579,0
386554,526,-58.18417,0
386564,527,-58.04362,0
386574,523,-58.60579,0
386584,523,-58.60579,0
386594,521,-58.88687,0
386604,530,-57.622,0
386614,531,-57.48146,0
386624,528,-57.90308,0
386634,523,-58.60579,0
386644,531,-57.48146,0
386654,528,-57.90308,0
386664,523,-58.60579,0
386674,534,-57.05983,0
386684,522,-58.74633,0
386694,530,-57.622,0
386704,520,-59.02741,0
386714,519,-59.16795,0
386724,530,-57.622,0
386734,515,-59.73012,0
386744,538,-56.49767,0
386754,526,-58.18417,0
386764,525,-58.3247,0
386774,525,-58.3247,0
386784,527,-58.04362,0
386794,521,-58.88687,0
386804,524,-58.46524,0
386814,521,-58.88687,0
386824,522,-58.74633,0
386834,524,-58.46524,0
386844,531,-57.48146,0
386854,528,-57.90308,0
386864,523,-58.60579,0
386874,524,-58.46524,0
386884,529,-57.76254,0
386894,524,-58.46524,0
386904,532,-57.34091,0
386914,528,-57.90308,0
386924,527,-58.04362,0
386934,520,-59.02741,0
386944,528,-57.90308,0
386954,528,-57.90308,0
386964,527,-58.04362,0
386974,527,-58.04362,0
386984,530,-57.622,0
386994,530,-57.622,0
387004,526,-58.18417,0
387014,531,-57.48146,0
387024,528,-57.90308,0
387034,529,-57.76254,0
387044,522,-58.74633,0
387054,527,-58.04362,0
387064,528,-57.90308,0
387074,523,-58.60579,0
387084,527,-58.04362,0
387094,527,-58.04362,0
387104,531,-57.48146,0
387114,525,-58.3247,0
387124,520,-59.02741,0
387134,527,-58.04362,0
387144,532,-57.34091,0
387154,522,-58.74633,0
387164,528,-57.90308,0
387174,525,-58.3247,0
387184,528,-57.90308,0
387194,531,-57.48146,0
387204,523,-58.60579,0
387214,522,-58.74633,0
387224,521,-58.88687,0
387234,526,-58.18417,0
387244,524,-58.46524,0
387254,531,-57.48146,0
387264,531,-57.48146,0
387274,524,-58.46524,0
387284,527,-58.04362,0
387294,518,-59.30849,0
387304,516,-59.58958,0
387314,522,-58.74633,0
387324,525,-58.3247,0
387334,523,-58.60579,0
387344,532,-57.34091,0
387354,525,-58.3247,0
387364,533,-57.20037,0
387374,524,-58.46524,0
387384,532,-57.34091,0
387394,525,-58.3247,0
387404,532,-57.34091,0
387414,520,-59.02741,0
387424,527,-58.04362,0
387434,529,-57.76254,0
387444,529,-57.76254,0
387454,527,-58.04362,0
387464,522,-58.74633,0
387474,527,-58.04362,0
387484,534,-57.05983,0
387494,532,-57.34091,0
387504,533,-57.20037,0
387514,528,-57.90308,0
387524,527,-58.04362,0
387534,522,-58.74633,0
387544,532,-57.34091,0
387554,531,-57.48146,0
387564,522,-58.74633,0
387574,528,-57.90308,0
387584,533,-57.20037,0
387594,525,-58.3247,0
387604,536,-56.77875,0
387614,528,-57.90308,0
387624,530,-57.622,0
387634,527,-58.04362,0
387644,521,-58.88687,0
387654,524,-58.46524,0
387664,526,-58.18417,0
387674,531,-57.48146,0
387684,518,-59.30849,0
387694,519,-59.16795,0
387704,532,-57.34091,0
387714,525,-58.3247,0
387724,521,-58.88687,0
387734,525,-58.3247,0
387744,534,-57.05983,0
387754,524,-58.46524,0
387764,526,-58.18417,0
387774,526,-58.18417,0
387784,524,-58.46524,0
387794,527,-58.04362,0
387804,517,-59.44904,0
387814,523,-58.60579,0
387824,530,-57.622,0
387834,525,-58.3247,0
387844,523,-58.60579,0
387854,529,-57.76254,0
387864,521,-58.88687,0
387874,526,-58.18417,0
387884,533,-57.20037,0
387894,527,-58.04362,0
387904,524,-58.46524,0
387914,519,-59.16795,0
387924,526,-58.18417,0
387934,518,-59.30849,0
387944,532,-57.34091,0
387954,524,-58.46524,0
387964,521,-58.88687,0
387974,530,-57.622,0
387984,522,-58.74633,0
387994,532,-57.34091,0
388004,520,-59.02741,0
388014,519,-59.16795,0
388024,525,-58.3247,0
388034,531,-57.48146,0
388044,528,-57.90308,0
388054,525,-58.3247,0
388064,528,-57.90308,0
388074,532,-57.34091,0
388084,520,-59.02741,0
388094,530,-57.622,0
388104,533,-57.20037,0
388114,524,-58.46524,0
388124,529,-57.76254,0
388134,521,-58.88687,0
388144,518,-59.30849,0
388154,525,-58.3247,0
388164,526,-58.18417,0
388174,525,-58.3247,0
388184,523,-58.60579,0
388194,526,-58.18417,0
388204,526,-58.18417,0
388214,524,-58.46524,0
388224,518,-59.30849,0
388234,522,-58.74633,0
388244,523,-58.60579,0
388254,529,-57.76254,0
388264,523,-58.60579,0
388274,529,-57.76254,0
388284,515,-59.73012,0
388294,527,-58.04362,0
388304,531,-57.48146,0
388314,532,-57.34091,0
388324,523,-58.60579,0
388334,537,-56.63821,0
388344,518,-59.30849,0
388354,537,-56.63821,0
388364,531,-57.48146,0
388374,521,-58.88687,0
388384,525,-58.3247,0
388394,523,-58.60579,0
388404,527,-58.04362,0
388414,523,-58.60579,0
388424,526,-58.18417,0
388434,521,-58.88687,0
388444,530,-57.622,0
388454,530,-57.622,0
388464,529,-57.76254,0
388474,525,-58.3247,0
388484,520,-59.02741,0
388494,528,-57.90308,0
388504,523,-58.60579,0
388514,522,-58.74633,0
388524,526,-58.18417,0
388534,528,-57.90308,0
388544,526,-58.18417,0
388554,526,-58.18417,0
388564,535,-56.91929,0
388574,525,-58.3247,0
388584,526,-58.18417,0
388594,529,-57.76254,0
388604,526,-58.18417,0
388614,529,-57.76254,0
388624,531,-57.48146,0
388634,525,-58.3247,0
388644,527,-58.04362,0
388654,522,-58.74633,0
388664,525,-58.3247,0
388674,536,-56.77875,0
388684,533,-57.20037,0
388694,530,-57.622,0
388704,531,-57.48146,0
388714,529,-57.76254,0
388724,521,-58.88687,0
388734,525,-58.3247,0
388744,525,-58.3247,0
388754,521,-58.88687,0
388764,524,-58.46524,0
388774,526,-58.18417,0
388784,532,-57.34091,0
388794,529,-57.76254,0
388804,528,-57.90308,0
388814,530,-57.622,0
388824,523,-58.60579,0
388834,528,-57.90308,0
388844,533,-57.20037,0
388854,521,-58.88687,0
388864,521,-58.88687,0
388874,522,-58.74633,0
388884,516,-59.58958,0
388894,520,-59.02741,0
388904,525,-58.3247,0
388914,522,-58.74633,0
388924,526,-58.18417,0
388934,524,-58.46524,0
388944,530,-57.622,0
388954,522,-58.74633,0
388964,528,-57.90308,0
388974,527,-58.04362,0
388984,519,-59.16795,0
388994,529,-57.76254,0
389004,531,-57.48146,0
389014,530,-57.622,0
389024,527,-58.04362,0
389034,523,-58.60579,0
389044,535,-56.91929,0
389054,531,-57.48146,0
389064,525,-58.3247,0
389074,525,-58.3247,0
389084,530,-57.622,0
389094,522,-58.74633,0
389104,524,-58.46524,0
389114,526,-58.18417,0
389124,523,-58.60579,0
389134,513,-60.0112,0
389144,534,-57.05983,0
389154,523,-58.60579,0
389164,534,-57.05983,0
389174,537,-56.63821,0
389184,533,-57.20037,0
389194,526,-58.18417,0
389204,529,-57.76254,0
389214,527,-58.04362,0
389224,523,-58.60579,0
389234,526,-58.18417,0
389244,533,-57.20037,0
389254,522,-58.74633,0
389264,530,-57.622,0
389274,521,-58.88687,0
389284,519,-59.16795,0
389294,532,-57.34091,0
389304,524,-58.46524,0
389314,530,-57.622,0
389324,529,-57.76254,0
389334,524,-58.46524,0
389344,522,-58.74633,0
389354,523,-58.60579,0
389364,533,-57.20037,0
389374,534,-57.05983,0
389384,535,-56.91929,0
389394,527,-58.04362,0
389404,526,-58.18417,0
389414,528,-57.90308,0
389424,530,-57.622,0
389434,524,-58.46524,0
389444,529,-57.76254,0
389454,522,-58.74633,0
389464,525,-58.3247,0
389474,531,-57.48146,0
389484,524,-58.46524,0
389494,535,-56.91929,0
389504,529,-57.76254,0
389514,523,-58.60579,0
389524,529,-57.76254,0
389534,525,-58.3247,0
389544,526,-58.18417,0
389554,524,-58.46524,0
389564,532,-57.34091,0
389574,523,-58.60579,0
389584,525,-58.3247,0
389594,532,-57.34091,0
389604,529,-57.76254,0
389614,524,-58.46524,0
389624,527,-58.04362,0
389634,524,-58.46524,0
389644,518,-59.30849,0
389654,524,-58.46524,0
389664,525,-58.3247,0
389674,525,-58.3247,0
389684,520,-59.02741,0
389694,528,-57.90308,0
389704,529,-57.76254,0
389714,526,-58.18417,0
389724,536,-56.77875,0
389734,530,-57.622,0
389744,522,-58.74633,0
389754,523,-58.60579,0
389764,521,-58.88687,0
389774,526,-58.18417,0
389784,525,-58.3247,0
389794,524,-58.46524,0
389804,528,-57.90308,0
389814,521,-58.88687,0
389824,528,-57.90308,0
389834,526,-58.18417,0
389844,528,-57.90308,0
389854,528,-57.90308,0
389864,528,-57.90308,0
389874,530,-57.622,0
389884,525,-58.3247,0
389894,524,-58.46524,0
389904,524,-58.46524,0
389914,524,-58.46524,0
389924,524,-58.46524,0
389934,522,-58.74633,0
389944,523,-58.60579,0
389954,527,-58.04362,0
389964,522,-58.74633,0
389974,523,-58.60579,0
389984,526,-58.18417,0
389994,529,-57.76254,0
390004,529,-57.76254,0
390014,533,-57.20037,0
390024,532,-57.34091,0
390034,528,-57.90308,0
390044,528,-57.90308,0
390054,527,-58.04362,0
390064,530,-57.622,0
390074,532,-57.34091,0
390084,518,-59.30849,0
390094,531,-57.48146,0
390104,530,-57.622,0
390114,526,-58.18417,0
390124,531,-57.48146,0
390134,521,-58.88687,0
390144,529,-57.76254,0
390154,528,-57.90308,0
390164,533,-57.20037,0
390174,534,-57.05983,0
390184,524,-58.46524,0
390194,519,-59.16795,0
390204,523,-58.60579,0
390214,518,-59.30849,0
390224,524,-58.46524,0
390234,527,-58.04362,0
390244,525,-58.3247,0
390254,529,-57.76254,0
390264,528,-57.90308,0
390274,530,-57.622,0
390284,523,-58.60579,0
390294,525,-58.3247,0
390304,526,-58.18417,0
390314,534,-57.05983,0
390324,526,-58.18417,0
390334,524,-58.46524,0
390344,522,-58.74633,0
390354,532,-57.34091,0
390364,521,-58.88687,0
390374,534,-57.05983,0
390384,524,-58.46524,0
390394,534,-57.05983,0
390404,526,-58.18417,0
390414,531,-57.48146,0
390424,527,-58.04362,0
390434,524,-58.46524,0
390444,528,-57.90308,0
390454,523,-58.60579,0
390464,527,-58.04362,0
390474,533,-57.20037,0
390484,532,-57.34091,0
390494,530,-57.622,0
390504,516,-59.58958,0
390514,527,-58.04362,0
390524,527,-58.04362,0
390534,537,-56.63821,0
390544,522,-58.74633,0
390554,520,-59.02741,0
390564,531,-57.48146,0
390574,517,-59.44904,0
390584,532,-57.34091,0
390594,531,-57.48146,0
390604,521,-58.88687,0
390614,525,-58.3247,0
390624,523,-58.60579,0
390634,527,-58.04362,0
390644,532,-57.34091,0
390654,526,-58.18417,0
390664,526,-58.18417,0
390674,527,-58.04362,0
390684,527,-58.04362,0
390694,524,-58.46524,0
390704,528,-57.90308,0
390714,530,-57.622,0
390724,525,-58.3247,0
390734,531,-57.48146,0
390744,532,-57.34091,0
390754,524,-58.46524,0
390764,529,-57.76254,0
390774,516,-59.58958,0
390784,534,-57.05983,0
390794,523,-58.60579,0
390804,530,-57.622,0
390814,537,-56.63821,0
390824,528,-57.90308,0
390834,530,-57.622,0
390844,534,-57.05983,0
390854,527,-58.04362,0
390864,523,-58.60579,0
390874,535,-56.91929,0
390884,522,-58.74633,0
390894,532,-57.34091,0
390904,525,-58.3247,0
390914,520,-59.02741,0
390924,524,-58.46524,0
390934,519,-59.16795,0
390944,527,-58.04362,0
390954,534,-57.05983,0
390964,532,-57.34091,0
390974,529,-57.76254,0
390984,524,-58.46524,0
390994,532,-57.34091,0
391004,526,-58.18417,0
391014,530,-57.622,0
391024,521,-58.88687,0
391034,525,-58.3247,0
391044,529,-57.76254,0
391054,522,-58.74633,0
391064,537,-56.63821,0
391074,526,-58.18417,0
391084,530,-57.622,0
391094,523,-58.60579,0
391104,526,-58.18417,0
391114,524,-58.46524,0
391124,522,-58.74633,0
391134,527,-58.04362,0
391144,531,-57.48146,0
391154,524,-58.46524,0
391164,519,-59.16795,0
391174,528,-57.90308,0
391184,521,-58.88687,0
391194,523,-58.60579,0
391204,525,-58.3247,0
391214,529,-57.76254,0
391224,521,-58.88687,0
391234,525,-58.3247,0
391244,519,-59.16795,0
391254,526,-58.18417,0
391264,528,-57.90308,0
391274,527,-58.04362,0
391284,520,-59.02741,0
391294,528,-57.90308,0
391304,521,-58.88687,0
391314,525,-58.3247,0
391324,520,-59.02741,0
391334,523,-58.60579,0
391344,528,-57.90308,0
391354,526,-58.18417,0
391364,523,-58.60579,0
391374,537,-56.63821,0
391384,530,-57.622,0
391394,527,-58.04362,0
391404,528,-57.90308,0
391414,521,-58.88687,0
391424,528,-57.90308,0
391434,522,-58.74633,0
391444,523,-58.60579,0
391454,524,-58.46524,0
391464,530,-57.622,0
391474,531,-57.48146,0
391484,522,-58.74633,0
391494,539,-56.35712,0
391504,524,-58.46524,0
391514,525,-58.3247,0
391524,523,-58.60579,0
391534,530,-57.622,0
391544,530,-57.622,0
391554,523,-58.60579,0
391564,532,-57.34091,0
391574,527,-58.04362,0
391584,526,-58.18417,0
391594,529,-57.76254,0
391604,537,-56.63821,0
391614,532,-57.34091,0
391624,528,-57.90308,0
391634,527,-58.04362,0
391644,523,-58.60579,0
391654,526,-58.18417,0
391664,524,-58.46524,0
391674,529,-57.76254,0
391684,527,-58.04362,0
391694,517,-59.44904,0
391704,534,-57.05983,0
391714,527,-58.04362,0
391724,536,-56.77875,0
391734,532,-57.34091,0
391744,531,-57.48146,0
391754,526,-58.18417,0
391764,529,-57.76254,0
391774,525,-58.3247,0
391784,516,-59.58958,0
391794,524,-58.46524,0
391804,527,-58.04362,0
391814,525,-58.3247,0
391824,524,-58.46524,0
391834,519,-59.16795,0
391844,526,-58.18417,0
391854,530,-57.622,0
391864,521,-58.88687,0
391874,527,-58.04362,0
391884,519,-59.16795,0
391894,529,-57.76254,0
391904,511,-60.29228,0
391914,522,-58.74633,0
391924,538,-56.49767,0
391934,525,-58.3247,0
391944,520,-59.02741,0
391954,528,-57.90308,0
391964,531,-57.48146,0
391974,531,-57.48146,0
391984,524,-58.46524,0
391994,531,-57.48146,0
392004,525,-58.3247,0
392014,530,-57.622,0
392024,521,-58.88687,0
392034,523,-58.60579,0
392044,530,-57.622,0
392054,533,-57.20037,0
392064,532,-57.34091,0
392074,527,-58.04362,0
392084,529,-57.76254,0
392094,530,-57.622,0
392104,532,-57.34091,0
392114,523,-58.60579,0
392124,532,-57.34091,0
392134,525,-58.3247,0
392144,529,-57.76254,0
392154,522,-58.74633,0
392164,529,-57.76254,0
392174,532,-57.34091,0
392184,531,-57.48146,0
392194,529,-57.76254,0
392204,530,-57.622,0
392214,525,-58.3247,0
392224,527,-58.04362,0
392234,527,-58.04362,0
392244,525,-58.3247,0
392254,523,-58.60579,0
392264,529,-57.76254,0
392274,532,-57.34091,0
392284,527,-58.04362,0
392294,520,-59.02741,0
392304,528,-57.90308,0
392314,515,-59.73012,0
392324,526,-58.18417,0
392334,523,-58.60579,0
392344,527,-58.04362,0
392354,515,-59.73012,0
392364,520,-59.02741,0
392374,515,-59.73012,0
392384,524,-58.46524,0
392394,520,-59.02741,0
392404,532,-57.34091,0
392414,528,-57.90308,0
392424,528,-57.90308,0
392434,532,-57.34091,0
392444,533,-57.20037,0
392454,526,-58.18417,0
392464,525,-58.3247,0
392474,528,-57.90308,0
392484,522,-58.74633,0
392494,531,-57.48146,0
392504,521,-58.88687,0
392514,529,-57.76254,0
392524,528,-57.90308,0
392534,528,-57.90308,0
392544,524,-58.46524,0
392554,528,-57.90308,0
392564,528,-57.90308,0
392574,522,-58.74633,0
392584,525,-58.3247,0
392594,527,-58.04362,0
392604,513,-60.0112,0
392614,528,-57.90308,0
392624,525,-58.3247,0
392634,533,-57.20037,0
392644,531,-57.48146,0
392654,530,-57.622,0
392664,526,-58.18417,0
392674,536,-56.77875,0
392684,527,-58.04362,0
392694,528,-57.90308,0
392704,522,-58.74633,0
392714,530,-57.622,0
392724,525,-58.3247,0
392734,524,-58.46524,0
392744,529,-57.76254,0
392754,529,-57.76254,0
392764,538,-56.49767,0
392774,517,-59.44904,0
392784,524,-58.46524,0
392794,530,-57.622,0
392804,530,-57.622,0
392814,533,-57.20037,0
392824,525,-58.3247,0
392834,523,-58.60579,0
392844,525,-58.3247,0
392854,523,-58.60579,0
392864,531,-57.48146,0
392874,537,-56.63821,0
392884,527,-58.04362,0
392894,536,-56.77875,0
392904,529,-57.76254,0
392914,523,-58.60579,0
392924,524,-58.46524,0
392934,522,-58.74633,0
392944,529,-57.76254,0
392954,529,-57.76254,0
392964,527,-58.04362,0
392974,525,-58.3247,0
392984,528,-57.90308,0
392994,524,-58.46524,0
393004,521,-58.88687,0
393014,532,-57.34091,0
393024,523,-58.60579,0
393034,532,-57.34091,0
393044,532,-57.34091,0
393054,531,-57.48146,0
393064,526,-58.18417,0
393074,531,-57.48146,0
393084,524,-58.46524,0
393094,519,-59.16795,0
393104,524,-58.46524,0
393114,535,-56.91929,0
393124,527,-58.04362,0
393134,524,-58.46524,0
393144,525,-58.3247,0
393154,532,-57.34091,0
393164,525,-58.3247,0
393174,530,-57.622,0
393184,529,-57.76254,0
393194,524,-58.46524,0
393204,523,-58.60579,0
393214,515,-59.73012,0
393224,529,-57.76254,0
393234,526,-58.18417,0
393244,526,-58.18417,0
393254,521,-58.88687,0
393264,534,-57.05983,0
393274,526,-58.18417,0
393284,533,-57.20037,0
393294,529,-57.76254,0
393304,532,-57.34091,0
393314,516,-59.58958,0
393324,524,-58.46524,0
393334,529,-57.76254,0
393344,514,-59.87066,0
393354,532,-57.34091,0
393364,531,-57.48146,0
393374,531,-57.48146,0
393384,529,-57.76254,0
393394,530,-57.622,0
393404,535,-56.91929,0
393414,534,-57.05983,0
393424,533,-57.20037,0
393434,528,-57.90308,0
393444,530,-57.622,0
393454,523,-58.60579,0
393464,520,-59.02741,0
393474,532,-57.34091,0
393484,532,-57.34091,0
393494,534,-57.05983,0
393504,530,-57.622,0
393514,528,-57.90308,0
393524,526,-58.18417,0
393534,530,-57.622,0
393544,527,-58.04362,0
393554,529,-57.76254,0
393564,531,-57.48146,0
393574,527,-58.04362,0
393584,522,-58.74633,0
393594,527,-58.04362,0
393604,523,-58.60579,0
393614,525,-58.3247,0
393624,525,-58.3247,0
393634,523,-58.60579,0
393644,524,-58.46524,0
393654,525,-58.3247,0
393664,518,-59.30849,0
393674,534,-57.05983,0
393684,523,-58.60579,0
393694,526,-58.18417,0
393704,533,-57.20037,0
393714,529,-57.76254,0
393724,524,-58.46524,0
393734,530,-57.622,0
393744,522,-58.74633,0
393754,525,-58.3247,0
393764,532,-57.34091,0
393774,529,-57.76254,0
393784,528,-57.90308,0
393794,534,-57.05983,0
393804,534,-57.05983,0
393814,533,-57.20037,0
393824,528,-57.90308,0
393834,528,-57.90308,0
393844,524,-58.46524,0
393854,528,-57.90308,0
393864,533,-57.20037,0
393874,526,-58.18417,0
393884,520,-59.02741,0
393894,526,-58.18417,0
393904,519,-59.16795,0
393914,524,-58.46524,0
393924,529,-57.76254,0
393934,526,-58.18417,0
393944,527,-58.04362,0
393954,531,-57.48146,0
393964,533,-57.20037,0
393974,525,-58.3247,0
393984,530,-57.622,0
393994,534,-57.05983,0
394004,528,-57.90308,0
394014,531,-57.48146,0
394024,527,-58.04362,0
394034,522,-58.74633,0
394044,531,-57.48146,0
394054,532,-57.34091,0
394064,530,-57.622,0
394074,531,-57.48146,0
394084,522,-58.74633,0
394094,524,-58.46524,0
394104,521,-58.88687,0
394114,527,-58.04362,0
394124,519,-59.16795,0
394134,525,-58.3247,0
394144,519,-59.16795,0
394154,527,-58.04362,0
394164,525,-58.3247,0
394174,538,-56.49767,0
394184,532,-57.34091,0
394194,530,-57.622,0
394204,526,-58.18417,0
394214,528,-57.90308,0
394224,517,-59.44904,0
394234,525,-58.3247,0
394244,529,-57.76254,0
394254,518,-59.30849,0
394264,531,-57.48146,0
394274,528,-57.90308,0
394284,536,-56.77875,0
394294,529,-57.76254,0
394304,522,-58.74633,0
394314,527,-58.04362,0
394324,519,-59.16795,0
394334,530,-57.622,0
394344,519,-59.16795,0
394354,531,-57.48146,0
394364,525,-58.3247,0
394374,521,-58.88687,0
394384,529,-57.76254,0
394394,521,-58.88687,0
394404,526,-58.18417,0
394414,527,-58.04362,0
394424,534,-57.05983,0
394434,527,-58.04362,0
394444,524,-58.46524,0
394454,524,-58.46524,0
394464,527,-58.04362,0
394474,523,-58.60579,0
394484,533,-57.20037,0
394494,534,-57.05983,0
394504,521,-58.88687,0
394514,533,-57.20037,0
394524,531,-57.48146,0
394534,526,-58.18417,0
394544,531,-57.48146,0
394554,535,-56.91929,0
394564,519,-59.16795,0
394574,519,-59.16795,0
394584,524,-58.46524,0
394594,528,-57.90308,0
394604,524,-58.46524,0
394614,531,-57.48146,0
394624,526,-58.18417,0
394634,528,-57.90308,0
394644,531,-57.48146,0
394654,530,-57.622,0
394664,527,-58.04362,0
394674,529,-57.76254,0
394684,523,-58.60579,0
394694,522,-58.74633,0
394704,523,-58.60579,0
394714,526,-58.18417,0
394724,520,-59.02741,0
394734,523,-58.60579,0
394744,521,-58.88687,0
394754,523,-58.60579,0
394764,522,-58.74633,0
394774,530,-57.622,0
394784,529,-57.76254,0
394794,533,-57.20037,0
394804,524,-58.46524,0
394814,524,-58.46524,0
394824,521,-58.88687,0
394834,528,-57.90308,0
394844,523,-58.60579,0
394854,529,-57.76254,0
394864,524,-58.46524,0
394874,535,-56.91929,0
394884,530,-57.622,0
394894,527,-58.04362,0
394904,526,-58.18417,0
394914,526,-58.18417,0
394924,520,-59.02741,0
394934,523,-58.60579,0
394944,530,-57.622,0
394954,522,-58.74633,0
394964,530,-57.622,0
394974,521,-58.88687,0
394984,528,-57.90308,0
394994,532,-57.34091,0
395004,527,-58.04362,0
395014,529,-57.76254,0
395024,530,-57.622,0
395034,517,-59.44904,0
395044,526,-58.18417,0
395054,520,-59.02741,0
395064,528,-57.90308,0
395074,526,-58.18417,0
395084,520,-59.02741,0
395094,523,-58.60579,0
395104,524,-58.46524,0
395114,529,-57.76254,0
395124,527,-58.04362,0
395134,525,-58.3247,0
395144,531,-57.48146,0
395154,524,-58.46524,0
395164,520,-59.02741,0
395174,525,-58.3247,0
395184,533,-57.20037,0
395194,526,-58.18417,0
395204,523,-58.60579,0
395214,530,-57.622,0
395224,527,-58.04362,0
395234,523,-58.60579,0
395244,527,-58.04362,0
395254,529,-57.76254,0
395264,516,-59.58958,0
395274,525,-58.3247,0
395284,526,-58.18417,0
395294,523,-58.60579,0
395304,529,-57.76254,0
395314,531,-57.48146,0
395324,532,-57.34091,0
395334,522,-58.74633,0
395344,528,-57.90308,0
395354,519,-59.16795,0
395364,523,-58.60579,0
395374,531,-57.48146,0
395384,523,-58.60579,0
395394,521,-58.88687,0
395404,528,-57.90308,0
395414,521,-58.88687,0
395424,528,-57.90308,0
395434,525,-58.3247,0
395444,523,-58.60579,0
395454,528,-57.90308,0
395464,518,-59.30849,0
395474,522,-58.74633,0
395484,526,-58.18417,0
395494,521,-58.88687,0
395504,532,-57.34091,0
395514,528,-57.90308,0
395524,525,-58.3247,0
395534,520,-59.02741,0
395544,523,-58.60579,0
395554,528,-57.90308,0
395564,530,-57.622,0
395574,526,-58.18417,0
395584,523,-58.60579,0
395594,522,-58.74633,0
395604,527,-58.04362,0
395614,523,-58.60579,0
395624,532,-57.34091,0
395634,529,-57.76254,0
395644,532,-57.34091,0
395654,527,-58.04362,0
395664,526,-58.18417,0
395674,525,-58.3247,0
395684,532,-57.34091,0
395694,518,-59.30849,0
395704,521,-58.88687,0
395714,526,-58.18417,0
395724,527,-58.04362,0
395734,527,-58.04362,0
395744,531,-57.48146,0
395754,520,-59.02741,0
395764,523,-58.60579,0
395774,524,-58.46524,0
395784,524,-58.46524,0
395794,522,-58.74633,0
395804,522,-58.74633,0
395814,525,-58.3247,0
395824,525,-58.3247,0
395834,529,-57.76254,0
395844,519,-59.16795,0
395854,524,-58.46524,0
395864,525,-58.3247,0
395874,529,-57.76254,0
395884,529,-57.76254,0
395894,530,-57.622,0
395904,525,-58.3247,0
395914,520,-59.02741,0
395924,523,-58.60579,0
395934,522,-58.74633,0
395944,526,-58.18417,0
395954,525,-58.3247,0
395964,521,-58.88687,0
395974,531,-57.48146,0
395984,528,-57.90308,0
395994,530,-57.622,0
396004,534,-57.05983,0
396014,525,-58.3247,0
396024,525,-58.3247,0
396034,539,-56.35712,0
396044,517,-59.44904,0
396054,516,-59.58958,0
396064,523,-58.60579,0
396074,530,-57.622,0
396084,527,-58.04362,0
396094,533,-57.20037,0
396104,532,-57.34091,0
396114,521,-58.88687,0
396124,532,-57.34091,0
396134,518,-59.30849,0
396144,525,-58.3247,0
396154,520,-59.02741,0
396164,532,-57.34091,0
396174,527,-58.04362,0
396184,531,-57.48146,0
396194,529,-57.76254,0
396204,524,-58.46524,0
396214,522,-58.74633,0
396224,525,-58.3247,0
396234,532,-57.34091,0
396244,523,-58.60579,0
396254,524,-58.46524,0
396264,529,-57.76254,0
396274,526,-58.18417,0
396284,529,-57.76254,0
396294,521,-58.88687,0
396304,531,-57.48146,0
396314,528,-57.90308,0
396324,530,-57.622,0
396334,527,-58.04362,0
396344,524,-58.46524,0
396354,531,-57.48146,0
396364,527,-58.04362,0
396374,521,-58.88687,0
396384,522,-58.74633,0
396394,527,-58.04362,0
396404,518,-59.30849,0
396414,534,-57.05983,0
396424,531,-57.48146,0
396434,529,-57.76254,0
396444,536,-56.77875,0
396454,525,-58.3247,0
396464,537,-56.63821,0
396474,525,-58.3247,0
396484,530,-57.622,0
396494,525,-58.3247,0
396504,528,-57.90308,0
396514,525,-58.3247,0
396524,520,-59.02741,0
396534,528,-57.90308,0
396544,532,-57.34091,0
396554,523,-58.60579,0
396564,525,-58.3247,0
396574,519,-59.16795,0
396584,524,-58.46524,0
396594,524,-58.46524,0
396604,530,-57.622,0
396614,528,-57.90308,0
396624,523,-58.60579,0
396634,525,-58.3247,0
396644,522,-58.74633,0
396654,514,-59.87066,0
396664,521,-58.88687,0
396674,528,-57.90308,0
396684,523,-58.60579,0
396694,530,-57.622,0
396704,531,-57.48146,0
396714,521,-58.88687,0
396724,524,-58.46524,0
396734,532,-57.34091,0
396744,526,-58.18417,0
396754,528,-57.90308,0
396764,533,-57.20037,0
396774,529,-57.76254,0
396784,535,-56.91929,0
396794,533,-57.20037,0
396804,526,-58.18417,0
396814,526,-58.18417,0
396824,523,-58.60579,0
396834,529,-57.76254,0
396844,522,-58.74633,0
396854,526,-58.18417,0
396864,535,-56.91929,0
396874,527,-58.04362,0
396884,527,-58.04362,0
396894,517,-59.44904,0
396904,518,-59.30849,0
396914,521,-58.88687,0
396924,521,-58.88687,0
396934,528,-57.90308,0
396944,530,-57.622,0
396954,516,-59.58958,0
396964,523,-58.60579,0
396974,521,-58.88687,0
396984,535,-56.91929,0
396994,525,-58.3247,0
397004,520,-59.02741,0
397014,528,-57.90308,0
397024,529,-57.76254,0
397034,526,-58.18417,0
397044,519,-59.16795,0
397054,523,-58.60579,0
397064,529,-57.76254,0
397074,534,-57.05983,0
397084,535,-56.91929,0
397094,520,-59.02741,0
397104,526,-58.18417,0
397114,532,-57.34091,0
397124,522,-58.74633,0
397134,530,-57.622,0
397144,523,-58.60579,0
397154,527,-58.04362,0
397164,520,-59.02741,0
397174,519,-59.16795,0
397184,530,-57.622,0
397194,528,-57.90308,0
397204,527,-58.04362,0
397214,530,-57.622,0
397224,526,-58.18417,0
397234,528,-57.90308,0
397244,523,-58.60579,0
397254,531,-57.48146,0
397264,527,-58.04362,0
397274,522,-58.74633,0
397284,530,-57.622,0
397294,525,-58.3247,0
397304,532,-57.34091,0
397314,532,-57.34091,0
397324,520,-59.02741,0
397334,528,-57.90308,0
397344,527,-58.04362,0
397354,525,-58.3247,0
397364,521,-58.88687,0
397374,527,-58.04362,0
397384,525,-58.3247,0
397394,526,-58.18417,0
397404,528,-57.90308,0
397414,521,-58.88687,0
397424,534,-57.05983,0
397434,533,-57.20037,0
397444,525,-58.3247,0
397454,519,-59.16795,0
397464,528,-57.90308,0
397474,519,-59.16795,0
397484,527,-58.04362,0
397494,521,-58.88687,0
397504,533,-57.20037,0
397514,532,-57.34091,0
397524,524,-58.46524,0
397534,523,-58.60579,0
397544,533,-57.20037,0
397554,524,-58.46524,0
397564,525,-58.3247,0
397574,526,-58.18417,0
397584,519,-59.16795,0
397594,520,-59.02741,0
397604,529,-57.76254,0
397614,529,-57.76254,0
397624,536,-56.77875,0
397634,519,-59.16795,0
397644,539,-56.35712,0
397654,524,-58.46524,0
397664,527,-58.04362,0
397674,527,-58.04362,0
397684,526,-58.18417,0
397694,517,-59.44904,0
397704,527,-58.04362,0
397714,526,-58.18417,0
397724,528,-57.90308,0
397734,523,-58.60579,0
397744,525,-58.3247,0
397754,532,-57.34091,0
397764,530,-57.622,0
397774,534,-57.05983,0
397784,530,-57.622,0
397794,529,-57.76254,0
397804,528,-57.90308,0
397814,527,-58.04362,0
397824,519,-59.16795,0
397834,521,-58.88687,0
397844,521,-58.88687,0
397854,534,-57.05983,0
397864,526,-58.18417,0
397874,530,-57.622,0
397884,520,-59.02741,0
397894,519,-59.16795,0
397904,529,-57.76254,0
397914,528,-57.90308,0
397924,526,-58.18417,0
397934,526,-58.18417,0
397944,521,-58.88687,0
397954,524,-58.46524,0
397964,528,-57.90308,0
397974,525,-58.3247,0
397984,531,-57.48146,0
397994,537,-56.63821,0
398004,524,-58.46524,0
398014,531,-57.48146,0
398024,528,-57.90308,0
398034,523,-58.60579,0
398044,519,-59.16795,0
398054,528,-57.90308,0
398064,522,-58.74633,0
398074,531,-57.48146,0
398084,531,-57.48146,0
398094,530,-57.622,0
398104,538,-56.49767,0
398114,523,-58.60579,0
398124,533,-57.20037,0
398134,529,-57.76254,0
398144,535,-56.91929,0
398154,532,-57.34091,0
398164,525,-58.3247,0
398174,523,-58.60579,0
398184,518,-59.30849,0
398194,524,-58.46524,0
398204,523,-58.60579,0
398214,523,-58.60579,0
398224,520,-59.02741,0
398234,520,-59.02741,0
398244,524,-58.46524,0
398254,522,-58.74633,0
398264,529,-57.76254,0
398274,523,-58.60579,0
398284,531,-57.48146,0
398294,528,-57.90308,0
398304,519,-59.16795,0
398314,529,-57.76254,0
398324,527,-58.04362,0
398334,534,-57.05983,0
398344,533,-57.20037,0
398354,529,-57.76254,0
398364,526,-58.18417,0
398374,527,-58.04362,0
398384,526,-58.18417,0
398394,531,-57.48146,0
398404,526,-58.18417,0
398414,529,-57.76254,0
398424,517,-59.44904,0
398434,524,-58.46524,0
398444,529,-57.76254,0
398454,530,-57.622,0
398464,530,-57.622,0
398474,529,-57.76254,0
398484,525,-58.3247,0
398494,527,-58.04362,0
398504,522,-58.74633,0
398514,528,-57.90308,0
398524,528,-57.90308,0
398534,525,-58.3247,0
398544,524,-58.46524,0
398554,531,-57.48146,0
398564,518,-59.30849,0
398574,523,-58.60579,0
398584,532,-57.34091,0
398594,526,-58.18417,0
398604,526,-58.18417,0
398614,522,-58.74633,0
398624,529,-57.76254,0
398634,522,-58.74633,0
398644,532,-57.34091,0
398654,530,-57.622,0
398664,528,-57.90308,0
398674,524,-58.46524,0
398684,524,-58.46524,0
398694,525,-58.3247,0
398704,530,-57.622,0
398714,529,-57.76254,0
398724,536,-56.77875,0
398734,522,-58.74633,0
398744,525,-58.3247,0
398754,531,-57.48146,0
398764,535,-56.91929,0
398774,526,-58.18417,0
398784,528,-57.90308,0
398794,527,-58.04362,0
398804,529,-57.76254,0
398814,533,-57.20037,0
398824,522,-58.74633,0
398834,528,-57.90308,0
398844,517,-59.44904,0
398854,527,-58.04362,0
398864,531,-57.48146,0
398874,531,-57.48146,0
398884,531,-57.48146,0
398894,530,-57.622,0
398904,533,-57.20037,0
398914,519,-59.16795,0
398924,524,-58.46524,0
398934,523,-58.60579,0
398944,525,-58.3247,0
398954,534,-57.05983,0
398964,525,-58.3247,0
398974,529,-57.76254,0
398984,534,-57.05983,0
398994,521,-58.88687,0
399004,531,-57.48146,0
399014,520,-59.02741,0
399024,532,-57.34091,0
399034,529,-57.76254,0
399044,527,-58.04362,0
399054,532,-57.34091,0
399064,521,-58.88687,0
399074,528,-57.90308,0
399084,524,-58.46524,0
399094,526,-58.18417,0
399104,532,-57.34091,0
399114,531,-57.48146,0
399124,531,-57.48146,0
399134,530,-57.622,0
399144,528,-57.90308,0
399154,531,-57.48146,0
399164,529,-57.76254,0
399174,527,-58.04362,0
399184,527,-58.04362,0
399194,520,-59.02741,0
399204,529,-57.76254,0
399214,532,-57.34091,0
399224,525,-58.3247,0
399234,531,-57.48146,0
399244,530,-57.622,0
399254,518,-59.30849,0
399264,525,-58.3247,0
399274,521,-58.88687,0
399284,529,-57.76254,0
399294,522,-58.74633,0
399304,530,-57.622,0
399314,520,-59.02741,0
399324,532,-57.34091,0
399334,530,-57.622,0
399344,530,-57.622,0
399354,522,-58.74633,0
399364,527,-58.04362,0
399374,525,-58.3247,0
399384,529,-57.76254,0
399394,536,-56.77875,0
399404,519,-59.16795,0
399414,524,-58.46524,0
399424,525,-58.3247,0
399434,530,-57.622,0
399444,523,-58.60579,0
399454,535,-56.91929,0
399464,527,-58.04362,0
399474,529,-57.76254,0
399484,536,-56.77875,0
399494,521,-58.88687,0
399504,533,-57.20037,0
399514,526,-58.18417,0
399524,521,-58.88687,0
399534,523,-58.60579,0
399544,533,-57.20037,0
399554,530,-57.622,0
399564,528,-57.90308,0
399574,517,-59.44904,0
399584,531,-57.48146,0
399594,523,-58.60579,0
399604,523,-58.60579,0
399614,531,-57.48146,0
399624,528,-57.90308,0
399634,522,-58.74633,0
399644,523,-58.60579,0
399654,527,-58.04362,0
399664,516,-59.58958,0
399674,530,-57.622,0
399684,528,-57.90308,0
399694,528,-57.90308,0
399704,522,-58.74633,0
399714,536,-56.77875,0
399724,523,-58.60579,0
399734,536,-56.77875,0
399744,531,-57.48146,0
399754,531,-57.48146,0
399764,523,-58.60579,0
399774,521,-58.88687,0
399784,527,-58.04362,0
399794,531,-57.48146,0
399804,531,-57.48146,0
399814,529,-57.76254,0
399824,527,-58.04362,0
399834,516,-59.58958,0
399844,525,-58.3247,0
399854,530,-57.622,0
399864,532,-57.34091,0
399874,535,-56.91929,0
399884,524,-58.46524,0
399894,527,-58.04362,0
399904,525,-58.3247,0
399914,531,-57.48146,0
399924,533,-57.20037,0
399934,531,-57.48146,0
399944,528,-57.90308,0
399954,528,-57.90308,0
399964,538,-56.49767,0
399974,530,-57.622,0
399984,531,-57.48146,0
399994,525,-58.3247,0
400004,533,-57.20037,0
400014,526,-58.18417,0
400024,525,-58.3247,0
400034,530,-57.622,0
400044,534,-57.05983,0
400054,524,-58.46524,0
400064,530,-57.622,0
400074,523,-58.60579,0
400084,520,-59.02741,0
400094,531,-57.48146,0
400104,531,-57.48146,0
400114,522,-58.74633,0
400124,527,-58.04362,0
400134,528,-57.90308,0
400144,521,-58.88687,0
400154,532,-57.34091,0
400164,517,-59.44904,0
400174,520,-59.02741,0
400184,529,-57.76254,0
400194,521,-58.88687,0
400204,531,-57.48146,0
400214,524,-58.46524,0
400224,521,-58.88687,0
400234,532,-57.34091,0
400244,526,-58.18417,0
400254,525,-58.3247,0
400264,529,-57.76254,0
400274,527,-58.04362,0
400284,526,-58.18417,0
400294,519,-59.16795,0
400304,528,-57.90308,0
400314,524,-58.46524,0
400324,523,-58.60579,0
400334,526,-58.18417,0
400344,528,-57.90308,0
400354,520,-59.02741,0
400364,531,-57.48146,0
400374,522,-58.74633,0
400384,524,-58.46524,0
400394,526,-58.18417,0
400404,526,-58.18417,0
400414,524,-58.46524,0
400424,522,-58.74633,0
400434,527,-58.04362,0
400444,526,-58.18417,0
400454,523,-58.60579,0
400464,534,-57.05983,0
400474,528,-57.90308,0
400484,530,-57.622,0
400494,532,-57.34091,0
400504,537,-56.63821,0
400514,528,-57.90308,0
400524,525,-58.3247,0
400534,530,-57.622,0
400544,527,-58.04362,0
400554,523,-58.60579,0
400564,532,-57.34091,0
400574,535,-56.91929,0
400584,527,-58.04362,0
400594,526,-58.18417,0
400604,527,-58.04362,0
400614,533,-57.20037,0
400624,530,-57.622,0
400634,524,-58.46524,0
400644,525,-58.3247,0
400654,512,-60.15174,0
400664,527,-58.04362,0
400674,525,-58.3247,0
400684,526,-58.18417,0
400694,522,-58.74633,0
400704,531,-57.48146,0
400714,530,-57.622,0
400724,528,-57.90308,0
400734,530,-57.622,0
400744,529,-57.76254,0
400754,525,-58.3247,0
400764,523,-58.60579,0
400774,532,-57.34091,0
400784,518,-59.30849,0
400794,529,-57.76254,0
400804,537,-56.63821,0
400814,527,-58.04362,0
400824,531,-57.48146,0
400834,532,-57.34091,0
400844,524,-58.46524,0
400854,525,-58.3247,0
400864,524,-58.46524,0
400874,526,-58.18417,0
400884,527,-58.04362,0
400894,525,-58.3247,0
400904,526,-58.18417,0
400914,528,-57.90308,0
400924,537,-56.63821,0
400934,532,-57.34091,0
400944,518,-59.30849,0
400954,523,-58.60579,0
400964,530,-57.622,0
400974,526,-58.18417,0
400984,533,-57.20037,0
400994,528,-57.90308,0
401004,533,-57.20037,0
401014,533,-57.20037,0
401024,527,-58.04362,0
401034,522,-58.74633,0
401044,528,-57.90308,0
401054,527,-58.04362,0
401064,534,-57.05983,0
401074,526,-58.18417,0
401084,524,-58.46524,0
401094,529,-57.76254,0
401104,529,-57.76254,0
401114,531,-57.48146,0
401124,534,-57.05983,0
401134,528,-57.90308,0
401144,517,-59.44904,0
401154,524,-58.46524,0
401164,520,-59.02741,0
401174,529,-57.76254,0
401184,518,-59.30849,0
401194,529,-57.76254,0
401204,531,-57.48146,0
401214,525,-58.3247,0
401224,525,-58.3247,0
401234,536,-56.77875,0
401244,529,-57.76254,0
401254,521,-58.88687,0
401264,521,-58.88687,0
401274,522,-58.74633,0
401284,518,-59.30849,0
401294,527,-58.04362,0
401304,525,-58.3247,0
401314,519,-59.16795,0
401324,521,-58.88687,0
401334,526,-58.18417,0
401344,527,-58.04362,0
401354,521,-58.88687,0
401364,525,-58.3247,0
401374,526,-58.18417,0
401384,532,-57.34091,0
401394,521,-58.88687,0
401404,533,-57.20037,0
401414,529,-57.76254,0
401424,525,-58.3247,0
401434,528,-57.90308,0
401444,529,-57.76254,0
401454,531,-57.48146,0
401464,535,-56.91929,0
401474,522,-58.74633,0
401484,522,-58.74633,0
401494,527,-58.04362,0
401504,527,-58.04362,0
401514,527,-58.04362,0
401524,526,-58.18417,0
401534,529,-57.76254,0
401544,521,-58.88687,0
401554,531,-57.48146,0
401564,536,-56.77875,0
401574,531,-57.48146,0
401584,530,-57.622,0
401594,529,-57.76254,0
401604,524,-58.46524,0
401614,519,-59.16795,0
401624,529,-57.76254,0
401634,529,-57.76254,0
401644,532,-57.34091,0
401654,525,-58.3247,0
401664,521,-58.88687,0
401674,529,-57.76254,0
401684,529,-57.76254,0
401694,532,-57.34091,0
401704,533,-57.20037,0
401714,528,-57.90308,0
401724,527,-58.04362,0
401734,524,-58.46524,0
401744,520,-59.02741,0
401754,533,-57.20037,0
401764,519,-59.16795,0
401774,526,-58.18417,0
401784,532,-57.34091,0
401794,520,-59.02741,0
401804,525,-58.3247,0
401814,528,-57.90308,0
401824,522,-58.74633,0
401834,524,-58.46524,0
401844,524,-58.46524,0
401854,523,-58.60579,0
401864,522,-58.74633,0
401874,529,-57.76254,0
401884,525,-58.3247,0
401894,532,-57.34091,0
401904,526,-58.18417,0
401914,531,-57.48146,0
401924,530,-57.622,0
401934,525,-58.3247,0
401944,523,-58.60579,0
401954,529,-57.76254,0
401964,529,-57.76254,0
401974,530,-57.622,0
401984,525,-58.3247,0
401994,525,-58.3247,0
402004,535,-56.91929,0
402014,534,-57.05983,0
402024,530,-57.622,0
402034,527,-58.04362,0
402044,530,-57.622,0
402054,529,-57.76254,0
402064,529,-57.76254,0
402074,526,-58.18417,0
402084,519,-59.16795,0
402094,526,-58.18417,0
402104,518,-59.30849,0
402114,529,-57.76254,0
402124,531,-57.48146,0
402134,530,-57.622,0
402144,530,-57.622,0
402154,531,-57.48146,0
402164,535,-56.91929,0
402174,533,-57.20037,0
402184,535,-56.91929,0
402194,527,-58.04362,0
402204,526,-58.18417,0
402214,525,-58.3247,0
402224,523,-58.60579,0
402234,525,-58.3247,0
402244,527,-58.04362,0
402254,534,-57.05983,0
402264,530,-57.622,0
402274,530,-57.622,0
402284,533,-57.20037,0
402294,530,-57.622,0
402304,524,-58.46524,0
402314,530,-57.622,0
402324,532,-57.34091,0
402334,528,-57.90308,0
402344,530,-57.622,0
402354,528,-57.90308,0
402364,524,-58.46524,0
402374,533,-57.20037,0
402384,524,-58.46524,0
402394,528,-57.90308,0
402404,524,-58.46524,0
402414,528,-57.90308,0
402424,525,-58.3247,0
402434,525,-58.3247,0
402444,527,-58.04362,0
402454,534,-57.05983,0
402464,524,-58.46524,0
402474,525,-58.3247,0
402484,529,-57.76254,0
402494,536,-56.77875,0
402504,537,-56.63821,0
402514,536,-56.77875,0
402524,520,-59.02741,0
402534,531,-57.48146,0
402544,526,-58.18417,0
402554,526,-58.18417,0
402564,531,-57.48146,0
402574,531,-57.48146,0
402584,529,-57.76254,0
402594,518,-59.30849,0
402604,519,-59.16795,0
402614,533,-57.20037,0
402624,528,-57.90308,0
402634,530,-57.622,0
402644,526,-58.18417,0
402654,526,-58.18417,0
402664,529,-57.76254,0
402674,526,-58.18417,0
402684,524,-58.46524,0
402694,521,-58.88687,0
402704,524,-58.46524,0
402714,525,-58.3247,0
402724,522,-58.74633,0
402734,519,-59.16795,0
402744,524,-58.46524,0
402754,530,-57.622,0
402764,528,-57.90308,0
402774,531,-57.48146,0
402784,531,-57.48146,0
402794,523,-58.60579,0
402804,526,-58.18417,0
402814,526,-58.18417,0
402824,531,-57.48146,0
402834,523,-58.60579,0
402844,516,-59.58958,0
402854,524,-58.46524,0
402864,523,-58.60579,0
402874,532,-57.34091,0
402884,519,-59.16795,0
402894,527,-58.04362,0
402904,526,-58.18417,0
402914,528,-57.90308,0
402924,525,-58.3247,0
402934,525,-58.3247,0
402944,530,-57.622,0
402954,527,-58.04362,0
402964,528,-57.90308,0
402974,527,-58.04362,0
402984,524,-58.46524,0
402994,523,-58.60579,0
403004,532,-57.34091,0
403014,523,-58.60579,0
403024,528,-57.90308,0
403034,526,-58.18417,0
403044,525,-58.3247,0
403054,530,-57.622,0
403064,527,-58.04362,0
403074,525,-58.3247,0
403084,526,-58.18417,0
403094,525,-58.3247,0
403104,520,-59.02741,0
403114,533,-57.20037,0
403124,524,-58.46524,0
403134,527,-58.04362,0
403144,531,-57.48146,0
403154,522,-58.74633,0
403164,534,-57.05983,0
403174,520,-59.02741,0
403184,526,-58.18417,0
403194,531,-57.48146,0
403204,526,-58.18417,0
403214,524,-58.46524,0
403224,525,-58.3247,0
403234,528,-57.90308,0
403244,533,-57.20037,0
403254,529,-57.76254,0
403264,524,-58.46524,0
403274,531,-57.48146,0
403284,534,-57.05983,0
403294,517,-59.44904,0
403304,529,-57.76254,0
403314,518,-59.30849,0
403324,532,-57.34091,0
403334,522,-58.74633,0
403344,524,-58.46524,0
403354,521,-58.88687,0
403364,529,-57.76254,0
403374,515,-59.73012,0
403384,528,-57.90308,0
403394,530,-57.622,0
403404,530,-57.622,0
403414,529,-57.76254,0
403424,528,-57.90308,0
403434,529,-57.76254,0
403444,529,-57.76254,0
403454,524,-58.46524,0
403464,528,-57.90308,0
403474,528,-57.90308,0
403484,527,-58.04362,0
403494,534,-57.05983,0
403504,528,-57.90308,0
403514,534,-57.05983,0
403524,531,-57.48146,0
403534,527,-58.04362,0
403544,532,-57.34091,0
403554,538,-56.49767,0
403564,519,-59.16795,0
403574,525,-58.3247,0
403584,519,-59.16795,0
403594,532,-57.34091,0
403604,528,-57.90308,0
403614,525,-58.3247,0
403624,529,-57.76254,0
403634,519,-59.16795,0
403644,524,-58.46524,0
403654,530,-57.622,0
403664,525,-58.3247,0
403674,525,-58.3247,0
403684,530,-57.622,0
403694,524,-58.46524,0
403704,529,-57.76254,0
403714,518,-59.30849,0
403724,526,-58.18417,0
403734,531,-57.48146,0
403744,519,-59.16795,0
403754,531,-57.48146,0
403764,526,-58.18417,0
403774,523,-58.60579,0
403784,531,-57.48146,0
403794,525,-58.3247,0
403804,532,-57.34091,0
403814,521,-58.88687,0
403824,527,-58.04362,0
403834,526,-58.18417,0
403844,528,-57.90308,0
403854,527,-58.04362,0
403864,530,-57.622,0
403874,529,-57.76254,0
403884,528,-57.90308,0
403894,522,-58.74633,0
403904,525,-58.3247,0
403914,523,-58.60579,0
403924,525,-58.3247,0
403934,521,-58.88687,0
403944,522,-58.74633,0
403954,531,-57.48146,0
403964,521,-58.88687,0
403974,528,-57.90308,0
403984,526,-58.18417,0
403994,537,-56.63821,0
404004,526,-58.18417,0
404014,525,-58.3247,0
404024,529,-57.76254,0
404034,533,-57.20037,0
404044,522,-58.74633,0
404054,531,-57.48146,0
404064,527,-58.04362,0
404074,525,-58.3247,0
404084,533,-57.20037,0
404094,534,-57.05983,0
404104,523,-58.60579,0
404114,525,-58.3247,0
404124,526,-58.18417,0
404134,525,-58.3247,0
404144,532,-57.34091,0
404154,531,-57.48146,0
404164,534,-57.05983,0
404174,525,-58.3247,0
404184,527,-58.04362,0
404194,533,-57.20037,0
404204,521,-58.88687,0
404214,517,-59.44904,0
404224,528,-57.90308,0
404234,525,-58.3247,0
404244,521,-58.88687,0
404254,538,-56.49767,0
404264,531,-57.48146,0
404274,529,-57.76254,0
404284,534,-57.05983,0
404294,527,-58.04362,0
404304,531,-57.48146,0
404314,524,-58.46524,0
404324,527,-58.04362,0
404334,528,-57.90308,0
404344,533,-57.20037,0
404354,533,-57.20037,0
404364,523,-58.60579,0
404374,526,-58.18417,0
404384,524,-58.46524,0
404394,520,-59.02741,0
404404,525,-58.3247,0
404414,535,-56.91929,0
404424,522,-58.74633,0
404434,523,-58.60579,0
404444,532,-57.34091,0
404454,524,-58.46524,0
404464,524,-58.46524,0
404474,521,-58.88687,0
404484,525,-58.3247,0
404494,523,-58.60579,0
404504,535,-56.91929,0
404514,529,-57.76254,0
404524,532,-57.34091,0
404534,532,-57.34091,0
404544,535,-56.91929,0
404554,527,-58.04362,0
404564,531,-57.48146,0
404574,523,-58.60579,0
404584,527,-58.04362,0
404594,524,-58.46524,0
404604,529,-57.76254,0
404614,528,-57.90308,0
404624,526,-58.18417,0
404634,533,-57.20037,0
404644,525,-58.3247,0
404654,534,-57.05983,0
404664,529,-57.76254,0
404674,520,-59.02741,0
404684,525,-58.3247,0
404694,531,-57.48146,0
404704,526,-58.18417,0
404714,526,-58.18417,0
404724,526,-58.18417,0
404734,530,-57.622,0
404744,522,-58.74633,0
404754,534,-57.05983,0
404764,528,-57.90308,0
404774,518,-59.30849,0
404784,529,-57.76254,0
404794,528,-57.90308,0
404804,528,-57.90308,0
404814,525,-58.3247,0
404824,530,-57.622,0
404834,526,-58.18417,0
404844,524,-58.46524,0
404854,530,-57.622,0
404864,521,-58.88687,0
404874,519,-59.16795,0
404884,530,-57.622,0
404894,531,-57.48146,0
404904,533,-57.20037,0
404914,530,-57.622,0
404924,528,-57.90308,0
404934,531,-57.48146,0
404944,526,-58.18417,0
404954,526,-58.18417,0
404964,536,-56.77875,0
404974,527,-58.04362,0
404984,528,-57.90308,0
404994,530,-57.622,0
405004,523,-58.60579,0
405014,529,-57.76254,0
405024,532,-57.34091,0
405034,528,-57.90308,0
405044,528,-57.90308,0
405054,528,-57.90308,0
405064,524,-58.46524,0
405074,525,-58.3247,0
405084,529,-57.76254,0
405094,533,-57.20037,0
405104,524,-58.46524,0
405114,526,-58.18417,0
405124,535,-56.91929,0
405134,528,-57.90308,0
405144,526,-58.18417,0
405154,522,-58.74633,0
405164,521,-58.88687,0
405174,525,-58.3247,0
405184,520,-59.02741,0
405194,534,-57.05983,0
405204,536,-56.77875,0
405214,533,-57.20037,0
405224,525,-58.3247,0
405234,532,-57.34091,0
405244,529,-57.76254,0
405254,532,-57.34091,0
405264,526,-58.18417,0
405274,524,-58.46524,0
405284,526,-58.18417,0
405294,526,-58.18417,0
405304,528,-57.90308,0
405314,531,-57.48146,0
405324,521,-58.88687,0
405334,530,-57.622,0
405344,528,-57.90308,0
405354,531,-57.48146,0
405364,528,-57.90308,0
405374,528,-57.90308,0
405384,523,-58.60579,0
405394,534,-57.05983,0
405404,525,-58.3247,0
405414,527,-58.04362,0
405424,530,-57.622,0
405434,523,-58.60579,0
405444,525,-58.3247,0
405454,529,-57.76254,0
405464,525,-58.3247,0
405474,526,-58.18417,0
405484,529,-57.76254,0
405494,534,-57.05983,0
405504,533,-57.20037,0
405514,524,-58.46524,0
405524,522,-58.74633,0
405534,528,-57.90308,0
405544,530,-57.622,0
405554,534,-57.05983,0
405564,522,-58.74633,0
405574,527,-58.04362,0
405584,527,-58.04362,0
405594,536,-56.77875,0
405604,533,-57.20037,0
405614,535,-56.91929,0
405624,533,-57.20037,0
405634,522,-58.74633,0
405644,530,-57.622,0
405654,527,-58.04362,0
405664,524,-58.46524,0
405674,524,-58.46524,0
405684,525,-58.3247,0
405694,527,-58.04362,0
405704,528,-57.90308,0
405714,531,-57.48146,0
405724,529,-57.76254,0
405734,534,-57.05983,0
405744,525,-58.3247,0
405754,527,-58.04362,0
405764,529,-57.76254,0
405774,523,-58.60579,0
405784,527,-58.04362,0
405794,524,-58.46524,0
405804,526,-58.18417,0
405814,525,-58.3247,0
405824,531,-57.48146,0
405834,525,-58.3247,0
405844,528,-57.90308,0
405854,534,-57.05983,0
405864,517,-59.44904,0
405874,535,-56.91929,0
405884,530,-57.622,0
405894,530,-57.622,0
405904,525,-58.3247,0
405914,537,-56.63821,0
405924,531,-57.48146,0
405934,531,-57.48146,0
405944,532,-57.34091,0
405954,530,-57.622,0
405964,528,-57.90308,0
405974,533,-57.20037,0
405984,527,-58.04362,0
405994,526,-58.18417,0
406004,526,-58.18417,0
406014,528,-57.90308,0
406024,522,-58.74633,0
406034,518,-59.30849,0
406044,521,-58.88687,0
406054,532,-57.34091,0
406064,514,-59.87066,0
406074,527,-58.04362,0
406084,528,-57.90308,0
406094,539,-56.35712,0
406104,530,-57.622,0
406114,530,-57.622,0
406124,517,-59.44904,0
406134,527,-58.04362,0
406144,527,-58.04362,0
406154,527,-58.04362,0
406164,523,-58.60579,0
406174,526,-58.18417,0
406184,536,-56.77875,0
406194,526,-58.18417,0
406204,537,-56.63821,0
406214,522,-58.74633,0
406224,525,-58.3247,0
406234,525,-58.3247,0
406244,530,-57.622,0
406254,529,-57.76254,0
406264,531,-57.48146,0
406274,530,-57.622,0
406284,525,-58.3247,0
406294,533,-57.20037,0
406304,539,-56.35712,0
406314,524,-58.46524,0
406324,532,-57.34091,0
406334,529,-57.76254,0
406344,522,-58.74633,0
406354,531,-57.48146,0
406364,521,-58.88687,0
406374,525,-58.3247,0
406384,521,-58.88687,0
406394,527,-58.04362,0
406404,529,-57.76254,0
406414,520,-59.02741,0
406424,526,-58.18417,0
406434,529,-57.76254,0
406444,529,-57.76254,0
406454,525,-58.3247,0
406464,529,-57.76254,0
406474,525,-58.3247,0
406484,527,-58.04362,0
406494,526,-58.18417,0
406504,525,-58.3247,0
406514,523,-58.60579,0
406524,534,-57.05983,0
406534,538,-56.49767,0
406544,521,-58.88687,0
406554,530,-57.622,0
406564,527,-58.04362,0
406574,528,-57.90308,0
406584,527,-58.04362,0
406594,525,-58.3247,0
406604,524,-58.46524,0
406614,517,-59.44904,0
406624,525,-58.3247,0
406634,527,-58.04362,0
406644,532,-57.34091,0
406654,530,-57.622,0
406664,528,-57.90308,0
406674,529,-57.76254,0
406684,530,-57.622,0
406694,517,-59.44904,0
406704,525,-58.3247,0
406714,527,-58.04362,0
406724,529,-57.76254,0
406734,525,-58.3247,0
406744,539,-56.35712,0
406754,529,-57.76254,0
406764,528,-57.90308,0
406774,529,-57.76254,0
406784,531,-57.48146,0
406794,526,-58.18417,0
406804,530,-57.622,0
406814,529,-57.76254,0
406824,537,-56.63821,0
406834,528,-57.90308,0
406844,536,-56.77875,0
406854,535,-56.91929,0
406864,528,-57.90308,0
406874,529,-57.76254,0
406884,529,-57.76254,0
406894,524,-58.46524,0
406904,523,-58.60579,0
406914,532,-57.34091,0
406924,522,-58.74633,0
406934,530,-57.622,0
406944,534,-57.05983,0
406954,526,-58.18417,0
406964,524,-58.46524,0
406974,527,-58.04362,0
406984,522,-58.74633,0
406994,531,-57.48146,0
407004,529,-57.76254,0
407014,522,-58.74633,0
407024,525,-58.3247,0
407034,531,-57.48146,0
407044,533,-57.20037,0
407054,529,-57.76254,0
407064,534,-57.05983,0
407074,533,-57.20037,0
407084,537,-56.63821,0
407094,529,-57.76254,0
407104,527,-58.04362,0
407114,531,-57.48146,0
407124,528,-57.90308,0
407134,514,-59.87066,0
407144,521,-58.88687,0
407154,526,-58.18417,0
407164,523,-58.60579,0
407174,527,-58.04362,0
407184,525,-58.3247,0
407194,533,-57.20037,0
407204,521,-58.88687,0
407214,527,-58.04362,0
407224,524,-58.46524,0
407234,529,-57.76254,0
407244,525,-58.3247,0
407254,521,-58.88687,0
407264,524,-58.46524,0
407274,527,-58.04362,0
407284,530,-57.622,0
407294,520,-59.02741,0
407304,530,-57.622,0
407314,528,-57.90308,0
407324,528,-57.90308,0
407334,530,-57.622,0
407344,525,-58.3247,0
407354,532,-57.34091,0
407364,521,-58.88687,0
407374,524,-58.46524,0
407384,531,-57.48146,0
407394,530,-57.622,0
407404,526,-58.18417,0
407414,536,-56.77875,0
407424,529,-57.76254,0
407434,531,-57.48146,0
407444,522,-58.74633,0
407454,528,-57.90308,0
407464,533,-57.20037,0
407474,525,-58.3247,0
407484,527,-58.04362,0
407494,516,-59.58958,0
407504,526,-58.18417,0
407514,524,-58.46524,0
407524,532,-57.34091,0
407534,520,-59.02741,0
407544,530,-57.622,0
407554,535,-56.91929,0
407564,529,-57.76254,0
407574,526,-58.18417,0
407584,524,-58.46524,0
407594,527,-58.04362,0
407604,526,-58.18417,0
407614,525,-58.3247,0
407624,533,-57.20037,0
407634,526,-58.18417,0
407644,529,-57.76254,0
407654,534,-57.05983,0
407664,536,-56.77875,0
407674,528,-57.90308,0
407684,526,-58.18417,0
407694,523,-58.60579,0
407704,531,-57.48146,0
407714,531,-57.48146,0
407724,526,-58.18417,0
407734,527,-58.04362,0
407744,528,-57.90308,0
407754,531,-57.48146,0
407764,516,-59.58958,0
407774,518,-59.30849,0
407784,524,-58.46524,0
407794,525,-58.3247,0
407804,534,-57.05983,0
407814,533,-57.20037,0
407824,532,-57.34091,0
407834,529,-57.76254,0
407844,537,-56.63821,0
407854,530,-57.622,0
407864,531,-57.48146,0
407874,532,-57.34091,0
407884,515,-59.73012,0
407894,532,-57.34091,0
407904,526,-58.18417,0
407914,527,-58.04362,0
407924,530,-57.622,0
407934,523,-58.60579,0
407944,529,-57.76254,0
407954,531,-57.48146,0
407964,532,-57.34091,0
407974,530,-57.622,0
407984,527,-58.04362,0
407994,526,-58.18417,0
408004,532,-57.34091,0
408014,528,-57.90308,0
408024,529,-57.76254,0
408034,520,-59.02741,0
408044,527,-58.04362,0
408054,531,-57.48146,0
408064,528,-57.90308,0
408074,525,-58.3247,0
408084,529,-57.76254,0
408094,530,-57.622,0
408104,525,-58.3247,0
408114,530,-57.622,0
408124,517,-59.44904,0
408134,526,-58.18417,0
408144,525,-58.3247,0
408154,527,-58.04362,0
408164,531,-57.48146,0
408174,520,-59.02741,0
408184,527,-58.04362,0
408194,527,-58.04362,0
408204,528,-57.90308,0
408214,528,-57.90308,0
408224,533,-57.20037,0
408234,525,-58.3247,0
408244,522,-58.74633,0
408254,526,-58.18417,0
408264,517,-59.44904,0
408274,532,-57.34091,0
408284,528,-57.90308,0
408294,531,-57.48146,0
408304,531,-57.48146,0
408314,523,-58.60579,0
408324,531,-57.48146,0
408334,536,-56.77875,0
408344,524,-58.46524,0
408354,535,-56.91929,0
408364,532,-57.34091,0
408374,530,-57.622,0
408384,526,-58.18417,0
408394,528,-57.90308,0
408404,528,-57.90308,0
408414,532,-57.34091,0
408424,533,-57.20037,0
408434,528,-57.90308,0
408444,535,-56.91929,0
408454,522,-58.74633,0
408464,525,-58.3247,0
408474,523,-58.60579,0
408484,529,-57.76254,0
408494,528,-57.90308,0
408504,527,-58.04362,0
408514,533,-57.20037,0
408524,528,-57.90308,0
408534,524,-58.46524,0
408544,531,-57.48146,0
408554,522,-58.74633,0
408564,529,-57.76254,0
408574,536,-56.77875,0
408584,522,-58.74633,0
408594,525,-58.3247,0
408604,521,-58.88687,0
408614,527,-58.04362,0
408624,517,-59.44904,0
408634,529,-57.76254,0
408644,532,-57.34091,0
408654,532,-57.34091,0
408664,523,-58.60579,0
408674,534,-57.05983,0
408684,527,-58.04362,0
408694,529,-57.76254,0
408704,538,-56.49767,0
408714,529,-57.76254,0
408724,520,-59.02741,0
408734,529,-57.76254,0
408744,533,-57.20037,0
408754,537,-56.63821,0
408764,526,-58.18417,0
408774,526,-58.18417,0
408784,518,-59.30849,0
408794,530,-57.622,0
408804,522,-58.74633,0
408814,528,-57.90308,0
408824,538,-56.49767,0
408834,519,-59.16795,0
408844,532,-57.34091,0
408854,522,-58.74633,0
408864,528,-57.90308,0
408874,536,-56.77875,0
408884,526,-58.18417,0
408894,535,-56.91929,0
408904,528,-57.90308,0
408914,529,-57.76254,0
408924,527,-58.04362,0
408934,528,-57.90308,0
408944,529,-57.76254,0
408954,531,-57.48146,0
408964,524,-58.46524,0
408974,525,-58.3247,0
408984,525,-58.3247,0
408994,528,-57.90308,0
409004,527,-58.04362,0
409014,532,-57.34091,0
409024,536,-56.77875,0
409034,526,-58.18417,0
409044,528,-57.90308,0
409054,525,-58.3247,0
409064,529,-57.76254,0
409074,536,-56.77875,0
409084,521,-58.88687,0
409094,525,-58.3247,0
409104,535,-56.91929,0
409114,528,-57.90308,0
409124,517,-59.44904,0
409134,523,-58.60579,0
409144,529,-57.76254,0
409154,530,-57.622,0
409164,538,-56.49767,0
409174,532,-57.34091,0
409184,529,-57.76254,0
409194,519,-59.16795,0
409204,526,-58.18417,0
409214,524,-58.46524,0
409224,526,-58.18417,0
409234,530,-57.622,0
409244,537,-56.63821,0
409254,534,-57.05983,0
409264,526,-58.18417,0
409274,524,-58.46524,0
409284,521,-58.88687,0
409294,523,-58.60579,0
409304,530,-57.622,0
409314,535,-56.91929,0
409324,532,-57.34091,0
409334,522,-58.74633,0
409344,527,-58.04362,0
409354,527,-58.04362,0
409364,526,-58.18417,0
409374,525,-58.3247,0
409384,524,-58.46524,0
409394,533,-57.20037,0
409404,526,-58.18417,0
409414,533,-57.20037,0
409424,523,-58.60579,0
409434,535,-56.91929,0
409444,523,-58.60579,0
409454,527,-58.04362,0
409464,520,-59.02741,0
409474,523,-58.60579,0
409484,517,-59.44904,0
409494,523,-58.60579,0
409504,531,-57.48146,0
409514,531,-57.48146,0
409524,530,-57.622,0
409534,520,-59.02741,0
409544,530,-57.622,0
409554,524,-58.46524,0
409564,525,-58.3247,0
409574,525,-58.3247,0
409584,527,-58.04362,0
409594,534,-57.05983,0
409604,524,-58.46524,0
409614,524,-58.46524,0
409624,527,-58.04362,0
409634,525,-58.3247,0
409644,530,-57.622,0
409654,527,-58.04362,0
409664,534,-57.05983,0
409674,524,-58.46524,0
409684,531,-57.48146,0
409694,529,-57.76254,0
409704,529,-57.76254,0
409714,530,-57.622,0
409724,530,-57.622,0
409734,530,-57.622,0
409744,524,-58.46524,0
409754,527,-58.04362,0
409764,528,-57.90308,0
409774,519,-59.16795,0
409784,522,-58.74633,0
409794,526,-58.18417,0
409804,532,-57.34091,0
409814,527,-58.04362,0
409824,522,-58.74633,0
409834,523,-58.60579,0
409844,524,-58.46524,0
409854,535,-56.91929,0
409864,531,-57.48146,0
409874,531,-57.48146,0
409884,529,-57.76254,0
409894,536,-56.77875,0
409904,527,-58.04362,0
409914,533,-57.20037,0
409924,526,-58.18417,0
409934,530,-57.622,0
409944,517,-59.44904,0
409954,538,-56.49767,0
409964,525,-58.3247,0
409974,531,-57.48146,0
409984,523,-58.60579,0
409994,525,-58.3247,0
410004,530,-57.622,0
410014,526,-58.18417,0
410024,523,-58.60579,0
410034,524,-58.46524,0
410044,523,-58.60579,0
410054,523,-58.60579,0
410064,529,-57.76254,0
410074,526,-58.18417,0
410084,533,-57.20037,0
410094,537,-56.63821,0
410104,530,-57.622,0
410114,535,-56.91929,0
410124,532,-57.34091,0
410134,527,-58.04362,0
410144,524,-58.46524,0
410154,525,-58.3247,0
410164,530,-57.622,0
410174,524,-58.46524,0
410184,527,-58.04362,0
410194,528,-57.90308,0
410204,523,-58.60579,0
410214,526,-58.18417,0
410224,528,-57.90308,0
410234,537,-56.63821,0
410244,534,-57.05983,0
410254,533,-57.20037,0
410264,526,-58.18417,0
410274,528,-57.90308,0
410284,527,-58.04362,0
410294,522,-58.74633,0
410304,538,-56.49767,0
410314,530,-57.622,0
410324,528,-57.90308,0
410334,524,-58.46524,0
410344,527,-58.04362,0
410354,532,-57.34091,0
410364,531,-57.48146,0
410374,526,-58.18417,0
410384,536,-56.77875,0
410394,531,-57.48146,0
410404,532,-57.34091,0
410414,520,-59.02741,0
410424,531,-57.48146,0
410434,528,-57.90308,0
410444,530,-57.622,0
410454,531,-57.48146,0
410464,533,-57.20037,0
410474,526,-58.18417,0
410484,524,-58.46524,0
410494,522,-58.74633,0
410504,522,-58.74633,0
410514,526,-58.18417,0
410524,523,-58.60579,0
410534,523,-58.60579,0
410544,537,-56.63821,0
410554,526,-58.18417,0
410564,522,-58.74633,0
410574,530,-57.622,0
410584,524,-58.46524,0
410594,529,-57.76254,0
410604,524,-58.46524,0
410614,528,-57.90308,0
410624,524,-58.46524,0
410634,520,-59.02741,0
410644,525,-58.3247,0
410654,526,-58.18417,0
410664,527,-58.04362,0
410674,529,-57.76254,0
410684,534,-57.05983,0
410694,535,-56.91929,0
410704,534,-57.05983,0
410714,532,-57.34091,0
410724,529,-57.76254,0
410734,531,-57.48146,0
410744,518,-59.30849,0
410754,530,-57.622,0
410764,525,-58.3247,0
410774,529,-57.76254,0
410784,533,-57.20037,0
410794,529,-57.76254,0
410804,526,-58.18417,0
410814,523,-58.60579,0
410824,533,-57.20037,0
410834,534,-57.05983,0
410844,532,-57.34091,0
410854,529,-57.76254,0
410864,533,-57.20037,0
410874,530,-57.622,0
410884,529,-57.76254,0
410894,528,-57.90308,0
410904,535,-56.91929,0
410914,523,-58.60579,0
410924,530,-57.622,0
410934,530,-57.622,0
410944,517,-59.44904,0
410954,526,-58.18417,0
410964,531,-57.48146,0
410974,529,-57.76254,0
410984,528,-57.90308,0
410994,527,-58.04362,0
411004,531,-57.48146,0
411014,530,-57.622,0
411024,533,-57.20037,0
411034,528,-57.90308,0
411044,527,-58.04362,0
411054,527,-58.04362,0
411064,528,-57.90308,0
411074,531,-57.48146,0
411084,529,-57.76254,0
411094,535,-56.91929,0
411104,522,-58.74633,0
411114,528,-57.90308,0
411124,527,-58.04362,0
411134,526,-58.18417,0
411144,530,-57.622,0
411154,529,-57.76254,0
411164,532,-57.34091,0
411174,533,-57.20037,0
411184,532,-57.34091,0
411194,526,-58.18417,0
411204,520,-59.02741,0
411214,526,-58.18417,0
411224,529,-57.76254,0
411234,523,-58.60579,0
411244,532,-57.34091,0
411254,529,-57.76254,0
411264,521,-58.88687,0
411274,531,-57.48146,0
411284,528,-57.90308,0
411294,534,-57.05983,0
411304,534,-57.05983,0
411314,529,-57.76254,0
411324,532,-57.34091,0
411334,532,-57.34091,0
411344,518,-59.30849,0
411354,527,-58.04362,0
411364,526,-58.18417,0
411374,527,-58.04362,0
411384,524,-58.46524,0
411394,536,-56.77875,0
411404,529,-57.76254,0
411414,526,-58.18417,0
411424,527,-58.04362,0
411434,517,-59.44904,0
411444,525,-58.3247,0
411454,532,-57.34091,0
411464,526,-58.18417,0
411474,531,-57.48146,0
411484,520,-59.02741,0
411494,522,-58.74633,0
411504,524,-58.46524,0
411514,531,-57.48146,0
411524,530,-57.622,0
411534,532,-57.34091,0
411544,528,-57.90308,0
411554,532,-57.34091,0
411564,529,-57.76254,0
411574,529,-57.76254,0
411584,532,-57.34091,0
411594,527,-58.04362,0
411604,527,-58.04362,0
411614,522,-58.74633,0
411624,532,-57.34091,0
411634,524,-58.46524,0
411644,530,-57.622,0
411654,519,-59.16795,0
411664,524,-58.46524,0
411674,526,-58.18417,0
411684,531,-57.48146,0
411694,530,-57.622,0
411704,525,-58.3247,0
411714,530,-57.622,0
411724,531,-57.48146,0
411734,523,-58.60579,0
411744,522,-58.74633,0
411754,526,-58.18417,0
411764,533,-57.20037,0
411774,530,-57.622,0
411784,527,-58.04362,0
411794,530,-57.622,0
411804,524,-58.46524,0
411814,524,-58.46524,0
411824,519,-59.16795,0
411834,533,-57.20037,0
411844,525,-58.3247,0
411854,528,-57.90308,0
411864,534,-57.05983,0
411874,521,-58.88687,0
411884,536,-56.77875,0
411894,522,-58.74633,0
411904,530,-57.622,0
411914,527,-58.04362,0
411924,527,-58.04362,0
411934,532,-57.34091,0
411944,537,-56.63821,0
411954,534,-57.05983,0
411964,527,-58.04362,0
411974,532,-57.34091,0
411984,532,-57.34091,0
411994,526,-58.18417,0
412004,526,-58.18417,0
412014,530,-57.622,0
412024,525,-58.3247,0
412034,531,-57.48146,0
412044,537,-56.63821,0
412054,537,-56.63821,0
412064,522,-58.74633,0
412074,526,-58.18417,0
412084,524,-58.46524,0
412094,534,-57.05983,0
412104,530,-57.622,0
412114,522,-58.74633,0
412124,520,-59.02741,0
412134,530,-57.622,0
412144,529,-57.76254,0
412154,524,-58.46524,0
412164,529,-57.76254,0
412174,535,-56.91929,0
412184,524,-58.46524,0
412194,527,-58.04362,0
412204,531,-57.48146,0
412214,524,-58.46524,0
412224,518,-59.30849,0
412234,533,-57.20037,0
412244,531,-57.48146,0
412254,528,-57.90308,0
412264,520,-59.02741,0
412274,530,-57.622,0
412284,523,-58.60579,0
412294,523,-58.60579,0
412304,532,-57.34091,0
412314,525,-58.3247,0
412324,527,-58.04362,0
412334,533,-57.20037,0
412344,523,-58.60579,0
412354,525,-58.3247,0
412364,529,-57.76254,0
412374,535,-56.91929,0
412384,525,-58.3247,0
412394,529,-57.76254,0
412404,530,-57.622,0
412414,531,-57.48146,0
412424,527,-58.04362,0
412434,537,-56.63821,0
412444,534,-57.05983,0
412454,529,-57.76254,0
412464,527,-58.04362,0
412474,528,-57.90308,0
412484,518,-59.30849,0
412494,526,-58.18417,0
412504,529,-57.76254,0
412514,525,-58.3247,0
412524,519,-59.16795,0
412534,529,-57.76254,0
412544,532,-57.34091,0
412554,538,-56.49767,0
412564,534,-57.05983,0
412574,525,-58.3247,0
412584,526,-58.18417,0
412594,529,-57.76254,0
412604,528,-57.90308,0
412614,524,-58.46524,0
412624,527,-58.04362,0
412634,533,-57.20037,0
412644,527,-58.04362,0
412654,523,-58.60579,0
412664,523,-58.60579,0
412674,528,-57.90308,0
412684,541,-56.07604,0
412694,531,-57.48146,0
412704,525,-58.3247,0
412714,525,-58.3247,0
412724,523,-58.60579,0
412734,526,-58.18417,0
412744,529,-57.76254,0
412754,533,-57.20037,0
412764,533,-57.20037,0
412774,535,-56.91929,0
412784,528,-57.90308,0
412794,532,-57.34091,0
412804,530,-57.622,0
412814,524,-58.46524,0
412824,531,-57.48146,0
412834,529,-57.76254,0
412844,527,-58.04362,0
412854,526,-58.18417,0
412864,535,-56.91929,0
412874,528,-57.90308,0
412884,524,-58.46524,0
412894,528,-57.90308,0
412904,526,-58.18417,0
412914,533,-57.20037,0
412924,529,-57.76254,0
412934,526,-58.18417,0
412944,530,-57.622,0
412954,518,-59.30849,0
412964,527,-58.04362,0
412974,525,-58.3247,0
412984,531,-57.48146,0
412994,518,-59.30849,0
413004,524,-58.46524,0
413014,528,-57.90308,0
413024,529,-57.76254,0
413034,533,-57.20037,0
413044,530,-57.622,0
413054,525,-58.3247,0
413064,528,-57.90308,0
413074,527,-58.04362,0
413084,524,-58.46524,0
413094,538,-56.49767,0
413104,523,-58.60579,0
413114,538,-56.49767,0
413124,529,-57.76254,0
413134,532,-57.34091,0
413144,531,-57.48146,0
413154,528,-57.90308,0
413164,534,-57.05983,0
413174,518,-59.30849,0
413184,533,-57.20037,0
413194,527,-58.04362,0
413204,527,-58.04362,0
413214,526,-58.18417,0
413224,525,-58.3247,0
413234,530,-57.622,0
413244,530,-57.622,0
413254,529,-57.76254,0
413264,521,-58.88687,0
413274,532,-57.34091,0
413284,531,-57.48146,0
413294,522,-58.74633,0
413304,532,-57.34091,0
413314,529,-57.76254,0
413324,537,-56.63821,0
413334,529,-57.76254,0
413344,523,-58.60579,0
413354,523,-58.60579,0
413364,536,-56.77875,0
413374,529,-57.76254,0
413384,531,-57.48146,0
413394,537,-56.63821,0
413404,527,-58.04362,0
413414,534,-57.05983,0
413424,526,-58.18417,0
413434,528,-57.90308,0
413444,532,-57.34091,0
413454,528,-57.90308,0
413464,534,-57.05983,0
413474,516,-59.58958,0
413484,528,-57.90308,0
413494,519,-59.16795,0
413504,519,-59.16795,0
413514,535,-56.91929,0
413524,529,-57.76254,0
413534,531,-57.48146,0
413544,528,-57.90308,0
413554,537,-56.63821,0
413564,529,-57.76254,0
413574,524,-58.46524,0
413584,532,-57.34091,0
413594,523,-58.60579,0
413604,527,-58.04362,0
413614,527,-58.04362,0
413624,529,-57.76254,0
413634,534,-57.05983,0
413644,529,-57.76254,0
413654,531,-57.48146,0
413664,531,-57.48146,0
413674,529,-57.76254,0
413684,529,-57.76254,0
413694,523,-58.60579,0
413704,537,-56.63821,0
413714,531,-57.48146,0
413724,528,-57.90308,0
413734,528,-57.90308,0
413744,535,-56.91929,0
413754,530,-57.622,0
413764,528,-57.90308,0
413774,532,-57.34091,0
413784,529,-57.76254,0
413794,524,-58.46524,0
413804,529,-57.76254,0
413814,533,-57.20037,0
413824,525,-58.3247,0
413834,525,-58.3247,0
413844,518,-59.30849,0
413854,528,-57.90308,0
413864,532,-57.34091,0
413874,526,-58.18417,0
413884,524,-58.46524,0
413894,530,-57.622,0
413904,531,-57.48146,0
413914,534,-57.05983,0
413924,527,-58.04362,0
413934,523,-58.60579,0
413944,530,-57.622,0
413954,525,-58.3247,0
413964,527,-58.04362,0
413974,522,-58.74633,0
413984,531,-57.48146,0
413994,533,-57.20037,0
414004,531,-57.48146,0
414014,531,-57.48146,0
414024,535,-56.91929,0
414034,533,-57.20037,0
414044,536,-56.77875,0
414054,529,-57.76254,0
414064,533,-57.20037,0
414074,529,-57.76254,0
414084,531,-57.48146,0
414094,520,-59.02741,0
414104,530,-57.622,0
414114,530,-57.622,0
414124,528,-57.90308,0
414134,532,-57.34091,0
414144,530,-57.622,0
414154,521,-58.88687,0
414164,529,-57.76254,0
414174,531,-57.48146,0
414184,532,-57.34091,0
414194,530,-57.622,0
414204,527,-58.04362,0
414214,524,-58.46524,0
414224,528,-57.90308,0
414234,527,-58.04362,0
414244,522,-58.74633,0
414254,531,-57.48146,0
414264,534,-57.05983,0
414274,531,-57.48146,0
414284,522,-58.74633,0
414294,521,-58.88687,0
414304,526,-58.18417,0
414314,525,-58.3247,0
414324,522,-58.74633,0
414334,528,-57.90308,0
414344,522,-58.74633,0
414354,529,-57.76254,0
414364,527,-58.04362,0
414374,531,-57.48146,0
414384,524,-58.46524,0
414394,531,-57.48146,0
414404,523,-58.60579,0
414414,539,-56.35712,0
414424,523,-58.60579,0
414434,524,-58.46524,0
414444,527,-58.04362,0
414454,525,-58.3247,0
414464,524,-58.46524,0
414474,535,-56.91929,0
414484,534,-57.05983,0
414494,520,-59.02741,0
414504,527,-58.04362,0
414514,526,-58.18417,0
414524,539,-56.35712,0
414534,525,-58.3247,0
414544,521,-58.88687,0
414554,527,-58.04362,0
414564,522,-58.74633,0
414574,529,-57.76254,0
414584,531,-57.48146,0
414594,530,-57.622,0
414604,527,-58.04362,0
414614,527,-58.04362,0
414624,529,-57.76254,0
414634,531,-57.48146,0
414644,527,-58.04362,0
414654,534,-57.05983,0
414664,530,-57.622,0
414674,530,-57.622,0
414684,519,-59.16795,0
414694,530,-57.622,0
414704,524,-58.46524,0
414714,524,-58.46524,0
414724,525,-58.3247,0
414734,527,-58.04362,0
414744,527,-58.04362,0
414754,525,-58.3247,0
414764,532,-57.34091,0
414774,534,-57.05983,0
414784,525,-58.3247,0
414794,529,-57.76254,0
414804,525,-58.3247,0
414814,532,-57.34091,0
414824,527,-58.04362,0
414834,529,-57.76254,0
414844,536,-56.77875,0
414854,524,-58.46524,0
414864,524,-58.46524,0
414874,535,-56.91929,0
414884,530,-57.622,0
414894,536,-56.77875,0
414904,529,-57.76254,0
414914,527,-58.04362,0
414924,524,-58.46524,0
414934,527,-58.04362,0
414944,532,-57.34091,0
414954,522,-58.74633,0
414964,530,-57.622,0
414974,532,-57.34091,0
414984,525,-58.3247,0
414994,528,-57.90308,0
415004,527,-58.04362,0
415014,524,-58.46524,0
415024,528,-57.90308,0
415034,521,-58.88687,0
415044,532,-57.34091,0
415054,519,-59.16795,0
415064,538,-56.49767,0
415074,525,-58.3247,0
415084,528,-57.90308,0
415094,531,-57.48146,0
415104,528,-57.90308,0
415114,523,-58.60579,0
415124,532,-57.34091,0
415134,531,-57.48146,0
415144,527,-58.04362,0
415154,531,-57.48146,0
415164,528,-57.90308,0
415174,529,-57.76254,0
415184,520,-59.02741,0
415194,524,-58.46524,0
415204,526,-58.18417,0
415214,530,-57.622,0
415224,532,-57.34091,0
415234,534,-57.05983,0
415244,530,-57.622,0
415254,527,-58.04362,0
415264,536,-56.77875,0
415274,529,-57.76254,0
415284,523,-58.60579,0
415294,528,-57.90308,0
415304,523,-58.60579,0
415314,523,-58.60579,0
415324,527,-58.04362,0
415334,525,-58.3247,0
415344,533,-57.20037,0
415354,527,-58.04362,0
415364,531,-57.48146,0
415374,531,-57.48146,0
415384,531,-57.48146,0
415394,530,-57.622,0
415404,539,-56.35712,0
415414,529,-57.76254,0
415424,524,-58.46524,0
415434,531,-57.48146,0
415444,526,-58.18417,0
415454,530,-57.622,0
415464,532,-57.34091,0
415474,532,-57.34091,0
415484,530,-57.622,0
415494,524,-58.46524,0
415504,536,-56.77875,0
415514,529,-57.76254,0
415524,525,-58.3247,0
415534,528,-57.90308,0
415544,523,-58.60579,0
415554,529,-57.76254,0
415564,531,-57.48146,0
415574,530,-57.622,0
415584,534,-57.05983,0
415594,530,-57.622,0
415604,524,-58.46524,0
415614,526,-58.18417,0
415624,524,-58.46524,0
415634,540,-56.21659,0
415644,530,-57.622,0
415654,533,-57.20037,0
415664,535,-56.91929,0
415674,523,-58.60579,0
415684,523,-58.60579,0
415694,539,-56.35712,0
415704,530,-57.622,0
415714,521,-58.88687,0
415724,525,-58.3247,0
415734,521,-58.88687,0
415744,521,-58.88687,0
415754,526,-58.18417,0
415764,526,-58.18417,0
415774,528,-57.90308,0
415784,529,-57.76254,0
415794,534,-57.05983,0
415804,527,-58.04362,0
415814,536,-56.77875,0
415824,528,-57.90308,0
415834,535,-56.91929,0
415844,531,-57.48146,0
415854,528,-57.90308,0
415864,527,-58.04362,0
415874,533,-57.20037,0
415884,533,-57.20037,0
415894,524,-58.46524,0
415904,525,-58.3247,0
415914,531,-57.48146,0
415924,538,-56.49767,0
415934,525,-58.3247,0
415944,532,-57.34091,0
415954,529,-57.76254,0
415964,526,-58.18417,0
415974,536,-56.77875,0
415984,531,-57.48146,0
415994,531,-57.48146,0
416004,522,-58.74633,0
416014,532,-57.34091,0
416024,523,-58.60579,0
416034,527,-58.04362,0
416044,527,-58.04362,0
416054,538,-56.49767,0
416064,531,-57.48146,0
416074,525,-58.3247,0
416084,529,-57.76254,0
416094,532,-57.34091,0
416104,528,-57.90308,0
416114,525,-58.3247,0
416124,528,-57.90308,0
416134,529,-57.76254,0
416144,531,-57.48146,0
416154,527,-58.04362,0
416164,525,-58.3247,0
416174,526,-58.18417,0
416184,528,-57.90308,0
416194,535,-56.91929,0
416204,531,-57.48146,0
416214,530,-57.622,0
416224,534,-57.05983,0
416234,523,-58.60579,0
416244,524,-58.46524,0
416254,534,-57.05983,0
416264,532,-57.34091,0
416274,527,-58.04362,0
416284,520,-59.02741,0
416294,527,-58.04362,0
416304,521,-58.88687,0
416314,519,-59.16795,0
416324,528,-57.90308,0
416334,532,-57.34091,0
416344,528,-57.90308,0
416354,526,-58.18417,0
416364,531,-57.48146,0
416374,527,-58.04362,0
416384,521,-58.88687,0
416394,530,-57.622,0
416404,532,-57.34091,0
416414,527,-58.04362,0
416424,535,-56.91929,0
416434,531,-57.48146,0
416444,526,-58.18417,0
416454,536,-56.77875,0
416464,530,-57.622,0
416474,528,-57.90308,0
416484,527,-58.04362,0
416494,527,-58.04362,0
416504,533,-57.20037,0
416514,528,-57.90308,0
416524,521,-58.88687,0
416534,525,-58.3247,0
416544,527,-58.04362,0
416554,525,-58.3247,0
416564,531,-57.48146,0
416574,527,-58.04362,0
416584,538,-56.49767,0
416594,527,-58.04362,0
416604,528,-57.90308,0
416614,527,-58.04362,0
416624,539,-56.35712,0
416634,531,-57.48146,0
416644,527,-58.04362,0
416654,529,-57.76254,0
416664,531,-57.48146,0
416674,532,-57.34091,0
416684,533,-57.20037,0
416694,528,-57.90308,0
416704,533,-57.20037,0
416714,527,-58.04362,0
416724,527,-58.04362,0
416734,523,-58.60579,0
416744,531,-57.48146,0
416754,533,-57.20037,0
416764,526,-58.18417,0
416774,530,-57.622,0
416784,532,-57.34091,0
416794,526,-58.18417,0
416804,527,-58.04362,0
416814,535,-56.91929,0
416824,527,-58.04362,0
416834,534,-57.05983,0
416844,535,-56.91929,0
416854,532,-57.34091,0
416864,534,-57.05983,0
416874,528,-57.90308,0
416884,531,-57.48146,0
416894,535,-56.91929,0
416904,527,-58.04362,0
416914,530,-57.622,0
416924,537,-56.63821,0
416934,530,-57.622,0
416944,533,-57.20037,0
416954,537,-56.63821,0
416964,529,-57.76254,0
416974,534,-57.05983,0
416984,530,-57.622,0
416994,525,-58.3247,0
417004,528,-57.90308,0
417014,528,-57.90308,0
417024,523,-58.60579,0
417034,527,-58.04362,0
417044,518,-59.30849,0
417054,535,-56.91929,0
417064,530,-57.622,0
417074,532,-57.34091,0
417084,530,-57.622,0
417094,531,-57.48146,0
417104,534,-57.05983,0
417114,533,-57.20037,0
417124,528,-57.90308,0
417134,534,-57.05983,0
417144,521,-58.88687,0
417154,524,-58.46524,0
417164,529,-57.76254,0
417174,528,-57.90308,0
417184,527,-58.04362,0
417194,534,-57.05983,0
417204,530,-57.622,0
417214,527,-58.04362,0
417224,521,-58.88687,0
417234,522,-58.74633,0
417244,532,-57.34091,0
417254,532,-57.34091,0
417264,527,-58.04362,0
417274,523,-58.60579,0
417284,529,-57.76254,0
417294,525,-58.3247,0
417304,530,-57.622,0
417314,528,-57.90308,0
417324,530,-57.622,0
417334,533,-57.20037,0
417344,519,-59.16795,0
417354,526,-58.18417,0
417364,532,-57.34091,0
417374,536,-56.77875,0
417384,529,-57.76254,0
417394,527,-58.04362,0
417404,529,-57.76254,0
417414,526,-58.18417,0
417424,530,-57.622,0
417434,526,-58.18417,0
417444,530,-57.622,0
417454,538,-56.49767,0
417464,531,-57.48146,0
417474,534,-57.05983,0
417484,527,-58.04362,0
417494,532,-57.34091,0
417504,523,-58.60579,0
417514,523,-58.60579,0
417524,524,-58.46524,0
417534,531,-57.48146,0
417544,525,-58.3247,0
417554,520,-59.02741,0
417564,522,-58.74633,0
417574,536,-56.77875,0
417584,530,-57.622,0
417594,528,-57.90308,0
417604,532,-57.34091,0
417614,532,-57.34091,0
417624,523,-58.60579,0
417634,525,-58.3247,0
417644,518,-59.30849,0
417654,522,-58.74633,0
417664,523,-58.60579,0
417674,524,-58.46524,0
417684,525,-58.3247,0
417694,530,-57.622,0
417704,531,-57.48146,0
417714,532,-57.34091,0
417724,534,-57.05983,0
417734,527,-58.04362,0
417744,528,-57.90308,0
417754,526,-58.18417,0
417764,531,-57.48146,0
417774,525,-58.3247,0
417784,527,-58.04362,0
417794,526,-58.18417,0
417804,535,-56.91929,0
417814,527,-58.04362,0
417824,526,-58.18417,0
417834,527,-58.04362,0
417844,527,-58.04362,0
417854,538,-56.49767,0
417864,533,-57.20037,0
417874,524,-58.46524,0
417884,528,-57.90308,0
417894,523,-58.60579,0
417904,529,-57.76254,0
417914,525,-58.3247,0
417924,527,-58.04362,0
417934,534,-57.05983,0
417944,532,-57.34091,0
417954,536,-56.77875,0
417964,524,-58.46524,0
417974,534,-57.05983,0
417984,534,-57.05983,0
417994,525,-58.3247,0
418004,525,-58.3247,0
418014,526,-58.18417,0
418024,530,-57.622,0
418034,535,-56.91929,0
418044,531,-57.48146,0
418054,528,-57.90308,0
418064,530,-57.622,0
418074,531,-57.48146,0
418084,534,-57.05983,0
418094,527,-58.04362,0
418104,525,-58.3247,0
418114,525,-58.3247,0
418124,526,-58.18417,0
418134,531,-57.48146,0
418144,535,-56.91929,0
418154,528,-57.90308,0
418164,523,-58.60579,0
418174,516,-59.58958,0
418184,530,-57.622,0
418194,525,-58.3247,0
418204,531,-57.48146,0
418214,524,-58.46524,0
418224,533,-57.20037,0
418234,527,-58.04362,0
418244,526,-58.18417,0
418254,525,-58.3247,0
418264,525,-58.3247,0
418274,530,-57.622,0
418284,533,-57.20037,0
418294,524,-58.46524,0
418304,531,-57.48146,0
418314,520,-59.02741,0
418324,530,-57.622,0
418334,525,-58.3247,0
418344,527,-58.04362,0
418354,517,-59.44904,0
418364,524,-58.46524,0
418374,524,-58.46524,0
418384,533,-57.20037,0
418394,525,-58.3247,0
418404,526,-58.18417,0
418414,528,-57.90308,0
418424,530,-57.622,0
418434,531,-57.48146,0
418444,531,-57.48146,0
418454,533,-57.20037,0
418464,533,-57.20037,0
418474,528,-57.90308,0
418484,528,-57.90308,0
418494,526,-58.18417,0
418504,529,-57.76254,0
418514,527,-58.04362,0
418524,531,-57.48146,0
418534,529,-57.76254,0
418544,523,-58.60579,0
418554,521,-58.88687,0
418564,530,-57.622,0
418574,524,-58.46524,0
418584,524,-58.46524,0
418594,524,-58.46524,0
418604,528,-57.90308,0
418614,530,-57.622,0
418624,528,-57.90308,0
418634,527,-58.04362,0
418644,527,-58.04362,0
418654,526,-58.18417,0
418664,528,-57.90308,0
418674,525,-58.3247,0
418684,535,-56.91929,0
418694,527,-58.04362,0
418704,525,-58.3247,0
418714,526,-58.18417,0
418724,523,-58.60579,0
418734,525,-58.3247,0
418744,530,-57.622,0
418754,530,-57.622,0
418764,538,-56.49767,0
418774,536,-56.77875,0
418784,532,-57.34091,0
418794,534,-57.05983,0
418804,530,-57.622,0
418814,530,-57.622,0
418824,527,-58.04362,0
418834,524,-58.46524,0
418844,524,-58.46524,0
418854,533,-57.20037,0
418864,529,-57.76254,0
418874,532,-57.34091,0
418884,532,-57.34091,0
418894,530,-57.622,0
418904,534,-57.05983,0
418914,528,-57.90308,0
418924,537,-56.63821,0
418934,532,-57.34091,0
418944,529,-57.76254,0
418954,528,-57.90308,0
418964,517,-59.44904,0
418974,527,-58.04362,0
418984,522,-58.74633,0
418994,530,-57.622,0
419004,523,-58.60579,0
419014,521,-58.88687,0
419024,529,-57.76254,0
419034,532,-57.34091,0
419044,520,-59.02741,0
419054,527,-58.04362,0
419064,520,-59.02741,0
419074,531,-57.48146,0
419084,528,-57.90308,0
419094,529,-57.76254,0
419104,530,-57.622,0
419114,530,-57.622,0
419124,535,-56.91929,0
419134,525,-58.3247,0
419144,524,-58.46524,0
419154,542,-55.9355,0
419164,529,-57.76254,0
419174,537,-56.63821,0
419184,533,-57.20037,0
419194,531,-57.48146,0
419204,528,-57.90308,0
419214,523,-58.60579,0
419224,530,-57.622,0
419234,526,-58.18417,0
419244,533,-57.20037,0
419254,533,-57.20037,0
419264,525,-58.3247,0
419274,530,-57.622,0
419284,530,-57.622,0
419294,525,-58.3247,0
419304,529,-57.76254,0
419314,529,-57.76254,0
419324,533,-57.20037,0
419334,531,-57.48146,0
419344,528,-57.90308,0
419354,523,-58.60579,0
419364,521,-58.88687,0
419374,533,-57.20037,0
419384,535,-56.91929,0
419394,531,-57.48146,0
419404,530,-57.622,0
419414,528,-57.90308,0
419424,530,-57.622,0
419434,536,-56.77875,0
419444,532,-57.34091,0
419454,524,-58.46524,0
419464,531,-57.48146,0
419474,528,-57.90308,0
419484,526,-58.18417,0
419494,529,-57.76254,0
419504,529,-57.76254,0
419514,533,-57.20037,0
419524,516,-59.58958,0
419534,518,-59.30849,0
419544,533,-57.20037,0
419554,530,-57.622,0
419564,524,-58.46524,0
419574,526,-58.18417,0
419584,523,-58.60579,0
419594,535,-56.91929,0
419604,527,-58.04362,0
419614,526,-58.18417,0
419624,530,-57.622,0
419634,535,-56.91929,0
419644,523,-58.60579,0
419654,536,-56.77875,0
419664,529,-57.76254,0
419674,534,-57.05983,0
419684,533,-57.20037,0
419694,531,-57.48146,0
419704,529,-57.76254,0
419714,531,-57.48146,0
419724,525,-58.3247,0
419734,526,-58.18417,0
419744,533,-57.20037,0
419754,530,-57.622,0
419764,527,-58.04362,0
419774,530,-57.622,0
419784,533,-57.20037,0
419794,528,-57.90308,0
419804,530,-57.622,0
419814,530,-57.622,0
419824,523,-58.60579,0
419834,533,-57.20037,0
419844,524,-58.46524,0
419854,533,-57.20037,0
419864,527,-58.04362,0
419874,531,-57.48146,0
419884,518,-59.30849,0
419894,533,-57.20037,0
419904,531,-57.48146,0
419914,524,-58.46524,0
419924,533,-57.20037,0
419934,531,-57.48146,0
419944,527,-58.04362,0
419954,534,-57.05983,0
419964,529,-57.76254,0
419974,530,-57.622,0
419984,525,-58.3247,0
419994,527,-58.04362,0
420004,531,-57.48146,0
420014,526,-58.18417,0
420024,523,-58.60579,0
420034,524,-58.46524,0
420044,527,-58.04362,0
420054,521,-58.88687,0
420064,520,-59.02741,0
420074,528,-57.90308,0
420084,535,-56.91929,0
420094,533,-57.20037,0
420104,530,-57.622,0
420114,530,-57.622,0
420124,528,-57.90308,0
420134,534,-57.05983,0
420144,528,-57.90308,0
420154,533,-57.20037,0
420164,527,-58.04362,0
420174,524,-58.46524,0
420184,527,-58.04362,0
420194,526,-58.18417,0
420204,525,-58.3247,0
420214,530,-57.622,0
420224,529,-57.76254,0
420234,532,-57.34091,0
420244,534,-57.05983,0
420254,527,-58.04362,0
420264,529,-57.76254,0
420274,525,-58.3247,0
420284,533,-57.20037,0
420294,524,-58.46524,0
420304,526,-58.18417,0
420314,527,-58.04362,0
420324,525,-58.3247,0
420334,526,-58.18417,0
420344,523,-58.60579,0
420354,530,-57.622,0
420364,527,-58.04362,0
420374,527,-58.04362,0
420384,534,-57.05983,0
420394,534,-57.05983,0
420404,531,-57.48146,0
420414,532,-57.34091,0
420424,527,-58.04362,0
420434,537,-56.63821,0
420444,525,-58.3247,0
420454,519,-59.16795,0
420464,535,-56.91929,0
420474,533,-57.20037,0
420484,537,-56.63821,0
420494,525,-58.3247,0
420504,532,-57.34091,0
420514,526,-58.18417,0
420524,532,-57.34091,0
420534,529,-57.76254,0
420544,526,-58.18417,0
420554,533,-57.20037,0
420564,526,-58.18417,0
420574,523,-58.60579,0
420584,536,-56.77875,0
420594,532,-57.34091,0
420604,531,-57.48146,0
420614,525,-58.3247,0
420624,526,-58.18417,0
420634,531,-57.48146,0
420644,530,-57.622,0
420654,534,-57.05983,0
420664,529,-57.76254,0
420674,532,-57.34091,0
420684,528,-57.90308,0
420694,535,-56.91929,0
420704,532,-57.34091,0
420714,528,-57.90308,0
420724,531,-57.48146,0
420734,531,-57.48146,0
420744,527,-58.04362,0
420754,526,-58.18417,0
420764,538,-56.49767,0
420774,527,-58.04362,0
420784,526,-58.18417,0
420794,521,-58.88687,0
420804,530,-57.622,0
420814,533,-57.20037,0
420824,529,-57.76254,0
420834,531,-57.48146,0
420844,530,-57.622,0
420854,513,-60.0112,0
420864,535,-56.91929,0
420874,526,-58.18417,0
420884,538,-56.49767,0
420894,533,-57.20037,0
420904,531,-57.48146,0
420914,522,-58.74633,0
420924,532,-57.34091,0
420934,527,-58.04362,0
420944,529,-57.76254,0
420954,532,-57.34091,0
420964,529,-57.76254,0
420974,531,-57.48146,0
420984,529,-57.76254,0
420994,530,-57.622,0
421004,532,-57.34091,0
421014,524,-58.46524,0
421024,537,-56.63821,0
421034,522,-58.74633,0
421044,537,-56.63821,0
421054,532,-57.34091,0
421064,531,-57.48146,0
421074,537,-56.63821,0
421084,534,-57.05983,0
421094,533,-57.20037,0
421104,528,-57.90308,0
421114,530,-57.622,0
421124,529,-57.76254,0
421134,527,-58.04362,0
421144,535,-56.91929,0
421154,520,-59.02741,0
421164,530,-57.622,0
421174,532,-57.34091,0
421184,533,-57.20037,0
421194,529,-57.76254,0
421204,535,-56.91929,0
421214,529,-57.76254,0
421224,520,-59.02741,0
421234,527,-58.04362,0
421244,525,-58.3247,0
421254,530,-57.622,0
421264,527,-58.04362,0
421274,524,-58.46524,0
421284,534,-57.05983,0
421294,528,-57.90308,0
421304,527,-58.04362,0
421314,530,-57.622,0
421324,533,-57.20037,0
421334,530,-57.622,0
421344,530,-57.622,0
421354,534,-57.05983,0
421364,530,-57.622,0
421374,528,-57.90308,0
421384,534,-57.05983,0
421394,526,-58.18417,0
421404,534,-57.05983,0
421414,532,-57.34091,0
421424,534,-57.05983,0
421434,519,-59.16795,0
421444,522,-58.74633,0
421454,533,-57.20037,0
421464,524,-58.46524,0
421474,528,-57.90308,0
421484,529,-57.76254,0
421494,525,-58.3247,0
421504,520,-59.02741,0
421514,523,-58.60579,0
421524,528,-57.90308,0
421534,524,-58.46524,0
421544,525,-58.3247,0
421554,532,-57.34091,0
421564,526,-58.18417,0
421574,529,-57.76254,0
421584,534,-57.05983,0
421594,530,-57.622,0
421604,528,-57.90308,0
421614,529,-57.76254,0
421624,531,-57.48146,0
421634,526,-58.18417,0
421644,530,-57.622,0
421654,527,-58.04362,0
421664,529,-57.76254,0
421674,533,-57.20037,0
421684,528,-57.90308,0
421694,525,-58.3247,0
421704,529,-57.76254,0
421714,531,-57.48146,0
421724,524,-58.46524,0
421734,528,-57.90308,0
421744,537,-56.63821,0
421754,531,-57.48146,0
421764,535,-56.91929,0
421774,526,-58.18417,0
421784,520,-59.02741,0
421794,526,-58.18417,0
421804,534,-57.05983,0
421814,526,-58.18417,0
421824,527,-58.04362,0
421834,519,-59.16795,0
421844,534,-57.05983,0
421854,525,-58.3247,0
421864,518,-59.30849,0
421874,525,-58.3247,0
421884,531,-57.48146,0
421894,530,-57.622,0
421904,517,-59.44904,0
421914,530,-57.622,0
421924,532,-57.34091,0
421934,527,-58.04362,0
421944,533,-57.20037,0
421954,531,-57.48146,0
421964,531,-57.48146,0
421974,526,-58.18417,0
421984,529,-57.76254,0
421994,532,-57.34091,0
422004,523,-58.60579,0
422014,530,-57.622,0
422024,521,-58.88687,0
422034,527,-58.04362,0
422044,531,-57.48146,0
422054,532,-57.34091,0
422064,528,-57.90308,0
422074,530,-57.622,0
422084,526,-58.18417,0
422094,525,-58.3247,0
422104,530,-57.622,0
422114,529,-57.76254,0
422124,533,-57.20037,0
422134,529,-57.76254,0
422144,527,-58.04362,0
422154,531,-57.48146,0
422164,524,-58.46524,0
422174,521,-58.88687,0
422184,527,-58.04362,0
422194,531,-57.48146,0
422204,531,-57.48146,0
422214,528,-57.90308,0
422224,530,-57.622,0
422234,531,-57.48146,0
422244,531,-57.48146,0
422254,533,-57.20037,0
422264,525,-58.3247,0
422274,529,-57.76254,0
422284,529,-57.76254,0
422294,533,-57.20037,0
422304,531,-57.48146,0
422314,534,-57.05983,0
422324,531,-57.48146,0
422334,534,-57.05983,0
422344,522,-58.74633,0
422354,528,-57.90308,0
422364,533,-57.20037,0
422374,522,-58.74633,0
422384,526,-58.18417,0
422394,527,-58.04362,0
422404,526,-58.18417,0
422414,532,-57.34091,0
422424,526,-58.18417,0
422434,530,-57.622,0
422444,527,-58.04362,0
422454,533,-57.20037,0
422464,532,-57.34091,0
422474,524,-58.46524,0
422484,526,-58.18417,0
422494,532,-57.34091,0
422504,528,-57.90308,0
422514,526,-58.18417,0
422524,537,-56.63821,0
422534,527,-58.04362,0
422544,523,-58.60579,0
422554,528,-57.90308,0
422564,529,-57.76254,0
422574,533,-57.20037,0
422584,528,-57.90308,0
422594,535,-56.91929,0
422604,534,-57.05983,0
422614,531,-57.48146,0
422624,533,-57.20037,0
422634,525,-58.3247,0
422644,527,-58.04362,0
422654,532,-57.34091,0
422664,531,-57.48146,0
422674,532,-57.34091,0
422684,531,-57.48146,0
422694,532,-57.34091,0
422704,524,-58.46524,0
422714,531,-57.48146,0
422724,535,-56.91929,0
422734,523,-58.60579,0
422744,536,-56.77875,0
422754,526,-58.18417,0
422764,527,-58.04362,0
422774,524,-58.46524,0
422784,517,-59.44904,0
422794,526,-58.18417,0
422804,527,-58.04362,0
422814,529,-57.76254,0
422824,528,-57.90308,0
422834,527,-58.04362,0
422844,529,-57.76254,0
422854,520,-59.02741,0
422864,536,-56.77875,0
422874,530,-57.622,0
422884,522,-58.74633,0
422894,525,-58.3247,0
422904,530,-57.622,0
422914,528,-57.90308,0
422924,534,-57.05983,0
422934,533,-57.20037,0
422944,522,-58.74633,0
422954,535,-56.91929,0
422964,527,-58.04362,0
422974,534,-57.05983,0
422984,531,-57.48146,0
422994,523,-58.60579,0
423004,528,-57.90308,0
423014,525,-58.3247,0
423024,533,-57.20037,0
423034,526,-58.18417,0
423044,533,-57.20037,0
423054,532,-57.34091,0
423064,527,-58.04362,0
423074,520,-59.02741,0
423084,532,-57.34091,0
423094,525,-58.3247,0
423104,536,-56.77875,0
423114,532,-57.34091,0
423124,522,-58.74633,0
423134,523,-58.60579,0
423144,526,-58.18417,0
423154,530,-57.622,0
423164,536,-56.77875,0
423174,533,-57.20037,0
423184,528,-57.90308,0
423194,532,-57.34091,0
423204,532,-57.34091,0
423214,533,-57.20037,0
423224,532,-57.34091,0
423234,530,-57.622,0
423244,526,-58.18417,0
423254,531,-57.48146,0
423264,529,-57.76254,0
423274,526,-58.18417,0
423284,526,-58.18417,0
423294,528,-57.90308,0
423304,531,-57.48146,0
423314,530,-57.622,0
423324,524,-58.46524,0
423334,521,-58.88687,0
423344,531,-57.48146,0
423354,529,-57.76254,0
423364,535,-56.91929,0
423374,528,-57.90308,0
423384,531,-57.48146,0
423394,526,-58.18417,0
423404,526,-58.18417,0
423414,519,-59.16795,0
423424,531,-57.48146,0
423434,536,-56.77875,0
423444,532,-57.34091,0
423454,535,-56.91929,0
423464,530,-57.622,0
423474,532,-57.34091,0
423484,529,-57.76254,0
423494,532,-57.34091,0
423504,533,-57.20037,0
423514,530,-57.622,0
423524,530,-57.622,0
423534,525,-58.3247,0
423544,530,-57.622,0
423554,528,-57.90308,0
423564,530,-57.622,0
423574,527,-58.04362,0
423584,526,-58.18417,0
423594,520,-59.02741,0
423604,533,-57.20037,0
423614,526,-58.18417,0
423624,532,-57.34091,0
423634,524,-58.46524,0
423644,520,-59.02741,0
423654,515,-59.73012,0
423664,535,-56.91929,0
423674,532,-57.34091,0
423684,531,-57.48146,0
423694,535,-56.91929,0
423704,529,-57.76254,0
423714,535,-56.91929,0
423724,525,-58.3247,0
423734,533,-57.20037,0
423744,535,-56.91929,0
423754,529,-57.76254,0
423764,529,-57.76254,0
423774,530,-57.622,0
423784,531,-57.48146,0
423794,528,-57.90308,0
423804,534,-57.05983,0
423814,530,-57.622,0
423824,534,-57.05983,0
423834,527,-58.04362,0
423844,528,-57.90308,0
423854,532,-57.34091,0
423864,536,-56.77875,0
423874,532,-57.34091,0
423884,531,-57.48146,0
423894,522,-58.74633,0
423904,530,-57.622,0
423914,530,-57.622,0
423924,531,-57.48146,0
423934,519,-59.16795,0
423944,535,-56.91929,0
423954,540,-56.21659,0
423964,529,-57.76254,0
423974,529,-57.76254,0
423984,537,-56.63821,0
423994,534,-57.05983,0
424004,533,-57.20037,0
424014,530,-57.622,0
424024,526,-58.18417,0
424034,523,-58.60579,0
424044,528,-57.90308,0
424054,531,-57.48146,0
424064,528,-57.90308,0
424074,536,-56.77875,0
424084,536,-56.77875,0
424094,527,-58.04362,0
424104,535,-56.91929,0
424114,528,-57.90308,0
424124,537,-56.63821,0
424134,527,-58.04362,0
424144,526,-58.18417,0
424154,538,-56.49767,0
424164,528,-57.90308,0
424174,526,-58.18417,0
424184,526,-58.18417,0
424194,529,-57.76254,0
424204,540,-56.21659,0
424214,529,-57.76254,0
424224,529,-57.76254,0
424234,535,-56.91929,0
424244,533,-57.20037,0
424254,531,-57.48146,0
424264,528,-57.90308,0
424274,534,-57.05983,0
424284,525,-58.3247,0
424294,533,-57.20037,0
424304,537,-56.63821,0
424314,525,-58.3247,0
424324,527,-58.04362,0
424334,524,-58.46524,0
424344,530,-57.622,0
424354,533,-57.20037,0
424364,537,-56.63821,0
424374,530,-57.622,0
424384,529,-57.76254,0
424394,530,-57.622,0
424404,525,-58.3247,0
424414,526,-58.18417,0
424424,534,-57.05983,0
424434,525,-58.3247,0
424444,529,-57.76254,0
424454,525,-58.3247,0
424464,529,-57.76254,0
424474,533,-57.20037,0
424484,540,-56.21659,0
424494,529,-57.76254,0
424504,529,-57.76254,0
424514,526,-58.18417,0
424524,527,-58.04362,0
424534,536,-56.77875,0
424544,529,-57.76254,0
424554,526,-58.18417,0
424564,525,-58.3247,0
424574,523,-58.60579,0
424584,526,-58.18417,0
424594,530,-57.622,0
424604,528,-57.90308,0
424614,528,-57.90308,0
424624,523,-58.60579,0
424634,535,-56.91929,0
424644,528,-57.90308,0
424654,524,-58.46524,0
424664,532,-57.34091,0
424674,532,-57.34091,0
424684,527,-58.04362,0
424694,527,-58.04362,0
424704,533,-57.20037,0
424714,527,-58.04362,0
424724,521,-58.88687,0
424734,528,-57.90308,0
424744,532,-57.34091,0
424754,529,-57.76254,0
424764,527,-58.04362,0
424774,528,-57.90308,0
424784,536,-56.77875,0
424794,537,-56.63821,0
424804,522,-58.74633,0
424814,531,-57.48146,0
424824,532,-57.34091,0
424834,530,-57.622,0
424844,529,-57.76254,0
424854,540,-56.21659,0
424864,529,-57.76254,0
424874,530,-57.622,0
424884,522,-58.74633,0
424894,527,-58.04362,0
424904,527,-58.04362,0
424914,532,-57.34091,0
424924,524,-58.46524,0
424934,522,-58.74633,0
424944,530,-57.622,0
424954,527,-58.04362,0
424964,527,-58.04362,0
424974,528,-57.90308,0
424984,526,-58.18417,0
424994,525,-58.3247,0
425004,527,-58.04362,0
425014,533,-57.20037,0
425024,525,-58.3247,0
425034,528,-57.90308,0
425044,523,-58.60579,0
425054,527,-58.04362,0
425064,519,-59.16795,0
425074,531,-57.48146,0
425084,528,-57.90308,0
425094,537,-56.63821,0
425104,529,-57.76254,0
425114,523,-58.60579,0
425124,528,-57.90308,0
425134,539,-56.35712,0
425144,524,-58.46524,0
425154,531,-57.48146,0
425164,526,-58.18417,0
425174,526,-58.18417,0
425184,527,-58.04362,0
425194,529,-57.76254,0
425204,526,-58.18417,0
425214,531,-57.48146,0
425224,527,-58.04362,0
425234,528,-57.90308,0
425244,526,-58.18417,0
425254,521,-58.88687,0
425264,529,-57.76254,0
425274,522,-58.74633,0
425284,527,-58.04362,0
425294,532,-57.34091,0
425304,528,-57.90308,0
425314,528,-57.90308,0
425324,528,-57.90308,0
425334,538,-56.49767,0
425344,522,-58.74633,0
425354,522,-58.74633,0
425364,522,-58.74633,0
425374,532,-57.34091,0
425384,531,-57.48146,0
425394,523,-58.60579,0
425404,533,-57.20037,0
425414,521,-58.88687,0
425424,533,-57.20037,0
425434,520,-59.02741,0
425444,532,-57.34091,0
425454,526,-58.18417,0
425464,532,-57.34091,0
425474,526,-58.18417,0
425484,524,-58.46524,0
425494,532,-57.34091,0
425504,528,-57.90308,0
425514,520,-59.02741,0
425524,528,-57.90308,0
425534,532,-57.34091,0
425544,527,-58.04362,0
425554,526,-58.18417,0
425564,532,-57.34091,0
425574,527,-58.04362,0
425584,525,-58.3247,0
425594,523,-58.60579,0
425604,533,-57.20037,0
425614,529,-57.76254,0
425624,523,-58.60579,0
425634,534,-57.05983,0
425644,528,-57.90308,0
425654,533,-57.20037,0
425664,530,-57.622,0
425674,529,-57.76254,0
425684,533,-57.20037,0
425694,532,-57.34091,0
425704,526,-58.18417,0
425714,528,-57.90308,0
425724,531,-57.48146,0
425734,527,-58.04362,0
425744,533,-57.20037,0
425754,528,-57.90308,0
425764,524,-58.46524,0
425774,533,-57.20037,0
425784,527,-58.04362,0
425794,533,-57.20037,0
425804,522,-58.74633,0
425814,525,-58.3247,0
425824,528,-57.90308,0
425834,532,-57.34091,0
425844,527,-58.04362,0
425854,523,-58.60579,0
425864,531,-57.48146,0
425874,527,-58.04362,0
425884,530,-57.622,0
425894,531,-57.48146,0
425904,530,-57.622,0
425914,536,-56.77875,0
425924,533,-57.20037,0
425934,532,-57.34091,0
425944,530,-57.622,0
425954,531,-57.48146,0
425964,527,-58.04362,0
425974,525,-58.3247,0
425984,519,-59.16795,0
425994,528,-57.90308,0
426004,521,-58.88687,0
426014,520,-59.02741,0
426024,526,-58.18417,0
426034,525,-58.3247,0
426044,521,-58.88687,0
426054,527,-58.04362,0
426064,523,-58.60579,0
426074,524,-58.46524,0
426084,531,-57.48146,0
426094,530,-57.622,0
426104,528,-57.90308,0
426114,516,-59.58958,0
426124,525,-58.3247,0
426134,536,-56.77875,0
426144,528,-57.90308,0
426154,539,-56.35712,0
426164,532,-57.34091,0
426174,530,-57.622,0
426184,534,-57.05983,0
426194,522,-58.74633,0
426204,533,-57.20037,0
426214,527,-58.04362,0
426224,526,-58.18417,0
426234,530,-57.622,0
426244,525,-58.3247,0
426254,525,-58.3247,0
426264,534,-57.05983,0
426274,525,-58.3247,0
426284,527,-58.04362,0
426294,518,-59.30849,0
426304,524,-58.46524,0
426314,530,-57.622,0
426324,530,-57.622,0
426334,523,-58.60579,0
426344,533,-57.20037,0
426354,528,-57.90308,0
426364,526,-58.18417,0
426374,526,-58.18417,0
426384,523,-58.60579,0
426394,524,-58.46524,0
426404,525,-58.3247,0
426414,532,-57.34091,0
426424,529,-57.76254,0
426434,525,-58.3247,0
426444,528,-57.90308,0
426454,531,-57.48146,0
426464,528,-57.90308,0
426474,530,-57.622,0
426484,530,-57.622,0
426494,528,-57.90308,0
426504,523,-58.60579,0
426514,522,-58.74633,0
426524,529,-57.76254,0
426534,527,-58.04362,0
426544,524,-58.46524,0
426554,527,-58.04362,0
426564,523,-58.60579,0
426574,531,-57.48146,0
426584,534,-57.05983,0
426594,535,-56.91929,0
426604,523,-58.60579,0
426614,522,-58.74633,0
426624,532,-57.34091,0
426634,528,-57.90308,0
426644,531,-57.48146,0
426654,530,-57.622,0
426664,524,-58.46524,0
426674,532,-57.34091,0
426684,522,-58.74633,0
426694,534,-57.05983,0
426704,522,-58.74633,0
426714,534,-57.05983,0
426724,534,-57.05983,0
426734,529,-57.76254,0
426744,540,-56.21659,0
426754,522,-58.74633,0
426764,522,-58.74633,0
426774,529,-57.76254,0
426784,532,-57.34091,0
426794,529,-57.76254,0
426804,533,-57.20037,0
426814,533,-57.20037,0
426824,530,-57.622,0
426834,534,-57.05983,0
426844,525,-58.3247,0
426854,534,-57.05983,0
426864,524,-58.46524,0
426874,525,-58.3247,0
426884,517,-59.44904,0
426894,535,-56.91929,0
426904,534,-57.05983,0
426914,530,-57.622,0
426924,530,-57.622,0
426934,529,-57.76254,0
426944,531,-57.48146,0
426954,525,-58.3247,0
426964,522,-58.74633,0
426974,534,-57.05983,0
426984,529,-57.76254,0
426994,522,-58.74633,0
427004,530,-57.622,0
427014,525,-58.3247,0
427024,525,-58.3247,0
427034,528,-57.90308,0
427044,517,-59.44904,0
427054,528,-57.90308,0
427064,526,-58.18417,0
427074,528,-57.90308,0
427084,532,-57.34091,0
427094,531,-57.48146,0
427104,532,-57.34091,0
427114,525,-58.3247,0
427124,532,-57.34091,0
427134,532,-57.34091,0
427144,532,-57.34091,0
427154,534,-57.05983,0
427164,527,-58.04362,0
427174,534,-57.05983,0
427184,532,-57.34091,0
427194,525,-58.3247,0
427204,527,-58.04362,0
427214,529,-57.76254,0
427224,525,-58.3247,0
427234,528,-57.90308,0
427244,528,-57.90308,0
427254,535,-56.91929,0
427264,535,-56.91929,0
427274,529,-57.76254,0
427284,530,-57.622,0
427294,528,-57.90308,0
427304,524,-58.46524,0
427314,535,-56.91929,0
427324,531,-57.48146,0
427334,535,-56.91929,0
427344,526,-58.18417,0
427354,521,-58.88687,0
427364,531,-57.48146,0
427374,530,-57.622,0
427384,523,-58.60579,0
427394,527,-58.04362,0
427404,530,-57.622,0
427414,532,-57.34091,0
427424,537,-56.63821,0
427434,532,-57.34091,0
427444,533,-57.20037,0
427454,528,-57.90308,0
427464,528,-57.90308,0
427474,527,-58.04362,0
427484,530,-57.622,0
427494,531,-57.48146,0
427504,525,-58.3247,0
427514,530,-57.622,0
427524,537,-56.63821,0
427534,528,-57.90308,0
427544,533,-57.20037,0
427554,524,-58.46524,0
427564,524,-58.46524,0
427574,524,-58.46524,0
427584,518,-59.30849,0
427594,518,-59.30849,0
427604,528,-57.90308,0
427614,527,-58.04362,0
427624,527,-58.04362,0
427634,532,-57.34091,0
427644,527,-58.04362,0
427654,532,-57.34091,0
427664,525,-58.3247,0
427674,533,-57.20037,0
427684,528,-57.90308,0
427694,522,-58.74633,0
427704,528,-57.90308,0
427714,527,-58.04362,0
427724,532,-57.34091,0
427734,536,-56.77875,0
427744,533,-57.20037,0
427754,530,-57.622,0
427764,531,-57.48146,0
427774,518,-59.30849,0
427784,533,-57.20037,0
427794,523,-58.60579,0
427804,527,-58.04362,0
427814,524,-58.46524,0
427824,527,-58.04362,0
427834,531,-57.48146,0
427844,528,-57.90308,0
427854,528,-57.90308,0
427864,529,-57.76254,0
427874,530,-57.622,0
427884,521,-58.88687,0
427894,528,-57.90308,0
427904,532,-57.34091,0
427914,535,-56.91929,0
427924,528,-57.90308,0
427934,529,-57.76254,0
427944,529,-57.76254,0
427954,522,-58.74633,0
427964,527,-58.04362,0
427974,529,-57.76254,0
427984,529,-57.76254,0
427994,518,-59.30849,0
428004,527,-58.04362,0
428014,527,-58.04362,0
428024,535,-56.91929,0
428034,525,-58.3247,0
428044,529,-57.76254,0
428054,526,-58.18417,0
428064,530,-57.622,0
428074,527,-58.04362,0
428084,533,-57.20037,0
428094,531,-57.48146,0
428104,532,-57.34091,0
428114,527,-58.04362,0
428124,525,-58.3247,0
428134,535,-56.91929,0
428144,535,-56.91929,0
428154,526,-58.18417,0
428164,531,-57.48146,0
428174,536,-56.77875,0
428184,523,-58.60579,0
428194,530,-57.622,0
428204,526,-58.18417,0
428214,532,-57.34091,0
428224,527,-58.04362,0
428234,525,-58.3247,0
428244,530,-57.622,0
428254,526,-58.18417,0
428264,530,-57.622,0
428274,529,-57.76254,0
428284,531,-57.48146,0
428294,527,-58.04362,0
428304,530,-57.622,0
428314,533,-57.20037,0
428324,525,-58.3247,0
428334,524,-58.46524,0
428344,525,-58.3247,0
428354,526,-58.18417,0
428364,528,-57.90308,0
428374,525,-58.3247,0
428384,527,-58.04362,0
428394,524,-58.46524,0
428404,523,-58.60579,0
428414,529,-57.76254,0
428424,523,-58.60579,0
428434,528,-57.90308,0
428444,524,-58.46524,0
428454,530,-57.622,0
428464,529,-57.76254,0
428474,529,-57.76254,0
428484,533,-57.20037,0
428494,533,-57.20037,0
428504,535,-56.91929,0
428514,528,-57.90308,0
428524,537,-56.63821,0
428534,525,-58.3247,0
428544,530,-57.622,0
428554,529,-57.76254,0
428564,528,-57.90308,0
428574,523,-58.60579,0
428584,528,-57.90308,0
428594,525,-58.3247,0
428604,524,-58.46524,0
428614,526,-58.18417,0
428624,526,-58.18417,0
428634,526,-58.18417,0
428644,524,-58.46524,0
428654,533,-57.20037,0
428664,526,-58.18417,0
428674,524,-58.46524,0
428684,528,-57.90308,0
428694,528,-57.90308,0
428704,523,-58.60579,0
428714,526,-58.18417,0
428724,528,-57.90308,0
428734,517,-59.44904,0
428744,530,-57.622,0
428754,529,-57.76254,0
428764,526,-58.18417,0
428774,524,-58.46524,0
428784,527,-58.04362,0
428794,528,-57.90308,0
428804,526,-58.18417,0
428814,526,-58.18417,0
428824,524,-58.46524,0
428834,530,-57.622,0
428844,530,-57.622,0
428854,534,-57.05983,0
428864,531,-57.48146,0
428874,528,-57.90308,0
428884,530,-57.622,0
428894,529,-57.76254,0
428904,522,-58.74633,0
428914,531,-57.48146,0
428924,533,-57.20037,0
428934,527,-58.04362,0
428944,524,-58.46524,0
428954,530,-57.622,0
428964,522,-58.74633,0
428974,524,-58.46524,0
428984,530,-57.622,0
428994,528,-57.90308,0
429004,536,-56.77875,0
429014,539,-56.35712,0
429024,528,-57.90308,0
429034,529,-57.76254,0
429044,527,-58.04362,0
429054,522,-58.74633,0
429064,522,-58.74633,0
429074,531,-57.48146,0
429084,524,-58.46524,0
429094,531,-57.48146,0
429104,535,-56.91929,0
429114,527,-58.04362,0
429124,522,-58.74633,0
429134,528,-57.90308,0
429144,528,-57.90308,0
429154,522,-58.74633,0
429164,525,-58.3247,0
429174,525,-58.3247,0
429184,526,-58.18417,0
429194,524,-58.46524,0
429204,523,-58.60579,0
429214,530,-57.622,0
429224,523,-58.60579,0
429234,527,-58.04362,0
429244,530,-57.622,0
429254,528,-57.90308,0
429264,531,-57.48146,0
429274,531,-57.48146,0
429284,528,-57.90308,0
429294,529,-57.76254,0
429304,531,-57.48146,0
429314,537,-56.63821,0
429324,530,-57.622,0
429334,529,-57.76254,0
429344,527,-58.04362,0
429354,530,-57.622,0
429364,532,-57.34091,0
429374,531,-57.48146,0
429384,534,-57.05983,0
429394,527,-58.04362,0
429404,523,-58.60579,0
429414,529,-57.76254,0
429424,525,-58.3247,0
429434,527,-58.04362,0
429444,525,-58.3247,0
429454,522,-58.74633,0
429464,530,-57.622,0
429474,526,-58.18417,0
429484,527,-58.04362,0
429494,525,-58.3247,0
429504,527,-58.04362,0
429514,525,-58.3247,0
429524,526,-58.18417,0
429534,524,-58.46524,0
429544,524,-58.46524,0
429554,529,-57.76254,0
429564,526,-58.18417,0
429574,528,-57.90308,0
429584,529,-57.76254,0
429594,530,-57.622,0
429604,525,-58.3247,0
429614,525,-58.3247,0
429624,524,-58.46524,0
429634,530,-57.622,0
429644,527,-58.04362,0
429654,524,-58.46524,0
429664,530,-57.622,0
429674,523,-58.60579,0
429684,529,-57.76254,0
429694,533,-57.20037,0
429704,523,-58.60579,0
429714,527,-58.04362,0
429724,524,-58.46524,0
429734,525,-58.3247,0
429744,530,-57.622,0
429754,530,-57.622,0
429764,529,-57.76254,0
429774,528,-57.90308,0
429784,530,-57.622,0
429794,523,-58.60579,0
429804,528,-57.90308,0
429814,526,-58.18417,0
429824,526,-58.18417,0
429834,528,-57.90308,0
429844,532,-57.34091,0
429854,527,-58.04362,0
429864,529,-57.76254,0
429874,530,-57.622,0
429884,522,-58.74633,0
429894,528,-57.90308,0
429904,528,-57.90308,0
429914,537,-56.63821,0
429924,534,-57.05983,0
429934,533,-57.20037,0
429944,540,-56.21659,0
429954,530,-57.622,0
429964,535,-56.91929,0
429974,534,-57.05983,0
429984,530,-57.622,0
429994,537,-56.63821,0
430004,519,-59.16795,0
430014,530,-57.622,0
430024,535,-56.91929,0
430034,531,-57.48146,0
430044,535,-56.91929,0
430054,538,-56.49767,0
430064,533,-57.20037,0
430074,526,-58.18417,0
430084,527,-58.04362,0
430094,530,-57.622,0
430104,530,-57.622,0
430114,531,-57.48146,0
430124,535,-56.91929,0
430134,523,-58.60579,0
430144,527,-58.04362,0
430154,532,-57.34091,0
430164,522,-58.74633,0
430174,536,-56.77875,0
430184,522,-58.74633,0
430194,528,-57.90308,0
430204,533,-57.20037,0
430214,529,-57.76254,0
430224,531,-57.48146,0
430234,526,-58.18417,0
430244,535,-56.91929,0
430254,526,-58.18417,0
430264,525,-58.3247,0
430274,527,-58.04362,0
430284,536,-56.77875,0
430294,526,-58.18417,0
430304,523,-58.60579,0
430314,535,-56.91929,0
430324,535,-56.91929,0
430334,524,-58.46524,0
430344,526,-58.18417,0
430354,528,-57.90308,0
430364,530,-57.622,0
430374,529,-57.76254,0
430384,531,-57.48146,0
430394,531,-57.48146,0
430404,526,-58.18417,0
430414,524,-58.46524,0
430424,527,-58.04362,0
430434,528,-57.90308,0
430444,520,-59.02741,0
430454,518,-59.30849,0
430464,529,-57.76254,0
430474,530,-57.622,0
430484,525,-58.3247,0
430494,528,-57.90308,0
430504,532,-57.34091,0
430514,533,-57.20037,0
430524,527,-58.04362,0
430534,526,-58.18417,0
430544,530,-57.622,0
430554,533,-57.20037,0
430564,528,-57.90308,0
430574,526,-58.18417,0
430584,528,-57.90308,0
430594,532,-57.34091,0
430604,529,-57.76254,0
430614,521,-58.88687,0
430624,522,-58.74633,0
430634,532,-57.34091,0
430644,531,-57.48146,0
430654,531,-57.48146,0
430664,535,-56.91929,0
430674,530,-57.622,0
430684,531,-57.48146,0
430694,528,-57.90308,0
430704,530,-57.622,0
430714,525,-58.3247,0
430724,530,-57.622,0
430734,530,-57.622,0
430744,522,-58.74633,0
430754,526,-58.18417,0
430764,534,-57.05983,0
430774,533,-57.20037,0
430784,532,-57.34091,0
430794,531,-57.48146,0
430804,531,-57.48146,0
430814,521,-58.88687,0
430824,531,-57.48146,0
430834,531,-57.48146,0
430844,529,-57.76254,0
430854,529,-57.76254,0
430864,525,-58.3247,0
430874,534,-57.05983,0
430884,521,-58.88687,0
430894,531,-57.48146,0
430904,530,-57.622,0
430914,535,-56.91929,0
430924,529,-57.76254,0
430934,522,-58.74633,0
430944,529,-57.76254,0
430954,532,-57.34091,0
430964,534,-57.05983,0
430974,523,-58.60579,0
430984,527,-58.04362,0
430994,517,-59.44904,0
431004,527,-58.04362,0
431014,530,-57.622,0
431024,527,-58.04362,0
431034,535,-56.91929,0
431044,531,-57.48146,0
431054,523,-58.60579,0
431064,523,-58.60579,0
431074,521,-58.88687,0
431084,531,-57.48146,0
431094,531,-57.48146,0
431104,535,-56.91929,0
431114,531,-57.48146,0
431124,529,-57.76254,0
431134,537,-56.63821,0
431144,534,-57.05983,0
431154,521,-58.88687,0
431164,525,-58.3247,0
431174,537,-56.63821,0
431184,522,-58.74633,0
431194,534,-57.05983,0
431204,527,-58.04362,0
431214,532,-57.34091,0
431224,532,-57.34091,0
431234,534,-57.05983,0
431244,542,-55.9355,0
431254,533,-57.20037,0
431264,530,-57.622,0
431274,528,-57.90308,0
431284,533,-57.20037,0
431294,531,-57.48146,0
431304,529,-57.76254,0
431314,527,-58.04362,0
431324,522,-58.74633,0
431334,520,-59.02741,0
431344,525,-58.3247,0
431354,533,-57.20037,0
431364,533,-57.20037,0
431374,535,-56.91929,0
431384,534,-57.05983,0
431394,531,-57.48146,0
431404,532,-57.34091,0
431414,529,-57.76254,0
431424,531,-57.48146,0
431434,536,-56.77875,0
431444,532,-57.34091,0
431454,532,-57.34091,0
431464,527,-58.04362,0
431474,524,-58.46524,0
431484,526,-58.18417,0
431494,525,-58.3247,0
431504,529,-57.76254,0
431514,528,-57.90308,0
431524,533,-57.20037,0
431534,531,-57.48146,0
431544,532,-57.34091,0
431554,531,-57.48146,0
431564,528,-57.90308,0
431574,528,-57.90308,0
431584,528,-57.90308,0
431594,517,-59.44904,0
431604,526,-58.18417,0
431614,528,-57.90308,0
431624,528,-57.90308,0
431634,530,-57.622,0
431644,529,-57.76254,0
431654,532,-57.34091,0
431664,528,-57.90308,0
431674,532,-57.34091,0
431684,530,-57.622,0
431694,529,-57.76254,0
431704,536,-56.77875,0
431714,533,-57.20037,0
431724,524,-58.46524,0
431734,533,-57.20037,0
431744,532,-57.34091,0
431754,518,-59.30849,0
431764,524,-58.46524,0
431774,528,-57.90308,0
431784,533,-57.20037,0
431794,532,-57.34091,0
431804,527,-58.04362,0
431814,538,-56.49767,0
431824,529,-57.76254,0
431834,531,-57.48146,0
431844,535,-56.91929,0
431854,522,-58.74633,0
431864,532,-57.34091,0
431874,514,-59.87066,0
431884,526,-58.18417,0
431894,523,-58.60579,0
431904,528,-57.90308,0
431914,528,-57.90308,0
431924,534,-57.05983,0
431934,533,-57.20037,0
431944,539,-56.35712,0
431954,527,-58.04362,0
431964,526,-58.18417,0
431974,534,-57.05983,0
431984,527,-58.04362,0
431994,539,-56.35712,0
432004,524,-58.46524,0
432014,535,-56.91929,0
432024,532,-57.34091,0
432034,526,-58.18417,0
432044,529,-57.76254,0
432054,531,-57.48146,0
432064,521,-58.88687,0
432074,525,-58.3247,0
432084,526,-58.18417,0
432094,532,-57.34091,0
432104,527,-58.04362,0
432114,532,-57.34091,0
432124,529,-57.76254,0
432134,533,-57.20037,0
432144,532,-57.34091,0
432154,532,-57.34091,0
432164,527,-58.04362,0
432174,530,-57.622,0
432184,526,-58.18417,0
432194,526,-58.18417,0
432204,532,-57.34091,0
432214,536,-56.77875,0
432224,523,-58.60579,0
432234,526,-58.18417,0
432244,528,-57.90308,0
432254,522,-58.74633,0
432264,539,-56.35712,0
432274,531,-57.48146,0
432284,530,-57.622,0
432294,537,-56.63821,0
432304,535,-56.91929,0
432314,530,-57.622,0
432324,529,-57.76254,0
432334,524,-58.46524,0
432344,526,-58.18417,0
432354,531,-57.48146,0
432364,526,-58.18417,0
432374,518,-59.30849,0
432384,534,-57.05983,0
432394,520,-59.02741,0
432404,518,-59.30849,0
432414,532,-57.34091,0
432424,522,-58.74633,0
432434,529,-57.76254,0
432444,526,-58.18417,0
432454,529,-57.76254,0
432464,531,-57.48146,0
432474,522,-58.74633,0
432484,527,-58.04362,0
432494,529,-57.76254,0
432504,531,-57.48146,0
432514,532,-57.34091,0
432524,529,-57.76254,0
432534,540,-56.21659,0
432544,526,-58.18417,0
432554,532,-57.34091,0
432564,526,-58.18417,0
432574,527,-58.04362,0
432584,526,-58.18417,0
432594,521,-58.88687,0
432604,522,-58.74633,0
432614,527,-58.04362,0
432624,531,-57.48146,0
432634,534,-57.05983,0
432644,526,-58.18417,0
432654,535,-56.91929,0
432664,529,-57.76254,0
432674,535,-56.91929,0
432684,532,-57.34091,0
432694,529,-57.76254,0
432704,526,-58.18417,0
432714,526,-58.18417,0
432724,535,-56.91929,0
432734,523,-58.60579,0
432744,528,-57.90308,0
432754,528,-57.90308,0
432764,526,-58.18417,0
432774,531,-57.48146,0
432784,522,-58.74633,0
432794,534,-57.05983,0
432804,527,-58.04362,0
432814,529,-57.76254,0
432824,532,-57.34091,0
432834,532,-57.34091,0
432844,528,-57.90308,0
432854,536,-56.77875,0
432864,527,-58.04362,0
432874,527,-58.04362,0
432884,530,-57.622,0
432894,518,-59.30849,0
432904,520,-59.02741,0
432914,529,-57.76254,0
432924,532,-57.34091,0
432934,524,-58.46524,0
432944,533,-57.20037,0
432954,533,-57.20037,0
432964,537,-56.63821,0
432974,536,-56.77875,0
432984,527,-58.04362,0
432994,532,-57.34091,0
433004,529,-57.76254,0
433014,537,-56.63821,0
433024,532,-57.34091,0
433034,530,-57.622,0
433044,527,-58.04362,0
433054,533,-57.20037,0
433064,538,-56.49767,0
433074,528,-57.90308,0
433084,528,-57.90308,0
433094,535,-56.91929,0
433104,528,-57.90308,0
433114,517,-59.44904,0
433124,530,-57.622,0
433134,534,-57.05983,0
433144,525,-58.3247,0
433154,529,-57.76254,0
433164,536,-56.77875,0
433174,530,-57.622,0
433184,531,-57.48146,0
433194,534,-57.05983,0
433204,532,-57.34091,0
433214,533,-57.20037,0
433224,523,-58.60579,0
433234,526,-58.18417,0
433244,522,-58.74633,0
433254,527,-58.04362,0
433264,530,-57.622,0
433274,534,-57.05983,0
433284,527,-58.04362,0
433294,526,-58.18417,0
433304,525,-58.3247,0
433314,532,-57.34091,0
433324,529,-57.76254,0
433334,526,-58.18417,0
433344,534,-57.05983,0
433354,533,-57.20037,0
433364,523,-58.60579,0
433374,529,-57.76254,0
433384,534,-57.05983,0
433394,533,-57.20037,0
433404,526,-58.18417,0
433414,525,-58.3247,0
433424,534,-57.05983,0
433434,521,-58.88687,0
433444,534,-57.05983,0
433454,535,-56.91929,0
433464,537,-56.63821,0
433474,526,-58.18417,0
433484,529,-57.76254,0
433494,526,-58.18417,0
433504,531,-57.48146,0
433514,532,-57.34091,0
433524,530,-57.622,0
433534,533,-57.20037,0
433544,532,-57.34091,0
433554,525,-58.3247,0
433564,537,-56.63821,0
433574,525,-58.3247,0
433584,529,-57.76254,0
433594,524,-58.46524,0
433604,525,-58.3247,0
433614,525,-58.3247,0
433624,526,-58.18417,0
433634,533,-57.20037,0
433644,518,-59.30849,0
433654,530,-57.622,0
433664,533,-57.20037,0
433674,534,-57.05983,0
433684,535,-56.91929,0
433694,524,-58.46524,0
433704,530,-57.622,0
433714,527,-58.04362,0
433724,530,-57.622,0
433734,516,-59.58958,0
433744,527,-58.04362,0
433754,531,-57.48146,0
433764,523,-58.60579,0
433774,528,-57.90308,0
433784,531,-57.48146,0
433794,532,-57.34091,0
433804,538,-56.49767,0
433814,532,-57.34091,0
433824,525,-58.3247,0
433834,538,-56.49767,0
433844,530,-57.622,0
433854,529,-57.76254,0
433864,529,-57.76254,0
433874,529,-57.76254,0
433884,525,-58.3247,0
433894,531,-57.48146,0
433904,534,-57.05983,0
433914,524,-58.46524,0
433924,529,-57.76254,0
433934,537,-56.63821,0
433944,524,-58.46524,0
433954,526,-58.18417,0
433964,528,-57.90308,0
433974,525,-58.3247,0
433984,530,-57.622,0
433994,529,-57.76254,0
434004,522,-58.74633,0
434014,532,-57.34091,0
434024,537,-56.63821,0
434034,525,-58.3247,0
434044,526,-58.18417,0
434054,530,-57.622,0
434064,530,-57.622,0
434074,524,-58.46524,0
434084,523,-58.60579,0
434094,528,-57.90308,0
434104,526,-58.18417,0
434114,524,-58.46524,0
434124,530,-57.622,0
434134,527,-58.04362,0
434144,531,-57.48146,0
434154,535,-56.91929,0
434164,525,-58.3247,0
434174,540,-56.21659,0
434184,522,-58.74633,0
434194,521,-58.88687,0
434204,529,-57.76254,0
434214,526,-58.18417,0
434224,529,-57.76254,0
434234,532,-57.34091,0
434244,539,-56.35712,0
434254,526,-58.18417,0
434264,538,-56.49767,0
434274,530,-57.622,0
434284,538,-56.49767,0
434294,522,-58.74633,0
434304,526,-58.18417,0
434314,530,-57.622,0
434324,527,-58.04362,0
434334,535,-56.91929,0
434344,525,-58.3247,0
434354,525,-58.3247,0
434364,522,-58.74633,0
434374,528,-57.90308,0
434384,522,-58.74633,0
434394,532,-57.34091,0
434404,519,-59.16795,0
434414,537,-56.63821,0
434424,532,-57.34091,0
434434,525,-58.3247,0
434444,533,-57.20037,0
434454,525,-58.3247,0
434464,523,-58.60579,0
434474,530,-57.622,0
434484,532,-57.34091,0
434494,538,-56.49767,0
434504,531,-57.48146,0
434514,530,-57.622,0
434524,529,-57.76254,0
434534,531,-57.48146,0
434544,531,-57.48146,0
434554,534,-57.05983,0
434564,526,-58.18417,0
434574,529,-57.76254,0
434584,534,-57.05983,0
434594,529,-57.76254,0
434604,532,-57.34091,0
434614,527,-58.04362,0
434624,529,-57.76254,0
434634,529,-57.76254,0
434644,526,-58.18417,0
434654,524,-58.46524,0
434664,532,-57.34091,0
434674,530,-57.622,0
434684,527,-58.04362,0
434694,527,-58.04362,0
434704,530,-57.622,0
434714,529,-57.76254,0
434724,528,-57.90308,0
434734,531,-57.48146,0
434744,523,-58.60579,0
434754,528,-57.90308,0
434764,531,-57.48146,0
434774,534,-57.05983,0
434784,531,-57.48146,0
434794,527,-58.04362,0
434804,532,-57.34091,0
434814,523,-58.60579,0
434824,523,-58.60579,0
434834,524,-58.46524,0
434844,527,-58.04362,0
434854,521,-58.88687,0
434864,529,-57.76254,0
434874,524,-58.46524,0
434884,523,-58.60579,0
434894,532,-57.34091,0
434904,524,-58.46524,0
434914,520,-59.02741,0
434924,516,-59.58958,0
434934,528,-57.90308,0
434944,531,-57.48146,0
434954,534,-57.05983,0
434964,535,-56.91929,0
434974,529,-57.76254,0
434984,533,-57.20037,0
434994,529,-57.76254,0
435004,520,-59.02741,0
435014,523,-58.60579,0
435024,533,-57.20037,0
435034,524,-58.46524,0
435044,526,-58.18417,0
435054,531,-57.48146,0
435064,533,-57.20037,0
435074,533,-57.20037,0
435084,528,-57.90308,0
435094,529,-57.76254,0
435104,531,-57.48146,0
435114,535,-56.91929,0
435124,521,-58.88687,0
435134,527,-58.04362,0
435144,534,-57.05983,0
435154,525,-58.3247,0
435164,536,-56.77875,0
435174,532,-57.34091,0
435184,530,-57.622,0
435194,539,-56.35712,0
435204,525,-58.3247,0
435214,536,-56.77875,0
435224,526,-58.18417,0
435234,531,-57.48146,0
435244,526,-58.18417,0
435254,533,-57.20037,0
435264,530,-57.622,0
435274,531,-57.48146,0
435284,530,-57.622,0
435294,521,-58.88687,0
435304,529,-57.76254,0
435314,523,-58.60579,0
435324,531,-57.48146,0
435334,536,-56.77875,0
435344,528,-57.90308,0
435354,528,-57.90308,0
435364,532,-57.34091,0
435374,532,-57.34091,0
435384,530,-57.622,0
435394,531,-57.48146,0
435404,531,-57.48146,0
435414,531,-57.48146,0
435424,536,-56.77875,0
435434,526,-58.18417,0
435444,532,-57.34091,0
435454,534,-57.05983,0
435464,524,-58.46524,0
435474,531,-57.48146,0
435484,533,-57.20037,0
435494,535,-56.91929,0
435504,533,-57.20037,0
435514,531,-57.48146,0
435524,528,-57.90308,0
435534,534,-57.05983,0
435544,534,-57.05983,0
435554,533,-57.20037,0
435564,524,-58.46524,0
435574,535,-56.91929,0
435584,535,-56.91929,0
435594,533,-57.20037,0
435604,524,-58.46524,0
435614,536,-56.77875,0
435624,532,-57.34091,0
435634,528,-57.90308,0
435644,525,-58.3247,0
435654,523,-58.60579,0
435664,533,-57.20037,0
435674,522,-58.74633,0
435684,529,-57.76254,0
435694,527,-58.04362,0
435704,534,-57.05983,0
435714,529,-57.76254,0
435724,531,-57.48146,0
435734,532,-57.34091,0
435744,522,-58.74633,0
435754,534,-57.05983,0
435764,534,-57.05983,0
435774,535,-56.91929,0
435784,520,-59.02741,0
435794,533,-57.20037,0
435804,525,-58.3247,0
435814,528,-57.90308,0
435824,532,-57.34091,0
435834,534,-57.05983,0
435844,525,-58.3247,0
435854,530,-57.622,0
435864,531,-57.48146,0
435874,532,-57.34091,0
435884,529,-57.76254,0
435894,535,-56.91929,0
435904,533,-57.20037,0
435914,530,-57.622,0
435924,539,-56.35712,0
435934,531,-57.48146,0
435944,528,-57.90308,0
435954,529,-57.76254,0
435964,528,-57.90308,0
435974,536,-56.77875,0
435984,528,-57.90308,0
435994,535,-56.91929,0
436004,525,-58.3247,0
436014,528,-57.90308,0
436024,528,-57.90308,0
436034,528,-57.90308,0
436044,527,-58.04362,0
436054,530,-57.622,0
436064,524,-58.46524,0
436074,522,-58.74633,0
436084,531,-57.48146,0
436094,527,-58.04362,0
436104,530,-57.622,0
436114,529,-57.76254,0
436124,529,-57.76254,0
436134,528,-57.90308,0
436144,537,-56.63821,0
436154,528,-57.90308,0
436164,523,-58.60579,0
436174,529,-57.76254,0
436184,525,-58.3247,0
436194,533,-57.20037,0
436204,526,-58.18417,0
436214,532,-57.34091,0
436224,530,-57.622,0
436234,532,-57.34091,0
436244,532,-57.34091,0
436254,530,-57.622,0
436264,531,-57.48146,0
436274,533,-57.20037,0
436284,520,-59.02741,0
436294,525,-58.3247,0
436304,531,-57.48146,0
436314,535,-56.91929,0
436324,536,-56.77875,0
436334,534,-57.05983,0
436344,537,-56.63821,0
436354,530,-57.622,0
436364,526,-58.18417,0
436374,526,-58.18417,0
436384,525,-58.3247,0
436394,528,-57.90308,0
436404,526,-58.18417,0
436414,529,-57.76254,0
436424,533,-57.20037,0
436434,527,-58.04362,0
436444,530,-57.622,0
436454,531,-57.48146,0
436464,531,-57.48146,0
436474,529,-57.76254,0
436484,529,-57.76254,0
436494,533,-57.20037,0
436504,526,-58.18417,0
436514,525,-58.3247,0
436524,525,-58.3247,0
436534,529,-57.76254,0
436544,531,-57.48146,0
436554,525,-58.3247,0
436564,536,-56.77875,0
436574,528,-57.90308,0
436584,532,-57.34091,0
436594,531,-57.48146,0
436604,534,-57.05983,0
436614,524,-58.46524,0
436624,529,-57.76254,0
436634,529,-57.76254,0
436644,524,-58.46524,0
436654,528,-57.90308,0
436664,526,-58.18417,0
436674,536,-56.77875,0
436684,530,-57.622,0
436694,530,-57.622,0
436704,523,-58.60579,0
436714,527,-58.04362,0
436724,524,-58.46524,0
436734,530,-57.622,0
436744,532,-57.34091,0
436754,529,-57.76254,0
436764,531,-57.48146,0
436774,529,-57.76254,0
436784,530,-57.622,0
436794,524,-58.46524,0
436804,531,-57.48146,0
436814,531,-57.48146,0
436824,530,-57.622,0
436834,535,-56.91929,0
436844,525,-58.3247,0
436854,530,-57.622,0
436864,532,-57.34091,0
436874,529,-57.76254,0
436884,530,-57.622,0
436894,532,-57.34091,0
436904,538,-56.49767,0
436914,535,-56.91929,0
436924,530,-57.622,0
436934,528,-57.90308,0
436944,536,-56.77875,0
436954,536,-56.77875,0
436964,538,-56.49767,0
436974,524,-58.46524,0
436984,526,-58.18417,0
436994,532,-57.34091,0
437004,525,-58.3247,0
437014,532,-57.34091,0
437024,528,-57.90308,0
437034,528,-57.90308,0
437044,529,-57.76254,0
437054,520,-59.02741,0
437064,524,-58.46524,0
437074,527,-58.04362,0
437084,529,-57.76254,0
437094,530,-57.622,0
437104,533,-57.20037,0
437114,529,-57.76254,0
437124,526,-58.18417,0
437134,532,-57.34091,0
437144,533,-57.20037,0
437154,528,-57.90308,0
437164,529,-57.76254,0
437174,534,-57.05983,0
437184,528,-57.90308,0
437194,535,-56.91929,0
437204,536,-56.77875,0
437214,534,-57.05983,0
437224,532,-57.34091,0
437234,539,-56.35712,0
437244,530,-57.622,0
437254,529,-57.76254,0
437264,515,-59.73012,0
437274,531,-57.48146,0
437284,518,-59.30849,0
437294,525,-58.3247,0
437304,535,-56.91929,0
437314,534,-57.05983,0
437324,539,-56.35712,0
437334,539,-56.35712,0
437344,532,-57.34091,0
437354,541,-56.07604,0
437364,524,-58.46524,0
437374,534,-57.05983,0
437384,526,-58.18417,0
437394,530,-57.622,0
437404,536,-56.77875,0
437414,529,-57.76254,0
437424,535,-56.91929,0
437434,534,-57.05983,0
437444,538,-56.49767,0
437454,524,-58.46524,0
437464,535,-56.91929,0
437474,526,-58.18417,0
437484,531,-57.48146,0
437494,528,-57.90308,0
437504,533,-57.20037,0
437514,531,-57.48146,0
437524,526,-58.18417,0
437534,534,-57.05983,0
437544,530,-57.622,0
437554,525,-58.3247,0
437564,534,-57.05983,0
437574,529,-57.76254,0
437584,532,-57.34091,0
437594,536,-56.77875,0
437604,530,-57.622,0
437614,524,-58.46524,0
437624,515,-59.73012,0
437634,528,-57.90308,0
437644,529,-57.76254,0
437654,534,-57.05983,0
437664,531,-57.48146,0
437674,529,-57.76254,0
437684,526,-58.18417,0
437694,526,-58.18417,0
437704,530,-57.622,0
437714,531,-57.48146,0
437724,528,-57.90308,0
437734,527,-58.04362,0
437744,529,-57.76254,0
437754,527,-58.04362,0
437764,526,-58.18417,0
437774,528,-57.90308,0
437784,526,-58.18417,0
437794,533,-57.20037,0
437804,523,-58.60579,0
437814,528,-57.90308,0
437824,530,-57.622,0
437834,539,-56.35712,0
437844,525,-58.3247,0
437854,528,-57.90308,0
437864,528,-57.90308,0
437874,538,-56.49767,0
437884,526,-58.18417,0
437894,535,-56.91929,0
437904,528,-57.90308,0
437914,532,-57.34091,0
437924,534,-57.05983,0
437934,525,-58.3247,0
437944,530,-57.622,0
437954,538,-56.49767,0
437964,534,-57.05983,0
437974,527,-58.04362,0
437984,531,-57.48146,0
437994,520,-59.02741,0
438004,533,-57.20037,0
438014,531,-57.48146,0
438024,529,-57.76254,0
438034,521,-58.88687,0
438044,528,-57.90308,0
438054,529,-57.76254,0
438064,532,-57.34091,0
438074,535,-56.91929,0
438084,529,-57.76254,0
438094,525,-58.3247,0
438104,528,-57.90308,0
438114,526,-58.18417,0
438124,522,-58.74633,0
438134,529,-57.76254,0
438144,530,-57.622,0
438154,530,-57.622,0
438164,530,-57.622,0
438174,526,-58.18417,0
438184,532,-57.34091,0
438194,536,-56.77875,0
438204,523,-58.60579,0
438214,527,-58.04362,0
438224,526,-58.18417,0
438234,529,-57.76254,0
438244,530,-57.622,0
438254,534,-57.05983,0
438264,524,-58.46524,0
438274,531,-57.48146,0
438284,534,-57.05983,0
438294,538,-56.49767,0
438304,537,-56.63821,0
438314,529,-57.76254,0
438324,531,-57.48146,0
438334,528,-57.90308,0
438344,532,-57.34091,0
438354,524,-58.46524,0
438364,524,-58.46524,0
438374,524,-58.46524,0
438384,527,-58.04362,0
438394,529,-57.76254,0
438404,525,-58.3247,0
438414,533,-57.20037,0
438424,532,-57.34091,0
438434,535,-56.91929,0
438444,530,-57.622,0
438454,533,-57.20037,0
438464,529,-57.76254,0
438474,525,-58.3247,0
438484,518,-59.30849,0
438494,527,-58.04362,0
438504,534,-57.05983,0
438514,541,-56.07604,0
438524,538,-56.49767,0
438534,530,-57.622,0
438544,532,-57.34091,0
438554,528,-57.90308,0
438564,530,-57.622,0
438574,529,-57.76254,0
438584,530,-57.622,0
438594,524,-58.46524,0
438604,523,-58.60579,0
438614,528,-57.90308,0
438624,528,-57.90308,0
438634,524,-58.46524,0
438644,525,-58.3247,0
438654,531,-57.48146,0
438664,532,-57.34091,0
438674,533,-57.20037,0
438684,528,-57.90308,0
438694,535,-56.91929,0
438704,524,-58.46524,0
438714,521,-58.88687,0
438724,519,-59.16795,0
438734,521,-58.88687,0
438744,531,-57.48146,0
438754,534,-57.05983,0
438764,528,-57.90308,0
438774,534,-57.05983,0
438784,530,-57.622,0
438794,535,-56.91929,0
438804,525,-58.3247,0
438814,535,-56.91929,0
438824,525,-58.3247,0
438834,525,-58.3247,0
438844,521,-58.88687,0
438854,528,-57.90308,0
438864,535,-56.91929,0
438874,530,-57.622,0
438884,532,-57.34091,0
438894,531,-57.48146,0
438904,536,-56.77875,0
438914,532,-57.34091,0
438924,535,-56.91929,0
438934,528,-57.90308,0
438944,528,-57.90308,0
438954,532,-57.34091,0
438964,527,-58.04362,0
438974,532,-57.34091,0
438984,534,-57.05983,0
438994,538,-56.49767,0
439004,529,-57.76254,0
439014,536,-56.77875,0
439024,536,-56.77875,0
439034,534,-57.05983,0
439044,531,-57.48146,0
439054,525,-58.3247,0
439064,537,-56.63821,0
439074,531,-57.48146,0
439084,533,-57.20037,0
439094,521,-58.88687,0
439104,526,-58.18417,0
439114,537,-56.63821,0
439124,531,-57.48146,0
439134,529,-57.76254,0
439144,535,-56.91929,0
439154,525,-58.3247,0
439164,526,-58.18417,0
439174,529,-57.76254,0
439184,536,-56.77875,0
439194,538,-56.49767,0
439204,526,-58.18417,0
439214,524,-58.46524,0
439224,533,-57.20037,0
439234,530,-57.622,0
439244,535,-56.91929,0
439254,526,-58.18417,0
439264,537,-56.63821,0
439274,534,-57.05983,0
439284,536,-56.77875,0
439294,531,-57.48146,0
439304,536,-56.77875,0
439314,524,-58.46524,0
439324,536,-56.77875,0
439334,534,-57.05983,0
439344,524,-58.46524,0
439354,533,-57.20037,0
439364,532,-57.34091,0
439374,533,-57.20037,0
439384,529,-57.76254,0
439394,529,-57.76254,0
439404,537,-56.63821,0
439414,536,-56.77875,0
439424,535,-56.91929,0
439434,529,-57.76254,0
439444,518,-59.30849,0
439454,519,-59.16795,0
439464,533,-57.20037,0
439474,532,-57.34091,0
439484,533,-57.20037,0
439494,528,-57.90308,0
439504,529,-57.76254,0
439514,541,-56.07604,0
439524,532,-57.34091,0
439534,531,-57.48146,0
439544,529,-57.76254,0
439554,522,-58.74633,0
439564,523,-58.60579,0
439574,537,-56.63821,0
439584,525,-58.3247,0
439594,533,-57.20037,0
439604,531,-57.48146,0
439614,527,-58.04362,0
439624,526,-58.18417,0
439634,530,-57.622,0
439644,530,-57.622,0
439654,527,-58.04362,0
439664,531,-57.48146,0
439674,537,-56.63821,0
439684,530,-57.622,0
439694,524,-58.46524,0
439704,525,-58.3247,0
439714,532,-57.34091,0
439724,530,-57.622,0
439734,531,-57.48146,0
439744,534,-57.05983,0
439754,535,-56.91929,0
439764,537,-56.63821,0
439774,528,-57.90308,0
439784,538,-56.49767,0
439794,535,-56.91929,0
439804,535,-56.91929,0
439814,521,-58.88687,0
439824,528,-57.90308,0
439834,521,-58.88687,0
439844,530,-57.622,0
439854,534,-57.05983,0
439864,527,-58.04362,0
439874,522,-58.74633,0
439884,525,-58.3247,0
439894,538,-56.49767,0
439904,524,-58.46524,0
439914,535,-56.91929,0
439924,529,-57.76254,0
439934,531,-57.48146,0
439944,533,-57.20037,0
439954,531,-57.48146,0
439964,529,-57.76254,0
439974,530,-57.622,0
439984,533,-57.20037,0
439994,528,-57.90308,0
440004,533,-57.20037,0
440014,532,-57.34091,0
440024,524,-58.46524,0
440034,538,-56.49767,0
440044,529,-57.76254,0
440054,531,-57.48146,0
440064,531,-57.48146,0
440074,527,-58.04362,0
440084,527,-58.04362,0
440094,528,-57.90308,0
440104,528,-57.90308,0
440114,536,-56.77875,0
440124,529,-57.76254,0
440134,528,-57.90308,0
440144,530,-57.622,0
440154,530,-57.622,0
440164,529,-57.76254,0
440174,529,-57.76254,0
440184,527,-58.04362,0
440194,532,-57.34091,0
440204,534,-57.05983,0
440214,535,-56.91929,0
440224,528,-57.90308,0
440234,532,-57.34091,0
440244,535,-56.91929,0
440254,527,-58.04362,0
440264,527,-58.04362,0
440274,534,-57.05983,0
440284,531,-57.48146,0
440294,526,-58.18417,0
440304,538,-56.49767,0
440314,527,-58.04362,0
440324,528,-57.90308,0
440334,535,-56.91929,0
440344,527,-58.04362,0
440354,526,-58.18417,0
440364,534,-57.05983,0
440374,536,-56.77875,0
440384,529,-57.76254,0
440394,524,-58.46524,0
440404,523,-58.60579,0
440414,527,-58.04362,0
440424,528,-57.90308,0
440434,528,-57.90308,0
440444,533,-57.20037,0
440454,526,-58.18417,0
440464,523,-58.60579,0
440474,519,-59.16795,0
440484,532,-57.34091,0
440494,529,-57.76254,0
440504,537,-56.63821,0
440514,537,-56.63821,0
440524,534,-57.05983,0
440534,532,-57.34091,0
440544,532,-57.34091,0
440554,528,-57.90308,0
440564,527,-58.04362,0
440574,532,-57.34091,0
440584,532,-57.34091,0
440594,533,-57.20037,0
440604,528,-57.90308,0
440614,536,-56.77875,0
440624,532,-57.34091,0
440634,530,-57.622,0
440644,531,-57.48146,0
440654,533,-57.20037,0
440664,527,-58.04362,0
440674,533,-57.20037,0
440684,534,-57.05983,0
440694,529,-57.76254,0
440704,536,-56.77875,0
440714,522,-58.74633,0
440724,526,-58.18417,0
440734,527,-58.04362,0
440744,528,-57.90308,0
440754,536,-56.77875,0
440764,531,-57.48146,0
440774,527,-58.04362,0
440784,519,-59.16795,0
440794,531,-57.48146,0
440804,534,-57.05983,0
440814,529,-57.76254,0
440824,535,-56.91929,0
440834,533,-57.20037,0
440844,529,-57.76254,0
440854,539,-56.35712,0
440864,530,-57.622,0
440874,530,-57.622,0
440884,537,-56.63821,0
440894,527,-58.04362,0
440904,526,-58.18417,0
440914,536,-56.77875,0
440924,528,-57.90308,0
440934,530,-57.622,0
440944,527,-58.04362,0
440954,529,-57.76254,0
440964,536,-56.77875,0
440974,527,-58.04362,0
440984,537,-56.63821,0
440994,531,-57.48146,0
441004,529,-57.76254,0
441014,529,-57.76254,0
441024,522,-58.74633,0
441034,530,-57.622,0
441044,531,-57.48146,0
441054,537,-56.63821,0
441064,521,-58.88687,0
441074,531,-57.48146,0
441084,526,-58.18417,0
441094,532,-57.34091,0
441104,531,-57.48146,0
441114,532,-57.34091,0
441124,532,-57.34091,0
441134,536,-56.77875,0
441144,530,-57.622,0
441154,531,-57.48146,0
441164,524,-58.46524,0
441174,534,-57.05983,0
441184,533,-57.20037,0
441194,531,-57.48146,0
441204,529,-57.76254,0
441214,534,-57.05983,0
441224,531,-57.48146,0
441234,534,-57.05983,0
441244,534,-57.05983,0
441254,529,-57.76254,0
441264,527,-58.04362,0
441274,528,-57.90308,0
441284,533,-57.20037,0
441294,522,-58.74633,0
441304,528,-57.90308,0
441314,525,-58.3247,0
441324,531,-57.48146,0
441334,537,-56.63821,0
441344,528,-57.90308,0
441354,533,-57.20037,0
441364,523,-58.60579,0
441374,525,-58.3247,0
441384,523,-58.60579,0
441394,532,-57.34091,0
441404,531,-57.48146,0
441414,532,-57.34091,0
441424,528,-57.90308,0
441434,537,-56.63821,0
441444,537,-56.63821,0
441454,531,-57.48146,0
441464,533,-57.20037,0
441474,530,-57.622,0
441484,533,-57.20037,0
441494,530,-57.622,0
441504,528,-57.90308,0
441514,531,-57.48146,0
441524,531,-57.48146,0
441534,524,-58.46524,0
441544,533,-57.20037,0
441554,534,-57.05983,0
441564,530,-57.622,0
441574,528,-57.90308,0
441584,530,-57.622,0
441594,534,-57.05983,0
441604,533,-57.20037,0
441614,527,-58.04362,0
441624,525,-58.3247,0
441634,527,-58.04362,0
441644,529,-57.76254,0
441654,532,-57.34091,0
441664,523,-58.60579,0
441674,530,-57.622,0
441684,532,-57.34091,0
441694,529,-57.76254,0
441704,526,-58.18417,0
441714,533,-57.20037,0
441724,535,-56.91929,0
441734,535,-56.91929,0
441744,535,-56.91929,0
441754,532,-57.34091,0
441764,525,-58.3247,0
441774,528,-57.90308,0
441784,534,-57.05983,0
441794,532,-57.34091,0
441804,534,-57.05983,0
441814,523,-58.60579,0
441824,533,-57.20037,0
441834,537,-56.63821,0
441844,534,-57.05983,0
441854,530,-57.622,0
441864,530,-57.622,0
441874,539,-56.35712,0
441884,536,-56.77875,0
441894,532,-57.34091,0
441904,528,-57.90308,0
441914,523,-58.60579,0
441924,531,-57.48146,0
441934,524,-58.46524,0
441944,528,-57.90308,0
441954,526,-58.18417,0
441964,535,-56.91929,0
441974,532,-57.34091,0
441984,530,-57.622,0
441994,530,-57.622,0
442004,528,-57.90308,0
442014,530,-57.622,0
442024,530,-57.622,0
442034,530,-57.622,0
442044,529,-57.76254,0
442054,522,-58.74633,0
442064,534,-57.05983,0
442074,539,-56.35712,0
442084,531,-57.48146,0
442094,533,-57.20037,0
442104,515,-59.73012,0
442114,532,-57.34091,0
442124,531,-57.48146,0
442134,529,-57.76254,0
442144,527,-58.04362,0
442154,531,-57.48146,0
442164,531,-57.48146,0
442174,530,-57.622,0
442184,528,-57.90308,0
442194,526,-58.18417,0
442204,531,-57.48146,0
442214,534,-57.05983,0
442224,525,-58.3247,0
442234,528,-57.90308,0
442244,530,-57.622,0
442254,529,-57.76254,0
442264,524,-58.46524,0
442274,530,-57.622,0
442284,531,-57.48146,0
442294,526,-58.18417,0
442304,529,-57.76254,0
442314,529,-57.76254,0
442324,529,-57.76254,0
442334,533,-57.20037,0
442344,525,-58.3247,0
442354,535,-56.91929,0
442364,530,-57.622,0
442374,537,-56.63821,0
442384,536,-56.77875,0
442394,535,-56.91929,0
442404,527,-58.04362,0
442414,530,-57.622,0
442424,531,-57.48146,0
442434,523,-58.60579,0
442444,531,-57.48146,0
442454,522,-58.74633,0
442464,538,-56.49767,0
442474,526,-58.18417,0
442484,531,-57.48146,0
442494,528,-57.90308,0
442504,533,-57.20037,0
442514,531,-57.48146,0
442524,525,-58.3247,0
442534,523,-58.60579,0
442544,533,-57.20037,0
442554,523,-58.60579,0
442564,528,-57.90308,0
442574,527,-58.04362,0
442584,520,-59.02741,0
442594,527,-58.04362,0
442604,535,-56.91929,0
442614,536,-56.77875,0
442624,526,-58.18417,0
442634,529,-57.76254,0
442644,528,-57.90308,0
442654,530,-57.622,0
442664,528,-57.90308,0
442674,528,-57.90308,0
442684,536,-56.77875,0
442694,531,-57.48146,0
442704,528,-57.90308,0
442714,541,-56.07604,0
442724,535,-56.91929,0
442734,540,-56.21659,0
442744,534,-57.05983,0
442754,530,-57.622,0
442764,537,-56.63821,0
442774,525,-58.3247,0
442784,531,-57.48146,0
442794,521,-58.88687,0
442804,529,-57.76254,0
442814,533,-57.20037,0
442824,536,-56.77875,0
442834,534,-57.05983,0
442844,530,-57.622,0
442854,532,-57.34091,0
442864,534,-57.05983,0
442874,527,-58.04362,0
442884,528,-57.90308,0
442894,527,-58.04362,0
442904,532,-57.34091,0
442914,542,-55.9355,0
442924,532,-57.34091,0
442934,534,-57.05983,0
442944,536,-56.77875,0
442954,536,-56.77875,0
442964,531,-57.48146,0
442974,524,-58.46524,0
442984,537,-56.63821,0
442994,530,-57.622,0
443004,529,-57.76254,0
443014,529,-57.76254,0
443024,533,-57.20037,0
443034,541,-56.07604,0
443044,523,-58.60579,0
443054,528,-57.90308,0
443064,535,-56.91929,0
443074,532,-57.34091,0
443084,524,-58.46524,0
443094,530,-57.622,0
443104,531,-57.48146,0
443114,529,-57.76254,0
443124,529,-57.76254,0
443134,528,-57.90308,0
443144,527,-58.04362,0
443154,527,-58.04362,0
443164,536,-56.77875,0
443174,534,-57.05983,0
443184,527,-58.04362,0
443194,531,-57.48146,0
443204,524,-58.46524,0
443214,532,-57.34091,0
443224,533,-57.20037,0
443234,534,-57.05983,0
443244,528,-57.90308,0
443254,527,-58.04362,0
443264,528,-57.90308,0
443274,525,-58.3247,0
443284,529,-57.76254,0
443294,529,-57.76254,0
443304,530,-57.622,0
443314,535,-56.91929,0
443324,529,-57.76254,0
443334,528,-57.90308,0
443344,528,-57.90308,0
443354,531,-57.48146,0
443364,526,-58.18417,0
443374,531,-57.48146,0
443384,535,-56.91929,0
443394,533,-57.20037,0
443404,524,-58.46524,0
443414,533,-57.20037,0
443424,531,-57.48146,0
443434,530,-57.622,0
443444,535,-56.91929,0
443454,533,-57.20037,0
443464,534,-57.05983,0
443474,533,-57.20037,0
443484,530,-57.622,0
443494,538,-56.49767,0
443504,527,-58.04362,0
443514,530,-57.622,0
443524,523,-58.60579,0
443534,531,-57.48146,0
443544,527,-58.04362,0
443554,530,-57.622,0
443564,536,-56.77875,0
443574,530,-57.622,0
443584,531,-57.48146,0
443594,533,-57.20037,0
443604,534,-57.05983,0
443614,529,-57.76254,0
443624,530,-57.622,0
443634,526,-58.18417,0
443644,530,-57.622,0
443654,533,-57.20037,0
443664,534,-57.05983,0
443674,535,-56.91929,0
443684,533,-57.20037,0
443694,535,-56.91929,0
443704,531,-57.48146,0
443714,533,-57.20037,0
443724,533,-57.20037,0
443734,524,-58.46524,0
443744,534,-57.05983,0
443754,529,-57.76254,0
443764,528,-57.90308,0
443774,532,-57.34091,0
443784,524,-58.46524,0
443794,537,-56.63821,0
443804,530,-57.622,0
443814,529,-57.76254,0
443824,528,-57.90308,0
443834,524,-58.46524,0
443844,538,-56.49767,0
443854,533,-57.20037,0
443864,529,-57.76254,0
443874,520,-59.02741,0
443884,528,-57.90308,0
443894,521,-58.88687,0
443904,530,-57.622,0
443914,536,-56.77875,0
443924,530,-57.622,0
443934,531,-57.48146,0
443944,538,-56.49767,0
443954,531,-57.48146,0
443964,531,-57.48146,0
443974,524,-58.46524,0
443984,533,-57.20037,0
443994,530,-57.622,0
444004,525,-58.3247,0
444014,529,-57.76254,0
444024,529,-57.76254,0
444034,527,-58.04362,0
444044,529,-57.76254,0
444054,531,-57.48146,0
444064,532,-57.34091,0
444074,530,-57.622,0
444084,530,-57.622,0
444094,522,-58.74633,0
444104,526,-58.18417,0
444114,535,-56.91929,0
444124,534,-57.05983,0
444134,529,-57.76254,0
444144,533,-57.20037,0
444154,526,-58.18417,0
444164,528,-57.90308,0
444174,532,-57.34091,0
444184,536,-56.77875,0
444194,536,-56.77875,0
444204,532,-57.34091,0
444214,523,-58.60579,0
444224,532,-57.34091,0
444234,530,-57.622,0
444244,530,-57.622,0
444254,533,-57.20037,0
444264,529,-57.76254,0
444274,529,-57.76254,0
444284,536,-56.77875,0
444294,534,-57.05983,0
444304,536,-56.77875,0
444314,532,-57.34091,0
444324,532,-57.34091,0
444334,533,-57.20037,0
444344,521,-58.88687,0
444354,533,-57.20037,0
444364,526,-58.18417,0
444374,529,-57.76254,0
444384,532,-57.34091,0
444394,536,-56.77875,0
444404,529,-57.76254,0
444414,523,-58.60579,0
444424,529,-57.76254,0
444434,530,-57.622,0
444444,523,-58.60579,0
444454,534,-57.05983,0
444464,532,-57.34091,0
444474,534,-57.05983,0
444484,534,-57.05983,0
444494,529,-57.76254,0
444504,533,-57.20037,0
444514,534,-57.05983,0
444524,528,-57.90308,0
444534,532,-57.34091,0
444544,529,-57.76254,0
444554,528,-57.90308,0
444564,526,-58.18417,0
444574,536,-56.77875,0
444584,528,-57.90308,0
444594,530,-57.622,0
444604,535,-56.91929,0
444614,528,-57.90308,0
444624,535,-56.91929,0
444634,530,-57.622,0
444644,531,-57.48146,0
444654,529,-57.76254,0
444664,527,-58.04362,0
444674,531,-57.48146,0
444684,535,-56.91929,0
444694,527,-58.04362,0
444704,532,-57.34091,0
444714,532,-57.34091,0
444724,531,-57.48146,0
444734,527,-58.04362,0
444744,531,-57.48146,0
444754,531,-57.48146,0
444764,538,-56.49767,0
444774,529,-57.76254,0
444784,525,-58.3247,0
444794,540,-56.21659,0
444804,532,-57.34091,0
444814,526,-58.18417,0
444824,531,-57.48146,0
444834,528,-57.90308,0
444844,535,-56.91929,0
444854,524,-58.46524,0
444864,528,-57.90308,0
444874,519,-59.16795,0
444884,535,-56.91929,0
444894,526,-58.18417,0
444904,527,-58.04362,0
444914,535,-56.91929,0
444924,537,-56.63821,0
444934,529,-57.76254,0
444944,531,-57.48146,0
444954,534,-57.05983,0
444964,530,-57.622,0
444974,524,-58.46524,0
444984,522,-58.74633,0
444994,527,-58.04362,0
445004,528,-57.90308,0
445014,535,-56.91929,0
445024,532,-57.34091,0
445034,533,-57.20037,0
445044,536,-56.77875,0
445054,532,-57.34091,0
445064,530,-57.622,0
445074,530,-57.622,0
445084,527,-58.04362,0
445094,522,-58.74633,0
445104,527,-58.04362,0
445114,524,-58.46524,0
445124,524,-58.46524,0
445134,529,-57.76254,0
445144,530,-57.622,0
445154,533,-57.20037,0
445164,537,-56.63821,0
445174,533,-57.20037,0
445184,532,-57.34091,0
445194,530,-57.622,0
445204,529,-57.76254,0
445214,532,-57.34091,0
445224,533,-57.20037,0
445234,537,-56.63821,0
445244,530,-57.622,0
445254,533,-57.20037,0
445264,537,-56.63821,0
445274,536,-56.77875,0
445284,540,-56.21659,0
445294,528,-57.90308,0
445304,527,-58.04362,0
445314,530,-57.622,0
445324,529,-57.76254,0
445334,534,-57.05983,0
445344,525,-58.3247,0
445354,524,-58.46524,0
445364,528,-57.90308,0
445374,534,-57.05983,0
445384,531,-57.48146,0
445394,529,-57.76254,0
445404,530,-57.622,0
445414,525,-58.3247,0
445424,528,-57.90308,0
445434,529,-57.76254,0
445444,530,-57.622,0
445454,531,-57.48146,0
445464,532,-57.34091,0
445474,521,-58.88687,0
445484,530,-57.622,0
445494,531,-57.48146,0
445504,532,-57.34091,0
445514,528,-57.90308,0
445524,525,-58.3247,0
445534,532,-57.34091,0
445544,527,-58.04362,0
445554,529,-57.76254,0
445564,533,-57.20037,0
445574,530,-57.622,0
445584,529,-57.76254,0
445594,533,-57.20037,0
445604,530,-57.622,0
445614,525,-58.3247,0
445624,533,-57.20037,0
445634,530,-57.622,0
445644,534,-57.05983,0
445654,528,-57.90308,0
445664,529,-57.76254,0
445674,534,-57.05983,0
445684,526,-58.18417,0
445694,528,-57.90308,0
445704,526,-58.18417,0
445714,530,-57.622,0
445724,535,-56.91929,0
445734,525,-58.3247,0
445744,528,-57.90308,0
445754,530,-57.622,0
445764,537,-56.63821,0
445774,527,-58.04362,0
445784,536,-56.77875,0
445794,531,-57.48146,0
445804,528,-57.90308,0
445814,525,-58.3247,0
445824,530,-57.622,0
445834,526,-58.18417,0
445844,526,-58.18417,0
445854,527,-58.04362,0
445864,530,-57.622,0
445874,526,-58.18417,0
445884,525,-58.3247,0
445894,528,-57.90308,0
445904,524,-58.46524,0
445914,527,-58.04362,0
445924,533,-57.20037,0
445934,524,-58.46524,0
445944,531,-57.48146,0
445954,528,-57.90308,0
445964,532,-57.34091,0
445974,527,-58.04362,0
445984,533,-57.20037,0
445994,528,-57.90308,0
446004,526,-58.18417,0
446014,526,-58.18417,0
446024,527,-58.04362,0
446034,527,-58.04362,0
446044,529,-57.76254,0
446054,531,-57.48146,0
446064,530,-57.622,0
446074,526,-58.18417,0
446084,526,-58.18417,0
446094,531,-57.48146,0
446104,530,-57.622,0
446114,520,-59.02741,0
446124,534,-57.05983,0
446134,532,-57.34091,0
446144,531,-57.48146,0
446154,522,-58.74633,0
446164,526,-58.18417,0
446174,527,-58.04362,0
446184,534,-57.05983,0
446194,527,-58.04362,0
446204,530,-57.622,0
446214,530,-57.622,0
446224,530,-57.622,0
446234,533,-57.20037,0
446244,537,-56.63821,0
446254,527,-58.04362,0
446264,528,-57.90308,0
446274,532,-57.34091,0
446284,531,-57.48146,0
446294,535,-56.91929,0
446304,530,-57.622,0
446314,532,-57.34091,0
446324,533,-57.20037,0
446334,536,-56.77875,0
446344,530,-57.622,0
446354,530,-57.622,0
446364,532,-57.34091,0
446374,533,-57.20037,0
446384,538,-56.49767,0
446394,526,-58.18417,0
446404,527,-58.04362,0
446414,527,-58.04362,0
446424,527,-58.04362,0
446434,533,-57.20037,0
446444,526,-58.18417,0
446454,538,-56.49767,0
446464,532,-57.34091,0
446474,532,-57.34091,0
446484,532,-57.34091,0
446494,529,-57.76254,0
446504,529,-57.76254,0
446514,528,-57.90308,0
446524,537,-56.63821,0
446534,524,-58.46524,0
446544,524,-58.46524,0
446554,530,-57.622,0
446564,526,-58.18417,0
446574,531,-57.48146,0
446584,533,-57.20037,0
446594,533,-57.20037,0
446604,531,-57.48146,0
446614,532,-57.34091,0
446624,531,-57.48146,0
446634,530,-57.622,0
446644,526,-58.18417,0
446654,532,-57.34091,0
446664,527,-58.04362,0
446674,524,-58.46524,0
446684,524,-58.46524,0
446694,528,-57.90308,0
446704,528,-57.90308,0
446714,528,-57.90308,0
446724,528,-57.90308,0
446734,538,-56.49767,0
446744,526,-58.18417,0
446754,526,-58.18417,0
446764,533,-57.20037,0
446774,534,-57.05983,0
446784,529,-57.76254,0
446794,522,-58.74633,0
446804,528,-57.90308,0
446814,523,-58.60579,0
446824,536,-56.77875,0
446834,533,-57.20037,0
446844,530,-57.622,0
446854,523,-58.60579,0
446864,525,-58.3247,0
446874,529,-57.76254,0
446884,528,-57.90308,0
446894,524,-58.46524,0
446904,527,-58.04362,0
446914,529,-57.76254,0
446924,536,-56.77875,0
446934,529,-57.76254,0
446944,524,-58.46524,0
446954,527,-58.04362,0
446964,526,-58.18417,0
446974,530,-57.622,0
446984,531,-57.48146,0
446994,532,-57.34091,0
447004,533,-57.20037,0
447014,526,-58.18417,0
447024,535,-56.91929,0
447034,530,-57.622,0
447044,535,-56.91929,0
447054,530,-57.622,0
447064,527,-58.04362,0
447074,536,-56.77875,0
447084,522,-58.74633,0
447094,539,-56.35712,0
447104,524,-58.46524,0
447114,529,-57.76254,0
447124,524,-58.46524,0
447134,533,-57.20037,0
447144,529,-57.76254,0
447154,533,-57.20037,0
447164,533,-57.20037,0
447174,534,-57.05983,0
447184,525,-58.3247,0
447194,528,-57.90308,0
447204,527,-58.04362,0
447214,524,-58.46524,0
447224,531,-57.48146,0
447234,534,-57.05983,0
447244,533,-57.20037,0
447254,531,-57.48146,0
447264,523,-58.60579,0
447274,525,-58.3247,0
447284,527,-58.04362,0
447294,530,-57.622,0
447304,532,-57.34091,0
447314,527,-58.04362,0
447324,529,-57.76254,0
447334,528,-57.90308,0
447344,519,-59.16795,0
447354,530,-57.622,0
447364,529,-57.76254,0
447374,537,-56.63821,0
447384,523,-58.60579,0
447394,534,-57.05983,0
447404,529,-57.76254,0
447414,530,-57.622,0
447424,530,-57.622,0
447434,540,-56.21659,0
447444,532,-57.34091,0
447454,529,-57.76254,0
447464,523,-58.60579,0
447474,527,-58.04362,0
447484,533,-57.20037,0
447494,528,-57.90308,0
447504,533,-57.20037,0
447514,526,-58.18417,0
447524,523,-58.60579,0
447534,526,-58.18417,0
447544,532,-57.34091,0
447554,528,-57.90308,0
447564,531,-57.48146,0
447574,531,-57.48146,0
447584,528,-57.90308,0
447594,529,-57.76254,0
447604,525,-58.3247,0
447614,527,-58.04362,0
447624,531,-57.48146,0
447634,533,-57.20037,0
447644,520,-59.02741,0
447654,528,-57.90308,0
447664,527,-58.04362,0
447674,532,-57.34091,0
447684,536,-56.77875,0
447694,533,-57.20037,0
447704,529,-57.76254,0
447714,525,-58.3247,0
447724,525,-58.3247,0
447734,534,-57.05983,0
447744,529,-57.76254,0
447754,526,-58.18417,0
447764,529,-57.76254,0
447774,525,-58.3247,0
447784,530,-57.622,0
447794,528,-57.90308,0
447804,532,-57.34091,0
447814,528,-57.90308,0
447824,526,-58.18417,0
447834,526,-58.18417,0
447844,524,-58.46524,0
447854,529,-57.76254,0
447864,526,-58.18417,0
447874,526,-58.18417,0
447884,529,-57.76254,0
447894,524,-58.46524,0
447904,535,-56.91929,0
447914,530,-57.622,0
447924,526,-58.18417,0
447934,532,-57.34091,0
447944,531,-57.48146,0
447954,526,-58.18417,0
447964,528,-57.90308,0
447974,529,-57.76254,0
447984,526,-58.18417,0
447994,525,-58.3247,0
448004,525,-58.3247,0
448014,533,-57.20037,0
448024,531,-57.48146,0
448034,533,-57.20037,0
448044,538,-56.49767,0
448054,540,-56.21659,0
448064,529,-57.76254,0
448074,536,-56.77875,0
448084,528,-57.90308,0
448094,530,-57.622,0
448104,531,-57.48146,0
448114,528,-57.90308,0
448124,526,-58.18417,0
448134,526,-58.18417,0
448144,531,-57.48146,0
448154,529,-57.76254,0
448164,529,-57.76254,0
448174,529,-57.76254,0
448184,529,-57.76254,0
448194,528,-57.90308,0
448204,519,-59.16795,0
448214,529,-57.76254,0
448224,533,-57.20037,0
448234,524,-58.46524,0
448244,526,-58.18417,0
448254,524,-58.46524,0
448264,526,-58.18417,0
448274,531,-57.48146,0
448284,525,-58.3247,0
448294,524,-58.46524,0
448304,533,-57.20037,0
448314,529,-57.76254,0
448324,523,-58.60579,0
448334,527,-58.04362,0
448344,537,-56.63821,0
448354,525,-58.3247,0
448364,527,-58.04362,0
448374,530,-57.622,0
448384,528,-57.90308,0
448394,532,-57.34091,0
448404,527,-58.04362,0
448414,527,-58.04362,0
448424,523,-58.60579,0
448434,526,-58.18417,0
448444,524,-58.46524,0
448454,527,-58.04362,0
448464,526,-58.18417,0
448474,529,-57.76254,0
448484,535,-56.91929,0
448494,535,-56.91929,0
448504,523,-58.60579,0
448514,528,-57.90308,0
448524,531,-57.48146,0
448534,534,-57.05983,0
448544,527,-58.04362,0
448554,534,-57.05983,0
448564,523,-58.60579,0
448574,527,-58.04362,0
448584,527,-58.04362,0
448594,533,-57.20037,0
448604,527,-58.04362,0
448614,528,-57.90308,0
448624,533,-57.20037,0
448634,524,-58.46524,0
448644,539,-56.35712,0
448654,528,-57.90308,0
448664,538,-56.49767,0
448674,523,-58.60579,0
448684,523,-58.60579,0
448694,524,-58.46524,0
448704,520,-59.02741,0
448714,526,-58.18417,0
448724,530,-57.622,0
448734,537,-56.63821,0
448744,528,-57.90308,0
448754,530,-57.622,0
448764,533,-57.20037,0
448774,525,-58.3247,0
448784,528,-57.90308,0
448794,532,-57.34091,0
448804,533,-57.20037,0
448814,530,-57.622,0
448824,526,-58.18417,0
448834,523,-58.60579,0
448844,530,-57.622,0
448854,523,-58.60579,0
448864,527,-58.04362,0
448874,529,-57.76254,0
448884,535,-56.91929,0
448894,531,-57.48146,0
448904,538,-56.49767,0
448914,533,-57.20037,0
448924,536,-56.77875,0
448934,527,-58.04362,0
448944,529,-57.76254,0
448954,528,-57.90308,0
448964,517,-59.44904,0
448974,529,-57.76254,0
448984,527,-58.04362,0
448994,529,-57.76254,0
449004,528,-57.90308,0
449014,528,-57.90308,0
449024,530,-57.622,0
449034,532,-57.34091,0
449044,522,-58.74633,0
449054,536,-56.77875,0
449064,531,-57.48146,0
449074,530,-57.622,0
449084,528,-57.90308,0
449094,531,-57.48146,0
449104,528,-57.90308,0
449114,530,-57.622,0
449124,541,-56.07604,0
449134,532,-57.34091,0
449144,531,-57.48146,0
449154,525,-58.3247,0
449164,533,-57.20037,0
449174,529,-57.76254,0
449184,528,-57.90308,0
449194,525,-58.3247,0
449204,537,-56.63821,0
449214,529,-57.76254,0
449224,522,-58.74633,0
449234,526,-58.18417,0
449244,536,-56.77875,0
449254,534,-57.05983,0
449264,538,-56.49767,0
449274,536,-56.77875,0
449284,528,-57.90308,0
449294,534,-57.05983,0
449304,528,-57.90308,0
449314,529,-57.76254,0
449324,527,-58.04362,0
449334,528,-57.90308,0
449344,526,-58.18417,0
449354,522,-58.74633,0
449364,531,-57.48146,0
449374,533,-57.20037,0
449384,525,-58.3247,0
449394,534,-57.05983,0
449404,531,-57.48146,0
449414,529,-57.76254,0
449424,527,-58.04362,0
449434,526,-58.18417,0
449444,531,-57.48146,0
449454,538,-56.49767,0
449464,535,-56.91929,0
449474,527,-58.04362,0
449484,531,-57.48146,0
449494,525,-58.3247,0
449504,526,-58.18417,0
449514,533,-57.20037,0
449524,536,-56.77875,0
449534,528,-57.90308,0
449544,531,-57.48146,0
449554,525,-58.3247,0
449564,528,-57.90308,0
449574,527,-58.04362,0
449584,526,-58.18417,0
449594,522,-58.74633,0
449604,525,-58.3247,0
449614,521,-58.88687,0
449624,529,-57.76254,0
449634,522,-58.74633,0
449644,533,-57.20037,0
449654,525,-58.3247,0
449664,531,-57.48146,0
449674,524,-58.46524,0
449684,526,-58.18417,0
449694,530,-57.622,0
449704,535,-56.91929,0
449714,525,-58.3247,0
449724,528,-57.90308,0
449734,526,-58.18417,0
449744,529,-57.76254,0
449754,531,-57.48146,0
449764,531,-57.48146,0
449774,531,-57.48146,0
449784,534,-57.05983,0
449794,526,-58.18417,0
449804,525,-58.3247,0
449814,530,-57.622,0
449824,526,-58.18417,0
449834,531,-57.48146,0
449844,536,-56.77875,0
449854,531,-57.48146,0
449864,533,-57.20037,0
449874,531,-57.48146,0
449884,524,-58.46524,0
449894,531,-57.48146,0
449904,529,-57.76254,0
449914,530,-57.622,0
449924,519,-59.16795,0
449934,527,-58.04362,0
449944,534,-57.05983,0
449954,523,-58.60579,0
449964,528,-57.90308,0
449974,530,-57.622,0
449984,529,-57.76254,0
449994,529,-57.76254,0
450004,537,-56.63821,0
450014,537,-56.63821,0
450024,530,-57.622,0
450034,520,-59.02741,0
450044,525,-58.3247,0
450054,529,-57.76254,0
450064,525,-58.3247,0
450074,528,-57.90308,0
450084,528,-57.90308,0
450094,526,-58.18417,0
450104,524,-58.46524,0
450114,540,-56.21659,0
450124,529,-57.76254,0
450134,525,-58.3247,0
450144,529,-57.76254,0
450154,525,-58.3247,0
450164,530,-57.622,0
450174,527,-58.04362,0
450184,520,-59.02741,0
450194,528,-57.90308,0
450204,529,-57.76254,0
450214,533,-57.20037,0
450224,536,-56.77875,0
450234,534,-57.05983,0
450244,530,-57.622,0
450254,524,-58.46524,0
450264,533,-57.20037,0
450274,529,-57.76254,0
450284,532,-57.34091,0
450294,526,-58.18417,0
450304,517,-59.44904,0
450314,533,-57.20037,0
450324,533,-57.20037,0
450334,529,-57.76254,0
450344,532,-57.34091,0
450354,527,-58.04362,0
450364,527,-58.04362,0
450374,526,-58.18417,0
450384,529,-57.76254,0
450394,541,-56.07604,0
450404,528,-57.90308,0
450414,527,-58.04362,0
450424,526,-58.18417,0
450434,527,-58.04362,0
450444,526,-58.18417,0
450454,532,-57.34091,0
450464,531,-57.48146,0
450474,535,-56.91929,0
450484,541,-56.07604,0
450494,531,-57.48146,0
450504,529,-57.76254,0
450514,531,-57.48146,0
450524,528,-57.90308,0
450534,525,-58.3247,0
450544,527,-58.04362,0
450554,534,-57.05983,0
450564,533,-57.20037,0
450574,536,-56.77875,0
450584,530,-57.622,0
450594,530,-57.622,0
450604,536,-56.77875,0
450614,535,-56.91929,0
450624,531,-57.48146,0
450634,536,-56.77875,0
450644,531,-57.48146,0
450654,526,-58.18417,0
450664,532,-57.34091,0
450674,529,-57.76254,0
450684,527,-58.04362,0
450694,522,-58.74633,0
450704,524,-58.46524,0
450714,532,-57.34091,0
450724,527,-58.04362,0
450734,527,-58.04362,0
450744,528,-57.90308,0
450754,532,-57.34091,0
450764,526,-58.18417,0
450774,530,-57.622,0
450784,529,-57.76254,0
450794,529,-57.76254,0
450804,534,-57.05983,0
450814,525,-58.3247,0
450824,533,-57.20037,0
450834,530,-57.622,0
450844,530,-57.622,0
450854,535,-56.91929,0
450864,535,-56.91929,0
450874,528,-57.90308,0
450884,530,-57.622,0
450894,535,-56.91929,0
450904,527,-58.04362,0
450914,536,-56.77875,0
450924,531,-57.48146,0
450934,529,-57.76254,0
450944,527,-58.04362,0
450954,529,-57.76254,0
450964,532,-57.34091,0
450974,535,-56.91929,0
450984,541,-56.07604,0
450994,531,-57.48146,0
451004,526,-58.18417,0
451014,529,-57.76254,0
451024,531,-57.48146,0
451034,525,-58.3247,0
451044,527,-58.04362,0
451054,536,-56.77875,0
451064,524,-58.46524,0
451074,534,-57.05983,0
451084,532,-57.34091,0
451094,532,-57.34091,0
451104,537,-56.63821,0
451114,533,-57.20037,0
451124,533,-57.20037,0
451134,528,-57.90308,0
451144,534,-57.05983,0
451154,529,-57.76254,0
451164,528,-57.90308,0
451174,524,-58.46524,0
451184,530,-57.622,0
451194,537,-56.63821,0
451204,531,-57.48146,0
451214,531,-57.48146,0
451224,528,-57.90308,0
451234,526,-58.18417,0
451244,532,-57.34091,0
451254,532,-57.34091,0
451264,529,-57.76254,0
451274,526,-58.18417,0
451284,529,-57.76254,0
451294,532,-57.34091,0
451304,524,-58.46524,0
451314,527,-58.04362,0
451324,525,-58.3247,0
451334,529,-57.76254,0
451344,526,-58.18417,0
451354,528,-57.90308,0
451364,533,-57.20037,0
451374,527,-58.04362,0
451384,528,-57.90308,0
451394,525,-58.3247,0
451404,526,-58.18417,0
451414,535,-56.91929,0
451424,527,-58.04362,0
451434,531,-57.48146,0
451444,524,-58.46524,0
451454,535,-56.91929,0
451464,536,-56.77875,0
451474,529,-57.76254,0
451484,534,-57.05983,0
451494,528,-57.90308,0
451504,524,-58.46524,0
451514,531,-57.48146,0
451524,530,-57.622,0
451534,518,-59.30849,0
451544,521,-58.88687,0
451554,529,-57.76254,0
451564,533,-57.20037,0
451574,535,-56.91929,0
451584,525,-58.3247,0
451594,532,-57.34091,0
451604,528,-57.90308,0
451614,522,-58.74633,0
451624,527,-58.04362,0
451634,529,-57.76254,0
451644,529,-57.76254,0
451654,539,-56.35712,0
451664,525,-58.3247,0
451674,531,-57.48146,0
451684,532,-57.34091,0
451694,528,-57.90308,0
451704,540,-56.21659,0
451714,529,-57.76254,0
451724,533,-57.20037,0
451734,538,-56.49767,0
451744,526,-58.18417,0
451754,536,-56.77875,0
451764,534,-57.05983,0
451774,516,-59.58958,0
451784,527,-58.04362,0
451794,522,-58.74633,0
451804,535,-56.91929,0
451814,523,-58.60579,0
451824,532,-57.34091,0
451834,530,-57.622,0
451844,530,-57.622,0
451854,528,-57.90308,0
451864,525,-58.3247,0
451874,533,-57.20037,0
451884,525,-58.3247,0
451894,532,-57.34091,0
451904,541,-56.07604,0
451914,532,-57.34091,0
451924,526,-58.18417,0
451934,532,-57.34091,0
451944,533,-57.20037,0
451954,532,-57.34091,0
451964,536,-56.77875,0
451974,530,-57.622,0
451984,536,-56.77875,0
451994,536,-56.77875,0
452004,536,-56.77875,0
452014,528,-57.90308,0
452024,531,-57.48146,0
452034,535,-56.91929,0
452044,536,-56.77875,0
452054,533,-57.20037,0
452064,535,-56.91929,0
452074,530,-57.622,0
452084,528,-57.90308,0
452094,525,-58.3247,0
452104,524,-58.46524,0
452114,535,-56.91929,0
452124,526,-58.18417,0
452134,520,-59.02741,0
452144,527,-58.04362,0
452154,527,-58.04362,0
452164,533,-57.20037,0
452174,536,-56.77875,0
452184,526,-58.18417,0
452194,523,-58.60579,0
452204,529,-57.76254,0
452214,540,-56.21659,0
452224,530,-57.622,0
452234,526,-58.18417,0
452244,532,-57.34091,0
452254,530,-57.622,0
452264,527,-58.04362,0
452274,532,-57.34091,0
452284,532,-57.34091,0
452294,539,-56.35712,0
452304,527,-58.04362,0
452314,526,-58.18417,0
452324,535,-56.91929,0
452334,530,-57.622,0
452344,534,-57.05983,0
452354,523,-58.60579,0
452364,533,-57.20037,0
452374,523,-58.60579,0
452384,527,-58.04362,0
452394,532,-57.34091,0
452404,534,-57.05983,0
452414,531,-57.48146,0
452424,528,-57.90308,0
452434,532,-57.34091,0
452444,526,-58.18417,0
452454,532,-57.34091,0
452464,524,-58.46524,0
452474,528,-57.90308,0
452484,523,-58.60579,0
452494,532,-57.34091,0
452504,528,-57.90308,0
452514,526,-58.18417,0
452524,528,-57.90308,0
452534,536,-56.77875,0
452544,535,-56.91929,0
452554,532,-57.34091,0
452564,530,-57.622,0
452574,531,-57.48146,0
452584,529,-57.76254,0
452594,530,-57.622,0
452604,527,-58.04362,0
452614,531,-57.48146,0
452624,531,-57.48146,0
452634,526,-58.18417,0
452644,526,-58.18417,0
452654,532,-57.34091,0
452664,532,-57.34091,0
452674,530,-57.622,0
452684,525,-58.3247,0
452694,529,-57.76254,0
452704,530,-57.622,0
452714,528,-57.90308,0
452724,534,-57.05983,0
452734,533,-57.20037,0
452744,540,-56.21659,0
452754,531,-57.48146,0
452764,528,-57.90308,0
452774,534,-57.05983,0
452784,526,-58.18417,0
452794,521,-58.88687,0
452804,532,-57.34091,0
452814,527,-58.04362,0
452824,526,-58.18417,0
452834,528,-57.90308,0
452844,529,-57.76254,0
452854,527,-58.04362,0
452864,522,-58.74633,0
452874,527,-58.04362,0
452884,533,-57.20037,0
452894,536,-56.77875,0
452904,529,-57.76254,0
452914,533,-57.20037,0
452924,528,-57.90308,0
452934,529,-57.76254,0
452944,523,-58.60579,0
452954,529,-57.76254,0
452964,535,-56.91929,0
452974,533,-57.20037,0
452984,531,-57.48146,0
452994,536,-56.77875,0
453004,536,-56.77875,0
453014,529,-57.76254,0
453024,539,-56.35712,0
453034,534,-57.05983,0
453044,532,-57.34091,0
453054,529,-57.76254,0
453064,535,-56.91929,0
453074,532,-57.34091,0
453084,528,-57.90308,0
453094,528,-57.90308,0
453104,534,-57.05983,0
453114,536,-56.77875,0
453124,531,-57.48146,0
453134,536,-56.77875,0
453144,537,-56.63821,0
453154,532,-57.34091,0
453164,530,-57.622,0
453174,530,-57.622,0
453184,536,-56.77875,0
453194,526,-58.18417,0
453204,525,-58.3247,0
453214,523,-58.60579,0
453224,535,-56.91929,0
453234,531,-57.48146,0
453244,515,-59.73012,0
453254,533,-57.20037,0
453264,524,-58.46524,0
453274,526,-58.18417,0
453284,534,-57.05983,0
453294,533,-57.20037,0
453304,535,-56.91929,0
453314,531,-57.48146,0
453324,537,-56.63821,0
453334,531,-57.48146,0
453344,532,-57.34091,0
453354,532,-57.34091,0
453364,524,-58.46524,0
453374,528,-57.90308,0
453384,527,-58.04362,0
453394,530,-57.622,0
453404,537,-56.63821,0
453414,536,-56.77875,0
453424,531,-57.48146,0
453434,535,-56.91929,0
453444,530,-57.622,0
453454,520,-59.02741,0
453464,532,-57.34091,0
453474,527,-58.04362,0
453484,520,-59.02741,0
453494,531,-57.48146,0
453504,531,-57.48146,0
453514,538,-56.49767,0
453524,522,-58.74633,0
453534,526,-58.18417,0
453544,532,-57.34091,0
453554,533,-57.20037,0
453564,530,-57.622,0
453574,531,-57.48146,0
453584,530,-57.622,0
453594,538,-56.49767,0
453604,532,-57.34091,0
453614,535,-56.91929,0
453624,528,-57.90308,0
453634,533,-57.20037,0
453644,530,-57.622,0
453654,526,-58.18417,0
453664,528,-57.90308,0
453674,530,-57.622,0
453684,535,-56.91929,0
453694,526,-58.18417,0
453704,526,-58.18417,0
453714,527,-58.04362,0
453724,529,-57.76254,0
453734,533,-57.20037,0
453744,525,-58.3247,0
453754,531,-57.48146,0
453764,527,-58.04362,0
453774,535,-56.91929,0
453784,533,-57.20037,0
453794,528,-57.90308,0
453804,535,-56.91929,0
453814,526,-58.18417,0
453824,527,-58.04362,0
453834,530,-57.622,0
453844,535,-56.91929,0
453854,525,-58.3247,0
453864,530,-57.622,0
453874,527,-58.04362,0
453884,532,-57.34091,0
453894,533,-57.20037,0
453904,530,-57.622,0
453914,534,-57.05983,0
453924,523,-58.60579,0
453934,533,-57.20037,0
453944,534,-57.05983,0
453954,529,-57.76254,0
453964,524,-58.46524,0
453974,523,-58.60579,0
453984,535,-56.91929,0
453994,535,-56.91929,0
454004,535,-56.91929,0
454014,536,-56.77875,0
454024,528,-57.90308,0
454034,530,-57.622,0
454044,533,-57.20037,0
454054,529,-57.76254,0
454064,527,-58.04362,0
454074,527,-58.04362,0
454084,522,-58.74633,0
454094,525,-58.3247,0
454104,524,-58.46524,0
454114,528,-57.90308,0
454124,530,-57.622,0
454134,536,-56.77875,0
454144,523,-58.60579,0
454154,524,-58.46524,0
454164,531,-57.48146,0
454174,529,-57.76254,0
454184,538,-56.49767,0
454194,529,-57.76254,0
454204,526,-58.18417,0
454214,532,-57.34091,0
454224,529,-57.76254,0
454234,525,-58.3247,0
454244,531,-57.48146,0
454254,531,-57.48146,0
454264,535,-56.91929,0
454274,532,-57.34091,0
454284,531,-57.48146,0
454294,526,-58.18417,0
454304,530,-57.622,0
454314,530,-57.622,0
454324,530,-57.622,0
454334,532,-57.34091,0
454344,531,-57.48146,0
454354,527,-58.04362,0
454364,530,-57.622,0
454374,527,-58.04362,0
454384,528,-57.90308,0
454394,530,-57.622,0
454404,526,-58.18417,0
454414,526,-58.18417,0
454424,523,-58.60579,0
454434,525,-58.3247,0
454444,520,-59.02741,0
454454,535,-56.91929,0
454464,521,-58.88687,0
454474,528,-57.90308,0
454484,533,-57.20037,0
454494,523,-58.60579,0
454504,535,-56.91929,0
454514,527,-58.04362,0
454524,519,-59.16795,0
454534,532,-57.34091,0
454544,530,-57.622,0
454554,531,-57.48146,0
454564,530,-57.622,0
454574,528,-57.90308,0
454584,530,-57.622,0
454594,531,-57.48146,0
454604,527,-58.04362,0
454614,535,-56.91929,0
454624,530,-57.622,0
454634,529,-57.76254,0
454644,523,-58.60579,0
454654,529,-57.76254,0
454664,524,-58.46524,0
454674,529,-57.76254,0
454684,520,-59.02741,0
454694,536,-56.77875,0
454704,532,-57.34091,0
454714,531,-57.48146,0
454724,534,-57.05983,0
454734,523,-58.60579,0
454744,528,-57.90308,0
454754,531,-57.48146,0
454764,532,-57.34091,0
454774,519,-59.16795,0
454784,538,-56.49767,0
454794,536,-56.77875,0
454804,527,-58.04362,0
454814,528,-57.90308,0
454824,528,-57.90308,0
454834,525,-58.3247,0
454844,525,-58.3247,0
454854,536,-56.77875,0
454864,530,-57.622,0
454874,529,-57.76254,0
454884,527,-58.04362,0
454894,526,-58.18417,0
454904,533,-57.20037,0
454914,528,-57.90308,0
454924,527,-58.04362,0
454934,533,-57.20037,0
454944,525,-58.3247,0
454954,532,-57.34091,0
454964,533,-57.20037,0
454974,528,-57.90308,0
454984,537,-56.63821,0
454994,537,-56.63821,0
455004,525,-58.3247,0
455014,537,-56.63821,0
455024,532,-57.34091,0
455034,528,-57.90308,0
455044,533,-57.20037,0
455054,537,-56.63821,0
455064,531,-57.48146,0
455074,515,-59.73012,0
455084,536,-56.77875,0
455094,528,-57.90308,0
455104,526,-58.18417,0
455114,535,-56.91929,0
455124,532,-57.34091,0
455134,525,-58.3247,0
455144,529,-57.76254,0
455154,535,-56.91929,0
455164,524,-58.46524,0
455174,526,-58.18417,0
455184,537,-56.63821,0
455194,527,-58.04362,0
455204,521,-58.88687,0
455214,535,-56.91929,0
455224,530,-57.622,0
455234,531,-57.48146,0
455244,535,-56.91929,0
455254,524,-58.46524,0
455264,541,-56.07604,0
455274,526,-58.18417,0
455284,526,-58.18417,0
455294,531,-57.48146,0
455304,527,-58.04362,0
455314,533,-57.20037,0
455324,534,-57.05983,0
455334,532,-57.34091,0
455344,534,-57.05983,0
455354,530,-57.622,0
455364,525,-58.3247,0
455374,529,-57.76254,0
455384,532,-57.34091,0
455394,528,-57.90308,0
455404,535,-56.91929,0
455414,523,-58.60579,0
455424,523,-58.60579,0
455434,525,-58.3247,0
455444,529,-57.76254,0
455454,526,-58.18417,0
455464,528,-57.90308,0
455474,528,-57.90308,0
455484,533,-57.20037,0
455494,535,-56.91929,0
455504,534,-57.05983,0
455514,537,-56.63821,0
455524,531,-57.48146,0
455534,528,-57.90308,0
455544,524,-58.46524,0
455554,525,-58.3247,0
455564,536,-56.77875,0
455574,536,-56.77875,0
455584,530,-57.622,0
455594,538,-56.49767,0
455604,531,-57.48146,0
455614,533,-57.20037,0
455624,532,-57.34091,0
455634,534,-57.05983,0
455644,527,-58.04362,0
455654,528,-57.90308,0
455664,528,-57.90308,0
455674,532,-57.34091,0
455684,533,-57.20037,0
455694,536,-56.77875,0
455704,537,-56.63821,0
455714,531,-57.48146,0
455724,533,-57.20037,0
455734,531,-57.48146,0
455744,535,-56.91929,0
455754,523,-58.60579,0
455764,536,-56.77875,0
455774,532,-57.34091,0
455784,531,-57.48146,0
455794,524,-58.46524,0
455804,516,-59.58958,0
455814,531,-57.48146,0
455824,530,-57.622,0
455834,536,-56.77875,0
455844,540,-56.21659,0
455854,531,-57.48146,0
455864,535,-56.91929,0
455874,532,-57.34091,0
455884,532,-57.34091,0
455894,531,-57.48146,0
455904,519,-59.16795,0
455914,530,-57.622,0
455924,531,-57.48146,0
455934,533,-57.20037,0
455944,528,-57.90308,0
455954,536,-56.77875,0
455964,529,-57.76254,0
455974,533,-57.20037,0
455984,530,-57.622,0
455994,527,-58.04362,0
456004,525,-58.3247,0
456014,533,-57.20037,0
456024,527,-58.04362,0
456034,528,-57.90308,0
456044,526,-58.18417,0
456054,524,-58.46524,0
456064,529,-57.76254,0
456074,528,-57.90308,0
456084,529,-57.76254,0
456094,527,-58.04362,0
456104,527,-58.04362,0
456114,528,-57.90308,0
456124,527,-58.04362,0
456134,525,-58.3247,0
456144,526,-58.18417,0
456154,528,-57.90308,0
456164,527,-58.04362,0
456174,525,-58.3247,0
456184,530,-57.622,0
456194,527,-58.04362,0
456204,528,-57.90308,0
456214,527,-58.04362,0
456224,529,-57.76254,0
456234,529,-57.76254,0
456244,528,-57.90308,0
456254,530,-57.622,0
456264,524,-58.46524,0
456274,530,-57.622,0
456284,531,-57.48146,0
456294,525,-58.3247,0
456304,526,-58.18417,0
456314,531,-57.48146,0
456324,530,-57.622,0
456334,529,-57.76254,0
456344,525,-58.3247,0
456354,516,-59.58958,0
456364,528,-57.90308,0
456374,526,-58.18417,0
456384,527,-58.04362,0
456394,530,-57.622,0
456404,529,-57.76254,0
456414,530,-57.622,0
456424,523,-58.60579,0
456434,528,-57.90308,0
456444,527,-58.04362,0
456454,532,-57.34091,0
456464,524,-58.46524,0
456474,521,-58.88687,0
456484,526,-58.18417,0
456494,530,-57.622,0
456504,531,-57.48146,0
456514,533,-57.20037,0
456524,527,-58.04362,0
456534,526,-58.18417,0
456544,526,-58.18417,0
456554,537,-56.63821,0
456564,529,-57.76254,0
456574,524,-58.46524,0
456584,532,-57.34091,0
456594,537,-56.63821,0
456604,521,-58.88687,0
456614,534,-57.05983,0
456624,531,-57.48146,0
456634,531,-57.48146,0
456644,528,-57.90308,0
456654,536,-56.77875,0
456664,527,-58.04362,0
456674,529,-57.76254,0
456684,536,-56.77875,0
456694,531,-57.48146,0
456704,537,-56.63821,0
456714,525,-58.3247,0
456724,538,-56.49767,0
456734,535,-56.91929,0
456744,531,-57.48146,0
456754,530,-57.622,0
456764,528,-57.90308,0
456774,532,-57.34091,0
456784,528,-57.90308,0
456794,534,-57.05983,0
456804,534,-57.05983,0
456814,528,-57.90308,0
456824,532,-57.34091,0
456834,527,-58.04362,0
456844,533,-57.20037,0
456854,527,-58.04362,0
456864,526,-58.18417,0
456874,527,-58.04362,0
456884,532,-57.34091,0
456894,530,-57.622,0
456904,526,-58.18417,0
456914,527,-58.04362,0
456924,527,-58.04362,0
456934,533,-57.20037,0
456944,526,-58.18417,0
456954,527,-58.04362,0
456964,530,-57.622,0
456974,536,-56.77875,0
456984,532,-57.34091,0
456994,519,-59.16795,0
457004,531,-57.48146,0
457014,529,-57.76254,0
457024,535,-56.91929,0
457034,533,-57.20037,0
457044,536,-56.77875,0
457054,526,-58.18417,0
457064,534,-57.05983,0
457074,527,-58.04362,0
457084,524,-58.46524,0
457094,528,-57.90308,0
457104,530,-57.622,0
457114,528,-57.90308,0
457124,526,-58.18417,0
457134,533,-57.20037,0
457144,534,-57.05983,0
457154,531,-57.48146,0
457164,533,-57.20037,0
457174,531,-57.48146,0
457184,534,-57.05983,0
457194,532,-57.34091,0
457204,527,-58.04362,0
457214,532,-57.34091,0
457224,535,-56.91929,0
457234,532,-57.34091,0
457244,526,-58.18417,0
457254,527,-58.04362,0
457264,526,-58.18417,0
457274,528,-57.90308,0
457284,524,-58.46524,0
457294,530,-57.622,0
457304,530,-57.622,0
457314,530,-57.622,0
457324,525,-58.3247,0
457334,531,-57.48146,0
457344,534,-57.05983,0
457354,530,-57.622,0
457364,530,-57.622,0
457374,525,-58.3247,0
457384,522,-58.74633,0
457394,530,-57.622,0
457404,528,-57.90308,0
457414,526,-58.18417,0
457424,528,-57.90308,0
457434,527,-58.04362,0
457444,529,-57.76254,0
457454,531,-57.48146,0
457464,533,-57.20037,0
457474,535,-56.91929,0
457484,528,-57.90308,0
457494,526,-58.18417,0
457504,530,-57.622,0
457514,534,-57.05983,0
457524,531,-57.48146,0
457534,537,-56.63821,0
457544,535,-56.91929,0
457554,530,-57.622,0
457564,529,-57.76254,0
457574,537,-56.63821,0
457584,533,-57.20037,0
457594,523,-58.60579,0
457604,533,-57.20037,0
457614,532,-57.34091,0
457624,528,-57.90308,0
457634,532,-57.34091,0
457644,529,-57.76254,0
457654,522,-58.74633,0
457664,523,-58.60579,0
457674,532,-57.34091,0
457684,535,-56.91929,0
457694,532,-57.34091,0
457704,534,-57.05983,0
457714,532,-57.34091,0
457724,531,-57.48146,0
457734,527,-58.04362,0
457744,535,-56.91929,0
457754,536,-56.77875,0
457764,527,-58.04362,0
457774,527,-58.04362,0
457784,528,-57.90308,0
457794,533,-57.20037,0
457804,530,-57.622,0
457814,531,-57.48146,0
457824,524,-58.46524,0
457834,540,-56.21659,0
457844,530,-57.622,0
457854,524,-58.46524,0
457864,535,-56.91929,0
457874,522,-58.74633,0
457884,534,-57.05983,0
457894,532,-57.34091,0
457904,524,-58.46524,0
457914,535,-56.91929,0
457924,525,-58.3247,0
457934,532,-57.34091,0
457944,525,-58.3247,0
457954,532,-57.34091,0
457964,536,-56.77875,0
457974,520,-59.02741,0
457984,529,-57.76254,0
457994,529,-57.76254,0
458004,526,-58.18417,0
458014,529,-57.76254,0
458024,537,-56.63821,0
458034,529,-57.76254,0
458044,524,-58.46524,0
458054,538,-56.49767,0
458064,532,-57.34091,0
458074,528,-57.90308,0
458084,524,-58.46524,0
458094,528,-57.90308,0
458104,525,-58.3247,0
458114,531,-57.48146,0
458124,531,-57.48146,0
458134,544,-55.65442,0
458144,539,-56.35712,0
458154,524,-58.46524,0
458164,536,-56.77875,0
458174,529,-57.76254,0
458184,533,-57.20037,0
458194,530,-57.622,0
458204,525,-58.3247,0
458214,533,-57.20037,0
458224,526,-58.18417,0
458234,537,-56.63821,0
458244,526,-58.18417,0
458254,533,-57.20037,0
458264,528,-57.90308,0
458274,528,-57.90308,0
458284,528,-57.90308,0
458294,529,-57.76254,0
458304,532,-57.34091,0
458314,530,-57.622,0
458324,535,-56.91929,0
458334,532,-57.34091,0
458344,517,-59.44904,0
458354,528,-57.90308,0
458364,523,-58.60579,0
458374,528,-57.90308,0
458384,531,-57.48146,0
458394,526,-58.18417,0
458404,530,-57.622,0
458414,527,-58.04362,0
458424,528,-57.90308,0
458434,525,-58.3247,0
458444,528,-57.90308,0
458454,527,-58.04362,0
458464,526,-58.18417,0
458474,529,-57.76254,0
458484,536,-56.77875,0
458494,529,-57.76254,0
458504,529,-57.76254,0
458514,535,-56.91929,0
458524,527,-58.04362,0
458534,533,-57.20037,0
458544,532,-57.34091,0
458554,530,-57.622,0
458564,534,-57.05983,0
458574,526,-58.18417,0
458584,539,-56.35712,0
458594,531,-57.48146,0
458604,531,-57.48146,0
458614,531,-57.48146,0
458624,523,-58.60579,0
458634,526,-58.18417,0
458644,530,-57.622,0
458654,528,-57.90308,0
458664,519,-59.16795,0
458674,528,-57.90308,0
458684,532,-57.34091,0
458694,525,-58.3247,0
458704,528,-57.90308,0
458714,529,-57.76254,0
458724,521,-58.88687,0
458734,527,-58.04362,0
458744,528,-57.90308,0
458754,534,-57.05983,0
458764,527,-58.04362,0
458774,535,-56.91929,0
458784,531,-57.48146,0
458794,534,-57.05983,0
458804,531,-57.48146,0
458814,521,-58.88687,0
458824,531,-57.48146,0
458834,531,-57.48146,0
458844,532,-57.34091,0
458854,520,-59.02741,0
458864,531,-57.48146,0
458874,531,-57.48146,0
458884,533,-57.20037,0
458894,534,-57.05983,0
458904,536,-56.77875,0
458914,533,-57.20037,0
458924,526,-58.18417,0
458934,535,-56.91929,0
458944,529,-57.76254,0
458954,525,-58.3247,0
458964,537,-56.63821,0
458974,529,-57.76254,0
458984,531,-57.48146,0
458994,531,-57.48146,0
459004,531,-57.48146,0
459014,531,-57.48146,0
459024,531,-57.48146,0
459034,536,-56.77875,0
459044,531,-57.48146,0
459054,530,-57.622,0
459064,528,-57.90308,0
459074,532,-57.34091,0
459084,528,-57.90308,0
459094,530,-57.622,0
459104,533,-57.20037,0
459114,534,-57.05983,0
459124,532,-57.34091,0
459134,533,-57.20037,0
459144,531,-57.48146,0
459154,531,-57.48146,0
459164,529,-57.76254,0
459174,531,-57.48146,0
459184,537,-56.63821,0
459194,530,-57.622,0
459204,522,-58.74633,0
459214,526,-58.18417,0
459224,528,-57.90308,0
459234,530,-57.622,0
459244,534,-57.05983,0
459254,534,-57.05983,0
459264,530,-57.622,0
459274,537,-56.63821,0
459284,524,-58.46524,0
459294,529,-57.76254,0
459304,531,-57.48146,0
459314,532,-57.34091,0
459324,521,-58.88687,0
459334,536,-56.77875,0
459344,521,-58.88687,0
459354,530,-57.622,0
459364,534,-57.05983,0
459374,531,-57.48146,0
459384,537,-56.63821,0
459394,525,-58.3247,0
459404,534,-57.05983,0
459414,530,-57.622,0
459424,527,-58.04362,0
459434,531,-57.48146,0
459444,518,-59.30849,0
459454,533,-57.20037,0
459464,535,-56.91929,0
459474,534,-57.05983,0
459484,531,-57.48146,0
459494,537,-56.63821,0
459504,531,-57.48146,0
459514,534,-57.05983,0
459524,530,-57.622,0
459534,530,-57.622,0
459544,529,-57.76254,0
459554,525,-58.3247,0
459564,532,-57.34091,0
459574,534,-57.05983,0
459584,533,-57.20037,0
459594,534,-57.05983,0
459604,531,-57.48146,0
459614,529,-57.76254,0
459624,533,-57.20037,0
459634,535,-56.91929,0
459644,528,-57.90308,0
459654,528,-57.90308,0
459664,534,-57.05983,0
459674,534,-57.05983,0
459684,534,-57.05983,0
459694,528,-57.90308,0
459704,531,-57.48146,0
459714,538,-56.49767,0
459724,536,-56.77875,0
459734,530,-57.622,0
459744,526,-58.18417,0
459754,528,-57.90308,0
459764,530,-57.622,0
459774,529,-57.76254,0
459784,528,-57.90308,0
459794,532,-57.34091,0
459804,533,-57.20037,0
459814,534,-57.05983,0
459824,534,-57.05983,0
459834,535,-56.91929,0
459844,534,-57.05983,0
459854,526,-58.18417,0
459864,534,-57.05983,0
459874,526,-58.18417,0
459884,526,-58.18417,0
459894,531,-57.48146,0
459904,538,-56.49767,0
459914,532,-57.34091,0
459924,536,-56.77875,0
459934,535,-56.91929,0
459944,532,-57.34091,0
459954,529,-57.76254,0
459964,533,-57.20037,0
459974,525,-58.3247,0
459984,527,-58.04362,0
459994,528,-57.90308,0
460004,531,-57.48146,0
460014,525,-58.3247,0
460024,535,-56.91929,0
460034,535,-56.91929,0
460044,533,-57.20037,0
460054,534,-57.05983,0
460064,533,-57.20037,0
460074,532,-57.34091,0
460084,532,-57.34091,0
460094,532,-57.34091,0
460104,527,-58.04362,0
460114,532,-57.34091,0
460124,531,-57.48146,0
460134,537,-56.63821,0
460144,529,-57.76254,0
460154,530,-57.622,0
460164,534,-57.05983,0
460174,535,-56.91929,0
460184,535,-56.91929,0
460194,526,-58.18417,0
460204,524,-58.46524,0
460214,528,-57.90308,0
460224,530,-57.622,0
460234,527,-58.04362,0
460244,534,-57.05983,0
460254,532,-57.34091,0
460264,533,-57.20037,0
460274,531,-57.48146,0
460284,530,-57.622,0
460294,527,-58.04362,0
460304,527,-58.04362,0
460314,531,-57.48146,0
460324,539,-56.35712,0
460334,532,-57.34091,0
460344,533,-57.20037,0
460354,532,-57.34091,0
460364,538,-56.49767,0
460374,537,-56.63821,0
460384,536,-56.77875,0
460394,525,-58.3247,0
460404,536,-56.77875,0
460414,532,-57.34091,0
460424,525,-58.3247,0
460434,537,-56.63821,0
460444,526,-58.18417,0
460454,532,-57.34091,0
460464,527,-58.04362,0
460474,530,-57.622,0
460484,535,-56.91929,0
460494,525,-58.3247,0
460504,528,-57.90308,0
460514,528,-57.90308,0
460524,526,-58.18417,0
460534,527,-58.04362,0
460544,533,-57.20037,0
460554,539,-56.35712,0
460564,535,-56.91929,0
460574,528,-57.90308,0
460584,536,-56.77875,0
460594,529,-57.76254,0
460604,531,-57.48146,0
460614,533,-57.20037,0
460624,529,-57.76254,0
460634,522,-58.74633,0
460644,537,-56.63821,0
460654,531,-57.48146,0
460664,532,-57.34091,0
460674,530,-57.622,0
460684,538,-56.49767,0
460694,534,-57.05983,0
460704,527,-58.04362,0
460714,526,-58.18417,0
460724,533,-57.20037,0
460734,534,-57.05983,0
460744,524,-58.46524,0
460754,530,-57.622,0
460764,531,-57.48146,0
460774,530,-57.622,0
460784,527,-58.04362,0
460794,526,-58.18417,0
460804,527,-58.04362,0
460814,535,-56.91929,0
460824,532,-57.34091,0
460834,527,-58.04362,0
460844,527,-58.04362,0
460854,532,-57.34091,0
460864,532,-57.34091,0
460874,533,-57.20037,0
460884,535,-56.91929,0
460894,530,-57.622,0
460904,538,-56.49767,0
460914,535,-56.91929,0
460924,527,-58.04362,0
460934,535,-56.91929,0
460944,537,-56.63821,0
460954,537,-56.63821,0
460964,536,-56.77875,0
460974,530,-57.622,0
460984,521,-58.88687,0
460994,526,-58.18417,0
461004,525,-58.3247,0
461014,526,-58.18417,0
461024,534,-57.05983,0
461034,534,-57.05983,0
461044,531,-57.48146,0
461054,524,-58.46524,0
461064,542,-55.9355,0
461074,531,-57.48146,0
461084,533,-57.20037,0
461094,534,-57.05983,0
461104,535,-56.91929,0
461114,527,-58.04362,0
461124,525,-58.3247,0
461134,530,-57.622,0
461144,521,-58.88687,0
461154,523,-58.60579,0
461164,534,-57.05983,0
461174,529,-57.76254,0
461184,539,-56.35712,0
461194,529,-57.76254,0
461204,532,-57.34091,0
461214,531,-57.48146,0
461224,525,-58.3247,0
461234,530,-57.622,0
461244,528,-57.90308,0
461254,528,-57.90308,0
461264,540,-56.21659,0
461274,526,-58.18417,0
461284,533,-57.20037,0
461294,522,-58.74633,0
461304,532,-57.34091,0
461314,538,-56.49767,0
461324,533,-57.20037,0
461334,530,-57.622,0
461344,523,-58.60579,0
461354,542,-55.9355,0
461364,530,-57.622,0
461374,537,-56.63821,0
461384,528,-57.90308,0
461394,528,-57.90308,0
461404,538,-56.49767,0
461414,533,-57.20037,0
461424,531,-57.48146,0
461434,534,-57.05983,0
461444,530,-57.622,0
461454,530,-57.622,0
461464,531,-57.48146,0
461474,530,-57.622,0
461484,531,-57.48146,0
461494,526,-58.18417,0
461504,531,-57.48146,0
461514,524,-58.46524,0
461524,523,-58.60579,0
461534,526,-58.18417,0
461544,528,-57.90308,0
461554,532,-57.34091,0
461564,531,-57.48146,0
461574,528,-57.90308,0
461584,524,-58.46524,0
461594,532,-57.34091,0
461604,533,-57.20037,0
461614,530,-57.622,0
461624,528,-57.90308,0
461634,531,-57.48146,0
461644,533,-57.20037,0
461654,538,-56.49767,0
461664,530,-57.622,0
461674,539,-56.35712,0
461684,527,-58.04362,0
461694,531,-57.48146,0
461704,530,-57.622,0
461714,531,-57.48146,0
461724,522,-58.74633,0
461734,537,-56.63821,0
461744,528,-57.90308,0
461754,532,-57.34091,0
461764,529,-57.76254,0
461774,524,-58.46524,0
461784,526,-58.18417,0
461794,527,-58.04362,0
461804,538,-56.49767,0
461814,533,-57.20037,0
461824,527,-58.04362,0
461834,530,-57.622,0
461844,530,-57.622,0
461854,533,-57.20037,0
461864,538,-56.49767,0
461874,523,-58.60579,0
461884,536,-56.77875,0
461894,527,-58.04362,0
461904,534,-57.05983,0
461914,536,-56.77875,0
461924,535,-56.91929,0
461934,531,-57.48146,0
461944,535,-56.91929,0
461954,533,-57.20037,0
461964,527,-58.04362,0
461974,532,-57.34091,0
461984,532,-57.34091,0
461994,529,-57.76254,0
462004,526,-58.18417,0
462014,527,-58.04362,0
462024,524,-58.46524,0
462034,529,-57.76254,0
462044,533,-57.20037,0
462054,527,-58.04362,0
462064,527,-58.04362,0
462074,527,-58.04362,0
462084,526,-58.18417,0
462094,532,-57.34091,0
462104,532,-57.34091,0
462114,529,-57.76254,0
462124,526,-58.18417,0
462134,532,-57.34091,0
462144,527,-58.04362,0
462154,527,-58.04362,0
462164,534,-57.05983,0
462174,532,-57.34091,0
462184,524,-58.46524,0
462194,527,-58.04362,0
462204,528,-57.90308,0
462214,524,-58.46524,0
462224,532,-57.34091,0
462234,523,-58.60579,0
462244,530,-57.622,0
462254,529,-57.76254,0
462264,535,-56.91929,0
462274,524,-58.46524,0
462284,527,-58.04362,0
462294,530,-57.622,0
462304,525,-58.3247,0
462314,530,-57.622,0
462324,535,-56.91929,0
462334,535,-56.91929,0
462344,529,-57.76254,0
462354,531,-57.48146,0
462364,534,-57.05983,0
462374,534,-57.05983,0
462384,534,-57.05983,0
462394,537,-56.63821,0
462404,533,-57.20037,0
462414,526,-58.18417,0
462424,529,-57.76254,0
462434,529,-57.76254,0
462444,531,-57.48146,0
462454,529,-57.76254,0
462464,531,-57.48146,0
462474,525,-58.3247,0
462484,525,-58.3247,0
462494,534,-57.05983,0
462504,528,-57.90308,0
462514,534,-57.05983,0
462524,533,-57.20037,0
462534,529,-57.76254,0
462544,528,-57.90308,0
462554,535,-56.91929,0
462564,530,-57.622,0
462574,531,-57.48146,0
462584,538,-56.49767,0
462594,524,-58.46524,0
462604,537,-56.63821,0
462614,536,-56.77875,0
462624,534,-57.05983,0
462634,529,-57.76254,0
462644,529,-57.76254,0
462654,525,-58.3247,0
462664,529,-57.76254,0
462674,526,-58.18417,0
462684,535,-56.91929,0
462694,527,-58.04362,0
462704,533,-57.20037,0
462714,521,-58.88687,0
462724,526,-58.18417,0
462734,534,-57.05983,0
462744,529,-57.76254,0
462754,524,-58.46524,0
462764,538,-56.49767,0
462774,534,-57.05983,0
462784,531,-57.48146,0
462794,530,-57.622,0
462804,528,-57.90308,0
462814,533,-57.20037,0
462824,523,-58.60579,0
462834,523,-58.60579,0
462844,532,-57.34091,0
462854,532,-57.34091,0
462864,532,-57.34091,0
462874,536,-56.77875,0
462884,538,-56.49767,0
462894,530,-57.622,0
462904,536,-56.77875,0
462914,526,-58.18417,0
462924,535,-56.91929,0
462934,527,-58.04362,0
462944,527,-58.04362,0
462954,540,-56.21659,0
462964,530,-57.622,0
462974,532,-57.34091,0
462984,531,-57.48146,0
462994,534,-57.05983,0
463004,536,-56.77875,0
463014,528,-57.90308,0
463024,534,-57.05983,0
463034,535,-56.91929,0
463044,539,-56.35712,0
463054,535,-56.91929,0
463064,527,-58.04362,0
463074,531,-57.48146,0
463084,532,-57.34091,0
463094,530,-57.622,0
463104,539,-56.35712,0
463114,532,-57.34091,0
463124,524,-58.46524,0
463134,532,-57.34091,0
463144,525,-58.3247,0
463154,527,-58.04362,0
463164,535,-56.91929,0
463174,530,-57.622,0
463184,528,-57.90308,0
463194,532,-57.34091,0
463204,534,-57.05983,0
463214,532,-57.34091,0
463224,530,-57.622,0
463234,533,-57.20037,0
463244,529,-57.76254,0
463254,526,-58.18417,0
463264,531,-57.48146,0
463274,522,-58.74633,0
463284,534,-57.05983,0
463294,525,-58.3247,0
463304,532,-57.34091,0
463314,536,-56.77875,0
463324,531,-57.48146,0
463334,526,-58.18417,0
463344,532,-57.34091,0
463354,527,-58.04362,0
463364,529,-57.76254,0
463374,531,-57.48146,0
463384,531,-57.48146,0
463394,526,-58.18417,0
463404,527,-58.04362,0
463414,534,-57.05983,0
463424,535,-56.91929,0
463434,527,-58.04362,0
463444,530,-57.622,0
463454,533,-57.20037,0
463464,531,-57.48146,0
463474,526,-58.18417,0
463484,527,-58.04362,0
463494,536,-56.77875,0
463504,523,-58.60579,0
463514,533,-57.20037,0
463524,526,-58.18417,0
463534,532,-57.34091,0
463544,536,-56.77875,0
463554,541,-56.07604,0
463564,536,-56.77875,0
463574,525,-58.3247,0
463584,536,-56.77875,0
463594,529,-57.76254,0
463604,530,-57.622,0
463614,532,-57.34091,0
463624,533,-57.20037,0
463634,527,-58.04362,0
463644,528,-57.90308,0
463654,530,-57.622,0
463664,531,-57.48146,0
463674,533,-57.20037,0
463684,523,-58.60579,0
463694,527,-58.04362,0
463704,537,-56.63821,0
463714,537,-56.63821,0
463724,528,-57.90308,0
463734,527,-58.04362,0
463744,530,-57.622,0
463754,531,-57.48146,0
463764,531,-57.48146,0
463774,533,-57.20037,0
463784,527,-58.04362,0
463794,525,-58.3247,0
463804,525,-58.3247,0
463814,531,-57.48146,0
463824,531,-57.48146,0
463834,534,-57.05983,0
463844,529,-57.76254,0
463854,538,-56.49767,0
463864,529,-57.76254,0
463874,529,-57.76254,0
463884,532,-57.34091,0
463894,528,-57.90308,0
463904,527,-58.04362,0
463914,527,-58.04362,0
463924,540,-56.21659,0
463934,532,-57.34091,0
463944,528,-57.90308,0
463954,540,-56.21659,0
463964,532,-57.34091,0
463974,543,-55.79496,0
463984,535,-56.91929,0
463994,524,-58.46524,0
464004,529,-57.76254,0
464014,527,-58.04362,0
464024,527,-58.04362,0
464034,535,-56.91929,0
464044,523,-58.60579,0
464054,536,-56.77875,0
464064,530,-57.622,0
464074,531,-57.48146,0
464084,541,-56.07604,0
464094,535,-56.91929,0
464104,533,-57.20037,0
464114,526,-58.18417,0
464124,529,-57.76254,0
464134,530,-57.622,0
464144,529,-57.76254,0
464154,531,-57.48146,0
464164,529,-57.76254,0
464174,530,-57.622,0
464184,530,-57.622,0
464194,529,-57.76254,0
464204,531,-57.48146,0
464214,529,-57.76254,0
464224,530,-57.622,0
464234,527,-58.04362,0
464244,534,-57.05983,0
464254,531,-57.48146,0
464264,535,-56.91929,0
464274,534,-57.05983,0
464284,531,-57.48146,0
464294,524,-58.46524,0
464304,528,-57.90308,0
464314,527,-58.04362,0
464324,531,-57.48146,0
464334,527,-58.04362,0
464344,524,-58.46524,0
464354,536,-56.77875,0
464364,528,-57.90308,0
464374,525,-58.3247,0
464384,532,-57.34091,0
464394,529,-57.76254,0
464404,534,-57.05983,0
464414,526,-58.18417,0
464424,522,-58.74633,0
464434,529,-57.76254,0
464444,532,-57.34091,0
464454,526,-58.18417,0
464464,515,-59.73012,0
464474,532,-57.34091,0
464484,527,-58.04362,0
464494,526,-58.18417,0
464504,530,-57.622,0
464514,533,-57.20037,0
464524,527,-58.04362,0
464534,529,-57.76254,0
464544,530,-57.622,0
464554,535,-56.91929,0
464564,526,-58.18417,0
464574,534,-57.05983,0
464584,534,-57.05983,0
464594,528,-57.90308,0
464604,537,-56.63821,0
464614,533,-57.20037,0
464624,534,-57.05983,0
464634,528,-57.90308,0
464644,526,-58.18417,0
464654,532,-57.34091,0
464664,526,-58.18417,0
464674,530,-57.622,0
464684,527,-58.04362,0
464694,537,-56.63821,0
464704,526,-58.18417,0
464714,526,-58.18417,0
464724,534,-57.05983,0
464734,527,-58.04362,0
464744,533,-57.20037,0
464754,535,-56.91929,0
464764,530,-57.622,0
464774,530,-57.622,0
464784,537,-56.63821,0
464794,531,-57.48146,0
464804,524,-58.46524,0
464814,530,-57.622,0
464824,525,-58.3247,0
464834,531,-57.48146,0
464844,532,-57.34091,0
464854,534,-57.05983,0
464864,535,-56.91929,0
464874,532,-57.34091,0
464884,533,-57.20037,0
464894,536,-56.77875,0
464904,540,-56.21659,0
464914,525,-58.3247,0
464924,524,-58.46524,0
464934,527,-58.04362,0
464944,535,-56.91929,0
464954,531,-57.48146,0
464964,529,-57.76254,0
464974,535,-56.91929,0
464984,532,-57.34091,0
464994,521,-58.88687,0
465004,530,-57.622,0
465014,528,-57.90308,0
465024,529,-57.76254,0
465034,528,-57.90308,0
465044,532,-57.34091,0
465054,533,-57.20037,0
465064,533,-57.20037,0
465074,527,-58.04362,0
465084,531,-57.48146,0
465094,529,-57.76254,0
465104,539,-56.35712,0
465114,534,-57.05983,0
465124,530,-57.622,0
465134,536,-56.77875,0
465144,518,-59.30849,0
465154,533,-57.20037,0
465164,523,-58.60579,0
465174,529,-57.76254,0
465184,520,-59.02741,0
465194,522,-58.74633,0
465204,534,-57.05983,0
465214,527,-58.04362,0
465224,529,-57.76254,0
465234,533,-57.20037,0
465244,528,-57.90308,0
465254,529,-57.76254,0
465264,529,-57.76254,0
465274,528,-57.90308,0
465284,520,-59.02741,0
465294,526,-58.18417,0
465304,530,-57.622,0
465314,524,-58.46524,0
465324,528,-57.90308,0
465334,541,-56.07604,0
465344,528,-57.90308,0
465354,532,-57.34091,0
465364,537,-56.63821,0
465374,525,-58.3247,0
465384,529,-57.76254,0
465394,530,-57.622,0
465404,520,-59.02741,0
465414,529,-57.76254,0
465424,529,-57.76254,0
465434,532,-57.34091,0
465444,535,-56.91929,0
465454,538,-56.49767,0
465464,532,-57.34091,0
465474,523,-58.60579,0
465484,528,-57.90308,0
465494,539,-56.35712,0
465504,530,-57.622,0
465514,532,-57.34091,0
465524,523,-58.60579,0
465534,530,-57.622,0
465544,529,-57.76254,0
465554,534,-57.05983,0
465564,521,-58.88687,0
465574,528,-57.90308,0
465584,528,-57.90308,0
465594,528,-57.90308,0
465604,532,-57.34091,0
465614,518,-59.30849,0
465624,533,-57.20037,0
465634,525,-58.3247,0
465644,532,-57.34091,0
465654,534,-57.05983,0
465664,533,-57.20037,0
465674,535,-56.91929,0
465684,534,-57.05983,0
465694,529,-57.76254,0
465704,538,-56.49767,0
465714,529,-57.76254,0
465724,528,-57.90308,0
465734,528,-57.90308,0
465744,533,-57.20037,0
465754,529,-57.76254,0
465764,535,-56.91929,0
465774,530,-57.622,0
465784,530,-57.622,0
465794,533,-57.20037,0
465804,533,-57.20037,0
465814,526,-58.18417,0
465824,526,-58.18417,0
465834,528,-57.90308,0
465844,528,-57.90308,0
465854,530,-57.622,0
465864,530,-57.622,0
465874,531,-57.48146,0
465884,530,-57.622,0
465894,534,-57.05983,0
465904,533,-57.20037,0
465914,523,-58.60579,0
465924,536,-56.77875,0
465934,523,-58.60579,0
465944,534,-57.05983,0
465954,527,-58.04362,0
465964,533,-57.20037,0
465974,528,-57.90308,0
465984,528,-57.90308,0
465994,531,-57.48146,0
466004,527,-58.04362,0
466014,527,-58.04362,0
466024,533,-57.20037,0
466034,536,-56.77875,0
466044,531,-57.48146,0
466054,537,-56.63821,0
466064,532,-57.34091,0
466074,526,-58.18417,0
466084,537,-56.63821,0
466094,535,-56.91929,0
466104,527,-58.04362,0
466114,528,-57.90308,0
466124,530,-57.622,0
466134,528,-57.90308,0
466144,526,-58.18417,0
466154,534,-57.05983,0
466164,536,-56.77875,0
466174,537,-56.63821,0
466184,532,-57.34091,0
466194,535,-56.91929,0
466204,534,-57.05983,0
466214,530,-57.622,0
466224,533,-57.20037,0
466234,533,-57.20037,0
466244,527,-58.04362,0
466254,532,-57.34091,0
466264,527,-58.04362,0
466274,533,-57.20037,0
466284,536,-56.77875,0
466294,529,-57.76254,0
466304,528,-57.90308,0
466314,537,-56.63821,0
466324,524,-58.46524,0
466334,531,-57.48146,0
466344,534,-57.05983,0
466354,536,-56.77875,0
466364,525,-58.3247,0
466374,526,-58.18417,0
466384,527,-58.04362,0
466394,525,-58.3247,0
466404,531,-57.48146,0
466414,527,-58.04362,0
466424,531,-57.48146,0
466434,536,-56.77875,0
466444,533,-57.20037,0
466454,538,-56.49767,0
466464,526,-58.18417,0
466474,530,-57.622,0
466484,530,-57.622,0
466494,526,-58.18417,0
466504,527,-58.04362,0
466514,526,-58.18417,0
466524,524,-58.46524,0
466534,531,-57.48146,0
466544,525,-58.3247,0
466554,532,-57.34091,0
466564,532,-57.34091,0
466574,535,-56.91929,0
466584,537,-56.63821,0
466594,536,-56.77875,0
466604,527,-58.04362,0
466614,525,-58.3247,0
466624,529,-57.76254,0
466634,536,-56.77875,0
466644,535,-56.91929,0
466654,533,-57.20037,0
466664,527,-58.04362,0
466674,531,-57.48146,0
466684,536,-56.77875,0
466694,539,-56.35712,0
466704,530,-57.622,0
466714,525,-58.3247,0
466724,537,-56.63821,0
466734,524,-58.46524,0
466744,529,-57.76254,0
466754,519,-59.16795,0
466764,534,-57.05983,0
466774,530,-57.622,0
466784,526,-58.18417,0
466794,539,-56.35712,0
466804,529,-57.76254,0
466814,524,-58.46524,0
466824,529,-57.76254,0
466834,524,-58.46524,0
466844,532,-57.34091,0
466854,531,-57.48146,0
466864,530,-57.622,0
466874,535,-56.91929,0
466884,541,-56.07604,0
466894,523,-58.60579,0
466904,534,-57.05983,0
466914,536,-56.77875,0
466924,530,-57.622,0
466934,528,-57.90308,0
466944,532,-57.34091,0
466954,526,-58.18417,0
466964,528,-57.90308,0
466974,534,-57.05983,0
466984,529,-57.76254,0
466994,529,-57.76254,0
467004,529,-57.76254,0
467014,537,-56.63821,0
467024,532,-57.34091,0
467034,532,-57.34091,0
467044,532,-57.34091,0
467054,524,-58.46524,0
467064,531,-57.48146,0
467074,525,-58.3247,0
467084,534,-57.05983,0
467094,527,-58.04362,0
467104,539,-56.35712,0
467114,530,-57.622,0
467124,533,-57.20037,0
467134,537,-56.63821,0
467144,527,-58.04362,0
467154,524,-58.46524,0
467164,533,-57.20037,0
467174,528,-57.90308,0
467184,531,-57.48146,0
467194,535,-56.91929,0
467204,532,-57.34091,0
467214,528,-57.90308,0
467224,535,-56.91929,0
467234,535,-56.91929,0
467244,539,-56.35712,0
467254,531,-57.48146,0
467264,530,-57.622,0
467274,529,-57.76254,0
467284,532,-57.34091,0
467294,532,-57.34091,0
467304,535,-56.91929,0
467314,527,-58.04362,0
467324,527,-58.04362,0
467334,531,-57.48146,0
467344,534,-57.05983,0
467354,533,-57.20037,0
467364,529,-57.76254,0
467374,527,-58.04362,0
467384,531,-57.48146,0
467394,531,-57.48146,0
467404,534,-57.05983,0
467414,528,-57.90308,0
467424,529,-57.76254,0
467434,532,-57.34091,0
467444,531,-57.48146,0
467454,527,-58.04362,0
467464,523,-58.60579,0
467474,527,-58.04362,0
467484,531,-57.48146,0
467494,523,-58.60579,0
467504,531,-57.48146,0
467514,536,-56.77875,0
467524,527,-58.04362,0
467534,531,-57.48146,0
467544,533,-57.20037,0
467554,535,-56.91929,0
467564,531,-57.48146,0
467574,523,-58.60579,0
467584,533,-57.20037,0
467594,531,-57.48146,0
467604,535,-56.91929,0
467614,531,-57.48146,0
467624,525,-58.3247,0
467634,531,-57.48146,0
467644,527,-58.04362,0
467654,525,-58.3247,0
467664,530,-57.622,0
467674,538,-56.49767,0
467684,525,-58.3247,0
467694,522,-58.74633,0
467704,526,-58.18417,0
467714,531,-57.48146,0
467724,534,-57.05983,0
467734,531,-57.48146,0
467744,535,-56.91929,0
467754,528,-57.90308,0
467764,537,-56.63821,0
467774,525,-58.3247,0
467784,536,-56.77875,0
467794,528,-57.90308,0
467804,528,-57.90308,0
467814,527,-58.04362,0
467824,527,-58.04362,0
467834,531,-57.48146,0
467844,534,-57.05983,0
467854,530,-57.622,0
467864,528,-57.90308,0
467874,537,-56.63821,0
467884,535,-56.91929,0
467894,533,-57.20037,0
467904,534,-57.05983,0
467914,530,-57.622,0
467924,524,-58.46524,0
467934,521,-58.88687,0
467944,522,-58.74633,0
467954,536,-56.77875,0
467964,531,-57.48146,0
467974,532,-57.34091,0
467984,530,-57.622,0
467994,535,-56.91929,0
468004,531,-57.48146,0
468014,528,-57.90308,0
468024,538,-56.49767,0
468034,536,-56.77875,0
468044,532,-57.34091,0
468054,526,-58.18417,0
468064,526,-58.18417,0
468074,528,-57.90308,0
468084,531,-57.48146,0
468094,533,-57.20037,0
468104,536,-56.77875,0
468114,530,-57.622,0
468124,539,-56.35712,0
468134,531,-57.48146,0
468144,528,-57.90308,0
468154,531,-57.48146,0
468164,528,-57.90308,0
468174,534,-57.05983,0
468184,528,-57.90308,0
468194,537,-56.63821,0
468204,530,-57.622,0
468214,525,-58.3247,0
468224,527,-58.04362,0
468234,531,-57.48146,0
468244,537,-56.63821,0
468254,531,-57.48146,0
468264,530,-57.622,0
468274,528,-57.90308,0
468284,531,-57.48146,0
468294,532,-57.34091,0
468304,528,-57.90308,0
468314,531,-57.48146,0
468324,523,-58.60579,0
468334,535,-56.91929,0
468344,528,-57.90308,0
468354,540,-56.21659,0
468364,523,-58.60579,0
468374,529,-57.76254,0
468384,524,-58.46524,0
468394,521,-58.88687,0
468404,529,-57.76254,0
468414,529,-57.76254,0
468424,535,-56.91929,0
468434,528,-57.90308,0
468444,539,-56.35712,0
468454,533,-57.20037,0
468464,530,-57.622,0
468474,530,-57.622,0
468484,530,-57.622,0
468494,531,-57.48146,0
468504,525,-58.3247,0
468514,523,-58.60579,0
468524,530,-57.622,0
468534,529,-57.76254,0
468544,530,-57.622,0
468554,534,-57.05983,0
468564,532,-57.34091,0
468574,535,-56.91929,0
468584,537,-56.63821,0
468594,529,-57.76254,0
468604,538,-56.49767,0
468614,535,-56.91929,0
468624,525,-58.3247,0
468634,527,-58.04362,0
468644,528,-57.90308,0
468654,535,-56.91929,0
468664,529,-57.76254,0
468674,539,-56.35712,0
468684,531,-57.48146,0
468694,541,-56.07604,0
468704,532,-57.34091,0
468714,533,-57.20037,0
468724,535,-56.91929,0
468734,528,-57.90308,0
468744,529,-57.76254,0
468754,526,-58.18417,0
468764,536,-56.77875,0
468774,528,-57.90308,0
468784,534,-57.05983,0
468794,529,-57.76254,0
468804,529,-57.76254,0
468814,523,-58.60579,0
468824,529,-57.76254,0
468834,538,-56.49767,0
468844,533,-57.20037,0
468854,528,-57.90308,0
468864,528,-57.90308,0
468874,529,-57.76254,0
468884,527,-58.04362,0
468894,532,-57.34091,0
468904,536,-56.77875,0
468914,528,-57.90308,0
468924,534,-57.05983,0
468934,535,-56.91929,0
468944,536,-56.77875,0
468954,525,-58.3247,0
468964,530,-57.622,0
468974,529,-57.76254,0
468984,530,-57.622,0
468994,527,-58.04362,0
469004,531,-57.48146,0
469014,532,-57.34091,0
469024,533,-57.20037,0
469034,531,-57.48146,0
469044,530,-57.622,0
469054,538,-56.49767,0
469064,521,-58.88687,0
469074,530,-57.622,0
469084,527,-58.04362,0
469094,529,-57.76254,0
469104,531,-57.48146,0
469114,527,-58.04362,0
469124,533,-57.20037,0
469134,534,-57.05983,0
469144,535,-56.91929,0
469154,526,-58.18417,0
469164,532,-57.34091,0
469174,530,-57.622,0
469184,528,-57.90308,0
469194,533,-57.20037,0
469204,528,-57.90308,0
469214,532,-57.34091,0
469224,541,-56.07604,0
469234,530,-57.622,0
469244,538,-56.49767,0
469254,528,-57.90308,0
469264,529,-57.76254,0
469274,531,-57.48146,0
469284,526,-58.18417,0
469294,535,-56.91929,0
469304,535,-56.91929,0
469314,529,-57.76254,0
469324,526,-58.18417,0
469334,535,-56.91929,0
469344,530,-57.622,0
469354,537,-56.63821,0
469364,530,-57.622,0
469374,533,-57.20037,0
469384,525,-58.3247,0
469394,529,-57.76254,0
469404,528,-57.90308,0
469414,533,-57.20037,0
469424,535,-56.91929,0
469434,532,-57.34091,0
469444,529,-57.76254,0
469454,527,-58.04362,0
469464,533,-57.20037,0
469474,526,-58.18417,0
469484,525,-58.3247,0
469494,533,-57.20037,0
469504,534,-57.05983,0
469514,529,-57.76254,0
469524,535,-56.91929,0
469534,525,-58.3247,0
469544,531,-57.48146,0
469554,536,-56.77875,0
469564,527,-58.04362,0
469574,527,-58.04362,0
469584,529,-57.76254,0
469594,533,-57.20037,0
469604,530,-57.622,0
469614,531,-57.48146,0
469624,530,-57.622,0
469634,533,-57.20037,0
469644,529,-57.76254,0
469654,534,-57.05983,0
469664,526,-58.18417,0
469674,532,-57.34091,0
469684,532,-57.34091,0
469694,531,-57.48146,0
469704,530,-57.622,0
469714,538,-56.49767,0
469724,530,-57.622,0
469734,527,-58.04362,0
469744,531,-57.48146,0
469754,531,-57.48146,0
469764,531,-57.48146,0
469774,530,-57.622,0
469784,529,-57.76254,0
469794,532,-57.34091,0
469804,530,-57.622,0
469814,532,-57.34091,0
469824,534,-57.05983,0
469834,523,-58.60579,0
469844,532,-57.34091,0
469854,528,-57.90308,0
469864,528,-57.90308,0
469874,531,-57.48146,0
469884,524,-58.46524,0
469894,531,-57.48146,0
469904,522,-58.74633,0
469914,531,-57.48146,0
469924,531,-57.48146,0
469934,539,-56.35712,0
469944,534,-57.05983,0
469954,531,-57.48146,0
469964,526,-58.18417,0
469974,531,-57.48146,0
469984,524,-58.46524,0
469994,533,-57.20037,0
470004,527,-58.04362,0
470014,537,-56.63821,0
470024,527,-58.04362,0
470034,532,-57.34091,0
470044,533,-57.20037,0
470054,526,-58.18417,0
470064,532,-57.34091,0
470074,534,-57.05983,0
470084,523,-58.60579,0
470094,531,-57.48146,0
470104,532,-57.34091,0
470114,528,-57.90308,0
470124,539,-56.35712,0
470134,532,-57.34091,0
470144,522,-58.74633,0
470154,524,-58.46524,0
470164,527,-58.04362,0
470174,538,-56.49767,0
470184,530,-57.622,0
470194,523,-58.60579,0
470204,527,-58.04362,0
470214,538,-56.49767,0
470224,532,-57.34091,0
470234,531,-57.48146,0
470244,531,-57.48146,0
470254,531,-57.48146,0
470264,527,-58.04362,0
470274,522,-58.74633,0
470284,530,-57.622,0
470294,525,-58.3247,0
470304,527,-58.04362,0
470314,536,-56.77875,0
470324,525,-58.3247,0
470334,528,-57.90308,0
470344,535,-56.91929,0
470354,524,-58.46524,0
470364,534,-57.05983,0
470374,534,-57.05983,0
470384,532,-57.34091,0
470394,532,-57.34091,0
470404,533,-57.20037,0
470414,532,-57.34091,0
470424,527,-58.04362,0
470434,536,-56.77875,0
470444,527,-58.04362,0
470454,526,-58.18417,0
470464,540,-56.21659,0
470474,531,-57.48146,0
470484,518,-59.30849,0
470494,530,-57.622,0
470504,525,-58.3247,0
470514,530,-57.622,0
470524,532,-57.34091,0
470534,539,-56.35712,0
470544,530,-57.622,0
470554,536,-56.77875,0
470564,526,-58.18417,0
470574,535,-56.91929,0
470584,531,-57.48146,0
470594,531,-57.48146,0
470604,536,-56.77875,0
470614,526,-58.18417,0
470624,528,-57.90308,0
470634,530,-57.622,0
470644,529,-57.76254,0
470654,530,-57.622,0
470664,534,-57.05983,0
470674,538,-56.49767,0
470684,527,-58.04362,0
470694,522,-58.74633,0
470704,524,-58.46524,0
470714,537,-56.63821,0
470724,526,-58.18417,0
470734,530,-57.622,0
470744,525,-58.3247,0
470754,530,-57.622,0
470764,533,-57.20037,0
470774,527,-58.04362,0
470784,527,-58.04362,0
470794,535,-56.91929,0
470804,532,-57.34091,0
470814,534,-57.05983,0
470824,532,-57.34091,0
470834,526,-58.18417,0
470844,535,-56.91929,0
470854,532,-57.34091,0
470864,534,-57.05983,0
470874,527,-58.04362,0
470884,527,-58.04362,0
470894,532,-57.34091,0
470904,531,-57.48146,0
470914,528,-57.90308,0
470924,538,-56.49767,0
470934,534,-57.05983,0
470944,536,-56.77875,0
470954,531,-57.48146,0
470964,524,-58.46524,0
470974,531,-57.48146,0
470984,518,-59.30849,0
470994,533,-57.20037,0
471004,526,-58.18417,0
471014,531,-57.48146,0
471024,532,-57.34091,0
471034,525,-58.3247,0
471044,533,-57.20037,0
471054,525,-58.3247,0
471064,532,-57.34091,0
471074,527,-58.04362,0
471084,527,-58.04362,0
471094,526,-58.18417,0
471104,530,-57.622,0
471114,530,-57.622,0
471124,526,-58.18417,0
471134,531,-57.48146,0
471144,521,-58.88687,0
471154,526,-58.18417,0
471164,535,-56.91929,0
471174,529,-57.76254,0
471184,535,-56.91929,0
471194,538,-56.49767,0
471204,527,-58.04362,0
471214,521,-58.88687,0
471224,531,-57.48146,0
471234,529,-57.76254,0
471244,535,-56.91929,0
471254,535,-56.91929,0
471264,527,-58.04362,0
471274,529,-57.76254,0
471284,529,-57.76254,0
471294,536,-56.77875,0
471304,530,-57.622,0
471314,529,-57.76254,0
471324,531,-57.48146,0
471334,523,-58.60579,0
471344,520,-59.02741,0
471354,530,-57.622,0
471364,532,-57.34091,0
471374,532,-57.34091,0
471384,530,-57.622,0
471394,529,-57.76254,0
471404,526,-58.18417,0
471414,526,-58.18417,0
471424,532,-57.34091,0
471434,526,-58.18417,0
471444,528,-57.90308,0
471454,528,-57.90308,0
471464,530,-57.622,0
471474,531,-57.48146,0
471484,535,-56.91929,0
471494,536,-56.77875,0
471504,526,-58.18417,0
471514,531,-57.48146,0
471524,522,-58.74633,0
471534,531,-57.48146,0
471544,529,-57.76254,0
471554,527,-58.04362,0
471564,536,-56.77875,0
471574,529,-57.76254,0
471584,523,-58.60579,0
471594,523,-58.60579,0
471604,525,-58.3247,0
471614,536,-56.77875,0
471624,522,-58.74633,0
471634,529,-57.76254,0
471644,529,-57.76254,0
471654,533,-57.20037,0
471664,532,-57.34091,0
471674,534,-57.05983,0
471684,534,-57.05983,0
471694,531,-57.48146,0
471704,534,-57.05983,0
471714,540,-56.21659,0
471724,527,-58.04362,0
471734,533,-57.20037,0
471744,532,-57.34091,0
471754,527,-58.04362,0
471764,534,-57.05983,0
471774,535,-56.91929,0
471784,533,-57.20037,0
471794,523,-58.60579,0
471804,535,-56.91929,0
471814,537,-56.63821,0
471824,532,-57.34091,0
471834,534,-57.05983,0
471844,529,-57.76254,0
471854,524,-58.46524,0
471864,530,-57.622,0
471874,534,-57.05983,0
471884,529,-57.76254,0
471894,538,-56.49767,0
471904,529,-57.76254,0
471914,532,-57.34091,0
471924,537,-56.63821,0
471934,530,-57.622,0
471944,530,-57.622,0
471954,528,-57.90308,0
471964,525,-58.3247,0
471974,530,-57.622,0
471984,518,-59.30849,0
471994,536,-56.77875,0
472004,531,-57.48146,0
472014,530,-57.622,0
472024,526,-58.18417,0
472034,528,-57.90308,0
472044,526,-58.18417,0
472054,530,-57.622,0
472064,536,-56.77875,0
472074,530,-57.622,0
472084,535,-56.91929,0
472094,530,-57.622,0
472104,528,-57.90308,0
472114,527,-58.04362,0
472124,524,-58.46524,0
472134,528,-57.90308,0
472144,529,-57.76254,0
472154,524,-58.46524,0
472164,533,-57.20037,0
472174,534,-57.05983,0
472184,535,-56.91929,0
472194,542,-55.9355,0
472204,532,-57.34091,0
472214,530,-57.622,0
472224,529,-57.76254,0
472234,526,-58.18417,0
472244,532,-57.34091,0
472254,531,-57.48146,0
472264,537,-56.63821,0
472274,535,-56.91929,0
472284,530,-57.622,0
472294,527,-58.04362,0
472304,526,-58.18417,0
472314,537,-56.63821,0
472324,528,-57.90308,0
472334,532,-57.34091,0
472344,528,-57.90308,0
472354,532,-57.34091,0
472364,527,-58.04362,0
472374,528,-57.90308,0
472384,532,-57.34091,0
472394,531,-57.48146,0
472404,535,-56.91929,0
472414,531,-57.48146,0
472424,534,-57.05983,0
472434,532,-57.34091,0
472444,540,-56.21659,0
472454,525,-58.3247,0
472464,534,-57.05983,0
472474,526,-58.18417,0
472484,530,-57.622,0
472494,535,-56.91929,0
472504,525,-58.3247,0
472514,531,-57.48146,0
472524,534,-57.05983,0
472534,527,-58.04362,0
472544,530,-57.622,0
472554,540,-56.21659,0
472564,528,-57.90308,0
472574,535,-56.91929,0
472584,531,-57.48146,0
472594,533,-57.20037,0
472604,518,-59.30849,0
472614,533,-57.20037,0
472624,531,-57.48146,0
472634,537,-56.63821,0
472644,527,-58.04362,0
472654,535,-56.91929,0
472664,532,-57.34091,0
472674,532,-57.34091,0
472684,532,-57.34091,0
472694,533,-57.20037,0
472704,527,-58.04362,0
472714,521,-58.88687,0
472724,527,-58.04362,0
472734,530,-57.622,0
472744,527,-58.04362,0
472754,534,-57.05983,0
472764,527,-58.04362,0
472774,532,-57.34091,0
472784,533,-57.20037,0
472794,538,-56.49767,0
472804,533,-57.20037,0
472814,528,-57.90308,0
472824,533,-57.20037,0
472834,531,-57.48146,0
472844,526,-58.18417,0
472854,525,-58.3247,0
472864,531,-57.48146,0
472874,530,-57.622,0
472884,525,-58.3247,0
472894,533,-57.20037,0
472904,532,-57.34091,0
472914,533,-57.20037,0
472924,539,-56.35712,0
472934,539,-56.35712,0
472944,533,-57.20037,0
472954,529,-57.76254,0
472964,535,-56.91929,0
472974,525,-58.3247,0
472984,530,-57.622,0
472994,534,-57.05983,0
473004,532,-57.34091,0
473014,535,-56.91929,0
473024,530,-57.622,0
473034,534,-57.05983,0
473044,535,-56.91929,0
473054,528,-57.90308,0
473064,535,-56.91929,0
473074,540,-56.21659,0
473084,533,-57.20037,0
473094,524,-58.46524,0
473104,538,-56.49767,0
473114,536,-56.77875,0
473124,531,-57.48146,0
473134,541,-56.07604,0
473144,526,-58.18417,0
473154,533,-57.20037,0
473164,536,-56.77875,0
473174,535,-56.91929,0
473184,533,-57.20037,0
473194,533,-57.20037,0
473204,530,-57.622,0
473214,542,-55.9355,0
473224,526,-58.18417,0
473234,532,-57.34091,0
473244,533,-57.20037,0
473254,533,-57.20037,0
473264,535,-56.91929,0
473274,535,-56.91929,0
473284,528,-57.90308,0
473294,535,-56.91929,0
473304,532,-57.34091,0
473314,531,-57.48146,0
473324,531,-57.48146,0
473334,531,-57.48146,0
473344,524,-58.46524,0
473354,536,-56.77875,0
473364,527,-58.04362,0
473374,528,-57.90308,0
473384,534,-57.05983,0
473394,540,-56.21659,0
473404,543,-55.79496,0
473414,529,-57.76254,0
473424,539,-56.35712,0
473434,528,-57.90308,0
473444,542,-55.9355,0
473454,533,-57.20037,0
473464,533,-57.20037,0
473474,525,-58.3247,0
473484,534,-57.05983,0
473494,536,-56.77875,0
473504,524,-58.46524,0
473514,528,-57.90308,0
473524,536,-56.77875,0
473534,536,-56.77875,0
473544,535,-56.91929,0
473554,538,-56.49767,0
473564,529,-57.76254,0
473574,530,-57.622,0
473584,529,-57.76254,0
473594,531,-57.48146,0
473604,531,-57.48146,0
473614,526,-58.18417,0
473624,542,-55.9355,0
473634,529,-57.76254,0
473644,531,-57.48146,0
473654,537,-56.63821,0
473664,531,-57.48146,0
473674,528,-57.90308,0
473684,538,-56.49767,0
473694,534,-57.05983,0
473704,525,-58.3247,0
473714,536,-56.77875,0
473724,536,-56.77875,0
473734,525,-58.3247,0
473744,534,-57.05983,0
473754,529,-57.76254,0
473764,524,-58.46524,0
473774,526,-58.18417,0
473784,539,-56.35712,0
473794,540,-56.21659,0
473804,522,-58.74633,0
473814,528,-57.90308,0
473824,539,-56.35712,0
473834,531,-57.48146,0
473844,537,-56.63821,0
473854,527,-58.04362,0
473864,536,-56.77875,0
473874,532,-57.34091,0
473884,533,-57.20037,0
473894,537,-56.63821,0
473904,535,-56.91929,0
473914,536,-56.77875,0
473924,536,-56.77875,0
473934,530,-57.622,0
473944,541,-56.07604,0
473954,528,-57.90308,0
473964,528,-57.90308,0
473974,524,-58.46524,0
473984,533,-57.20037,0
473994,526,-58.18417,0
474004,524,-58.46524,0
474014,531,-57.48146,0
474024,527,-58.04362,0
474034,531,-57.48146,0
474044,537,-56.63821,0
474054,540,-56.21659,0
474064,532,-57.34091,0
474074,528,-57.90308,0
474084,529,-57.76254,0
474094,529,-57.76254,0
474104,527,-58.04362,0
474114,529,-57.76254,0
474124,537,-56.63821,0
474134,534,-57.05983,0
474144,532,-57.34091,0
474154,535,-56.91929,0
474164,526,-58.18417,0
474174,525,-58.3247,0
474184,530,-57.622,0
474194,530,-57.622,0
474204,526,-58.18417,0
474214,536,-56.77875,0
474224,523,-58.60579,0
474234,532,-57.34091,0
474244,540,-56.21659,0
474254,530,-57.622,0
474264,533,-57.20037,0
474274,526,-58.18417,0
474284,533,-57.20037,0
474294,524,-58.46524,0
474304,530,-57.622,0
474314,525,-58.3247,0
474324,528,-57.90308,0
474334,539,-56.35712,0
474344,532,-57.34091,0
474354,538,-56.49767,0
474364,527,-58.04362,0
474374,537,-56.63821,0
474384,528,-57.90308,0
474394,539,-56.35712,0
474404,534,-57.05983,0
474414,528,-57.90308,0
474424,533,-57.20037,0
474434,536,-56.77875,0
474444,533,-57.20037,0
474454,537,-56.63821,0
474464,533,-57.20037,0
474474,535,-56.91929,0
474484,533,-57.20037,0
474494,526,-58.18417,0
474504,530,-57.622,0
474514,526,-58.18417,0
474524,526,-58.18417,0
474534,522,-58.74633,0
474544,534,-57.05983,0
474554,535,-56.91929,0
474564,540,-56.21659,0
474574,530,-57.622,0
474584,540,-56.21659,0
474594,527,-58.04362,0
474604,535,-56.91929,0
474614,533,-57.20037,0
474624,533,-57.20037,0
474634,531,-57.48146,0
474644,530,-57.622,0
474654,522,-58.74633,0
474664,532,-57.34091,0
474674,527,-58.04362,0
474684,536,-56.77875,0
474694,536,-56.77875,0
474704,528,-57.90308,0
474714,535,-56.91929,0
474724,536,-56.77875,0
474734,534,-57.05983,0
474744,527,-58.04362,0
474754,536,-56.77875,0
474764,530,-57.622,0
474774,532,-57.34091,0
474784,526,-58.18417,0
474794,528,-57.90308,0
474804,532,-57.34091,0
474814,532,-57.34091,0
474824,536,-56.77875,0
474834,536,-56.77875,0
474844,534,-57.05983,0
474854,532,-57.34091,0
474864,535,-56.91929,0
474874,525,-58.3247,0
474884,530,-57.622,0
474894,536,-56.77875,0
474904,525,-58.3247,0
474914,527,-58.04362,0
474924,530,-57.622,0
474934,529,-57.76254,0
474944,521,-58.88687,0
474954,532,-57.34091,0
474964,525,-58.3247,0
474974,535,-56.91929,0
474984,534,-57.05983,0
474994,533,-57.20037,0
475004,535,-56.91929,0
475014,528,-57.90308,0
475024,525,-58.3247,0
475034,523,-58.60579,0
475044,528,-57.90308,0
475054,528,-57.90308,0
475064,538,-56.49767,0
475074,531,-57.48146,0
475084,532,-57.34091,0
475094,533,-57.20037,0
475104,532,-57.34091,0
475114,536,-56.77875,0
475124,531,-57.48146,0
475134,534,-57.05983,0
475144,523,-58.60579,0
475154,528,-57.90308,0
475164,531,-57.48146,0
475174,533,-57.20037,0
475184,525,-58.3247,0
475194,531,-57.48146,0
475204,535,-56.91929,0
475214,541,-56.07604,0
475224,528,-57.90308,0
475234,530,-57.622,0
475244,537,-56.63821,0
475254,519,-59.16795,0
475264,531,-57.48146,0
475274,528,-57.90308,0
475284,519,-59.16795,0
475294,525,-58.3247,0
475304,530,-57.622,0
475314,529,-57.76254,0
475324,531,-57.48146,0
475334,534,-57.05983,0
475344,530,-57.622,0
475354,536,-56.77875,0
475364,530,-57.622,0
475374,536,-56.77875,0
475384,526,-58.18417,0
475394,528,-57.90308,0
475404,531,-57.48146,0
475414,531,-57.48146,0
475424,536,-56.77875,0
475434,528,-57.90308,0
475444,531,-57.48146,0
475454,537,-56.63821,0
475464,527,-58.04362,0
475474,531,-57.48146,0
475484,534,-57.05983,0
475494,530,-57.622,0
475504,534,-57.05983,0
475514,525,-58.3247,0
475524,533,-57.20037,0
475534,528,-57.90308,0
475544,534,-57.05983,0
475554,539,-56.35712,0
475564,536,-56.77875,0
475574,525,-58.3247,0
475584,533,-57.20037,0
475594,534,-57.05983,0
475604,531,-57.48146,0
475614,525,-58.3247,0
475624,526,-58.18417,0
475634,532,-57.34091,0
475644,533,-57.20037,0
475654,524,-58.46524,0
475664,532,-57.34091,0
475674,524,-58.46524,0
475684,520,-59.02741,0
475694,529,-57.76254,0
475704,533,-57.20037,0
475714,524,-58.46524,0
475724,522,-58.74633,0
475734,533,-57.20037,0
475744,530,-57.622,0
475754,535,-56.91929,0
475764,530,-57.622,0
475774,526,-58.18417,0
475784,525,-58.3247,0
475794,535,-56.91929,0
475804,528,-57.90308,0
475814,530,-57.622,0
475824,530,-57.622,0
475834,544,-55.65442,0
475844,530,-57.622,0
475854,531,-57.48146,0
475864,534,-57.05983,0
475874,530,-57.622,0
475884,532,-57.34091,0
475894,529,-57.76254,0
475904,533,-57.20037,0
475914,528,-57.90308,0
475924,535,-56.91929,0
475934,522,-58.74633,0
475944,529,-57.76254,0
475954,530,-57.622,0
475964,523,-58.60579,0
475974,528,-57.90308,0
475984,539,-56.35712,0
475994,534,-57.05983,0
476004,530,-57.622,0
476014,525,-58.3247,0
476024,531,-57.48146,0
476034,534,-57.05983,0
476044,527,-58.04362,0
476054,531,-57.48146,0
476064,533,-57.20037,0
476074,530,-57.622,0
476084,538,-56.49767,0
476094,536,-56.77875,0
476104,535,-56.91929,0
476114,532,-57.34091,0
476124,531,-57.48146,0
476134,533,-57.20037,0
476144,527,-58.04362,0
476154,533,-57.20037,0
476164,522,-58.74633,0
476174,530,-57.622,0
476184,533,-57.20037,0
476194,537,-56.63821,0
476204,531,-57.48146,0
476214,539,-56.35712,0
476224,533,-57.20037,0
476234,537,-56.63821,0
476244,535,-56.91929,0
476254,530,-57.622,0
476264,532,-57.34091,0
476274,526,-58.18417,0
476284,527,-58.04362,0
476294,530,-57.622,0
476304,531,-57.48146,0
476314,530,-57.622,0
476324,536,-56.77875,0
476334,538,-56.49767,0
476344,536,-56.77875,0
476354,533,-57.20037,0
476364,535,-56.91929,0
476374,530,-57.622,0
476384,530,-57.622,0
476394,530,-57.622,0
476404,528,-57.90308,0
476414,533,-57.20037,0
476424,532,-57.34091,0
476434,532,-57.34091,0
476444,535,-56.91929,0
476454,529,-57.76254,0
476464,522,-58.74633,0
476474,528,-57.90308,0
476484,527,-58.04362,0
476494,525,-58.3247,0
476504,526,-58.18417,0
476514,534,-57.05983,0
476524,527,-58.04362,0
476534,522,-58.74633,0
476544,531,-57.48146,0
476554,530,-57.622,0
476564,527,-58.04362,0
476574,526,-58.18417,0
476584,523,-58.60579,0
476594,527,-58.04362,0
476604,528,-57.90308,0
476614,528,-57.90308,0
476624,533,-57.20037,0
476634,532,-57.34091,0
476644,523,-58.60579,0
476654,531,-57.48146,0
476664,525,-58.3247,0
476674,527,-58.04362,0
476684,525,-58.3247,0
476694,532,-57.34091,0
476704,532,-57.34091,0
476714,543,-55.79496,0
476724,521,-58.88687,0
476734,532,-57.34091,0
476744,532,-57.34091,0
476754,523,-58.60579,0
476764,531,-57.48146,0
476774,529,-57.76254,0
476784,524,-58.46524,0
476794,528,-57.90308,0
476804,529,-57.76254,0
476814,527,-58.04362,0
476824,533,-57.20037,0
476834,528,-57.90308,0
476844,520,-59.02741,0
476854,516,-59.58958,0
476864,528,-57.90308,0
476874,533,-57.20037,0
476884,529,-57.76254,0
476894,522,-58.74633,0
476904,530,-57.622,0
476914,528,-57.90308,0
476924,526,-58.18417,0
476934,532,-57.34091,0
476944,528,-57.90308,0
476954,530,-57.622,0
476964,530,-57.622,0
476974,529,-57.76254,0
476984,530,-57.622,0
476994,529,-57.76254,0
477004,526,-58.18417,0
477014,531,-57.48146,0
477024,522,-58.74633,0
477034,529,-57.76254,0
477044,524,-58.46524,0
477054,524,-58.46524,0
477064,532,-57.34091,0
477074,525,-58.3247,0
477084,530,-57.622,0
477094,532,-57.34091,0
477104,531,-57.48146,0
477114,530,-57.622,0
477124,528,-57.90308,0
477134,530,-57.622,0
477144,518,-59.30849,0
477154,531,-57.48146,0
477164,523,-58.60579,0
477174,531,-57.48146,0
477184,527,-58.04362,0
477194,531,-57.48146,0
477204,529,-57.76254,0
477214,528,-57.90308,0
477224,527,-58.04362,0
477234,519,-59.16795,0
477244,526,-58.18417,0
477254,533,-57.20037,0
477264,519,-59.16795,0
477274,530,-57.622,0
477284,528,-57.90308,0
477294,528,-57.90308,0
477304,531,-57.48146,0
477314,531,-57.48146,0
477324,531,-57.48146,0
477334,523,-58.60579,0
477344,530,-57.622,0
477354,530,-57.622,0
477364,528,-57.90308,0
477374,530,-57.622,0
477384,531,-57.48146,0
477394,529,-57.76254,0
477404,529,-57.76254,0
477414,531,-57.48146,0
477424,535,-56.91929,0
477434,527,-58.04362,0
477444,529,-57.76254,0
477454,532,-57.34091,0
477464,531,-57.48146,0
477474,523,-58.60579,0
477484,529,-57.76254,0
477494,530,-57.622,0
477504,524,-58.46524,0
477514,532,-57.34091,0
477524,534,-57.05983,0
477534,530,-57.622,0
477544,533,-57.20037,0
477554,530,-57.622,0
477564,522,-58.74633,0
477574,531,-57.48146,0
477584,518,-59.30849,0
477594,531,-57.48146,0
477604,532,-57.34091,0
477614,529,-57.76254,0
477624,530,-57.622,0
477634,532,-57.34091,0
477644,535,-56.91929,0
477654,536,-56.77875,0
477664,527,-58.04362,0
477674,525,-58.3247,0
477684,524,-58.46524,0
477694,534,-57.05983,0
477704,532,-57.34091,0
477714,523,-58.60579,0
477724,528,-57.90308,0
477734,536,-56.77875,0
477744,534,-57.05983,0
477754,536,-56.77875,0
477764,533,-57.20037,0
477774,532,-57.34091,0
477784,540,-56.21659,0
477794,535,-56.91929,0
477804,529,-57.76254,0
477814,531,-57.48146,0
477824,534,-57.05983,0
477834,529,-57.76254,0
477844,533,-57.20037,0
477854,539,-56.35712,0
477864,537,-56.63821,0
477874,535,-56.91929,0
477884,535,-56.91929,0
477894,531,-57.48146,0
477904,524,-58.46524,0
477914,528,-57.90308,0
477924,529,-57.76254,0
477934,535,-56.91929,0
477944,526,-58.18417,0
477954,531,-57.48146,0
477964,535,-56.91929,0
477974,536,-56.77875,0
477984,527,-58.04362,0
477994,528,-57.90308,0
478004,534,-57.05983,0
478014,537,-56.63821,0
478024,537,-56.63821,0
478034,521,-58.88687,0
478044,529,-57.76254,0
478054,535,-56.91929,0
478064,533,-57.20037,0
478074,532,-57.34091,0
478084,535,-56.91929,0
478094,533,-57.20037,0
478104,535,-56.91929,0
478114,533,-57.20037,0
478124,530,-57.622,0
478134,535,-56.91929,0
478144,542,-55.9355,0
478154,531,-57.48146,0
478164,537,-56.63821,0
478174,527,-58.04362,0
478184,527,-58.04362,0
478194,527,-58.04362,0
478204,527,-58.04362,0
478214,533,-57.20037,0
478224,534,-57.05983,0
478234,538,-56.49767,0
478244,532,-57.34091,0
478254,528,-57.90308,0
478264,531,-57.48146,0
478274,535,-56.91929,0
478284,531,-57.48146,0
478294,525,-58.3247,0
478304,539,-56.35712,0
478314,532,-57.34091,0
478324,531,-57.48146,0
478334,539,-56.35712,0
478344,532,-57.34091,0
478354,539,-56.35712,0
478364,528,-57.90308,0
478374,528,-57.90308,0
478384,530,-57.622,0
478394,523,-58.60579,0
478404,522,-58.74633,0
478414,527,-58.04362,0
478424,528,-57.90308,0
478434,531,-57.48146,0
478444,534,-57.05983,0
478454,538,-56.49767,0
478464,533,-57.20037,0
478474,528,-57.90308,0
478484,538,-56.49767,0
478494,525,-58.3247,0
478504,534,-57.05983,0
478514,534,-57.05983,0
478524,529,-57.76254,0
478534,535,-56.91929,0
478544,524,-58.46524,0
478554,525,-58.3247,0
478564,527,-58.04362,0
478574,529,-57.76254,0
478584,534,-57.05983,0
478594,533,-57.20037,0
478604,530,-57.622,0
478614,524,-58.46524,0
478624,530,-57.622,0
478634,528,-57.90308,0
478644,535,-56.91929,0
478654,526,-58.18417,0
478664,532,-57.34091,0
478674,530,-57.622,0
478684,534,-57.05983,0
478694,532,-57.34091,0
478704,531,-57.48146,0
478714,540,-56.21659,0
478724,535,-56.91929,0
478734,528,-57.90308,0
478744,533,-57.20037,0
478754,530,-57.622,0
478764,538,-56.49767,0
478774,531,-57.48146,0
478784,530,-57.622,0
478794,531,-57.48146,0
478804,523,-58.60579,0
478814,529,-57.76254,0
478824,531,-57.48146,0
478834,523,-58.60579,0
478844,528,-57.90308,0
478854,540,-56.21659,0
478864,532,-57.34091,0
478874,533,-57.20037,0
478884,530,-57.622,0
478894,538,-56.49767,0
478904,527,-58.04362,0
478914,528,-57.90308,0
478924,532,-57.34091,0
478934,528,-57.90308,0
478944,525,-58.3247,0
478954,530,-57.622,0
478964,531,-57.48146,0
478974,534,-57.05983,0
478984,529,-57.76254,0
478994,536,-56.77875,0
479004,532,-57.34091,0
479014,533,-57.20037,0
479024,531,-57.48146,0
479034,525,-58.3247,0
479044,528,-57.90308,0
479054,535,-56.91929,0
479064,534,-57.05983,0
479074,534,-57.05983,0
479084,530,-57.622,0
479094,531,-57.48146,0
479104,535,-56.91929,0
479114,535,-56.91929,0
479124,534,-57.05983,0
479134,524,-58.46524,0
479144,525,-58.3247,0
479154,530,-57.622,0
479164,530,-57.622,0
479174,532,-57.34091,0
479184,535,-56.91929,0
479194,537,-56.63821,0
479204,525,-58.3247,0
479214,533,-57.20037,0
479224,532,-57.34091,0
479234,530,-57.622,0
479244,535,-56.91929,0
479254,530,-57.622,0
479264,532,-57.34091,0
479274,524,-58.46524,0
479284,529,-57.76254,0
479294,526,-58.18417,0
479304,539,-56.35712,0
479314,528,-57.90308,0
479324,530,-57.622,0
479334,533,-57.20037,0
479344,524,-58.46524,0
479354,534,-57.05983,0
479364,535,-56.91929,0
479374,535,-56.91929,0
479384,524,-58.46524,0
479394,532,-57.34091,0
479404,527,-58.04362,0
479414,537,-56.63821,0
479424,528,-57.90308,0
479434,538,-56.49767,0
479444,537,-56.63821,0
479454,530,-57.622,0
479464,531,-57.48146,0
479474,528,-57.90308,0
479484,534,-57.05983,0
479494,531,-57.48146,0
479504,539,-56.35712,0
479514,531,-57.48146,0
479524,535,-56.91929,0
479534,525,-58.3247,0
479544,537,-56.63821,0
479554,540,-56.21659,0
479564,530,-57.622,0
479574,535,-56.91929,0
479584,541,-56.07604,0
479594,533,-57.20037,0
479604,537,-56.63821,0
479614,529,-57.76254,0
479624,533,-57.20037,0
479634,527,-58.04362,0
479644,527,-58.04362,0
479654,530,-57.622,0
479664,535,-56.91929,0
479674,532,-57.34091,0
479684,524,-58.46524,0
479694,530,-57.622,0
479704,528,-57.90308,0
479714,535,-56.91929,0
479724,532,-57.34091,0
479734,538,-56.49767,0
479744,534,-57.05983,0
479754,531,-57.48146,0
479764,530,-57.622,0
479774,524,-58.46524,0
479784,524,-58.46524,0
479794,533,-57.20037,0
479804,533,-57.20037,0
479814,532,-57.34091,0
479824,533,-57.20037,0
479834,535,-56.91929,0
479844,536,-56.77875,0
479854,534,-57.05983,0
479864,528,-57.90308,0
479874,523,-58.60579,0
479884,532,-57.34091,0
479894,536,-56.77875,0
479904,536,-56.77875,0
479914,532,-57.34091,0
479924,529,-57.76254,0
479934,534,-57.05983,0
479944,538,-56.49767,0
479954,529,-57.76254,0
479964,533,-57.20037,0
479974,532,-57.34091,0
479984,542,-55.9355,0
479994,532,-57.34091,0
480004,532,-57.34091,0
480014,538,-56.49767,0
480024,529,-57.76254,0
480034,529,-57.76254,0
480044,530,-57.622,0
480054,524,-58.46524,0
480064,531,-57.48146,0
480074,534,-57.05983,0
480084,535,-56.91929,0
480094,529,-57.76254,0
480104,523,-58.60579,0
480114,530,-57.622,0
480124,532,-57.34091,0
480134,520,-59.02741,0
480144,536,-56.77875,0
480154,530,-57.622,0
480164,535,-56.91929,0
480174,531,-57.48146,0
480184,539,-56.35712,0
480194,533,-57.20037,0
480204,534,-57.05983,0
480214,535,-56.91929,0
480224,531,-57.48146,0
480234,526,-58.18417,0
480244,534,-57.05983,0
480254,533,-57.20037,0
480264,536,-56.77875,0
480274,533,-57.20037,0
480284,536,-56.77875,0
480294,534,-57.05983,0
480304,535,-56.91929,0
480314,533,-57.20037,0
480324,535,-56.91929,0
480334,536,-56.77875,0
480344,535,-56.91929,0
480354,531,-57.48146,0
480364,526,-58.18417,0
480374,531,-57.48146,0
480384,526,-58.18417,0
480394,536,-56.77875,0
480404,539,-56.35712,0
480414,540,-56.21659,0
480424,531,-57.48146,0
480434,523,-58.60579,0
480444,532,-57.34091,0
480454,538,-56.49767,0
480464,524,-58.46524,0
480474,541,-56.07604,0
480484,535,-56.91929,0
480494,529,-57.76254,0
480504,533,-57.20037,0
480514,528,-57.90308,0
480524,530,-57.622,0
480534,538,-56.49767,0
480544,531,-57.48146,0
480554,526,-58.18417,0
480564,534,-57.05983,0
480574,529,-57.76254,0
480584,530,-57.622,0
480594,524,-58.46524,0
480604,539,-56.35712,0
480614,540,-56.21659,0
480624,536,-56.77875,0
480634,532,-57.34091,0
480644,532,-57.34091,0
480654,535,-56.91929,0
480664,528,-57.90308,0
480674,537,-56.63821,0
480684,541,-56.07604,0
480694,537,-56.63821,0
480704,530,-57.622,0
480714,528,-57.90308,0
480724,534,-57.05983,0
480734,533,-57.20037,0
480744,531,-57.48146,0
480754,537,-56.63821,0
480764,535,-56.91929,0
480774,537,-56.63821,0
480784,521,-58.88687,0
480794,529,-57.76254,0
480804,531,-57.48146,0
480814,526,-58.18417,0
480824,536,-56.77875,0
480834,534,-57.05983,0
480844,527,-58.04362,0
480854,535,-56.91929,0
480864,533,-57.20037,0
480874,533,-57.20037,0
480884,531,-57.48146,0
480894,535,-56.91929,0
480904,531,-57.48146,0
480914,535,-56.91929,0
480924,533,-57.20037,0
480934,534,-57.05983,0
480944,527,-58.04362,0
480954,529,-57.76254,0
480964,528,-57.90308,0
480974,529,-57.76254,0
480984,539,-56.35712,0
480994,530,-57.622,0
481004,531,-57.48146,0
481014,535,-56.91929,0
481024,529,-57.76254,0
481034,529,-57.76254,0
481044,522,-58.74633,0
481054,528,-57.90308,0
481064,532,-57.34091,0
481074,536,-56.77875,0
481084,535,-56.91929,0
481094,525,-58.3247,0
481104,531,-57.48146,0
481114,530,-57.622,0
481124,526,-58.18417,0
481134,534,-57.05983,0
481144,540,-56.21659,0
481154,532,-57.34091,0
481164,527,-58.04362,0
481174,523,-58.60579,0
481184,533,-57.20037,0
481194,538,-56.49767,0
481204,537,-56.63821,0
481214,534,-57.05983,0
481224,525,-58.3247,0
481234,531,-57.48146,0
481244,525,-58.3247,0
481254,533,-57.20037,0
481264,529,-57.76254,0
481274,525,-58.3247,0
481284,532,-57.34091,0
481294,535,-56.91929,0
481304,536,-56.77875,0
481314,535,-56.91929,0
481324,536,-56.77875,0
481334,535,-56.91929,0
481344,533,-57.20037,0
481354,531,-57.48146,0
481364,535,-56.91929,0
481374,532,-57.34091,0
481384,532,-57.34091,0
481394,531,-57.48146,0
481404,527,-58.04362,0
481414,534,-57.05983,0
481424,531,-57.48146,0
481434,531,-57.48146,0
481444,533,-57.20037,0
481454,539,-56.35712,0
481464,534,-57.05983,0
481474,528,-57.90308,0
481484,536,-56.77875,0
481494,537,-56.63821,0
481504,532,-57.34091,0
481514,527,-58.04362,0
481524,528,-57.90308,0
481534,532,-57.34091,0
481544,532,-57.34091,0
481554,531,-57.48146,0
481564,532,-57.34091,0
481574,534,-57.05983,0
481584,527,-58.04362,0
481594,536,-56.77875,0
481604,535,-56.91929,0
481614,530,-57.622,0
481624,534,-57.05983,0
481634,530,-57.622,0
481644,529,-57.76254,0
481654,532,-57.34091,0
481664,533,-57.20037,0
481674,533,-57.20037,0
481684,524,-58.46524,0
481694,535,-56.91929,0
481704,532,-57.34091,0
481714,523,-58.60579,0
481724,531,-57.48146,0
481734,538,-56.49767,0
481744,537,-56.63821,0
481754,535,-56.91929,0
481764,536,-56.77875,0
481774,531,-57.48146,0
481784,527,-58.04362,0
481794,519,-59.16795,0
481804,537,-56.63821,0
481814,535,-56.91929,0
481824,541,-56.07604,0
481834,528,-57.90308,0
481844,525,-58.3247,0
481854,538,-56.49767,0
481864,535,-56.91929,0
481874,542,-55.9355,0
481884,525,-58.3247,0
481894,530,-57.622,0
481904,529,-57.76254,0
481914,531,-57.48146,0
481924,531,-57.48146,0
481934,535,-56.91929,0
481944,530,-57.622,0
481954,531,-57.48146,0
481964,533,-57.20037,0
481974,534,-57.05983,0
481984,528,-57.90308,0
481994,528,-57.90308,0
482004,531,-57.48146,0
482014,534,-57.05983,0
482024,531,-57.48146,0
482034,525,-58.3247,0
482044,530,-57.622,0
482054,532,-57.34091,0
482064,531,-57.48146,0
482074,539,-56.35712,0
482084,531,-57.48146,0
482094,531,-57.48146,0
482104,540,-56.21659,0
482114,540,-56.21659,0
482124,528,-57.90308,0
482134,534,-57.05983,0
482144,525,-58.3247,0
482154,529,-57.76254,0
482164,533,-57.20037,0
482174,529,-57.76254,0
482184,526,-58.18417,0
482194,529,-57.76254,0
482204,535,-56.91929,0
482214,535,-56.91929,0
482224,538,-56.49767,0
482234,535,-56.91929,0
482244,526,-58.18417,0
482254,532,-57.34091,0
482264,527,-58.04362,0
482274,528,-57.90308,0
482284,531,-57.48146,0
482294,526,-58.18417,0
482304,529,-57.76254,0
482314,530,-57.622,0
482324,528,-57.90308,0
482334,533,-57.20037,0
482344,526,-58.18417,0
482354,525,-58.3247,0
482364,531,-57.48146,0
482374,532,-57.34091,0
482384,526,-58.18417,0
482394,534,-57.05983,0
482404,525,-58.3247,0
482414,536,-56.77875,0
482424,532,-57.34091,0
482434,532,-57.34091,0
482444,533,-57.20037,0
482454,534,-57.05983,0
482464,541,-56.07604,0
482474,533,-57.20037,0
482484,533,-57.20037,0
482494,531,-57.48146,0
482504,533,-57.20037,0
482514,528,-57.90308,0
482524,530,-57.622,0
482534,537,-56.63821,0
482544,528,-57.90308,0
482554,528,-57.90308,0
482564,520,-59.02741,0
482574,532,-57.34091,0
482584,526,-58.18417,0
482594,527,-58.04362,0
482604,532,-57.34091,0
482614,535,-56.91929,0
482624,526,-58.18417,0
482634,531,-57.48146,0
482644,529,-57.76254,0
482654,531,-57.48146,0
482664,530,-57.622,0
482674,537,-56.63821,0
482684,533,-57.20037,0
482694,543,-55.79496,0
482704,532,-57.34091,0
482714,535,-56.91929,0
482724,530,-57.622,0
482734,532,-57.34091,0
482744,541,-56.07604,0
482754,538,-56.49767,0
482764,530,-57.622,0
482774,533,-57.20037,0
482784,532,-57.34091,0
482794,532,-57.34091,0
482804,538,-56.49767,0
482814,527,-58.04362,0
482824,532,-57.34091,0
482834,539,-56.35712,0
482844,535,-56.91929,0
482854,533,-57.20037,0
482864,535,-56.91929,0
482874,532,-57.34091,0
482884,535,-56.91929,0
482894,522,-58.74633,0
482904,531,-57.48146,0
482914,527,-58.04362,0
482924,534,-57.05983,0
482934,521,-58.88687,0
482944,537,-56.63821,0
482954,528,-57.90308,0
482964,532,-57.34091,0
482974,530,-57.622,0
482984,528,-57.90308,0
482994,530,-57.622,0
483004,536,-56.77875,0
483014,534,-57.05983,0
483024,533,-57.20037,0
483034,532,-57.34091,0
483044,531,-57.48146,0
483054,536,-56.77875,0
483064,528,-57.90308,0
483074,534,-57.05983,0
483084,526,-58.18417,0
483094,528,-57.90308,0
483104,528,-57.90308,0
483114,532,-57.34091,0
483124,526,-58.18417,0
483134,531,-57.48146,0
483144,524,-58.46524,0
483154,536,-56.77875,0
483164,530,-57.622,0
483174,532,-57.34091,0
483184,528,-57.90308,0
483194,538,-56.49767,0
483204,528,-57.90308,0
483214,538,-56.49767,0
483224,538,-56.49767,0
483234,533,-57.20037,0
483244,538,-56.49767,0
483254,538,-56.49767,0
483264,536,-56.77875,0
483274,536,-56.77875,0
483284,529,-57.76254,0
483294,530,-57.622,0
483304,532,-57.34091,0
483314,533,-57.20037,0
483324,532,-57.34091,0
483334,525,-58.3247,0
483344,532,-57.34091,0
483354,531,-57.48146,0
483364,531,-57.48146,0
483374,542,-55.9355,0
483384,529,-57.76254,0
483394,539,-56.35712,0
483404,523,-58.60579,0
483414,538,-56.49767,0
483424,531,-57.48146,0
483434,526,-58.18417,0
483444,528,-57.90308,0
483454,533,-57.20037,0
483464,532,-57.34091,0
483474,534,-57.05983,0
483484,535,-56.91929,0
483494,529,-57.76254,0
483504,528,-57.90308,0
483514,535,-56.91929,0
483524,532,-57.34091,0
483534,529,-57.76254,0
483544,529,-57.76254,0
483554,526,-58.18417,0
483564,533,-57.20037,0
483574,529,-57.76254,0
483584,535,-56.91929,0
483594,532,-57.34091,0
483604,534,-57.05983,0
483614,531,-57.48146,0
483624,535,-56.91929,0
483634,527,-58.04362,0
483644,530,-57.622,0
483654,536,-56.77875,0
483664,533,-57.20037,0
483674,531,-57.48146,0
483684,528,-57.90308,0
483694,534,-57.05983,0
483704,528,-57.90308,0
483714,533,-57.20037,0
483724,523,-58.60579,0
483734,523,-58.60579,0
483744,536,-56.77875,0
483754,537,-56.63821,0
483764,524,-58.46524,0
483774,537,-56.63821,0
483784,537,-56.63821,0
483794,528,-57.90308,0
483804,534,-57.05983,0
483814,530,-57.622,0
483824,529,-57.76254,0
483834,531,-57.48146,0
483844,537,-56.63821,0
483854,538,-56.49767,0
483864,530,-57.622,0
483874,535,-56.91929,0
483884,534,-57.05983,0
483894,529,-57.76254,0
483904,533,-57.20037,0
483914,521,-58.88687,0
483924,529,-57.76254,0
483934,528,-57.90308,0
483944,524,-58.46524,0
483954,528,-57.90308,0
483964,526,-58.18417,0
483974,529,-57.76254,0
483984,530,-57.622,0
483994,533,-57.20037,0
484004,524,-58.46524,0
484014,528,-57.90308,0
484024,535,-56.91929,0
484034,536,-56.77875,0
484044,531,-57.48146,0
484054,532,-57.34091,0
484064,535,-56.91929,0
484074,528,-57.90308,0
484084,528,-57.90308,0
484094,537,-56.63821,0
484104,524,-58.46524,0
484114,529,-57.76254,0
484124,533,-57.20037,0
484134,534,-57.05983,0
484144,534,-57.05983,0
484154,530,-57.622,0
484164,529,-57.76254,0
484174,533,-57.20037,0
484184,532,-57.34091,0
484194,537,-56.63821,0
484204,536,-56.77875,0
484214,532,-57.34091,0
484224,526,-58.18417,0
484234,533,-57.20037,0
484244,533,-57.20037,0
484254,531,-57.48146,0
484264,532,-57.34091,0
484274,533,-57.20037,0
484284,534,-57.05983,0
484294,529,-57.76254,0
484304,532,-57.34091,0
484314,534,-57.05983,0
484324,535,-56.91929,0
484334,541,-56.07604,0
484344,536,-56.77875,0
484354,545,-55.51387,0
484364,530,-57.622,0
484374,536,-56.77875,0
484384,530,-57.622,0
484394,539,-56.35712,0
484404,534,-57.05983,0
484414,533,-57.20037,0
484424,530,-57.622,0
484434,529,-57.76254,0
484444,534,-57.05983,0
484454,532,-57.34091,0
484464,539,-56.35712,0
484474,534,-57.05983,0
484484,530,-57.622,0
484494,534,-57.05983,0
484504,532,-57.34091,0
484514,540,-56.21659,0
484524,531,-57.48146,0
484534,530,-57.622,0
484544,529,-57.76254,0
484554,535,-56.91929,0
484564,532,-57.34091,0
484574,528,-57.90308,0
484584,527,-58.04362,0
484594,523,-58.60579,0
484604,529,-57.76254,0
484614,533,-57.20037,0
484624,534,-57.05983,0
484634,533,-57.20037,0
484644,523,-58.60579,0
484654,527,-58.04362,0
484664,523,-58.60579,0
484674,533,-57.20037,0
484684,534,-57.05983,0
484694,530,-57.622,0
484704,535,-56.91929,0
484714,527,-58.04362,0
484724,530,-57.622,0
484734,536,-56.77875,0
484744,536,-56.77875,0
484754,524,-58.46524,0
484764,531,-57.48146,0
484774,531,-57.48146,0
484784,524,-58.46524,0
484794,527,-58.04362,0
484804,529,-57.76254,0
484814,534,-57.05983,0
484824,529,-57.76254,0
484834,532,-57.34091,0
484844,529,-57.76254,0
484854,531,-57.48146,0
484864,533,-57.20037,0
484874,527,-58.04362,0
484884,532,-57.34091,0
484894,537,-56.63821,0
484904,530,-57.622,0
484914,535,-56.91929,0
484924,532,-57.34091,0
484934,534,-57.05983,0
484944,532,-57.34091,0
484954,526,-58.18417,0
484964,529,-57.76254,0
484974,531,-57.48146,0
484984,532,-57.34091,0
484994,531,-57.48146,0
485004,536,-56.77875,0
485014,530,-57.622,0
485024,533,-57.20037,0
485034,524,-58.46524,0
485044,531,-57.48146,0
485054,533,-57.20037,0
485064,529,-57.76254,0
485074,529,-57.76254,0
485084,532,-57.34091,0
485094,540,-56.21659,0
485104,532,-57.34091,0
485114,532,-57.34091,0
485124,535,-56.91929,0
485134,533,-57.20037,0
485144,529,-57.76254,0
485154,536,-56.77875,0
485164,535,-56.91929,0
485174,523,-58.60579,0
485184,534,-57.05983,0
485194,532,-57.34091,0
485204,530,-57.622,0
485214,539,-56.35712,0
485224,535,-56.91929,0
485234,531,-57.48146,0
485244,538,-56.49767,0
485254,532,-57.34091,0
485264,522,-58.74633,0
485274,524,-58.46524,0
485284,532,-57.34091,0
485294,528,-57.90308,0
485304,534,-57.05983,0
485314,536,-56.77875,0
485324,535,-56.91929,0
485334,532,-57.34091,0
485344,528,-57.90308,0
485354,524,-58.46524,0
485364,535,-56.91929,0
485374,537,-56.63821,0
485384,538,-56.49767,0
485394,535,-56.91929,0
485404,530,-57.622,0
485414,527,-58.04362,0
485424,534,-57.05983,0
485434,531,-57.48146,0
485444,535,-56.91929,0
485454,528,-57.90308,0
485464,531,-57.48146,0
485474,531,-57.48146,0
485484,536,-56.77875,0
485494,532,-57.34091,0
485504,536,-56.77875,0
485514,531,-57.48146,0
485524,538,-56.49767,0
485534,526,-58.18417,0
485544,529,-57.76254,0
485554,529,-57.76254,0
485564,527,-58.04362,0
485574,530,-57.622,0
485584,529,-57.76254,0
485594,527,-58.04362,0
485604,536,-56.77875,0
485614,533,-57.20037,0
485624,531,-57.48146,0
485634,530,-57.622,0
485644,532,-57.34091,0
485654,528,-57.90308,0
485664,533,-57.20037,0
485674,534,-57.05983,0
485684,533,-57.20037,0
485694,533,-57.20037,0
485704,536,-56.77875,0
485714,532,-57.34091,0
485724,530,-57.622,0
485734,534,-57.05983,0
485744,533,-57.20037,0
485754,533,-57.20037,0
485764,528,-57.90308,0
485774,531,-57.48146,0
485784,536,-56.77875,0
485794,538,-56.49767,0
485804,533,-57.20037,0
485814,525,-58.3247,0
485824,541,-56.07604,0
485834,537,-56.63821,0
485844,524,-58.46524,0
485854,539,-56.35712,0
485864,530,-57.622,0
485874,530,-57.622,0
485884,535,-56.91929,0
485894,525,-58.3247,0
485904,522,-58.74633,0
485914,533,-57.20037,0
485924,537,-56.63821,0
485934,525,-58.3247,0
485944,534,-57.05983,0
485954,537,-56.63821,0
485964,529,-57.76254,0
485974,531,-57.48146,0
485984,535,-56.91929,0
485994,532,-57.34091,0
486004,531,-57.48146,0
486014,528,-57.90308,0
486024,526,-58.18417,0
486034,528,-57.90308,0
486044,529,-57.76254,0
486054,533,-57.20037,0
486064,530,-57.622,0
486074,527,-58.04362,0
486084,531,-57.48146,0
486094,539,-56.35712,0
486104,526,-58.18417,0
486114,534,-57.05983,0
486124,534,-57.05983,0
486134,530,-57.622,0
486144,534,-57.05983,0
486154,540,-56.21659,0
486164,532,-57.34091,0
486174,542,-55.9355,0
486184,529,-57.76254,0
486194,544,-55.65442,0
486204,539,-56.35712,0
486214,539,-56.35712,0
486224,533,-57.20037,0
486234,535,-56.91929,0
486244,534,-57.05983,0
486254,538,-56.49767,0
486264,532,-57.34091,0
486274,532,-57.34091,0
486284,533,-57.20037,0
486294,533,-57.20037,0
486304,529,-57.76254,0
486314,530,-57.622,0
486324,527,-58.04362,0
486334,535,-56.91929,0
486344,532,-57.34091,0
486354,533,-57.20037,0
486364,533,-57.20037,0
486374,534,-57.05983,0
486384,537,-56.63821,0
486394,531,-57.48146,0
486404,531,-57.48146,0
486414,532,-57.34091,0
486424,535,-56.91929,0
486434,536,-56.77875,0
486444,530,-57.622,0
486454,536,-56.77875,0
486464,534,-57.05983,0
486474,534,-57.05983,0
486484,531,-57.48146,0
486494,528,-57.90308,0
486504,529,-57.76254,0
486514,528,-57.90308,0
486524,535,-56.91929,0
486534,529,-57.76254,0
486544,533,-57.20037,0
486554,527,-58.04362,0
486564,528,-57.90308,0
486574,531,-57.48146,0
486584,536,-56.77875,0
486594,532,-57.34091,0
486604,535,-56.91929,0
486614,533,-57.20037,0
486624,541,-56.07604,0
486634,531,-57.48146,0
486644,528,-57.90308,0
486654,527,-58.04362,0
486664,536,-56.77875,0
486674,531,-57.48146,0
486684,528,-57.90308,0
486694,528,-57.90308,0
486704,531,-57.48146,0
486714,535,-56.91929,0
486724,532,-57.34091,0
486734,533,-57.20037,0
486744,524,-58.46524,0
486754,534,-57.05983,0
486764,532,-57.34091,0
486774,526,-58.18417,0
486784,531,-57.48146,0
486794,528,-57.90308,0
486804,528,-57.90308,0
486814,530,-57.622,0
486824,527,-58.04362,0
486834,530,-57.622,0
486844,532,-57.34091,0
486854,529,-57.76254,0
486864,526,-58.18417,0
486874,522,-58.74633,0
486884,532,-57.34091,0
486894,533,-57.20037,0
486904,535,-56.91929,0
486914,532,-57.34091,0
486924,529,-57.76254,0
486934,536,-56.77875,0
486944,533,-57.20037,0
486954,529,-57.76254,0
486964,535,-56.91929,0
486974,528,-57.90308,0
486984,531,-57.48146,0
486994,530,-57.622,0
487004,532,-57.34091,0
487014,537,-56.63821,0
487024,540,-56.21659,0
487034,530,-57.622,0
487044,532,-57.34091,0
487054,528,-57.90308,0
487064,534,-57.05983,0
487074,531,-57.48146,0
487084,528,-57.90308,0
487094,534,-57.05983,0
487104,533,-57.20037,0
487114,530,-57.622,0
487124,534,-57.05983,0
487134,532,-57.34091,0
487144,527,-58.04362,0
487154,531,-57.48146,0
487164,531,-57.48146,0
487174,531,-57.48146,0
487184,525,-58.3247,0
487194,529,-57.76254,0
487204,527,-58.04362,0
487214,524,-58.46524,0
487224,531,-57.48146,0
487234,530,-57.622,0
487244,531,-57.48146,0
487254,527,-58.04362,0
487264,526,-58.18417,0
487274,538,-56.49767,0
487284,535,-56.91929,0
487294,530,-57.622,0
487304,530,-57.622,0
487314,529,-57.76254,0
487324,525,-58.3247,0
487334,535,-56.91929,0
487344,534,-57.05983,0
487354,530,-57.622,0
487364,530,-57.622,0
487374,541,-56.07604,0
487384,528,-57.90308,0
487394,533,-57.20037,0
487404,527,-58.04362,0
487414,529,-57.76254,0
487424,525,-58.3247,0
487434,528,-57.90308,0
487444,535,-56.91929,0
487454,533,-57.20037,0
487464,534,-57.05983,0
487474,534,-57.05983,0
487484,527,-58.04362,0
487494,531,-57.48146,0
487504,531,-57.48146,0
487514,532,-57.34091,0
487524,530,-57.622,0
487534,530,-57.622,0
487544,531,-57.48146,0
487554,531,-57.48146,0
487564,532,-57.34091,0
487574,526,-58.18417,0
487584,533,-57.20037,0
487594,534,-57.05983,0
487604,524,-58.46524,0
487614,541,-56.07604,0
487624,535,-56.91929,0
487634,531,-57.48146,0
487644,534,-57.05983,0
487654,532,-57.34091,0
487664,532,-57.34091,0
487674,532,-57.34091,0
487684,534,-57.05983,0
487694,524,-58.46524,0
487704,530,-57.622,0
487714,534,-57.05983,0
487724,532,-57.34091,0
487734,529,-57.76254,0
487744,527,-58.04362,0
487754,529,-57.76254,0
487764,532,-57.34091,0
487774,533,-57.20037,0
487784,529,-57.76254,0
487794,527,-58.04362,0
487804,519,-59.16795,0
487814,533,-57.20037,0
487824,524,-58.46524,0
487834,534,-57.05983,0
487844,531,-57.48146,0
487854,533,-57.20037,0
487864,526,-58.18417,0
487874,535,-56.91929,0
487884,534,-57.05983,0
487894,540,-56.21659,0
487904,534,-57.05983,0
487914,524,-58.46524,0
487924,535,-56.91929,0
487934,534,-57.05983,0
487944,531,-57.48146,0
487954,530,-57.622,0
487964,531,-57.48146,0
487974,532,-57.34091,0
487984,537,-56.63821,0
487994,536,-56.77875,0
488004,539,-56.35712,0
488014,536,-56.77875,0
488024,529,-57.76254,0
488034,528,-57.90308,0
488044,531,-57.48146,0
488054,539,-56.35712,0
488064,524,-58.46524,0
488074,536,-56.77875,0
488084,527,-58.04362,0
488094,527,-58.04362,0
488104,533,-57.20037,0
488114,525,-58.3247,0
488124,534,-57.05983,0
488134,532,-57.34091,0
488144,532,-57.34091,0
488154,534,-57.05983,0
488164,528,-57.90308,0
488174,528,-57.90308,0
488184,531,-57.48146,0
488194,533,-57.20037,0
488204,529,-57.76254,0
488214,523,-58.60579,0
488224,535,-56.91929,0
488234,541,-56.07604,0
488244,530,-57.622,0
488254,528,-57.90308,0
488264,530,-57.622,0
488274,529,-57.76254,0
488284,529,-57.76254,0
488294,537,-56.63821,0
488304,530,-57.622,0
488314,536,-56.77875,0
488324,518,-59.30849,0
488334,533,-57.20037,0
488344,531,-57.48146,0
488354,530,-57.622,0
488364,517,-59.44904,0
488374,539,-56.35712,0
488384,534,-57.05983,0
488394,532,-57.34091,0
488404,533,-57.20037,0
488414,533,-57.20037,0
488424,534,-57.05983,0
488434,534,-57.05983,0
488444,533,-57.20037,0
488454,530,-57.622,0
488464,532,-57.34091,0
488474,528,-57.90308,0
488484,534,-57.05983,0
488494,534,-57.05983,0
488504,533,-57.20037,0
488514,530,-57.622,0
488524,536,-56.77875,0
488534,533,-57.20037,0
488544,532,-57.34091,0
488554,522,-58.74633,0
488564,527,-58.04362,0
488574,527,-58.04362,0
488584,528,-57.90308,0
488594,525,-58.3247,0
488604,523,-58.60579,0
488614,521,-58.88687,0
488624,526,-58.18417,0
488634,535,-56.91929,0
488644,540,-56.21659,0
488654,535,-56.91929,0
488664,535,-56.91929,0
488674,540,-56.21659,0
488684,530,-57.622,0
488694,530,-57.622,0
488704,529,-57.76254,0
488714,537,-56.63821,0
488724,530,-57.622,0
488734,533,-57.20037,0
488744,533,-57.20037,0
488754,539,-56.35712,0
488764,525,-58.3247,0
488774,533,-57.20037,0
488784,542,-55.9355,0
488794,532,-57.34091,0
488804,534,-57.05983,0
488814,530,-57.622,0
488824,528,-57.90308,0
488834,534,-57.05983,0
488844,536,-56.77875,0
488854,537,-56.63821,0
488864,533,-57.20037,0
488874,525,-58.3247,0
488884,539,-56.35712,0
488894,536,-56.77875,0
488904,531,-57.48146,0
488914,529,-57.76254,0
488924,524,-58.46524,0
488934,531,-57.48146,0
488944,530,-57.622,0
488954,530,-57.622,0
488964,534,-57.05983,0
488974,531,-57.48146,0
488984,538,-56.49767,0
488994,529,-57.76254,0
489004,534,-57.05983,0
489014,526,-58.18417,0
489024,529,-57.76254,0
489034,534,-57.05983,0
489044,529,-57.76254,0
489054,528,-57.90308,0
489064,532,-57.34091,0
489074,532,-57.34091,0
489084,533,-57.20037,0
489094,532,-57.34091,0
489104,532,-57.34091,0
489114,532,-57.34091,0
489124,536,-56.77875,0
489134,535,-56.91929,0
489144,526,-58.18417,0
489154,527,-58.04362,0
489164,539,-56.35712,0
489174,529,-57.76254,0
489184,525,-58.3247,0
489194,526,-58.18417,0
489204,531,-57.48146,0
489214,534,-57.05983,0
489224,532,-57.34091,0
489234,536,-56.77875,0
489244,530,-57.622,0
489254,538,-56.49767,0
489264,532,-57.34091,0
489274,528,-57.90308,0
489284,535,-56.91929,0
489294,528,-57.90308,0
489304,531,-57.48146,0
489314,534,-57.05983,0
489324,538,-56.49767,0
489334,535,-56.91929,0
489344,539,-56.35712,0
489354,539,-56.35712,0
489364,536,-56.77875,0
489374,534,-57.05983,0
489384,538,-56.49767,0
489394,534,-57.05983,0
489404,537,-56.63821,0
489414,532,-57.34091,0
489424,528,-57.90308,0
489434,539,-56.35712,0
489444,534,-57.05983,0
489454,531,-57.48146,0
489464,533,-57.20037,0
489474,533,-57.20037,0
489484,538,-56.49767,0
489494,530,-57.622,0
489504,542,-55.9355,0
489514,532,-57.34091,0
489524,532,-57.34091,0
489534,529,-57.76254,0
489544,526,-58.18417,0
489554,540,-56.21659,0
489564,529,-57.76254,0
489574,533,-57.20037,0
489584,535,-56.91929,0
489594,534,-57.05983,0
489604,537,-56.63821,0
489614,534,-57.05983,0
489624,529,-57.76254,0
489634,530,-57.622,0
489644,533,-57.20037,0
489654,529,-57.76254,0
489664,531,-57.48146,0
489674,539,-56.35712,0
489684,530,-57.622,0
489694,523,-58.60579,0
489704,528,-57.90308,0
489714,529,-57.76254,0
489724,529,-57.76254,0
489734,533,-57.20037,0
489744,531,-57.48146,0
489754,543,-55.79496,0
489764,531,-57.48146,0
489774,530,-57.622,0
489784,537,-56.63821,0
489794,533,-57.20037,0
489804,529,-57.76254,0
489814,532,-57.34091,0
489824,539,-56.35712,0
489834,532,-57.34091,0
489844,532,-57.34091,0
489854,535,-56.91929,0
489864,532,-57.34091,0
489874,531,-57.48146,0
489884,534,-57.05983,0
489894,532,-57.34091,0
489904,531,-57.48146,0
489914,531,-57.48146,0
489924,529,-57.76254,0
489934,532,-57.34091,0
489944,541,-56.07604,0
489954,528,-57.90308,0
489964,534,-57.05983,0
489974,537,-56.63821,0
489984,530,-57.622,0
489994,535,-56.91929,0
490004,534,-57.05983,0
490014,534,-57.05983,0
490024,523,-58.60579,0
490034,537,-56.63821,0
490044,522,-58.74633,0
490054,533,-57.20037,0
490064,530,-57.622,0
490074,536,-56.77875,0
490084,531,-57.48146,0
490094,534,-57.05983,0
490104,532,-57.34091,0
490114,530,-57.622,0
490124,530,-57.622,0
490134,533,-57.20037,0
490144,532,-57.34091,0
490154,528,-57.90308,0
490164,524,-58.46524,0
490174,533,-57.20037,0
490184,530,-57.622,0
490194,531,-57.48146,0
490204,532,-57.34091,0
490214,528,-57.90308,0
490224,532,-57.34091,0
490234,527,-58.04362,0
490244,532,-57.34091,0
490254,533,-57.20037,0
490264,533,-57.20037,0
490274,532,-57.34091,0
490284,538,-56.49767,0
490294,529,-57.76254,0
490304,536,-56.77875,0
490314,529,-57.76254,0
490324,534,-57.05983,0
490334,540,-56.21659,0
490344,536,-56.77875,0
490354,535,-56.91929,0
490364,537,-56.63821,0
490374,537,-56.63821,0
490384,534,-57.05983,0
490394,525,-58.3247,0
490404,528,-57.90308,0
490414,534,-57.05983,0
490424,535,-56.91929,0
490434,530,-57.622,0
490444,535,-56.91929,0
490454,524,-58.46524,0
490464,535,-56.91929,0
490474,532,-57.34091,0
490484,536,-56.77875,0
490494,535,-56.91929,0
490504,534,-57.05983,0
490514,536,-56.77875,0
490524,525,-58.3247,0
490534,526,-58.18417,0
490544,534,-57.05983,0
490554,536,-56.77875,0
490564,532,-57.34091,0
490574,534,-57.05983,0
490584,530,-57.622,0
490594,533,-57.20037,0
490604,532,-57.34091,0
490614,532,-57.34091,0
490624,528,-57.90308,0
490634,529,-57.76254,0
490644,525,-58.3247,0
490654,530,-57.622,0
490664,533,-57.20037,0
490674,531,-57.48146,0
490684,525,-58.3247,0
490694,528,-57.90308,0
490704,538,-56.49767,0
490714,534,-57.05983,0
490724,528,-57.90308,0
490734,528,-57.90308,0
490744,534,-57.05983,0
490754,534,-57.05983,0
490764,528,-57.90308,0
490774,531,-57.48146,0
490784,538,-56.49767,0
490794,536,-56.77875,0
490804,530,-57.622,0
490814,533,-57.20037,0
490824,534,-57.05983,0
490834,528,-57.90308,0
490844,535,-56.91929,0
490854,531,-57.48146,0
490864,535,-56.91929,0
490874,534,-57.05983,0
490884,537,-56.63821,0
490894,533,-57.20037,0
490904,533,-57.20037,0
490914,529,-57.76254,0
490924,527,-58.04362,0
490934,533,-57.20037,0
490944,532,-57.34091,0
490954,529,-57.76254,0
490964,536,-56.77875,0
490974,537,-56.63821,0
490984,526,-58.18417,0
490994,525,-58.3247,0
491004,522,-58.74633,0
491014,531,-57.48146,0
491024,527,-58.04362,0
491034,534,-57.05983,0
491044,532,-57.34091,0
491054,533,-57.20037,0
491064,532,-57.34091,0
491074,538,-56.49767,0
491084,533,-57.20037,0
491094,535,-56.91929,0
491104,526,-58.18417,0
491114,532,-57.34091,0
491124,535,-56.91929,0
491134,525,-58.3247,0
491144,536,-56.77875,0
491154,533,-57.20037,0
491164,525,-58.3247,0
491174,537,-56.63821,0
491184,528,-57.90308,0
491194,523,-58.60579,0
491204,535,-56.91929,0
491214,532,-57.34091,0
491224,532,-57.34091,0
491234,532,-57.34091,0
491244,529,-57.76254,0
491254,531,-57.48146,0
491264,527,-58.04362,0
491274,531,-57.48146,0
491284,533,-57.20037,0
491294,518,-59.30849,0
491304,525,-58.3247,0
491314,534,-57.05983,0
491324,536,-56.77875,0
491334,528,-57.90308,0
491344,529,-57.76254,0
491354,536,-56.77875,0
491364,536,-56.77875,0
491374,534,-57.05983,0
491384,528,-57.90308,0
491394,525,-58.3247,0
491404,532,-57.34091,0
491414,539,-56.35712,0
491424,534,-57.05983,0
491434,536,-56.77875,0
491444,536,-56.77875,0
491454,527,-58.04362,0
491464,534,-57.05983,0
491474,530,-57.622,0
491484,531,-57.48146,0
491494,532,-57.34091,0
491504,527,-58.04362,0
491514,531,-57.48146,0
491524,539,-56.35712,0
491534,534,-57.05983,0
491544,535,-56.91929,0
491554,537,-56.63821,0
491564,533,-57.20037,0
491574,535,-56.91929,0
491584,537,-56.63821,0
491594,532,-57.34091,0
491604,532,-57.34091,0
491614,536,-56.77875,0
491624,530,-57.622,0
491634,529,-57.76254,0
491644,524,-58.46524,0
491654,532,-57.34091,0
491664,534,-57.05983,0
491674,533,-57.20037,0
491684,527,-58.04362,0
491694,527,-58.04362,0
491704,528,-57.90308,0
491714,531,-57.48146,0
491724,539,-56.35712,0
491734,536,-56.77875,0
491744,536,-56.77875,0
491754,533,-57.20037,0
491764,532,-57.34091,0
491774,537,-56.63821,0
491784,532,-57.34091,0
491794,529,-57.76254,0
491804,538,-56.49767,0
491814,526,-58.18417,0
491824,536,-56.77875,0
491834,533,-57.20037,0
491844,527,-58.04362,0
491854,524,-58.46524,0
491864,532,-57.34091,0
491874,538,-56.49767,0
491884,537,-56.63821,0
491894,527,-58.04362,0
491904,534,-57.05983,0
491914,534,-57.05983,0
491924,531,-57.48146,0
491934,538,-56.49767,0
491944,535,-56.91929,0
491954,534,-57.05983,0
491964,528,-57.90308,0
491974,531,-57.48146,0
491984,526,-58.18417,0
491994,531,-57.48146,0
492004,541,-56.07604,0
492014,534,-57.05983,0
492024,534,-57.05983,0
492034,544,-55.65442,0
492044,536,-56.77875,0
492054,538,-56.49767,0
492064,537,-56.63821,0
492074,531,-57.48146,0
492084,526,-58.18417,0
492094,542,-55.9355,0
492104,529,-57.76254,0
492114,531,-57.48146,0
492124,527,-58.04362,0
492134,526,-58.18417,0
492144,536,-56.77875,0
492154,529,-57.76254,0
492164,528,-57.90308,0
492174,535,-56.91929,0
492184,534,-57.05983,0
492194,537,-56.63821,0
492204,536,-56.77875,0
492214,533,-57.20037,0
492224,535,-56.91929,0
492234,536,-56.77875,0
492244,532,-57.34091,0
492254,537,-56.63821,0
492264,535,-56.91929,0
492274,529,-57.76254,0
492284,538,-56.49767,0
492294,533,-57.20037,0
492304,533,-57.20037,0
492314,534,-57.05983,0
492324,535,-56.91929,0
492334,534,-57.05983,0
492344,536,-56.77875,0
492354,532,-57.34091,0
492364,524,-58.46524,0
492374,540,-56.21659,0
492384,530,-57.622,0
492394,534,-57.05983,0
492404,533,-57.20037,0
492414,534,-57.05983,0
492424,530,-57.622,0
492434,527,-58.04362,0
492444,531,-57.48146,0
492454,531,-57.48146,0
492464,541,-56.07604,0
492474,533,-57.20037,0
492484,534,-57.05983,0
492494,528,-57.90308,0
492504,539,-56.35712,0
492514,533,-57.20037,0
492524,537,-56.63821,0
492534,535,-56.91929,0
492544,531,-57.48146,0
492554,532,-57.34091,0
492564,531,-57.48146,0
492574,532,-57.34091,0
492584,533,-57.20037,0
492594,531,-57.48146,0
492604,530,-57.622,0
492614,524,-58.46524,0
492624,539,-56.35712,0
492634,532,-57.34091,0
492644,534,-57.05983,0
492654,531,-57.48146,0
492664,532,-57.34091,0
492674,530,-57.622,0
492684,528,-57.90308,0
492694,530,-57.622,0
492704,532,-57.34091,0
492714,533,-57.20037,0
492724,536,-56.77875,0
492734,532,-57.34091,0
492744,533,-57.20037,0
492754,537,-56.63821,0
492764,533,-57.20037,0
492774,538,-56.49767,0
492784,535,-56.91929,0
492794,531,-57.48146,0
492804,537,-56.63821,0
492814,536,-56.77875,0
492824,532,-57.34091,0
492834,523,-58.60579,0
492844,538,-56.49767,0
492854,529,-57.76254,0
492864,530,-57.622,0
492874,529,-57.76254,0
492884,534,-57.05983,0
492894,531,-57.48146,0
492904,531,-57.48146,0
492914,534,-57.05983,0
492924,537,-56.63821,0
492934,526,-58.18417,0
492944,530,-57.622,0
492954,531,-57.48146,0
492964,520,-59.02741,0
492974,532,-57.34091,0
492984,531,-57.48146,0
492994,529,-57.76254,0
493004,535,-56.91929,0
493014,530,-57.622,0
493024,526,-58.18417,0
493034,539,-56.35712,0
493044,536,-56.77875,0
493054,531,-57.48146,0
493064,530,-57.622,0
493074,533,-57.20037,0
493084,527,-58.04362,0
493094,532,-57.34091,0
493104,533,-57.20037,0
493114,534,-57.05983,0
493124,532,-57.34091,0
493134,534,-57.05983,0
493144,532,-57.34091,0
493154,525,-58.3247,0
493164,538,-56.49767,0
493174,535,-56.91929,0
493184,529,-57.76254,0
493194,531,-57.48146,0
493204,527,-58.04362,0
493214,537,-56.63821,0
493224,534,-57.05983,0
493234,532,-57.34091,0
493244,531,-57.48146,0
493254,530,-57.622,0
493264,529,-57.76254,0
493274,534,-57.05983,0
493284,535,-56.91929,0
493294,534,-57.05983,0
493304,539,-56.35712,0
493314,531,-57.48146,0
493324,541,-56.07604,0
493334,526,-58.18417,0
493344,527,-58.04362,0
493354,528,-57.90308,0
493364,527,-58.04362,0
493374,534,-57.05983,0
493384,521,-58.88687,0
493394,526,-58.18417,0
493404,528,-57.90308,0
493414,522,-58.74633,0
493424,537,-56.63821,0
493434,528,-57.90308,0
493444,533,-57.20037,0
493454,532,-57.34091,0
493464,533,-57.20037,0
493474,529,-57.76254,0
493484,534,-57.05983,0
493494,530,-57.622,0
493504,530,-57.622,0
493514,537,-56.63821,0
493524,539,-56.35712,0
493534,534,-57.05983,0
493544,532,-57.34091,0
493554,542,-55.9355,0
493564,518,-59.30849,0
493574,529,-57.76254,0
493584,532,-57.34091,0
493594,534,-57.05983,0
493604,532,-57.34091,0
493614,539,-56.35712,0
493624,529,-57.76254,0
493634,533,-57.20037,0
493644,526,-58.18417,0
493654,535,-56.91929,0
493664,535,-56.91929,0
493674,527,-58.04362,0
493684,529,-57.76254,0
493694,532,-57.34091,0
493704,537,-56.63821,0
493714,535,-56.91929,0
493724,531,-57.48146,0
493734,522,-58.74633,0
493744,532,-57.34091,0
493754,527,-58.04362,0
493764,537,-56.63821,0
493774,532,-57.34091,0
493784,536,-56.77875,0
493794,528,-57.90308,0
493804,532,-57.34091,0
493814,535,-56.91929,0
493824,526,-58.18417,0
493834,527,-58.04362,0
493844,531,-57.48146,0
493854,532,-57.34091,0
493864,532,-57.34091,0
493874,527,-58.04362,0
493884,530,-57.622,0
493894,534,-57.05983,0
493904,535,-56.91929,0
493914,536,-56.77875,0
493924,528,-57.90308,0
493934,527,-58.04362,0
493944,527,-58.04362,0
493954,538,-56.49767,0
493964,528,-57.90308,0
493974,522,-58.74633,0
493984,541,-56.07604,0
493994,532,-57.34091,0
494004,534,-57.05983,0
494014,529,-57.76254,0
494024,533,-57.20037,0
494034,540,-56.21659,0
494044,535,-56.91929,0
494054,537,-56.63821,0
494064,526,-58.18417,0
494074,531,-57.48146,0
494084,529,-57.76254,0
494094,532,-57.34091,0
494104,533,-57.20037,0
494114,531,-57.48146,0
494124,529,-57.76254,0
494134,531,-57.48146,0
494144,538,-56.49767,0
494154,534,-57.05983,0
494164,530,-57.622,0
494174,536,-56.77875,0
494184,535,-56.91929,0
494194,536,-56.77875,0
494204,530,-57.622,0
494214,541,-56.07604,0
494224,535,-56.91929,0
494234,538,-56.49767,0
494244,530,-57.622,0
494254,534,-57.05983,0
494264,536,-56.77875,0
494274,534,-57.05983,0
494284,531,-57.48146,0
494294,538,-56.49767,0
494304,531,-57.48146,0
494314,522,-58.74633,0
494324,524,-58.46524,0
494334,528,-57.90308,0
494344,541,-56.07604,0
494354,529,-57.76254,0
494364,539,-56.35712,0
494374,537,-56.63821,0
494384,535,-56.91929,0
494394,535,-56.91929,0
494404,530,-57.622,0
494414,537,-56.63821,0
494424,530,-57.622,0
494434,526,-58.18417,0
494444,534,-57.05983,0
494454,535,-56.91929,0
494464,528,-57.90308,0
494474,534,-57.05983,0
494484,530,-57.622,0
494494,538,-56.49767,0
494504,533,-57.20037,0
494514,531,-57.48146,0
494524,534,-57.05983,0
494534,536,-56.77875,0
494544,529,-57.76254,0
494554,529,-57.76254,0
494564,526,-58.18417,0
494574,528,-57.90308,0
494584,533,-57.20037,0
494594,531,-57.48146,0
494604,538,-56.49767,0
494614,531,-57.48146,0
494624,529,-57.76254,0
494634,530,-57.622,0
494644,529,-57.76254,0
494654,537,-56.63821,0
494664,528,-57.90308,0
494674,534,-57.05983,0
494684,531,-57.48146,0
494694,532,-57.34091,0
494704,533,-57.20037,0
494714,531,-57.48146,0
494724,529,-57.76254,0
494734,529,-57.76254,0
494744,529,-57.76254,0
494754,534,-57.05983,0
494764,531,-57.48146,0
494774,527,-58.04362,0
494784,537,-56.63821,0
494794,527,-58.04362,0
494804,523,-58.60579,0
494814,527,-58.04362,0
494824,529,-57.76254,0
494834,530,-57.622,0
494844,529,-57.76254,0
494854,527,-58.04362,0
494864,529,-57.76254,0
494874,531,-57.48146,0
494884,535,-56.91929,0
494894,528,-57.90308,0
494904,529,-57.76254,0
494914,529,-57.76254,0
494924,538,-56.49767,0
494934,536,-56.77875,0
494944,535,-56.91929,0
494954,534,-57.05983,0
494964,539,-56.35712,0
494974,534,-57.05983,0
494984,538,-56.49767,0
494994,537,-56.63821,0
495004,529,-57.76254,0
495014,526,-58.18417,0
495024,529,-57.76254,0
495034,522,-58.74633,0
495044,530,-57.622,0
495054,530,-57.622,0
495064,525,-58.3247,0
495074,536,-56.77875,0
495084,525,-58.3247,0
495094,537,-56.63821,0
495104,533,-57.20037,0
495114,536,-56.77875,0
495124,531,-57.48146,0
495134,532,-57.34091,0
495144,535,-56.91929,0
495154,531,-57.48146,0
495164,528,-57.90308,0
495174,528,-57.90308,0
495184,538,-56.49767,0
495194,537,-56.63821,0
495204,530,-57.622,0
495214,537,-56.63821,0
495224,527,-58.04362,0
495234,535,-56.91929,0
495244,529,-57.76254,0
495254,531,-57.48146,0
495264,529,-57.76254,0
495274,539,-56.35712,0
495284,541,-56.07604,0
495294,531,-57.48146,0
495304,524,-58.46524,0
495314,533,-57.20037,0
495324,536,-56.77875,0
495334,537,-56.63821,0
495344,537,-56.63821,0
495354,537,-56.63821,0
495364,527,-58.04362,0
495374,536,-56.77875,0
495384,531,-57.48146,0
495394,539,-56.35712,0
495404,539,-56.35712,0
495414,533,-57.20037,0
495424,533,-57.20037,0
495434,533,-57.20037,0
495444,529,-57.76254,0
495454,534,-57.05983,0
495464,532,-57.34091,0
495474,531,-57.48146,0
495484,534,-57.05983,0
495494,531,-57.48146,0
495504,528,-57.90308,0
495514,533,-57.20037,0
495524,529,-57.76254,0
495534,532,-57.34091,0
495544,538,-56.49767,0
495554,530,-57.622,0
495564,538,-56.49767,0
495574,534,-57.05983,0
495584,531,-57.48146,0
495594,518,-59.30849,0
495604,527,-58.04362,0
495614,532,-57.34091,0
495624,530,-57.622,0
495634,536,-56.77875,0
495644,527,-58.04362,0
495654,537,-56.63821,0
495664,536,-56.77875,0
495674,530,-57.622,0
495684,532,-57.34091,0
495694,532,-57.34091,0
495704,536,-56.77875,0
495714,533,-57.20037,0
495724,525,-58.3247,0
495734,535,-56.91929,0
495744,530,-57.622,0
495754,538,-56.49767,0
495764,540,-56.21659,0
495774,535,-56.91929,0
495784,532,-57.34091,0
495794,534,-57.05983,0
495804,531,-57.48146,0
495814,533,-57.20037,0
495824,533,-57.20037,0
495834,534,-57.05983,0
495844,535,-56.91929,0
495854,526,-58.18417,0
495864,532,-57.34091,0
495874,528,-57.90308,0
495884,527,-58.04362,0
495894,536,-56.77875,0
495904,529,-57.76254,0
495914,535,-56.91929,0
495924,536,-56.77875,0
495934,544,-55.65442,0
495944,533,-57.20037,0
495954,534,-57.05983,0
495964,531,-57.48146,0
495974,524,-58.46524,0
495984,529,-57.76254,0
495994,533,-57.20037,0
496004,538,-56.49767,0
496014,534,-57.05983,0
496024,532,-57.34091,0
496034,528,-57.90308,0
496044,531,-57.48146,0
496054,530,-57.622,0
496064,530,-57.622,0
496074,534,-57.05983,0
496084,531,-57.48146,0
496094,533,-57.20037,0
496104,530,-57.622,0
496114,528,-57.90308,0
496124,528,-57.90308,0
496134,533,-57.20037,0
496144,527,-58.04362,0
496154,530,-57.622,0
496164,529,-57.76254,0
496174,537,-56.63821,0
496184,527,-58.04362,0
496194,534,-57.05983,0
496204,533,-57.20037,0
496214,537,-56.63821,0
496224,528,-57.90308,0
496234,523,-58.60579,0
496244,528,-57.90308,0
496254,531,-57.48146,0
496264,535,-56.91929,0
496274,533,-57.20037,0
496284,532,-57.34091,0
496294,533,-57.20037,0
496304,535,-56.91929,0
496314,529,-57.76254,0
496324,533,-57.20037,0
496334,528,-57.90308,0
496344,530,-57.622,0
496354,527,-58.04362,0
496364,532,-57.34091,0
496374,533,-57.20037,0
496384,536,-56.77875,0
496394,535,-56.91929,0
496404,529,-57.76254,0
496414,531,-57.48146,0
496424,530,-57.622,0
496434,522,-58.74633,0
496444,531,-57.48146,0
496454,536,-56.77875,0
496464,526,-58.18417,0
496474,532,-57.34091,0
496484,538,-56.49767,0
496494,536,-56.77875,0
496504,530,-57.622,0
496514,529,-57.76254,0
496524,531,-57.48146,0
496534,533,-57.20037,0
496544,532,-57.34091,0
496554,541,-56.07604,0
496564,532,-57.34091,0
496574,525,-58.3247,0
496584,530,-57.622,0
496594,532,-57.34091,0
496604,524,-58.46524,0
496614,536,-56.77875,0
496624,531,-57.48146,0
496634,536,-56.77875,0
496644,531,-57.48146,0
496654,530,-57.622,0
496664,535,-56.91929,0
496674,532,-57.34091,0
496684,539,-56.35712,0
496694,527,-58.04362,0
496704,534,-57.05983,0
496714,534,-57.05983,0
496724,531,-57.48146,0
496734,530,-57.622,0
496744,539,-56.35712,0
496754,537,-56.63821,0
496764,527,-58.04362,0
496774,529,-57.76254,0
496784,531,-57.48146,0
496794,527,-58.04362,0
496804,540,-56.21659,0
496814,535,-56.91929,0
496824,530,-57.622,0
496834,528,-57.90308,0
496844,530,-57.622,0
496854,531,-57.48146,0
496864,540,-56.21659,0
496874,533,-57.20037,0
496884,533,-57.20037,0
496894,535,-56.91929,0
496904,533,-57.20037,0
496914,540,-56.21659,0
496924,534,-57.05983,0
496934,532,-57.34091,0
496944,530,-57.622,0
496954,537,-56.63821,0
496964,525,-58.3247,0
496974,535,-56.91929,0
496984,526,-58.18417,0
496994,538,-56.49767,0
497004,545,-55.51387,0
497014,539,-56.35712,0
497024,534,-57.05983,0
497034,536,-56.77875,0
497044,533,-57.20037,0
497054,527,-58.04362,0
497064,535,-56.91929,0
497074,533,-57.20037,0
497084,530,-57.622,0
497094,537,-56.63821,0
497104,535,-56.91929,0
497114,530,-57.622,0
497124,535,-56.91929,0
497134,536,-56.77875,0
497144,545,-55.51387,0
497154,528,-57.90308,0
497164,538,-56.49767,0
497174,537,-56.63821,0
497184,526,-58.18417,0
497194,523,-58.60579,0
497204,537,-56.63821,0
497214,533,-57.20037,0
497224,533,-57.20037,0
497234,540,-56.21659,0
497244,527,-58.04362,0
497254,526,-58.18417,0
497264,534,-57.05983,0
497274,537,-56.63821,0
497284,532,-57.34091,0
497294,523,-58.60579,0
497304,530,-57.622,0
497314,527,-58.04362,0
497324,535,-56.91929,0
497334,534,-57.05983,0
497344,531,-57.48146,0
497354,530,-57.622,0
497364,535,-56.91929,0
497374,541,-56.07604,0
497384,538,-56.49767,0
497394,537,-56.63821,0
497404,531,-57.48146,0
497414,531,-57.48146,0
497424,531,-57.48146,0
497434,533,-57.20037,0
497444,525,-58.3247,0
497454,537,-56.63821,0
497464,534,-57.05983,0
497474,531,-57.48146,0
497484,527,-58.04362,0
497494,533,-57.20037,0
497504,529,-57.76254,0
497514,536,-56.77875,0
497524,533,-57.20037,0
497534,538,-56.49767,0
497544,530,-57.622,0
497554,533,-57.20037,0
497564,529,-57.76254,0
497574,535,-56.91929,0
497584,529,-57.76254,0
497594,533,-57.20037,0
497604,535,-56.91929,0
497614,536,-56.77875,0
497624,534,-57.05983,0
497634,524,-58.46524,0
497644,531,-57.48146,0
497654,530,-57.622,0
497664,532,-57.34091,0
497674,532,-57.34091,0
497684,532,-57.34091,0
497694,523,-58.60579,0
497704,533,-57.20037,0
497714,532,-57.34091,0
497724,535,-56.91929,0
497734,538,-56.49767,0
497744,533,-57.20037,0
497754,531,-57.48146,0
497764,529,-57.76254,0
497774,526,-58.18417,0
497784,533,-57.20037,0
497794,528,-57.90308,0
497804,520,-59.02741,0
497814,523,-58.60579,0
497824,529,-57.76254,0
497834,528,-57.90308,0
497844,537,-56.63821,0
497854,530,-57.622,0
497864,526,-58.18417,0
497874,532,-57.34091,0
497884,532,-57.34091,0
497894,526,-58.18417,0
497904,531,-57.48146,0
497914,535,-56.91929,0
497924,527,-58.04362,0
497934,541,-56.07604,0
497944,528,-57.90308,0
497954,534,-57.05983,0
497964,534,-57.05983,0
497974,537,-56.63821,0
497984,527,-58.04362,0
497994,527,-58.04362,0
498004,537,-56.63821,0
498014,534,-57.05983,0
498024,535,-56.91929,0
498034,534,-57.05983,0
498044,529,-57.76254,0
498054,533,-57.20037,0
498064,528,-57.90308,0
498074,526,-58.18417,0
498084,535,-56.91929,0
498094,529,-57.76254,0
498104,536,-56.77875,0
498114,529,-57.76254,0
498124,529,-57.76254,0
498134,531,-57.48146,0
498144,533,-57.20037,0
498154,532,-57.34091,0
498164,534,-57.05983,0
498174,526,-58.18417,0
498184,538,-56.49767,0
498194,536,-56.77875,0
498204,536,-56.77875,0
498214,538,-56.49767,0
498224,528,-57.90308,0
498234,534,-57.05983,0
498244,529,-57.76254,0
498254,531,-57.48146,0
498264,533,-57.20037,0
498274,527,-58.04362,0
498284,532,-57.34091,0
498294,531,-57.48146,0
498304,529,-57.76254,0
498314,529,-57.76254,0
498324,539,-56.35712,0
498334,533,-57.20037,0
498344,531,-57.48146,0
498354,531,-57.48146,0
498364,538,-56.49767,0
498374,532,-57.34091,0
498384,532,-57.34091,0
498394,531,-57.48146,0
498404,525,-58.3247,0
498414,539,-56.35712,0
498424,531,-57.48146,0
498434,535,-56.91929,0
498444,531,-57.48146,0
498454,535,-56.91929,0
498464,535,-56.91929,0
498474,524,-58.46524,0
498484,538,-56.49767,0
498494,529,-57.76254,0
498504,535,-56.91929,0
498514,529,-57.76254,0
498524,524,-58.46524,0
498534,536,-56.77875,0
498544,536,-56.77875,0
498554,540,-56.21659,0
498564,533,-57.20037,0
498574,534,-57.05983,0
498584,521,-58.88687,0
498594,533,-57.20037,0
498604,526,-58.18417,0
498614,531,-57.48146,0
498624,526,-58.18417,0
498634,530,-57.622,0
498644,523,-58.60579,0
498654,527,-58.04362,0
498664,532,-57.34091,0
498674,532,-57.34091,0
498684,538,-56.49767,0
498694,527,-58.04362,0
498704,531,-57.48146,0
498714,534,-57.05983,0
498724,528,-57.90308,0
498734,534,-57.05983,0
498744,532,-57.34091,0
498754,540,-56.21659,0
498764,527,-58.04362,0
498774,539,-56.35712,0
498784,526,-58.18417,0
498794,535,-56.91929,0
498804,537,-56.63821,0
498814,532,-57.34091,0
498824,536,-56.77875,0
498834,526,-58.18417,0
498844,534,-57.05983,0
498854,531,-57.48146,0
498864,532,-57.34091,0
498874,533,-57.20037,0
498884,535,-56.91929,0
498894,538,-56.49767,0
498904,541,-56.07604,0
498914,530,-57.622,0
498924,536,-56.77875,0
498934,533,-57.20037,0
498944,536,-56.77875,0
498954,532,-57.34091,0
498964,538,-56.49767,0
498974,535,-56.91929,0
498984,543,-55.79496,0
498994,539,-56.35712,0
499004,534,-57.05983,0
499014,532,-57.34091,0
499024,528,-57.90308,0
499034,536,-56.77875,0
499044,540,-56.21659,0
499054,539,-56.35712,0
499064,534,-57.05983,0
499074,529,-57.76254,0
499084,532,-57.34091,0
499094,537,-56.63821,0
499104,526,-58.18417,0
499114,528,-57.90308,0
499124,528,-57.90308,0
499134,532,-57.34091,0
499144,528,-57.90308,0
499154,537,-56.63821,0
499164,527,-58.04362,0
499174,532,-57.34091,0
499184,534,-57.05983,0
499194,530,-57.622,0
499204,531,-57.48146,0
499214,531,-57.48146,0
499224,530,-57.622,0
499234,536,-56.77875,0
499244,532,-57.34091,0
499254,538,-56.49767,0
499264,529,-57.76254,0
499274,533,-57.20037,0
499284,533,-57.20037,0
499294,535,-56.91929,0
499304,536,-56.77875,0
499314,528,-57.90308,0
499324,526,-58.18417,0
499334,531,-57.48146,0
499344,543,-55.79496,0
499354,534,-57.05983,0
499364,540,-56.21659,0
499374,525,-58.3247,0
499384,534,-57.05983,0
499394,537,-56.63821,0
499404,530,-57.622,0
499414,535,-56.91929,0
499424,535,-56.91929,0
499434,534,-57.05983,0
499444,537,-56.63821,0
499454,540,-56.21659,0
499464,535,-56.91929,0
499474,530,-57.622,0
499484,541,-56.07604,0
499494,530,-57.622,0
499504,535,-56.91929,0
499514,535,-56.91929,0
499524,528,-57.90308,0
499534,531,-57.48146,0
499544,536,-56.77875,0
499554,533,-57.20037,0
499564,532,-57.34091,0
499574,527,-58.04362,0
499584,538,-56.49767,0
499594,531,-57.48146,0
499604,524,-58.46524,0
499614,535,-56.91929,0
499624,532,-57.34091,0
499634,535,-56.91929,0
499644,534,-57.05983,0
499654,536,-56.77875,0
499664,534,-57.05983,0
499674,538,-56.49767,0
499684,540,-56.21659,0
499694,538,-56.49767,0
499704,530,-57.622,0
499714,542,-55.9355,0
499724,528,-57.90308,0
499734,532,-57.34091,0
499744,530,-57.622,0
499754,523,-58.60579,0
499764,535,-56.91929,0
499774,530,-57.622,0
499784,526,-58.18417,0
499794,536,-56.77875,0
499804,534,-57.05983,0
499814,532,-57.34091,0
499824,539,-56.35712,0
499834,531,-57.48146,0
499844,532,-57.34091,0
499854,533,-57.20037,0
499864,529,-57.76254,0
499874,536,-56.77875,0
499884,534,-57.05983,0
499894,537,-56.63821,0
499904,528,-57.90308,0
499914,545,-55.51387,0
499924,530,-57.622,0
499934,531,-57.48146,0
499944,537,-56.63821,0
499954,536,-56.77875,0
499964,528,-57.90308,0
499974,531,-57.48146,0
499984,525,-58.3247,0
499994,529,-57.76254,0
500004,531,-57.48146,0
500014,532,-57.34091,0
500024,536,-56.77875,0
500034,537,-56.63821,0
500044,531,-57.48146,0
500054,535,-56.91929,0
500064,531,-57.48146,0
500074,537,-56.63821,0
500084,531,-57.48146,0
500094,533,-57.20037,0
500104,534,-57.05983,0
500114,532,-57.34091,0
500124,527,-58.04362,0
500134,531,-57.48146,0
500144,526,-58.18417,0
500154,536,-56.77875,0
500164,535,-56.91929,0
500174,530,-57.622,0
500184,531,-57.48146,0
500194,532,-57.34091,0
500204,533,-57.20037,0
500214,533,-57.20037,0
500224,531,-57.48146,0
500234,528,-57.90308,0
500244,531,-57.48146,0
500254,529,-57.76254,0
500264,535,-56.91929,0
500274,532,-57.34091,0
500284,533,-57.20037,0
500294,523,-58.60579,0
500304,540,-56.21659,0
500314,536,-56.77875,0
500324,537,-56.63821,0
500334,532,-57.34091,0
500344,539,-56.35712,0
500354,531,-57.48146,0
500364,538,-56.49767,0
500374,535,-56.91929,0
500384,531,-57.48146,0
500394,536,-56.77875,0
500404,537,-56.63821,0
500414,540,-56.21659,0
500424,534,-57.05983,0
500434,535,-56.91929,0
500444,538,-56.49767,0
500454,536,-56.77875,0
500464,527,-58.04362,0
500474,534,-57.05983,0
500484,533,-57.20037,0
500494,527,-58.04362,0
500504,539,-56.35712,0
500514,532,-57.34091,0
500524,536,-56.77875,0
500534,529,-57.76254,0
500544,526,-58.18417,0
500554,533,-57.20037,0
500564,531,-57.48146,0
500574,528,-57.90308,0
500584,536,-56.77875,0
500594,528,-57.90308,0
500604,532,-57.34091,0
500614,525,-58.3247,0
500624,528,-57.90308,0
500634,534,-57.05983,0
500644,530,-57.622,0
500654,536,-56.77875,0
500664,531,-57.48146,0
500674,535,-56.91929,0
500684,536,-56.77875,0
500694,536,-56.77875,0
500704,531,-57.48146,0
500714,535,-56.91929,0
500724,528,-57.90308,0
500734,521,-58.88687,0
500744,523,-58.60579,0
500754,531,-57.48146,0
500764,532,-57.34091,0
500774,533,-57.20037,0
500784,534,-57.05983,0
500794,531,-57.48146,0
500804,535,-56.91929,0
500814,535,-56.91929,0
500824,541,-56.07604,0
500834,534,-57.05983,0
500844,541,-56.07604,0
500854,534,-57.05983,0
500864,529,-57.76254,0
500874,537,-56.63821,0
500884,528,-57.90308,0
500894,538,-56.49767,0
500904,532,-57.34091,0
500914,536,-56.77875,0
500924,534,-57.05983,0
500934,534,-57.05983,0
500944,528,-57.90308,0
500954,541,-56.07604,0
500964,536,-56.77875,0
500974,533,-57.20037,0
500984,534,-57.05983,0
500994,531,-57.48146,0
501004,531,-57.48146,0
501014,532,-57.34091,0
501024,537,-56.63821,0
501034,529,-57.76254,0
501044,530,-57.622,0
501054,534,-57.05983,0
501064,534,-57.05983,0
501074,534,-57.05983,0
501084,530,-57.622,0
501094,529,-57.76254,0
501104,524,-58.46524,0
501114,533,-57.20037,0
501124,530,-57.622,0
501134,526,-58.18417,0
501144,532,-57.34091,0
501154,535,-56.91929,0
501164,531,-57.48146,0
501174,530,-57.622,0
501184,531,-57.48146,0
501194,534,-57.05983,0
501204,531,-57.48146,0
501214,530,-57.622,0
501224,534,-57.05983,0
501234,525,-58.3247,0
501244,532,-57.34091,0
501254,533,-57.20037,0
501264,533,-57.20037,0
501274,535,-56.91929,0
501284,530,-57.622,0
501294,531,-57.48146,0
501304,541,-56.07604,0
501314,533,-57.20037,0
501324,533,-57.20037,0
501334,536,-56.77875,0
501344,530,-57.622,0
501354,530,-57.622,0
501364,533,-57.20037,0
501374,529,-57.76254,0
501384,531,-57.48146,0
501394,531,-57.48146,0
501404,530,-57.622,0
501414,540,-56.21659,0
501424,539,-56.35712,0
501434,538,-56.49767,0
501444,534,-57.05983,0
501454,533,-57.20037,0
501464,531,-57.48146,0
501474,532,-57.34091,0
501484,533,-57.20037,0
501494,529,-57.76254,0
501504,538,-56.49767,0
501514,531,-57.48146,0
501524,528,-57.90308,0
501534,534,-57.05983,0
501544,526,-58.18417,0
501554,531,-57.48146,0
501564,535,-56.91929,0
501574,531,-57.48146,0
501584,534,-57.05983,0
501594,533,-57.20037,0
501604,540,-56.21659,0
501614,540,-56.21659,0
501624,536,-56.77875,0
501634,537,-56.63821,0
501644,531,-57.48146,0
501654,532,-57.34091,0
501664,537,-56.63821,0
501674,534,-57.05983,0
501684,533,-57.20037,0
501694,530,-57.622,0
501704,533,-57.20037,0
501714,533,-57.20037,0
501724,537,-56.63821,0
501734,534,-57.05983,0
501744,529,-57.76254,0
501754,533,-57.20037,0
501764,536,-56.77875,0
501774,534,-57.05983,0
501784,530,-57.622,0
501794,535,-56.91929,0
501804,529,-57.76254,0
501814,525,-58.3247,0
501824,531,-57.48146,0
501834,529,-57.76254,0
501844,533,-57.20037,0
501854,539,-56.35712,0
501864,542,-55.9355,0
501874,532,-57.34091,0
501884,539,-56.35712,0
501894,534,-57.05983,0
501904,533,-57.20037,0
501914,527,-58.04362,0
501924,535,-56.91929,0
501934,534,-57.05983,0
501944,538,-56.49767,0
501954,530,-57.622,0
501964,529,-57.76254,0
501974,534,-57.05983,0
501984,530,-57.622,0
501994,535,-56.91929,0
502004,527,-58.04362,0
502014,534,-57.05983,0
502024,529,-57.76254,0
502034,531,-57.48146,0
502044,539,-56.35712,0
502054,542,-55.9355,0
502064,534,-57.05983,0
502074,530,-57.622,0
502084,536,-56.77875,0
502094,537,-56.63821,0
502104,533,-57.20037,0
502114,530,-57.622,0
502124,531,-57.48146,0
502134,527,-58.04362,0
502144,531,-57.48146,0
502154,537,-56.63821,0
502164,540,-56.21659,0
502174,535,-56.91929,0
502184,535,-56.91929,0
502194,535,-56.91929,0
502204,537,-56.63821,0
502214,535,-56.91929,0
502224,528,-57.90308,0
502234,543,-55.79496,0
502244,530,-57.622,0
502254,530,-57.622,0
502264,531,-57.48146,0
502274,530,-57.622,0
502284,536,-56.77875,0
502294,534,-57.05983,0
502304,529,-57.76254,0
502314,531,-57.48146,0
502324,531,-57.48146,0
502334,533,-57.20037,0
502344,534,-57.05983,0
502354,526,-58.18417,0
502364,534,-57.05983,0
502374,536,-56.77875,0
502384,532,-57.34091,0
502394,525,-58.3247,0
502404,529,-57.76254,0
502414,532,-57.34091,0
502424,532,-57.34091,0
502434,533,-57.20037,0
502444,535,-56.91929,0
502454,531,-57.48146,0
502464,535,-56.91929,0
502474,528,-57.90308,0
502484,538,-56.49767,0
502494,538,-56.49767,0
502504,542,-55.9355,0
502514,530,-57.622,0
502524,538,-56.49767,0
502534,534,-57.05983,0
502544,536,-56.77875,0
502554,534,-57.05983,0
502564,531,-57.48146,0
502574,534,-57.05983,0
502584,528,-57.90308,0
502594,542,-55.9355,0
502604,531,-57.48146,0
502614,530,-57.622,0
502624,532,-57.34091,0
502634,530,-57.622,0
502644,536,-56.77875,0
502654,536,-56.77875,0
502664,534,-57.05983,0
502674,534,-57.05983,0
502684,529,-57.76254,0
502694,532,-57.34091,0
502704,535,-56.91929,0
502714,536,-56.77875,0
502724,531,-57.48146,0
502734,529,-57.76254,0
502744,532,-57.34091,0
502754,536,-56.77875,0
502764,532,-57.34091,0
502774,531,-57.48146,0
502784,531,-57.48146,0
502794,532,-57.34091,0
502804,536,-56.77875,0
502814,530,-57.622,0
502824,539,-56.35712,0
502834,534,-57.05983,0
502844,531,-57.48146,0
502854,530,-57.622,0
502864,535,-56.91929,0
502874,537,-56.63821,0
502884,529,-57.76254,0
502894,533,-57.20037,0
502904,520,-59.02741,0
502914,536,-56.77875,0
502924,531,-57.48146,0
502934,541,-56.07604,0
502944,529,-57.76254,0
502954,532,-57.34091,0
502964,535,-56.91929,0
502974,533,-57.20037,0
502984,533,-57.20037,0
502994,534,-57.05983,0
503004,531,-57.48146,0
503014,530,-57.622,0
503024,534,-57.05983,0
503034,537,-56.63821,0
503044,529,-57.76254,0
503054,532,-57.34091,0
503064,527,-58.04362,0
503074,530,-57.622,0
503084,528,-57.90308,0
503094,522,-58.74633,0
503104,533,-57.20037,0
503114,537,-56.63821,0
503124,536,-56.77875,0
503134,534,-57.05983,0
503144,535,-56.91929,0
503154,529,-57.76254,0
503164,533,-57.20037,0
503174,525,-58.3247,0
503184,531,-57.48146,0
503194,540,-56.21659,0
503204,535,-56.91929,0
503214,531,-57.48146,0
503224,537,-56.63821,0
503234,530,-57.622,0
503244,540,-56.21659,0
503254,539,-56.35712,0
503264,528,-57.90308,0
503274,529,-57.76254,0
503284,529,-57.76254,0
503294,535,-56.91929,0
503304,540,-56.21659,0
503314,527,-58.04362,0
503324,533,-57.20037,0
503334,530,-57.622,0
503344,526,-58.18417,0
503354,530,-57.622,0
503364,536,-56.77875,0
503374,529,-57.76254,0
503384,532,-57.34091,0
503394,533,-57.20037,0
503404,534,-57.05983,0
503414,540,-56.21659,0
503424,532,-57.34091,0
503434,524,-58.46524,0
503444,530,-57.622,0
503454,529,-57.76254,0
503464,532,-57.34091,0
503474,534,-57.05983,0
503484,537,-56.63821,0
503494,532,-57.34091,0
503504,534,-57.05983,0
503514,527,-58.04362,0
503524,541,-56.07604,0
503534,539,-56.35712,0
503544,538,-56.49767,0
503554,532,-57.34091,0
503564,531,-57.48146,0
503574,535,-56.91929,0
503584,533,-57.20037,0
503594,535,-56.91929,0
503604,537,-56.63821,0
503614,534,-57.05983,0
503624,529,-57.76254,0
503634,529,-57.76254,0
503644,536,-56.77875,0
503654,539,-56.35712,0
503664,528,-57.90308,0
503674,529,-57.76254,0
503684,535,-56.91929,0
503694,535,-56.91929,0
503704,541,-56.07604,0
503714,536,-56.77875,0
503724,533,-57.20037,0
503734,537,-56.63821,0
503744,537,-56.63821,0
503754,533,-57.20037,0
503764,531,-57.48146,0
503774,539,-56.35712,0
503784,533,-57.20037,0
503794,531,-57.48146,0
503804,526,-58.18417,0
503814,534,-57.05983,0
503824,534,-57.05983,0
503834,534,-57.05983,0
503844,538,-56.49767,0
503854,533,-57.20037,0
503864,534,-57.05983,0
503874,534,-57.05983,0
503884,532,-57.34091,0
503894,537,-56.63821,0
503904,533,-57.20037,0
503914,524,-58.46524,0
503924,534,-57.05983,0
503934,533,-57.20037,0
503944,536,-56.77875,0
503954,526,-58.18417,0
503964,533,-57.20037,0
503974,539,-56.35712,0
503984,540,-56.21659,0
503994,532,-57.34091,0
504004,527,-58.04362,0
504014,535,-56.91929,0
504024,538,-56.49767,0
504034,535,-56.91929,0
504044,527,-58.04362,0
504054,526,-58.18417,0
504064,533,-57.20037,0
504074,536,-56.77875,0
504084,528,-57.90308,0
504094,526,-58.18417,0
504104,533,-57.20037,0
504114,538,-56.49767,0
504124,529,-57.76254,0
504134,525,-58.3247,0
504144,531,-57.48146,0
504154,530,-57.622,0
504164,528,-57.90308,0
504174,528,-57.90308,0
504184,526,-58.18417,0
504194,532,-57.34091,0
504204,533,-57.20037,0
504214,528,-57.90308,0
504224,534,-57.05983,0
504234,529,-57.76254,0
504244,529,-57.76254,0
504254,533,-57.20037,0
504264,537,-56.63821,0
504274,530,-57.622,0
504284,527,-58.04362,0
504294,531,-57.48146,0
504304,535,-56.91929,0
504314,531,-57.48146,0
504324,531,-57.48146,0
504334,531,-57.48146,0
504344,532,-57.34091,0
504354,531,-57.48146,0
504364,538,-56.49767,0
504374,528,-57.90308,0
504384,530,-57.622,0
504394,538,-56.49767,0
504404,528,-57.90308,0
504414,528,-57.90308,0
504424,530,-57.622,0
504434,536,-56.77875,0
504444,533,-57.20037,0
504454,543,-55.79496,0
504464,530,-57.622,0
504474,534,-57.05983,0
504484,525,-58.3247,0
504494,538,-56.49767,0
504504,532,-57.34091,0
504514,533,-57.20037,0
504524,529,-57.76254,0
504534,530,-57.622,0
504544,532,-57.34091,0
504554,535,-56.91929,0
504564,539,-56.35712,0
504574,539,-56.35712,0
504584,532,-57.34091,0
504594,530,-57.622,0
504604,527,-58.04362,0
504614,525,-58.3247,0
504624,533,-57.20037,0
504634,530,-57.622,0
504644,532,-57.34091,0
504654,526,-58.18417,0
504664,532,-57.34091,0
504674,527,-58.04362,0
504684,528,-57.90308,0
504694,530,-57.622,0
504704,531,-57.48146,0
504714,541,-56.07604,0
504724,530,-57.622,0
504734,532,-57.34091,0
504744,533,-57.20037,0
504754,538,-56.49767,0
504764,534,-57.05983,0
504774,538,-56.49767,0
504784,541,-56.07604,0
504794,525,-58.3247,0
504804,527,-58.04362,0
504814,529,-57.76254,0
504824,540,-56.21659,0
504834,530,-57.622,0
504844,538,-56.49767,0
504854,530,-57.622,0
504864,537,-56.63821,0
504874,531,-57.48146,0
504884,524,-58.46524,0
504894,527,-58.04362,0
504904,532,-57.34091,0
504914,535,-56.91929,0
504924,531,-57.48146,0
504934,527,-58.04362,0
504944,538,-56.49767,0
504954,539,-56.35712,0
504964,537,-56.63821,0
504974,538,-56.49767,0
504984,539,-56.35712,0
504994,537,-56.63821,0
505004,536,-56.77875,0
505014,528,-57.90308,0
505024,532,-57.34091,0
505034,534,-57.05983,0
505044,540,-56.21659,0
505054,535,-56.91929,0
505064,527,-58.04362,0
505074,540,-56.21659,0
505084,535,-56.91929,0
505094,530,-57.622,0
505104,533,-57.20037,0
505114,535,-56.91929,0
505124,528,-57.90308,0
505134,533,-57.20037,0
505144,530,-57.622,0
505154,527,-58.04362,0
505164,529,-57.76254,0
505174,528,-57.90308,0
505184,533,-57.20037,0
505194,529,-57.76254,0
505204,533,-57.20037,0
505214,530,-57.622,0
505224,531,-57.48146,0
505234,538,-56.49767,0
505244,536,-56.77875,0
505254,532,-57.34091,0
505264,527,-58.04362,0
505274,530,-57.622,0
505284,534,-57.05983,0
505294,537,-56.63821,0
505304,539,-56.35712,0
505314,534,-57.05983,0
505324,535,-56.91929,0
505334,533,-57.20037,0
505344,524,-58.46524,0
505354,541,-56.07604,0
505364,541,-56.07604,0
505374,536,-56.77875,0
505384,532,-57.34091,0
505394,530,-57.622,0
505404,526,-58.18417,0
505414,528,-57.90308,0
505424,532,-57.34091,0
505434,534,-57.05983,0
505444,532,-57.34091,0
505454,541,-56.07604,0
505464,530,-57.622,0
505474,529,-57.76254,0
505484,531,-57.48146,0
505494,530,-57.622,0
505504,541,-56.07604,0
505514,530,-57.622,0
505524,527,-58.04362,0
505534,525,-58.3247,0
505544,529,-57.76254,0
505554,529,-57.76254,0
505564,535,-56.91929,0
505574,528,-57.90308,0
505584,528,-57.90308,0
505594,535,-56.91929,0
505604,532,-57.34091,0
505614,534,-57.05983,0
505624,524,-58.46524,0
505634,539,-56.35712,0
505644,532,-57.34091,0
505654,533,-57.20037,0
505664,530,-57.622,0
505674,527,-58.04362,0
505684,531,-57.48146,0
505694,527,-58.04362,0
505704,519,-59.16795,0
505714,528,-57.90308,0
505724,531,-57.48146,0
505734,533,-57.20037,0
505744,530,-57.622,0
505754,540,-56.21659,0
505764,531,-57.48146,0
505774,533,-57.20037,0
505784,535,-56.91929,0
505794,523,-58.60579,0
505804,534,-57.05983,0
505814,534,-57.05983,0
505824,540,-56.21659,0
505834,534,-57.05983,0
505844,531,-57.48146,0
505854,534,-57.05983,0
505864,533,-57.20037,0
505874,533,-57.20037,0
505884,529,-57.76254,0
505894,532,-57.34091,0
505904,534,-57.05983,0
505914,538,-56.49767,0
505924,536,-56.77875,0
505934,537,-56.63821,0
505944,535,-56.91929,0
505954,533,-57.20037,0
505964,532,-57.34091,0
505974,536,-56.77875,0
505984,528,-57.90308,0
505994,530,-57.622,0
506004,527,-58.04362,0
506014,528,-57.90308,0
506024,529,-57.76254,0
506034,535,-56.91929,0
506044,543,-55.79496,0
506054,537,-56.63821,0
506064,532,-57.34091,0
506074,539,-56.35712,0
506084,532,-57.34091,0
506094,531,-57.48146,0
506104,533,-57.20037,0
506114,530,-57.622,0
506124,537,-56.63821,0
506134,528,-57.90308,0
506144,533,-57.20037,0
506154,528,-57.90308,0
506164,535,-56.91929,0
506174,534,-57.05983,0
506184,539,-56.35712,0
506194,531,-57.48146,0
506204,534,-57.05983,0
506214,535,-56.91929,0
506224,530,-57.622,0
506234,526,-58.18417,0
506244,533,-57.20037,0
506254,535,-56.91929,0
506264,528,-57.90308,0
506274,537,-56.63821,0
506284,535,-56.91929,0
506294,536,-56.77875,0
506304,528,-57.90308,0
506314,534,-57.05983,0
506324,538,-56.49767,0
506334,530,-57.622,0
506344,530,-57.622,0
506354,536,-56.77875,0
506364,539,-56.35712,0
506374,533,-57.20037,0
506384,538,-56.49767,0
506394,537,-56.63821,0
506404,534,-57.05983,0
506414,529,-57.76254,0
506424,529,-57.76254,0
506434,533,-57.20037,0
506444,532,-57.34091,0
506454,537,-56.63821,0
506464,528,-57.90308,0
506474,537,-56.63821,0
506484,534,-57.05983,0
506494,529,-57.76254,0
506504,531,-57.48146,0
506514,528,-57.90308,0
506524,543,-55.79496,0
506534,533,-57.20037,0
506544,528,-57.90308,0
506554,526,-58.18417,0
506564,533,-57.20037,0
506574,541,-56.07604,0
506584,526,-58.18417,0
506594,537,-56.63821,0
506604,531,-57.48146,0
506614,529,-57.76254,0
506624,529,-57.76254,0
506634,532,-57.34091,0
506644,525,-58.3247,0
506654,530,-57.622,0
506664,530,-57.622,0
506674,535,-56.91929,0
506684,531,-57.48146,0
506694,536,-56.77875,0
506704,526,-58.18417,0
506714,537,-56.63821,0
506724,534,-57.05983,0
506734,533,-57.20037,0
506744,526,-58.18417,0
506754,536,-56.77875,0
506764,531,-57.48146,0
506774,526,-58.18417,0
506784,539,-56.35712,0
506794,539,-56.35712,0
506804,539,-56.35712,0
506814,533,-57.20037,0
506824,527,-58.04362,0
506834,532,-57.34091,0
506844,528,-57.90308,0
506854,533,-57.20037,0
506864,528,-57.90308,0
506874,535,-56.91929,0
506884,530,-57.622,0
506894,530,-57.622,0
506904,533,-57.20037,0
506914,532,-57.34091,0
506924,540,-56.21659,0
506934,533,-57.20037,0
506944,531,-57.48146,0
506954,532,-57.34091,0
506964,537,-56.63821,0
506974,538,-56.49767,0
506984,537,-56.63821,0
506994,532,-57.34091,0
507004,529,-57.76254,0
507014,538,-56.49767,0
507024,527,-58.04362,0
507034,531,-57.48146,0
507044,528,-57.90308,0
507054,530,-57.622,0
507064,528,-57.90308,0
507074,528,-57.90308,0
507084,537,-56.63821,0
507094,537,-56.63821,0
507104,532,-57.34091,0
507114,531,-57.48146,0
507124,536,-56.77875,0
507134,526,-58.18417,0
507144,535,-56.91929,0
507154,533,-57.20037,0
507164,522,-58.74633,0
507174,536,-56.77875,0
507184,531,-57.48146,0
507194,527,-58.04362,0
507204,541,-56.07604,0
507214,535,-56.91929,0
507224,544,-55.65442,0
507234,533,-57.20037,0
507244,526,-58.18417,0
507254,534,-57.05983,0
507264,541,-56.07604,0
507274,539,-56.35712,0
507284,533,-57.20037,0
507294,535,-56.91929,0
507304,529,-57.76254,0
507314,538,-56.49767,0
507324,535,-56.91929,0
507334,537,-56.63821,0
507344,537,-56.63821,0
507354,537,-56.63821,0
507364,531,-57.48146,0
507374,530,-57.622,0
507384,536,-56.77875,0
507394,536,-56.77875,0
507404,541,-56.07604,0
507414,524,-58.46524,0
507424,530,-57.622,0
507434,534,-57.05983,0
507444,533,-57.20037,0
507454,530,-57.622,0
507464,536,-56.77875,0
507474,531,-57.48146,0
507484,525,-58.3247,0
507494,523,-58.60579,0
507504,543,-55.79496,0
507514,539,-56.35712,0
507524,532,-57.34091,0
507534,530,-57.622,0
507544,537,-56.63821,0
507554,537,-56.63821,0
507564,538,-56.49767,0
507574,533,-57.20037,0
507584,534,-57.05983,0
507594,527,-58.04362,0
507604,528,-57.90308,0
507614,538,-56.49767,0
507624,540,-56.21659,0
507634,532,-57.34091,0
507644,529,-57.76254,0
507654,533,-57.20037,0
507664,538,-56.49767,0
507674,529,-57.76254,0
507684,540,-56.21659,0
507694,531,-57.48146,0
507704,531,-57.48146,0
507714,530,-57.622,0
507724,527,-58.04362,0
507734,528,-57.90308,0
507744,530,-57.622,0
507754,538,-56.49767,0
507764,529,-57.76254,0
507774,527,-58.04362,0
507784,532,-57.34091,0
507794,538,-56.49767,0
507804,531,-57.48146,0
507814,538,-56.49767,0
507824,538,-56.49767,0
507834,536,-56.77875,0
507844,542,-55.9355,0
507854,533,-57.20037,0
507864,535,-56.91929,0
507874,526,-58.18417,0
507884,532,-57.34091,0
507894,535,-56.91929,0
507904,532,-57.34091,0
507914,538,-56.49767,0
507924,535,-56.91929,0
507934,533,-57.20037,0
507944,537,-56.63821,0
507954,532,-57.34091,0
507964,536,-56.77875,0
507974,536,-56.77875,0
507984,529,-57.76254,0
507994,528,-57.90308,0
508004,534,-57.05983,0
508014,533,-57.20037,0
508024,533,-57.20037,0
508034,538,-56.49767,0
508044,536,-56.77875,0
508054,538,-56.49767,0
508064,538,-56.49767,0
508074,533,-57.20037,0
508084,529,-57.76254,0
508094,519,-59.16795,0
508104,535,-56.91929,0
508114,534,-57.05983,0
508124,533,-57.20037,0
508134,532,-57.34091,0
508144,532,-57.34091,0
508154,536,-56.77875,0
508164,537,-56.63821,0
508174,531,-57.48146,0
508184,535,-56.91929,0
508194,537,-56.63821,0
508204,528,-57.90308,0
508214,527,-58.04362,0
508224,534,-57.05983,0
508234,533,-57.20037,0
508244,528,-57.90308,0
508254,534,-57.05983,0
508264,533,-57.20037,0
508274,540,-56.21659,0
508284,533,-57.20037,0
508294,538,-56.49767,0
508304,533,-57.20037,0
508314,530,-57.622,0
508324,529,-57.76254,0
508334,519,-59.16795,0
508344,534,-57.05983,0
508354,525,-58.3247,0
508364,529,-57.76254,0
508374,538,-56.49767,0
508384,527,-58.04362,0
508394,534,-57.05983,0
508404,530,-57.622,0
508414,536,-56.77875,0
508424,538,-56.49767,0
508434,526,-58.18417,0
508444,528,-57.90308,0
508454,532,-57.34091,0
508464,536,-56.77875,0
508474,534,-57.05983,0
508484,531,-57.48146,0
508494,531,-57.48146,0
508504,526,-58.18417,0
508514,532,-57.34091,0
508524,531,-57.48146,0
508534,534,-57.05983,0
508544,528,-57.90308,0
508554,528,-57.90308,0
508564,529,-57.76254,0
508574,529,-57.76254,0
508584,531,-57.48146,0
508594,529,-57.76254,0
508604,528,-57.90308,0
508614,531,-57.48146,0
508624,527,-58.04362,0
508634,530,-57.622,0
508644,531,-57.48146,0
508654,522,-58.74633,0
508664,529,-57.76254,0
508674,533,-57.20037,0
508684,529,-57.76254,0
508694,531,-57.48146,0
508704,536,-56.77875,0
508714,531,-57.48146,0
508724,527,-58.04362,0
508734,519,-59.16795,0
508744,528,-57.90308,0
508754,526,-58.18417,0
508764,533,-57.20037,0
508774,524,-58.46524,0
508784,529,-57.76254,0
508794,522,-58.74633,0
508804,526,-58.18417,0
508814,530,-57.622,0
508824,532,-57.34091,0
508834,529,-57.76254,0
508844,533,-57.20037,0
508854,529,-57.76254,0
508864,525,-58.3247,0
508874,530,-57.622,0
508884,536,-56.77875,0
508894,530,-57.622,0
508904,527,-58.04362,0
508914,531,-57.48146,0
508924,528,-57.90308,0
508934,517,-59.44904,0
508944,532,-57.34091,0
508954,529,-57.76254,0
508964,532,-57.34091,0
508974,540,-56.21659,0
508984,530,-57.622,0
508994,535,-56.91929,0
509004,534,-57.05983,0
509014,536,-56.77875,0
509024,537,-56.63821,0
509034,536,-56.77875,0
509044,536,-56.77875,0
509054,530,-57.622,0
509064,533,-57.20037,0
509074,533,-57.20037,0
509084,532,-57.34091,0
509094,537,-56.63821,0
509104,535,-56.91929,0
509114,545,-55.51387,0
509124,530,-57.622,0
509134,536,-56.77875,0
509144,538,-56.49767,0
509154,534,-57.05983,0
509164,530,-57.622,0
509174,533,-57.20037,0
509184,532,-57.34091,0
509194,530,-57.622,0
509204,533,-57.20037,0
509214,525,-58.3247,0
509224,535,-56.91929,0
509234,531,-57.48146,0
509244,536,-56.77875,0
509254,534,-57.05983,0
509264,530,-57.622,0
509274,535,-56.91929,0
509284,533,-57.20037,0
509294,530,-57.622,0
509304,528,-57.90308,0
509314,531,-57.48146,0
509324,539,-56.35712,0
509334,531,-57.48146,0
509344,530,-57.622,0
509354,529,-57.76254,0
509364,535,-56.91929,0
509374,531,-57.48146,0
509384,525,-58.3247,0
509394,532,-57.34091,0
509404,531,-57.48146,0
509414,527,-58.04362,0
509424,535,-56.91929,0
509434,542,-55.9355,0
509444,534,-57.05983,0
509454,533,-57.20037,0
509464,530,-57.622,0
509474,532,-57.34091,0
509484,528,-57.90308,0
509494,531,-57.48146,0
509504,528,-57.90308,0
509514,530,-57.622,0
509524,533,-57.20037,0
509534,534,-57.05983,0
509544,528,-57.90308,0
509554,527,-58.04362,0
509564,529,-57.76254,0
509574,533,-57.20037,0
509584,533,-57.20037,0
509594,540,-56.21659,0
509604,533,-57.20037,0
509614,534,-57.05983,0
509624,537,-56.63821,0
509634,533,-57.20037,0
509644,532,-57.34091,0
509654,540,-56.21659,0
509664,531,-57.48146,0
509674,535,-56.91929,0
509684,534,-57.05983,0
509694,540,-56.21659,0
509704,530,-57.622,0
509714,529,-57.76254,0
509724,535,-56.91929,0
509734,536,-56.77875,0
509744,527,-58.04362,0
509754,537,-56.63821,0
509764,536,-56.77875,0
509774,539,-56.35712,0
509784,535,-56.91929,0
509794,532,-57.34091,0
509804,533,-57.20037,0
509814,537,-56.63821,0
509824,533,-57.20037,0
509834,536,-56.77875,0
509844,536,-56.77875,0
509854,534,-57.05983,0
509864,531,-57.48146,0
509874,533,-57.20037,0
509884,542,-55.9355,0
509894,528,-57.90308,0
509904,539,-56.35712,0
509914,533,-57.20037,0
509924,535,-56.91929,0
509934,526,-58.18417,0
509944,539,-56.35712,0
509954,540,-56.21659,0
509964,530,-57.622,0
509974,537,-56.63821,0
509984,535,-56.91929,0
509994,530,-57.622,0
510004,535,-56.91929,0
510014,532,-57.34091,0
510024,530,-57.622,0
510034,534,-57.05983,0
510044,530,-57.622,0
510054,533,-57.20037,0
510064,534,-57.05983,0
510074,534,-57.05983,0
510084,535,-56.91929,0
510094,532,-57.34091,0
510104,533,-57.20037,0
510114,529,-57.76254,0
510124,528,-57.90308,0
510134,530,-57.622,0
510144,534,-57.05983,0
510154,540,-56.21659,0
510164,537,-56.63821,0
510174,526,-58.18417,0
510184,530,-57.622,0
510194,534,-57.05983,0
510204,535,-56.91929,0
510214,531,-57.48146,0
510224,534,-57.05983,0
510234,537,-56.63821,0
510244,539,-56.35712,0
510254,529,-57.76254,0
510264,538,-56.49767,0
510274,537,-56.63821,0
510284,529,-57.76254,0
510294,535,-56.91929,0
510304,532,-57.34091,0
510314,534,-57.05983,0
510324,540,-56.21659,0
510334,527,-58.04362,0
510344,533,-57.20037,0
510354,525,-58.3247,0
510364,535,-56.91929,0
510374,529,-57.76254,0
510384,531,-57.48146,0
510394,529,-57.76254,0
510404,537,-56.63821,0
510414,534,-57.05983,0
510424,526,-58.18417,0
510434,530,-57.622,0
510444,541,-56.07604,0
510454,534,-57.05983,0
510464,530,-57.622,0
510474,533,-57.20037,0
510484,531,-57.48146,0
510494,537,-56.63821,0
510504,537,-56.63821,0
510514,531,-57.48146,0
510524,530,-57.622,0
510534,530,-57.622,0
510544,533,-57.20037,0
510554,526,-58.18417,0
510564,535,-56.91929,0
510574,531,-57.48146,0
510584,528,-57.90308,0
510594,537,-56.63821,0
510604,534,-57.05983,0
510614,534,-57.05983,0
510624,532,-57.34091,0
510634,527,-58.04362,0
510644,533,-57.20037,0
510654,525,-58.3247,0
510664,538,-56.49767,0
510674,531,-57.48146,0
510684,534,-57.05983,0
510694,533,-57.20037,0
510704,536,-56.77875,0
510714,537,-56.63821,0
510724,531,-57.48146,0
510734,543,-55.79496,0
510744,531,-57.48146,0
510754,527,-58.04362,0
510764,528,-57.90308,0
510774,532,-57.34091,0
510784,534,-57.05983,0
510794,534,-57.05983,0
510804,534,-57.05983,0
510814,532,-57.34091,0
510824,535,-56.91929,0
510834,532,-57.34091,0
510844,539,-56.35712,0
510854,533,-57.20037,0
510864,525,-58.3247,0
510874,537,-56.63821,0
510884,534,-57.05983,0
510894,539,-56.35712,0
510904,535,-56.91929,0
510914,532,-57.34091,0
510924,536,-56.77875,0
510934,535,-56.91929,0
510944,539,-56.35712,0
510954,534,-57.05983,0
510964,529,-57.76254,0
510974,530,-57.622,0
510984,537,-56.63821,0
510994,531,-57.48146,0
511004,528,-57.90308,0
511014,534,-57.05983,0
511024,533,-57.20037,0
511034,534,-57.05983,0
511044,532,-57.34091,0
511054,534,-57.05983,0
511064,540,-56.21659,0
511074,529,-57.76254,0
511084,527,-58.04362,0
511094,530,-57.622,0
511104,532,-57.34091,0
511114,532,-57.34091,0
511124,526,-58.18417,0
511134,531,-57.48146,0
511144,532,-57.34091,0
511154,533,-57.20037,0
511164,532,-57.34091,0
511174,528,-57.90308,0
511184,535,-56.91929,0
511194,533,-57.20037,0
511204,531,-57.48146,0
511214,533,-57.20037,0
511224,534,-57.05983,0
511234,530,-57.622,0
511244,537,-56.63821,0
511254,528,-57.90308,0
511264,530,-57.622,0
511274,534,-57.05983,0
511284,535,-56.91929,0
511294,532,-57.34091,0
511304,529,-57.76254,0
511314,543,-55.79496,0
511324,536,-56.77875,0
511334,538,-56.49767,0
511344,534,-57.05983,0
511354,531,-57.48146,0
511364,525,-58.3247,0
511374,527,-58.04362,0
511384,525,-58.3247,0
511394,531,-57.48146,0
511404,529,-57.76254,0
511414,537,-56.63821,0
511424,532,-57.34091,0
511434,538,-56.49767,0
511444,533,-57.20037,0
511454,528,-57.90308,0
511464,534,-57.05983,0
511474,537,-56.63821,0
511484,535,-56.91929,0
511494,528,-57.90308,0
511504,533,-57.20037,0
511514,530,-57.622,0
511524,537,-56.63821,0
511534,528,-57.90308,0
511544,536,-56.77875,0
511554,541,-56.07604,0
511564,536,-56.77875,0
511574,533,-57.20037,0
511584,537,-56.63821,0
511594,528,-57.90308,0
511604,531,-57.48146,0
511614,538,-56.49767,0
511624,532,-57.34091,0
511634,534,-57.05983,0
511644,528,-57.90308,0
511654,540,-56.21659,0
511664,529,-57.76254,0
511674,535,-56.91929,0
511684,537,-56.63821,0
511694,537,-56.63821,0
511704,536,-56.77875,0
511714,530,-57.622,0
511724,533,-57.20037,0
511734,529,-57.76254,0
511744,517,-59.44904,0
511754,537,-56.63821,0
511764,535,-56.91929,0
511774,533,-57.20037,0
511784,528,-57.90308,0
511794,538,-56.49767,0
511804,530,-57.622,0
511814,530,-57.622,0
511824,530,-57.622,0
511834,535,-56.91929,0
511844,536,-56.77875,0
511854,538,-56.49767,0
511864,539,-56.35712,0
511874,533,-57.20037,0
511884,534,-57.05983,0
511894,526,-58.18417,0
511904,537,-56.63821,0
511914,537,-56.63821,0
511924,531,-57.48146,0
511934,541,-56.07604,0
511944,539,-56.35712,0
511954,536,-56.77875,0
511964,530,-57.622,0
511974,534,-57.05983,0
511984,535,-56.91929,0
511994,531,-57.48146,0
512004,532,-57.34091,0
512014,539,-56.35712,0
512024,531,-57.48146,0
512034,532,-57.34091,0
512044,543,-55.79496,0
512054,531,-57.48146,0
512064,536,-56.77875,0
512074,527,-58.04362,0
512084,540,-56.21659,0
512094,523,-58.60579,0
512104,526,-58.18417,0
512114,530,-57.622,0
512124,531,-57.48146,0
512134,522,-58.74633,0
512144,528,-57.90308,0
512154,533,-57.20037,0
512164,532,-57.34091,0
512174,540,-56.21659,0
512184,532,-57.34091,0
512194,533,-57.20037,0
512204,531,-57.48146,0
512214,529,-57.76254,0
512224,534,-57.05983,0
512234,528,-57.90308,0
512244,532,-57.34091,0
512254,531,-57.48146,0
512264,531,-57.48146,0
512274,537,-56.63821,0
512284,536,-56.77875,0
512294,533,-57.20037,0
512304,532,-57.34091,0
512314,534,-57.05983,0
512324,535,-56.91929,0
512334,524,-58.46524,0
512344,533,-57.20037,0
512354,531,-57.48146,0
512364,538,-56.49767,0
512374,535,-56.91929,0
512384,532,-57.34091,0
512394,527,-58.04362,0
512404,533,-57.20037,0
512414,532,-57.34091,0
512424,536,-56.77875,0
512434,544,-55.65442,0
512444,530,-57.622,0
512454,533,-57.20037,0
512464,531,-57.48146,0
512474,548,-55.09225,0
512484,534,-57.05983,0
512494,531,-57.48146,0
512504,527,-58.04362,0
512514,539,-56.35712,0
512524,532,-57.34091,0
512534,531,-57.48146,0
512544,529,-57.76254,0
512554,531,-57.48146,0
512564,533,-57.20037,0
512574,539,-56.35712,0
512584,531,-57.48146,0
512594,538,-56.49767,0
512604,530,-57.622,0
512614,541,-56.07604,0
512624,536,-56.77875,0
512634,537,-56.63821,0
512644,536,-56.77875,0
512654,531,-57.48146,0
512664,530,-57.622,0
512674,522,-58.74633,0
512684,527,-58.04362,0
512694,533,-57.20037,0
512704,531,-57.48146,0
512714,535,-56.91929,0
512724,540,-56.21659,0
512734,533,-57.20037,0
512744,533,-57.20037,0
512754,540,-56.21659,0
512764,530,-57.622,0
512774,536,-56.77875,0
512784,536,-56.77875,0
512794,536,-56.77875,0
512804,533,-57.20037,0
512814,531,-57.48146,0
512824,538,-56.49767,0
512834,536,-56.77875,0
512844,533,-57.20037,0
512854,533,-57.20037,0
512864,528,-57.90308,0
512874,533,-57.20037,0
512884,540,-56.21659,0
512894,529,-57.76254,0
512904,534,-57.05983,0
512914,537,-56.63821,0
512924,534,-57.05983,0
512934,540,-56.21659,0
512944,530,-57.622,0
512954,534,-57.05983,0
512964,529,-57.76254,0
512974,538,-56.49767,0
512984,532,-57.34091,0
512994,540,-56.21659,0
513004,529,-57.76254,0
513014,535,-56.91929,0
513024,536,-56.77875,0
513034,530,-57.622,0
513044,536,-56.77875,0
513054,533,-57.20037,0
513064,537,-56.63821,0
513074,529,-57.76254,0
513084,532,-57.34091,0
513094,532,-57.34091,0
513104,532,-57.34091,0
513114,527,-58.04362,0
513124,536,-56.77875,0
513134,537,-56.63821,0
513144,532,-57.34091,0
513154,537,-56.63821,0
513164,532,-57.34091,0
513174,529,-57.76254,0
513184,537,-56.63821,0
513194,536,-56.77875,0
513204,532,-57.34091,0
513214,532,-57.34091,0
513224,537,-56.63821,0
513234,531,-57.48146,0
513244,525,-58.3247,0
513254,526,-58.18417,0
513264,534,-57.05983,0
513274,539,-56.35712,0
513284,523,-58.60579,0
513294,531,-57.48146,0
513304,533,-57.20037,0
513314,534,-57.05983,0
513324,535,-56.91929,0
513334,536,-56.77875,0
513344,537,-56.63821,0
513354,536,-56.77875,0
513364,536,-56.77875,0
513374,530,-57.622,0
513384,533,-57.20037,0
513394,529,-57.76254,0
513404,529,-57.76254,0
513414,534,-57.05983,0
513424,534,-57.05983,0
513434,532,-57.34091,0
513444,538,-56.49767,0
513454,537,-56.63821,0
513464,535,-56.91929,0
513474,530,-57.622,0
513484,534,-57.05983,0
513494,539,-56.35712,0
513504,534,-57.05983,0
513514,540,-56.21659,0
513524,536,-56.77875,0
513534,535,-56.91929,0
513544,537,-56.63821,0
513554,532,-57.34091,0
513564,538,-56.49767,0
513574,531,-57.48146,0
513584,539,-56.35712,0
513594,531,-57.48146,0
513604,530,-57.622,0
513614,533,-57.20037,0
513624,530,-57.622,0
513634,532,-57.34091,0
513644,533,-57.20037,0
513654,527,-58.04362,0
513664,535,-56.91929,0
513674,542,-55.9355,0
513684,539,-56.35712,0
513694,535,-56.91929,0
513704,537,-56.63821,0
513714,535,-56.91929,0
513724,532,-57.34091,0
513734,534,-57.05983,0
513744,540,-56.21659,0
513754,525,-58.3247,0
513764,538,-56.49767,0
513774,524,-58.46524,0
513784,532,-57.34091,0
513794,532,-57.34091,0
513804,532,-57.34091,0
513814,538,-56.49767,0
513824,533,-57.20037,0
513834,531,-57.48146,0
513844,535,-56.91929,0
513854,534,-57.05983,0
513864,532,-57.34091,0
513874,523,-58.60579,0
513884,530,-57.622,0
513894,531,-57.48146,0
513904,535,-56.91929,0
513914,535,-56.91929,0
513924,533,-57.20037,0
513934,534,-57.05983,0
513944,532,-57.34091,0
513954,528,-57.90308,0
513964,528,-57.90308,0
513974,528,-57.90308,0
513984,529,-57.76254,0
513994,529,-57.76254,0
514004,529,-57.76254,0
514014,532,-57.34091,0
514024,540,-56.21659,0
514034,534,-57.05983,0
514044,535,-56.91929,0
514054,535,-56.91929,0
514064,536,-56.77875,0
514074,533,-57.20037,0
514084,530,-57.622,0
514094,525,-58.3247,0
514104,529,-57.76254,0
514114,529,-57.76254,0
514124,543,-55.79496,0
514134,525,-58.3247,0
514144,534,-57.05983,0
514154,540,-56.21659,0
514164,528,-57.90308,0
514174,533,-57.20037,0
514184,528,-57.90308,0
514194,532,-57.34091,0
514204,528,-57.90308,0
514214,529,-57.76254,0
514224,531,-57.48146,0
514234,536,-56.77875,0
514244,532,-57.34091,0
514254,528,-57.90308,0
514264,534,-57.05983,0
514274,538,-56.49767,0
514284,531,-57.48146,0
514294,538,-56.49767,0
514304,528,-57.90308,0
514314,536,-56.77875,0
514324,528,-57.90308,0
514334,530,-57.622,0
514344,535,-56.91929,0
514354,535,-56.91929,0
514364,536,-56.77875,0
514374,528,-57.90308,0
514384,525,-58.3247,0
514394,539,-56.35712,0
514404,534,-57.05983,0
514414,533,-57.20037,0
514424,539,-56.35712,0
514434,538,-56.49767,0
514444,533,-57.20037,0
514454,533,-57.20037,0
514464,524,-58.46524,0
514474,533,-57.20037,0
514484,534,-57.05983,0
514494,529,-57.76254,0
514504,534,-57.05983,0
514514,524,-58.46524,0
514524,531,-57.48146,0
514534,534,-57.05983,0
514544,531,-57.48146,0
514554,525,-58.3247,0
514564,533,-57.20037,0
514574,528,-57.90308,0
514584,532,-57.34091,0
514594,536,-56.77875,0
514604,530,-57.622,0
514614,535,-56.91929,0
514624,536,-56.77875,0
514634,532,-57.34091,0
514644,524,-58.46524,0
514654,534,-57.05983,0
514664,531,-57.48146,0
514674,526,-58.18417,0
514684,531,-57.48146,0
514694,524,-58.46524,0
514704,531,-57.48146,0
514714,525,-58.3247,0
514724,537,-56.63821,0
514734,527,-58.04362,0
514744,539,-56.35712,0
514754,528,-57.90308,0
514764,532,-57.34091,0
514774,532,-57.34091,0
514784,533,-57.20037,0
514794,528,-57.90308,0
514804,532,-57.34091,0
514814,532,-57.34091,0
514824,532,-57.34091,0
514834,526,-58.18417,0
514844,533,-57.20037,0
514854,527,-58.04362,0
514864,530,-57.622,0
514874,537,-56.63821,0
514884,534,-57.05983,0
514894,534,-57.05983,0
514904,524,-58.46524,0
514914,537,-56.63821,0
514924,530,-57.622,0
514934,527,-58.04362,0
514944,534,-57.05983,0
514954,534,-57.05983,0
514964,523,-58.60579,0
514974,533,-57.20037,0
514984,533,-57.20037,0
514994,532,-57.34091,0
515004,533,-57.20037,0
515014,537,-56.63821,0
515024,535,-56.91929,0
515034,536,-56.77875,0
515044,531,-57.48146,0
515054,530,-57.622,0
515064,534,-57.05983,0
515074,531,-57.48146,0
515084,536,-56.77875,0
515094,526,-58.18417,0
515104,538,-56.49767,0
515114,535,-56.91929,0
515124,534,-57.05983,0
515134,528,-57.90308,0
515144,532,-57.34091,0
515154,529,-57.76254,0
515164,529,-57.76254,0
515174,535,-56.91929,0
515184,532,-57.34091,0
515194,536,-56.77875,0
515204,531,-57.48146,0
515214,533,-57.20037,0
515224,534,-57.05983,0
515234,538,-56.49767,0
515244,540,-56.21659,0
515254,531,-57.48146,0
515264,533,-57.20037,0
515274,531,-57.48146,0
515284,536,-56.77875,0
515294,526,-58.18417,0
515304,532,-57.34091,0
515314,537,-56.63821,0
515324,534,-57.05983,0
515334,542,-55.9355,0
515344,536,-56.77875,0
515354,532,-57.34091,0
515364,535,-56.91929,0
515374,533,-57.20037,0
515384,525,-58.3247,0
515394,539,-56.35712,0
515404,528,-57.90308,0
515414,522,-58.74633,0
515424,530,-57.622,0
515434,542,-55.9355,0
515444,532,-57.34091,0
515454,534,-57.05983,0
515464,535,-56.91929,0
515474,532,-57.34091,0
515484,533,-57.20037,0
515494,531,-57.48146,0
515504,533,-57.20037,0
515514,533,-57.20037,0
515524,542,-55.9355,0
515534,527,-58.04362,0
515544,542,-55.9355,0
515554,529,-57.76254,0
515564,534,-57.05983,0
515574,534,-57.05983,0
515584,534,-57.05983,0
515594,529,-57.76254,0
515604,532,-57.34091,0
515614,532,-57.34091,0
515624,532,-57.34091,0
515634,528,-57.90308,0
515644,531,-57.48146,0
515654,535,-56.91929,0
515664,536,-56.77875,0
515674,533,-57.20037,0
515684,528,-57.90308,0
515694,536,-56.77875,0
515704,533,-57.20037,0
515714,533,-57.20037,0
515724,527,-58.04362,0
515734,532,-57.34091,0
515744,536,-56.77875,0
515754,531,-57.48146,0
515764,541,-56.07604,0
515774,527,-58.04362,0
515784,539,-56.35712,0
515794,536,-56.77875,0
515804,531,-57.48146,0
515814,534,-57.05983,0
515824,525,-58.3247,0
515834,531,-57.48146,0
515844,534,-57.05983,0
515854,528,-57.90308,0
515864,543,-55.79496,0
515874,535,-56.91929,0
515884,530,-57.622,0
515894,531,-57.48146,0
515904,530,-57.622,0
515914,534,-57.05983,0
515924,537,-56.63821,0
515934,532,-57.34091,0
515944,534,-57.05983,0
515954,534,-57.05983,0
515964,529,-57.76254,0
515974,530,-57.622,0
515984,531,-57.48146,0
515994,533,-57.20037,0
516004,530,-57.622,0
516014,532,-57.34091,0
516024,532,-57.34091,0
516034,530,-57.622,0
516044,523,-58.60579,0
516054,532,-57.34091,0
516064,530,-57.622,0
516074,526,-58.18417,0
516084,530,-57.622,0
516094,533,-57.20037,0
516104,534,-57.05983,0
516114,531,-57.48146,0
516124,532,-57.34091,0
516134,525,-58.3247,0
516144,534,-57.05983,0
516154,537,-56.63821,0
516164,534,-57.05983,0
516174,529,-57.76254,0
516184,531,-57.48146,0
516194,531,-57.48146,0
516204,540,-56.21659,0
516214,533,-57.20037,0
516224,533,-57.20037,0
516234,529,-57.76254,0
516244,531,-57.48146,0
516254,524,-58.46524,0
516264,530,-57.622,0
516274,526,-58.18417,0
516284,527,-58.04362,0
516294,529,-57.76254,0
516304,533,-57.20037,0
516314,532,-57.34091,0
516324,530,-57.622,0
516334,533,-57.20037,0
516344,533,-57.20037,0
516354,535,-56.91929,0
516364,531,-57.48146,0
516374,535,-56.91929,0
516384,531,-57.48146,0
516394,533,-57.20037,0
516404,532,-57.34091,0
516414,529,-57.76254,0
516424,531,-57.48146,0
516434,534,-57.05983,0
516444,536,-56.77875,0
516454,528,-57.90308,0
516464,529,-57.76254,0
516474,533,-57.20037,0
516484,535,-56.91929,0
516494,535,-56.91929,0
516504,536,-56.77875,0
516514,532,-57.34091,0
516524,535,-56.91929,0
516534,533,-57.20037,0
516544,535,-56.91929,0
516554,532,-57.34091,0
516564,524,-58.46524,0
516574,526,-58.18417,0
516584,534,-57.05983,0
516594,529,-57.76254,0
516604,527,-58.04362,0
516614,533,-57.20037,0
516624,528,-57.90308,0
516634,536,-56.77875,0
516644,526,-58.18417,0
516654,528,-57.90308,0
516664,525,-58.3247,0
516674,529,-57.76254,0
516684,534,-57.05983,0
516694,524,-58.46524,0
516704,526,-58.18417,0
516714,527,-58.04362,0
516724,531,-57.48146,0
516734,528,-57.90308,0
516744,529,-57.76254,0
516754,530,-57.622,0
516764,532,-57.34091,0
516774,528,-57.90308,0
516784,537,-56.63821,0
516794,531,-57.48146,0
516804,536,-56.77875,0
516814,536,-56.77875,0
516824,532,-57.34091,0
516834,537,-56.63821,0
516844,531,-57.48146,0
516854,536,-56.77875,0
516864,531,-57.48146,0
516874,534,-57.05983,0
516884,530,-57.622,0
516894,525,-58.3247,0
516904,531,-57.48146,0
516914,533,-57.20037,0
516924,534,-57.05983,0
516934,533,-57.20037,0
516944,535,-56.91929,0
516954,521,-58.88687,0
516964,531,-57.48146,0
516974,535,-56.91929,0
516984,534,-57.05983,0
516994,528,-57.90308,0
517004,534,-57.05983,0
517014,535,-56.91929,0
517024,534,-57.05983,0
517034,537,-56.63821,0
517044,533,-57.20037,0
517054,532,-57.34091,0
517064,530,-57.622,0
517074,529,-57.76254,0
517084,531,-57.48146,0
517094,528,-57.90308,0
517104,528,-57.90308,0
517114,538,-56.49767,0
517124,529,-57.76254,0
517134,534,-57.05983,0
517144,529,-57.76254,0
517154,529,-57.76254,0
517164,540,-56.21659,0
517174,537,-56.63821,0
517184,535,-56.91929,0
517194,529,-57.76254,0
517204,525,-58.3247,0
517214,533,-57.20037,0
517224,534,-57.05983,0
517234,534,-57.05983,0
517244,544,-55.65442,0
517254,530,-57.622,0
517264,527,-58.04362,0
517274,528,-57.90308,0
517284,530,-57.622,0
517294,531,-57.48146,0
517304,529,-57.76254,0
517314,524,-58.46524,0
517324,530,-57.622,0
517334,525,-58.3247,0
517344,528,-57.90308,0
517354,528,-57.90308,0
517364,541,-56.07604,0
517374,529,-57.76254,0
517384,540,-56.21659,0
517394,527,-58.04362,0
517404,527,-58.04362,0
517414,526,-58.18417,0
517424,535,-56.91929,0
517434,533,-57.20037,0
517444,528,-57.90308,0
517454,538,-56.49767,0
517464,535,-56.91929,0
517474,543,-55.79496,0
517484,532,-57.34091,0
517494,543,-55.79496,0
517504,532,-57.34091,0
517514,535,-56.91929,0
517524,534,-57.05983,0
517534,530,-57.622,0
517544,527,-58.04362,0
517554,528,-57.90308,0
517564,532,-57.34091,0
517574,538,-56.49767,0
517584,533,-57.20037,0
517594,536,-56.77875,0
517604,524,-58.46524,0
517614,536,-56.77875,0
517624,532,-57.34091,0
517634,530,-57.622,0
517644,528,-57.90308,0
517654,534,-57.05983,0
517664,532,-57.34091,0
517674,530,-57.622,0
517684,529,-57.76254,0
517694,528,-57.90308,0
517704,533,-57.20037,0
517714,531,-57.48146,0
517724,534,-57.05983,0
517734,533,-57.20037,0
517744,535,-56.91929,0
517754,530,-57.622,0
517764,531,-57.48146,0
517774,530,-57.622,0
517784,540,-56.21659,0
517794,521,-58.88687,0
517804,535,-56.91929,0
517814,530,-57.622,0
517824,535,-56.91929,0
517834,531,-57.48146,0
517844,536,-56.77875,0
517854,537,-56.63821,0
517864,536,-56.77875,0
517874,526,-58.18417,0
517884,530,-57.622,0
517894,528,-57.90308,0
517904,533,-57.20037,0
517914,526,-58.18417,0
517924,533,-57.20037,0
517934,542,-55.9355,0
517944,537,-56.63821,0
517954,539,-56.35712,0
517964,534,-57.05983,0
517974,538,-56.49767,0
517984,533,-57.20037,0
517994,532,-57.34091,0
518004,537,-56.63821,0
518014,539,-56.35712,0
518024,529,-57.76254,0
518034,534,-57.05983,0
518044,535,-56.91929,0
518054,532,-57.34091,0
518064,540,-56.21659,0
518074,541,-56.07604,0
518084,529,-57.76254,0
518094,532,-57.34091,0
518104,531,-57.48146,0
518114,533,-57.20037,0
518124,530,-57.622,0
518134,539,-56.35712,0
518144,530,-57.622,0
518154,530,-57.622,0
518164,533,-57.20037,0
518174,532,-57.34091,0
518184,533,-57.20037,0
518194,533,-57.20037,0
518204,524,-58.46524,0
518214,533,-57.20037,0
518224,530,-57.622,0
518234,525,-58.3247,0
518244,533,-57.20037,0
518254,534,-57.05983,0
518264,539,-56.35712,0
518274,536,-56.77875,0
518284,531,-57.48146,0
518294,539,-56.35712,0
518304,530,-57.622,0
518314,533,-57.20037,0
518324,535,-56.91929,0
518334,531,-57.48146,0
518344,534,-57.05983,0
518354,538,-56.49767,0
518364,532,-57.34091,0
518374,534,-57.05983,0
518384,526,-58.18417,0
518394,529,-57.76254,0
518404,536,-56.77875,0
518414,529,-57.76254,0
518424,527,-58.04362,0
518434,528,-57.90308,0
518444,534,-57.05983,0
518454,535,-56.91929,0
518464,535,-56.91929,0
518474,533,-57.20037,0
518484,537,-56.63821,0
518494,531,-57.48146,0
518504,538,-56.49767,0
518514,540,-56.21659,0
518524,533,-57.20037,0
518534,530,-57.622,0
518544,533,-57.20037,0
518554,527,-58.04362,0
518564,530,-57.622,0
518574,538,-56.49767,0
518584,539,-56.35712,0
518594,538,-56.49767,0
518604,538,-56.49767,0
518614,539,-56.35712,0
518624,530,-57.622,0
518634,528,-57.90308,0
518644,529,-57.76254,0
518654,535,-56.91929,0
518664,530,-57.622,0
518674,531,-57.48146,0
518684,528,-57.90308,0
518694,529,-57.76254,0
518704,536,-56.77875,0
518714,531,-57.48146,0
518724,537,-56.63821,0
518734,529,-57.76254,0
518744,531,-57.48146,0
518754,528,-57.90308,0
518764,526,-58.18417,0
518774,532,-57.34091,0
518784,536,-56.77875,0
518794,532,-57.34091,0
518804,532,-57.34091,0
518814,536,-56.77875,0
518824,532,-57.34091,0
518834,537,-56.63821,0
518844,532,-57.34091,0
518854,524,-58.46524,0
518864,531,-57.48146,0
518874,533,-57.20037,0
518884,528,-57.90308,0
518894,533,-57.20037,0
518904,527,-58.04362,0
518914,532,-57.34091,0
518924,546,-55.37333,0
518934,532,-57.34091,0
518944,538,-56.49767,0
518954,532,-57.34091,0
518964,530,-57.622,0
518974,533,-57.20037,0
518984,538,-56.49767,0
518994,535,-56.91929,0
519004,523,-58.60579,0
519014,532,-57.34091,0
519024,536,-56.77875,0
519034,531,-57.48146,0
519044,533,-57.20037,0
519054,538,-56.49767,0
519064,539,-56.35712,0
519074,527,-58.04362,0
519084,537,-56.63821,0
519094,539,-56.35712,0
519104,528,-57.90308,0
519114,537,-56.63821,0
519124,535,-56.91929,0
519134,539,-56.35712,0
519144,531,-57.48146,0
519154,536,-56.77875,0
519164,529,-57.76254,0
519174,531,-57.48146,0
519184,531,-57.48146,0
519194,538,-56.49767,0
519204,532,-57.34091,0
519214,530,-57.622,0
519224,535,-56.91929,0
519234,529,-57.76254,0
519244,538,-56.49767,0
519254,534,-57.05983,0
519264,531,-57.48146,0
519274,532,-57.34091,0
519284,533,-57.20037,0
519294,528,-57.90308,0
519304,533,-57.20037,0
519314,526,-58.18417,0
519324,534,-57.05983,0
519334,533,-57.20037,0
519344,529,-57.76254,0
519354,537,-56.63821,0
519364,536,-56.77875,0
519374,537,-56.63821,0
519384,529,-57.76254,0
519394,527,-58.04362,0
519404,539,-56.35712,0
519414,531,-57.48146,0
519424,532,-57.34091,0
519434,532,-57.34091,0
519444,534,-57.05983,0
519454,528,-57.90308,0
519464,539,-56.35712,0
519474,535,-56.91929,0
519484,537,-56.63821,0
519494,530,-57.622,0
519504,534,-57.05983,0
519514,528,-57.90308,0
519524,527,-58.04362,0
519534,532,-57.34091,0
519544,530,-57.622,0
519554,533,-57.20037,0
519564,532,-57.34091,0
519574,531,-57.48146,0
519584,526,-58.18417,0
519594,531,-57.48146,0
519604,536,-56.77875,0
519614,532,-57.34091,0
519624,525,-58.3247,0
519634,533,-57.20037,0
519644,535,-56.91929,0
519654,537,-56.63821,0
519664,534,-57.05983,0
519674,543,-55.79496,0
519684,533,-57.20037,0
519694,538,-56.49767,0
519704,530,-57.622,0
519714,534,-57.05983,0
519724,531,-57.48146,0
519734,530,-57.622,0
519744,537,-56.63821,0
519754,535,-56.91929,0
519764,524,-58.46524,0
519774,529,-57.76254,0
519784,532,-57.34091,0
519794,532,-57.34091,0
519804,537,-56.63821,0
519814,531,-57.48146,0
519824,527,-58.04362,0
519834,530,-57.622,0
519844,530,-57.622,0
519854,528,-57.90308,0
519864,533,-57.20037,0
519874,523,-58.60579,0
519884,536,-56.77875,0
519894,534,-57.05983,0
519904,536,-56.77875,0
519914,537,-56.63821,0
519924,529,-57.76254,0
519934,537,-56.63821,0
519944,536,-56.77875,0
519954,536,-56.77875,0
519964,531,-57.48146,0
519974,527,-58.04362,0
519984,527,-58.04362,0
519994,536,-56.77875,0
520004,529,-57.76254,0
520014,535,-56.91929,0
520024,528,-57.90308,0
520034,523,-58.60579,0
520044,532,-57.34091,0
520054,530,-57.622,0
520064,532,-57.34091,0
520074,525,-58.3247,0
520084,522,-58.74633,0
520094,527,-58.04362,0
520104,541,-56.07604,0
520114,534,-57.05983,0
520124,534,-57.05983,0
520134,536,-56.77875,0
520144,534,-57.05983,0
520154,533,-57.20037,0
520164,532,-57.34091,0
520174,531,-57.48146,0
520184,537,-56.63821,0
520194,531,-57.48146,0
520204,532,-57.34091,0
520214,527,-58.04362,0
520224,536,-56.77875,0
520234,532,-57.34091,0
520244,529,-57.76254,0
520254,528,-57.90308,0
520264,531,-57.48146,0
520274,534,-57.05983,0
520284,532,-57.34091,0
520294,525,-58.3247,0
520304,535,-56.91929,0
520314,530,-57.622,0
520324,520,-59.02741,0
520334,536,-56.77875,0
520344,523,-58.60579,0
520354,537,-56.63821,0
520364,539,-56.35712,0
520374,525,-58.3247,0
520384,538,-56.49767,0
520394,535,-56.91929,0
520404,524,-58.46524,0
520414,537,-56.63821,0
520424,530,-57.622,0
520434,537,-56.63821,0
520444,534,-57.05983,0
520454,533,-57.20037,0
520464,534,-57.05983,0
520474,542,-55.9355,0
520484,530,-57.622,0
520494,529,-57.76254,0
520504,531,-57.48146,0
520514,532,-57.34091,0
520524,531,-57.48146,0
520534,536,-56.77875,0
520544,531,-57.48146,0
520554,540,-56.21659,0
520564,530,-57.622,0
520574,529,-57.76254,0
520584,530,-57.622,0
520594,539,-56.35712,0
520604,524,-58.46524,0
520614,531,-57.48146,0
520624,537,-56.63821,0
520634,540,-56.21659,0
520644,529,-57.76254,0
520654,533,-57.20037,0
520664,529,-57.76254,0
520674,528,-57.90308,0
520684,523,-58.60579,0
520694,527,-58.04362,0
520704,529,-57.76254,0
520714,531,-57.48146,0
520724,530,-57.622,0
520734,534,-57.05983,0
520744,541,-56.07604,0
520754,528,-57.90308,0
520764,536,-56.77875,0
520774,531,-57.48146,0
520784,535,-56.91929,0
520794,538,-56.49767,0
520804,527,-58.04362,0
520814,532,-57.34091,0
520824,528,-57.90308,0
520834,537,-56.63821,0
520844,531,-57.48146,0
520854,527,-58.04362,0
520864,538,-56.49767,0
520874,532,-57.34091,0
520884,526,-58.18417,0
520894,530,-57.622,0
520904,539,-56.35712,0
520914,527,-58.04362,0
520924,526,-58.18417,0
520934,534,-57.05983,0
520944,527,-58.04362,0
520954,530,-57.622,0
520964,528,-57.90308,0
520974,530,-57.622,0
520984,526,-58.18417,0
520994,532,-57.34091,0
521004,534,-57.05983,0
521014,524,-58.46524,0
521024,521,-58.88687,0
521034,532,-57.34091,0
521044,528,-57.90308,0
521054,527,-58.04362,0
521064,530,-57.622,0
521074,529,-57.76254,0
521084,536,-56.77875,0
521094,531,-57.48146,0
521104,534,-57.05983,0
521114,536,-56.77875,0
521124,535,-56.91929,0
521134,537,-56.63821,0
521144,534,-57.05983,0
521154,528,-57.90308,0
521164,529,-57.76254,0
521174,534,-57.05983,0
521184,533,-57.20037,0
521194,530,-57.622,0
521204,532,-57.34091,0
521214,527,-58.04362,0
521224,531,-57.48146,0
521234,532,-57.34091,0
521244,534,-57.05983,0
521254,532,-57.34091,0
521264,537,-56.63821,0
521274,529,-57.76254,0
521284,527,-58.04362,0
521294,527,-58.04362,0
521304,536,-56.77875,0
521314,529,-57.76254,0
521324,527,-58.04362,0
521334,531,-57.48146,0
521344,530,-57.622,0
521354,533,-57.20037,0
521364,539,-56.35712,0
521374,530,-57.622,0
521384,540,-56.21659,0
521394,530,-57.622,0
521404,537,-56.63821,0
521414,535,-56.91929,0
521424,531,-57.48146,0
521434,535,-56.91929,0
521444,535,-56.91929,0
521454,537,-56.63821,0
521464,539,-56.35712,0
521474,532,-57.34091,0
521484,535,-56.91929,0
521494,532,-57.34091,0
521504,528,-57.90308,0
521514,528,-57.90308,0
521524,534,-57.05983,0
521534,532,-57.34091,0
521544,528,-57.90308,0
521554,533,-57.20037,0
521564,530,-57.622,0
521574,526,-58.18417,0
521584,528,-57.90308,0
521594,532,-57.34091,0
521604,534,-57.05983,0
521614,527,-58.04362,0
521624,530,-57.622,0
521634,534,-57.05983,0
521644,526,-58.18417,0
521654,537,-56.63821,0
521664,529,-57.76254,0
521674,532,-57.34091,0
521684,530,-57.622,0
521694,526,-58.18417,0
521704,533,-57.20037,0
521714,535,-56.91929,0
521724,532,-57.34091,0
521734,530,-57.622,0
521744,524,-58.46524,0
521754,533,-57.20037,0
521764,540,-56.21659,0
521774,533,-57.20037,0
521784,528,-57.90308,0
521794,538,-56.49767,0
521804,538,-56.49767,0
521814,528,-57.90308,0
521824,531,-57.48146,0
521834,538,-56.49767,0
521844,529,-57.76254,0
521854,529,-57.76254,0
521864,535,-56.91929,0
521874,526,-58.18417,0
521884,534,-57.05983,0
521894,533,-57.20037,0
521904,529,-57.76254,0
521914,535,-56.91929,0
521924,530,-57.622,0
521934,532,-57.34091,0
521944,528,-57.90308,0
521954,529,-57.76254,0
521964,531,-57.48146,0
521974,530,-57.622,0
521984,534,-57.05983,0
521994,532,-57.34091,0
522004,536,-56.77875,0
522014,534,-57.05983,0
522024,527,-58.04362,0
522034,531,-57.48146,0
522044,530,-57.622,0
522054,530,-57.622,0
522064,529,-57.76254,0
522074,534,-57.05983,0
522084,534,-57.05983,0
522094,532,-57.34091,0
522104,529,-57.76254,0
522114,533,-57.20037,0
522124,527,-58.04362,0
522134,532,-57.34091,0
522144,532,-57.34091,0
522154,531,-57.48146,0
522164,527,-58.04362,0
522174,533,-57.20037,0
522184,528,-57.90308,0
522194,538,-56.49767,0
522204,520,-59.02741,0
522214,533,-57.20037,0
522224,532,-57.34091,0
522234,526,-58.18417,0
522244,529,-57.76254,0
522254,527,-58.04362,0
522264,534,-57.05983,0
522274,536,-56.77875,0
522284,534,-57.05983,0
522294,528,-57.90308,0
522304,526,-58.18417,0
522314,534,-57.05983,0
522324,526,-58.18417,0
522334,541,-56.07604,0
522344,532,-57.34091,0
522354,528,-57.90308,0
522364,529,-57.76254,0
522374,537,-56.63821,0
522384,541,-56.07604,0
522394,530,-57.622,0
522404,525,-58.3247,0
522414,537,-56.63821,0
522424,534,-57.05983,0
522434,532,-57.34091,0
522444,529,-57.76254,0
522454,528,-57.90308,0
522464,529,-57.76254,0
522474,530,-57.622,0
522484,532,-57.34091,0
522494,529,-57.76254,0
522504,528,-57.90308,0
522514,529,-57.76254,0
522524,530,-57.622,0
522534,532,-57.34091,0
522544,538,-56.49767,0
522554,533,-57.20037,0
522564,541,-56.07604,0
522574,534,-57.05983,0
522584,533,-57.20037,0
522594,535,-56.91929,0
522604,529,-57.76254,0
522614,529,-57.76254,0
522624,527,-58.04362,0
522634,532,-57.34091,0
522644,534,-57.05983,0
522654,536,-56.77875,0
522664,530,-57.622,0
522674,534,-57.05983,0
522684,528,-57.90308,0
522694,534,-57.05983,0
522704,523,-58.60579,0
522714,529,-57.76254,0
522724,530,-57.622,0
522734,532,-57.34091,0
522744,528,-57.90308,0
522754,535,-56.91929,0
522764,530,-57.622,0
522774,527,-58.04362,0
522784,542,-55.9355,0
522794,528,-57.90308,0
522804,523,-58.60579,0
522814,534,-57.05983,0
522824,534,-57.05983,0
522834,530,-57.622,0
522844,532,-57.34091,0
522854,537,-56.63821,0
522864,533,-57.20037,0
522874,535,-56.91929,0
522884,531,-57.48146,0
522894,532,-57.34091,0
522904,527,-58.04362,0
522914,528,-57.90308,0
522924,534,-57.05983,0
522934,536,-56.77875,0
522944,529,-57.76254,0
522954,530,-57.622,0
522964,530,-57.622,0
522974,534,-57.05983,0
522984,537,-56.63821,0
522994,538,-56.49767,0
523004,533,-57.20037,0
523014,527,-58.04362,0
523024,527,-58.04362,0
523034,535,-56.91929,0
523044,538,-56.49767,0
523054,531,-57.48146,0
523064,536,-56.77875,0
523074,527,-58.04362,0
523084,532,-57.34091,0
523094,527,-58.04362,0
523104,536,-56.77875,0
523114,527,-58.04362,0
523124,537,-56.63821,0
523134,536,-56.77875,0
523144,529,-57.76254,0
523154,527,-58.04362,0
523164,529,-57.76254,0
523174,528,-57.90308,0
523184,534,-57.05983,0
523194,534,-57.05983,0
523204,532,-57.34091,0
523214,535,-56.91929,0
523224,527,-58.04362,0
523234,534,-57.05983,0
523244,532,-57.34091,0
523254,535,-56.91929,0
523264,532,-57.34091,0
523274,529,-57.76254,0
523284,530,-57.622,0
523294,514,-59.87066,0
523304,530,-57.622,0
523314,530,-57.622,0
523324,526,-58.18417,0
523334,540,-56.21659,0
523344,530,-57.622,0
523354,537,-56.63821,0
523364,531,-57.48146,0
523374,531,-57.48146,0
523384,532,-57.34091,0
523394,534,-57.05983,0
523404,538,-56.49767,0
523414,533,-57.20037,0
523424,534,-57.05983,0
523434,532,-57.34091,0
523444,533,-57.20037,0
523454,531,-57.48146,0
523464,532,-57.34091,0
523474,531,-57.48146,0
523484,526,-58.18417,0
523494,529,-57.76254,0
523504,526,-58.18417,0
523514,533,-57.20037,0
523524,526,-58.18417,0
523534,535,-56.91929,0
523544,529,-57.76254,0
523554,532,-57.34091,0
523564,529,-57.76254,0
523574,532,-57.34091,0
523584,532,-57.34091,0
523594,531,-57.48146,0
523604,530,-57.622,0
523614,524,-58.46524,0
523624,528,-57.90308,0
523634,533,-57.20037,0
523644,531,-57.48146,0
523654,528,-57.90308,0
523664,533,-57.20037,0
523674,530,-57.622,0
523684,530,-57.622,0
523694,525,-58.3247,0
523704,534,-57.05983,0
523714,529,-57.76254,0
523724,535,-56.91929,0
523734,523,-58.60579,0
523744,533,-57.20037,0
523754,534,-57.05983,0
523764,535,-56.91929,0
523774,525,-58.3247,0
523784,529,-57.76254,0
523794,532,-57.34091,0
523804,534,-57.05983,0
523814,534,-57.05983,0
523824,533,-57.20037,0
523834,527,-58.04362,0
523844,526,-58.18417,0
523854,528,-57.90308,0
523864,537,-56.63821,0
523874,537,-56.63821,0
523884,537,-56.63821,0
523894,531,-57.48146,0
523904,529,-57.76254,0
523914,530,-57.622,0
523924,532,-57.34091,0
523934,530,-57.622,0
523944,533,-57.20037,0
523954,529,-57.76254,0
523964,529,-57.76254,0
523974,526,-58.18417,0
523984,530,-57.622,0
523994,529,-57.76254,0
524004,530,-57.622,0
524014,531,-57.48146,0
524024,529,-57.76254,0
524034,534,-57.05983,0
524044,528,-57.90308,0
524054,530,-57.622,0
524064,527,-58.04362,0
524074,529,-57.76254,0
524084,529,-57.76254,0
524094,530,-57.622,0
524104,525,-58.3247,0
524114,526,-58.18417,0
524124,535,-56.91929,0
524134,531,-57.48146,0
524144,532,-57.34091,0
