t_ms,adc,p_kpa,pump
2714,943,0.843239,0
2724,939,0.281082,0
2734,940,0.421631,0
2744,932,-0.702713,0
2754,942,0.702713,0
2764,941,0.562164,0
2774,944,0.983795,0
2784,942,0.702713,0
2794,935,-0.281082,0
2804,941,0.562164,0
2814,939,0.281082,0
2824,945,1.124344,0
2834,937,0,0
2844,938,0.140533,0
2854,937,0,0
2864,937,0,0
2874,938,0.140533,0
2884,952,2.108116,0
2894,935,-0.281082,0
2904,937,0,0
2914,933,-0.562157,0
2924,944,0.983795,0
2934,937,0,0
2944,941,0.562164,0
2954,942,0.702713,0
2964,935,-0.281082,0
2974,936,-0.140526,0
2984,934,-0.421631,0
2994,939,0.281082,0
3004,938,0.140533,0
3014,937,0,0
3024,932,-0.702713,0
3034,938,0.140533,0
3044,942,0.702713,0
3054,935,-0.281082,0
3064,938,0.140533,0
3074,933,-0.562157,0
3084,948,1.545952,0
3094,945,1.124344,0
3104,951,1.967583,0
3114,934,-0.421631,0
3124,940,0.421631,0
3134,938,0.140533,0
3144,934,-0.421631,0
3154,937,0,0
3164,938,0.140533,0
3174,938,0.140533,0
3184,939,0.281082,0
3194,939,0.281082,0
3204,946,1.26487,0
3214,940,0.421631,0
3224,940,0.421631,0
3234,942,0.702713,0
3244,945,1.124344,0
3254,932,-0.702713,0
3264,935,-0.281082,0
3274,941,0.562164,0
3284,940,0.421631,0
3294,953,2.248665,0
3304,944,0.983795,0
3314,943,0.843239,0
3324,946,1.26487,0
3334,944,0.983795,0
3344,940,0.421631,0
3354,943,0.843239,0
3364,947,1.405426,0
3374,940,0.421631,0
3384,936,-0.140526,0
3394,940,0.421631,0
3404,942,0.702713,0
3414,939,0.281082,0
3424,944,0.983795,0
3434,939,0.281082,0
3444,936,-0.140526,0
3454,948,1.545952,0
3464,941,0.562164,0
3474,942,0.702713,0
3484,950,1.827034,0
3494,940,0.421631,0
3504,938,0.140533,0
3514,934,-0.421631,0
3524,941,0.562164,0
3534,937,0,0
3544,944,0.983795,0
3554,944,0.983795,0
3564,948,1.545952,0
3574,942,0.702713,0
3584,937,0,0
3594,935,-0.281082,0
3604,940,0.421631,0
3614,940,0.421631,0
3624,939,0.281082,0
3634,937,0,0
3644,948,1.545952,0
3654,933,-0.562157,0
3664,936,-0.140526,0
3674,936,-0.140526,0
3684,934,-0.421631,0
3694,943,0.843239,0
3704,933,-0.562157,0
3714,933,-0.562157,0
3724,932,-0.702713,0
3734,940,0.421631,0
3744,943,0.843239,0
3754,950,1.827034,0
3764,941,0.562164,0
3774,944,0.983795,0
3784,947,1.405426,0
3794,949,1.686508,0
3804,937,0,0
3814,946,1.26487,0
3824,936,-0.140526,0
3834,937,0,0
3844,932,-0.702713,0
3854,936,-0.140526,0
3864,937,0,0
3874,947,1.405426,0
3884,948,1.545952,0
3894,943,0.843239,0
3904,948,1.545952,0
3914,945,1.124344,0
3924,941,0.562164,0
3934,949,1.686508,0
3944,937,0,0
3954,937,0,0
3964,935,-0.281082,0
3974,956,2.670296,0
3984,943,0.843239,0
3994,943,0.843239,0
4004,939,0.281082,0
4014,942,0.702713,0
4024,950,1.827034,0
4034,947,1.405426,0
4044,946,1.26487,0
4054,944,0.983795,0
4064,946,1.26487,0
4074,945,1.124344,0
4084,935,-0.281082,0
4094,938,0.140533,0
4104,932,-0.702713,0
4114,939,0.281082,0
4124,945,1.124344,0
4134,942,0.702713,0
4144,942,0.702713,0
4154,949,1.686508,0
4164,939,0.281082,0
4174,940,0.421631,0
4184,946,1.26487,0
4194,937,0,0
4204,947,1.405426,0
4214,937,0,0
4224,940,0.421631,0
4234,936,-0.140526,0
4244,938,0.140533,0
4254,937,0,0
4264,941,0.562164,0
4274,949,1.686508,0
4284,947,1.405426,0
4294,941,0.562164,0
4304,945,1.124344,0
4314,939,0.281082,0
4324,943,0.843239,0
4334,935,-0.281082,0
4344,946,1.26487,0
4354,947,1.405426,0
4364,939,0.281082,0
4374,946,1.26487,0
4384,943,0.843239,0
4394,937,0,0
4404,955,2.529747,0
4414,935,-0.281082,0
4424,944,0.983795,0
4434,942,0.702713,0
4444,942,0.702713,0
4454,935,-0.281082,0
4464,944,0.983795,0
4474,946,1.26487,0
4484,949,1.686508,0
4494,938,0.140533,0
4504,941,0.562164,0
4514,937,0,0
4524,945,1.124344,0
4534,937,0,0
4544,934,-0.421631,0
4554,936,-0.140526,0
4564,943,0.843239,0
4574,934,-0.421631,0
4584,930,-0.983788,0
4594,937,0,0
4604,932,-0.702713,0
4614,939,0.281082,0
4624,941,0.562164,0
4634,935,-0.281082,0
4644,944,0.983795,0
4654,937,0,0
4664,939,0.281082,0
4674,934,-0.421631,0
4684,931,-0.843239,0
4694,938,0.140533,0
4704,934,-0.421631,0
4714,935,-0.281082,0
4724,938,0.140533,0
4734,937,0,0
4744,940,0.421631,0
4754,943,0.843239,0
4764,938,0.140533,0
4774,944,0.983795,0
4784,938,0.140533,0
4794,943,0.843239,0
4804,940,0.421631,0
4814,938,0.140533,0
4824,946,1.26487,0
4834,937,0,0
4844,943,0.843239,0
4854,935,-0.281082,0
4864,932,-0.702713,0
4874,939,0.281082,0
4884,939,0.281082,0
4894,939,0.281082,0
4904,939,0.281082,0
4914,935,-0.281082,0
4924,935,-0.281082,0
4934,941,0.562164,0
4944,936,-0.140526,0
4954,951,1.967583,0
4964,939,0.281082,0
4974,936,-0.140526,0
4984,939,0.281082,0
4994,937,0,0
5004,953,2.248665,0
5014,932,-0.702713,0
5024,945,1.124344,0
5034,938,0.140533,0
5044,941,0.562164,0
5054,934,-0.421631,0
5064,935,-0.281082,0
5074,937,0,0
5084,935,-0.281082,0
5094,945,1.124344,0
5104,943,0.843239,0
5114,946,1.26487,0
5124,939,0.281082,0
5134,947,1.405426,0
5144,947,1.405426,0
5154,939,0.281082,0
5164,938,0.140533,0
5174,939,0.281082,0
5184,939,0.281082,0
5194,937,0,0
5204,942,0.702713,0
5214,934,-0.421631,0
5224,948,1.545952,0
5234,941,0.562164,0
5244,948,1.545952,0
5254,942,0.702713,0
5264,937,0,0
5274,937,0,0
5284,936,-0.140526,0
5294,931,-0.843239,0
5304,933,-0.562157,0
5314,937,0,0
5324,940,0.421631,0
5334,942,0.702713,0
5344,945,1.124344,0
5354,948,1.545952,0
5364,940,0.421631,0
5374,942,0.702713,0
5384,942,0.702713,0
5394,941,0.562164,0
5404,938,0.140533,0
5414,939,0.281082,0
5424,947,1.405426,0
5434,941,0.562164,0
5444,945,1.124344,0
5454,947,1.405426,0
5464,939,0.281082,0
5474,937,0,0
5484,937,0,0
5494,944,0.983795,0
5504,954,2.389214,0
5514,935,-0.281082,0
5524,930,-0.983788,0
5534,938,0.140533,0
5544,939,0.281082,0
5554,931,-0.843239,0
5564,940,0.421631,0
5574,940,0.421631,0
5584,932,-0.702713,0
5594,945,1.124344,0
5604,940,0.421631,0
5614,940,0.421631,0
5624,935,-0.281082,0
5634,940,0.421631,0
5644,932,-0.702713,0
5654,939,0.281082,0
5664,941,0.562164,0
5674,926,-1.545952,0
5684,939,0.281082,0
5694,942,0.702713,0
5704,938,0.140533,0
5714,933,-0.562157,0
5724,934,-0.421631,0
5734,944,0.983795,0
5744,939,0.281082,0
5754,939,0.281082,0
5764,936,-0.140526,0
5774,938,0.140533,0
5784,945,1.124344,0
5794,944,0.983795,0
5804,944,0.983795,0
5814,941,0.562164,0
5824,946,1.26487,0
5834,949,1.686508,0
5844,944,0.983795,0
5854,945,1.124344,0
5864,938,0.140533,0
5874,937,0,0
5884,937,0,0
5894,932,-0.702713,0
5904,947,1.405426,0
5914,945,1.124344,0
5924,946,1.26487,0
5934,945,1.124344,0
5944,944,0.983795,0
5954,950,1.827034,0
5964,937,0,0
5974,947,1.405426,0
5984,946,1.26487,0
5994,938,0.140533,0
6004,946,1.26487,0
6014,942,0.702713,0
6024,942,0.702713,0
6034,948,1.545952,0
6044,950,1.827034,0
6054,941,0.562164,0
6064,950,1.827034,0
6074,947,1.405426,0
6084,937,0,0
6094,933,-0.562157,0
6104,943,0.843239,0
6114,942,0.702713,0
6124,936,-0.140526,0
6134,934,-0.421631,0
6144,946,1.26487,0
6154,935,-0.281082,0
6164,947,1.405426,0
6174,945,1.124344,0
6184,941,0.562164,0
6194,936,-0.140526,0
6204,948,1.545952,0
6214,951,1.967583,0
6224,929,-1.124344,0
6234,946,1.26487,0
6244,940,0.421631,0
6254,935,-0.281082,0
6264,935,-0.281082,0
6274,953,2.248665,0
6284,935,-0.281082,0
6294,936,-0.140526,0
6304,937,0,0
6314,945,1.124344,0
6324,942,0.702713,0
6334,936,-0.140526,0
6344,949,1.686508,0
6354,938,0.140533,0
6364,943,0.843239,0
6374,944,0.983795,0
6384,948,1.545952,0
6394,935,-0.281082,0
6404,936,-0.140526,0
6414,949,1.686508,0
6424,949,1.686508,0
6434,948,1.545952,0
6444,943,0.843239,0
6454,948,1.545952,0
6464,939,0.281082,0
6474,944,0.983795,0
6484,936,-0.140526,0
6494,946,1.26487,0
6504,941,0.562164,0
6514,938,0.140533,0
6524,937,0,0
6534,935,-0.281082,0
6544,940,0.421631,0
6554,937,0,0
6564,944,0.983795,0
6574,938,0.140533,0
6584,939,0.281082,0
6594,934,-0.421631,0
6604,935,-0.281082,0
6614,934,-0.421631,0
6624,934,-0.421631,0
6634,937,0,0
6644,932,-0.702713,0
6654,934,-0.421631,0
6664,938,0.140533,0
6674,937,0,0
6684,939,0.281082,0
6694,936,-0.140526,0
6704,939,0.281082,0
6714,931,-0.843239,0
6724,934,-0.421631,0
6734,942,0.702713,0
6744,933,-0.562157,0
6754,940,0.421631,0
6764,940,0.421631,0
6774,935,-0.281082,0
6784,930,-0.983788,0
6794,942,0.702713,0
6804,933,-0.562157,0
6814,941,0.562164,0
6824,942,0.702713,0
6834,935,-0.281082,0
6844,940,0.421631,0
6854,936,-0.140526,0
6864,940,0.421631,0
6874,934,-0.421631,0
6884,950,1.827034,0
6894,943,0.843239,0
6904,944,0.983795,0
6914,934,-0.421631,0
6924,947,1.405426,0
6934,943,0.843239,0
6944,947,1.405426,0
6954,939,0.281082,0
6964,940,0.421631,0
6974,936,-0.140526,0
6984,937,0,0
6994,941,0.562164,0
7004,939,0.281082,0
7014,947,1.405426,0
7024,952,2.108116,0
7034,947,1.405426,0
7044,946,1.26487,0
7054,940,0.421631,0
7064,944,0.983795,0
7074,941,0.562164,0
7084,935,-0.281082,0
7094,937,0,0
7104,936,-0.140526,0
7114,938,0.140533,0
7124,942,0.702713,0
7134,937,0,0
7144,937,0,0
7154,938,0.140533,0
7164,937,0,0
7174,945,1.124344,0
7184,941,0.562164,0
7194,942,0.702713,0
7204,934,-0.421631,0
7214,940,0.421631,0
7224,938,0.140533,0
7234,932,-0.702713,0
7244,946,1.26487,0
7254,945,1.124344,0
7264,946,1.26487,0
7274,944,0.983795,0
7284,935,-0.281082,0
7294,953,2.248665,0
7304,938,0.140533,0
7314,941,0.562164,0
7324,938,0.140533,0
7334,937,0,0
7344,940,0.421631,0
7354,943,0.843239,0
7364,942,0.702713,0
7374,937,0,0
7384,945,1.124344,0
7394,933,-0.562157,0
7404,947,1.405426,0
7414,939,0.281082,0
7424,940,0.421631,0
7434,946,1.26487,0
7444,935,-0.281082,0
7454,941,0.562164,0
7464,947,1.405426,0
7474,953,2.248665,0
7484,934,-0.421631,0
7494,940,0.421631,0
7504,947,1.405426,0
7514,944,0.983795,0
7524,948,1.545952,0
7534,940,0.421631,0
7544,938,0.140533,0
7554,946,1.26487,0
7564,940,0.421631,0
7574,936,-0.140526,0
7584,935,-0.281082,0
7594,939,0.281082,0
7604,936,-0.140526,0
7614,945,1.124344,0
7624,938,0.140533,0
7634,938,0.140533,0
7644,942,0.702713,0
7654,939,0.281082,0
7664,936,-0.140526,0
7674,937,0,0
7684,935,-0.281082,0
7694,934,-0.421631,0
7704,941,0.562164,0
7714,934,-0.421631,0
7724,937,0,0
7734,940,0.421631,0
7744,943,0.843239,0
7754,939,0.281082,0
7764,942,0.702713,0
7774,937,0,0
7784,937,0,0
7794,947,1.405426,0
7804,935,-0.281082,0
7814,944,0.983795,0
7824,941,0.562164,0
7834,942,0.702713,0
7844,948,1.545952,0
7854,945,1.124344,0
7864,943,0.843239,0
7874,936,-0.140526,0
7884,936,-0.140526,0
7894,941,0.562164,0
7904,933,-0.562157,0
7914,938,0.140533,0
7924,935,-0.281082,0
7934,937,0,0
7944,943,0.843239,0
7954,940,0.421631,0
7964,945,1.124344,0
7974,936,-0.140526,0
7984,938,0.140533,0
7994,928,-1.26487,0
8004,944,0.983795,0
8014,946,1.26487,0
8024,936,-0.140526,0
8034,935,-0.281082,0
8044,936,-0.140526,0
8054,943,0.843239,0
8064,943,0.843239,0
8074,944,0.983795,0
8084,949,1.686508,0
8094,947,1.405426,0
8104,934,-0.421631,0
8114,948,1.545952,0
8124,944,0.983795,0
8134,937,0,0
8144,935,-0.281082,0
8154,930,-0.983788,0
8164,944,0.983795,0
8174,940,0.421631,0
8184,938,0.140533,0
8194,949,1.686508,0
8204,947,1.405426,0
8214,938,0.140533,0
8224,940,0.421631,0
8234,943,0.843239,0
8244,940,0.421631,0
8254,944,0.983795,0
8264,938,0.140533,0
8274,938,0.140533,0
8284,942,0.702713,0
8294,947,1.405426,0
8304,950,1.827034,0
8314,943,0.843239,0
8324,933,-0.562157,0
8334,930,-0.983788,0
8344,931,-0.843239,0
8354,941,0.562164,0
8364,948,1.545952,0
8374,942,0.702713,0
8384,935,-0.281082,0
8394,939,0.281082,0
8404,939,0.281082,0
8414,938,0.140533,0
8424,933,-0.562157,0
8434,948,1.545952,0
8444,939,0.281082,0
8454,951,1.967583,0
8464,945,1.124344,0
8474,944,0.983795,0
8484,945,1.124344,0
8494,942,0.702713,0
8504,934,-0.421631,0
8514,932,-0.702713,0
8524,941,0.562164,0
8534,940,0.421631,0
8544,944,0.983795,0
8554,939,0.281082,0
8564,938,0.140533,0
8574,940,0.421631,0
8584,943,0.843239,0
8594,942,0.702713,0
8604,943,0.843239,0
8614,939,0.281082,0
8624,941,0.562164,0
8634,936,-0.140526,0
8644,934,-0.421631,0
8654,936,-0.140526,0
8664,936,-0.140526,0
8674,933,-0.562157,0
8684,949,1.686508,0
8694,935,-0.281082,0
8704,944,0.983795,0
8714,944,0.983795,0
8724,937,0,0
8734,934,-0.421631,0
8744,936,-0.140526,0
8754,938,0.140533,0
8764,936,-0.140526,0
8774,938,0.140533,0
8784,937,0,0
8794,936,-0.140526,0
8804,935,-0.281082,0
8814,930,-0.983788,0
8824,932,-0.702713,0
8834,934,-0.421631,0
8844,942,0.702713,0
8854,941,0.562164,0
8864,935,-0.281082,0
8874,937,0,0
8884,943,0.843239,0
8894,934,-0.421631,0
8904,937,0,0
8914,936,-0.140526,0
8924,940,0.421631,0
8934,941,0.562164,0
8944,946,1.26487,0
8954,946,1.26487,0
8964,948,1.545952,0
8974,948,1.545952,0
8984,942,0.702713,0
8994,931,-0.843239,0
9004,936,-0.140526,0
9014,934,-0.421631,0
9024,942,0.702713,0
9034,940,0.421631,0
9044,952,2.108116,0
9054,941,0.562164,0
9064,945,1.124344,0
9074,942,0.702713,0
9084,941,0.562164,0
9094,946,1.26487,0
9104,934,-0.421631,0
9114,939,0.281082,0
9124,935,-0.281082,0
9134,941,0.562164,0
9144,934,-0.421631,0
9154,943,0.843239,0
9164,945,1.124344,0
9174,932,-0.702713,0
9184,940,0.421631,0
9194,931,-0.843239,0
9204,938,0.140533,0
9214,934,-0.421631,0
9224,940,0.421631,0
9234,937,0,0
9244,942,0.702713,0
9254,933,-0.562157,0
9264,941,0.562164,0
9274,941,0.562164,0
9284,935,-0.281082,0
9294,943,0.843239,0
9304,940,0.421631,0
9314,940,0.421631,0
9324,940,0.421631,0
9334,947,1.405426,0
9344,950,1.827034,0
9354,942,0.702713,0
9364,938,0.140533,0
9374,944,0.983795,0
9384,940,0.421631,0
9394,942,0.702713,0
9404,943,0.843239,0
9414,945,1.124344,0
9424,948,1.545952,0
9434,948,1.545952,0
9444,942,0.702713,0
9454,959,3.091904,0
9464,936,-0.140526,0
9474,935,-0.281082,0
9484,934,-0.421631,0
9494,935,-0.281082,0
9504,936,-0.140526,0
9514,945,1.124344,0
9524,931,-0.843239,0
9534,937,0,0
9544,932,-0.702713,0
9554,944,0.983795,0
9564,943,0.843239,0
9574,943,0.843239,0
9584,938,0.140533,0
9594,931,-0.843239,0
9604,941,0.562164,0
9614,942,0.702713,0
9624,933,-0.562157,0
9634,935,-0.281082,0
9644,933,-0.562157,0
9654,947,1.405426,0
9664,940,0.421631,0
9674,943,0.843239,0
9684,939,0.281082,0
9694,945,1.124344,0
9704,945,1.124344,0
9714,936,-0.140526,0
9724,941,0.562164,0
9734,941,0.562164,0
9744,947,1.405426,0
9754,933,-0.562157,0
9764,940,0.421631,0
9774,950,1.827034,0
9784,937,0,0
9794,951,1.967583,0
9804,934,-0.421631,0
9814,950,1.827034,0
9824,940,0.421631,0
9834,942,0.702713,0
9844,940,0.421631,0
9854,935,-0.281082,0
9864,939,0.281082,0
9874,940,0.421631,0
9884,942,0.702713,0
9894,942,0.702713,0
9904,941,0.562164,0
9914,942,0.702713,0
9924,943,0.843239,0
9934,948,1.545952,0
9944,937,0,0
9954,944,0.983795,0
9964,938,0.140533,0
9974,937,0,0
9984,942,0.702713,0
9994,953,2.248665,0
10004,936,-0.140526,0
10014,946,1.26487,0
10024,936,-0.140526,0
10034,939,0.281082,0
10044,946,1.26487,0
10054,941,0.562164,0
10064,946,1.26487,0
10074,939,0.281082,0
10084,943,0.843239,0
10094,939,0.281082,0
10104,938,0.140533,0
10114,935,-0.281082,0
10124,940,0.421631,0
10134,942,0.702713,0
10144,937,0,0
10154,942,0.702713,0
10164,939,0.281082,0
10174,947,1.405426,0
10184,940,0.421631,0
10194,936,-0.140526,0
10204,941,0.562164,0
10214,931,-0.843239,0
10224,940,0.421631,0
10234,946,1.26487,0
10244,954,2.389214,0
10254,944,0.983795,0
10264,943,0.843239,0
10274,935,-0.281082,0
10284,941,0.562164,0
10294,946,1.26487,0
10304,947,1.405426,0
10314,944,0.983795,0
10324,936,-0.140526,0
10334,941,0.562164,0
10344,943,0.843239,0
10354,948,1.545952,0
10364,943,0.843239,0
10374,934,-0.421631,0
10384,942,0.702713,0
10394,942,0.702713,0
10404,945,1.124344,0
10414,949,1.686508,0
10424,945,1.124344,0
10434,946,1.26487,0
10444,931,-0.843239,0
10454,937,0,0
10464,934,-0.421631,0
10474,957,2.810822,0
10484,944,0.983795,0
10494,943,0.843239,0
10504,939,0.281082,0
10514,940,0.421631,0
10524,944,0.983795,0
10534,944,0.983795,0
10544,944,0.983795,0
10554,946,1.26487,0
10564,942,0.702713,0
10574,938,0.140533,0
10584,942,0.702713,0
10594,939,0.281082,0
10604,943,0.843239,0
10614,933,-0.562157,0
10624,935,-0.281082,0
10634,937,0,0
10644,947,1.405426,0
10654,946,1.26487,0
10664,942,0.702713,0
10674,946,1.26487,0
10684,945,1.124344,0
10694,937,0,0
10704,936,-0.140526,0
10714,937,0,0
10724,936,-0.140526,0
10734,942,0.702713,0
10744,943,0.843239,0
10754,948,1.545952,0
10764,944,0.983795,0
10774,941,0.562164,0
10784,942,0.702713,0
10794,942,0.702713,0
10804,934,-0.421631,0
10814,940,0.421631,0
10824,938,0.140533,0
10834,947,1.405426,0
10844,938,0.140533,0
10854,941,0.562164,0
10864,932,-0.702713,0
10874,930,-0.983788,0
10884,936,-0.140526,0
10894,935,-0.281082,0
10904,938,0.140533,0
10914,933,-0.562157,0
10924,935,-0.281082,0
10934,937,0,0
10944,941,0.562164,0
10954,949,1.686508,0
10964,942,0.702713,0
10974,943,0.843239,0
10984,937,0,0
10994,942,0.702713,0
11004,940,0.421631,0
11014,937,0,0
11024,941,0.562164,0
11034,943,0.843239,0
11044,940,0.421631,0
11054,935,-0.281082,0
11064,940,0.421631,0
11074,944,0.983795,0
11084,945,1.124344,0
11094,950,1.827034,0
11104,942,0.702713,0
11114,945,1.124344,0
11124,942,0.702713,0
11134,947,1.405426,0
11144,941,0.562164,0
11154,946,1.26487,0
11164,940,0.421631,0
11174,939,0.281082,0
11184,936,-0.140526,0
11194,940,0.421631,0
11204,943,0.843239,0
11214,943,0.843239,0
11224,944,0.983795,0
11234,945,1.124344,0
11244,945,1.124344,0
11254,947,1.405426,0
11264,949,1.686508,0
11274,945,1.124344,0
11284,945,1.124344,0
11294,935,-0.281082,0
11304,946,1.26487,0
11314,951,1.967583,0
11324,940,0.421631,0
11334,947,1.405426,0
11344,946,1.26487,0
11354,937,0,0
11364,947,1.405426,0
11374,947,1.405426,0
11384,949,1.686508,0
11394,945,1.124344,0
11404,938,0.140533,0
11414,947,1.405426,0
11424,943,0.843239,0
11434,943,0.843239,0
11444,943,0.843239,0
11454,943,0.843239,0
11464,946,1.26487,0
11474,950,1.827034,0
11484,942,0.702713,0
11494,952,2.108116,0
11504,934,-0.421631,0
11514,931,-0.843239,0
11524,947,1.405426,0
11534,937,0,0
11544,938,0.140533,0
11554,937,0,0
11564,936,-0.140526,0
11574,939,0.281082,0
11584,955,2.529747,0
11594,952,2.108116,0
11604,954,2.389214,0
11614,946,1.26487,0
11624,936,-0.140526,0
11634,938,0.140533,0
11644,934,-0.421631,0
11654,937,0,0
11664,932,-0.702713,0
11674,943,0.843239,0
11684,937,0,0
11694,948,1.545952,0
11704,941,0.562164,0
11714,941,0.562164,0
11724,935,-0.281082,0
11734,945,1.124344,0
11744,949,1.686508,0
11754,948,1.545952,0
11764,943,0.843239,0
11774,939,0.281082,0
11784,940,0.421631,0
11794,937,0,0
11804,943,0.843239,0
11814,943,0.843239,0
11824,938,0.140533,0
11834,944,0.983795,0
11844,945,1.124344,0
11854,943,0.843239,0
11864,945,1.124344,0
11874,943,0.843239,0
11884,934,-0.421631,0
11894,946,1.26487,0
11904,938,0.140533,0
11914,938,0.140533,0
11924,949,1.686508,0
11934,945,1.124344,0
11944,936,-0.140526,0
11954,942,0.702713,0
11964,941,0.562164,0
11974,950,1.827034,0
11984,946,1.26487,0
11994,945,1.124344,0
12004,947,1.405426,0
12014,940,0.421631,0
12024,936,-0.140526,0
12034,941,0.562164,0
12044,949,1.686508,0
12054,945,1.124344,0
12064,947,1.405426,0
12074,939,0.281082,0
12084,948,1.545952,0
12094,944,0.983795,0
12104,940,0.421631,0
12114,941,0.562164,0
12124,948,1.545952,0
12134,940,0.421631,0
12144,936,-0.140526,0
12154,946,1.26487,0
12164,943,0.843239,0
12174,943,0.843239,0
12184,945,1.124344,0
12194,948,1.545952,0
12204,949,1.686508,0
12214,938,0.140533,0
12224,946,1.26487,0
12234,945,1.124344,0
12244,948,1.545952,0
12254,939,0.281082,0
12264,946,1.26487,0
12274,934,-0.421631,0
12284,946,1.26487,0
12294,937,0,0
12304,942,0.702713,0
12314,944,0.983795,0
12324,941,0.562164,0
12334,936,-0.140526,0
12344,944,0.983795,0
12354,948,1.545952,0
12364,949,1.686508,0
12374,945,1.124344,0
12384,937,0,0
12394,937,0,0
12404,937,0,0
12414,950,1.827034,0
12424,942,0.702713,0
12434,941,0.562164,0
12444,940,0.421631,0
12454,949,1.686508,0
12464,945,1.124344,0
12474,939,0.281082,0
12484,935,-0.281082,0
12494,943,0.843239,0
12504,942,0.702713,0
12514,938,0.140533,0
12524,943,0.843239,0
12534,941,0.562164,0
12544,942,0.702713,0
12554,944,0.983795,0
12564,942,0.702713,0
12574,945,1.124344,0
12584,943,0.843239,0
12594,943,0.843239,0
12604,947,1.405426,0
12614,946,1.26487,0
12624,937,0,0
12634,940,0.421631,0
12644,934,-0.421631,0
12654,942,0.702713,0
12664,950,1.827034,0
12674,941,0.562164,0
12684,938,0.140533,0
12694,938,0.140533,0
12704,934,-0.421631,0
12714,933,-0.562157,0
12724,927,-1.405396,0
12734,943,0.843239,0
12744,933,-0.562157,0
12754,935,-0.281082,0
12764,940,0.421631,0
12774,946,1.26487,0
12784,939,0.281082,0
12794,936,-0.140526,0
12804,937,0,0
12814,947,1.405426,0
12824,942,0.702713,0
12834,945,1.124344,0
12844,939,0.281082,0
12854,939,0.281082,0
12864,946,1.26487,0
12874,928,-1.26487,0
12884,947,1.405426,0
12894,935,-0.281082,0
12904,938,0.140533,0
12914,935,-0.281082,0
12924,937,0,0
12934,941,0.562164,0
12944,945,1.124344,0
12954,947,1.405426,0
12964,947,1.405426,0
12974,951,1.967583,0
12984,933,-0.562157,0
12994,937,0,0
13004,935,-0.281082,0
13014,940,0.421631,0
13024,939,0.281082,0
13034,932,-0.702713,0
13044,935,-0.281082,0
13054,943,0.843239,0
13064,947,1.405426,0
13074,945,1.124344,0
13084,947,1.405426,0
13094,934,-0.421631,0
13104,939,0.281082,0
13114,932,-0.702713,0
13124,941,0.562164,0
13134,946,1.26487,0
13144,939,0.281082,0
13154,948,1.545952,0
13164,939,0.281082,0
13174,941,0.562164,0
13184,947,1.405426,0
13194,947,1.405426,0
13204,938,0.140533,0
13214,942,0.702713,0
13224,946,1.26487,0
13234,939,0.281082,0
13244,944,0.983795,0
13254,940,0.421631,0
13264,939,0.281082,0
13274,947,1.405426,0
13284,938,0.140533,0
13294,942,0.702713,0
13304,948,1.545952,0
13314,932,-0.702713,0
13324,942,0.702713,0
13334,939,0.281082,0
13344,935,-0.281082,0
13354,937,0,0
13364,946,1.26487,0
13374,945,1.124344,0
13384,943,0.843239,0
13394,943,0.843239,0
13404,941,0.562164,0
13414,942,0.702713,0
13424,948,1.545952,0
13434,948,1.545952,0
13444,940,0.421631,0
13454,937,0,0
13464,943,0.843239,0
13474,937,0,0
13484,931,-0.843239,0
13494,940,0.421631,0
13504,938,0.140533,0
13514,947,1.405426,0
13524,939,0.281082,0
13534,945,1.124344,0
13544,941,0.562164,0
13554,943,0.843239,0
13564,940,0.421631,0
13574,936,-0.140526,0
13584,936,-0.140526,0
13594,937,0,0
13604,935,-0.281082,0
13614,951,1.967583,0
13624,937,0,0
13634,939,0.281082,0
13644,936,-0.140526,0
13654,946,1.26487,0
13664,937,0,0
13674,944,0.983795,0
13684,932,-0.702713,0
13694,945,1.124344,0
13704,942,0.702713,0
13714,938,0.140533,0
13724,945,1.124344,0
13734,939,0.281082,0
13744,944,0.983795,0
13754,940,0.421631,0
13764,942,0.702713,0
13774,943,0.843239,0
13784,941,0.562164,0
13794,946,1.26487,0
13804,943,0.843239,0
13814,950,1.827034,0
13824,935,-0.281082,0
13834,947,1.405426,0
13844,941,0.562164,0
13854,939,0.281082,0
13864,939,0.281082,0
13874,944,0.983795,0
13884,940,0.421631,0
13894,938,0.140533,0
13904,949,1.686508,0
13914,944,0.983795,0
13924,942,0.702713,0
13934,939,0.281082,0
13944,947,1.405426,0
13954,944,0.983795,0
13964,940,0.421631,0
13974,942,0.702713,0
13984,943,0.843239,0
13994,939,0.281082,0
14004,941,0.562164,0
14014,941,0.562164,0
14024,940,0.421631,0
14034,939,0.281082,0
14044,945,1.124344,0
14054,943,0.843239,0
14064,943,0.843239,0
14074,943,0.843239,0
14084,939,0.281082,0
14094,941,0.562164,0
14104,940,0.421631,0
14114,940,0.421631,0
14124,945,1.124344,0
14134,944,0.983795,0
14144,948,1.545952,0
14154,944,0.983795,0
14164,944,0.983795,0
14174,945,1.124344,0
14184,943,0.843239,0
14194,941,0.562164,0
14204,936,-0.140526,0
14214,938,0.140533,0
14224,942,0.702713,0
14234,947,1.405426,0
14244,950,1.827034,0
14254,943,0.843239,0
14264,949,1.686508,0
14274,946,1.26487,0
14284,942,0.702713,0
14294,939,0.281082,0
14304,945,1.124344,0
14314,937,0,0
14324,940,0.421631,0
14334,948,1.545952,0
14344,942,0.702713,0
14354,949,1.686508,0
14364,942,0.702713,0
14374,940,0.421631,0
14384,904,-4.637863,0
14394,882,-7.729774,0
14404,871,-9.275742,0
14414,867,-9.837898,0
14424,873,-8.994644,0
14434,849,-12.36765,0
14444,851,-12.08656,0
14454,843,-13.21089,0
14464,846,-12.78926,0
14474,860,-10.82169,0
14484,852,-11.94602,0
14494,854,-11.66493,0
14504,845,-12.9298,0
14514,844,-13.07036,0
14524,852,-11.94602,0
14534,855,-11.52439,0
14544,852,-11.94602,0
14554,845,-12.9298,0
14564,840,-13.63251,0
14574,850,-12.2271,0
14584,860,-10.82169,0
14594,850,-12.2271,0
14604,842,-13.35143,0
14614,854,-11.66493,0
14624,836,-14.19468,0
14634,856,-11.38385,0
14644,854,-11.66493,0
14654,851,-12.08656,0
14664,839,-13.77306,0
14674,848,-12.50819,0
14684,843,-13.21089,0
14694,852,-11.94602,0
14704,846,-12.78926,0
14714,854,-11.66493,0
14724,845,-12.9298,0
14734,849,-12.36765,0
14744,854,-11.66493,0
14754,852,-11.94602,0
14764,850,-12.2271,0
14774,844,-13.07036,0
14784,842,-13.35143,0
14794,843,-13.21089,0
14804,855,-11.52439,0
14814,857,-11.24332,0
14824,845,-12.9298,0
14834,845,-12.9298,0
14844,846,-12.78926,0
14854,850,-12.2271,0
14864,863,-10.40006,0
14874,839,-13.77306,0
14884,848,-12.50819,0
14894,838,-13.9136,0
14904,836,-14.19468,0
14914,856,-11.38385,0
14924,844,-13.07036,0
14934,842,-13.35143,0
14944,836,-14.19468,0
14954,843,-13.21089,0
14964,851,-12.08656,0
14974,848,-12.50819,0
14984,850,-12.2271,0
14994,839,-13.77306,0
15004,841,-13.49197,0
15014,846,-12.78926,0
15024,855,-11.52439,0
15034,846,-12.78926,0
15044,842,-13.35143,0
15054,833,-14.61631,0
15064,842,-13.35143,0
15074,847,-12.64874,0
15084,862,-10.54061,0
15094,843,-13.21089,0
15104,839,-13.77306,0
15114,848,-12.50819,0
15124,842,-13.35143,0
15134,862,-10.54061,0
15144,848,-12.50819,0
15154,844,-13.07036,0
15164,839,-13.77306,0
15174,841,-13.49197,0
15184,862,-10.54061,0
15194,850,-12.2271,0
15204,844,-13.07036,0
15214,843,-13.21089,0
15224,845,-12.9298,0
15234,853,-11.80548,0
15244,857,-11.24332,0
15254,845,-12.9298,0
15264,842,-13.35143,0
15274,846,-12.78926,0
15284,845,-12.9298,0
15294,850,-12.2271,0
15304,851,-12.08656,0
15314,852,-11.94602,0
15324,849,-12.36765,0
15334,854,-11.66493,0
15344,846,-12.78926,0
15354,863,-10.40006,0
15364,848,-12.50819,0
15374,846,-12.78926,0
15384,840,-13.63251,0
15394,844,-13.07036,0
15404,856,-11.38385,0
15414,844,-13.07036,0
15424,850,-12.2271,0
15434,837,-14.05415,0
15444,845,-12.9298,0
15454,857,-11.24332,0
15464,850,-12.2271,0
15474,847,-12.64874,0
15484,840,-13.63251,0
15494,847,-12.64874,0
15504,845,-12.9298,0
15514,855,-11.52439,0
15524,857,-11.24332,0
15534,837,-14.05415,0
15544,844,-13.07036,0
15554,840,-13.63251,0
15564,854,-11.66493,0
15574,848,-12.50819,0
15584,854,-11.66493,0
15594,850,-12.2271,0
15604,851,-12.08656,0
15614,842,-13.35143,0
15624,855,-11.52439,0
15634,853,-11.80548,0
15644,843,-13.21089,0
15654,838,-13.9136,0
15664,833,-14.61631,0
15674,836,-14.19468,0
15684,857,-11.24332,0
15694,843,-13.21089,0
15704,840,-13.63251,0
15714,843,-13.21089,0
15724,859,-10.96223,0
15734,860,-10.82169,0
15744,857,-11.24332,0
15754,850,-12.2271,0
15764,846,-12.78926,0
15774,840,-13.63251,0
15784,854,-11.66493,0
15794,856,-11.38385,0
15804,847,-12.64874,0
15814,853,-11.80548,0
15824,850,-12.2271,0
15834,845,-12.9298,0
15844,857,-11.24332,0
15854,852,-11.94602,0
15864,841,-13.49197,0
15874,848,-12.50819,0
15884,846,-12.78926,0
15894,848,-12.50819,0
15904,854,-11.66493,0
15914,840,-13.63251,0
15924,850,-12.2271,0
15934,840,-13.63251,0
15944,852,-11.94602,0
15954,864,-10.25952,0
15964,841,-13.49197,0
15974,850,-12.2271,0
15984,843,-13.21089,0
15994,851,-12.08656,0
16004,851,-12.08656,0
16014,840,-13.63251,0
16024,845,-12.9298,0
16034,840,-13.63251,0
16044,841,-13.49197,0
16054,850,-12.2271,0
16064,856,-11.38385,0
16074,852,-11.94602,0
16084,849,-12.36765,0
16094,838,-13.9136,0
16104,850,-12.2271,0
16114,863,-10.40006,0
16124,841,-13.49197,0
16134,845,-12.9298,0
16144,836,-14.19468,0
16154,837,-14.05415,0
16164,850,-12.2271,0
16174,850,-12.2271,0
16184,838,-13.9136,0
16194,845,-12.9298,0
16204,841,-13.49197,0
16214,851,-12.08656,0
16224,857,-11.24332,0
16234,857,-11.24332,0
16244,846,-12.78926,0
16254,839,-13.77306,0
16264,848,-12.50819,0
16274,855,-11.52439,0
16284,855,-11.52439,0
16294,843,-13.21089,0
16304,848,-12.50819,0
16314,851,-12.08656,0
16324,851,-12.08656,0
16334,858,-11.10277,0
16344,854,-11.66493,0
16354,841,-13.49197,0
16364,835,-14.33523,0
16374,841,-13.49197,0
16384,858,-11.10277,0
16394,845,-12.9298,0
16404,847,-12.64874,0
16414,851,-12.08656,0
16424,840,-13.63251,0
16434,857,-11.24332,0
16444,865,-10.11898,0
16454,840,-13.63251,0
16464,843,-13.21089,0
16474,849,-12.36765,0
16484,846,-12.78926,0
16494,856,-11.38385,0
16504,849,-12.36765,0
16514,844,-13.07036,0
16524,836,-14.19468,0
16534,840,-13.63251,0
16544,855,-11.52439,0
16554,853,-11.80548,0
16564,848,-12.50819,0
16574,841,-13.49197,0
16584,847,-12.64874,0
16594,846,-12.78926,0
16604,854,-11.66493,0
16614,854,-11.66493,0
16624,842,-13.35143,0
16634,852,-11.94602,0
16644,850,-12.2271,0
16654,853,-11.80548,0
16664,855,-11.52439,0
16674,846,-12.78926,0
16684,845,-12.9298,0
16694,843,-13.21089,0
16704,853,-11.80548,0
16714,860,-10.82169,0
16724,854,-11.66493,0
16734,839,-13.77306,0
16744,840,-13.63251,0
16754,837,-14.05415,0
16764,855,-11.52439,0
16774,851,-12.08656,0
16784,842,-13.35143,0
16794,844,-13.07036,0
16804,848,-12.50819,0
16814,850,-12.2271,0
16824,857,-11.24332,0
16834,853,-11.80548,0
16844,850,-12.2271,0
16854,849,-12.36765,0
16864,846,-12.78926,0
16874,855,-11.52439,0
16884,850,-12.2271,0
16894,842,-13.35143,0
16904,838,-13.9136,0
16914,840,-13.63251,0
16924,854,-11.66493,0
16934,847,-12.64874,0
16944,842,-13.35143,0
16954,844,-13.07036,0
16964,843,-13.21089,0
16974,843,-13.21089,0
16984,852,-11.94602,0
16994,851,-12.08656,0
17004,840,-13.63251,0
17014,843,-13.21089,0
17024,841,-13.49197,0
17034,842,-13.35143,0
17044,858,-11.10277,0
17054,851,-12.08656,0
17064,845,-12.9298,0
17074,831,-14.89738,0
17084,842,-13.35143,0
17094,856,-11.38385,0
17104,854,-11.66493,0
17114,848,-12.50819,0
17124,841,-13.49197,0
17134,841,-13.49197,0
17144,855,-11.52439,0
17154,858,-11.10277,0
17164,847,-12.64874,0
17174,838,-13.9136,0
17184,845,-12.9298,0
17194,855,-11.52439,0
17204,860,-10.82169,0
17214,849,-12.36765,0
17224,856,-11.38385,0
17234,839,-13.77306,0
17244,841,-13.49197,0
17254,853,-11.80548,0
17264,854,-11.66493,0
17274,834,-14.47577,0
17284,843,-13.21089,0
17294,846,-12.78926,0
17304,843,-13.21089,0
17314,853,-11.80548,0
17324,852,-11.94602,0
17334,850,-12.2271,0
17344,840,-13.63251,0
17354,841,-13.49197,0
17364,851,-12.08656,0
17374,847,-12.64874,0
17384,847,-12.64874,0
17394,840,-13.63251,0
17404,847,-12.64874,0
17414,852,-11.94602,0
17424,847,-12.64874,0
17434,845,-12.9298,0
17444,849,-12.36765,0
17454,834,-14.47577,0
17464,840,-13.63251,0
17474,855,-11.52439,0
17484,845,-12.9298,0
17494,837,-14.05415,0
17504,835,-14.33523,0
17514,844,-13.07036,0
17524,853,-11.80548,0
17534,845,-12.9298,0
17544,854,-11.66493,0
17554,841,-13.49197,0
17564,838,-13.9136,0
17574,842,-13.35143,0
17584,857,-11.24332,0
17594,855,-11.52439,0
17604,848,-12.50819,0
17614,844,-13.07036,0
17624,843,-13.21089,0
17634,854,-11.66493,0
17644,849,-12.36765,0
17654,849,-12.36765,0
17664,848,-12.50819,0
17674,842,-13.35143,0
17684,852,-11.94602,0
17694,853,-11.80548,0
17704,853,-11.80548,0
17714,840,-13.63251,0
17724,840,-13.63251,0
17734,840,-13.63251,0
17744,854,-11.66493,0
17754,841,-13.49197,0
17764,850,-12.2271,0
17774,846,-12.78926,0
17784,849,-12.36765,0
17794,864,-10.25952,0
17804,849,-12.36765,0
17814,845,-12.9298,0
17824,842,-13.35143,0
17834,845,-12.9298,0
17844,851,-12.08656,0
17854,856,-11.38385,0
17864,850,-12.2271,0
17874,842,-13.35143,0
17884,840,-13.63251,0
17894,840,-13.63251,0
17904,856,-11.38385,0
17914,856,-11.38385,0
17924,840,-13.63251,0
17934,844,-13.07036,0
17944,842,-13.35143,0
17954,851,-12.08656,0
17964,860,-10.82169,0
17974,851,-12.08656,0
17984,848,-12.50819,0
17994,849,-12.36765,0
18004,840,-13.63251,0
18014,853,-11.80548,0
18024,855,-11.52439,0
18034,848,-12.50819,0
18044,838,-13.9136,0
18054,843,-13.21089,0
18064,839,-13.77306,0
18074,851,-12.08656,0
18084,853,-11.80548,0
18094,834,-14.47577,0
18104,838,-13.9136,0
18114,840,-13.63251,0
18124,847,-12.64874,0
18134,856,-11.38385,0
18144,847,-12.64874,0
18154,838,-13.9136,0
18164,843,-13.21089,0
18174,849,-12.36765,0
18184,856,-11.38385,0
18194,847,-12.64874,0
18204,842,-13.35143,0
18214,841,-13.49197,0
18224,846,-12.78926,0
18234,851,-12.08656,0
18244,854,-11.66493,0
18254,849,-12.36765,0
18264,848,-12.50819,0
18274,844,-13.07036,0
18284,851,-12.08656,0
18294,853,-11.80548,0
18304,846,-12.78926,0
18314,844,-13.07036,0
18324,837,-14.05415,0
18334,850,-12.2271,0
18344,857,-11.24332,0
18354,854,-11.66493,0
18364,848,-12.50819,0
18374,834,-14.47577,0
18384,845,-12.9298,0
18394,849,-12.36765,0
18404,848,-12.50819,0
18414,848,-12.50819,0
18424,841,-13.49197,0
18434,839,-13.77306,0
18444,854,-11.66493,0
18454,860,-10.82169,0
18464,839,-13.77306,0
18474,850,-12.2271,0
18484,838,-13.9136,0
18494,843,-13.21089,0
18504,853,-11.80548,0
18514,848,-12.50819,0
18524,846,-12.78926,0
18534,845,-12.9298,0
18544,842,-13.35143,0
18554,853,-11.80548,0
18564,850,-12.2271,0
18574,843,-13.21089,0
18584,843,-13.21089,0
18594,838,-13.9136,0
18604,850,-12.2271,0
18614,848,-12.50819,0
18624,843,-13.21089,0
18634,843,-13.21089,0
18644,838,-13.9136,0
18654,844,-13.07036,0
18664,849,-12.36765,0
18674,851,-12.08656,0
18684,843,-13.21089,0
18694,835,-14.33523,0
18704,833,-14.61631,0
18714,846,-12.78926,0
18724,858,-11.10277,0
18734,840,-13.63251,0
18744,848,-12.50819,0
18754,838,-13.9136,0
18764,844,-13.07036,0
18774,848,-12.50819,0
18784,857,-11.24332,0
18794,836,-14.19468,0
18804,850,-12.2271,0
18814,848,-12.50819,0
18824,850,-12.2271,0
18834,853,-11.80548,0
18844,841,-13.49197,0
18854,841,-13.49197,0
18864,840,-13.63251,0
18874,853,-11.80548,0
18884,862,-10.54061,0
18894,852,-11.94602,0
18904,844,-13.07036,0
18914,840,-13.63251,0
18924,842,-13.35143,0
18934,850,-12.2271,0
18944,843,-13.21089,0
18954,852,-11.94602,0
18964,841,-13.49197,0
18974,842,-13.35143,0
18984,852,-11.94602,0
18994,850,-12.2271,0
19004,845,-12.9298,0
19014,849,-12.36765,0
19024,841,-13.49197,0
19034,852,-11.94602,0
19044,857,-11.24332,0
19054,849,-12.36765,0
19064,846,-12.78926,0
19074,834,-14.47577,0
19084,842,-13.35143,0
19094,846,-12.78926,0
19104,848,-12.50819,0
19114,836,-14.19468,0
19124,852,-11.94602,0
19134,838,-13.9136,0
19144,841,-13.49197,0
19154,863,-10.40006,0
19164,853,-11.80548,0
19174,854,-11.66493,0
19184,838,-13.9136,0
19194,849,-12.36765,0
19204,858,-11.10277,0
19214,839,-13.77306,0
19224,845,-12.9298,0
19234,841,-13.49197,0
19244,835,-14.33523,0
19254,846,-12.78926,0
19264,851,-12.08656,0
19274,853,-11.80548,0
19284,851,-12.08656,0
19294,845,-12.9298,0
19304,842,-13.35143,0
19314,850,-12.2271,0
19324,856,-11.38385,0
19334,855,-11.52439,0
19344,846,-12.78926,0
19354,847,-12.64874,0
19364,843,-13.21089,0
19374,852,-11.94602,0
19384,850,-12.2271,0
19394,833,-14.61631,0
19404,839,-13.77306,0
19414,835,-14.33523,0
19424,850,-12.2271,0
19434,853,-11.80548,0
19444,847,-12.64874,0
19454,835,-14.33523,0
19464,837,-14.05415,0
19474,856,-11.38385,0
19484,849,-12.36765,0
19494,840,-13.63251,0
19504,836,-14.19468,0
19514,852,-11.94602,0
19524,854,-11.66493,0
19534,852,-11.94602,0
19544,840,-13.63251,0
19554,843,-13.21089,0
19564,838,-13.9136,0
19574,852,-11.94602,0
19584,852,-11.94602,0
19594,850,-12.2271,0
19604,845,-12.9298,0
19614,833,-14.61631,0
19624,844,-13.07036,0
19634,851,-12.08656,0
19644,848,-12.50819,0
19654,854,-11.66493,0
19664,836,-14.19468,0
19674,849,-12.36765,0
19684,838,-13.9136,0
19694,861,-10.68115,0
19704,844,-13.07036,0
19714,837,-14.05415,0
19724,837,-14.05415,0
19734,839,-13.77306,0
19744,852,-11.94602,0
19754,847,-12.64874,0
19764,857,-11.24332,0
19774,839,-13.77306,0
19784,844,-13.07036,0
19794,849,-12.36765,0
19804,852,-11.94602,0
19814,842,-13.35143,0
19824,841,-13.49197,0
19834,847,-12.64874,0
19844,840,-13.63251,0
19854,856,-11.38385,0
19864,847,-12.64874,0
19874,856,-11.38385,0
19884,850,-12.2271,0
19894,840,-13.63251,0
19904,853,-11.80548,0
19914,856,-11.38385,0
19924,849,-12.36765,0
19934,840,-13.63251,0
19944,845,-12.9298,0
19954,846,-12.78926,0
19964,853,-11.80548,0
19974,848,-12.50819,0
19984,838,-13.9136,0
19994,844,-13.07036,0
20004,841,-13.49197,0
20014,853,-11.80548,0
20024,845,-12.9298,0
20034,847,-12.64874,0
20044,836,-14.19468,0
20054,842,-13.35143,0
20064,850,-12.2271,0
20074,853,-11.80548,0
20084,850,-12.2271,0
20094,835,-14.33523,0
20104,845,-12.9298,0
20114,838,-13.9136,0
20124,861,-10.68115,0
20134,858,-11.10277,0
20144,843,-13.21089,0
20154,841,-13.49197,0
20164,841,-13.49197,0
20174,848,-12.50819,0
20184,859,-10.96223,0
20194,851,-12.08656,0
20204,847,-12.64874,0
20214,841,-13.49197,0
20224,847,-12.64874,0
20234,858,-11.10277,0
20244,852,-11.94602,0
20254,843,-13.21089,0
20264,852,-11.94602,0
20274,847,-12.64874,0
20284,854,-11.66493,0
20294,851,-12.08656,0
20304,847,-12.64874,0
20314,837,-14.05415,0
20324,845,-12.9298,0
20334,851,-12.08656,0
20344,852,-11.94602,0
20354,844,-13.07036,0
20364,842,-13.35143,0
20374,845,-12.9298,0
20384,848,-12.50819,0
20394,859,-10.96223,0
20404,847,-12.64874,0
20414,841,-13.49197,0
20424,847,-12.64874,0
20434,850,-12.2271,0
20444,854,-11.66493,0
20454,854,-11.66493,0
20464,846,-12.78926,0
20474,844,-13.07036,0
20484,840,-13.63251,0
20494,833,-14.61631,0
20504,853,-11.80548,0
20514,850,-12.2271,0
20524,843,-13.21089,0
20534,833,-14.61631,0
20544,838,-13.9136,0
20554,851,-12.08656,0
20564,856,-11.38385,0
20574,854,-11.66493,0
20584,851,-12.08656,0
20594,834,-14.47577,0
20604,848,-12.50819,0
20614,854,-11.66493,0
20624,851,-12.08656,0
20634,841,-13.49197,0
20644,834,-14.47577,0
20654,843,-13.21089,0
20664,859,-10.96223,0
20674,845,-12.9298,0
20684,840,-13.63251,0
20694,836,-14.19468,0
20704,840,-13.63251,0
20714,852,-11.94602,0
20724,849,-12.36765,0
20734,851,-12.08656,0
20744,841,-13.49197,0
20754,841,-13.49197,0
20764,855,-11.52439,0
20774,857,-11.24332,0
20784,847,-12.64874,0
20794,839,-13.77306,0
20804,841,-13.49197,0
20814,839,-13.77306,0
20824,847,-12.64874,0
20834,853,-11.80548,0
20844,842,-13.35143,0
20854,849,-12.36765,0
20864,839,-13.77306,0
20874,848,-12.50819,0
20884,860,-10.82169,0
20894,843,-13.21089,0
20904,846,-12.78926,0
20914,837,-14.05415,0
20924,841,-13.49197,0
20934,851,-12.08656,0
20944,846,-12.78926,0
20954,847,-12.64874,0
20964,844,-13.07036,0
20974,847,-12.64874,0
20984,851,-12.08656,0
20994,856,-11.38385,0
21004,847,-12.64874,0
21014,849,-12.36765,0
21024,843,-13.21089,0
21034,842,-13.35143,0
21044,863,-10.40006,0
21054,845,-12.9298,0
21064,851,-12.08656,0
21074,843,-13.21089,0
21084,844,-13.07036,0
21094,853,-11.80548,0
21104,850,-12.2271,0
21114,838,-13.9136,0
21124,835,-14.33523,0
21134,832,-14.75685,0
21144,841,-13.49197,0
21154,853,-11.80548,0
21164,844,-13.07036,0
21174,841,-13.49197,0
21184,831,-14.89738,0
21194,844,-13.07036,0
21204,856,-11.38385,0
21214,846,-12.78926,0
21224,853,-11.80548,0
21234,837,-14.05415,0
21244,834,-14.47577,0
21254,842,-13.35143,0
21264,855,-11.52439,0
21274,847,-12.64874,0
21284,834,-14.47577,0
21294,830,-15.03794,0
21304,845,-12.9298,0
21314,855,-11.52439,0
21324,855,-11.52439,0
21334,849,-12.36765,0
21344,848,-12.50819,0
21354,846,-12.78926,0
21364,860,-10.82169,0
21374,858,-11.10277,0
21384,852,-11.94602,0
21394,843,-13.21089,0
21404,845,-12.9298,0
21414,846,-12.78926,0
21424,859,-10.96223,0
21434,844,-13.07036,0
21444,843,-13.21089,0
21454,840,-13.63251,0
21464,844,-13.07036,0
21474,859,-10.96223,0
21484,844,-13.07036,0
21494,850,-12.2271,0
21504,848,-12.50819,0
21514,838,-13.9136,0
21524,850,-12.2271,0
21534,849,-12.36765,0
21544,840,-13.63251,0
21554,840,-13.63251,0
21564,841,-13.49197,0
21574,838,-13.9136,0
21584,856,-11.38385,0
21594,847,-12.64874,0
21604,850,-12.2271,0
21614,848,-12.50819,0
21624,847,-12.64874,0
21634,852,-11.94602,0
21644,846,-12.78926,0
21654,847,-12.64874,0
21664,846,-12.78926,0
21674,850,-12.2271,0
21684,847,-12.64874,0
21694,852,-11.94602,0
21704,842,-13.35143,0
21714,840,-13.63251,0
21724,848,-12.50819,0
21734,842,-13.35143,0
21744,855,-11.52439,0
21754,850,-12.2271,0
21764,841,-13.49197,0
21774,836,-14.19468,0
21784,841,-13.49197,0
21794,848,-12.50819,0
21804,856,-11.38385,0
21814,849,-12.36765,0
21824,845,-12.9298,0
21834,845,-12.9298,0
21844,837,-14.05415,0
21854,868,-9.697357,0
21864,852,-11.94602,0
21874,845,-12.9298,0
21884,842,-13.35143,0
21894,839,-13.77306,0
21904,854,-11.66493,0
21914,848,-12.50819,0
21924,852,-11.94602,0
21934,843,-13.21089,0
21944,851,-12.08656,0
21954,855,-11.52439,0
21964,862,-10.54061,0
21974,852,-11.94602,0
21984,846,-12.78926,0
21994,849,-12.36765,0
22004,844,-13.07036,0
22014,851,-12.08656,0
22024,845,-12.9298,0
22034,837,-14.05415,0
22044,840,-13.63251,0
22054,845,-12.9298,0
22064,850,-12.2271,0
22074,851,-12.08656,0
22084,849,-12.36765,0
22094,836,-14.19468,0
22104,852,-11.94602,0
22114,842,-13.35143,0
22124,848,-12.50819,0
22134,842,-13.35143,0
22144,838,-13.9136,0
22154,844,-13.07036,0
22164,837,-14.05415,0
22174,853,-11.80548,0
22184,847,-12.64874,0
22194,843,-13.21089,0
22204,845,-12.9298,0
22214,842,-13.35143,0
22224,848,-12.50819,0
22234,856,-11.38385,0
22244,846,-12.78926,0
22254,835,-14.33523,0
22264,851,-12.08656,0
22274,845,-12.9298,0
22284,862,-10.54061,0
22294,856,-11.38385,0
22304,836,-14.19468,0
22314,849,-12.36765,0
22324,854,-11.66493,0
22334,861,-10.68115,0
22344,846,-12.78926,0
22354,847,-12.64874,0
22364,837,-14.05415,0
22374,839,-13.77306,0
22384,844,-13.07036,0
22394,847,-12.64874,0
22404,848,-12.50819,0
22414,852,-11.94602,0
22424,839,-13.77306,0
22434,851,-12.08656,0
22444,857,-11.24332,0
22454,843,-13.21089,0
22464,851,-12.08656,0
22474,847,-12.64874,0
22484,846,-12.78926,0
22494,847,-12.64874,0
22504,850,-12.2271,0
22514,838,-13.9136,0
22524,836,-14.19468,0
22534,845,-12.9298,0
22544,851,-12.08656,0
22554,851,-12.08656,0
22564,845,-12.9298,0
22574,842,-13.35143,0
22584,840,-13.63251,0
22594,840,-13.63251,0
22604,849,-12.36765,0
22614,846,-12.78926,0
22624,840,-13.63251,0
22634,843,-13.21089,0
22644,839,-13.77306,0
22654,856,-11.38385,0
22664,850,-12.2271,0
22674,860,-10.82169,0
22684,847,-12.64874,0
22694,844,-13.07036,0
22704,845,-12.9298,0
22714,852,-11.94602,0
22724,859,-10.96223,0
22734,836,-14.19468,0
22744,849,-12.36765,0
22754,841,-13.49197,0
22764,852,-11.94602,0
22774,852,-11.94602,0
22784,850,-12.2271,0
22794,852,-11.94602,0
22804,846,-12.78926,0
22814,850,-12.2271,0
22824,858,-11.10277,0
22834,857,-11.24332,0
22844,840,-13.63251,0
22854,836,-14.19468,0
22864,839,-13.77306,0
22874,850,-12.2271,0
22884,843,-13.21089,0
22894,832,-14.75685,0
22904,847,-12.64874,0
22914,835,-14.33523,0
22924,850,-12.2271,0
22934,845,-12.9298,0
22944,838,-13.9136,0
22954,842,-13.35143,0
22964,840,-13.63251,0
22974,837,-14.05415,0
22984,852,-11.94602,0
22994,840,-13.63251,0
23004,843,-13.21089,0
23014,836,-14.19468,0
23024,848,-12.50819,0
23034,860,-10.82169,0
23044,848,-12.50819,0
23054,843,-13.21089,0
23064,840,-13.63251,0
23074,848,-12.50819,0
23084,854,-11.66493,0
23094,849,-12.36765,0
23104,849,-12.36765,0
23114,835,-14.33523,0
23124,845,-12.9298,0
23134,852,-11.94602,0
23144,852,-11.94602,0
23154,843,-13.21089,0
23164,840,-13.63251,0
23174,841,-13.49197,0
23184,845,-12.9298,0
23194,855,-11.52439,0
23204,852,-11.94602,0
23214,846,-12.78926,0
23224,835,-14.33523,0
23234,838,-13.9136,0
23244,844,-13.07036,0
23254,856,-11.38385,0
23264,858,-11.10277,0
23274,851,-12.08656,0
23284,848,-12.50819,0
23294,844,-13.07036,0
23304,853,-11.80548,0
23314,854,-11.66493,0
23324,841,-13.49197,0
23334,847,-12.64874,0
23344,836,-14.19468,0
23354,846,-12.78926,0
23364,855,-11.52439,0
23374,847,-12.64874,0
23384,851,-12.08656,0
23394,848,-12.50819,0
23404,856,-11.38385,0
23414,860,-10.82169,0
23424,846,-12.78926,0
23434,836,-14.19468,0
23444,834,-14.47577,0
23454,845,-12.9298,0
23464,849,-12.36765,0
23474,848,-12.50819,0
23484,843,-13.21089,0
23494,843,-13.21089,0
23504,842,-13.35143,0
23514,854,-11.66493,0
23524,855,-11.52439,0
23534,852,-11.94602,0
23544,843,-13.21089,0
23554,841,-13.49197,0
23564,848,-12.50819,0
23574,862,-10.54061,0
23584,850,-12.2271,0
23594,837,-14.05415,0
23604,828,-15.31902,0
23614,848,-12.50819,0
23624,853,-11.80548,0
23634,851,-12.08656,0
23644,844,-13.07036,0
23654,838,-13.9136,0
23664,841,-13.49197,0
23674,849,-12.36765,0
23684,864,-10.25952,0
23694,846,-12.78926,0
23704,839,-13.77306,0
23714,837,-14.05415,0
23724,845,-12.9298,0
23734,849,-12.36765,0
23744,839,-13.77306,0
23754,842,-13.35143,0
23764,839,-13.77306,0
23774,838,-13.9136,0
23784,844,-13.07036,0
23794,866,-9.978439,0
23804,845,-12.9298,0
23814,850,-12.2271,0
23824,837,-14.05415,0
23834,851,-12.08656,0
23844,856,-11.38385,0
23854,861,-10.68115,0
23864,846,-12.78926,0
23874,840,-13.63251,0
23884,847,-12.64874,0
23894,849,-12.36765,0
23904,850,-12.2271,0
23914,839,-13.77306,0
23924,849,-12.36765,0
23934,846,-12.78926,0
23944,845,-12.9298,0
23954,852,-11.94602,0
23964,849,-12.36765,0
23974,841,-13.49197,0
23984,848,-12.50819,0
23994,850,-12.2271,0
24004,851,-12.08656,0
24014,850,-12.2271,0
24024,854,-11.66493,0
24034,847,-12.64874,0
24044,853,-11.80548,0
24054,849,-12.36765,0
24064,855,-11.52439,0
24074,846,-12.78926,0
24084,851,-12.08656,0
24094,842,-13.35143,0
24104,846,-12.78926,0
24114,860,-10.82169,0
24124,851,-12.08656,0
24134,845,-12.9298,0
24144,846,-12.78926,0
24154,846,-12.78926,0
24164,849,-12.36765,0
24174,861,-10.68115,0
24184,842,-13.35143,0
24194,845,-12.9298,0
24204,846,-12.78926,0
24214,842,-13.35143,0
24224,856,-11.38385,0
24234,845,-12.9298,0
24244,844,-13.07036,0
24254,843,-13.21089,0
24264,847,-12.64874,0
24274,861,-10.68115,0
24284,850,-12.2271,0
24294,843,-13.21089,0
24304,841,-13.49197,0
24314,839,-13.77306,0
24324,851,-12.08656,0
24334,846,-12.78926,0
24344,847,-12.64874,0
24354,844,-13.07036,0
24364,840,-13.63251,0
24374,846,-12.78926,0
24384,859,-10.96223,0
24394,852,-11.94602,0
24404,849,-12.36765,0
24414,845,-12.9298,0
24424,838,-13.9136,0
24434,847,-12.64874,0
24444,847,-12.64874,0
24454,850,-12.2271,0
24464,833,-14.61631,0
24474,837,-14.05415,0
24484,850,-12.2271,0
24494,855,-11.52439,0
24504,849,-12.36765,0
24514,844,-13.07036,0
24524,837,-14.05415,0
24534,847,-12.64874,0
24544,855,-11.52439,0
24554,849,-12.36765,0
24564,835,-14.33523,0
24574,835,-14.33523,0
24584,835,-14.33523,0
24594,847,-12.64874,0
24604,847,-12.64874,0
24614,841,-13.49197,0
24624,840,-13.63251,0
24634,835,-14.33523,0
24644,844,-13.07036,0
24654,854,-11.66493,0
24664,844,-13.07036,0
24674,839,-13.77306,0
24684,841,-13.49197,0
24694,839,-13.77306,0
24704,855,-11.52439,0
24714,846,-12.78926,0
24724,842,-13.35143,0
24734,833,-14.61631,0
24744,839,-13.77306,0
24754,850,-12.2271,0
24764,845,-12.9298,0
24774,841,-13.49197,0
24784,839,-13.77306,0
24794,843,-13.21089,0
24804,842,-13.35143,0
24814,857,-11.24332,0
24824,846,-12.78926,0
24834,841,-13.49197,0
24844,833,-14.61631,0
24854,836,-14.19468,0
24864,849,-12.36765,0
24874,847,-12.64874,0
24884,839,-13.77306,0
24894,833,-14.61631,0
24904,843,-13.21089,0
24914,842,-13.35143,0
24924,848,-12.50819,0
24934,845,-12.9298,0
24944,842,-13.35143,0
24954,842,-13.35143,0
24964,841,-13.49197,0
24974,859,-10.96223,0
24984,838,-13.9136,0
24994,843,-13.21089,0
25004,834,-14.47577,0
25014,839,-13.77306,0
25024,852,-11.94602,0
25034,848,-12.50819,0
25044,845,-12.9298,0
25054,839,-13.77306,0
25064,835,-14.33523,0
25074,846,-12.78926,0
25084,841,-13.49197,0
25094,842,-13.35143,0
25104,845,-12.9298,0
25114,837,-14.05415,0
25124,840,-13.63251,0
25134,852,-11.94602,0
25144,849,-12.36765,0
25154,847,-12.64874,0
25164,839,-13.77306,0
25174,848,-12.50819,0
25184,848,-12.50819,0
25194,846,-12.78926,0
25204,846,-12.78926,0
25214,840,-13.63251,0
25224,839,-13.77306,0
25234,844,-13.07036,0
25244,848,-12.50819,0
25254,841,-13.49197,0
25264,842,-13.35143,0
25274,834,-14.47577,0
25284,836,-14.19468,0
25294,848,-12.50819,0
25304,844,-13.07036,0
25314,851,-12.08656,0
25324,843,-13.21089,0
25334,834,-14.47577,0
25344,845,-12.9298,0
25354,849,-12.36765,0
25364,841,-13.49197,0
25374,838,-13.9136,0
25384,836,-14.19468,0
25394,846,-12.78926,0
25404,849,-12.36765,0
25414,847,-12.64874,0
25424,840,-13.63251,0
25434,836,-14.19468,0
25444,841,-13.49197,0
25454,850,-12.2271,0
25464,844,-13.07036,0
25474,851,-12.08656,0
25484,841,-13.49197,0
25494,833,-14.61631,0
25504,844,-13.07036,0
25514,855,-11.52439,0
25524,845,-12.9298,0
25534,839,-13.77306,0
25544,836,-14.19468,0
25554,843,-13.21089,0
25564,857,-11.24332,0
25574,844,-13.07036,0
25584,840,-13.63251,0
25594,838,-13.9136,0
25604,838,-13.9136,0
25614,851,-12.08656,0
25624,854,-11.66493,0
25634,842,-13.35143,0
25644,837,-14.05415,0
25654,839,-13.77306,0
25664,847,-12.64874,0
25674,854,-11.66493,0
25684,848,-12.50819,0
25694,837,-14.05415,0
25704,836,-14.19468,0
25714,837,-14.05415,0
25724,849,-12.36765,0
25734,853,-11.80548,0
25744,842,-13.35143,0
25754,833,-14.61631,0
25764,841,-13.49197,0
25774,850,-12.2271,0
25784,848,-12.50819,0
25794,845,-12.9298,0
25804,841,-13.49197,0
25814,836,-14.19468,0
25824,843,-13.21089,0
25834,860,-10.82169,0
25844,850,-12.2271,0
25854,839,-13.77306,0
25864,839,-13.77306,0
25874,845,-12.9298,0
25884,853,-11.80548,0
25894,840,-13.63251,0
25904,852,-11.94602,0
25914,836,-14.19468,0
25924,838,-13.9136,0
25934,844,-13.07036,0
25944,861,-10.68115,0
25954,851,-12.08656,0
25964,847,-12.64874,0
25974,839,-13.77306,0
25984,854,-11.66493,0
25994,858,-11.10277,0
26004,849,-12.36765,0
26014,836,-14.19468,0
26024,839,-13.77306,0
26034,841,-13.49197,0
26044,857,-11.24332,0
26054,855,-11.52439,0
26064,844,-13.07036,0
26074,839,-13.77306,0
26084,851,-12.08656,0
26094,851,-12.08656,0
26104,859,-10.96223,0
26114,850,-12.2271,0
26124,847,-12.64874,0
26134,839,-13.77306,0
26144,843,-13.21089,0
26154,852,-11.94602,0
26164,842,-13.35143,0
26174,840,-13.63251,0
26184,841,-13.49197,0
26194,841,-13.49197,0
26204,857,-11.24332,0
26214,850,-12.2271,0
26224,853,-11.80548,0
26234,841,-13.49197,0
26244,849,-12.36765,0
26254,842,-13.35143,0
26264,849,-12.36765,0
26274,851,-12.08656,0
26284,844,-13.07036,0
26294,849,-12.36765,0
26304,844,-13.07036,0
26314,852,-11.94602,0
26324,847,-12.64874,0
26334,855,-11.52439,0
26344,842,-13.35143,0
26354,849,-12.36765,0
26364,846,-12.78926,0
26374,852,-11.94602,0
26384,841,-13.49197,0
26394,848,-12.50819,0
26404,837,-14.05415,0
26414,841,-13.49197,0
26424,844,-13.07036,0
26434,850,-12.2271,0
26444,848,-12.50819,0
26454,848,-12.50819,0
26464,842,-13.35143,0
26474,851,-12.08656,0
26484,847,-12.64874,0
26494,837,-14.05415,0
26504,838,-13.9136,0
26514,845,-12.9298,0
26524,844,-13.07036,0
26534,855,-11.52439,0
26544,846,-12.78926,0
26554,849,-12.36765,0
26564,836,-14.19468,0
26574,842,-13.35143,0
26584,846,-12.78926,0
26594,847,-12.64874,0
26604,835,-14.33523,0
26614,835,-14.33523,0
26624,840,-13.63251,0
26634,847,-12.64874,0
26644,853,-11.80548,0
26654,848,-12.50819,0
26664,847,-12.64874,0
26674,856,-11.38385,0
26684,845,-12.9298,0
26694,851,-12.08656,0
26704,846,-12.78926,0
26714,836,-14.19468,0
26724,848,-12.50819,0
26734,840,-13.63251,0
26744,849,-12.36765,0
26754,851,-12.08656,0
26764,842,-13.35143,0
26774,840,-13.63251,0
26784,839,-13.77306,0
26794,846,-12.78926,0
26804,851,-12.08656,0
26814,859,-10.96223,0
26824,839,-13.77306,0
26834,840,-13.63251,0
26844,842,-13.35143,0
26854,851,-12.08656,0
26864,844,-13.07036,0
26874,842,-13.35143,0
26884,838,-13.9136,0
26894,839,-13.77306,0
26904,846,-12.78926,0
26914,852,-11.94602,0
26924,845,-12.9298,0
26934,842,-13.35143,0
26944,838,-13.9136,0
26954,840,-13.63251,0
26964,844,-13.07036,0
26974,849,-12.36765,0
26984,842,-13.35143,0
26994,839,-13.77306,0
27004,840,-13.63251,0
27014,853,-11.80548,0
27024,852,-11.94602,0
27034,846,-12.78926,0
27044,848,-12.50819,0
27054,839,-13.77306,0
27064,855,-11.52439,0
27074,846,-12.78926,0
27084,846,-12.78926,0
27094,849,-12.36765,0
27104,841,-13.49197,0
27114,847,-12.64874,0
27124,855,-11.52439,0
27134,850,-12.2271,0
27144,839,-13.77306,0
27154,846,-12.78926,0
27164,848,-12.50819,0
27174,855,-11.52439,0
27184,844,-13.07036,0
27194,846,-12.78926,0
27204,837,-14.05415,0
27214,846,-12.78926,0
27224,859,-10.96223,0
27234,850,-12.2271,0
27244,843,-13.21089,0
27254,844,-13.07036,0
27264,843,-13.21089,0
27274,844,-13.07036,0
27284,858,-11.10277,0
27294,858,-11.10277,0
27304,844,-13.07036,0
27314,839,-13.77306,0
27324,846,-12.78926,0
27334,860,-10.82169,0
27344,848,-12.50819,0
27354,853,-11.80548,0
27364,846,-12.78926,0
27374,839,-13.77306,0
27384,854,-11.66493,0
27394,855,-11.52439,0
27404,845,-12.9298,0
27414,843,-13.21089,0
27424,845,-12.9298,0
27434,852,-11.94602,0
27444,853,-11.80548,0
27454,845,-12.9298,0
27464,849,-12.36765,0
27474,844,-13.07036,0
27484,844,-13.07036,0
27494,856,-11.38385,0
27504,855,-11.52439,0
27514,851,-12.08656,0
27524,848,-12.50819,0
27534,849,-12.36765,0
27544,855,-11.52439,0
27554,854,-11.66493,0
27564,847,-12.64874,0
27574,844,-13.07036,0
27584,834,-14.47577,0
27594,837,-14.05415,0
27604,862,-10.54061,0
27614,852,-11.94602,0
27624,850,-12.2271,0
27634,852,-11.94602,0
27644,836,-14.19468,0
27654,851,-12.08656,0
27664,856,-11.38385,0
27674,846,-12.78926,0
27684,841,-13.49197,0
27694,834,-14.47577,0
27704,837,-14.05415,0
27714,856,-11.38385,0
27724,843,-13.21089,0
27734,837,-14.05415,0
27744,847,-12.64874,0
27754,835,-14.33523,0
27764,858,-11.10277,0
27774,853,-11.80548,0
27784,840,-13.63251,0
27794,840,-13.63251,0
27804,837,-14.05415,0
27814,839,-13.77306,0
27824,851,-12.08656,0
27834,842,-13.35143,0
27844,851,-12.08656,0
27854,847,-12.64874,0
27864,846,-12.78926,0
27874,865,-10.11898,0
27884,851,-12.08656,0
27894,843,-13.21089,0
27904,845,-12.9298,0
27914,848,-12.50819,0
27924,847,-12.64874,0
27934,853,-11.80548,0
27944,832,-14.75685,0
27954,850,-12.2271,0
27964,838,-13.9136,0
27974,856,-11.38385,0
27984,851,-12.08656,0
27994,847,-12.64874,0
28004,851,-12.08656,0
28014,849,-12.36765,0
28024,853,-11.80548,0
28034,853,-11.80548,0
28044,854,-11.66493,0
28054,850,-12.2271,0
28064,839,-13.77306,0
28074,844,-13.07036,0
28084,860,-10.82169,0
28094,851,-12.08656,0
28104,841,-13.49197,0
28114,850,-12.2271,0
28124,852,-11.94602,0
28134,850,-12.2271,0
28144,858,-11.10277,0
28154,847,-12.64874,0
28164,848,-12.50819,0
28174,835,-14.33523,0
28184,835,-14.33523,0
28194,857,-11.24332,0
28204,859,-10.96223,0
28214,850,-12.2271,0
28224,842,-13.35143,0
28234,843,-13.21089,0
28244,860,-10.82169,0
28254,852,-11.94602,0
28264,838,-13.9136,0
28274,844,-13.07036,0
28284,852,-11.94602,0
28294,850,-12.2271,0
28304,854,-11.66493,0
28314,852,-11.94602,0
28324,842,-13.35143,0
28334,843,-13.21089,0
28344,846,-12.78926,0
28354,854,-11.66493,0
28364,850,-12.2271,0
28374,853,-11.80548,0
28384,840,-13.63251,0
28394,840,-13.63251,0
28404,856,-11.38385,0
28414,852,-11.94602,0
28424,851,-12.08656,0
28434,837,-14.05415,0
28444,845,-12.9298,0
28454,844,-13.07036,0
28464,854,-11.66493,0
28474,851,-12.08656,0
28484,839,-13.77306,0
28494,852,-11.94602,0
28504,845,-12.9298,0
28514,847,-12.64874,0
28524,846,-12.78926,0
28534,848,-12.50819,0
28544,842,-13.35143,0
28554,843,-13.21089,0
28564,855,-11.52439,0
28574,850,-12.2271,0
28584,847,-12.64874,0
28594,844,-13.07036,0
28604,845,-12.9298,0
28614,846,-12.78926,0
28624,859,-10.96223,0
28634,851,-12.08656,0
28644,835,-14.33523,0
28654,850,-12.2271,0
28664,840,-13.63251,0
28674,853,-11.80548,0
28684,844,-13.07036,0
28694,845,-12.9298,0
28704,844,-13.07036,0
28714,848,-12.50819,0
28724,851,-12.08656,0
28734,850,-12.2271,0
28744,852,-11.94602,0
28754,846,-12.78926,0
28764,844,-13.07036,0
28774,846,-12.78926,0
28784,859,-10.96223,0
28794,848,-12.50819,0
28804,842,-13.35143,0
28814,848,-12.50819,0
28824,843,-13.21089,0
28834,847,-12.64874,0
28844,853,-11.80548,0
28854,845,-12.9298,0
28864,841,-13.49197,0
28874,847,-12.64874,0
28884,848,-12.50819,0
28894,855,-11.52439,0
28904,851,-12.08656,0
28914,847,-12.64874,0
28924,844,-13.07036,0
28934,840,-13.63251,0
28944,853,-11.80548,0
28954,846,-12.78926,0
28964,845,-12.9298,0
28974,846,-12.78926,0
28984,846,-12.78926,0
28994,861,-10.68115,0
29004,860,-10.82169,0
29014,849,-12.36765,0
29024,840,-13.63251,0
29034,843,-13.21089,0
29044,845,-12.9298,0
29054,856,-11.38385,0
29064,847,-12.64874,0
29074,842,-13.35143,0
29084,840,-13.63251,0
29094,836,-14.19468,0
29104,848,-12.50819,0
29114,848,-12.50819,0
29124,852,-11.94602,0
29134,839,-13.77306,0
29144,842,-13.35143,0
29154,859,-10.96223,0
29164,855,-11.52439,0
29174,838,-13.9136,0
29184,837,-14.05415,0
29194,848,-12.50819,0
29204,852,-11.94602,0
29214,855,-11.52439,0
29224,861,-10.68115,0
29234,846,-12.78926,0
29244,842,-13.35143,0
29254,847,-12.64874,0
29264,851,-12.08656,0
29274,852,-11.94602,0
29284,837,-14.05415,0
29294,839,-13.77306,0
29304,851,-12.08656,0
29314,854,-11.66493,0
29324,853,-11.80548,0
29334,839,-13.77306,0
29344,845,-12.9298,0
29354,843,-13.21089,0
29364,851,-12.08656,0
29374,861,-10.68115,0
29384,847,-12.64874,0
29394,846,-12.78926,0
29404,841,-13.49197,0
29414,841,-13.49197,0
29424,846,-12.78926,0
29434,850,-12.2271,0
29444,842,-13.35143,0
29454,839,-13.77306,0
29464,845,-12.9298,0
29474,852,-11.94602,0
29484,859,-10.96223,0
29494,850,-12.2271,0
29504,842,-13.35143,0
29514,845,-12.9298,0
29524,844,-13.07036,0
29534,857,-11.24332,0
29544,852,-11.94602,0
29554,848,-12.50819,0
29564,846,-12.78926,0
29574,840,-13.63251,0
29584,853,-11.80548,0
29594,850,-12.2271,0
29604,839,-13.77306,0
29614,839,-13.77306,0
29624,839,-13.77306,0
29634,849,-12.36765,0
29644,853,-11.80548,0
29654,853,-11.80548,0
29664,840,-13.63251,0
29674,837,-14.05415,0
29684,837,-14.05415,0
29694,870,-9.416283,0
29704,850,-12.2271,0
29714,845,-12.9298,0
29724,845,-12.9298,0
29734,831,-14.89738,0
29744,859,-10.96223,0
29754,854,-11.66493,0
29764,841,-13.49197,0
29774,848,-12.50819,0
29784,848,-12.50819,0
29794,852,-11.94602,0
29804,852,-11.94602,0
29814,852,-11.94602,0
29824,849,-12.36765,0
29834,848,-12.50819,0
29844,846,-12.78926,0
29854,858,-11.10277,0
29864,850,-12.2271,0
29874,843,-13.21089,0
29884,847,-12.64874,0
29894,848,-12.50819,0
29904,852,-11.94602,0
29914,848,-12.50819,0
29924,846,-12.78926,0
29934,836,-14.19468,0
29944,845,-12.9298,0
29954,840,-13.63251,0
29964,853,-11.80548,0
29974,847,-12.64874,0
29984,848,-12.50819,0
29994,843,-13.21089,0
30004,849,-12.36765,0
30014,857,-11.24332,0
30024,852,-11.94602,0
30034,837,-14.05415,0
30044,845,-12.9298,0
30054,840,-13.63251,0
30064,850,-12.2271,0
30074,852,-11.94602,0
30084,849,-12.36765,0
30094,840,-13.63251,0
30104,851,-12.08656,0
30114,847,-12.64874,0
30124,853,-11.80548,0
30134,854,-11.66493,0
30144,842,-13.35143,0
30154,837,-14.05415,0
30164,842,-13.35143,0
30174,856,-11.38385,0
30184,854,-11.66493,0
30194,848,-12.50819,0
30204,851,-12.08656,0
30214,842,-13.35143,0
30224,854,-11.66493,0
30234,853,-11.80548,0
30244,850,-12.2271,0
30254,847,-12.64874,0
30264,840,-13.63251,0
30274,847,-12.64874,0
30284,862,-10.54061,0
30294,851,-12.08656,0
30304,841,-13.49197,0
30314,839,-13.77306,0
30324,838,-13.9136,0
30334,853,-11.80548,0
30344,855,-11.52439,0
30354,848,-12.50819,0
30364,846,-12.78926,0
30374,851,-12.08656,0
30384,854,-11.66493,0
30394,855,-11.52439,0
30404,853,-11.80548,0
30414,849,-12.36765,0
30424,839,-13.77306,0
30434,840,-13.63251,0
30444,860,-10.82169,0
30454,855,-11.52439,0
30464,843,-13.21089,0
30474,850,-12.2271,0
30484,844,-13.07036,0
30494,862,-10.54061,0
30504,861,-10.68115,0
30514,849,-12.36765,0
30524,846,-12.78926,0
30534,846,-12.78926,0
30544,848,-12.50819,0
30554,848,-12.50819,0
30564,855,-11.52439,0
30574,842,-13.35143,0
30584,842,-13.35143,0
30594,842,-13.35143,0
30604,860,-10.82169,0
30614,849,-12.36765,0
30624,852,-11.94602,0
30634,845,-12.9298,0
30644,845,-12.9298,0
30654,849,-12.36765,0
30664,851,-12.08656,0
30674,844,-13.07036,0
30684,843,-13.21089,0
30694,848,-12.50819,0
30704,846,-12.78926,0
30714,852,-11.94602,0
30724,849,-12.36765,0
30734,840,-13.63251,0
30744,855,-11.52439,0
30754,841,-13.49197,0
30764,854,-11.66493,0
30774,849,-12.36765,0
30784,842,-13.35143,0
30794,842,-13.35143,0
30804,836,-14.19468,0
30814,856,-11.38385,0
30824,859,-10.96223,0
30834,850,-12.2271,0
30844,840,-13.63251,0
30854,852,-11.94602,0
30864,846,-12.78926,0
30874,857,-11.24332,0
30884,856,-11.38385,0
30894,850,-12.2271,0
30904,850,-12.2271,0
30914,840,-13.63251,0
30924,845,-12.9298,0
30934,853,-11.80548,0
30944,844,-13.07036,0
30954,832,-14.75685,0
30964,840,-13.63251,0
30974,863,-10.40006,0
30984,856,-11.38385,0
30994,856,-11.38385,0
31004,851,-12.08656,0
31014,848,-12.50819,0
31024,848,-12.50819,0
31034,850,-12.2271,0
31044,847,-12.64874,0
31054,844,-13.07036,0
31064,837,-14.05415,0
31074,838,-13.9136,0
31084,854,-11.66493,0
31094,857,-11.24332,0
31104,847,-12.64874,0
31114,846,-12.78926,0
31124,844,-13.07036,0
31134,841,-13.49197,0
31144,856,-11.38385,0
31154,852,-11.94602,0
31164,841,-13.49197,0
31174,846,-12.78926,0
31184,842,-13.35143,0
31194,859,-10.96223,0
31204,852,-11.94602,0
31214,848,-12.50819,0
31224,832,-14.75685,0
31234,845,-12.9298,0
31244,857,-11.24332,0
31254,857,-11.24332,0
31264,847,-12.64874,0
31274,844,-13.07036,0
31284,853,-11.80548,0
31294,847,-12.64874,0
31304,860,-10.82169,0
31314,852,-11.94602,0
31324,849,-12.36765,0
31334,842,-13.35143,0
31344,841,-13.49197,0
31354,853,-11.80548,0
31364,845,-12.9298,0
31374,837,-14.05415,0
31384,838,-13.9136,0
31394,841,-13.49197,0
31404,849,-12.36765,0
31414,848,-12.50819,0
31424,852,-11.94602,0
31434,841,-13.49197,0
31444,835,-14.33523,0
31454,851,-12.08656,0
31464,859,-10.96223,0
31474,849,-12.36765,0
31484,850,-12.2271,0
31494,848,-12.50819,0
31504,847,-12.64874,0
31514,855,-11.52439,0
31524,839,-13.77306,0
31534,840,-13.63251,0
31544,845,-12.9298,0
31554,841,-13.49197,0
31564,851,-12.08656,0
31574,857,-11.24332,0
31584,850,-12.2271,0
31594,850,-12.2271,0
31604,840,-13.63251,0
31614,849,-12.36765,0
31624,847,-12.64874,0
31634,855,-11.52439,0
31644,838,-13.9136,0
31654,845,-12.9298,0
31664,851,-12.08656,0
31674,858,-11.10277,0
31684,854,-11.66493,0
31694,851,-12.08656,0
31704,843,-13.21089,0
31714,846,-12.78926,0
31724,851,-12.08656,0
31734,863,-10.40006,0
31744,848,-12.50819,0
31754,836,-14.19468,0
31764,839,-13.77306,0
31774,842,-13.35143,0
31784,846,-12.78926,0
31794,849,-12.36765,0
31804,848,-12.50819,0
31814,844,-13.07036,0
31824,839,-13.77306,0
31834,855,-11.52439,0
31844,860,-10.82169,0
31854,852,-11.94602,0
31864,844,-13.07036,0
31874,838,-13.9136,0
31884,838,-13.9136,0
31894,856,-11.38385,0
31904,859,-10.96223,0
31914,839,-13.77306,0
31924,858,-11.10277,0
31934,843,-13.21089,0
31944,858,-11.10277,0
31954,850,-12.2271,0
31964,854,-11.66493,0
31974,851,-12.08656,0
31984,843,-13.21089,0
31994,851,-12.08656,0
32004,855,-11.52439,0
32014,841,-13.49197,0
32024,841,-13.49197,0
32034,842,-13.35143,0
32044,850,-12.2271,0
32054,865,-10.11898,0
32064,844,-13.07036,0
32074,850,-12.2271,0
32084,838,-13.9136,0
32094,851,-12.08656,0
32104,856,-11.38385,0
32114,849,-12.36765,0
32124,843,-13.21089,0
32134,846,-12.78926,0
32144,850,-12.2271,0
32154,846,-12.78926,0
32164,849,-12.36765,0
32174,854,-11.66493,0
32184,838,-13.9136,0
32194,845,-12.9298,0
32204,852,-11.94602,0
32214,853,-11.80548,0
32224,852,-11.94602,0
32234,851,-12.08656,0
32244,840,-13.63251,0
32254,834,-14.47577,0
32264,853,-11.80548,0
32274,844,-13.07036,0
32284,852,-11.94602,0
32294,844,-13.07036,0
32304,843,-13.21089,0
32314,849,-12.36765,0
32324,856,-11.38385,0
32334,847,-12.64874,0
32344,846,-12.78926,0
32354,837,-14.05415,0
32364,841,-13.49197,0
32374,855,-11.52439,0
32384,845,-12.9298,0
32394,850,-12.2271,0
32404,835,-14.33523,0
32414,840,-13.63251,0
32424,850,-12.2271,0
32434,851,-12.08656,0
32444,849,-12.36765,0
32454,846,-12.78926,0
32464,847,-12.64874,0
32474,850,-12.2271,0
32484,858,-11.10277,0
32494,844,-13.07036,0
32504,843,-13.21089,0
32514,832,-14.75685,0
32524,840,-13.63251,0
32534,858,-11.10277,0
32544,854,-11.66493,0
32554,840,-13.63251,0
32564,851,-12.08656,0
32574,845,-12.9298,0
32584,858,-11.10277,0
32594,844,-13.07036,0
32604,857,-11.24332,0
32614,838,-13.9136,0
32624,833,-14.61631,0
32634,846,-12.78926,0
32644,850,-12.2271,0
32654,846,-12.78926,0
32664,841,-13.49197,0
32674,853,-11.80548,0
32684,841,-13.49197,0
32694,856,-11.38385,0
32704,853,-11.80548,0
32714,845,-12.9298,0
32724,849,-12.36765,0
32734,846,-12.78926,0
32744,855,-11.52439,0
32754,844,-13.07036,0
32764,836,-14.19468,0
32774,852,-11.94602,0
32784,842,-13.35143,0
32794,849,-12.36765,0
32804,854,-11.66493,0
32814,841,-13.49197,0
32824,847,-12.64874,0
32834,842,-13.35143,0
32844,844,-13.07036,0
32854,857,-11.24332,0
32864,845,-12.9298,0
32874,840,-13.63251,0
32884,839,-13.77306,0
32894,846,-12.78926,0
32904,854,-11.66493,0
32914,849,-12.36765,0
32924,844,-13.07036,0
32934,838,-13.9136,0
32944,838,-13.9136,0
32954,843,-13.21089,0
32964,845,-12.9298,0
32974,844,-13.07036,0
32984,834,-14.47577,0
32994,836,-14.19468,0
33004,840,-13.63251,0
33014,862,-10.54061,0
33024,852,-11.94602,0
33034,839,-13.77306,0
33044,843,-13.21089,0
33054,842,-13.35143,0
33064,859,-10.96223,0
33074,856,-11.38385,0
33084,853,-11.80548,0
33094,849,-12.36765,0
33104,837,-14.05415,0
33114,847,-12.64874,0
33124,859,-10.96223,0
33134,844,-13.07036,0
33144,837,-14.05415,0
33154,846,-12.78926,0
33164,846,-12.78926,0
33174,853,-11.80548,0
33184,852,-11.94602,0
33194,840,-13.63251,0
33204,842,-13.35143,0
33214,838,-13.9136,0
33224,854,-11.66493,0
33234,844,-13.07036,0
33244,845,-12.9298,0
33254,838,-13.9136,0
33264,835,-14.33523,0
33274,845,-12.9298,0
33284,846,-12.78926,0
33294,848,-12.50819,0
33304,844,-13.07036,0
33314,836,-14.19468,0
33324,841,-13.49197,0
33334,862,-10.54061,0
33344,850,-12.2271,0
33354,844,-13.07036,0
33364,852,-11.94602,0
33374,850,-12.2271,0
33384,863,-10.40006,0
33394,850,-12.2271,0
33404,849,-12.36765,0
33414,851,-12.08656,0
33424,844,-13.07036,0
33434,844,-13.07036,0
33444,851,-12.08656,0
33454,849,-12.36765,0
33464,835,-14.33523,0
33474,843,-13.21089,0
33484,853,-11.80548,0
33494,859,-10.96223,0
33504,852,-11.94602,0
33514,845,-12.9298,0
33524,840,-13.63251,0
33534,845,-12.9298,0
33544,857,-11.24332,0
33554,856,-11.38385,0
33564,852,-11.94602,0
33574,838,-13.9136,0
33584,842,-13.35143,0
33594,841,-13.49197,0
33604,857,-11.24332,0
33614,840,-13.63251,0
33624,850,-12.2271,0
33634,849,-12.36765,0
33644,840,-13.63251,0
33654,862,-10.54061,0
33664,853,-11.80548,0
33674,841,-13.49197,0
33684,847,-12.64874,0
33694,841,-13.49197,0
33704,850,-12.2271,0
33714,843,-13.21089,0
33724,851,-12.08656,0
33734,842,-13.35143,0
33744,848,-12.50819,0
33754,837,-14.05415,0
33764,853,-11.80548,0
33774,853,-11.80548,0
33784,847,-12.64874,0
33794,846,-12.78926,0
33804,844,-13.07036,0
33814,860,-10.82169,0
33824,849,-12.36765,0
33834,843,-13.21089,0
33844,836,-14.19468,0
33854,840,-13.63251,0
33864,855,-11.52439,0
33874,849,-12.36765,0
33884,852,-11.94602,0
33894,846,-12.78926,0
33904,836,-14.19468,0
33914,859,-10.96223,0
33924,863,-10.40006,0
33934,841,-13.49197,0
33944,855,-11.52439,0
33954,844,-13.07036,0
33964,845,-12.9298,0
33974,858,-11.10277,0
33984,855,-11.52439,0
33994,845,-12.9298,0
34004,848,-12.50819,0
34014,848,-12.50819,0
34024,854,-11.66493,0
34034,859,-10.96223,0
34044,848,-12.50819,0
34054,847,-12.64874,0
34064,845,-12.9298,0
34074,845,-12.9298,0
34084,855,-11.52439,0
34094,847,-12.64874,0
34104,850,-12.2271,0
34114,838,-13.9136,0
34124,843,-13.21089,0
34134,856,-11.38385,0
34144,848,-12.50819,0
34154,846,-12.78926,0
34164,849,-12.36765,0
34174,854,-11.66493,0
34184,853,-11.80548,0
34194,853,-11.80548,0
34204,839,-13.77306,0
34214,844,-13.07036,0
34224,839,-13.77306,0
34234,846,-12.78926,0
34244,850,-12.2271,0
34254,845,-12.9298,0
34264,847,-12.64874,0
34274,847,-12.64874,0
34284,852,-11.94602,0
34294,852,-11.94602,0
34304,846,-12.78926,0
34314,849,-12.36765,0
34324,838,-13.9136,0
34334,843,-13.21089,0
34344,851,-12.08656,0
34354,856,-11.38385,0
34364,857,-11.24332,0
34374,844,-13.07036,0
34384,837,-14.05415,0
34394,840,-13.63251,0
34404,861,-10.68115,0
34414,848,-12.50819,0
34424,842,-13.35143,0
34434,839,-13.77306,0
34444,840,-13.63251,0
34454,852,-11.94602,0
34464,860,-10.82169,0
34474,841,-13.49197,0
34484,841,-13.49197,0
34494,848,-12.50819,0
34504,855,-11.52439,0
34514,856,-11.38385,0
34524,842,-13.35143,0
34534,854,-11.66493,0
34544,844,-13.07036,0
34554,845,-12.9298,0
34564,861,-10.68115,0
34574,841,-13.49197,0
34584,851,-12.08656,0
34594,836,-14.19468,0
34604,840,-13.63251,0
34614,846,-12.78926,0
34624,849,-12.36765,0
34634,848,-12.50819,0
34644,840,-13.63251,0
34654,849,-12.36765,0
34664,857,-11.24332,0
34674,840,-13.63251,0
34684,850,-12.2271,0
34694,848,-12.50819,0
34704,841,-13.49197,0
34714,853,-11.80548,0
34724,847,-12.64874,0
34734,849,-12.36765,0
34744,843,-13.21089,0
34754,834,-14.47577,0
34764,854,-11.66493,0
34774,861,-10.68115,0
34784,853,-11.80548,0
34794,848,-12.50819,0
34804,842,-13.35143,0
34814,850,-12.2271,0
34824,854,-11.66493,0
34834,854,-11.66493,0
34844,846,-12.78926,0
34854,851,-12.08656,0
34864,838,-13.9136,0
34874,847,-12.64874,0
34884,859,-10.96223,0
34894,848,-12.50819,0
34904,854,-11.66493,0
34914,837,-14.05415,0
34924,844,-13.07036,0
34934,853,-11.80548,0
34944,850,-12.2271,0
34954,844,-13.07036,0
34964,836,-14.19468,0
34974,850,-12.2271,0
34984,848,-12.50819,0
34994,847,-12.64874,0
35004,836,-14.19468,0
35014,845,-12.9298,0
35024,841,-13.49197,0
35034,847,-12.64874,0
35044,852,-11.94602,0
35054,842,-13.35143,0
35064,841,-13.49197,0
35074,842,-13.35143,0
35084,853,-11.80548,0
35094,858,-11.10277,0
35104,858,-11.10277,0
35114,842,-13.35143,0
35124,847,-12.64874,0
35134,850,-12.2271,0
35144,847,-12.64874,0
35154,848,-12.50819,0
35164,840,-13.63251,0
35174,847,-12.64874,0
35184,839,-13.77306,0
35194,850,-12.2271,0
35204,852,-11.94602,0
35214,850,-12.2271,0
35224,852,-11.94602,0
35234,839,-13.77306,0
35244,849,-12.36765,0
35254,853,-11.80548,0
35264,847,-12.64874,0
35274,847,-12.64874,0
35284,836,-14.19468,0
35294,834,-14.47577,0
35304,853,-11.80548,0
35314,854,-11.66493,0
35324,838,-13.9136,0
35334,847,-12.64874,0
35344,846,-12.78926,0
35354,850,-12.2271,0
35364,859,-10.96223,0
35374,852,-11.94602,0
35384,845,-12.9298,0
35394,838,-13.9136,0
35404,842,-13.35143,0
35414,847,-12.64874,0
35424,844,-13.07036,0
35434,852,-11.94602,0
35444,846,-12.78926,0
35454,846,-12.78926,0
35464,855,-11.52439,0
35474,854,-11.66493,0
35484,847,-12.64874,0
35494,852,-11.94602,0
35504,837,-14.05415,0
35514,850,-12.2271,0
35524,853,-11.80548,0
35534,853,-11.80548,0
35544,848,-12.50819,0
35554,849,-12.36765,0
35564,846,-12.78926,0
35574,853,-11.80548,0
35584,849,-12.36765,0
35594,850,-12.2271,0
35604,842,-13.35143,0
35614,841,-13.49197,0
35624,849,-12.36765,0
35634,846,-12.78926,0
35644,844,-13.07036,0
35654,841,-13.49197,0
35664,840,-13.63251,0
35674,838,-13.9136,0
35684,858,-11.10277,0
35694,849,-12.36765,0
35704,848,-12.50819,0
35714,844,-13.07036,0
35724,849,-12.36765,0
35734,853,-11.80548,0
35744,849,-12.36765,0
35754,844,-13.07036,0
35764,839,-13.77306,0
35774,844,-13.07036,0
35784,851,-12.08656,0
35794,862,-10.54061,0
35804,850,-12.2271,0
35814,850,-12.2271,0
35824,841,-13.49197,0
35834,844,-13.07036,0
35844,857,-11.24332,0
35854,843,-13.21089,0
35864,844,-13.07036,0
35874,841,-13.49197,0
35884,839,-13.77306,0
35894,855,-11.52439,0
35904,855,-11.52439,0
35914,842,-13.35143,0
35924,846,-12.78926,0
35934,839,-13.77306,0
35944,861,-10.68115,0
35954,850,-12.2271,0
35964,847,-12.64874,0
35974,850,-12.2271,0
35984,833,-14.61631,0
35994,850,-12.2271,0
36004,847,-12.64874,0
36014,850,-12.2271,0
36024,838,-13.9136,0
36034,852,-11.94602,0
36044,845,-12.9298,0
36054,863,-10.40006,0
36064,850,-12.2271,0
36074,843,-13.21089,0
36084,843,-13.21089,0
36094,842,-13.35143,0
36104,844,-13.07036,0
36114,846,-12.78926,0
36124,842,-13.35143,0
36134,841,-13.49197,0
36144,832,-14.75685,0
36154,851,-12.08656,0
36164,859,-10.96223,0
36174,848,-12.50819,0
36184,844,-13.07036,0
36194,847,-12.64874,0
36204,849,-12.36765,0
36214,859,-10.96223,0
36224,847,-12.64874,0
36234,846,-12.78926,0
36244,846,-12.78926,0
36254,839,-13.77306,0
36264,853,-11.80548,0
36274,852,-11.94602,0
36284,846,-12.78926,0
36294,848,-12.50819,0
36304,845,-12.9298,0
36314,853,-11.80548,0
36324,846,-12.78926,0
36334,853,-11.80548,0
36344,842,-13.35143,0
36354,845,-12.9298,0
36364,843,-13.21089,0
36374,856,-11.38385,0
36384,850,-12.2271,0
36394,845,-12.9298,0
36404,851,-12.08656,0
36414,843,-13.21089,0
36424,855,-11.52439,0
36434,853,-11.80548,0
36444,847,-12.64874,0
36454,845,-12.9298,0
36464,846,-12.78926,0
36474,846,-12.78926,0
36484,851,-12.08656,0
36494,841,-13.49197,0
36504,852,-11.94602,0
36514,848,-12.50819,0
36524,846,-12.78926,0
36534,856,-11.38385,0
36544,851,-12.08656,0
36554,840,-13.63251,0
36564,838,-13.9136,0
36574,845,-12.9298,0
36584,861,-10.68115,0
36594,852,-11.94602,0
36604,846,-12.78926,0
36614,838,-13.9136,0
36624,835,-14.33523,0
36634,843,-13.21089,0
36644,852,-11.94602,0
36654,853,-11.80548,0
36664,841,-13.49197,0
36674,847,-12.64874,0
36684,857,-11.24332,0
36694,863,-10.40006,0
36704,855,-11.52439,0
36714,837,-14.05415,0
36724,838,-13.9136,0
36734,846,-12.78926,0
36744,858,-11.10277,0
36754,848,-12.50819,0
36764,847,-12.64874,0
36774,846,-12.78926,0
36784,846,-12.78926,0
36794,856,-11.38385,0
36804,856,-11.38385,0
36814,857,-11.24332,0
36824,848,-12.50819,0
36834,844,-13.07036,0
36844,844,-13.07036,0
36854,858,-11.10277,0
36864,853,-11.80548,0
36874,847,-12.64874,0
36884,845,-12.9298,0
36894,839,-13.77306,0
36904,857,-11.24332,0
36914,850,-12.2271,0
36924,848,-12.50819,0
36934,842,-13.35143,0
36944,846,-12.78926,0
36954,850,-12.2271,0
36964,846,-12.78926,0
36974,845,-12.9298,0
36984,837,-14.05415,0
36994,837,-14.05415,0
37004,833,-14.61631,0
37014,853,-11.80548,0
37024,847,-12.64874,0
37034,842,-13.35143,0
37044,832,-14.75685,0
37054,849,-12.36765,0
37064,855,-11.52439,0
37074,850,-12.2271,0
37084,848,-12.50819,0
37094,834,-14.47577,0
37104,839,-13.77306,0
37114,844,-13.07036,0
37124,846,-12.78926,0
37134,844,-13.07036,0
37144,839,-13.77306,0
37154,837,-14.05415,0
37164,848,-12.50819,0
37174,856,-11.38385,0
37184,844,-13.07036,0
37194,846,-12.78926,0
37204,837,-14.05415,0
37214,838,-13.9136,0
37224,851,-12.08656,0
37234,842,-13.35143,0
37244,842,-13.35143,0
37254,841,-13.49197,0
37264,843,-13.21089,0
37274,846,-12.78926,0
37284,859,-10.96223,0
37294,849,-12.36765,0
37304,840,-13.63251,0
37314,849,-12.36765,0
37324,842,-13.35143,0
37334,858,-11.10277,0
37344,843,-13.21089,0
37354,838,-13.9136,0
37364,830,-15.03794,0
37374,847,-12.64874,0
37384,856,-11.38385,0
37394,842,-13.35143,0
37404,845,-12.9298,0
37414,840,-13.63251,0
37424,847,-12.64874,0
37434,852,-11.94602,0
37444,852,-11.94602,0
37454,843,-13.21089,0
37464,840,-13.63251,0
37474,840,-13.63251,0
37484,845,-12.9298,0
37494,857,-11.24332,0
37504,850,-12.2271,0
37514,840,-13.63251,0
37524,839,-13.77306,0
37534,847,-12.64874,0
37544,851,-12.08656,0
37554,854,-11.66493,0
37564,845,-12.9298,0
37574,834,-14.47577,0
37584,842,-13.35143,0
37594,851,-12.08656,0
37604,859,-10.96223,0
37614,843,-13.21089,0
37624,840,-13.63251,0
37634,830,-15.03794,0
37644,845,-12.9298,0
37654,857,-11.24332,0
37664,847,-12.64874,0
37674,849,-12.36765,0
37684,842,-13.35143,0
37694,851,-12.08656,0
37704,853,-11.80548,0
37714,853,-11.80548,0
37724,849,-12.36765,0
37734,835,-14.33523,0
37744,836,-14.19468,0
37754,851,-12.08656,0
37764,847,-12.64874,0
37774,836,-14.19468,0
37784,837,-14.05415,0
37794,839,-13.77306,0
37804,846,-12.78926,0
37814,859,-10.96223,0
37824,851,-12.08656,0
37834,842,-13.35143,0
37844,841,-13.49197,0
37854,845,-12.9298,0
37864,860,-10.82169,0
37874,840,-13.63251,0
37884,850,-12.2271,0
37894,848,-12.50819,0
37904,853,-11.80548,0
37914,854,-11.66493,0
37924,846,-12.78926,0
37934,843,-13.21089,0
37944,843,-13.21089,0
37954,837,-14.05415,0
37964,850,-12.2271,0
37974,852,-11.94602,0
37984,848,-12.50819,0
37994,846,-12.78926,0
38004,843,-13.21089,0
38014,850,-12.2271,0
38024,855,-11.52439,0
38034,856,-11.38385,0
38044,848,-12.50819,0
38054,843,-13.21089,0
38064,851,-12.08656,0
38074,857,-11.24332,0
38084,854,-11.66493,0
38094,844,-13.07036,0
38104,846,-12.78926,0
38114,835,-14.33523,0
38124,857,-11.24332,0
38134,859,-10.96223,0
38144,848,-12.50819,0
38154,849,-12.36765,0
38164,844,-13.07036,0
38174,857,-11.24332,0
38184,861,-10.68115,0
38194,848,-12.50819,0
38204,835,-14.33523,0
38214,848,-12.50819,0
38224,841,-13.49197,0
38234,854,-11.66493,0
38244,848,-12.50819,0
38254,849,-12.36765,0
38264,850,-12.2271,0
38274,845,-12.9298,0
38284,857,-11.24332,0
38294,853,-11.80548,0
38304,841,-13.49197,0
38314,844,-13.07036,0
38324,844,-13.07036,0
38334,845,-12.9298,0
38344,852,-11.94602,0
38354,849,-12.36765,0
38364,842,-13.35143,0
38374,841,-13.49197,0
38384,849,-12.36765,0
38394,858,-11.10277,0
38404,850,-12.2271,0
38414,842,-13.35143,0
38424,853,-11.80548,0
38434,842,-13.35143,0
38444,855,-11.52439,0
38454,850,-12.2271,0
38464,842,-13.35143,0
38474,841,-13.49197,0
38484,841,-13.49197,0
38494,845,-12.9298,0
38504,862,-10.54061,0
38514,847,-12.64874,0
38524,847,-12.64874,0
38534,834,-14.47577,0
38544,846,-12.78926,0
38554,857,-11.24332,0
38564,853,-11.80548,0
38574,843,-13.21089,0
38584,840,-13.63251,0
38594,839,-13.77306,0
38604,864,-10.25952,0
38614,847,-12.64874,0
38624,846,-12.78926,0
38634,848,-12.50819,0
38644,839,-13.77306,0
38654,847,-12.64874,0
38664,846,-12.78926,0
38674,841,-13.49197,0
38684,841,-13.49197,0
38694,835,-14.33523,0
38704,841,-13.49197,0
38714,859,-10.96223,0
38724,850,-12.2271,0
38734,849,-12.36765,0
38744,844,-13.07036,0
38754,849,-12.36765,0
38764,863,-10.40006,0
38774,853,-11.80548,0
38784,832,-14.75685,0
38794,847,-12.64874,0
38804,839,-13.77306,0
38814,847,-12.64874,0
38824,852,-11.94602,0
38834,846,-12.78926,0
38844,839,-13.77306,0
38854,847,-12.64874,0
38864,846,-12.78926,0
38874,869,-9.556816,0
38884,856,-11.38385,0
38894,845,-12.9298,0
38904,849,-12.36765,0
38914,847,-12.64874,0
38924,857,-11.24332,0
38934,848,-12.50819,0
38944,848,-12.50819,0
38954,847,-12.64874,0
38964,844,-13.07036,0
38974,858,-11.10277,0
38984,848,-12.50819,0
38994,835,-14.33523,0
39004,832,-14.75685,0
39014,840,-13.63251,0
39024,841,-13.49197,0
39034,858,-11.10277,0
39044,840,-13.63251,0
39054,844,-13.07036,0
39064,833,-14.61631,0
39074,835,-14.33523,0
39084,855,-11.52439,0
39094,846,-12.78926,0
39104,846,-12.78926,0
39114,834,-14.47577,0
39124,846,-12.78926,0
39134,846,-12.78926,0
39144,859,-10.96223,0
39154,845,-12.9298,0
39164,845,-12.9298,0
39174,832,-14.75685,0
39184,846,-12.78926,0
39194,860,-10.82169,0
39204,852,-11.94602,0
39214,843,-13.21089,0
39224,835,-14.33523,0
39234,848,-12.50819,0
39244,857,-11.24332,0
39254,848,-12.50819,0
39264,843,-13.21089,0
39274,842,-13.35143,0
39284,837,-14.05415,0
39294,851,-12.08656,0
39304,856,-11.38385,0
39314,852,-11.94602,0
39324,845,-12.9298,0
39334,846,-12.78926,0
39344,848,-12.50819,0
39354,863,-10.40006,0
39364,845,-12.9298,0
39374,852,-11.94602,0
39384,842,-13.35143,0
39394,843,-13.21089,0
39404,847,-12.64874,0
39414,858,-11.10277,0
39424,847,-12.64874,0
39434,848,-12.50819,0
39444,839,-13.77306,0
39454,853,-11.80548,0
39464,849,-12.36765,0
39474,842,-13.35143,0
39484,844,-13.07036,0
39494,849,-12.36765,0
39504,847,-12.64874,0
39514,848,-12.50819,0
39524,839,-13.77306,0
39534,850,-12.2271,0
39544,845,-12.9298,0
39554,841,-13.49197,0
39564,860,-10.82169,0
39574,857,-11.24332,0
39584,836,-14.19468,0
39594,841,-13.49197,0
39604,849,-12.36765,0
39614,846,-12.78926,0
39624,854,-11.66493,0
39634,840,-13.63251,0
39644,843,-13.21089,0
39654,836,-14.19468,0
39664,840,-13.63251,0
39674,865,-10.11898,0
39684,848,-12.50819,0
39694,844,-13.07036,0
39704,839,-13.77306,0
39714,850,-12.2271,0
39724,856,-11.38385,0
39734,856,-11.38385,0
39744,852,-11.94602,0
39754,838,-13.9136,0
39764,850,-12.2271,0
39774,845,-12.9298,0
39784,850,-12.2271,0
39794,838,-13.9136,0
39804,833,-14.61631,0
39814,849,-12.36765,0
39824,845,-12.9298,0
39834,855,-11.52439,0
39844,844,-13.07036,0
39854,848,-12.50819,0
39864,846,-12.78926,0
39874,848,-12.50819,0
39884,853,-11.80548,0
39894,850,-12.2271,0
39904,844,-13.07036,0
39914,834,-14.47577,0
39924,842,-13.35143,0
39934,846,-12.78926,0
39944,856,-11.38385,0
39954,843,-13.21089,0
39964,849,-12.36765,0
39974,853,-11.80548,0
39984,865,-10.11898,0
39994,849,-12.36765,0
40004,851,-12.08656,0
40014,840,-13.63251,0
40024,835,-14.33523,0
40034,843,-13.21089,0
40044,842,-13.35143,0
40054,856,-11.38385,0
40064,845,-12.9298,0
40074,839,-13.77306,0
40084,851,-12.08656,0
40094,857,-11.24332,0
40104,852,-11.94602,0
40114,849,-12.36765,0
40124,845,-12.9298,0
40134,850,-12.2271,0
40144,847,-12.64874,0
40154,845,-12.9298,0
40164,852,-11.94602,0
40174,849,-12.36765,0
40184,838,-13.9136,0
40194,853,-11.80548,0
40204,853,-11.80548,0
40214,849,-12.36765,0
40224,847,-12.64874,0
40234,847,-12.64874,0
40244,844,-13.07036,0
40254,854,-11.66493,0
40264,846,-12.78926,0
40274,837,-14.05415,0
40284,847,-12.64874,0
40294,844,-13.07036,0
40304,844,-13.07036,0
40314,852,-11.94602,0
40324,841,-13.49197,0
40334,848,-12.50819,0
40344,845,-12.9298,0
40354,859,-10.96223,0
40364,857,-11.24332,0
40374,848,-12.50819,0
40384,850,-12.2271,0
40394,842,-13.35143,0
40404,845,-12.9298,0
40414,856,-11.38385,0
40424,860,-10.82169,0
40434,850,-12.2271,0
40444,844,-13.07036,0
40454,849,-12.36765,0
40464,858,-11.10277,0
40474,850,-12.2271,0
40484,844,-13.07036,0
40494,849,-12.36765,0
40504,849,-12.36765,0
40514,852,-11.94602,0
40524,854,-11.66493,0
40534,845,-12.9298,0
40544,838,-13.9136,0
40554,841,-13.49197,0
40564,849,-12.36765,0
40574,858,-11.10277,0
40584,854,-11.66493,0
40594,848,-12.50819,0
40604,845,-12.9298,0
40614,848,-12.50819,0
40624,852,-11.94602,0
40634,847,-12.64874,0
40644,837,-14.05415,0
40654,832,-14.75685,0
40664,847,-12.64874,0
40674,856,-11.38385,0
40684,846,-12.78926,0
40694,852,-11.94602,0
40704,843,-13.21089,0
40714,848,-12.50819,0
40724,851,-12.08656,0
40734,854,-11.66493,0
40744,849,-12.36765,0
40754,843,-13.21089,0
40764,844,-13.07036,0
40774,842,-13.35143,0
40784,860,-10.82169,0
40794,852,-11.94602,0
40804,854,-11.66493,0
40814,846,-12.78926,0
40824,839,-13.77306,0
40834,856,-11.38385,0
40844,852,-11.94602,0
40854,850,-12.2271,0
40864,844,-13.07036,0
40874,844,-13.07036,0
40884,852,-11.94602,0
40894,854,-11.66493,0
40904,844,-13.07036,0
40914,848,-12.50819,0
40924,849,-12.36765,0
40934,843,-13.21089,0
40944,866,-9.978439,0
40954,857,-11.24332,0
40964,836,-14.19468,0
40974,844,-13.07036,0
40984,846,-12.78926,0
40994,849,-12.36765,0
41004,845,-12.9298,0
41014,844,-13.07036,0
41024,836,-14.19468,0
41034,836,-14.19468,0
41044,851,-12.08656,0
41054,852,-11.94602,0
41064,848,-12.50819,0
41074,835,-14.33523,0
41084,841,-13.49197,0
41094,850,-12.2271,0
41104,849,-12.36765,0
41114,855,-11.52439,0
41124,838,-13.9136,0
41134,840,-13.63251,0
41144,849,-12.36765,0
41154,856,-11.38385,0
41164,853,-11.80548,0
41174,847,-12.64874,0
41184,854,-11.66493,0
41194,844,-13.07036,0
41204,856,-11.38385,0
41214,866,-9.978439,0
41224,849,-12.36765,0
41234,843,-13.21089,0
41244,839,-13.77306,0
41254,839,-13.77306,0
41264,846,-12.78926,0
41274,851,-12.08656,0
41284,847,-12.64874,0
41294,845,-12.9298,0
41304,852,-11.94602,0
41314,862,-10.54061,0
41324,842,-13.35143,0
41334,850,-12.2271,0
41344,846,-12.78926,0
41354,852,-11.94602,0
41364,850,-12.2271,0
41374,849,-12.36765,0
41384,842,-13.35143,0
41394,844,-13.07036,0
41404,835,-14.33523,0
41414,846,-12.78926,0
41424,864,-10.25952,0
41434,854,-11.66493,0
41444,844,-13.07036,0
41454,838,-13.9136,0
41464,853,-11.80548,0
41474,851,-12.08656,0
41484,843,-13.21089,0
41494,847,-12.64874,0
41504,846,-12.78926,0
41514,837,-14.05415,0
41524,850,-12.2271,0
41534,857,-11.24332,0
41544,855,-11.52439,0
41554,836,-14.19468,0
41564,848,-12.50819,0
41574,853,-11.80548,0
41584,856,-11.38385,0
41594,846,-12.78926,0
41604,839,-13.77306,0
41614,836,-14.19468,0
41624,848,-12.50819,0
41634,859,-10.96223,0
41644,841,-13.49197,0
41654,833,-14.61631,0
41664,852,-11.94602,0
41674,845,-12.9298,0
41684,860,-10.82169,0
41694,846,-12.78926,0
41704,840,-13.63251,0
41714,838,-13.9136,0
41724,835,-14.33523,0
41734,845,-12.9298,0
41744,849,-12.36765,0
41754,837,-14.05415,0
41764,837,-14.05415,0
41774,841,-13.49197,0
41784,839,-13.77306,0
41794,853,-11.80548,0
41804,856,-11.38385,0
41814,838,-13.9136,0
41824,838,-13.9136,0
41834,838,-13.9136,0
41844,850,-12.2271,0
41854,844,-13.07036,0
41864,846,-12.78926,0
41874,842,-13.35143,0
41884,839,-13.77306,0
41894,862,-10.54061,0
41904,855,-11.52439,0
41914,849,-12.36765,0
41924,847,-12.64874,0
41934,841,-13.49197,0
41944,842,-13.35143,0
41954,857,-11.24332,0
41964,840,-13.63251,0
41974,848,-12.50819,0
41984,843,-13.21089,0
41994,844,-13.07036,0
42004,858,-11.10277,0
42014,857,-11.24332,0
42024,847,-12.64874,0
42034,849,-12.36765,0
42044,841,-13.49197,0
42054,851,-12.08656,0
42064,849,-12.36765,0
42074,855,-11.52439,0
42084,844,-13.07036,0
42094,847,-12.64874,0
42104,842,-13.35143,0
42114,862,-10.54061,0
42124,854,-11.66493,0
42134,846,-12.78926,0
42144,849,-12.36765,0
42154,851,-12.08656,0
42164,859,-10.96223,0
42174,853,-11.80548,0
42184,839,-13.77306,0
42194,847,-12.64874,0
42204,837,-14.05415,0
42214,856,-11.38385,0
42224,845,-12.9298,0
42234,845,-12.9298,0
42244,846,-12.78926,0
42254,846,-12.78926,0
42264,846,-12.78926,0
42274,854,-11.66493,0
42284,850,-12.2271,0
42294,848,-12.50819,0
42304,840,-13.63251,0
42314,836,-14.19468,0
42324,857,-11.24332,0
42334,848,-12.50819,0
42344,833,-14.61631,0
42354,845,-12.9298,0
42364,845,-12.9298,0
42374,855,-11.52439,0
42384,846,-12.78926,0
42394,846,-12.78926,0
42404,841,-13.49197,0
42414,850,-12.2271,0
42424,850,-12.2271,0
42434,854,-11.66493,0
42444,848,-12.50819,0
42454,841,-13.49197,0
42464,850,-12.2271,0
42474,846,-12.78926,0
42484,856,-11.38385,0
42494,852,-11.94602,0
42504,846,-12.78926,0
42514,848,-12.50819,0
42524,850,-12.2271,0
42534,860,-10.82169,0
42544,852,-11.94602,0
42554,846,-12.78926,0
42564,835,-14.33523,0
42574,849,-12.36765,0
42584,851,-12.08656,0
42594,855,-11.52439,0
42604,839,-13.77306,0
42614,848,-12.50819,0
42624,848,-12.50819,0
42634,839,-13.77306,0
42644,849,-12.36765,0
42654,857,-11.24332,0
42664,853,-11.80548,0
42674,836,-14.19468,0
42684,840,-13.63251,0
42694,847,-12.64874,0
42704,851,-12.08656,0
42714,845,-12.9298,0
42724,849,-12.36765,0
42734,851,-12.08656,0
42744,857,-11.24332,0
42754,861,-10.68115,0
42764,854,-11.66493,0
42774,849,-12.36765,0
42784,849,-12.36765,0
42794,852,-11.94602,0
42804,858,-11.10277,0
42814,850,-12.2271,0
42824,850,-12.2271,0
42834,839,-13.77306,0
42844,848,-12.50819,0
42854,853,-11.80548,0
42864,853,-11.80548,0
42874,850,-12.2271,0
42884,847,-12.64874,0
42894,852,-11.94602,0
42904,858,-11.10277,0
42914,860,-10.82169,0
42924,841,-13.49197,0
42934,852,-11.94602,0
42944,851,-12.08656,0
42954,854,-11.66493,0
42964,862,-10.54061,0
42974,855,-11.52439,0
42984,848,-12.50819,0
42994,846,-12.78926,0
43004,846,-12.78926,0
43014,863,-10.40006,0
43024,854,-11.66493,0
43034,849,-12.36765,0
43044,842,-13.35143,0
43054,842,-13.35143,0
43064,849,-12.36765,0
43074,855,-11.52439,0
43084,854,-11.66493,0
43094,849,-12.36765,0
43104,847,-12.64874,0
43114,848,-12.50819,0
43124,870,-9.416283,0
43134,845,-12.9298,0
43144,848,-12.50819,0
43154,839,-13.77306,0
43164,846,-12.78926,0
43174,854,-11.66493,0
43184,853,-11.80548,0
43194,846,-12.78926,0
43204,852,-11.94602,0
43214,841,-13.49197,0
43224,848,-12.50819,0
43234,850,-12.2271,0
43244,844,-13.07036,0
43254,841,-13.49197,0
43264,838,-13.9136,0
43274,852,-11.94602,0
43284,855,-11.52439,0
43294,846,-12.78926,0
43304,849,-12.36765,0
43314,833,-14.61631,0
43324,842,-13.35143,0
43334,856,-11.38385,0
43344,853,-11.80548,0
43354,853,-11.80548,0
43364,847,-12.64874,0
43374,838,-13.9136,0
43384,852,-11.94602,0
43394,851,-12.08656,0
43404,847,-12.64874,0
43414,837,-14.05415,0
43424,846,-12.78926,0
43434,851,-12.08656,0
43444,855,-11.52439,0
43454,847,-12.64874,0
43464,845,-12.9298,0
43474,846,-12.78926,0
43484,853,-11.80548,0
43494,851,-12.08656,0
43504,855,-11.52439,0
43514,847,-12.64874,0
43524,838,-13.9136,0
43534,844,-13.07036,0
43544,863,-10.40006,0
43554,852,-11.94602,0
43564,851,-12.08656,0
43574,850,-12.2271,0
43584,846,-12.78926,0
43594,863,-10.40006,0
43604,853,-11.80548,0
43614,849,-12.36765,0
43624,846,-12.78926,0
43634,839,-13.77306,0
43644,850,-12.2271,0
43654,853,-11.80548,0
43664,848,-12.50819,0
43674,837,-14.05415,0
43684,843,-13.21089,0
43694,843,-13.21089,0
43704,853,-11.80548,0
43714,848,-12.50819,0
43724,845,-12.9298,0
43734,841,-13.49197,0
43744,842,-13.35143,0
43754,855,-11.52439,0
43764,849,-12.36765,0
43774,854,-11.66493,0
43784,852,-11.94602,0
43794,843,-13.21089,0
43804,852,-11.94602,0
43814,860,-10.82169,0
43824,858,-11.10277,0
43834,847,-12.64874,0
43844,852,-11.94602,0
43854,852,-11.94602,0
43864,856,-11.38385,0
43874,848,-12.50819,0
43884,848,-12.50819,0
43894,845,-12.9298,0
43904,851,-12.08656,0
43914,860,-10.82169,0
43924,860,-10.82169,0
43934,851,-12.08656,0
43944,846,-12.78926,0
43954,850,-12.2271,0
43964,860,-10.82169,0
43974,856,-11.38385,0
43984,844,-13.07036,0
43994,844,-13.07036,0
44004,845,-12.9298,0
44014,844,-13.07036,0
44024,860,-10.82169,0
44034,854,-11.66493,0
44044,843,-13.21089,0
44054,848,-12.50819,0
44064,844,-13.07036,0
44074,858,-11.10277,0
44084,851,-12.08656,0
44094,850,-12.2271,0
44104,839,-13.77306,0
44114,840,-13.63251,0
44124,855,-11.52439,0
44134,849,-12.36765,0
44144,853,-11.80548,0
44154,854,-11.66493,0
44164,852,-11.94602,0
44174,855,-11.52439,0
44184,859,-10.96223,0
44194,848,-12.50819,0
44204,851,-12.08656,0
44214,845,-12.9298,0
44224,848,-12.50819,0
44234,854,-11.66493,0
44244,851,-12.08656,0
44254,841,-13.49197,0
44264,855,-11.52439,0
44274,845,-12.9298,0
44284,859,-10.96223,0
44294,855,-11.52439,0
44304,854,-11.66493,0
44314,844,-13.07036,0
44324,847,-12.64874,0
44334,851,-12.08656,0
44344,859,-10.96223,0
44354,847,-12.64874,0
44364,841,-13.49197,0
44374,847,-12.64874,0
44384,846,-12.78926,0
44394,858,-11.10277,0
44404,847,-12.64874,0
44414,854,-11.66493,0
44424,842,-13.35143,0
44434,852,-11.94602,0
44444,862,-10.54061,0
44454,855,-11.52439,0
44464,860,-10.82169,0
44474,846,-12.78926,0
44484,847,-12.64874,0
44494,854,-11.66493,0
44504,857,-11.24332,0
44514,853,-11.80548,0
44524,849,-12.36765,0
44534,847,-12.64874,0
44544,842,-13.35143,0
44554,863,-10.40006,0
44564,849,-12.36765,0
44574,844,-13.07036,0
44584,849,-12.36765,0
44594,845,-12.9298,0
44604,856,-11.38385,0
44614,856,-11.38385,0
44624,852,-11.94602,0
44634,846,-12.78926,0
44644,853,-11.80548,0
44654,849,-12.36765,0
44664,853,-11.80548,0
44674,848,-12.50819,0
44684,843,-13.21089,0
44694,846,-12.78926,0
44704,858,-11.10277,0
44714,854,-11.66493,0
44724,844,-13.07036,0
44734,847,-12.64874,0
44744,836,-14.19468,0
44754,832,-14.75685,0
44764,853,-11.80548,0
44774,851,-12.08656,0
44784,846,-12.78926,0
44794,837,-14.05415,0
44804,838,-13.9136,0
44814,856,-11.38385,0
44824,855,-11.52439,0
44834,858,-11.10277,0
44844,843,-13.21089,0
44854,845,-12.9298,0
44864,854,-11.66493,0
44874,857,-11.24332,0
44884,841,-13.49197,0
44894,855,-11.52439,0
44904,846,-12.78926,0
44914,844,-13.07036,0
44924,864,-10.25952,0
44934,854,-11.66493,0
44944,844,-13.07036,0
44954,849,-12.36765,0
44964,853,-11.80548,0
44974,857,-11.24332,0
44984,843,-13.21089,0
44994,843,-13.21089,0
45004,838,-13.9136,0
45014,843,-13.21089,0
45024,858,-11.10277,0
45034,850,-12.2271,0
45044,851,-12.08656,0
45054,845,-12.9298,0
45064,840,-13.63251,0
45074,857,-11.24332,0
45084,856,-11.38385,0
45094,857,-11.24332,0
45104,846,-12.78926,0
45114,837,-14.05415,0
45124,856,-11.38385,0
45134,862,-10.54061,0
45144,847,-12.64874,0
45154,843,-13.21089,0
45164,839,-13.77306,0
45174,843,-13.21089,0
45184,852,-11.94602,0
45194,852,-11.94602,0
45204,842,-13.35143,0
45214,854,-11.66493,0
45224,837,-14.05415,0
45234,847,-12.64874,0
45244,854,-11.66493,0
45254,849,-12.36765,0
45264,842,-13.35143,0
45274,845,-12.9298,0
45284,854,-11.66493,0
45294,853,-11.80548,0
45304,856,-11.38385,0
45314,851,-12.08656,0
45324,844,-13.07036,0
45334,845,-12.9298,0
45344,855,-11.52439,0
45354,858,-11.10277,0
45364,845,-12.9298,0
45374,845,-12.9298,0
45384,839,-13.77306,0
45394,848,-12.50819,0
45404,854,-11.66493,0
45414,850,-12.2271,0
45424,849,-12.36765,0
45434,844,-13.07036,0
45444,855,-11.52439,0
45454,855,-11.52439,0
45464,849,-12.36765,0
45474,840,-13.63251,0
45484,845,-12.9298,0
45494,850,-12.2271,0
45504,867,-9.837898,0
45514,854,-11.66493,0
45524,850,-12.2271,0
45534,846,-12.78926,0
45544,850,-12.2271,0
45554,856,-11.38385,0
45564,851,-12.08656,0
45574,848,-12.50819,0
45584,840,-13.63251,0
45594,841,-13.49197,0
45604,851,-12.08656,0
45614,852,-11.94602,0
45624,857,-11.24332,0
45634,844,-13.07036,0
45644,847,-12.64874,0
45654,846,-12.78926,0
45664,860,-10.82169,0
45674,846,-12.78926,0
45684,846,-12.78926,0
45694,841,-13.49197,0
45704,843,-13.21089,0
45714,855,-11.52439,0
45724,849,-12.36765,0
45734,846,-12.78926,0
45744,843,-13.21089,0
45754,850,-12.2271,0
45764,850,-12.2271,0
45774,859,-10.96223,0
45784,848,-12.50819,0
45794,847,-12.64874,0
45804,843,-13.21089,0
45814,840,-13.63251,0
45824,859,-10.96223,0
45834,845,-12.9298,0
45844,858,-11.10277,0
45854,840,-13.63251,0
45864,845,-12.9298,0
45874,855,-11.52439,0
45884,843,-13.21089,0
45894,848,-12.50819,0
45904,854,-11.66493,0
45914,842,-13.35143,0
45924,847,-12.64874,0
45934,848,-12.50819,0
45944,846,-12.78926,0
45954,830,-15.03794,0
45964,841,-13.49197,0
45974,852,-11.94602,0
45984,865,-10.11898,0
45994,849,-12.36765,0
46004,847,-12.64874,0
46014,844,-13.07036,0
46024,851,-12.08656,0
46034,863,-10.40006,0
46044,849,-12.36765,0
46054,849,-12.36765,0
46064,845,-12.9298,0
46074,850,-12.2271,0
46084,850,-12.2271,0
46094,860,-10.82169,0
46104,842,-13.35143,0
46114,841,-13.49197,0
46124,843,-13.21089,0
46134,856,-11.38385,0
46144,853,-11.80548,0
46154,848,-12.50819,0
46164,848,-12.50819,0
46174,836,-14.19468,0
46184,842,-13.35143,0
46194,858,-11.10277,0
46204,846,-12.78926,0
46214,849,-12.36765,0
46224,853,-11.80548,0
46234,845,-12.9298,0
46244,853,-11.80548,0
46254,847,-12.64874,0
46264,849,-12.36765,0
46274,838,-13.9136,0
46284,845,-12.9298,0
46294,849,-12.36765,0
46304,859,-10.96223,0
46314,847,-12.64874,0
46324,854,-11.66493,0
46334,842,-13.35143,0
46344,847,-12.64874,0
46354,862,-10.54061,0
46364,849,-12.36765,0
46374,852,-11.94602,0
46384,844,-13.07036,0
46394,847,-12.64874,0
46404,854,-11.66493,0
46414,849,-12.36765,0
46424,846,-12.78926,0
46434,843,-13.21089,0
46444,840,-13.63251,0
46454,846,-12.78926,0
46464,853,-11.80548,0
46474,849,-12.36765,0
46484,850,-12.2271,0
46494,838,-13.9136,0
46504,846,-12.78926,0
46514,855,-11.52439,0
46524,845,-12.9298,0
46534,848,-12.50819,0
46544,837,-14.05415,0
46554,847,-12.64874,0
46564,863,-10.40006,0
46574,852,-11.94602,0
46584,842,-13.35143,0
46594,854,-11.66493,0
46604,844,-13.07036,0
46614,856,-11.38385,0
46624,853,-11.80548,0
46634,845,-12.9298,0
46644,847,-12.64874,0
46654,843,-13.21089,0
46664,847,-12.64874,0
46674,856,-11.38385,0
46684,849,-12.36765,0
46694,850,-12.2271,0
46704,846,-12.78926,0
46714,850,-12.2271,0
46724,850,-12.2271,0
46734,842,-13.35143,0
46744,841,-13.49197,0
46754,836,-14.19468,0
46764,839,-13.77306,0
46774,850,-12.2271,0
46784,860,-10.82169,0
46794,849,-12.36765,0
46804,845,-12.9298,0
46814,847,-12.64874,0
46824,856,-11.38385,0
46834,860,-10.82169,0
46844,855,-11.52439,0
46854,841,-13.49197,0
46864,842,-13.35143,0
46874,845,-12.9298,0
46884,852,-11.94602,0
46894,847,-12.64874,0
46904,840,-13.63251,0
46914,827,-15.45956,0
46924,847,-12.64874,0
46934,861,-10.68115,0
46944,864,-10.25952,0
46954,851,-12.08656,0
46964,849,-12.36765,0
46974,843,-13.21089,0
46984,865,-10.11898,0
46994,852,-11.94602,0
47004,842,-13.35143,0
47014,851,-12.08656,0
47024,844,-13.07036,0
47034,846,-12.78926,0
47044,857,-11.24332,0
47054,858,-11.10277,0
47064,839,-13.77306,0
47074,850,-12.2271,0
47084,843,-13.21089,0
47094,863,-10.40006,0
47104,854,-11.66493,0
47114,840,-13.63251,0
47124,833,-14.61631,0
47134,840,-13.63251,0
47144,846,-12.78926,0
47154,858,-11.10277,0
47164,850,-12.2271,0
47174,847,-12.64874,0
47184,837,-14.05415,0
47194,844,-13.07036,0
47204,863,-10.40006,0
47214,853,-11.80548,0
47224,850,-12.2271,0
47234,849,-12.36765,0
47244,840,-13.63251,0
47254,856,-11.38385,0
47264,862,-10.54061,0
47274,855,-11.52439,0
47284,836,-14.19468,0
47294,841,-13.49197,0
47304,859,-10.96223,0
47314,845,-12.9298,0
47324,846,-12.78926,0
47334,843,-13.21089,0
47344,842,-13.35143,0
47354,845,-12.9298,0
47364,857,-11.24332,0
47374,846,-12.78926,0
47384,850,-12.2271,0
47394,847,-12.64874,0
47404,851,-12.08656,0
47414,866,-9.978439,0
47424,852,-11.94602,0
47434,850,-12.2271,0
47444,849,-12.36765,0
47454,848,-12.50819,0
47464,853,-11.80548,0
47474,851,-12.08656,0
47484,858,-11.10277,0
47494,842,-13.35143,0
47504,848,-12.50819,0
47514,854,-11.66493,0
47524,855,-11.52439,0
47534,855,-11.52439,0
47544,843,-13.21089,0
47554,843,-13.21089,0
47564,852,-11.94602,0
47574,865,-10.11898,0
47584,856,-11.38385,0
47594,842,-13.35143,0
47604,847,-12.64874,0
47614,845,-12.9298,0
47624,862,-10.54061,0
47634,850,-12.2271,0
47644,849,-12.36765,0
47654,841,-13.49197,0
47664,852,-11.94602,0
47674,851,-12.08656,0
47684,852,-11.94602,0
47694,847,-12.64874,0
47704,847,-12.64874,0
47714,846,-12.78926,0
47724,842,-13.35143,0
47734,843,-13.21089,0
47744,851,-12.08656,0
47754,847,-12.64874,0
47764,848,-12.50819,0
47774,841,-13.49197,0
47784,860,-10.82169,0
47794,856,-11.38385,0
47804,848,-12.50819,0
47814,852,-11.94602,0
47824,857,-11.24332,0
47834,851,-12.08656,0
47844,856,-11.38385,0
47854,846,-12.78926,0
47864,847,-12.64874,0
47874,847,-12.64874,0
47884,851,-12.08656,0
47894,857,-11.24332,0
47904,853,-11.80548,0
47914,856,-11.38385,0
47924,842,-13.35143,0
47934,846,-12.78926,0
47944,860,-10.82169,0
47954,849,-12.36765,0
47964,844,-13.07036,0
47974,841,-13.49197,0
47984,845,-12.9298,0
47994,855,-11.52439,0
48004,857,-11.24332,0
48014,847,-12.64874,0
48024,851,-12.08656,0
48034,843,-13.21089,0
48044,851,-12.08656,0
48054,852,-11.94602,0
48064,846,-12.78926,0
48074,848,-12.50819,0
48084,837,-14.05415,0
48094,850,-12.2271,0
48104,850,-12.2271,0
48114,847,-12.64874,0
48124,855,-11.52439,0
48134,851,-12.08656,0
48144,847,-12.64874,0
48154,861,-10.68115,0
48164,855,-11.52439,0
48174,845,-12.9298,0
48184,851,-12.08656,0
48194,848,-12.50819,0
48204,853,-11.80548,0
48214,852,-11.94602,0
48224,849,-12.36765,0
48234,844,-13.07036,0
48244,849,-12.36765,0
48254,848,-12.50819,0
48264,863,-10.40006,0
48274,842,-13.35143,0
48284,852,-11.94602,0
48294,838,-13.9136,0
48304,841,-13.49197,0
48314,854,-11.66493,0
48324,840,-13.63251,0
48334,844,-13.07036,0
48344,844,-13.07036,0
48354,844,-13.07036,0
48364,860,-10.82169,0
48374,857,-11.24332,0
48384,845,-12.9298,0
48394,856,-11.38385,0
48404,841,-13.49197,0
48414,848,-12.50819,0
48424,853,-11.80548,0
48434,845,-12.9298,0
48444,838,-13.9136,0
48454,844,-13.07036,0
48464,849,-12.36765,0
48474,855,-11.52439,0
48484,847,-12.64874,0
48494,849,-12.36765,0
48504,847,-12.64874,0
48514,839,-13.77306,0
48524,858,-11.10277,0
48534,852,-11.94602,0
48544,845,-12.9298,0
48554,841,-13.49197,0
48564,839,-13.77306,0
48574,865,-10.11898,0
48584,848,-12.50819,0
48594,850,-12.2271,0
48604,845,-12.9298,0
48614,851,-12.08656,0
48624,848,-12.50819,0
48634,861,-10.68115,0
48644,851,-12.08656,0
48654,848,-12.50819,0
48664,846,-12.78926,0
48674,841,-13.49197,0
48684,854,-11.66493,0
48694,849,-12.36765,0
48704,850,-12.2271,0
48714,839,-13.77306,0
48724,847,-12.64874,0
48734,862,-10.54061,0
48744,853,-11.80548,0
48754,855,-11.52439,0
48764,846,-12.78926,0
48774,853,-11.80548,0
48784,859,-10.96223,0
48794,855,-11.52439,0
48804,850,-12.2271,0
48814,845,-12.9298,0
48824,846,-12.78926,0
48834,843,-13.21089,0
48844,849,-12.36765,0
48854,853,-11.80548,0
48864,839,-13.77306,0
48874,841,-13.49197,0
48884,844,-13.07036,0
48894,861,-10.68115,0
48904,856,-11.38385,0
48914,851,-12.08656,0
48924,838,-13.9136,0
48934,846,-12.78926,0
48944,858,-11.10277,0
48954,854,-11.66493,0
48964,846,-12.78926,0
48974,847,-12.64874,0
48984,843,-13.21089,0
48994,855,-11.52439,0
49004,861,-10.68115,0
49014,843,-13.21089,0
49024,841,-13.49197,0
49034,844,-13.07036,0
49044,843,-13.21089,0
49054,849,-12.36765,0
49064,844,-13.07036,0
49074,848,-12.50819,0
49084,844,-13.07036,0
49094,844,-13.07036,0
49104,853,-11.80548,0
49114,859,-10.96223,0
49124,860,-10.82169,0
49134,846,-12.78926,0
49144,853,-11.80548,0
49154,853,-11.80548,0
49164,860,-10.82169,0
49174,845,-12.9298,0
49184,846,-12.78926,0
49194,850,-12.2271,0
49204,848,-12.50819,0
49214,867,-9.837898,0
49224,852,-11.94602,0
49234,852,-11.94602,0
49244,850,-12.2271,0
49254,853,-11.80548,0
49264,853,-11.80548,0
49274,847,-12.64874,0
49284,842,-13.35143,0
49294,839,-13.77306,0
49304,842,-13.35143,0
49314,855,-11.52439,0
49324,855,-11.52439,0
49334,839,-13.77306,0
49344,841,-13.49197,0
49354,847,-12.64874,0
49364,859,-10.96223,0
49374,849,-12.36765,0
49384,841,-13.49197,0
49394,850,-12.2271,0
49404,841,-13.49197,0
49414,843,-13.21089,0
49424,855,-11.52439,0
49434,842,-13.35143,0
49444,840,-13.63251,0
49454,835,-14.33523,0
49464,860,-10.82169,0
49474,858,-11.10277,0
49484,848,-12.50819,0
49494,852,-11.94602,0
49504,851,-12.08656,0
49514,845,-12.9298,0
49524,849,-12.36765,0
49534,849,-12.36765,0
49544,847,-12.64874,0
49554,841,-13.49197,0
49564,843,-13.21089,0
49574,853,-11.80548,0
49584,854,-11.66493,0
49594,852,-11.94602,0
49604,842,-13.35143,0
49614,849,-12.36765,0
49624,852,-11.94602,0
49634,862,-10.54061,0
49644,857,-11.24332,0
49654,842,-13.35143,0
49664,852,-11.94602,0
49674,847,-12.64874,0
49684,853,-11.80548,0
49694,844,-13.07036,0
49704,847,-12.64874,0
49714,857,-11.24332,0
49724,845,-12.9298,0
49734,863,-10.40006,0
49744,856,-11.38385,0
49754,842,-13.35143,0
49764,845,-12.9298,0
49774,848,-12.50819,0
49784,846,-12.78926,0
49794,856,-11.38385,0
49804,851,-12.08656,0
49814,849,-12.36765,0
49824,854,-11.66493,0
49834,849,-12.36765,0
49844,857,-11.24332,0
49854,852,-11.94602,0
49864,839,-13.77306,0
49874,842,-13.35143,0
49884,841,-13.49197,0
49894,857,-11.24332,0
49904,850,-12.2271,0
49914,841,-13.49197,0
49924,832,-14.75685,0
49934,836,-14.19468,0
49944,849,-12.36765,0
49954,864,-10.25952,0
49964,850,-12.2271,0
49974,853,-11.80548,0
49984,848,-12.50819,0
49994,852,-11.94602,0
50004,855,-11.52439,0
50014,853,-11.80548,0
50024,847,-12.64874,0
50034,847,-12.64874,0
50044,852,-11.94602,0
50054,856,-11.38385,0
50064,848,-12.50819,0
50074,838,-13.9136,0
50084,843,-13.21089,0
50094,848,-12.50819,0
50104,853,-11.80548,0
50114,855,-11.52439,0
50124,838,-13.9136,0
50134,844,-13.07036,0
50144,836,-14.19468,0
50154,843,-13.21089,0
50164,865,-10.11898,0
50174,854,-11.66493,0
50184,852,-11.94602,0
50194,841,-13.49197,0
50204,842,-13.35143,0
50214,857,-11.24332,0
50224,852,-11.94602,0
50234,841,-13.49197,0
50244,838,-13.9136,0
50254,857,-11.24332,0
50264,856,-11.38385,0
50274,852,-11.94602,0
50284,844,-13.07036,0
50294,836,-14.19468,0
50304,848,-12.50819,0
50314,857,-11.24332,0
50324,849,-12.36765,0
50334,838,-13.9136,0
50344,845,-12.9298,0
50354,838,-13.9136,0
50364,846,-12.78926,0
50374,851,-12.08656,0
50384,849,-12.36765,0
50394,848,-12.50819,0
50404,852,-11.94602,0
50414,848,-12.50819,0
50424,859,-10.96223,0
50434,849,-12.36765,0
50444,839,-13.77306,0
50454,844,-13.07036,0
50464,846,-12.78926,0
50474,862,-10.54061,0
50484,858,-11.10277,0
50494,837,-14.05415,0
50504,849,-12.36765,0
50514,842,-13.35143,0
50524,859,-10.96223,0
50534,859,-10.96223,0
50544,851,-12.08656,0
50554,847,-12.64874,0
50564,844,-13.07036,0
50574,852,-11.94602,0
50584,858,-11.10277,0
50594,856,-11.38385,0
50604,846,-12.78926,0
50614,840,-13.63251,0
50624,848,-12.50819,0
50634,849,-12.36765,0
50644,853,-11.80548,0
50654,843,-13.21089,0
50664,850,-12.2271,0
50674,848,-12.50819,0
50684,855,-11.52439,0
50694,845,-12.9298,0
50704,835,-14.33523,0
50714,840,-13.63251,0
50724,843,-13.21089,0
50734,849,-12.36765,0
50744,857,-11.24332,0
50754,855,-11.52439,0
50764,844,-13.07036,0
50774,840,-13.63251,0
50784,850,-12.2271,0
50794,861,-10.68115,0
50804,858,-11.10277,0
50814,851,-12.08656,0
50824,848,-12.50819,0
50834,852,-11.94602,0
50844,855,-11.52439,0
50854,851,-12.08656,0
50864,850,-12.2271,0
50874,839,-13.77306,0
50884,849,-12.36765,0
50894,856,-11.38385,0
50904,855,-11.52439,0
50914,854,-11.66493,0
50924,850,-12.2271,0
50934,848,-12.50819,0
50944,855,-11.52439,0
50954,854,-11.66493,0
50964,843,-13.21089,0
50974,845,-12.9298,0
50984,840,-13.63251,0
50994,841,-13.49197,0
51004,856,-11.38385,0
51014,844,-13.07036,0
51024,851,-12.08656,0
51034,842,-13.35143,0
51044,847,-12.64874,0
51054,854,-11.66493,0
51064,848,-12.50819,0
51074,844,-13.07036,0
51084,842,-13.35143,0
51094,845,-12.9298,0
51104,844,-13.07036,0
51114,851,-12.08656,0
51124,846,-12.78926,0
51134,850,-12.2271,0
51144,846,-12.78926,0
51154,854,-11.66493,0
51164,865,-10.11898,0
51174,849,-12.36765,0
51184,836,-14.19468,0
51194,841,-13.49197,0
51204,849,-12.36765,0
51214,854,-11.66493,0
51224,849,-12.36765,0
51234,850,-12.2271,0
51244,846,-12.78926,0
51254,848,-12.50819,0
51264,853,-11.80548,0
51274,849,-12.36765,0
51284,846,-12.78926,0
51294,844,-13.07036,0
51304,841,-13.49197,0
51314,847,-12.64874,0
51324,855,-11.52439,0
51334,847,-12.64874,0
51344,839,-13.77306,0
51354,839,-13.77306,0
51364,843,-13.21089,0
51374,853,-11.80548,0
51384,848,-12.50819,0
51394,857,-11.24332,0
51404,846,-12.78926,0
51414,851,-12.08656,0
51424,861,-10.68115,0
51434,850,-12.2271,0
51444,845,-12.9298,0
51454,841,-13.49197,0
51464,847,-12.64874,0
51474,850,-12.2271,0
51484,861,-10.68115,0
51494,851,-12.08656,0
51504,849,-12.36765,0
51514,848,-12.50819,0
51524,842,-13.35143,0
51534,852,-11.94602,0
51544,844,-13.07036,0
51554,843,-13.21089,0
51564,843,-13.21089,0
51574,837,-14.05415,0
51584,852,-11.94602,0
51594,859,-10.96223,0
51604,847,-12.64874,0
51614,856,-11.38385,0
51624,844,-13.07036,0
51634,856,-11.38385,0
51644,860,-10.82169,0
51654,842,-13.35143,0
51664,843,-13.21089,0
51674,842,-13.35143,0
51684,850,-12.2271,0
51694,851,-12.08656,0
51704,848,-12.50819,0
51714,849,-12.36765,0
51724,839,-13.77306,0
51734,854,-11.66493,0
51744,860,-10.82169,0
51754,853,-11.80548,0
51764,849,-12.36765,0
51774,849,-12.36765,0
51784,845,-12.9298,0
51794,857,-11.24332,0
51804,851,-12.08656,0
51814,850,-12.2271,0
51824,846,-12.78926,0
51834,838,-13.9136,0
51844,854,-11.66493,0
51854,856,-11.38385,0
51864,857,-11.24332,0
51874,849,-12.36765,0
51884,849,-12.36765,0
51894,847,-12.64874,0
51904,852,-11.94602,0
51914,843,-13.21089,0
51924,849,-12.36765,0
51934,849,-12.36765,0
51944,848,-12.50819,0
51954,850,-12.2271,0
51964,851,-12.08656,0
51974,835,-14.33523,0
51984,838,-13.9136,0
51994,845,-12.9298,0
52004,850,-12.2271,0
52014,850,-12.2271,0
52024,838,-13.9136,0
52034,839,-13.77306,0
52044,836,-14.19468,0
52054,852,-11.94602,0
52064,853,-11.80548,0
52074,840,-13.63251,0
52084,844,-13.07036,0
52094,847,-12.64874,0
52104,840,-13.63251,0
52114,857,-11.24332,0
52124,846,-12.78926,0
52134,843,-13.21089,0
52144,839,-13.77306,0
52154,839,-13.77306,0
52164,853,-11.80548,0
52174,848,-12.50819,0
52184,848,-12.50819,0
52194,842,-13.35143,0
52204,845,-12.9298,0
52214,863,-10.40006,0
52224,850,-12.2271,0
52234,843,-13.21089,0
52244,844,-13.07036,0
52254,840,-13.63251,0
52264,853,-11.80548,0
52274,848,-12.50819,0
52284,847,-12.64874,0
52294,836,-14.19468,0
52304,834,-14.47577,0
52314,853,-11.80548,0
52324,853,-11.80548,0
52334,849,-12.36765,0
52344,845,-12.9298,0
52354,839,-13.77306,0
52364,842,-13.35143,0
52374,852,-11.94602,0
52384,856,-11.38385,0
52394,844,-13.07036,0
52404,843,-13.21089,0
52414,841,-13.49197,0
52424,847,-12.64874,0
52434,856,-11.38385,0
52444,836,-14.19468,0
52454,837,-14.05415,0
52464,843,-13.21089,0
52474,849,-12.36765,0
52484,869,-9.556816,0
52494,845,-12.9298,0
52504,832,-14.75685,0
52514,839,-13.77306,0
52524,848,-12.50819,0
52534,856,-11.38385,0
52544,861,-10.68115,0
52554,852,-11.94602,0
52564,843,-13.21089,0
52574,848,-12.50819,0
52584,863,-10.40006,0
52594,849,-12.36765,0
52604,856,-11.38385,0
52614,853,-11.80548,0
52624,844,-13.07036,0
52634,853,-11.80548,0
52644,854,-11.66493,0
52654,838,-13.9136,0
52664,844,-13.07036,0
52674,843,-13.21089,0
52684,848,-12.50819,0
52694,856,-11.38385,0
52704,853,-11.80548,0
52714,844,-13.07036,0
52724,841,-13.49197,0
52734,844,-13.07036,0
52744,859,-10.96223,0
52754,844,-13.07036,0
52764,845,-12.9298,0
52774,838,-13.9136,0
52784,854,-11.66493,0
52794,850,-12.2271,0
52804,848,-12.50819,0
52814,848,-12.50819,0
52824,847,-12.64874,0
52834,847,-12.64874,0
52844,847,-12.64874,0
52854,857,-11.24332,0
52864,851,-12.08656,0
52874,841,-13.49197,0
52884,848,-12.50819,0
52894,853,-11.80548,0
52904,854,-11.66493,0
52914,851,-12.08656,0
52924,845,-12.9298,0
52934,854,-11.66493,0
52944,849,-12.36765,0
52954,859,-10.96223,0
52964,857,-11.24332,0
52974,844,-13.07036,0
52984,844,-13.07036,0
52994,840,-13.63251,0
53004,856,-11.38385,0
53014,856,-11.38385,0
53024,850,-12.2271,0
53034,850,-12.2271,0
53044,838,-13.9136,0
53054,848,-12.50819,0
53064,854,-11.66493,0
53074,851,-12.08656,0
53084,840,-13.63251,0
53094,852,-11.94602,0
53104,842,-13.35143,0
53114,855,-11.52439,0
53124,848,-12.50819,0
53134,856,-11.38385,0
53144,834,-14.47577,0
53154,845,-12.9298,0
53164,859,-10.96223,0
53174,856,-11.38385,0
53184,847,-12.64874,0
53194,846,-12.78926,0
53204,848,-12.50819,0
53214,848,-12.50819,0
53224,855,-11.52439,0
53234,843,-13.21089,0
53244,842,-13.35143,0
53254,846,-12.78926,0
53264,844,-13.07036,0
53274,869,-9.556816,0
53284,850,-12.2271,0
53294,851,-12.08656,0
53304,843,-13.21089,0
53314,850,-12.2271,0
53324,852,-11.94602,0
53334,852,-11.94602,0
53344,848,-12.50819,0
53354,839,-13.77306,0
53364,840,-13.63251,0
53374,858,-11.10277,0
53384,858,-11.10277,0
53394,853,-11.80548,0
53404,846,-12.78926,0
53414,851,-12.08656,0
53424,855,-11.52439,0
53434,854,-11.66493,0
53444,842,-13.35143,0
53454,843,-13.21089,0
53464,837,-14.05415,0
53474,844,-13.07036,0
53484,865,-10.11898,0
53494,849,-12.36765,0
53504,847,-12.64874,0
53514,846,-12.78926,0
53524,840,-13.63251,0
53534,855,-11.52439,0
53544,857,-11.24332,0
53554,841,-13.49197,0
53564,849,-12.36765,0
53574,842,-13.35143,0
53584,850,-12.2271,0
53594,853,-11.80548,0
53604,842,-13.35143,0
53614,841,-13.49197,0
53624,853,-11.80548,0
53634,850,-12.2271,0
53644,853,-11.80548,0
53654,848,-12.50819,0
53664,852,-11.94602,0
53674,837,-14.05415,0
53684,856,-11.38385,0
53694,856,-11.38385,0
53704,844,-13.07036,0
53714,847,-12.64874,0
53724,843,-13.21089,0
53734,846,-12.78926,0
53744,859,-10.96223,0
53754,851,-12.08656,0
53764,848,-12.50819,0
53774,849,-12.36765,0
53784,839,-13.77306,0
53794,850,-12.2271,0
53804,855,-11.52439,0
53814,847,-12.64874,0
53824,835,-14.33523,0
53834,835,-14.33523,0
53844,846,-12.78926,0
53854,858,-11.10277,0
53864,859,-10.96223,0
53874,846,-12.78926,0
53884,845,-12.9298,0
53894,848,-12.50819,0
53904,847,-12.64874,0
53914,855,-11.52439,0
53924,852,-11.94602,0
53934,849,-12.36765,0
53944,851,-12.08656,0
53954,853,-11.80548,0
53964,852,-11.94602,0
53974,848,-12.50819,0
53984,840,-13.63251,0
53994,839,-13.77306,0
54004,847,-12.64874,0
54014,849,-12.36765,0
54024,847,-12.64874,0
54034,851,-12.08656,0
54044,848,-12.50819,0
54054,837,-14.05415,0
54064,855,-11.52439,0
54074,854,-11.66493,0
54084,844,-13.07036,0
54094,841,-13.49197,0
54104,847,-12.64874,0
54114,858,-11.10277,0
54124,849,-12.36765,0
54134,851,-12.08656,0
54144,847,-12.64874,0
54154,849,-12.36765,0
54164,858,-11.10277,0
54174,852,-11.94602,0
54184,851,-12.08656,0
54194,844,-13.07036,0
54204,843,-13.21089,0
54214,844,-13.07036,0
54224,845,-12.9298,0
54234,849,-12.36765,0
54244,840,-13.63251,0
54254,839,-13.77306,0
54264,846,-12.78926,0
54274,867,-9.837898,0
54284,851,-12.08656,0
54294,846,-12.78926,0
54304,840,-13.63251,0
54314,847,-12.64874,0
54324,856,-11.38385,0
54334,853,-11.80548,0
54344,848,-12.50819,0
54354,844,-13.07036,0
54364,853,-11.80548,0
54374,851,-12.08656,0
54384,858,-11.10277,0
54394,847,-12.64874,0
54404,847,-12.64874,0
54414,847,-12.64874,0
54424,841,-13.49197,0
54434,856,-11.38385,0
54444,857,-11.24332,0
54454,854,-11.66493,0
54464,843,-13.21089,0
54474,848,-12.50819,0
54484,864,-10.25952,0
54494,852,-11.94602,0
54504,843,-13.21089,0
54514,841,-13.49197,0
54524,846,-12.78926,0
54534,859,-10.96223,0
54544,848,-12.50819,0
54554,843,-13.21089,0
54564,845,-12.9298,0
54574,842,-13.35143,0
54584,855,-11.52439,0
54594,857,-11.24332,0
54604,850,-12.2271,0
54614,850,-12.2271,0
54624,850,-12.2271,0
54634,848,-12.50819,0
54644,857,-11.24332,0
54654,851,-12.08656,0
54664,847,-12.64874,0
54674,840,-13.63251,0
54684,854,-11.66493,0
54694,850,-12.2271,0
54704,850,-12.2271,0
54714,853,-11.80548,0
54724,845,-12.9298,0
54734,837,-14.05415,0
54744,853,-11.80548,0
54754,849,-12.36765,0
54764,840,-13.63251,0
54774,840,-13.63251,0
54784,843,-13.21089,0
54794,853,-11.80548,0
54804,848,-12.50819,0
54814,853,-11.80548,0
54824,843,-13.21089,0
54834,853,-11.80548,0
54844,845,-12.9298,0
54854,859,-10.96223,0
54864,851,-12.08656,0
54874,846,-12.78926,0
54884,850,-12.2271,0
54894,854,-11.66493,0
54904,858,-11.10277,0
54914,849,-12.36765,0
54924,840,-13.63251,0
54934,841,-13.49197,0
54944,840,-13.63251,0
54954,846,-12.78926,0
54964,858,-11.10277,0
54974,856,-11.38385,0
54984,849,-12.36765,0
54994,847,-12.64874,0
55004,864,-10.25952,0
55014,864,-10.25952,0
55024,843,-13.21089,0
55034,843,-13.21089,0
55044,835,-14.33523,0
55054,851,-12.08656,0
55064,851,-12.08656,0
55074,847,-12.64874,0
55084,851,-12.08656,0
55094,848,-12.50819,0
55104,854,-11.66493,0
55114,864,-10.25952,0
55124,855,-11.52439,0
55134,845,-12.9298,0
55144,847,-12.64874,0
55154,837,-14.05415,0
55164,854,-11.66493,0
55174,848,-12.50819,0
55184,848,-12.50819,0
55194,844,-13.07036,0
55204,845,-12.9298,0
55214,856,-11.38385,0
55224,852,-11.94602,0
55234,846,-12.78926,0
55244,837,-14.05415,0
55254,841,-13.49197,0
55264,847,-12.64874,0
55274,853,-11.80548,0
55284,842,-13.35143,0
55294,847,-12.64874,0
55304,844,-13.07036,0
55314,842,-13.35143,0
55324,859,-10.96223,0
55334,857,-11.24332,0
55344,843,-13.21089,0
55354,840,-13.63251,0
55364,837,-14.05415,0
55374,848,-12.50819,0
55384,858,-11.10277,0
55394,846,-12.78926,0
55404,844,-13.07036,0
55414,844,-13.07036,0
55424,850,-12.2271,0
55434,856,-11.38385,0
55444,853,-11.80548,0
55454,852,-11.94602,0
55464,851,-12.08656,0
55474,848,-12.50819,0
55484,856,-11.38385,0
55494,859,-10.96223,0
55504,845,-12.9298,0
55514,841,-13.49197,0
55524,849,-12.36765,0
55534,866,-9.978439,0
55544,853,-11.80548,0
55554,850,-12.2271,0
55564,849,-12.36765,0
55574,849,-12.36765,0
55584,868,-9.697357,0
55594,846,-12.78926,0
55604,848,-12.50819,0
55614,849,-12.36765,0
55624,849,-12.36765,0
55634,856,-11.38385,0
55644,858,-11.10277,0
55654,843,-13.21089,0
55664,851,-12.08656,0
55674,839,-13.77306,0
55684,848,-12.50819,0
55694,858,-11.10277,0
55704,844,-13.07036,0
55714,839,-13.77306,0
55724,839,-13.77306,0
55734,844,-13.07036,0
55744,853,-11.80548,0
55754,845,-12.9298,0
55764,842,-13.35143,0
55774,846,-12.78926,0
55784,854,-11.66493,0
55794,861,-10.68115,0
55804,848,-12.50819,0
55814,845,-12.9298,0
55824,842,-13.35143,0
55834,841,-13.49197,0
55844,852,-11.94602,0
55854,864,-10.25952,0
55864,852,-11.94602,0
55874,843,-13.21089,0
55884,850,-12.2271,0
55894,849,-12.36765,0
55904,858,-11.10277,0
55914,858,-11.10277,0
55924,840,-13.63251,0
55934,848,-12.50819,0
55944,843,-13.21089,0
55954,862,-10.54061,0
55964,847,-12.64874,0
55974,846,-12.78926,0
55984,848,-12.50819,0
55994,850,-12.2271,0
56004,851,-12.08656,0
56014,850,-12.2271,0
56024,847,-12.64874,0
56034,840,-13.63251,0
56044,844,-13.07036,0
56054,860,-10.82169,0
56064,871,-9.275742,0
56074,846,-12.78926,0
56084,842,-13.35143,0
56094,856,-11.38385,0
56104,851,-12.08656,0
56114,849,-12.36765,0
56124,846,-12.78926,0
56134,841,-13.49197,0
56144,842,-13.35143,0
56154,843,-13.21089,0
56164,856,-11.38385,0
56174,859,-10.96223,0
56184,843,-13.21089,0
56194,850,-12.2271,0
56204,846,-12.78926,0
56214,861,-10.68115,0
56224,852,-11.94602,0
56234,848,-12.50819,0
56244,840,-13.63251,0
56254,839,-13.77306,0
56264,850,-12.2271,0
56274,851,-12.08656,0
56284,858,-11.10277,0
56294,848,-12.50819,0
56304,847,-12.64874,0
56314,854,-11.66493,0
56324,864,-10.25952,0
56334,844,-13.07036,0
56344,847,-12.64874,0
56354,847,-12.64874,0
56364,843,-13.21089,0
56374,858,-11.10277,0
56384,862,-10.54061,0
56394,844,-13.07036,0
56404,847,-12.64874,0
56414,844,-13.07036,0
56424,851,-12.08656,0
56434,858,-11.10277,0
56444,845,-12.9298,0
56454,852,-11.94602,0
56464,845,-12.9298,0
56474,851,-12.08656,0
56484,857,-11.24332,0
56494,843,-13.21089,0
56504,842,-13.35143,0
56514,844,-13.07036,0
56524,848,-12.50819,0
56534,865,-10.11898,0
56544,847,-12.64874,0
56554,844,-13.07036,0
56564,838,-13.9136,0
56574,844,-13.07036,0
56584,850,-12.2271,0
56594,844,-13.07036,0
56604,846,-12.78926,0
56614,840,-13.63251,0
56624,840,-13.63251,0
56634,855,-11.52439,0
56644,859,-10.96223,0
56654,854,-11.66493,0
56664,844,-13.07036,0
56674,846,-12.78926,0
56684,854,-11.66493,0
56694,862,-10.54061,0
56704,846,-12.78926,0
56714,844,-13.07036,0
56724,843,-13.21089,0
56734,853,-11.80548,0
56744,851,-12.08656,0
56754,852,-11.94602,0
56764,852,-11.94602,0
56774,849,-12.36765,0
56784,855,-11.52439,0
56794,855,-11.52439,0
56804,859,-10.96223,0
56814,851,-12.08656,0
56824,849,-12.36765,0
56834,847,-12.64874,0
56844,858,-11.10277,0
56854,853,-11.80548,0
56864,840,-13.63251,0
56874,842,-13.35143,0
56884,845,-12.9298,0
56894,842,-13.35143,0
56904,849,-12.36765,0
56914,844,-13.07036,0
56924,842,-13.35143,0
56934,852,-11.94602,0
56944,847,-12.64874,0
56954,854,-11.66493,0
56964,840,-13.63251,0
56974,844,-13.07036,0
56984,848,-12.50819,0
56994,850,-12.2271,0
57004,853,-11.80548,0
57014,842,-13.35143,0
57024,859,-10.96223,0
57034,839,-13.77306,0
57044,844,-13.07036,0
57054,849,-12.36765,0
57064,852,-11.94602,0
57074,842,-13.35143,0
57084,844,-13.07036,0
57094,842,-13.35143,0
57104,850,-12.2271,0
57114,863,-10.40006,0
57124,854,-11.66493,0
57134,849,-12.36765,0
57144,844,-13.07036,0
57154,848,-12.50819,0
57164,850,-12.2271,0
57174,846,-12.78926,0
57184,846,-12.78926,0
57194,842,-13.35143,0
57204,843,-13.21089,0
57214,861,-10.68115,0
57224,859,-10.96223,0
57234,849,-12.36765,0
57244,850,-12.2271,0
57254,849,-12.36765,0
57264,856,-11.38385,0
57274,854,-11.66493,0
57284,849,-12.36765,0
57294,851,-12.08656,0
57304,847,-12.64874,0
57314,854,-11.66493,0
57324,864,-10.25952,0
57334,844,-13.07036,0
57344,853,-11.80548,0
57354,846,-12.78926,0
57364,850,-12.2271,0
57374,849,-12.36765,0
57384,856,-11.38385,0
57394,845,-12.9298,0
57404,847,-12.64874,0
57414,853,-11.80548,0
57424,855,-11.52439,0
57434,846,-12.78926,0
57444,847,-12.64874,0
57454,835,-14.33523,0
57464,848,-12.50819,0
57474,849,-12.36765,0
57484,867,-9.837898,0
57494,843,-13.21089,0
57504,841,-13.49197,0
57514,841,-13.49197,0
57524,857,-11.24332,0
57534,856,-11.38385,0
57544,857,-11.24332,0
57554,846,-12.78926,0
57564,836,-14.19468,0
57574,850,-12.2271,0
57584,856,-11.38385,0
57594,859,-10.96223,0
57604,841,-13.49197,0
57614,847,-12.64874,0
57624,840,-13.63251,0
57634,857,-11.24332,0
57644,851,-12.08656,0
57654,839,-13.77306,0
57664,844,-13.07036,0
57674,846,-12.78926,0
57684,852,-11.94602,0
57694,854,-11.66493,0
57704,852,-11.94602,0
57714,851,-12.08656,0
57724,847,-12.64874,0
57734,847,-12.64874,0
57744,850,-12.2271,0
57754,842,-13.35143,0
57764,845,-12.9298,0
57774,846,-12.78926,0
57784,853,-11.80548,0
57794,856,-11.38385,0
57804,851,-12.08656,0
57814,841,-13.49197,0
57824,842,-13.35143,0
57834,843,-13.21089,0
57844,860,-10.82169,0
57854,848,-12.50819,0
57864,855,-11.52439,0
57874,836,-14.19468,0
57884,852,-11.94602,0
57894,865,-10.11898,0
57904,854,-11.66493,0
57914,853,-11.80548,0
57924,835,-14.33523,0
57934,846,-12.78926,0
57944,851,-12.08656,0
57954,856,-11.38385,0
57964,844,-13.07036,0
57974,852,-11.94602,0
57984,846,-12.78926,0
57994,853,-11.80548,0
58004,862,-10.54061,0
58014,854,-11.66493,0
58024,837,-14.05415,0
58034,843,-13.21089,0
58044,845,-12.9298,0
58054,845,-12.9298,0
58064,850,-12.2271,0
58074,842,-13.35143,0
58084,840,-13.63251,0
58094,848,-12.50819,0
58104,857,-11.24332,0
58114,864,-10.25952,0
58124,844,-13.07036,0
58134,852,-11.94602,0
58144,844,-13.07036,0
58154,847,-12.64874,0
58164,847,-12.64874,0
58174,852,-11.94602,0
58184,850,-12.2271,0
58194,840,-13.63251,0
58204,853,-11.80548,0
58214,848,-12.50819,0
58224,851,-12.08656,0
58234,840,-13.63251,0
58244,843,-13.21089,0
58254,848,-12.50819,0
58264,855,-11.52439,0
58274,851,-12.08656,0
58284,838,-13.9136,0
58294,839,-13.77306,0
58304,843,-13.21089,0
58314,858,-11.10277,0
58324,847,-12.64874,0
58334,846,-12.78926,0
58344,844,-13.07036,0
58354,847,-12.64874,0
58364,851,-12.08656,0
58374,852,-11.94602,0
58384,843,-13.21089,0
58394,844,-13.07036,0
58404,842,-13.35143,0
58414,848,-12.50819,0
58424,854,-11.66493,0
58434,840,-13.63251,0
58444,848,-12.50819,0
58454,848,-12.50819,0
58464,845,-12.9298,0
58474,857,-11.24332,0
58484,852,-11.94602,0
58494,836,-14.19468,0
58504,844,-13.07036,0
58514,844,-13.07036,0
58524,854,-11.66493,0
58534,851,-12.08656,0
58544,851,-12.08656,0
58554,852,-11.94602,0
58564,851,-12.08656,0
58574,847,-12.64874,0
58584,856,-11.38385,0
58594,844,-13.07036,0
58604,844,-13.07036,0
58614,847,-12.64874,0
58624,849,-12.36765,0
58634,854,-11.66493,0
58644,841,-13.49197,0
58654,842,-13.35143,0
58664,842,-13.35143,0
58674,838,-13.9136,0
58684,851,-12.08656,0
58694,846,-12.78926,0
58704,846,-12.78926,0
58714,840,-13.63251,0
58724,843,-13.21089,0
58734,856,-11.38385,0
58744,845,-12.9298,0
58754,848,-12.50819,0
58764,841,-13.49197,0
58774,844,-13.07036,0
58784,851,-12.08656,0
58794,855,-11.52439,0
58804,840,-13.63251,0
58814,839,-13.77306,0
58824,832,-14.75685,0
58834,850,-12.2271,0
58844,857,-11.24332,0
58854,845,-12.9298,0
58864,855,-11.52439,0
58874,840,-13.63251,0
58884,846,-12.78926,0
58894,853,-11.80548,0
58904,857,-11.24332,0
58914,848,-12.50819,0
58924,848,-12.50819,0
58934,852,-11.94602,0
58944,858,-11.10277,0
58954,856,-11.38385,0
58964,845,-12.9298,0
58974,852,-11.94602,0
58984,841,-13.49197,0
58994,858,-11.10277,0
59004,860,-10.82169,0
59014,845,-12.9298,0
59024,850,-12.2271,0
59034,841,-13.49197,0
59044,846,-12.78926,0
59054,856,-11.38385,0
59064,849,-12.36765,0
59074,837,-14.05415,0
59084,843,-13.21089,0
59094,849,-12.36765,0
59104,853,-11.80548,0
59114,849,-12.36765,0
59124,843,-13.21089,0
59134,848,-12.50819,0
59144,842,-13.35143,0
59154,852,-11.94602,0
59164,864,-10.25952,0
59174,838,-13.9136,0
59184,843,-13.21089,0
59194,843,-13.21089,0
59204,866,-9.978439,0
59214,856,-11.38385,0
59224,844,-13.07036,0
59234,842,-13.35143,0
59244,835,-14.33523,0
59254,851,-12.08656,0
59264,855,-11.52439,0
59274,846,-12.78926,0
59284,844,-13.07036,0
59294,842,-13.35143,0
59304,856,-11.38385,0
59314,861,-10.68115,0
59324,857,-11.24332,0
59334,840,-13.63251,0
59344,841,-13.49197,0
59354,849,-12.36765,0
59364,861,-10.68115,0
59374,857,-11.24332,0
59384,849,-12.36765,0
59394,842,-13.35143,0
59404,844,-13.07036,0
59414,849,-12.36765,0
59424,853,-11.80548,0
59434,850,-12.2271,0
59444,841,-13.49197,0
59454,844,-13.07036,0
59464,852,-11.94602,0
59474,862,-10.54061,0
59484,847,-12.64874,0
59494,841,-13.49197,0
59504,835,-14.33523,0
59514,841,-13.49197,0
59524,861,-10.68115,0
59534,850,-12.2271,0
59544,858,-11.10277,0
59554,844,-13.07036,0
59564,853,-11.80548,0
59574,853,-11.80548,0
59584,852,-11.94602,0
59594,845,-12.9298,0
59604,842,-13.35143,0
59614,845,-12.9298,0
59624,854,-11.66493,0
59634,856,-11.38385,0
59644,847,-12.64874,0
59654,849,-12.36765,0
59664,842,-13.35143,0
59674,845,-12.9298,0
59684,856,-11.38385,0
59694,844,-13.07036,0
59704,851,-12.08656,0
59714,839,-13.77306,0
59724,843,-13.21089,0
59734,857,-11.24332,0
59744,849,-12.36765,0
59754,850,-12.2271,0
59764,847,-12.64874,0
59774,849,-12.36765,0
59784,852,-11.94602,0
59794,860,-10.82169,0
59804,847,-12.64874,0
59814,852,-11.94602,0
59824,847,-12.64874,0
59834,847,-12.64874,0
59844,849,-12.36765,0
59854,843,-13.21089,0
59864,854,-11.66493,0
59874,849,-12.36765,0
59884,852,-11.94602,0
59894,856,-11.38385,0
59904,853,-11.80548,0
59914,849,-12.36765,0
59924,834,-14.47577,0
59934,858,-11.10277,0
59944,851,-12.08656,0
59954,837,-14.05415,0
59964,839,-13.77306,0
59974,841,-13.49197,0
59984,846,-12.78926,0
59994,862,-10.54061,0
60004,851,-12.08656,0
60014,847,-12.64874,0
60024,849,-12.36765,0
60034,850,-12.2271,0
60044,854,-11.66493,0
60054,860,-10.82169,0
60064,846,-12.78926,0
60074,841,-13.49197,0
60084,845,-12.9298,0
60094,855,-11.52439,0
60104,852,-11.94602,0
60114,849,-12.36765,0
60124,845,-12.9298,0
60134,839,-13.77306,0
60144,852,-11.94602,0
60154,861,-10.68115,0
60164,858,-11.10277,0
60174,842,-13.35143,0
60184,841,-13.49197,0
60194,846,-12.78926,0
60204,855,-11.52439,0
60214,850,-12.2271,0
60224,857,-11.24332,0
60234,850,-12.2271,0
60244,853,-11.80548,0
60254,854,-11.66493,0
60264,849,-12.36765,0
60274,849,-12.36765,0
60284,845,-12.9298,0
60294,841,-13.49197,0
60304,850,-12.2271,0
60314,851,-12.08656,0
60324,845,-12.9298,0
60334,839,-13.77306,0
60344,848,-12.50819,0
60354,848,-12.50819,0
60364,864,-10.25952,0
60374,843,-13.21089,0
60384,842,-13.35143,0
60394,844,-13.07036,0
60404,849,-12.36765,0
60414,857,-11.24332,0
60424,846,-12.78926,0
60434,848,-12.50819,0
60444,840,-13.63251,0
60454,849,-12.36765,0
60464,858,-11.10277,0
60474,866,-9.978439,0
60484,853,-11.80548,0
60494,849,-12.36765,0
60504,854,-11.66493,0
60514,852,-11.94602,0
60524,856,-11.38385,0
60534,849,-12.36765,0
60544,847,-12.64874,0
60554,840,-13.63251,0
60564,849,-12.36765,0
60574,859,-10.96223,0
60584,855,-11.52439,0
60594,850,-12.2271,0
60604,847,-12.64874,0
60614,848,-12.50819,0
60624,857,-11.24332,0
60634,848,-12.50819,0
60644,848,-12.50819,0
60654,847,-12.64874,0
60664,850,-12.2271,0
60674,852,-11.94602,0
60684,854,-11.66493,0
60694,840,-13.63251,0
60704,840,-13.63251,0
60714,839,-13.77306,0
60724,849,-12.36765,0
60734,851,-12.08656,0
60744,845,-12.9298,0
60754,841,-13.49197,0
60764,847,-12.64874,0
60774,841,-13.49197,0
60784,853,-11.80548,0
60794,846,-12.78926,0
60804,842,-13.35143,0
60814,839,-13.77306,0
60824,841,-13.49197,0
60834,854,-11.66493,0
60844,849,-12.36765,0
60854,851,-12.08656,0
60864,842,-13.35143,0
60874,852,-11.94602,0
60884,857,-11.24332,0
60894,850,-12.2271,0
60904,853,-11.80548,0
60914,845,-12.9298,0
60924,848,-12.50819,0
60934,852,-11.94602,0
60944,857,-11.24332,0
60954,850,-12.2271,0
60964,835,-14.33523,0
60974,853,-11.80548,0
60984,861,-10.68115,0
60994,858,-11.10277,0
61004,854,-11.66493,0
61014,843,-13.21089,0
61024,839,-13.77306,0
61034,845,-12.9298,0
61044,852,-11.94602,0
61054,845,-12.9298,0
61064,841,-13.49197,0
61074,836,-14.19468,0
61084,839,-13.77306,0
61094,860,-10.82169,0
61104,849,-12.36765,0
61114,846,-12.78926,0
61124,838,-13.9136,0
61134,843,-13.21089,0
61144,856,-11.38385,0
61154,850,-12.2271,0
61164,851,-12.08656,0
61174,844,-13.07036,0
61184,843,-13.21089,0
61194,842,-13.35143,0
61204,861,-10.68115,0
61214,845,-12.9298,0
61224,843,-13.21089,0
61234,844,-13.07036,0
61244,852,-11.94602,0
61254,849,-12.36765,0
61264,850,-12.2271,0
61274,844,-13.07036,0
61284,831,-14.89738,0
61294,851,-12.08656,0
61304,858,-11.10277,0
61314,849,-12.36765,0
61324,844,-13.07036,0
61334,843,-13.21089,0
61344,842,-13.35143,0
61354,855,-11.52439,0
61364,851,-12.08656,0
61374,843,-13.21089,0
61384,834,-14.47577,0
61394,839,-13.77306,0
61404,850,-12.2271,0
61414,850,-12.2271,0
61424,843,-13.21089,0
61434,841,-13.49197,0
61444,839,-13.77306,0
61454,854,-11.66493,0
61464,857,-11.24332,0
61474,856,-11.38385,0
61484,855,-11.52439,0
61494,847,-12.64874,0
61504,840,-13.63251,0
61514,849,-12.36765,0
61524,854,-11.66493,0
61534,840,-13.63251,0
61544,841,-13.49197,0
61554,849,-12.36765,0
61564,849,-12.36765,0
61574,852,-11.94602,0
61584,841,-13.49197,0
61594,840,-13.63251,0
61604,840,-13.63251,0
61614,851,-12.08656,0
61624,850,-12.2271,0
61634,843,-13.21089,0
61644,840,-13.63251,0
61654,833,-14.61631,0
61664,845,-12.9298,0
61674,863,-10.40006,0
61684,855,-11.52439,0
61694,842,-13.35143,0
61704,840,-13.63251,0
61714,850,-12.2271,0
61724,853,-11.80548,0
61734,852,-11.94602,0
61744,849,-12.36765,0
61754,858,-11.10277,0
61764,850,-12.2271,0
61774,859,-10.96223,0
61784,852,-11.94602,0
61794,842,-13.35143,0
61804,839,-13.77306,0
61814,842,-13.35143,0
61824,852,-11.94602,0
61834,846,-12.78926,0
61844,849,-12.36765,0
61854,844,-13.07036,0
61864,842,-13.35143,0
61874,849,-12.36765,0
61884,855,-11.52439,0
61894,854,-11.66493,0
61904,846,-12.78926,0
61914,839,-13.77306,0
61924,851,-12.08656,0
61934,854,-11.66493,0
61944,838,-13.9136,0
61954,844,-13.07036,0
61964,849,-12.36765,0
61974,842,-13.35143,0
61984,856,-11.38385,0
61994,849,-12.36765,0
62004,844,-13.07036,0
62014,843,-13.21089,0
62024,845,-12.9298,0
62034,859,-10.96223,0
62044,862,-10.54061,0
62054,849,-12.36765,0
62064,856,-11.38385,0
62074,845,-12.9298,0
62084,851,-12.08656,0
62094,859,-10.96223,0
62104,845,-12.9298,0
62114,854,-11.66493,0
62124,846,-12.78926,0
62134,853,-11.80548,0
62144,862,-10.54061,0
62154,859,-10.96223,0
62164,856,-11.38385,0
62174,845,-12.9298,0
62184,849,-12.36765,0
62194,858,-11.10277,0
62204,855,-11.52439,0
62214,839,-13.77306,0
62224,852,-11.94602,0
62234,840,-13.63251,0
62244,859,-10.96223,0
62254,850,-12.2271,0
62264,849,-12.36765,0
62274,850,-12.2271,0
62284,851,-12.08656,0
62294,856,-11.38385,0
62304,858,-11.10277,0
62314,851,-12.08656,0
62324,849,-12.36765,0
62334,846,-12.78926,0
62344,854,-11.66493,0
62354,857,-11.24332,0
62364,864,-10.25952,0
62374,846,-12.78926,0
62384,843,-13.21089,0
62394,849,-12.36765,0
62404,862,-10.54061,0
62414,853,-11.80548,0
62424,856,-11.38385,0
62434,851,-12.08656,0
62444,843,-13.21089,0
62454,870,-9.416283,0
62464,854,-11.66493,0
62474,842,-13.35143,0
62484,840,-13.63251,0
62494,837,-14.05415,0
62504,860,-10.82169,0
62514,857,-11.24332,0
62524,850,-12.2271,0
62534,846,-12.78926,0
62544,848,-12.50819,0
62554,851,-12.08656,0
62564,854,-11.66493,0
62574,848,-12.50819,0
62584,850,-12.2271,0
62594,846,-12.78926,0
62604,844,-13.07036,0
62614,864,-10.25952,0
62624,855,-11.52439,0
62634,854,-11.66493,0
62644,844,-13.07036,0
62654,850,-12.2271,0
62664,862,-10.54061,0
62674,855,-11.52439,0
62684,849,-12.36765,0
62694,846,-12.78926,0
62704,847,-12.64874,0
62714,857,-11.24332,0
62724,854,-11.66493,0
62734,845,-12.9298,0
62744,841,-13.49197,0
62754,851,-12.08656,0
62764,851,-12.08656,0
62774,863,-10.40006,0
62784,851,-12.08656,0
62794,846,-12.78926,0
62804,841,-13.49197,0
62814,840,-13.63251,0
62824,855,-11.52439,0
62834,850,-12.2271,0
62844,841,-13.49197,0
62854,846,-12.78926,0
62864,846,-12.78926,0
62874,856,-11.38385,0
62884,861,-10.68115,0
62894,840,-13.63251,0
62904,854,-11.66493,0
62914,849,-12.36765,0
62924,855,-11.52439,0
62934,864,-10.25952,0
62944,847,-12.64874,0
62954,841,-13.49197,0
62964,845,-12.9298,0
62974,860,-10.82169,0
62984,860,-10.82169,0
62994,851,-12.08656,0
63004,853,-11.80548,0
63014,851,-12.08656,0
63024,846,-12.78926,0
63034,860,-10.82169,0
63044,859,-10.96223,0
63054,847,-12.64874,0
63064,851,-12.08656,0
63074,842,-13.35143,0
63084,850,-12.2271,0
63094,852,-11.94602,0
63104,850,-12.2271,0
63114,845,-12.9298,0
63124,847,-12.64874,0
63134,857,-11.24332,0
63144,860,-10.82169,0
63154,855,-11.52439,0
63164,852,-11.94602,0
63174,846,-12.78926,0
63184,861,-10.68115,0
63194,856,-11.38385,0
63204,839,-13.77306,0
63214,850,-12.2271,0
63224,852,-11.94602,0
63234,851,-12.08656,0
63244,858,-11.10277,0
63254,848,-12.50819,0
63264,851,-12.08656,0
63274,854,-11.66493,0
63284,854,-11.66493,0
63294,853,-11.80548,0
63304,849,-12.36765,0
63314,857,-11.24332,0
63324,851,-12.08656,0
63334,844,-13.07036,0
63344,843,-13.21089,0
63354,844,-13.07036,0
63364,845,-12.9298,0
63374,846,-12.78926,0
63384,837,-14.05415,0
63394,855,-11.52439,0
63404,860,-10.82169,0
63414,854,-11.66493,0
63424,836,-14.19468,0
63434,844,-13.07036,0
63444,847,-12.64874,0
63454,851,-12.08656,0
63464,842,-13.35143,0
63474,849,-12.36765,0
63484,847,-12.64874,0
63494,857,-11.24332,0
63504,859,-10.96223,0
63514,852,-11.94602,0
63524,844,-13.07036,0
63534,839,-13.77306,0
63544,849,-12.36765,0
63554,862,-10.54061,0
63564,856,-11.38385,0
63574,852,-11.94602,0
63584,847,-12.64874,0
63594,848,-12.50819,0
63604,851,-12.08656,0
63614,865,-10.11898,0
63624,848,-12.50819,0
63634,847,-12.64874,0
63644,843,-13.21089,0
63654,858,-11.10277,0
63664,857,-11.24332,0
63674,850,-12.2271,0
63684,855,-11.52439,0
63694,848,-12.50819,0
63704,849,-12.36765,0
63714,848,-12.50819,0
63724,846,-12.78926,0
63734,853,-11.80548,0
63744,842,-13.35143,0
63754,856,-11.38385,0
63764,869,-9.556816,0
63774,855,-11.52439,0
63784,846,-12.78926,0
63794,849,-12.36765,0
63804,844,-13.07036,0
63814,850,-12.2271,0
63824,850,-12.2271,0
63834,843,-13.21089,0
63844,854,-11.66493,0
63854,847,-12.64874,0
63864,855,-11.52439,0
63874,923,-1.967583,0
63884,922,-2.108109,0
63894,926,-1.545952,0
63904,943,0.843239,0
63914,955,2.529747,0
63924,944,0.983795,0
63934,938,0.140533,0
63944,937,0,0
63954,946,1.26487,0
63964,937,0,0
63974,949,1.686508,0
63984,942,0.702713,0
63994,944,0.983795,0
64004,945,1.124344,0
64014,945,1.124344,0
64024,949,1.686508,0
64034,948,1.545952,0
64044,950,1.827034,0
64054,944,0.983795,0
64064,945,1.124344,0
64074,939,0.281082,0
64084,938,0.140533,0
64094,943,0.843239,0
64104,942,0.702713,0
64114,950,1.827034,0
64124,943,0.843239,0
64134,949,1.686508,0
64144,949,1.686508,0
64154,954,2.389214,0
64164,938,0.140533,0
64174,938,0.140533,0
64184,942,0.702713,0
64194,943,0.843239,0
64204,951,1.967583,0
64214,956,2.670296,0
64224,950,1.827034,0
64234,944,0.983795,0
64244,942,0.702713,0
64254,948,1.545952,0
64264,940,0.421631,0
64274,945,1.124344,0
64284,940,0.421631,0
64294,942,0.702713,0
64304,936,-0.140526,0
64314,933,-0.562157,0
64324,943,0.843239,0
64334,939,0.281082,0
64344,939,0.281082,0
64354,942,0.702713,0
64364,933,-0.562157,0
64374,947,1.405426,0
64384,947,1.405426,0
64394,939,0.281082,0
64404,943,0.843239,0
64414,947,1.405426,0
64424,942,0.702713,0
64434,934,-0.421631,0
64444,934,-0.421631,0
64454,954,2.389214,0
64464,945,1.124344,0
64474,948,1.545952,0
64484,944,0.983795,0
64494,951,1.967583,0
64504,946,1.26487,0
64514,949,1.686508,0
64524,947,1.405426,0
64534,946,1.26487,0
64544,943,0.843239,0
64554,938,0.140533,0
64564,950,1.827034,0
64574,937,0,0
64584,938,0.140533,0
64594,944,0.983795,0
64604,940,0.421631,0
64614,938,0.140533,0
64624,948,1.545952,0
64634,941,0.562164,0
64644,943,0.843239,0
64654,941,0.562164,0
64664,949,1.686508,0
64674,946,1.26487,0
64684,944,0.983795,0
64694,938,0.140533,0
64704,950,1.827034,0
64714,947,1.405426,0
64724,937,0,0
64734,953,2.248665,0
64744,949,1.686508,0
64754,940,0.421631,0
64764,946,1.26487,0
64774,945,1.124344,0
64784,947,1.405426,0
64794,944,0.983795,0
64804,944,0.983795,0
64814,948,1.545952,0
64824,942,0.702713,0
64834,945,1.124344,0
64844,947,1.405426,0
64854,944,0.983795,0
64864,945,1.124344,0
64874,944,0.983795,0
64884,949,1.686508,0
64894,944,0.983795,0
64904,949,1.686508,0
64914,942,0.702713,0
64924,949,1.686508,0
64934,943,0.843239,0
64944,933,-0.562157,0
64954,951,1.967583,0
64964,949,1.686508,0
64974,939,0.281082,0
64984,944,0.983795,0
64994,941,0.562164,0
65004,946,1.26487,0
65014,949,1.686508,0
65024,948,1.545952,0
65034,941,0.562164,0
65044,952,2.108116,0
65054,935,-0.281082,0
65064,946,1.26487,0
65074,931,-0.843239,0
65084,952,2.108116,0
65094,939,0.281082,0
65104,941,0.562164,0
65114,939,0.281082,0
65124,947,1.405426,0
65134,947,1.405426,0
65144,941,0.562164,0
65154,952,2.108116,0
65164,947,1.405426,0
65174,940,0.421631,0
65184,940,0.421631,0
65194,945,1.124344,0
65204,946,1.26487,0
65214,949,1.686508,0
65224,942,0.702713,0
65234,946,1.26487,0
65244,943,0.843239,0
65254,944,0.983795,0
65264,951,1.967583,0
65274,952,2.108116,0
65284,936,-0.140526,0
65294,944,0.983795,0
65304,944,0.983795,0
65314,946,1.26487,0
65324,946,1.26487,0
65334,950,1.827034,0
65344,948,1.545952,0
65354,949,1.686508,0
65364,945,1.124344,0
65374,947,1.405426,0
65384,948,1.545952,0
65394,946,1.26487,0
65404,948,1.545952,0
65414,942,0.702713,0
65424,948,1.545952,0
65434,941,0.562164,0
65444,948,1.545952,0
65454,950,1.827034,0
65464,948,1.545952,0
65474,938,0.140533,0
65484,947,1.405426,0
65494,949,1.686508,0
65504,949,1.686508,0
65514,949,1.686508,0
65524,942,0.702713,0
65534,943,0.843239,0
65544,949,1.686508,0
65554,937,0,0
65564,937,0,0
65574,939,0.281082,0
65584,934,-0.421631,0
65594,938,0.140533,0
65604,942,0.702713,0
65614,939,0.281082,0
65624,942,0.702713,0
65634,949,1.686508,0
65644,946,1.26487,0
65654,937,0,0
65664,939,0.281082,0
65674,940,0.421631,0
65684,951,1.967583,0
65694,944,0.983795,0
65704,941,0.562164,0
65714,942,0.702713,0
65724,938,0.140533,0
65734,944,0.983795,0
65744,947,1.405426,0
65754,941,0.562164,0
65764,944,0.983795,0
65774,947,1.405426,0
65784,947,1.405426,0
65794,946,1.26487,0
65804,944,0.983795,0
65814,937,0,0
65824,943,0.843239,0
65834,941,0.562164,0
65844,946,1.26487,0
65854,936,-0.140526,0
65864,954,2.389214,0
65874,942,0.702713,0
65884,947,1.405426,0
65894,939,0.281082,0
65904,938,0.140533,0
65914,938,0.140533,0
65924,944,0.983795,0
65934,943,0.843239,0
65944,937,0,0
65954,945,1.124344,0
65964,942,0.702713,0
65974,953,2.248665,0
65984,947,1.405426,0
65994,948,1.545952,0
66004,945,1.124344,0
66014,946,1.26487,0
66024,940,0.421631,0
66034,943,0.843239,0
66044,948,1.545952,0
66054,942,0.702713,0
66064,951,1.967583,0
66074,941,0.562164,0
66084,945,1.124344,0
66094,947,1.405426,0
66104,950,1.827034,0
66114,945,1.124344,0
66124,943,0.843239,0
66134,950,1.827034,0
66144,941,0.562164,0
66154,937,0,0
66164,947,1.405426,0
66174,944,0.983795,0
66184,947,1.405426,0
66194,949,1.686508,0
66204,937,0,0
66214,944,0.983795,0
66224,946,1.26487,0
66234,955,2.529747,0
66244,942,0.702713,0
66254,948,1.545952,0
66264,942,0.702713,0
66274,950,1.827034,0
66284,948,1.545952,0
66294,951,1.967583,0
66304,939,0.281082,0
66314,942,0.702713,0
66324,940,0.421631,0
66334,949,1.686508,0
66344,940,0.421631,0
66354,944,0.983795,0
66364,945,1.124344,0
66374,944,0.983795,0
66384,950,1.827034,0
66394,934,-0.421631,0
66404,944,0.983795,0
66414,938,0.140533,0
66424,949,1.686508,0
66434,942,0.702713,0
66444,948,1.545952,0
66454,951,1.967583,0
66464,945,1.124344,0
66474,951,1.967583,0
66484,940,0.421631,0
66494,950,1.827034,0
66504,938,0.140533,0
66514,938,0.140533,0
66524,937,0,0
66534,939,0.281082,0
66544,937,0,0
66554,941,0.562164,0
66564,945,1.124344,0
66574,948,1.545952,0
66584,948,1.545952,0
66594,946,1.26487,0
66604,946,1.26487,0
66614,947,1.405426,0
66624,939,0.281082,0
66634,955,2.529747,0
66644,939,0.281082,0
66654,947,1.405426,0
66664,943,0.843239,0
66674,933,-0.562157,0
66684,939,0.281082,0
66694,944,0.983795,0
66704,945,1.124344,0
66714,947,1.405426,0
66724,944,0.983795,0
66734,943,0.843239,0
66744,940,0.421631,0
66754,948,1.545952,0
66764,935,-0.281082,0
66774,932,-0.702713,0
66784,943,0.843239,0
66794,945,1.124344,0
66804,941,0.562164,0
66814,946,1.26487,0
66824,937,0,0
66834,947,1.405426,0
66844,949,1.686508,0
66854,943,0.843239,0
66864,952,2.108116,0
66874,940,0.421631,0
66884,947,1.405426,0
66894,937,0,0
66904,941,0.562164,0
66914,945,1.124344,0
66924,947,1.405426,0
66934,941,0.562164,0
66944,945,1.124344,0
66954,941,0.562164,0
66964,944,0.983795,0
66974,950,1.827034,0
66984,939,0.281082,0
66994,937,0,0
67004,942,0.702713,0
67014,938,0.140533,0
67024,936,-0.140526,0
67034,952,2.108116,0
67044,943,0.843239,0
67054,945,1.124344,0
67064,944,0.983795,0
67074,945,1.124344,0
67084,939,0.281082,0
67094,945,1.124344,0
67104,937,0,0
67114,940,0.421631,0
67124,940,0.421631,0
67134,942,0.702713,0
67144,940,0.421631,0
67154,938,0.140533,0
67164,942,0.702713,0
67174,937,0,0
67184,945,1.124344,0
67194,937,0,0
67204,959,3.091904,0
67214,945,1.124344,0
67224,951,1.967583,0
67234,942,0.702713,0
67244,942,0.702713,0
67254,943,0.843239,0
67264,937,0,0
67274,949,1.686508,0
67284,950,1.827034,0
67294,949,1.686508,0
67304,943,0.843239,0
67314,944,0.983795,0
67324,947,1.405426,0
67334,941,0.562164,0
67344,934,-0.421631,0
67354,942,0.702713,0
67364,950,1.827034,0
67374,951,1.967583,0
67384,937,0,0
67394,952,2.108116,0
67404,936,-0.140526,0
67414,937,0,0
67424,936,-0.140526,0
67434,943,0.843239,0
67444,937,0,0
67454,942,0.702713,0
67464,947,1.405426,0
67474,937,0,0
67484,946,1.26487,0
67494,948,1.545952,0
67504,939,0.281082,0
67514,948,1.545952,0
67524,947,1.405426,0
67534,936,-0.140526,0
67544,939,0.281082,0
67554,947,1.405426,0
67564,941,0.562164,0
67574,939,0.281082,0
67584,946,1.26487,0
67594,941,0.562164,0
67604,940,0.421631,0
67614,945,1.124344,0
67624,940,0.421631,0
67634,942,0.702713,0
67644,942,0.702713,0
67654,938,0.140533,0
67664,949,1.686508,0
67674,944,0.983795,0
67684,947,1.405426,0
67694,948,1.545952,0
67704,943,0.843239,0
67714,951,1.967583,0
67724,944,0.983795,0
67734,947,1.405426,0
67744,954,2.389214,0
67754,938,0.140533,0
67764,944,0.983795,0
67774,948,1.545952,0
67784,943,0.843239,0
67794,950,1.827034,0
67804,947,1.405426,0
67814,956,2.670296,0
67824,950,1.827034,0
67834,947,1.405426,0
67844,948,1.545952,0
67854,946,1.26487,0
67864,944,0.983795,0
67874,944,0.983795,0
67884,949,1.686508,0
67894,945,1.124344,0
67904,952,2.108116,0
67914,950,1.827034,0
67924,952,2.108116,0
67934,953,2.248665,0
67944,949,1.686508,0
67954,947,1.405426,0
67964,944,0.983795,0
67974,951,1.967583,0
67984,936,-0.140526,0
67994,950,1.827034,0
68004,946,1.26487,0
68014,950,1.827034,0
68024,944,0.983795,0
68034,947,1.405426,0
68044,947,1.405426,0
68054,941,0.562164,0
68064,947,1.405426,0
68074,951,1.967583,0
68084,941,0.562164,0
68094,938,0.140533,0
68104,933,-0.562157,0
68114,936,-0.140526,0
68124,944,0.983795,0
68134,950,1.827034,0
68144,947,1.405426,0
68154,944,0.983795,0
68164,943,0.843239,0
68174,949,1.686508,0
68184,946,1.26487,0
68194,944,0.983795,0
68204,938,0.140533,0
68214,935,-0.281082,0
68224,937,0,0
68234,936,-0.140526,0
68244,951,1.967583,0
68254,940,0.421631,0
68264,947,1.405426,0
68274,947,1.405426,0
68284,952,2.108116,0
68294,958,2.951378,0
68304,951,1.967583,0
68314,948,1.545952,0
68324,943,0.843239,0
68334,949,1.686508,0
68344,940,0.421631,0
68354,948,1.545952,0
68364,943,0.843239,0
68374,940,0.421631,0
68384,949,1.686508,0
68394,946,1.26487,0
68404,944,0.983795,0
68414,947,1.405426,0
68424,947,1.405426,0
68434,947,1.405426,0
68444,946,1.26487,0
68454,944,0.983795,0
68464,949,1.686508,0
68474,949,1.686508,0
68484,942,0.702713,0
68494,951,1.967583,0
68504,948,1.545952,0
68514,953,2.248665,0
68524,947,1.405426,0
68534,942,0.702713,0
68544,954,2.389214,0
68554,937,0,0
68564,945,1.124344,0
68574,940,0.421631,0
68584,942,0.702713,0
68594,940,0.421631,0
68604,942,0.702713,0
68614,944,0.983795,0
68624,946,1.26487,0
68634,953,2.248665,0
68644,948,1.545952,0
68654,945,1.124344,0
68664,944,0.983795,0
68674,939,0.281082,0
68684,945,1.124344,0
68694,946,1.26487,0
68704,941,0.562164,0
68714,942,0.702713,0
68724,942,0.702713,0
68734,943,0.843239,0
68744,942,0.702713,0
68754,950,1.827034,0
68764,946,1.26487,0
68774,945,1.124344,0
68784,942,0.702713,0
68794,939,0.281082,0
68804,948,1.545952,0
68814,946,1.26487,0
68824,945,1.124344,0
68834,943,0.843239,0
68844,939,0.281082,0
68854,936,-0.140526,0
68864,941,0.562164,0
68874,943,0.843239,0
68884,943,0.843239,0
68894,932,-0.702713,0
68904,937,0,0
68914,937,0,0
68924,938,0.140533,0
68934,941,0.562164,0
68944,947,1.405426,0
68954,943,0.843239,0
68964,940,0.421631,0
68974,942,0.702713,0
68984,940,0.421631,0
68994,944,0.983795,0
69004,943,0.843239,0
69014,951,1.967583,0
69024,949,1.686508,0
69034,942,0.702713,0
69044,951,1.967583,0
69054,949,1.686508,0
69064,944,0.983795,0
69074,947,1.405426,0
69084,940,0.421631,0
69094,932,-0.702713,0
69104,938,0.140533,0
69114,946,1.26487,0
69124,939,0.281082,0
69134,933,-0.562157,0
69144,944,0.983795,0
69154,941,0.562164,0
69164,938,0.140533,0
69174,943,0.843239,0
69184,945,1.124344,0
69194,943,0.843239,0
69204,949,1.686508,0
69214,941,0.562164,0
69224,939,0.281082,0
69234,946,1.26487,0
69244,949,1.686508,0
69254,939,0.281082,0
69264,947,1.405426,0
69274,949,1.686508,0
69284,943,0.843239,0
69294,945,1.124344,0
69304,937,0,0
69314,941,0.562164,0
69324,940,0.421631,0
69334,940,0.421631,0
69344,940,0.421631,0
69354,939,0.281082,0
69364,947,1.405426,0
69374,945,1.124344,0
69384,941,0.562164,0
69394,947,1.405426,0
69404,947,1.405426,0
69414,943,0.843239,0
69424,945,1.124344,0
69434,941,0.562164,0
69444,938,0.140533,0
69454,940,0.421631,0
69464,946,1.26487,0
69474,942,0.702713,0
69484,943,0.843239,0
69494,948,1.545952,0
69504,943,0.843239,0
69514,951,1.967583,0
69524,946,1.26487,0
69534,947,1.405426,0
69544,946,1.26487,0
69554,937,0,0
69564,935,-0.281082,0
69574,942,0.702713,0
69584,939,0.281082,0
69594,937,0,0
69604,935,-0.281082,0
69614,943,0.843239,0
69624,942,0.702713,0
69634,932,-0.702713,0
69644,943,0.843239,0
69654,938,0.140533,0
69664,941,0.562164,0
69674,938,0.140533,0
69684,942,0.702713,0
69694,940,0.421631,0
69704,951,1.967583,0
69714,936,-0.140526,0
69724,934,-0.421631,0
69734,939,0.281082,0
69744,943,0.843239,0
69754,942,0.702713,0
69764,941,0.562164,0
69774,941,0.562164,0
69784,943,0.843239,0
69794,936,-0.140526,0
69804,931,-0.843239,0
69814,938,0.140533,0
69824,938,0.140533,0
69834,939,0.281082,0
69844,932,-0.702713,0
69854,938,0.140533,0
69864,945,1.124344,0
69874,941,0.562164,0
69884,949,1.686508,0
69894,946,1.26487,0
69904,937,0,0
69914,938,0.140533,0
69924,943,0.843239,0
69934,936,-0.140526,0
69944,952,2.108116,0
69954,938,0.140533,0
69964,936,-0.140526,0
69974,947,1.405426,0
69984,942,0.702713,0
69994,938,0.140533,0
70004,936,-0.140526,0
70014,935,-0.281082,0
70024,945,1.124344,0
70034,932,-0.702713,0
70044,933,-0.562157,0
70054,940,0.421631,0
70064,948,1.545952,0
70074,936,-0.140526,0
70084,947,1.405426,0
70094,937,0,0
70104,943,0.843239,0
70114,944,0.983795,0
70124,939,0.281082,0
70134,941,0.562164,0
70144,934,-0.421631,0
70154,942,0.702713,0
70164,936,-0.140526,0
70174,950,1.827034,0
70184,943,0.843239,0
70194,939,0.281082,0
70204,943,0.843239,0
70214,938,0.140533,0
70224,947,1.405426,0
70234,947,1.405426,0
70244,946,1.26487,0
70254,939,0.281082,0
70264,935,-0.281082,0
70274,940,0.421631,0
70284,940,0.421631,0
70294,940,0.421631,0
70304,940,0.421631,0
70314,950,1.827034,0
70324,945,1.124344,0
70334,944,0.983795,0
70344,939,0.281082,0
70354,944,0.983795,0
70364,940,0.421631,0
70374,941,0.562164,0
70384,939,0.281082,0
70394,936,-0.140526,0
70404,942,0.702713,0
70414,946,1.26487,0
70424,940,0.421631,0
70434,943,0.843239,0
70444,935,-0.281082,0
70454,944,0.983795,0
70464,943,0.843239,0
70474,950,1.827034,0
70484,934,-0.421631,0
70494,934,-0.421631,0
70504,944,0.983795,0
70514,935,-0.281082,0
70524,936,-0.140526,0
70534,937,0,0
70544,945,1.124344,0
70554,940,0.421631,0
70564,950,1.827034,0
70574,942,0.702713,0
70584,949,1.686508,0
70594,940,0.421631,0
70604,942,0.702713,0
70614,949,1.686508,0
70624,947,1.405426,0
70634,938,0.140533,0
70644,946,1.26487,0
70654,937,0,0
70664,946,1.26487,0
70674,945,1.124344,0
70684,941,0.562164,0
70694,948,1.545952,0
70704,950,1.827034,0
70714,946,1.26487,0
70724,941,0.562164,0
70734,941,0.562164,0
70744,938,0.140533,0
70754,946,1.26487,0
70764,944,0.983795,0
70774,939,0.281082,0
70784,936,-0.140526,0
70794,941,0.562164,0
70804,936,-0.140526,0
70814,952,2.108116,0
70824,940,0.421631,0
70834,945,1.124344,0
70844,937,0,0
70854,946,1.26487,0
70864,939,0.281082,0
70874,941,0.562164,0
70884,944,0.983795,0
70894,939,0.281082,0
70904,947,1.405426,0
70914,947,1.405426,0
70924,950,1.827034,0
70934,942,0.702713,0
70944,951,1.967583,0
70954,939,0.281082,0
70964,941,0.562164,0
70974,946,1.26487,0
70984,948,1.545952,0
70994,946,1.26487,0
71004,942,0.702713,0
71014,936,-0.140526,0
71024,934,-0.421631,0
71034,945,1.124344,0
71044,940,0.421631,0
71054,946,1.26487,0
71064,948,1.545952,0
71074,937,0,0
71084,945,1.124344,0
71094,940,0.421631,0
71104,948,1.545952,0
71114,946,1.26487,0
71124,940,0.421631,0
71134,935,-0.281082,0
71144,935,-0.281082,0
71154,941,0.562164,0
71164,941,0.562164,0
71174,940,0.421631,0
71184,949,1.686508,0
71194,949,1.686508,0
71204,943,0.843239,0
71214,939,0.281082,0
71224,943,0.843239,0
71234,949,1.686508,0
71244,941,0.562164,0
71254,944,0.983795,0
71264,940,0.421631,0
71274,936,-0.140526,0
71284,938,0.140533,0
71294,945,1.124344,0
71304,941,0.562164,0
71314,946,1.26487,0
71324,943,0.843239,0
71334,943,0.843239,0
71344,940,0.421631,0
71354,945,1.124344,0
71364,940,0.421631,0
71374,934,-0.421631,0
71384,935,-0.281082,0
71394,944,0.983795,0
71404,934,-0.421631,0
71414,936,-0.140526,0
71424,945,1.124344,0
71434,941,0.562164,0
71444,947,1.405426,0
71454,942,0.702713,0
71464,936,-0.140526,0
71474,942,0.702713,0
71484,936,-0.140526,0
71494,937,0,0
71504,937,0,0
71514,943,0.843239,0
71524,946,1.26487,0
71534,945,1.124344,0
71544,947,1.405426,0
71554,948,1.545952,0
71564,950,1.827034,0
71574,940,0.421631,0
71584,951,1.967583,0
71594,947,1.405426,0
71604,939,0.281082,0
71614,939,0.281082,0
71624,937,0,0
71634,946,1.26487,0
71644,936,-0.140526,0
71654,944,0.983795,0
71664,946,1.26487,0
71674,944,0.983795,0
71684,937,0,0
71694,948,1.545952,0
71704,941,0.562164,0
71714,938,0.140533,0
71724,942,0.702713,0
71734,937,0,0
71744,939,0.281082,0
71754,939,0.281082,0
71764,937,0,0
71774,947,1.405426,0
71784,944,0.983795,0
71794,932,-0.702713,0
71804,943,0.843239,0
71814,941,0.562164,0
71824,949,1.686508,0
71834,952,2.108116,0
71844,941,0.562164,0
71854,941,0.562164,0
71864,941,0.562164,0
71874,936,-0.140526,0
71884,936,-0.140526,0
71894,939,0.281082,0
71904,942,0.702713,0
71914,936,-0.140526,0
71924,948,1.545952,0
71934,939,0.281082,0
71944,932,-0.702713,0
71954,946,1.26487,0
71964,935,-0.281082,0
71974,940,0.421631,0
71984,938,0.140533,0
71994,941,0.562164,0
72004,947,1.405426,0
72014,944,0.983795,0
72024,942,0.702713,0
72034,940,0.421631,0
72044,951,1.967583,0
72054,932,-0.702713,0
72064,939,0.281082,0
72074,947,1.405426,0
72084,948,1.545952,0
72094,941,0.562164,0
72104,945,1.124344,0
72114,938,0.140533,0
72124,941,0.562164,0
72134,950,1.827034,0
72144,942,0.702713,0
72154,944,0.983795,0
72164,943,0.843239,0
72174,950,1.827034,0
72184,944,0.983795,0
72194,953,2.248665,0
72204,943,0.843239,0
72214,942,0.702713,0
72224,955,2.529747,0
72234,938,0.140533,0
72244,940,0.421631,0
72254,930,-0.983788,0
72264,950,1.827034,0
72274,942,0.702713,0
72284,936,-0.140526,0
72294,946,1.26487,0
72304,946,1.26487,0
72314,952,2.108116,0
72324,946,1.26487,0
72334,943,0.843239,0
72344,945,1.124344,0
72354,949,1.686508,0
72364,934,-0.421631,0
72374,945,1.124344,0
72384,941,0.562164,0
72394,946,1.26487,0
72404,943,0.843239,0
72414,948,1.545952,0
72424,949,1.686508,0
72434,936,-0.140526,0
72444,952,2.108116,0
72454,948,1.545952,0
72464,946,1.26487,0
72474,943,0.843239,0
72484,935,-0.281082,0
72494,941,0.562164,0
72504,936,-0.140526,0
72514,943,0.843239,0
72524,935,-0.281082,0
72534,942,0.702713,0
72544,934,-0.421631,0
72554,945,1.124344,0
72564,948,1.545952,0
72574,945,1.124344,0
72584,939,0.281082,0
72594,939,0.281082,0
72604,947,1.405426,0
72614,940,0.421631,0
72624,944,0.983795,0
72634,941,0.562164,0
72644,946,1.26487,0
72654,951,1.967583,0
72664,944,0.983795,0
72674,946,1.26487,0
72684,938,0.140533,0
72694,941,0.562164,0
72704,944,0.983795,0
72714,937,0,0
72724,944,0.983795,0
72734,945,1.124344,0
72744,945,1.124344,0
72754,941,0.562164,0
72764,951,1.967583,0
72774,946,1.26487,0
72784,946,1.26487,0
72794,945,1.124344,0
72804,935,-0.281082,0
72814,950,1.827034,0
72824,938,0.140533,0
72834,943,0.843239,0
72844,938,0.140533,0
72854,945,1.124344,0
72864,947,1.405426,0
72874,933,-0.562157,0
72884,938,0.140533,0
72894,945,1.124344,0
72904,944,0.983795,0
72914,937,0,0
72924,938,0.140533,0
72934,937,0,0
72944,939,0.281082,0
72954,941,0.562164,0
72964,939,0.281082,0
72974,940,0.421631,0
72984,937,0,0
72994,937,0,0
73004,942,0.702713,0
73014,939,0.281082,0
73024,943,0.843239,0
73034,955,2.529747,0
73044,945,1.124344,0
73054,942,0.702713,0
73064,946,1.26487,0
73074,941,0.562164,0
73084,936,-0.140526,0
73094,941,0.562164,0
73104,939,0.281082,0
73114,932,-0.702713,0
73124,942,0.702713,0
73134,940,0.421631,0
73144,940,0.421631,0
73154,947,1.405426,0
73164,936,-0.140526,0
73174,940,0.421631,0
73184,943,0.843239,0
73194,946,1.26487,0
73204,938,0.140533,0
73214,938,0.140533,0
73224,941,0.562164,0
73234,952,2.108116,0
73244,941,0.562164,0
73254,940,0.421631,0
73264,937,0,0
73274,936,-0.140526,0
73284,943,0.843239,0
73294,937,0,0
73304,947,1.405426,0
73314,944,0.983795,0
73324,949,1.686508,0
73334,935,-0.281082,0
73344,933,-0.562157,0
73354,941,0.562164,0
73364,933,-0.562157,0
73374,938,0.140533,0
73384,933,-0.562157,0
73394,942,0.702713,0
73404,936,-0.140526,0
73414,946,1.26487,0
73424,941,0.562164,0
73434,941,0.562164,0
73444,938,0.140533,0
73454,936,-0.140526,0
73464,938,0.140533,0
73474,949,1.686508,0
73484,945,1.124344,0
73494,956,2.670296,0
73504,942,0.702713,0
73514,950,1.827034,0
73524,945,1.124344,0
73534,949,1.686508,0
73544,944,0.983795,0
73554,943,0.843239,0
73564,942,0.702713,0
73574,946,1.26487,0
73584,947,1.405426,0
73594,940,0.421631,0
73604,945,1.124344,0
73614,946,1.26487,0
73624,946,1.26487,0
73634,949,1.686508,0
73644,945,1.124344,0
73654,932,-0.702713,0
73664,944,0.983795,0
73674,949,1.686508,0
73684,941,0.562164,0
73694,942,0.702713,0
73704,937,0,0
73714,943,0.843239,0
73724,945,1.124344,0
73734,942,0.702713,0
73744,937,0,0
73754,940,0.421631,0
73764,944,0.983795,0
73774,943,0.843239,0
73784,946,1.26487,0
73794,940,0.421631,0
73804,943,0.843239,0
73814,936,-0.140526,0
73824,944,0.983795,0
73834,946,1.26487,0
73844,939,0.281082,0
73854,954,2.389214,0
73864,930,-0.983788,0
73874,936,-0.140526,0
73884,943,0.843239,0
73894,937,0,0
73904,947,1.405426,0
73914,949,1.686508,0
73924,942,0.702713,0
73934,944,0.983795,0
73944,936,-0.140526,0
73954,938,0.140533,0
73964,949,1.686508,0
73974,946,1.26487,0
73984,939,0.281082,0
73994,945,1.124344,0
74004,945,1.124344,0
74014,939,0.281082,0
74024,936,-0.140526,0
74034,937,0,0
74044,939,0.281082,0
74054,933,-0.562157,0
74064,936,-0.140526,0
74074,933,-0.562157,0
74084,941,0.562164,0
74094,948,1.545952,0
74104,940,0.421631,0
74114,942,0.702713,0
74124,941,0.562164,0
74134,940,0.421631,0
74144,953,2.248665,0
74154,946,1.26487,0
74164,945,1.124344,0
74174,948,1.545952,0
74184,937,0,0
74194,939,0.281082,0
74204,939,0.281082,0
74214,937,0,0
74224,941,0.562164,0
74234,935,-0.281082,0
74244,947,1.405426,0
74254,940,0.421631,0
74264,946,1.26487,0
74274,945,1.124344,0
74284,936,-0.140526,0
74294,940,0.421631,0
74304,937,0,0
74314,933,-0.562157,0
74324,938,0.140533,0
74334,939,0.281082,0
74344,943,0.843239,0
74354,946,1.26487,0
74364,931,-0.843239,0
74374,940,0.421631,0
74384,938,0.140533,0
74394,947,1.405426,0
74404,941,0.562164,0
74414,937,0,0
74424,945,1.124344,0
74434,937,0,0
74444,938,0.140533,0
74454,938,0.140533,0
74464,941,0.562164,0
74474,949,1.686508,0
74484,942,0.702713,0
74494,945,1.124344,0
74504,942,0.702713,0
74514,939,0.281082,0
74524,937,0,0
74534,949,1.686508,0
74544,946,1.26487,0
74554,938,0.140533,0
74564,939,0.281082,0
74574,947,1.405426,0
74584,938,0.140533,0
74594,938,0.140533,0
74604,942,0.702713,0
74614,942,0.702713,0
74624,941,0.562164,0
74634,942,0.702713,0
74644,938,0.140533,0
74654,939,0.281082,0
74664,937,0,0
74674,946,1.26487,0
74684,942,0.702713,0
74694,945,1.124344,0
74704,937,0,0
74714,945,1.124344,0
74724,946,1.26487,0
74734,943,0.843239,0
74744,947,1.405426,0
74754,941,0.562164,0
74764,937,0,0
74774,936,-0.140526,0
74784,939,0.281082,0
74794,940,0.421631,0
74804,941,0.562164,0
74814,935,-0.281082,0
74824,949,1.686508,0
74834,941,0.562164,0
74844,936,-0.140526,0
74854,938,0.140533,0
74864,945,1.124344,0
74874,938,0.140533,0
74884,930,-0.983788,0
74894,939,0.281082,0
74904,939,0.281082,0
74914,946,1.26487,0
74924,942,0.702713,0
74934,937,0,0
74944,944,0.983795,0
74954,939,0.281082,0
74964,944,0.983795,0
74974,942,0.702713,0
74984,936,-0.140526,0
74994,937,0,0
75004,933,-0.562157,0
75014,938,0.140533,0
75024,941,0.562164,0
75034,940,0.421631,0
75044,942,0.702713,0
75054,948,1.545952,0
75064,948,1.545952,0
75074,941,0.562164,0
75084,946,1.26487,0
75094,939,0.281082,0
75104,943,0.843239,0
75114,938,0.140533,0
75124,937,0,0
75134,934,-0.421631,0
75144,946,1.26487,0
75154,935,-0.281082,0
75164,939,0.281082,0
75174,934,-0.421631,0
75184,940,0.421631,0
75194,940,0.421631,0
75204,938,0.140533,0
75214,948,1.545952,0
75224,940,0.421631,0
75234,945,1.124344,0
75244,950,1.827034,0
75254,938,0.140533,0
75264,940,0.421631,0
75274,937,0,0
75284,936,-0.140526,0
75294,942,0.702713,0
75304,938,0.140533,0
75314,943,0.843239,0
75324,945,1.124344,0
75334,948,1.545952,0
75344,946,1.26487,0
75354,947,1.405426,0
75364,951,1.967583,0
75374,943,0.843239,0
75384,935,-0.281082,0
75394,933,-0.562157,0
75404,934,-0.421631,0
75414,944,0.983795,0
75424,947,1.405426,0
75434,940,0.421631,0
75444,947,1.405426,0
75454,946,1.26487,0
75464,947,1.405426,0
75474,943,0.843239,0
75484,947,1.405426,0
75494,940,0.421631,0
75504,938,0.140533,0
75514,943,0.843239,0
75524,938,0.140533,0
75534,933,-0.562157,0
75544,940,0.421631,0
75554,936,-0.140526,0
75564,937,0,0
75574,947,1.405426,0
75584,938,0.140533,0
75594,950,1.827034,0
75604,952,2.108116,0
75614,937,0,0
75624,938,0.140533,0
75634,949,1.686508,0
75644,935,-0.281082,0
75654,945,1.124344,0
75664,941,0.562164,0
75674,943,0.843239,0
75684,939,0.281082,0
75694,946,1.26487,0
75704,945,1.124344,0
75714,951,1.967583,0
75724,926,-1.545952,0
75734,933,-0.562157,0
75744,939,0.281082,0
75754,935,-0.281082,0
75764,946,1.26487,0
75774,948,1.545952,0
75784,948,1.545952,0
75794,945,1.124344,0
75804,946,1.26487,0
75814,945,1.124344,0
75824,946,1.26487,0
75834,945,1.124344,0
75844,948,1.545952,0
75854,939,0.281082,0
75864,933,-0.562157,0
75874,945,1.124344,0
75884,938,0.140533,0
75894,943,0.843239,0
75904,941,0.562164,0
75914,934,-0.421631,0
75924,936,-0.140526,0
75934,943,0.843239,0
75944,937,0,0
75954,933,-0.562157,0
75964,938,0.140533,0
75974,935,-0.281082,0
75984,936,-0.140526,0
75994,942,0.702713,0
76004,939,0.281082,0
76014,938,0.140533,0
76024,940,0.421631,0
76034,939,0.281082,0
76044,938,0.140533,0
76054,946,1.26487,0
76064,940,0.421631,0
76074,942,0.702713,0
76084,944,0.983795,0
76094,932,-0.702713,0
76104,937,0,0
76114,952,2.108116,0
76124,940,0.421631,0
76134,934,-0.421631,0
76144,943,0.843239,0
76154,952,2.108116,0
76164,942,0.702713,0
76174,946,1.26487,0
76184,940,0.421631,0
76194,941,0.562164,0
76204,944,0.983795,0
76214,950,1.827034,0
76224,933,-0.562157,0
76234,940,0.421631,0
76244,940,0.421631,0
76254,941,0.562164,0
76264,950,1.827034,0
76274,945,1.124344,0
76284,938,0.140533,0
76294,941,0.562164,0
76304,935,-0.281082,0
76314,939,0.281082,0
76324,948,1.545952,0
76334,950,1.827034,0
76344,942,0.702713,0
76354,936,-0.140526,0
76364,938,0.140533,0
76374,946,1.26487,0
76384,938,0.140533,0
76394,939,0.281082,0
76404,932,-0.702713,0
76414,938,0.140533,0
76424,941,0.562164,0
76434,937,0,0
76444,934,-0.421631,0
76454,932,-0.702713,0
76464,943,0.843239,0
76474,937,0,0
76484,938,0.140533,0
76494,939,0.281082,0
76504,939,0.281082,0
76514,939,0.281082,0
76524,936,-0.140526,0
76534,948,1.545952,0
76544,945,1.124344,0
76554,946,1.26487,0
76564,946,1.26487,0
76574,940,0.421631,0
76584,945,1.124344,0
76594,935,-0.281082,0
76604,939,0.281082,0
76614,944,0.983795,0
76624,940,0.421631,0
76634,939,0.281082,0
76644,936,-0.140526,0
76654,939,0.281082,0
76664,944,0.983795,0
76674,949,1.686508,0
76684,946,1.26487,0
76694,942,0.702713,0
76704,946,1.26487,0
76714,943,0.843239,0
76724,938,0.140533,0
76734,952,2.108116,0
76744,933,-0.562157,0
76754,946,1.26487,0
76764,949,1.686508,0
76774,950,1.827034,0
76784,946,1.26487,0
76794,946,1.26487,0
76804,937,0,0
76814,941,0.562164,0
76824,951,1.967583,0
76834,935,-0.281082,0
76844,933,-0.562157,0
76854,942,0.702713,0
76864,929,-1.124344,0
76874,940,0.421631,0
76884,939,0.281082,0
76894,937,0,0
76904,942,0.702713,0
76914,938,0.140533,0
76924,930,-0.983788,0
76934,942,0.702713,0
76944,947,1.405426,0
76954,929,-1.124344,0
76964,935,-0.281082,0
76974,935,-0.281082,0
76984,939,0.281082,0
76994,938,0.140533,0
77004,941,0.562164,0
77014,936,-0.140526,0
77024,941,0.562164,0
77034,940,0.421631,0
77044,939,0.281082,0
77054,940,0.421631,0
77064,936,-0.140526,0
77074,937,0,0
77084,947,1.405426,0
77094,940,0.421631,0
77104,941,0.562164,0
77114,941,0.562164,0
77124,944,0.983795,0
77134,939,0.281082,0
77144,945,1.124344,0
77154,935,-0.281082,0
77164,941,0.562164,0
77174,937,0,0
77184,938,0.140533,0
77194,949,1.686508,0
77204,937,0,0
77214,941,0.562164,0
77224,937,0,0
77234,948,1.545952,0
77244,944,0.983795,0
77254,944,0.983795,0
77264,946,1.26487,0
77274,935,-0.281082,0
77284,946,1.26487,0
77294,938,0.140533,0
77304,930,-0.983788,0
77314,937,0,0
77324,942,0.702713,0
77334,945,1.124344,0
77344,944,0.983795,0
77354,943,0.843239,0
77364,937,0,0
77374,928,-1.26487,0
77384,936,-0.140526,0
77394,938,0.140533,0
77404,944,0.983795,0
77414,952,2.108116,0
77424,939,0.281082,0
77434,933,-0.562157,0
77444,935,-0.281082,0
77454,935,-0.281082,0
77464,940,0.421631,0
77474,936,-0.140526,0
77484,952,2.108116,0
77494,940,0.421631,0
77504,945,1.124344,0
77514,945,1.124344,0
77524,938,0.140533,0
77534,947,1.405426,0
77544,939,0.281082,0
77554,938,0.140533,0
77564,936,-0.140526,0
77574,940,0.421631,0
77584,940,0.421631,0
77594,943,0.843239,0
77604,940,0.421631,0
77614,942,0.702713,0
77624,949,1.686508,0
77634,939,0.281082,0
77644,944,0.983795,0
77654,938,0.140533,0
77664,950,1.827034,0
77674,940,0.421631,0
77684,935,-0.281082,0
77694,938,0.140533,0
77704,936,-0.140526,0
77714,943,0.843239,0
77724,942,0.702713,0
77734,944,0.983795,0
77744,945,1.124344,0
77754,948,1.545952,0
77764,936,-0.140526,0
77774,935,-0.281082,0
77784,937,0,0
77794,936,-0.140526,0
77804,933,-0.562157,0
77814,931,-0.843239,0
77824,942,0.702713,0
77834,951,1.967583,0
77844,944,0.983795,0
77854,948,1.545952,0
77864,936,-0.140526,0
77874,938,0.140533,0
77884,932,-0.702713,0
77894,940,0.421631,0
77904,945,1.124344,0
77914,936,-0.140526,0
77924,931,-0.843239,0
77934,942,0.702713,0
77944,944,0.983795,0
77954,945,1.124344,0
77964,944,0.983795,0
77974,939,0.281082,0
77984,942,0.702713,0
77994,944,0.983795,0
78004,940,0.421631,0
78014,944,0.983795,0
78024,944,0.983795,0
78034,943,0.843239,0
78044,942,0.702713,0
78054,938,0.140533,0
78064,937,0,0
78074,948,1.545952,0
78084,942,0.702713,0
78094,945,1.124344,0
78104,938,0.140533,0
78114,932,-0.702713,0
78124,935,-0.281082,0
78134,946,1.26487,0
78144,950,1.827034,0
78154,938,0.140533,0
78164,936,-0.140526,0
78174,940,0.421631,0
78184,943,0.843239,0
78194,942,0.702713,0
78204,943,0.843239,0
78214,949,1.686508,0
78224,937,0,0
78234,946,1.26487,0
78244,948,1.545952,0
78254,943,0.843239,0
78264,934,-0.421631,0
78274,933,-0.562157,0
78284,940,0.421631,0
78294,935,-0.281082,0
78304,942,0.702713,0
78314,937,0,0
78324,944,0.983795,0
78334,950,1.827034,0
78344,939,0.281082,0
78354,941,0.562164,0
78364,947,1.405426,0
78374,948,1.545952,0
78384,945,1.124344,0
78394,946,1.26487,0
78404,936,-0.140526,0
78414,939,0.281082,0
78424,935,-0.281082,0
78434,944,0.983795,0
78444,943,0.843239,0
78454,943,0.843239,0
78464,941,0.562164,0
78474,941,0.562164,0
78484,941,0.562164,0
78494,942,0.702713,0
78504,939,0.281082,0
78514,944,0.983795,0
78524,935,-0.281082,0
78534,941,0.562164,0
78544,942,0.702713,0
78554,940,0.421631,0
78564,940,0.421631,0
78574,942,0.702713,0
78584,938,0.140533,0
78594,942,0.702713,0
78604,953,2.248665,0
78614,944,0.983795,0
78624,939,0.281082,0
78634,948,1.545952,0
78644,939,0.281082,0
78654,938,0.140533,0
78664,940,0.421631,0
78674,943,0.843239,0
78684,936,-0.140526,0
78694,939,0.281082,0
78704,941,0.562164,0
78714,946,1.26487,0
78724,945,1.124344,0
78734,945,1.124344,0
78744,945,1.124344,0
78754,945,1.124344,0
78764,937,0,0
78774,936,-0.140526,0
78784,943,0.843239,0
78794,935,-0.281082,0
78804,945,1.124344,0
78814,945,1.124344,0
78824,943,0.843239,0
78834,945,1.124344,0
78844,933,-0.562157,0
78854,938,0.140533,0
78864,931,-0.843239,0
78874,941,0.562164,0
78884,936,-0.140526,0
78894,940,0.421631,0
78904,939,0.281082,0
78914,939,0.281082,0
78924,932,-0.702713,0
78934,937,0,0
78944,934,-0.421631,0
78954,936,-0.140526,0
78964,954,2.389214,0
78974,936,-0.140526,0
78984,938,0.140533,0
78994,940,0.421631,0
79004,946,1.26487,0
79014,932,-0.702713,0
79024,935,-0.281082,0
79034,948,1.545952,0
79044,939,0.281082,0
79054,951,1.967583,0
79064,944,0.983795,0
79074,942,0.702713,0
79084,941,0.562164,0
79094,935,-0.281082,0
79104,940,0.421631,0
79114,939,0.281082,0
79124,935,-0.281082,0
79134,938,0.140533,0
79144,932,-0.702713,0
79154,937,0,0
79164,939,0.281082,0
79174,939,0.281082,0
79184,937,0,0
79194,938,0.140533,0
79204,938,0.140533,0
79214,937,0,0
79224,942,0.702713,0
79234,952,2.108116,0
79244,938,0.140533,0
79254,938,0.140533,0
79264,937,0,0
79274,935,-0.281082,0
79284,942,0.702713,0
79294,936,-0.140526,0
79304,938,0.140533,0
79314,938,0.140533,0
79324,936,-0.140526,0
79334,939,0.281082,0
79344,936,-0.140526,0
79354,941,0.562164,0
79364,936,-0.140526,0
79374,936,-0.140526,0
79384,933,-0.562157,0
79394,940,0.421631,0
79404,931,-0.843239,0
79414,939,0.281082,0
79424,932,-0.702713,0
79434,940,0.421631,0
79444,933,-0.562157,0
79454,946,1.26487,0
79464,950,1.827034,0
79474,938,0.140533,0
79484,943,0.843239,0
79494,941,0.562164,0
79504,939,0.281082,0
79514,944,0.983795,0
79524,949,1.686508,0
79534,935,-0.281082,0
79544,941,0.562164,0
79554,937,0,0
79564,936,-0.140526,0
79574,946,1.26487,0
79584,939,0.281082,0
79594,943,0.843239,0
79604,952,2.108116,0
79614,942,0.702713,0
79624,951,1.967583,0
79634,937,0,0
79644,938,0.140533,0
79654,940,0.421631,0
79664,946,1.26487,0
79674,944,0.983795,0
79684,936,-0.140526,0
79694,942,0.702713,0
79704,937,0,0
79714,945,1.124344,0
79724,950,1.827034,0
79734,938,0.140533,0
79744,937,0,0
79754,933,-0.562157,0
79764,934,-0.421631,0
79774,936,-0.140526,0
79784,943,0.843239,0
79794,935,-0.281082,0
79804,945,1.124344,0
79814,937,0,0
79824,941,0.562164,0
79834,933,-0.562157,0
79844,936,-0.140526,0
79854,939,0.281082,0
79864,942,0.702713,0
79874,936,-0.140526,0
79884,945,1.124344,0
79894,936,-0.140526,0
79904,939,0.281082,0
79914,946,1.26487,0
79924,941,0.562164,0
79934,936,-0.140526,0
79944,943,0.843239,0
79954,939,0.281082,0
79964,935,-0.281082,0
79974,936,-0.140526,0
79984,936,-0.140526,0
79994,936,-0.140526,0
80004,936,-0.140526,0
80014,933,-0.562157,0
80024,942,0.702713,0
80034,949,1.686508,0
80044,942,0.702713,0
80054,949,1.686508,0
80064,942,0.702713,0
80074,949,1.686508,0
80084,943,0.843239,0
80094,943,0.843239,0
80104,941,0.562164,0
80114,928,-1.26487,0
80124,941,0.562164,0
80134,948,1.545952,0
80144,944,0.983795,0
80154,952,2.108116,0
80164,941,0.562164,0
80174,934,-0.421631,0
80184,946,1.26487,0
80194,937,0,0
80204,935,-0.281082,0
80214,946,1.26487,0
80224,946,1.26487,0
80234,939,0.281082,0
80244,941,0.562164,0
80254,944,0.983795,0
80264,944,0.983795,0
80274,950,1.827034,0
80284,944,0.983795,0
80294,943,0.843239,0
80304,945,1.124344,0
80314,938,0.140533,0
80324,942,0.702713,0
80334,938,0.140533,0
80344,939,0.281082,0
80354,951,1.967583,0
80364,942,0.702713,0
80374,936,-0.140526,0
80384,942,0.702713,0
80394,949,1.686508,0
80404,945,1.124344,0
80414,950,1.827034,0
80424,942,0.702713,0
80434,937,0,0
80444,939,0.281082,0
80454,938,0.140533,0
80464,937,0,0
80474,948,1.545952,0
80484,946,1.26487,0
80494,941,0.562164,0
80504,942,0.702713,0
80514,937,0,0
80524,937,0,0
80534,947,1.405426,0
80544,940,0.421631,0
80554,933,-0.562157,0
80564,936,-0.140526,0
80574,937,0,0
80584,939,0.281082,0
80594,944,0.983795,0
80604,937,0,0
80614,941,0.562164,0
80624,946,1.26487,0
80634,941,0.562164,0
80644,946,1.26487,0
80654,941,0.562164,0
80664,942,0.702713,0
80674,937,0,0
80684,939,0.281082,0
80694,937,0,0
80704,937,0,0
80714,941,0.562164,0
80724,944,0.983795,0
80734,944,0.983795,0
80744,937,0,0
80754,942,0.702713,0
80764,940,0.421631,0
80774,936,-0.140526,0
80784,942,0.702713,0
80794,933,-0.562157,0
80804,933,-0.562157,0
80814,937,0,0
80824,948,1.545952,0
80834,941,0.562164,0
80844,944,0.983795,0
80854,951,1.967583,0
80864,945,1.124344,0
80874,943,0.843239,0
80884,945,1.124344,0
80894,938,0.140533,0
80904,944,0.983795,0
80914,938,0.140533,0
80924,936,-0.140526,0
80934,939,0.281082,0
80944,939,0.281082,0
80954,936,-0.140526,0
80964,943,0.843239,0
80974,938,0.140533,0
80984,935,-0.281082,0
80994,940,0.421631,0
81004,950,1.827034,0
81014,937,0,0
81024,930,-0.983788,0
81034,937,0,0
81044,937,0,0
81054,935,-0.281082,0
81064,945,1.124344,0
81074,937,0,0
81084,949,1.686508,0
81094,952,2.108116,0
81104,946,1.26487,0
81114,945,1.124344,0
81124,936,-0.140526,0
81134,938,0.140533,0
81144,936,-0.140526,0
81154,936,-0.140526,0
81164,940,0.421631,0
81174,943,0.843239,0
81184,947,1.405426,0
81194,940,0.421631,0
81204,934,-0.421631,0
81214,941,0.562164,0
81224,935,-0.281082,0
81234,936,-0.140526,0
81244,941,0.562164,0
81254,953,2.248665,0
81264,935,-0.281082,0
81274,946,1.26487,0
81284,937,0,0
81294,938,0.140533,0
81304,944,0.983795,0
81314,943,0.843239,0
81324,944,0.983795,0
81334,946,1.26487,0
81344,947,1.405426,0
81354,945,1.124344,0
81364,943,0.843239,0
81374,944,0.983795,0
81384,932,-0.702713,0
81394,938,0.140533,0
81404,949,1.686508,0
81414,942,0.702713,0
81424,949,1.686508,0
81434,949,1.686508,0
81444,946,1.26487,0
81454,933,-0.562157,0
81464,942,0.702713,0
81474,942,0.702713,0
81484,940,0.421631,0
81494,942,0.702713,0
81504,940,0.421631,0
81514,942,0.702713,0
81524,936,-0.140526,0
81534,943,0.843239,0
81544,949,1.686508,0
81554,948,1.545952,0
81564,936,-0.140526,0
81574,938,0.140533,0
81584,946,1.26487,0
81594,944,0.983795,0
81604,933,-0.562157,0
81614,936,-0.140526,0
81624,939,0.281082,0
81634,946,1.26487,0
81644,941,0.562164,0
81654,947,1.405426,0
81664,945,1.124344,0
81674,942,0.702713,0
81684,939,0.281082,0
81694,940,0.421631,0
81704,937,0,0
81714,939,0.281082,0
81724,930,-0.983788,0
81734,938,0.140533,0
81744,932,-0.702713,0
81754,948,1.545952,0
81764,945,1.124344,0
81774,943,0.843239,0
81784,945,1.124344,0
81794,939,0.281082,0
81804,943,0.843239,0
81814,945,1.124344,0
81824,945,1.124344,0
81834,929,-1.124344,0
81844,933,-0.562157,0
81854,934,-0.421631,0
81864,936,-0.140526,0
81874,947,1.405426,0
81884,949,1.686508,0
81894,945,1.124344,0
81904,941,0.562164,0
81914,941,0.562164,0
81924,943,0.843239,0
81934,949,1.686508,0
81944,937,0,0
81954,936,-0.140526,0
81964,939,0.281082,0
81974,935,-0.281082,0
81984,935,-0.281082,0
81994,935,-0.281082,0
82004,946,1.26487,0
82014,935,-0.281082,0
82024,931,-0.843239,0
82034,935,-0.281082,0
82044,937,0,0
82054,939,0.281082,0
82064,942,0.702713,0
82074,936,-0.140526,0
82084,937,0,0
82094,934,-0.421631,0
82104,944,0.983795,0
82114,943,0.843239,0
82124,946,1.26487,0
82134,943,0.843239,0
82144,949,1.686508,0
82154,942,0.702713,0
82164,943,0.843239,0
82174,936,-0.140526,0
82184,941,0.562164,0
82194,936,-0.140526,0
82204,940,0.421631,0
82214,937,0,0
82224,944,0.983795,0
82234,941,0.562164,0
82244,947,1.405426,0
82254,935,-0.281082,0
82264,946,1.26487,0
82274,948,1.545952,0
82284,935,-0.281082,0
82294,938,0.140533,0
82304,939,0.281082,0
82314,941,0.562164,0
82324,935,-0.281082,0
82334,944,0.983795,0
82344,945,1.124344,0
82354,932,-0.702713,0
82364,949,1.686508,0
82374,948,1.545952,0
82384,950,1.827034,0
82394,949,1.686508,0
82404,940,0.421631,0
82414,936,-0.140526,0
82424,937,0,0
82434,940,0.421631,0
82444,950,1.827034,0
82454,941,0.562164,0
82464,938,0.140533,0
82474,946,1.26487,0
82484,949,1.686508,0
82494,947,1.405426,0
82504,941,0.562164,0
82514,943,0.843239,0
82524,943,0.843239,0
82534,939,0.281082,0
82544,934,-0.421631,0
82554,936,-0.140526,0
82564,938,0.140533,0
82574,939,0.281082,0
82584,938,0.140533,0
82594,940,0.421631,0
82604,946,1.26487,0
82614,941,0.562164,0
82624,942,0.702713,0
82634,945,1.124344,0
82644,943,0.843239,0
82654,943,0.843239,0
82664,935,-0.281082,0
82674,936,-0.140526,0
82684,943,0.843239,0
82694,939,0.281082,0
82704,936,-0.140526,0
82714,945,1.124344,0
82724,946,1.26487,0
82734,947,1.405426,0
82744,938,0.140533,0
82754,950,1.827034,0
82764,944,0.983795,0
82774,940,0.421631,0
82784,930,-0.983788,0
82794,931,-0.843239,0
82804,940,0.421631,0
82814,935,-0.281082,0
82824,947,1.405426,0
82834,947,1.405426,0
82844,938,0.140533,0
82854,943,0.843239,0
82864,941,0.562164,0
82874,946,1.26487,0
82884,942,0.702713,0
82894,946,1.26487,0
82904,938,0.140533,0
82914,942,0.702713,0
82924,940,0.421631,0
82934,933,-0.562157,0
82944,938,0.140533,0
82954,943,0.843239,0
82964,946,1.26487,0
82974,932,-0.702713,0
82984,939,0.281082,0
82994,937,0,0
83004,950,1.827034,0
83014,940,0.421631,0
83024,940,0.421631,0
83034,944,0.983795,0
83044,937,0,0
83054,949,1.686508,0
83064,939,0.281082,0
83074,947,1.405426,0
83084,950,1.827034,0
83094,939,0.281082,0
83104,944,0.983795,0
83114,945,1.124344,0
83124,946,1.26487,0
83134,934,-0.421631,0
83144,940,0.421631,0
83154,942,0.702713,0
83164,940,0.421631,0
83174,945,1.124344,0
83184,946,1.26487,0
83194,938,0.140533,0
83204,942,0.702713,0
83214,954,2.389214,0
83224,941,0.562164,0
83234,942,0.702713,0
83244,938,0.140533,0
83254,934,-0.421631,0
83264,940,0.421631,0
83274,937,0,0
83284,940,0.421631,0
83294,937,0,0
83304,935,-0.281082,0
83314,938,0.140533,0
83324,944,0.983795,0
83334,941,0.562164,0
83344,931,-0.843239,0
83354,941,0.562164,0
83364,934,-0.421631,0
83374,941,0.562164,0
83384,934,-0.421631,0
83394,936,-0.140526,0
83404,942,0.702713,0
83414,945,1.124344,0
83424,949,1.686508,0
83434,945,1.124344,0
83444,945,1.124344,0
83454,945,1.124344,0
83464,952,2.108116,0
83474,934,-0.421631,0
83484,940,0.421631,0
83494,947,1.405426,0
83504,944,0.983795,0
83514,936,-0.140526,0
83524,940,0.421631,0
83534,939,0.281082,0
83544,937,0,0
83554,946,1.26487,0
83564,942,0.702713,0
83574,950,1.827034,0
83584,950,1.827034,0
83594,951,1.967583,0
83604,940,0.421631,0
83614,936,-0.140526,0
83624,946,1.26487,0
83634,937,0,0
83644,946,1.26487,0
83654,938,0.140533,0
83664,950,1.827034,0
83674,942,0.702713,0
83684,948,1.545952,0
83694,944,0.983795,0
83704,937,0,0
83714,940,0.421631,0
83724,937,0,0
83734,940,0.421631,0
83744,933,-0.562157,0
83754,929,-1.124344,0
83764,943,0.843239,0
83774,950,1.827034,0
83784,947,1.405426,0
83794,940,0.421631,0
83804,947,1.405426,0
83814,937,0,0
83824,937,0,0
83834,940,0.421631,0
83844,935,-0.281082,0
83854,941,0.562164,0
83864,942,0.702713,0
83874,954,2.389214,0
83884,942,0.702713,0
83894,951,1.967583,0
83904,936,-0.140526,0
83914,933,-0.562157,0
83924,932,-0.702713,0
83934,933,-0.562157,0
83944,936,-0.140526,0
83954,939,0.281082,0
83964,944,0.983795,0
83974,935,-0.281082,0
83984,946,1.26487,0
83994,943,0.843239,0
84004,946,1.26487,0
84014,940,0.421631,0
84024,936,-0.140526,0
84034,949,1.686508,0
84044,940,0.421631,0
84054,943,0.843239,0
84064,941,0.562164,0
84074,942,0.702713,0
84084,939,0.281082,0
84094,939,0.281082,0
84104,943,0.843239,0
84114,948,1.545952,0
84124,953,2.248665,0
84134,941,0.562164,0
84144,943,0.843239,0
84154,934,-0.421631,0
84164,937,0,0
84174,946,1.26487,0
84184,942,0.702713,0
84194,947,1.405426,0
84204,939,0.281082,0
84214,939,0.281082,0
84224,942,0.702713,0
84234,944,0.983795,0
84244,942,0.702713,0
84254,947,1.405426,0
84264,938,0.140533,0
84274,945,1.124344,0
84284,945,1.124344,0
84294,934,-0.421631,0
84304,936,-0.140526,0
84314,941,0.562164,0
84324,930,-0.983788,0
84334,939,0.281082,0
84344,934,-0.421631,0
84354,939,0.281082,0
84364,935,-0.281082,0
84374,943,0.843239,0
84384,948,1.545952,0
84394,943,0.843239,0
84404,941,0.562164,0
84414,943,0.843239,0
84424,945,1.124344,0
84434,945,1.124344,0
84444,933,-0.562157,0
84454,937,0,0
84464,938,0.140533,0
84474,943,0.843239,0
84484,936,-0.140526,0
84494,937,0,0
84504,941,0.562164,0
84514,938,0.140533,0
84524,945,1.124344,0
84534,940,0.421631,0
84544,938,0.140533,0
84554,947,1.405426,0
84564,941,0.562164,0
84574,931,-0.843239,0
84584,944,0.983795,0
84594,937,0,0
84604,935,-0.281082,0
84614,939,0.281082,0
84624,956,2.670296,0
84634,947,1.405426,0
84644,947,1.405426,0
84654,937,0,0
84664,948,1.545952,0
84674,941,0.562164,0
84684,932,-0.702713,0
84694,945,1.124344,0
84704,938,0.140533,0
84714,946,1.26487,0
84724,946,1.26487,0
84734,944,0.983795,0
84744,942,0.702713,0
84754,945,1.124344,0
84764,938,0.140533,0
84774,950,1.827034,0
84784,941,0.562164,0
84794,938,0.140533,0
84804,946,1.26487,0
84814,935,-0.281082,0
84824,942,0.702713,0
84834,946,1.26487,0
84844,953,2.248665,0
84854,946,1.26487,0
84864,937,0,0
84874,945,1.124344,0
84884,948,1.545952,0
84894,944,0.983795,0
84904,946,1.26487,0
84914,944,0.983795,0
84924,943,0.843239,0
84934,935,-0.281082,0
84944,936,-0.140526,0
84954,937,0,0
84964,933,-0.562157,0
84974,940,0.421631,0
84984,937,0,0
84994,942,0.702713,0
85004,950,1.827034,0
85014,941,0.562164,0
85024,949,1.686508,0
85034,940,0.421631,0
85044,936,-0.140526,0
85054,942,0.702713,0
85064,938,0.140533,0
85074,950,1.827034,0
85084,941,0.562164,0
85094,939,0.281082,0
85104,942,0.702713,0
85114,947,1.405426,0
85124,951,1.967583,0
85134,936,-0.140526,0
85144,935,-0.281082,0
85154,935,-0.281082,0
85164,933,-0.562157,0
85174,939,0.281082,0
85184,932,-0.702713,0
85194,937,0,0
85204,950,1.827034,0
85214,942,0.702713,0
85224,932,-0.702713,0
85234,939,0.281082,0
85244,938,0.140533,0
85254,936,-0.140526,0
85264,936,-0.140526,0
85274,942,0.702713,0
85284,943,0.843239,0
85294,943,0.843239,0
85304,948,1.545952,0
85314,940,0.421631,0
85324,949,1.686508,0
85334,946,1.26487,0
85344,941,0.562164,0
85354,936,-0.140526,0
85364,942,0.702713,0
85374,931,-0.843239,0
85384,938,0.140533,0
85394,945,1.124344,0
85404,934,-0.421631,0
85414,941,0.562164,0
85424,941,0.562164,0
85434,938,0.140533,0
85444,936,-0.140526,0
85454,937,0,0
85464,935,-0.281082,0
85474,948,1.545952,0
85484,949,1.686508,0
85494,940,0.421631,0
85504,952,2.108116,0
85514,938,0.140533,0
85524,940,0.421631,0
85534,940,0.421631,0
85544,940,0.421631,0
85554,940,0.421631,0
85564,934,-0.421631,0
85574,944,0.983795,0
85584,940,0.421631,0
85594,944,0.983795,0
85604,940,0.421631,0
85614,936,-0.140526,0
85624,947,1.405426,0
85634,941,0.562164,0
85644,945,1.124344,0
85654,930,-0.983788,0
85664,947,1.405426,0
85674,943,0.843239,0
85684,952,2.108116,0
85694,936,-0.140526,0
85704,938,0.140533,0
85714,935,-0.281082,0
85724,938,0.140533,0
85734,934,-0.421631,0
85744,938,0.140533,0
85754,939,0.281082,0
85764,937,0,0
85774,934,-0.421631,0
85784,934,-0.421631,0
85794,941,0.562164,0
85804,938,0.140533,0
85814,936,-0.140526,0
85824,943,0.843239,0
85834,931,-0.843239,0
85844,937,0,0
85854,945,1.124344,0
85864,954,2.389214,0
85874,941,0.562164,0
85884,938,0.140533,0
85894,936,-0.140526,0
85904,937,0,0
85914,942,0.702713,0
85924,940,0.421631,0
85934,934,-0.421631,0
85944,941,0.562164,0
85954,950,1.827034,0
85964,940,0.421631,0
85974,936,-0.140526,0
85984,941,0.562164,0
85994,933,-0.562157,0
86004,951,1.967583,0
86014,943,0.843239,0
86024,936,-0.140526,0
86034,943,0.843239,0
86044,938,0.140533,0
86054,937,0,0
86064,934,-0.421631,0
86074,936,-0.140526,0
86084,944,0.983795,0
86094,942,0.702713,0
86104,946,1.26487,0
86114,935,-0.281082,0
86124,946,1.26487,0
86134,938,0.140533,0
86144,945,1.124344,0
86154,932,-0.702713,0
86164,937,0,0
86174,945,1.124344,0
86184,946,1.26487,0
86194,936,-0.140526,0
86204,944,0.983795,0
86214,946,1.26487,0
86224,945,1.124344,0
86234,938,0.140533,0
86244,945,1.124344,0
86254,940,0.421631,0
86264,935,-0.281082,0
86274,955,2.529747,0
86284,933,-0.562157,0
86294,940,0.421631,0
86304,944,0.983795,0
86314,934,-0.421631,0
86324,947,1.405426,0
86334,941,0.562164,0
86344,940,0.421631,0
86354,936,-0.140526,0
86364,941,0.562164,0
86374,940,0.421631,0
86384,939,0.281082,0
86394,943,0.843239,0
86404,939,0.281082,0
86414,942,0.702713,0
86424,947,1.405426,0
86434,946,1.26487,0
86444,952,2.108116,0
86454,941,0.562164,0
86464,941,0.562164,0
86474,945,1.124344,0
86484,938,0.140533,0
86494,938,0.140533,0
86504,937,0,0
86514,941,0.562164,0
86524,946,1.26487,0
86534,947,1.405426,0
86544,942,0.702713,0
86554,940,0.421631,0
86564,934,-0.421631,0
86574,946,1.26487,0
86584,942,0.702713,0
86594,951,1.967583,0
86604,938,0.140533,0
86614,938,0.140533,0
86624,934,-0.421631,0
86634,949,1.686508,0
86644,935,-0.281082,0
86654,940,0.421631,0
86664,945,1.124344,0
86674,941,0.562164,0
86684,946,1.26487,0
86694,938,0.140533,0
86704,938,0.140533,0
86714,936,-0.140526,0
86724,947,1.405426,0
86734,940,0.421631,0
86744,935,-0.281082,0
86754,947,1.405426,0
86764,932,-0.702713,0
86774,949,1.686508,0
86784,939,0.281082,0
86794,947,1.405426,0
86804,942,0.702713,0
86814,941,0.562164,0
86824,942,0.702713,0
86834,933,-0.562157,0
86844,938,0.140533,0
86854,939,0.281082,0
86864,937,0,0
86874,936,-0.140526,0
86884,940,0.421631,0
86894,943,0.843239,0
86904,941,0.562164,0
86914,946,1.26487,0
86924,941,0.562164,0
86934,950,1.827034,0
86944,936,-0.140526,0
86954,939,0.281082,0
86964,938,0.140533,0
86974,941,0.562164,0
86984,941,0.562164,0
86994,932,-0.702713,0
87004,947,1.405426,0
87014,932,-0.702713,0
87024,940,0.421631,0
87034,934,-0.421631,0
87044,943,0.843239,0
87054,942,0.702713,0
87064,941,0.562164,0
87074,940,0.421631,0
87084,937,0,0
87094,936,-0.140526,0
87104,937,0,0
87114,949,1.686508,0
87124,935,-0.281082,0
87134,946,1.26487,0
87144,938,0.140533,0
87154,931,-0.843239,0
87164,940,0.421631,0
87174,938,0.140533,0
87184,938,0.140533,0
87194,941,0.562164,0
87204,936,-0.140526,0
87214,939,0.281082,0
87224,947,1.405426,0
87234,951,1.967583,0
87244,934,-0.421631,0
87254,942,0.702713,0
87264,934,-0.421631,0
87274,941,0.562164,0
87284,931,-0.843239,0
87294,948,1.545952,0
87304,935,-0.281082,0
87314,936,-0.140526,0
87324,939,0.281082,0
87334,944,0.983795,0
87344,942,0.702713,0
87354,942,0.702713,0
87364,942,0.702713,0
87374,938,0.140533,0
87384,940,0.421631,0
87394,946,1.26487,0
87404,935,-0.281082,0
87414,936,-0.140526,0
87424,934,-0.421631,0
87434,941,0.562164,0
87444,937,0,0
87454,940,0.421631,0
87464,946,1.26487,0
87474,931,-0.843239,0
87484,939,0.281082,0
87494,933,-0.562157,0
87504,938,0.140533,0
87514,940,0.421631,0
87524,939,0.281082,0
87534,938,0.140533,0
87544,947,1.405426,0
87554,943,0.843239,0
87564,934,-0.421631,0
87574,940,0.421631,0
87584,931,-0.843239,0
87594,941,0.562164,0
87604,941,0.562164,0
87614,943,0.843239,0
87624,949,1.686508,0
87634,942,0.702713,0
87644,942,0.702713,0
87654,942,0.702713,0
87664,939,0.281082,0
87674,944,0.983795,0
87684,951,1.967583,0
87694,943,0.843239,0
87704,930,-0.983788,0
87714,938,0.140533,0
87724,935,-0.281082,0
87734,941,0.562164,0
87744,942,0.702713,0
87754,945,1.124344,0
87764,938,0.140533,0
87774,943,0.843239,0
87784,939,0.281082,0
87794,943,0.843239,0
87804,951,1.967583,0
87814,933,-0.562157,0
87824,943,0.843239,0
87834,938,0.140533,0
87844,937,0,0
87854,932,-0.702713,0
87864,948,1.545952,0
87874,948,1.545952,0
87884,943,0.843239,0
87894,949,1.686508,0
87904,938,0.140533,0
87914,940,0.421631,0
87924,939,0.281082,0
87934,938,0.140533,0
87944,934,-0.421631,0
87954,947,1.405426,0
87964,931,-0.843239,0
87974,932,-0.702713,0
87984,937,0,0
87994,935,-0.281082,0
88004,951,1.967583,0
88014,939,0.281082,0
88024,941,0.562164,0
88034,937,0,0
88044,943,0.843239,0
88054,936,-0.140526,0
88064,936,-0.140526,0
88074,932,-0.702713,0
88084,934,-0.421631,0
88094,943,0.843239,0
88104,942,0.702713,0
88114,941,0.562164,0
88124,947,1.405426,0
88134,943,0.843239,0
88144,944,0.983795,0
88154,933,-0.562157,0
88164,939,0.281082,0
88174,937,0,0
88184,946,1.26487,0
88194,942,0.702713,0
88204,943,0.843239,0
88214,941,0.562164,0
88224,939,0.281082,0
88234,943,0.843239,0
88244,942,0.702713,0
88254,947,1.405426,0
88264,940,0.421631,0
88274,947,1.405426,0
88284,938,0.140533,0
88294,942,0.702713,0
88304,927,-1.405396,0
88314,946,1.26487,0
88324,942,0.702713,0
88334,947,1.405426,0
88344,949,1.686508,0
88354,942,0.702713,0
88364,945,1.124344,0
88374,946,1.26487,0
88384,950,1.827034,0
88394,938,0.140533,0
88404,942,0.702713,0
88414,936,-0.140526,0
88424,939,0.281082,0
88434,933,-0.562157,0
88444,946,1.26487,0
88454,936,-0.140526,0
88464,947,1.405426,0
88474,941,0.562164,0
88484,952,2.108116,0
88494,930,-0.983788,0
88504,938,0.140533,0
88514,929,-1.124344,0
88524,943,0.843239,0
88534,939,0.281082,0
88544,936,-0.140526,0
88554,937,0,0
88564,937,0,0
88574,939,0.281082,0
88584,945,1.124344,0
88594,943,0.843239,0
88604,946,1.26487,0
88614,940,0.421631,0
88624,936,-0.140526,0
88634,935,-0.281082,0
88644,946,1.26487,0
88654,935,-0.281082,0
88664,935,-0.281082,0
88674,932,-0.702713,0
88684,929,-1.124344,0
88694,940,0.421631,0
88704,938,0.140533,0
88714,942,0.702713,0
88724,945,1.124344,0
88734,941,0.562164,0
88744,948,1.545952,0
88754,931,-0.843239,0
88764,940,0.421631,0
88774,935,-0.281082,0
88784,939,0.281082,0
88794,931,-0.843239,0
88804,947,1.405426,0
88814,941,0.562164,0
88824,938,0.140533,0
88834,941,0.562164,0
88844,941,0.562164,0
88854,943,0.843239,0
88864,942,0.702713,0
88874,952,2.108116,0
88884,946,1.26487,0
88894,947,1.405426,0
88904,943,0.843239,0
88914,937,0,0
88924,932,-0.702713,0
88934,940,0.421631,0
88944,945,1.124344,0
88954,939,0.281082,0
88964,942,0.702713,0
88974,938,0.140533,0
88984,942,0.702713,0
88994,949,1.686508,0
89004,940,0.421631,0
89014,937,0,0
89024,944,0.983795,0
89034,941,0.562164,0
89044,942,0.702713,0
89054,938,0.140533,0
89064,943,0.843239,0
89074,937,0,0
89084,941,0.562164,0
89094,944,0.983795,0
89104,948,1.545952,0
89114,946,1.26487,0
89124,943,0.843239,0
89134,940,0.421631,0
89144,938,0.140533,0
89154,941,0.562164,0
89164,935,-0.281082,0
89174,936,-0.140526,0
89184,936,-0.140526,0
89194,939,0.281082,0
89204,939,0.281082,0
89214,942,0.702713,0
89224,943,0.843239,0
89234,944,0.983795,0
89244,943,0.843239,0
89254,945,1.124344,0
89264,949,1.686508,0
89274,941,0.562164,0
89284,938,0.140533,0
89294,937,0,0
89304,937,0,0
89314,936,-0.140526,0
89324,938,0.140533,0
89334,933,-0.562157,0
89344,939,0.281082,0
89354,937,0,0
89364,941,0.562164,0
89374,945,1.124344,0
89384,937,0,0
89394,933,-0.562157,0
89404,938,0.140533,0
89414,939,0.281082,0
89424,943,0.843239,0
89434,935,-0.281082,0
89444,945,1.124344,0
89454,947,1.405426,0
89464,946,1.26487,0
89474,945,1.124344,0
89484,938,0.140533,0
89494,945,1.124344,0
89504,943,0.843239,0
89514,937,0,0
89524,938,0.140533,0
89534,943,0.843239,0
89544,937,0,0
89554,943,0.843239,0
89564,944,0.983795,0
89574,946,1.26487,0
89584,948,1.545952,0
89594,950,1.827034,0
89604,942,0.702713,0
89614,954,2.389214,0
89624,947,1.405426,0
89634,941,0.562164,0
89644,944,0.983795,0
89654,932,-0.702713,0
89664,934,-0.421631,0
89674,928,-1.26487,0
89684,940,0.421631,0
89694,945,1.124344,0
89704,935,-0.281082,0
89714,946,1.26487,0
89724,941,0.562164,0
89734,943,0.843239,0
89744,940,0.421631,0
89754,940,0.421631,0
89764,941,0.562164,0
89774,946,1.26487,0
89784,941,0.562164,0
89794,945,1.124344,0
89804,953,2.248665,0
89814,944,0.983795,0
89824,946,1.26487,0
89834,942,0.702713,0
89844,950,1.827034,0
89854,941,0.562164,0
89864,944,0.983795,0
89874,939,0.281082,0
89884,934,-0.421631,0
89894,941,0.562164,0
89904,938,0.140533,0
89914,940,0.421631,0
89924,941,0.562164,0
89934,930,-0.983788,0
89944,942,0.702713,0
89954,944,0.983795,0
89964,932,-0.702713,0
89974,934,-0.421631,0
89984,934,-0.421631,0
89994,937,0,0
90004,939,0.281082,0
90014,952,2.108116,0
90024,931,-0.843239,0
90034,940,0.421631,0
90044,948,1.545952,0
90054,940,0.421631,0
90064,935,-0.281082,0
90074,946,1.26487,0
90084,943,0.843239,0
90094,940,0.421631,0
90104,938,0.140533,0
90114,953,2.248665,0
90124,931,-0.843239,0
90134,937,0,0
90144,954,2.389214,0
90154,946,1.26487,0
90164,945,1.124344,0
90174,945,1.124344,0
90184,949,1.686508,0
90194,938,0.140533,0
90204,938,0.140533,0
90214,932,-0.702713,0
90224,934,-0.421631,0
90234,940,0.421631,0
90244,936,-0.140526,0
90254,943,0.843239,0
90264,940,0.421631,0
90274,943,0.843239,0
90284,937,0,0
90294,941,0.562164,0
90304,943,0.843239,0
90314,937,0,0
90324,952,2.108116,0
90334,930,-0.983788,0
90344,940,0.421631,0
90354,936,-0.140526,0
90364,934,-0.421631,0
90374,945,1.124344,0
90384,941,0.562164,0
90394,942,0.702713,0
90404,942,0.702713,0
90414,945,1.124344,0
90424,944,0.983795,0
90434,948,1.545952,0
90444,939,0.281082,0
90454,953,2.248665,0
90464,951,1.967583,0
90474,938,0.140533,0
90484,936,-0.140526,0
90494,934,-0.421631,0
90504,945,1.124344,0
90514,939,0.281082,0
90524,931,-0.843239,0
90534,936,-0.140526,0
90544,936,-0.140526,0
90554,943,0.843239,0
90564,945,1.124344,0
90574,937,0,0
90584,935,-0.281082,0
90594,934,-0.421631,0
90604,939,0.281082,0
90614,939,0.281082,0
90624,934,-0.421631,0
90634,937,0,0
90644,954,2.389214,0
90654,940,0.421631,0
90664,944,0.983795,0
90674,945,1.124344,0
90684,940,0.421631,0
90694,936,-0.140526,0
90704,937,0,0
90714,938,0.140533,0
90724,935,-0.281082,0
90734,939,0.281082,0
90744,944,0.983795,0
90754,938,0.140533,0
90764,938,0.140533,0
90774,945,1.124344,0
90784,943,0.843239,0
90794,940,0.421631,0
90804,940,0.421631,0
90814,937,0,0
90824,935,-0.281082,0
90834,943,0.843239,0
90844,937,0,0
90854,932,-0.702713,0
90864,927,-1.405396,0
90874,943,0.843239,0
90884,936,-0.140526,0
90894,945,1.124344,0
90904,939,0.281082,0
90914,948,1.545952,0
90924,943,0.843239,0
90934,937,0,0
90944,948,1.545952,0
90954,949,1.686508,0
90964,933,-0.562157,0
90974,933,-0.562157,0
90984,935,-0.281082,0
90994,937,0,0
91004,944,0.983795,0
91014,934,-0.421631,0
91024,944,0.983795,0
91034,937,0,0
91044,940,0.421631,0
91054,951,1.967583,0
91064,942,0.702713,0
91074,942,0.702713,0
91084,932,-0.702713,0
91094,935,-0.281082,0
91104,939,0.281082,0
91114,952,2.108116,0
91124,943,0.843239,0
91134,939,0.281082,0
91144,933,-0.562157,0
91154,933,-0.562157,0
91164,939,0.281082,0
91174,941,0.562164,0
91184,941,0.562164,0
91194,938,0.140533,0
91204,935,-0.281082,0
91214,940,0.421631,0
91224,943,0.843239,0
91234,943,0.843239,0
91244,942,0.702713,0
91254,946,1.26487,0
91264,941,0.562164,0
91274,951,1.967583,0
91284,942,0.702713,0
91294,942,0.702713,0
91304,953,2.248665,0
91314,934,-0.421631,0
91324,937,0,0
91334,941,0.562164,0
91344,944,0.983795,0
91354,948,1.545952,0
91364,943,0.843239,0
91374,946,1.26487,0
91384,936,-0.140526,0
91394,946,1.26487,0
91404,944,0.983795,0
91414,948,1.545952,0
91424,945,1.124344,0
91434,936,-0.140526,0
91444,939,0.281082,0
91454,937,0,0
91464,937,0,0
91474,948,1.545952,0
91484,941,0.562164,0
91494,942,0.702713,0
91504,949,1.686508,0
91514,936,-0.140526,0
91524,943,0.843239,0
91534,933,-0.562157,0
91544,938,0.140533,0
91554,937,0,0
91564,943,0.843239,0
91574,943,0.843239,0
91584,937,0,0
91594,948,1.545952,0
91604,950,1.827034,0
91614,945,1.124344,0
91624,948,1.545952,0
91634,942,0.702713,0
91644,953,2.248665,0
91654,940,0.421631,0
91664,941,0.562164,0
91674,933,-0.562157,0
91684,942,0.702713,0
91694,939,0.281082,0
91704,945,1.124344,0
91714,944,0.983795,0
91724,939,0.281082,0
91734,945,1.124344,0
91744,940,0.421631,0
91754,939,0.281082,0
91764,941,0.562164,0
91774,938,0.140533,0
91784,937,0,0
91794,938,0.140533,0
91804,938,0.140533,0
91814,936,-0.140526,0
91824,934,-0.421631,0
91834,936,-0.140526,0
91844,946,1.26487,0
91854,937,0,0
91864,952,2.108116,0
91874,933,-0.562157,0
91884,949,1.686508,0
91894,938,0.140533,0
91904,934,-0.421631,0
91914,945,1.124344,0
91924,940,0.421631,0
91934,935,-0.281082,0
91944,941,0.562164,0
91954,938,0.140533,0
91964,933,-0.562157,0
91974,938,0.140533,0
91984,938,0.140533,0
91994,933,-0.562157,0
92004,939,0.281082,0
92014,933,-0.562157,0
92024,935,-0.281082,0
92034,942,0.702713,0
92044,937,0,0
92054,940,0.421631,0
92064,943,0.843239,0
92074,941,0.562164,0
92084,932,-0.702713,0
92094,936,-0.140526,0
92104,938,0.140533,0
92114,940,0.421631,0
92124,938,0.140533,0
92134,936,-0.140526,0
92144,932,-0.702713,0
92154,935,-0.281082,0
92164,938,0.140533,0
92174,932,-0.702713,0
92184,946,1.26487,0
92194,944,0.983795,0
92204,940,0.421631,0
92214,936,-0.140526,0
92224,937,0,0
92234,939,0.281082,0
92244,940,0.421631,0
92254,941,0.562164,0
92264,940,0.421631,0
92274,946,1.26487,0
92284,930,-0.983788,0
92294,940,0.421631,0
92304,938,0.140533,0
92314,941,0.562164,0
92324,935,-0.281082,0
92334,947,1.405426,0
92344,947,1.405426,0
92354,943,0.843239,0
92364,945,1.124344,0
92374,942,0.702713,0
92384,940,0.421631,0
92394,948,1.545952,0
92404,932,-0.702713,0
92414,946,1.26487,0
92424,941,0.562164,0
92434,943,0.843239,0
92444,934,-0.421631,0
92454,940,0.421631,0
92464,938,0.140533,0
92474,941,0.562164,0
92484,931,-0.843239,0
92494,932,-0.702713,0
92504,946,1.26487,0
92514,946,1.26487,0
92524,942,0.702713,0
92534,939,0.281082,0
92544,935,-0.281082,0
92554,941,0.562164,0
92564,932,-0.702713,0
92574,950,1.827034,0
92584,949,1.686508,0
92594,946,1.26487,0
92604,941,0.562164,0
92614,945,1.124344,0
92624,942,0.702713,0
92634,943,0.843239,0
92644,951,1.967583,0
92654,940,0.421631,0
92664,945,1.124344,0
92674,939,0.281082,0
92684,942,0.702713,0
92694,942,0.702713,0
92704,941,0.562164,0
92714,941,0.562164,0
92724,938,0.140533,0
92734,940,0.421631,0
92744,936,-0.140526,0
92754,943,0.843239,0
92764,940,0.421631,0
92774,947,1.405426,0
92784,944,0.983795,0
92794,934,-0.421631,0
92804,950,1.827034,0
92814,944,0.983795,0
92824,951,1.967583,0
92834,938,0.140533,0
92844,936,-0.140526,0
92854,934,-0.421631,0
92864,949,1.686508,0
92874,940,0.421631,0
92884,928,-1.26487,0
92894,936,-0.140526,0
92904,950,1.827034,0
92914,943,0.843239,0
92924,944,0.983795,0
92934,937,0,0
92944,947,1.405426,0
92954,942,0.702713,0
92964,937,0,0
92974,938,0.140533,0
92984,937,0,0
92994,943,0.843239,0
93004,944,0.983795,0
93014,944,0.983795,0
93024,941,0.562164,0
93034,943,0.843239,0
93044,941,0.562164,0
93054,951,1.967583,0
93064,946,1.26487,0
93074,942,0.702713,0
93084,946,1.26487,0
93094,941,0.562164,0
93104,936,-0.140526,0
93114,947,1.405426,0
93124,942,0.702713,0
93134,943,0.843239,0
93144,946,1.26487,0
93154,938,0.140533,0
93164,942,0.702713,0
93174,939,0.281082,0
93184,940,0.421631,0
93194,944,0.983795,0
93204,935,-0.281082,0
93214,933,-0.562157,0
93224,935,-0.281082,0
93234,940,0.421631,0
93244,934,-0.421631,0
93254,941,0.562164,0
93264,934,-0.421631,0
93274,940,0.421631,0
93284,940,0.421631,0
93294,946,1.26487,0
93304,939,0.281082,0
93314,934,-0.421631,0
93324,937,0,0
93334,940,0.421631,0
93344,934,-0.421631,0
93354,940,0.421631,0
93364,935,-0.281082,0
93374,943,0.843239,0
93384,945,1.124344,0
93394,944,0.983795,0
93404,945,1.124344,0
93414,942,0.702713,0
93424,941,0.562164,0
93434,936,-0.140526,0
93444,940,0.421631,0
93454,934,-0.421631,0
93464,937,0,0
93474,937,0,0
93484,947,1.405426,0
93494,945,1.124344,0
93504,938,0.140533,0
93514,937,0,0
93524,949,1.686508,0
93534,942,0.702713,0
93544,945,1.124344,0
93554,946,1.26487,0
93564,947,1.405426,0
93574,939,0.281082,0
93584,945,1.124344,0
93594,942,0.702713,0
93604,940,0.421631,0
93614,948,1.545952,0
93624,943,0.843239,0
93634,936,-0.140526,0
93644,943,0.843239,0
93654,939,0.281082,0
93664,945,1.124344,0
93674,941,0.562164,0
93684,941,0.562164,0
93694,945,1.124344,0
93704,939,0.281082,0
93714,952,2.108116,0
93724,934,-0.421631,0
93734,939,0.281082,0
93744,944,0.983795,0
93754,940,0.421631,0
93764,946,1.26487,0
93774,941,0.562164,0
93784,938,0.140533,0
93794,942,0.702713,0
93804,945,1.124344,0
93814,941,0.562164,0
93824,944,0.983795,0
93834,945,1.124344,0
93844,937,0,0
93854,946,1.26487,0
93864,947,1.405426,0
93874,933,-0.562157,0
93884,934,-0.421631,0
93894,945,1.124344,0
93904,945,1.124344,0
93914,945,1.124344,0
93924,942,0.702713,0
93934,943,0.843239,0
93944,944,0.983795,0
93954,935,-0.281082,0
93964,944,0.983795,0
93974,937,0,0
93984,938,0.140533,0
93994,938,0.140533,0
94004,937,0,0
94014,935,-0.281082,0
94024,935,-0.281082,0
94034,933,-0.562157,0
94044,940,0.421631,0
94054,935,-0.281082,0
94064,937,0,0
94074,936,-0.140526,0
94084,935,-0.281082,0
94094,938,0.140533,0
94104,936,-0.140526,0
94114,938,0.140533,0
94124,940,0.421631,0
94134,938,0.140533,0
94144,926,-1.545952,0
94154,938,0.140533,0
94164,938,0.140533,0
94174,939,0.281082,0
94184,939,0.281082,0
94194,935,-0.281082,0
94204,938,0.140533,0
94214,945,1.124344,0
94224,936,-0.140526,0
94234,939,0.281082,0
94244,937,0,0
94254,938,0.140533,0
94264,948,1.545952,0
94274,940,0.421631,0
94284,944,0.983795,0
94294,935,-0.281082,0
94304,937,0,0
94314,943,0.843239,0
94324,942,0.702713,0
94334,941,0.562164,0
94344,937,0,0
94354,934,-0.421631,0
94364,935,-0.281082,0
94374,933,-0.562157,0
94384,940,0.421631,0
94394,941,0.562164,0
94404,939,0.281082,0
94414,945,1.124344,0
94424,938,0.140533,0
94434,942,0.702713,0
94444,936,-0.140526,0
94454,934,-0.421631,0
94464,940,0.421631,0
94474,938,0.140533,0
94484,943,0.843239,0
94494,940,0.421631,0
94504,938,0.140533,0
94514,938,0.140533,0
94524,939,0.281082,0
94534,944,0.983795,0
94544,942,0.702713,0
94554,936,-0.140526,0
94564,940,0.421631,0
94574,936,-0.140526,0
94584,950,1.827034,0
94594,944,0.983795,0
94604,943,0.843239,0
94614,942,0.702713,0
94624,941,0.562164,0
94634,940,0.421631,0
94644,939,0.281082,0
94654,935,-0.281082,0
94664,933,-0.562157,0
94674,932,-0.702713,0
94684,943,0.843239,0
94694,947,1.405426,0
94704,942,0.702713,0
94714,940,0.421631,0
94724,939,0.281082,0
94734,946,1.26487,0
94744,946,1.26487,0
94754,946,1.26487,0
94764,946,1.26487,0
94774,945,1.124344,0
94784,939,0.281082,0
94794,935,-0.281082,0
94804,942,0.702713,0
94814,942,0.702713,0
94824,937,0,0
94834,936,-0.140526,0
94844,946,1.26487,0
94854,937,0,0
94864,941,0.562164,0
94874,948,1.545952,0
94884,948,1.545952,0
94894,939,0.281082,0
94904,937,0,0
94914,946,1.26487,0
94924,939,0.281082,0
94934,939,0.281082,0
94944,941,0.562164,0
94954,949,1.686508,0
94964,948,1.545952,0
94974,939,0.281082,0
94984,942,0.702713,0
94994,931,-0.843239,0
95004,939,0.281082,0
95014,937,0,0
95024,941,0.562164,0
95034,941,0.562164,0
95044,936,-0.140526,0
95054,940,0.421631,0
95064,940,0.421631,0
95074,947,1.405426,0
95084,942,0.702713,0
95094,952,2.108116,0
95104,937,0,0
95114,956,2.670296,0
95124,933,-0.562157,0
95134,937,0,0
95144,943,0.843239,0
95154,935,-0.281082,0
95164,944,0.983795,0
95174,934,-0.421631,0
95184,942,0.702713,0
95194,940,0.421631,0
95204,943,0.843239,0
95214,940,0.421631,0
95224,935,-0.281082,0
95234,947,1.405426,0
95244,941,0.562164,0
95254,942,0.702713,0
95264,939,0.281082,0
95274,947,1.405426,0
95284,942,0.702713,0
95294,945,1.124344,0
95304,948,1.545952,0
95314,949,1.686508,0
95324,937,0,0
95334,935,-0.281082,0
95344,938,0.140533,0
95354,934,-0.421631,0
95364,939,0.281082,0
95374,933,-0.562157,0
95384,946,1.26487,0
95394,943,0.843239,0
95404,935,-0.281082,0
95414,945,1.124344,0
95424,942,0.702713,0
95434,939,0.281082,0
95444,939,0.281082,0
95454,940,0.421631,0
95464,943,0.843239,0
95474,937,0,0
95484,934,-0.421631,0
95494,937,0,0
95504,939,0.281082,0
95514,950,1.827034,0
95524,943,0.843239,0
95534,943,0.843239,0
95544,947,1.405426,0
95554,927,-1.405396,0
95564,938,0.140533,0
95574,948,1.545952,0
95584,944,0.983795,0
95594,940,0.421631,0
95604,937,0,0
95614,935,-0.281082,0
95624,943,0.843239,0
95634,943,0.843239,0
95644,943,0.843239,0
95654,946,1.26487,0
95664,951,1.967583,0
95674,944,0.983795,0
95684,942,0.702713,0
95694,949,1.686508,0
95704,942,0.702713,0
95714,933,-0.562157,0
95724,943,0.843239,0
95734,934,-0.421631,0
95744,945,1.124344,0
95754,943,0.843239,0
95764,942,0.702713,0
95774,950,1.827034,0
95784,941,0.562164,0
95794,936,-0.140526,0
95804,939,0.281082,0
95814,943,0.843239,0
95824,943,0.843239,0
95834,934,-0.421631,0
95844,931,-0.843239,0
95854,939,0.281082,0
95864,947,1.405426,0
95874,943,0.843239,0
95884,944,0.983795,0
95894,945,1.124344,0
95904,937,0,0
95914,936,-0.140526,0
95924,937,0,0
95934,941,0.562164,0
95944,946,1.26487,0
95954,944,0.983795,0
95964,940,0.421631,0
95974,941,0.562164,0
95984,940,0.421631,0
95994,939,0.281082,0
96004,940,0.421631,0
96014,944,0.983795,0
96024,933,-0.562157,0
96034,949,1.686508,0
96044,941,0.562164,0
96054,946,1.26487,0
96064,939,0.281082,0
96074,937,0,0
96084,938,0.140533,0
96094,937,0,0
96104,939,0.281082,0
96114,932,-0.702713,0
96124,943,0.843239,0
96134,941,0.562164,0
96144,933,-0.562157,0
96154,944,0.983795,0
96164,952,2.108116,0
96174,937,0,0
96184,948,1.545952,0
96194,937,0,0
96204,937,0,0
96214,940,0.421631,0
96224,941,0.562164,0
96234,942,0.702713,0
96244,940,0.421631,0
96254,940,0.421631,0
96264,937,0,0
96274,941,0.562164,0
96284,949,1.686508,0
96294,945,1.124344,0
96304,937,0,0
96314,934,-0.421631,0
96324,937,0,0
96334,940,0.421631,0
96344,933,-0.562157,0
96354,938,0.140533,0
96364,928,-1.26487,0
96374,938,0.140533,0
96384,934,-0.421631,0
96394,935,-0.281082,0
96404,937,0,0
96414,942,0.702713,0
96424,935,-0.281082,0
96434,929,-1.124344,0
96444,933,-0.562157,0
96454,936,-0.140526,0
96464,934,-0.421631,0
