t_ms,adc,p_kpa,pump
679312,697,-30.21641,1
679322,689,-31.34074,1
679332,694,-30.63803,1
679342,686,-31.76236,1
679352,685,-31.90291,1
679362,690,-31.2002,1
679372,692,-30.91911,1
679382,698,-30.07587,1
679392,696,-30.35695,1
679402,689,-31.34074,1
679412,688,-31.48128,1
679422,684,-32.04344,1
679432,689,-31.34074,1
679442,697,-30.21641,1
679452,689,-31.34074,1
679462,692,-30.91911,1
679472,689,-31.34074,1
679482,694,-30.63803,1
679492,694,-30.63803,1
679502,698,-30.07587,1
679512,689,-31.34074,1
679522,695,-30.49749,1
679532,688,-31.48128,1
679542,688,-31.48128,1
679552,694,-30.63803,1
679562,688,-31.48128,1
679572,684,-32.04344,1
679582,692,-30.91911,1
679592,689,-31.34074,1
679602,682,-32.32452,1
679612,690,-31.2002,1
679622,680,-32.60561,1
679632,693,-30.77856,1
679642,684,-32.04344,1
679652,692,-30.91911,1
679662,690,-31.2002,1
679672,689,-31.34074,1
679682,687,-31.62182,1
679692,693,-30.77856,1
679702,690,-31.2002,1
679712,691,-31.05965,1
679722,690,-31.2002,1
679732,691,-31.05965,1
679742,686,-31.76236,1
679752,693,-30.77856,1
679762,695,-30.49749,1
679772,688,-31.48128,1
679782,699,-29.93532,1
679792,694,-30.63803,1
679802,682,-32.32452,1
679812,690,-31.2002,1
679822,695,-30.49749,1
679832,697,-30.21641,1
679842,688,-31.48128,1
679852,689,-31.34074,1
679862,691,-31.05965,1
679872,693,-30.77856,1
679882,698,-30.07587,1
679892,693,-30.77856,1
679902,688,-31.48128,1
679912,688,-31.48128,1
679922,686,-31.76236,1
679932,684,-32.04344,1
679942,688,-31.48128,1
679952,697,-30.21641,1
679962,690,-31.2002,1
679972,687,-31.62182,1
679982,693,-30.77856,1
679992,691,-31.05965,1
680002,696,-30.35695,1
680012,691,-31.05965,1
680022,699,-29.93532,1
680032,694,-30.63803,1
680042,694,-30.63803,1
680052,693,-30.77856,1
680062,688,-31.48128,1
680072,694,-30.63803,1
680082,691,-31.05965,1
680092,693,-30.77856,1
680102,696,-30.35695,1
680112,695,-30.49749,1
680122,690,-31.2002,1
680132,694,-30.63803,1
680142,689,-31.34074,1
680152,696,-30.35695,1
680162,697,-30.21641,1
680172,681,-32.46507,1
680182,688,-31.48128,1
680192,686,-31.76236,1
680202,694,-30.63803,1
680212,690,-31.2002,1
680222,699,-29.93532,1
680232,697,-30.21641,1
680242,693,-30.77856,1
680252,693,-30.77856,1
680262,686,-31.76236,1
680272,694,-30.63803,1
680282,696,-30.35695,1
680292,694,-30.63803,1
680302,688,-31.48128,1
680312,696,-30.35695,1
680322,691,-31.05965,1
680332,686,-31.76236,1
680342,691,-31.05965,1
680352,700,-29.79478,1
680362,687,-31.62182,1
680372,684,-32.04344,1
680382,665,-34.71373,1
680392,638,-38.50835,1
680402,625,-40.33539,1
680412,601,-43.70838,1
680422,588,-45.53542,1
680432,568,-48.34624,1
680442,562,-49.18949,1
680452,551,-50.73545,1
680462,540,-52.28141,1
680472,528,-53.96791,1
680482,507,-56.91927,1
680492,497,-58.32469,1
680502,491,-59.16794,1
680512,478,-60.99498,1
680522,469,-62.25985,1
680532,461,-63.38418,1
680542,456,-64.08689,1
680552,452,-64.64905,1
680562,450,-64.93014,1
680572,438,-66.61664,1
680582,432,-67.45988,1
680592,428,-68.02205,1
680602,427,-68.16259,1
680612,421,-69.00584,1
680622,422,-68.8653,1
680632,419,-69.28693,1
680642,411,-70.41125,1
680652,407,-70.97342,1
680662,403,-71.53558,1
680672,404,-71.39504,1
680682,401,-71.81667,1
680692,397,-72.37884,1
680702,392,-73.08154,1
680712,387,-73.78425,1
680722,389,-73.50317,1
680732,382,-74.48695,1
680742,385,-74.06534,1
680752,378,-75.04913,1
680762,377,-75.18966,1
680772,369,-76.314,1
680782,373,-75.75183,1
680792,373,-75.75183,1
680802,372,-75.89237,1
680812,377,-75.18966,1
680822,370,-76.17345,1
680832,369,-76.314,1
680842,371,-76.03291,1
680852,367,-76.59508,1
680862,363,-77.15724,1
680872,365,-76.87616,1
680882,364,-77.0167,1
680892,367,-76.59508,1
680902,364,-77.0167,1
680912,363,-77.15724,1
680922,363,-77.15724,1
680932,356,-78.14104,1
680942,365,-76.87616,1
680952,355,-78.28158,1
680962,358,-77.85995,1
680972,356,-78.14104,1
680982,360,-77.57887,1
680992,353,-78.56266,1
681002,362,-77.29778,1
681012,358,-77.85995,1
681022,356,-78.14104,1
681032,358,-77.85995,1
681042,350,-78.98428,1
681052,362,-77.29778,1
681062,359,-77.71941,1
681072,356,-78.14104,1
681082,357,-78.00049,1
681092,352,-78.70319,1
681102,350,-78.98428,1
681112,355,-78.28158,1
681122,354,-78.42212,1
681132,358,-77.85995,1
681142,355,-78.28158,1
681152,355,-78.28158,1
681162,356,-78.14104,1
681172,356,-78.14104,1
681182,358,-77.85995,1
681192,353,-78.56266,1
681202,356,-78.14104,1
681212,354,-78.42212,1
681222,357,-78.00049,1
681232,356,-78.14104,1
681242,360,-77.57887,1
681252,349,-79.12482,1
681262,355,-78.28158,1
681272,356,-78.14104,1
681282,353,-78.56266,1
681292,362,-77.29778,1
681302,358,-77.85995,1
681312,357,-78.00049,1
681322,356,-78.14104,1
681332,359,-77.71941,1
681342,359,-77.71941,1
681352,354,-78.42212,1
681362,350,-78.98428,1
681372,362,-77.29778,1
681382,356,-78.14104,1
681392,355,-78.28158,1
681402,355,-78.28158,1
681412,354,-78.42212,1
681422,352,-78.70319,1
681432,357,-78.00049,1
681442,357,-78.00049,1
681452,359,-77.71941,1
681462,358,-77.85995,1
681472,355,-78.28158,1
681482,356,-78.14104,1
681492,354,-78.42212,1
681502,356,-78.14104,1
681512,354,-78.42212,1
681522,353,-78.56266,1
681532,352,-78.70319,1
681542,359,-77.71941,1
681552,360,-77.57887,1
681562,352,-78.70319,1
681572,355,-78.28158,1
681582,346,-79.54645,1
681592,354,-78.42212,1
681602,361,-77.43832,1
681612,353,-78.56266,1
681622,359,-77.71941,1
681632,353,-78.56266,1
681642,349,-79.12482,1
681652,356,-78.14104,1
681662,355,-78.28158,1
681672,356,-78.14104,1
681682,349,-79.12482,1
681692,354,-78.42212,1
681702,359,-77.71941,1
681712,354,-78.42212,1
681722,362,-77.29778,1
681732,354,-78.42212,1
681742,350,-78.98428,1
681752,355,-78.28158,1
681762,357,-78.00049,1
681772,353,-78.56266,1
681782,356,-78.14104,1
681792,352,-78.70319,1
681802,359,-77.71941,1
681812,355,-78.28158,1
681822,356,-78.14104,1
681832,359,-77.71941,1
681842,353,-78.56266,1
681852,356,-78.14104,1
681862,345,-79.68699,1
681872,355,-78.28158,1
681882,357,-78.00049,1
681892,354,-78.42212,1
681902,358,-77.85995,1
681912,356,-78.14104,1
681922,355,-78.28158,1
681932,351,-78.84374,1
681942,347,-79.40591,1
681952,352,-78.70319,1
681962,353,-78.56266,1
681972,348,-79.26537,1
681982,348,-79.26537,1
681992,351,-78.84374,1
682002,356,-78.14104,1
682012,344,-79.82753,1
682022,353,-78.56266,1
682032,354,-78.42212,1
682042,345,-79.68699,1
682052,352,-78.70319,1
682062,351,-78.84374,1
682072,353,-78.56266,1
682082,348,-79.26537,1
682092,350,-78.98428,1
682102,357,-78.00049,1
682112,352,-78.70319,1
682122,357,-78.00049,1
682132,346,-79.54645,1
682142,349,-79.12482,1
682152,351,-78.84374,1
682162,350,-78.98428,1
682172,356,-78.14104,1
682182,352,-78.70319,1
682192,354,-78.42212,1
682202,352,-78.70319,1
682212,356,-78.14104,1
682222,347,-79.40591,1
682232,354,-78.42212,1
682242,357,-78.00049,1
682252,355,-78.28158,1
682262,356,-78.14104,1
682272,356,-78.14104,1
682282,354,-78.42212,1
682292,353,-78.56266,1
682302,353,-78.56266,1
682312,353,-78.56266,1
682322,354,-78.42212,1
682332,356,-78.14104,1
682342,355,-78.28158,1
682352,353,-78.56266,1
682362,351,-78.84374,1
682372,352,-78.70319,1
682382,358,-77.85995,1
682392,348,-79.26537,1
682402,360,-77.57887,1
682412,354,-78.42212,1
682422,346,-79.54645,1
682432,355,-78.28158,1
682442,356,-78.14104,1
682452,357,-78.00049,1
682462,350,-78.98428,1
682472,356,-78.14104,1
682482,354,-78.42212,1
682492,354,-78.42212,1
682502,355,-78.28158,1
682512,364,-77.0167,1
682522,357,-78.00049,1
682532,357,-78.00049,1
682542,351,-78.84374,1
682552,354,-78.42212,1
682562,343,-79.96807,1
682572,347,-79.40591,1
682582,347,-79.40591,1
682592,351,-78.84374,1
682602,351,-78.84374,1
682612,356,-78.14104,1
682622,347,-79.40591,1
682632,351,-78.84374,1
682642,347,-79.40591,1
682652,352,-78.70319,1
682662,354,-78.42212,1
682672,352,-78.70319,1
682682,358,-77.85995,1
682692,357,-78.00049,1
682702,352,-78.70319,1
682712,355,-78.28158,1
682722,357,-78.00049,1
682732,357,-78.00049,1
682742,348,-79.26537,1
682752,351,-78.84374,1
682762,354,-78.42212,1
682772,357,-78.00049,1
682782,349,-79.12482,1
682792,356,-78.14104,1
682802,352,-78.70319,1
682812,355,-78.28158,1
682822,354,-78.42212,1
682832,350,-78.98428,1
682842,356,-78.14104,1
682852,361,-77.43832,1
682862,354,-78.42212,1
682872,359,-77.71941,1
682882,356,-78.14104,1
682892,353,-78.56266,1
682902,356,-78.14104,1
682912,353,-78.56266,1
682922,361,-77.43832,1
682932,359,-77.71941,1
682942,354,-78.42212,1
682952,354,-78.42212,1
682962,353,-78.56266,1
682972,358,-77.85995,1
682982,350,-78.98428,1
682992,351,-78.84374,1
683002,353,-78.56266,1
683012,353,-78.56266,1
683022,358,-77.85995,1
683032,353,-78.56266,1
683042,351,-78.84374,1
683052,359,-77.71941,1
683062,359,-77.71941,1
683072,348,-79.26537,1
683082,351,-78.84374,1
683092,350,-78.98428,1
683102,354,-78.42212,1
683112,354,-78.42212,1
683122,356,-78.14104,1
683132,353,-78.56266,1
683142,352,-78.70319,1
683152,355,-78.28158,1
683162,359,-77.71941,1
683172,360,-77.57887,1
683182,356,-78.14104,1
683192,350,-78.98428,1
683202,352,-78.70319,1
683212,354,-78.42212,1
683222,356,-78.14104,1
683232,353,-78.56266,1
683242,350,-78.98428,1
683252,351,-78.84374,1
683262,356,-78.14104,1
683272,359,-77.71941,1
683282,346,-79.54645,1
683292,349,-79.12482,1
683302,349,-79.12482,1
683312,350,-78.98428,1
683322,358,-77.85995,1
683332,353,-78.56266,1
683342,354,-78.42212,1
683352,362,-77.29778,1
683362,357,-78.00049,1
683372,353,-78.56266,1
683382,352,-78.70319,1
683392,362,-77.29778,1
683402,360,-77.57887,1
683412,355,-78.28158,1
683422,356,-78.14104,1
683432,358,-77.85995,1
683442,361,-77.43832,1
683452,357,-78.00049,1
683462,361,-77.43832,1
683472,354,-78.42212,1
683482,352,-78.70319,1
683492,357,-78.00049,1
683502,353,-78.56266,1
683512,360,-77.57887,1
683522,354,-78.42212,1
683532,352,-78.70319,1
683542,349,-79.12482,1
683552,358,-77.85995,1
683562,360,-77.57887,1
683572,357,-78.00049,1
683582,354,-78.42212,1
683592,359,-77.71941,1
683602,354,-78.42212,1
683612,354,-78.42212,1
683622,354,-78.42212,1
683632,356,-78.14104,1
683642,355,-78.28158,1
683652,359,-77.71941,1
683662,357,-78.00049,1
683672,355,-78.28158,1
683682,354,-78.42212,1
683692,346,-79.54645,1
683702,352,-78.70319,1
683712,347,-79.40591,1
683722,344,-79.82753,1
683732,358,-77.85995,1
683742,356,-78.14104,1
683752,358,-77.85995,1
683762,356,-78.14104,1
683772,353,-78.56266,1
683782,354,-78.42212,1
683792,360,-77.57887,1
683802,352,-78.70319,1
683812,353,-78.56266,1
683822,358,-77.85995,1
683832,357,-78.00049,1
683842,351,-78.84374,1
683852,357,-78.00049,1
683862,350,-78.98428,1
683872,352,-78.70319,1
683882,359,-77.71941,1
683892,355,-78.28158,1
683902,356,-78.14104,1
683912,356,-78.14104,1
683922,353,-78.56266,1
683932,352,-78.70319,1
683942,360,-77.57887,1
683952,358,-77.85995,1
683962,352,-78.70319,1
683972,357,-78.00049,1
683982,349,-79.12482,1
683992,359,-77.71941,1
684002,349,-79.12482,1
684012,351,-78.84374,1
684022,359,-77.71941,1
684032,359,-77.71941,1
684042,355,-78.28158,1
684052,354,-78.42212,1
684062,354,-78.42212,1
684072,359,-77.71941,1
684082,356,-78.14104,1
684092,351,-78.84374,1
684102,352,-78.70319,1
684112,358,-77.85995,1
684122,354,-78.42212,1
684132,354,-78.42212,1
684142,354,-78.42212,1
684152,349,-79.12482,1
684162,358,-77.85995,1
684172,356,-78.14104,1
684182,355,-78.28158,1
684192,354,-78.42212,1
684202,356,-78.14104,1
684212,356,-78.14104,1
684222,358,-77.85995,1
684232,355,-78.28158,1
684242,345,-79.68699,1
684252,358,-77.85995,1
684262,353,-78.56266,1
684272,362,-77.29778,1
684282,356,-78.14104,1
684292,361,-77.43832,1
684302,358,-77.85995,1
684312,360,-77.57887,1
684322,360,-77.57887,1
684332,360,-77.57887,1
684342,353,-78.56266,1
684352,357,-78.00049,1
684362,354,-78.42212,1
684372,356,-78.14104,1
684382,351,-78.84374,1
684392,357,-78.00049,1
684402,357,-78.00049,1
684412,354,-78.42212,1
684422,355,-78.28158,1
684432,350,-78.98428,1
684442,354,-78.42212,1
684452,355,-78.28158,1
684462,359,-77.71941,1
684472,363,-77.15724,1
684482,358,-77.85995,1
684492,358,-77.85995,1
684502,363,-77.15724,1
684512,353,-78.56266,1
684522,356,-78.14104,1
684532,357,-78.00049,1
684542,356,-78.14104,1
684552,358,-77.85995,1
684562,354,-78.42212,1
684572,354,-78.42212,1
684582,353,-78.56266,1
684592,356,-78.14104,1
684602,356,-78.14104,1
684612,359,-77.71941,1
684622,356,-78.14104,1
684632,361,-77.43832,1
684642,357,-78.00049,1
684652,353,-78.56266,1
684662,355,-78.28158,1
684672,356,-78.14104,1
684682,358,-77.85995,1
684692,361,-77.43832,1
684702,360,-77.57887,1
684712,353,-78.56266,1
684722,360,-77.57887,1
684732,360,-77.57887,1
684742,358,-77.85995,1
684752,360,-77.57887,1
684762,350,-78.98428,1
684772,357,-78.00049,1
684782,357,-78.00049,1
684792,354,-78.42212,1
684802,358,-77.85995,1
684812,351,-78.84374,1
684822,360,-77.57887,1
684832,355,-78.28158,1
684842,353,-78.56266,1
684852,353,-78.56266,1
684862,352,-78.70319,1
684872,361,-77.43832,1
684882,357,-78.00049,1
684892,358,-77.85995,1
684902,354,-78.42212,1
684912,356,-78.14104,1
684922,357,-78.00049,1
684932,359,-77.71941,1
684942,351,-78.84374,1
684952,359,-77.71941,1
684962,358,-77.85995,1
684972,357,-78.00049,1
684982,356,-78.14104,1
684992,354,-78.42212,1
685002,353,-78.56266,1
685012,353,-78.56266,1
685022,362,-77.29778,1
685032,358,-77.85995,1
685042,354,-78.42212,1
685052,355,-78.28158,1
685062,360,-77.57887,1
685072,361,-77.43832,1
685082,354,-78.42212,1
685092,352,-78.70319,1
685102,359,-77.71941,1
685112,352,-78.70319,1
685122,358,-77.85995,1
685132,359,-77.71941,1
685142,359,-77.71941,1
685152,362,-77.29778,1
685162,362,-77.29778,1
685172,355,-78.28158,1
685182,362,-77.29778,1
685192,362,-77.29778,1
685202,358,-77.85995,1
685212,353,-78.56266,1
685222,366,-76.73562,1
685232,360,-77.57887,1
685242,358,-77.85995,1
685252,352,-78.70319,1
685262,352,-78.70319,1
685272,360,-77.57887,1
685282,353,-78.56266,1
685292,360,-77.57887,1
685302,354,-78.42212,1
685312,356,-78.14104,1
685322,358,-77.85995,1
685332,354,-78.42212,1
685342,360,-77.57887,1
685352,358,-77.85995,1
685362,352,-78.70319,1
685372,356,-78.14104,1
685382,358,-77.85995,1
685392,361,-77.43832,1
685402,358,-77.85995,1
685412,354,-78.42212,1
685422,350,-78.98428,1
685432,357,-78.00049,1
685442,356,-78.14104,1
685452,362,-77.29778,1
685462,355,-78.28158,1
685472,359,-77.71941,1
685482,362,-77.29778,1
685492,360,-77.57887,1
685502,358,-77.85995,1
685512,362,-77.29778,1
685522,362,-77.29778,1
685532,355,-78.28158,1
685542,348,-79.26537,1
685552,355,-78.28158,1
685562,356,-78.14104,1
685572,359,-77.71941,1
685582,359,-77.71941,1
685592,355,-78.28158,1
685602,358,-77.85995,1
685612,359,-77.71941,1
685622,352,-78.70319,1
685632,353,-78.56266,1
685642,356,-78.14104,1
685652,363,-77.15724,1
685662,360,-77.57887,1
685672,355,-78.28158,1
685682,356,-78.14104,1
685692,355,-78.28158,1
685702,361,-77.43832,1
685712,364,-77.0167,1
685722,362,-77.29778,1
685732,360,-77.57887,1
685742,367,-76.59508,1
685752,361,-77.43832,1
685762,364,-77.0167,1
685772,360,-77.57887,1
685782,363,-77.15724,1
685792,354,-78.42212,1
685802,357,-78.00049,1
685812,355,-78.28158,1
685822,358,-77.85995,1
685832,361,-77.43832,1
685842,361,-77.43832,1
685852,355,-78.28158,1
685862,353,-78.56266,1
685872,362,-77.29778,1
685882,359,-77.71941,1
685892,355,-78.28158,1
685902,359,-77.71941,1
685912,353,-78.56266,1
685922,361,-77.43832,1
685932,360,-77.57887,1
685942,360,-77.57887,1
685952,359,-77.71941,1
685962,361,-77.43832,1
685972,356,-78.14104,1
685982,357,-78.00049,1
685992,366,-76.73562,1
686002,363,-77.15724,1
686012,358,-77.85995,1
686022,357,-78.00049,1
686032,353,-78.56266,1
686042,356,-78.14104,1
686052,356,-78.14104,1
686062,358,-77.85995,1
686072,359,-77.71941,1
686082,359,-77.71941,1
686092,361,-77.43832,1
686102,362,-77.29778,1
686112,355,-78.28158,1
686122,351,-78.84374,1
686132,358,-77.85995,1
686142,357,-78.00049,1
686152,357,-78.00049,1
686162,353,-78.56266,1
686172,364,-77.0167,1
686182,357,-78.00049,1
686192,360,-77.57887,1
686202,359,-77.71941,1
686212,361,-77.43832,1
686222,361,-77.43832,1
686232,354,-78.42212,1
686242,354,-78.42212,1
686252,359,-77.71941,1
686262,355,-78.28158,1
686272,357,-78.00049,1
686282,358,-77.85995,1
686292,357,-78.00049,1
686302,364,-77.0167,1
686312,355,-78.28158,1
686322,359,-77.71941,1
686332,358,-77.85995,1
686342,361,-77.43832,1
686352,368,-76.45454,1
686362,361,-77.43832,1
686372,356,-78.14104,1
686382,360,-77.57887,1
686392,356,-78.14104,1
686402,361,-77.43832,1
686412,355,-78.28158,1
686422,358,-77.85995,1
686432,354,-78.42212,1
686442,359,-77.71941,1
686452,361,-77.43832,1
686462,359,-77.71941,1
686472,367,-76.59508,1
686482,356,-78.14104,1
686492,365,-76.87616,1
686502,360,-77.57887,1
686512,364,-77.0167,1
686522,356,-78.14104,1
686532,361,-77.43832,1
686542,355,-78.28158,1
686552,361,-77.43832,1
686562,355,-78.28158,1
686572,359,-77.71941,1
686582,360,-77.57887,1
686592,357,-78.00049,1
686602,361,-77.43832,1
686612,355,-78.28158,1
686622,360,-77.57887,1
686632,365,-76.87616,1
686642,361,-77.43832,1
686652,363,-77.15724,1
686662,353,-78.56266,1
686672,355,-78.28158,1
686682,365,-76.87616,1
686692,364,-77.0167,1
686702,357,-78.00049,1
686712,362,-77.29778,1
686722,359,-77.71941,1
686732,364,-77.0167,1
686742,365,-76.87616,1
686752,356,-78.14104,1
686762,359,-77.71941,1
686772,359,-77.71941,1
686782,362,-77.29778,1
686792,359,-77.71941,1
686802,356,-78.14104,1
686812,361,-77.43832,1
686822,364,-77.0167,1
686832,358,-77.85995,1
686842,360,-77.57887,1
686852,358,-77.85995,1
686862,355,-78.28158,1
686872,357,-78.00049,1
686882,359,-77.71941,1
686892,355,-78.28158,1
686902,363,-77.15724,1
686912,361,-77.43832,1
686922,361,-77.43832,1
686932,353,-78.56266,1
686942,349,-79.12482,1
686952,359,-77.71941,1
686962,360,-77.57887,1
686972,353,-78.56266,1
686982,357,-78.00049,1
686992,359,-77.71941,1
687002,362,-77.29778,1
687012,360,-77.57887,1
687022,364,-77.0167,1
687032,366,-76.73562,1
687042,360,-77.57887,1
687052,355,-78.28158,1
687062,357,-78.00049,1
687072,365,-76.87616,1
687082,355,-78.28158,1
687092,363,-77.15724,1
687102,361,-77.43832,1
687112,357,-78.00049,1
687122,360,-77.57887,1
687132,355,-78.28158,1
687142,362,-77.29778,1
687152,360,-77.57887,1
687162,358,-77.85995,1
687172,351,-78.84374,1
687182,357,-78.00049,1
687192,364,-77.0167,1
687202,359,-77.71941,1
687212,364,-77.0167,1
687222,357,-78.00049,1
687232,357,-78.00049,1
687242,365,-76.87616,1
687252,358,-77.85995,1
687262,357,-78.00049,1
687272,358,-77.85995,1
687282,359,-77.71941,1
687292,363,-77.15724,1
687302,359,-77.71941,1
687312,362,-77.29778,1
687322,362,-77.29778,1
687332,357,-78.00049,1
687342,359,-77.71941,1
687352,362,-77.29778,1
687362,359,-77.71941,1
687372,362,-77.29778,1
687382,358,-77.85995,1
687392,357,-78.00049,1
687402,356,-78.14104,1
687412,362,-77.29778,1
687422,365,-76.87616,1
687432,362,-77.29778,1
687442,360,-77.57887,1
687452,363,-77.15724,1
687462,353,-78.56266,1
687472,360,-77.57887,1
687482,359,-77.71941,1
687492,358,-77.85995,1
687502,366,-76.73562,1
687512,358,-77.85995,1
687522,359,-77.71941,1
687532,353,-78.56266,1
687542,358,-77.85995,1
687552,366,-76.73562,1
687562,359,-77.71941,1
687572,355,-78.28158,1
687582,364,-77.0167,1
687592,359,-77.71941,1
687602,367,-76.59508,1
687612,361,-77.43832,1
687622,362,-77.29778,1
687632,364,-77.0167,1
687642,364,-77.0167,1
687652,357,-78.00049,1
687662,357,-78.00049,1
687672,354,-78.42212,1
687682,359,-77.71941,1
687692,359,-77.71941,1
687702,359,-77.71941,1
687712,360,-77.57887,1
687722,365,-76.87616,1
687732,363,-77.15724,1
687742,363,-77.15724,1
687752,357,-78.00049,1
687762,363,-77.15724,1
687772,363,-77.15724,1
687782,356,-78.14104,1
687792,361,-77.43832,1
687802,358,-77.85995,1
687812,358,-77.85995,1
687822,364,-77.0167,1
687832,358,-77.85995,1
687842,364,-77.0167,1
687852,363,-77.15724,1
687862,359,-77.71941,1
687872,364,-77.0167,1
687882,359,-77.71941,1
687892,359,-77.71941,1
687902,363,-77.15724,1
687912,358,-77.85995,1
687922,359,-77.71941,1
687932,357,-78.00049,1
687942,364,-77.0167,1
687952,360,-77.57887,1
687962,362,-77.29778,1
687972,364,-77.0167,1
687982,356,-78.14104,1
687992,360,-77.57887,1
688002,357,-78.00049,1
688012,359,-77.71941,1
688022,357,-78.00049,1
688032,357,-78.00049,1
688042,361,-77.43832,1
688052,361,-77.43832,1
688062,359,-77.71941,1
688072,357,-78.00049,1
688082,364,-77.0167,1
688092,355,-78.28158,1
688102,361,-77.43832,1
688112,355,-78.28158,1
688122,357,-78.00049,1
688132,360,-77.57887,1
688142,363,-77.15724,1
688152,361,-77.43832,1
688162,356,-78.14104,1
688172,362,-77.29778,1
688182,365,-76.87616,1
688192,364,-77.0167,1
688202,359,-77.71941,1
688212,354,-78.42212,1
688222,368,-76.45454,1
688232,357,-78.00049,1
688242,359,-77.71941,1
688252,363,-77.15724,1
688262,360,-77.57887,1
688272,359,-77.71941,1
688282,361,-77.43832,1
688292,362,-77.29778,1
688302,363,-77.15724,1
688312,360,-77.57887,1
688322,354,-78.42212,1
688332,365,-76.87616,1
688342,360,-77.57887,1
688352,360,-77.57887,1
688362,363,-77.15724,1
688372,362,-77.29778,1
688382,360,-77.57887,1
688392,356,-78.14104,1
688402,358,-77.85995,1
688412,360,-77.57887,1
688422,367,-76.59508,1
688432,360,-77.57887,1
688442,366,-76.73562,1
688452,363,-77.15724,1
688462,358,-77.85995,1
688472,359,-77.71941,1
688482,356,-78.14104,1
688492,355,-78.28158,1
688502,365,-76.87616,1
688512,358,-77.85995,1
688522,359,-77.71941,1
688532,358,-77.85995,1
688542,364,-77.0167,1
688552,362,-77.29778,1
688562,365,-76.87616,1
688572,363,-77.15724,1
688582,355,-78.28158,1
688592,359,-77.71941,1
688602,359,-77.71941,1
688612,355,-78.28158,1
688622,361,-77.43832,1
688632,356,-78.14104,1
688642,364,-77.0167,1
688652,362,-77.29778,1
688662,358,-77.85995,1
688672,350,-78.98428,1
688682,361,-77.43832,1
688692,361,-77.43832,1
688702,352,-78.70319,0
688712,363,-77.15724,0
688722,357,-78.00049,0
688732,357,-78.00049,0
688742,363,-77.15724,0
688752,364,-77.0167,0
688762,364,-77.0167,0
688772,363,-77.15724,0
688782,355,-78.28158,0
688792,365,-76.87616,0
688802,359,-77.71941,0
688812,360,-77.57887,0
688822,359,-77.71941,0
688832,354,-78.42212,0
688842,363,-77.15724,0
688852,357,-78.00049,0
688862,362,-77.29778,0
688872,367,-76.59508,0
688882,362,-77.29778,0
688892,357,-78.00049,0
688902,371,-76.03291,0
688912,362,-77.29778,0
688922,359,-77.71941,0
688932,357,-78.00049,0
688942,363,-77.15724,0
688952,359,-77.71941,0
688962,361,-77.43832,0
688972,363,-77.15724,0
688982,358,-77.85995,0
688992,364,-77.0167,0
689002,361,-77.43832,0
689012,350,-78.98428,0
689022,364,-77.0167,0
689032,363,-77.15724,0
689042,354,-78.42212,0
689052,359,-77.71941,0
689062,365,-76.87616,0
689072,357,-78.00049,0
689082,359,-77.71941,0
689092,361,-77.43832,0
689102,359,-77.71941,0
689112,363,-77.15724,0
689122,363,-77.15724,0
689132,357,-78.00049,0
689142,354,-78.42212,0
689152,361,-77.43832,0
689162,365,-76.87616,0
689172,363,-77.15724,0
689182,360,-77.57887,0
689192,359,-77.71941,0
689202,359,-77.71941,0
689212,367,-76.59508,0
689222,363,-77.15724,0
689232,364,-77.0167,0
689242,359,-77.71941,0
689252,361,-77.43832,0
689262,370,-76.17345,0
689272,358,-77.85995,0
689282,361,-77.43832,0
689292,362,-77.29778,0
689302,359,-77.71941,0
689312,361,-77.43832,0
689322,359,-77.71941,0
689332,370,-76.17345,0
689342,356,-78.14104,0
689352,357,-78.00049,0
689362,359,-77.71941,0
689372,361,-77.43832,0
689382,355,-78.28158,0
689392,361,-77.43832,0
689402,363,-77.15724,0
689412,363,-77.15724,0
689422,369,-76.314,0
689432,365,-76.87616,0
689442,360,-77.57887,0
689452,361,-77.43832,0
689462,361,-77.43832,0
689472,358,-77.85995,0
689482,360,-77.57887,0
689492,363,-77.15724,0
689502,362,-77.29778,0
689512,368,-76.45454,0
689522,362,-77.29778,0
689532,367,-76.59508,0
689542,359,-77.71941,0
689552,357,-78.00049,0
689562,358,-77.85995,0
689572,357,-78.00049,0
689582,358,-77.85995,0
689592,369,-76.314,0
689602,363,-77.15724,0
689612,360,-77.57887,0
689622,359,-77.71941,0
689632,358,-77.85995,0
689642,364,-77.0167,0
689652,365,-76.87616,0
689662,360,-77.57887,0
689672,365,-76.87616,0
689682,356,-78.14104,0
689692,360,-77.57887,0
689702,358,-77.85995,0
689712,360,-77.57887,0
689722,365,-76.87616,0
689732,356,-78.14104,0
689742,354,-78.42212,0
689752,356,-78.14104,0
689762,411,-70.41125,0
689772,434,-67.1788,0
689782,445,-65.63284,0
689792,440,-66.33556,0
689802,444,-65.77339,0
689812,444,-65.77339,0
689822,449,-65.07069,0
689832,444,-65.77339,0
689842,448,-65.21122,0
689852,437,-66.75717,0
689862,445,-65.63284,0
689872,450,-64.93014,0
689882,443,-65.91393,0
689892,453,-64.50851,0
689902,450,-64.93014,0
689912,445,-65.63284,0
689922,456,-64.08689,0
689932,440,-66.33556,0
689942,447,-65.35176,0
689952,446,-65.4923,0
689962,452,-64.64905,0
689972,449,-65.07069,0
689982,446,-65.4923,0
689992,437,-66.75717,0
690002,451,-64.7896,0
690012,449,-65.07069,0
690022,443,-65.91393,0
690032,440,-66.33556,0
690042,447,-65.35176,0
690052,452,-64.64905,0
690062,444,-65.77339,0
690072,444,-65.77339,0
690082,450,-64.93014,0
690092,452,-64.64905,0
690102,448,-65.21122,0
690112,451,-64.7896,0
690122,448,-65.21122,0
690132,441,-66.19501,0
690142,444,-65.77339,0
690152,452,-64.64905,0
690162,448,-65.21122,0
690172,453,-64.50851,0
690182,447,-65.35176,0
690192,447,-65.35176,0
690202,451,-64.7896,0
690212,451,-64.7896,0
690222,445,-65.63284,0
690232,445,-65.63284,0
690242,444,-65.77339,0
690252,448,-65.21122,0
690262,454,-64.36797,0
690272,453,-64.50851,0
690282,451,-64.7896,0
690292,450,-64.93014,0
690302,454,-64.36797,0
690312,446,-65.4923,0
690322,455,-64.22743,0
690332,453,-64.50851,0
690342,446,-65.4923,0
690352,452,-64.64905,0
690362,450,-64.93014,0
690372,446,-65.4923,0
690382,450,-64.93014,0
690392,448,-65.21122,0
690402,449,-65.07069,0
690412,444,-65.77339,0
690422,455,-64.22743,0
690432,447,-65.35176,0
690442,446,-65.4923,0
690452,450,-64.93014,0
690462,451,-64.7896,0
690472,453,-64.50851,0
690482,452,-64.64905,0
690492,448,-65.21122,0
690502,456,-64.08689,0
690512,451,-64.7896,0
690522,449,-65.07069,0
690532,453,-64.50851,0
690542,444,-65.77339,0
690552,456,-64.08689,0
690562,451,-64.7896,0
690572,443,-65.91393,0
690582,442,-66.05447,0
690592,450,-64.93014,0
690602,448,-65.21122,0
690612,451,-64.7896,0
690622,451,-64.7896,0
690632,455,-64.22743,0
690642,452,-64.64905,0
690652,448,-65.21122,0
690662,451,-64.7896,0
690672,451,-64.7896,0
690682,441,-66.19501,0
690692,456,-64.08689,0
690702,454,-64.36797,0
690712,454,-64.36797,0
690722,454,-64.36797,0
690732,453,-64.50851,0
690742,448,-65.21122,0
690752,452,-64.64905,0
690762,454,-64.36797,0
690772,453,-64.50851,0
690782,451,-64.7896,0
690792,451,-64.7896,0
690802,448,-65.21122,0
690812,449,-65.07069,0
690822,443,-65.91393,0
690832,448,-65.21122,0
690842,452,-64.64905,0
690852,451,-64.7896,0
690862,447,-65.35176,0
690872,445,-65.63284,0
690882,447,-65.35176,0
690892,446,-65.4923,0
690902,450,-64.93014,0
690912,450,-64.93014,0
690922,452,-64.64905,0
690932,448,-65.21122,0
690942,453,-64.50851,0
690952,444,-65.77339,0
690962,451,-64.7896,0
690972,451,-64.7896,0
690982,452,-64.64905,0
690992,450,-64.93014,0
691002,446,-65.4923,0
691012,450,-64.93014,0
691022,446,-65.4923,0
691032,445,-65.63284,0
691042,444,-65.77339,0
691052,448,-65.21122,0
691062,455,-64.22743,0
691072,456,-64.08689,0
691082,447,-65.35176,0
691092,446,-65.4923,0
691102,453,-64.50851,0
691112,451,-64.7896,0
691122,447,-65.35176,0
691132,451,-64.7896,0
691142,445,-65.63284,0
691152,442,-66.05447,0
691162,447,-65.35176,0
691172,446,-65.4923,0
691182,444,-65.77339,0
691192,445,-65.63284,0
691202,444,-65.77339,0
691212,453,-64.50851,0
691222,454,-64.36797,0
691232,448,-65.21122,0
691242,451,-64.7896,0
691252,443,-65.91393,0
691262,444,-65.77339,0
691272,439,-66.4761,0
691282,450,-64.93014,0
691292,447,-65.35176,0
691302,450,-64.93014,0
691312,444,-65.77339,0
691322,447,-65.35176,0
691332,446,-65.4923,0
691342,457,-63.94635,0
691352,449,-65.07069,0
691362,451,-64.7896,0
691372,445,-65.63284,0
691382,447,-65.35176,0
691392,454,-64.36797,0
691402,446,-65.4923,0
691412,449,-65.07069,0
691422,450,-64.93014,0
691432,454,-64.36797,0
691442,455,-64.22743,0
691452,455,-64.22743,0
691462,449,-65.07069,0
691472,454,-64.36797,0
691482,448,-65.21122,0
691492,458,-63.80581,0
691502,448,-65.21122,0
691512,460,-63.52473,0
691522,452,-64.64905,0
691532,450,-64.93014,0
691542,450,-64.93014,0
691552,454,-64.36797,0
691562,447,-65.35176,0
691572,454,-64.36797,0
691582,457,-63.94635,0
691592,445,-65.63284,0
691602,451,-64.7896,0
691612,446,-65.4923,0
691622,457,-63.94635,0
691632,442,-66.05447,0
691642,456,-64.08689,0
691652,449,-65.07069,0
691662,445,-65.63284,0
691672,452,-64.64905,0
691682,450,-64.93014,0
691692,453,-64.50851,0
691702,452,-64.64905,0
691712,454,-64.36797,0
691722,444,-65.77339,0
691732,451,-64.7896,0
691742,449,-65.07069,0
691752,453,-64.50851,0
691762,455,-64.22743,0
691772,451,-64.7896,0
691782,445,-65.63284,0
691792,448,-65.21122,0
691802,450,-64.93014,0
691812,457,-63.94635,0
691822,448,-65.21122,0
691832,453,-64.50851,0
691842,452,-64.64905,0
691852,454,-64.36797,0
691862,451,-64.7896,0
691872,455,-64.22743,0
691882,452,-64.64905,0
691892,447,-65.35176,0
691902,455,-64.22743,0
691912,451,-64.7896,0
691922,446,-65.4923,0
691932,445,-65.63284,0
691942,455,-64.22743,0
691952,447,-65.35176,0
691962,449,-65.07069,0
691972,448,-65.21122,0
691982,451,-64.7896,0
691992,462,-63.24364,0
692002,455,-64.22743,0
692012,458,-63.80581,0
692022,454,-64.36797,0
692032,451,-64.7896,0
692042,450,-64.93014,0
692052,444,-65.77339,0
692062,458,-63.80581,0
692072,453,-64.50851,0
692082,452,-64.64905,0
692092,452,-64.64905,0
692102,446,-65.4923,0
692112,451,-64.7896,0
692122,448,-65.21122,0
692132,446,-65.4923,0
692142,459,-63.66527,0
692152,441,-66.19501,0
692162,446,-65.4923,0
692172,454,-64.36797,0
692182,451,-64.7896,0
692192,444,-65.77339,0
692202,454,-64.36797,0
692212,453,-64.50851,0
692222,449,-65.07069,0
692232,460,-63.52473,0
692242,452,-64.64905,0
692252,454,-64.36797,0
692262,453,-64.50851,0
692272,454,-64.36797,0
692282,441,-66.19501,0
692292,454,-64.36797,0
692302,447,-65.35176,0
692312,451,-64.7896,0
692322,448,-65.21122,0
692332,459,-63.66527,0
692342,446,-65.4923,0
692352,443,-65.91393,0
692362,453,-64.50851,0
692372,452,-64.64905,0
692382,452,-64.64905,0
692392,449,-65.07069,0
692402,455,-64.22743,0
692412,450,-64.93014,0
692422,452,-64.64905,0
692432,449,-65.07069,0
692442,454,-64.36797,0
692452,451,-64.7896,0
692462,461,-63.38418,0
692472,460,-63.52473,0
692482,451,-64.7896,0
692492,452,-64.64905,0
692502,455,-64.22743,0
692512,455,-64.22743,0
692522,458,-63.80581,0
692532,443,-65.91393,0
692542,448,-65.21122,0
692552,456,-64.08689,0
692562,459,-63.66527,0
692572,450,-64.93014,0
692582,460,-63.52473,0
692592,453,-64.50851,0
692602,447,-65.35176,0
692612,453,-64.50851,0
692622,456,-64.08689,0
692632,447,-65.35176,0
692642,456,-64.08689,0
692652,451,-64.7896,0
692662,449,-65.07069,0
692672,451,-64.7896,0
692682,456,-64.08689,0
692692,451,-64.7896,0
692702,452,-64.64905,0
692712,447,-65.35176,0
692722,453,-64.50851,0
692732,449,-65.07069,0
692742,453,-64.50851,0
692752,454,-64.36797,0
692762,445,-65.63284,0
692772,447,-65.35176,0
692782,459,-63.66527,0
692792,452,-64.64905,0
692802,454,-64.36797,0
692812,458,-63.80581,0
692822,449,-65.07069,0
692832,454,-64.36797,0
692842,448,-65.21122,0
692852,459,-63.66527,0
692862,449,-65.07069,0
692872,453,-64.50851,0
692882,453,-64.50851,0
692892,451,-64.7896,0
692902,449,-65.07069,0
692912,450,-64.93014,0
692922,455,-64.22743,0
692932,453,-64.50851,0
692942,446,-65.4923,0
692952,452,-64.64905,0
692962,452,-64.64905,0
692972,463,-63.1031,0
692982,448,-65.21122,0
692992,449,-65.07069,0
693002,447,-65.35176,0
693012,444,-65.77339,0
693022,451,-64.7896,0
693032,451,-64.7896,0
693042,453,-64.50851,0
693052,450,-64.93014,0
693062,450,-64.93014,0
693072,452,-64.64905,0
693082,453,-64.50851,0
693092,451,-64.7896,0
693102,454,-64.36797,0
693112,459,-63.66527,0
693122,451,-64.7896,0
693132,445,-65.63284,0
693142,450,-64.93014,0
693152,450,-64.93014,0
693162,449,-65.07069,0
693172,449,-65.07069,0
693182,452,-64.64905,0
693192,455,-64.22743,0
693202,450,-64.93014,0
693212,447,-65.35176,0
693222,457,-63.94635,0
693232,458,-63.80581,0
693242,462,-63.24364,0
693252,449,-65.07069,0
693262,462,-63.24364,0
693272,452,-64.64905,0
693282,451,-64.7896,0
693292,453,-64.50851,0
693302,454,-64.36797,0
693312,456,-64.08689,0
693322,457,-63.94635,0
693332,456,-64.08689,0
693342,449,-65.07069,0
693352,454,-64.36797,0
693362,449,-65.07069,0
693372,452,-64.64905,0
693382,455,-64.22743,0
693392,454,-64.36797,0
693402,446,-65.4923,0
693412,448,-65.21122,0
693422,452,-64.64905,0
693432,451,-64.7896,0
693442,453,-64.50851,0
693452,457,-63.94635,0
693462,451,-64.7896,0
693472,447,-65.35176,0
693482,456,-64.08689,0
693492,448,-65.21122,0
693502,454,-64.36797,0
693512,452,-64.64905,0
693522,444,-65.77339,0
693532,454,-64.36797,0
693542,455,-64.22743,0
693552,452,-64.64905,0
693562,457,-63.94635,0
693572,451,-64.7896,0
693582,457,-63.94635,0
693592,451,-64.7896,0
693602,457,-63.94635,0
693612,452,-64.64905,0
693622,456,-64.08689,0
693632,454,-64.36797,0
693642,449,-65.07069,0
693652,444,-65.77339,0
693662,452,-64.64905,0
693672,458,-63.80581,0
693682,451,-64.7896,0
693692,464,-62.96256,0
693702,452,-64.64905,0
693712,446,-65.4923,0
693722,447,-65.35176,0
693732,449,-65.07069,0
693742,457,-63.94635,0
693752,446,-65.4923,0
693762,453,-64.50851,0
693772,452,-64.64905,0
693782,461,-63.38418,0
693792,456,-64.08689,0
693802,455,-64.22743,0
693812,456,-64.08689,0
693822,456,-64.08689,0
693832,445,-65.63284,0
693842,454,-64.36797,0
693852,454,-64.36797,0
693862,453,-64.50851,0
693872,449,-65.07069,0
693882,461,-63.38418,0
693892,450,-64.93014,0
693902,456,-64.08689,0
693912,451,-64.7896,0
693922,460,-63.52473,0
693932,455,-64.22743,0
693942,453,-64.50851,0
693952,452,-64.64905,0
693962,456,-64.08689,0
693972,458,-63.80581,0
693982,453,-64.50851,0
693992,456,-64.08689,0
694002,456,-64.08689,0
694012,449,-65.07069,0
694022,452,-64.64905,0
694032,464,-62.96256,0
694042,456,-64.08689,0
694052,457,-63.94635,0
694062,451,-64.7896,0
694072,455,-64.22743,0
694082,451,-64.7896,0
694092,448,-65.21122,0
694102,454,-64.36797,0
694112,448,-65.21122,0
694122,449,-65.07069,0
694132,452,-64.64905,0
694142,454,-64.36797,0
694152,449,-65.07069,0
694162,457,-63.94635,0
694172,459,-63.66527,0
694182,454,-64.36797,0
694192,449,-65.07069,0
694202,448,-65.21122,0
694212,459,-63.66527,0
694222,456,-64.08689,0
694232,451,-64.7896,0
694242,457,-63.94635,0
694252,454,-64.36797,0
694262,454,-64.36797,0
694272,462,-63.24364,0
694282,454,-64.36797,0
694292,461,-63.38418,0
694302,448,-65.21122,0
694312,461,-63.38418,0
694322,452,-64.64905,0
694332,453,-64.50851,0
694342,453,-64.50851,0
694352,449,-65.07069,0
694362,455,-64.22743,0
694372,450,-64.93014,0
694382,451,-64.7896,0
694392,458,-63.80581,0
694402,454,-64.36797,0
694412,454,-64.36797,0
694422,443,-65.91393,0
694432,458,-63.80581,0
694442,460,-63.52473,0
694452,457,-63.94635,0
694462,450,-64.93014,0
694472,457,-63.94635,0
694482,458,-63.80581,0
694492,457,-63.94635,0
694502,455,-64.22743,0
694512,460,-63.52473,0
694522,452,-64.64905,0
694532,455,-64.22743,0
694542,456,-64.08689,0
694552,452,-64.64905,0
694562,460,-63.52473,0
694572,450,-64.93014,0
694582,460,-63.52473,0
694592,456,-64.08689,0
694602,455,-64.22743,0
694612,462,-63.24364,0
694622,451,-64.7896,0
694632,458,-63.80581,0
694642,451,-64.7896,0
694652,449,-65.07069,0
694662,452,-64.64905,0
694672,457,-63.94635,0
694682,457,-63.94635,0
694692,455,-64.22743,0
694702,450,-64.93014,0
694712,456,-64.08689,0
694722,459,-63.66527,0
694732,452,-64.64905,0
694742,448,-65.21122,0
694752,450,-64.93014,0
694762,468,-62.40039,0
694772,451,-64.7896,0
694782,460,-63.52473,0
694792,461,-63.38418,0
694802,455,-64.22743,0
694812,453,-64.50851,0
694822,453,-64.50851,0
694832,459,-63.66527,0
694842,447,-65.35176,0
694852,456,-64.08689,0
694862,461,-63.38418,0
694872,453,-64.50851,0
694882,456,-64.08689,0
694892,451,-64.7896,0
694902,459,-63.66527,0
694912,450,-64.93014,0
694922,455,-64.22743,0
694932,450,-64.93014,0
694942,461,-63.38418,0
694952,451,-64.7896,0
694962,463,-63.1031,0
694972,457,-63.94635,0
694982,453,-64.50851,0
694992,453,-64.50851,0
695002,453,-64.50851,0
695012,457,-63.94635,0
695022,460,-63.52473,0
695032,462,-63.24364,0
695042,453,-64.50851,0
695052,456,-64.08689,0
695062,455,-64.22743,0
695072,455,-64.22743,0
695082,455,-64.22743,0
695092,453,-64.50851,0
695102,454,-64.36797,0
695112,459,-63.66527,0
695122,457,-63.94635,0
695132,467,-62.54094,0
695142,457,-63.94635,0
695152,448,-65.21122,0
695162,459,-63.66527,0
695172,457,-63.94635,0
695182,460,-63.52473,0
695192,453,-64.50851,0
695202,448,-65.21122,0
695212,456,-64.08689,0
695222,456,-64.08689,0
695232,458,-63.80581,0
695242,460,-63.52473,0
695252,456,-64.08689,0
695262,456,-64.08689,0
695272,457,-63.94635,0
695282,460,-63.52473,0
695292,462,-63.24364,0
695302,458,-63.80581,0
695312,457,-63.94635,0
695322,459,-63.66527,0
695332,456,-64.08689,0
695342,461,-63.38418,0
695352,453,-64.50851,0
695362,451,-64.7896,0
695372,465,-62.82202,0
695382,450,-64.93014,0
695392,455,-64.22743,0
695402,449,-65.07069,0
695412,461,-63.38418,0
695422,458,-63.80581,0
695432,461,-63.38418,0
695442,467,-62.54094,0
695452,462,-63.24364,0
695462,459,-63.66527,0
695472,463,-63.1031,0
695482,461,-63.38418,0
695492,457,-63.94635,0
695502,458,-63.80581,0
695512,454,-64.36797,0
695522,456,-64.08689,0
695532,465,-62.82202,0
695542,465,-62.82202,0
695552,453,-64.50851,0
695562,458,-63.80581,0
695572,452,-64.64905,0
695582,458,-63.80581,0
695592,456,-64.08689,0
695602,457,-63.94635,0
695612,448,-65.21122,0
695622,454,-64.36797,0
695632,459,-63.66527,0
695642,453,-64.50851,0
695652,459,-63.66527,0
695662,453,-64.50851,0
695672,453,-64.50851,0
695682,454,-64.36797,0
695692,457,-63.94635,0
695702,455,-64.22743,0
695712,458,-63.80581,0
695722,465,-62.82202,0
695732,461,-63.38418,0
695742,458,-63.80581,0
695752,452,-64.64905,0
695762,461,-63.38418,0
695772,455,-64.22743,0
695782,460,-63.52473,0
695792,451,-64.7896,0
695802,454,-64.36797,0
695812,456,-64.08689,0
695822,455,-64.22743,0
695832,466,-62.68147,0
695842,459,-63.66527,0
695852,448,-65.21122,0
695862,459,-63.66527,0
695872,457,-63.94635,0
695882,458,-63.80581,0
695892,462,-63.24364,0
695902,460,-63.52473,0
695912,461,-63.38418,0
695922,452,-64.64905,0
695932,456,-64.08689,0
695942,459,-63.66527,0
695952,454,-64.36797,0
695962,458,-63.80581,0
695972,452,-64.64905,0
695982,455,-64.22743,0
695992,461,-63.38418,0
696002,461,-63.38418,0
696012,466,-62.68147,0
696022,456,-64.08689,0
696032,456,-64.08689,0
696042,457,-63.94635,0
696052,454,-64.36797,0
696062,451,-64.7896,0
696072,454,-64.36797,0
696082,453,-64.50851,0
696092,456,-64.08689,0
696102,451,-64.7896,0
696112,452,-64.64905,0
696122,453,-64.50851,0
696132,462,-63.24364,0
696142,458,-63.80581,0
696152,462,-63.24364,0
696162,463,-63.1031,0
696172,453,-64.50851,0
696182,463,-63.1031,0
696192,458,-63.80581,0
696202,463,-63.1031,0
696212,459,-63.66527,0
696222,461,-63.38418,0
696232,455,-64.22743,0
696242,461,-63.38418,0
696252,451,-64.7896,0
696262,468,-62.40039,0
696272,464,-62.96256,0
696282,464,-62.96256,0
696292,459,-63.66527,0
696302,459,-63.66527,0
696312,455,-64.22743,0
696322,460,-63.52473,0
696332,450,-64.93014,0
696342,460,-63.52473,0
696352,461,-63.38418,0
696362,457,-63.94635,0
696372,460,-63.52473,0
696382,459,-63.66527,0
696392,457,-63.94635,0
696402,467,-62.54094,0
696412,458,-63.80581,0
696422,468,-62.40039,0
696432,459,-63.66527,0
696442,462,-63.24364,0
696452,458,-63.80581,0
696462,457,-63.94635,0
696472,457,-63.94635,0
696482,464,-62.96256,0
696492,460,-63.52473,0
696502,459,-63.66527,0
696512,459,-63.66527,0
696522,453,-64.50851,0
696532,466,-62.68147,0
696542,458,-63.80581,0
696552,465,-62.82202,0
696562,458,-63.80581,0
696572,465,-62.82202,0
696582,462,-63.24364,0
696592,454,-64.36797,0
696602,456,-64.08689,0
696612,456,-64.08689,0
696622,453,-64.50851,0
696632,459,-63.66527,0
696642,464,-62.96256,0
696652,465,-62.82202,0
696662,453,-64.50851,0
696672,460,-63.52473,0
696682,452,-64.64905,0
696692,461,-63.38418,0
696702,455,-64.22743,0
696712,463,-63.1031,0
696722,462,-63.24364,0
696732,462,-63.24364,0
696742,464,-62.96256,0
696752,453,-64.50851,0
696762,463,-63.1031,0
696772,460,-63.52473,0
696782,459,-63.66527,0
696792,461,-63.38418,0
696802,457,-63.94635,0
696812,451,-64.7896,0
696822,463,-63.1031,0
696832,459,-63.66527,0
696842,459,-63.66527,0
696852,457,-63.94635,0
696862,456,-64.08689,0
696872,453,-64.50851,0
696882,460,-63.52473,0
696892,461,-63.38418,0
696902,452,-64.64905,0
696912,460,-63.52473,0
696922,458,-63.80581,0
696932,458,-63.80581,0
696942,457,-63.94635,0
696952,462,-63.24364,0
696962,456,-64.08689,0
696972,460,-63.52473,0
696982,459,-63.66527,0
696992,460,-63.52473,0
697002,456,-64.08689,0
697012,460,-63.52473,0
697022,462,-63.24364,0
697032,454,-64.36797,0
697042,458,-63.80581,0
697052,457,-63.94635,0
697062,458,-63.80581,0
697072,459,-63.66527,0
697082,459,-63.66527,0
697092,461,-63.38418,0
697102,468,-62.40039,0
697112,456,-64.08689,0
697122,451,-64.7896,0
697132,455,-64.22743,0
697142,459,-63.66527,0
697152,464,-62.96256,0
697162,463,-63.1031,0
697172,460,-63.52473,0
697182,455,-64.22743,0
697192,465,-62.82202,0
697202,459,-63.66527,0
697212,459,-63.66527,0
697222,457,-63.94635,0
697232,465,-62.82202,0
697242,455,-64.22743,0
697252,460,-63.52473,0
697262,465,-62.82202,0
697272,460,-63.52473,0
697282,456,-64.08689,0
697292,461,-63.38418,0
697302,457,-63.94635,0
697312,463,-63.1031,0
697322,463,-63.1031,0
697332,463,-63.1031,0
697342,455,-64.22743,0
697352,462,-63.24364,0
697362,461,-63.38418,0
697372,462,-63.24364,0
697382,458,-63.80581,0
697392,461,-63.38418,0
697402,463,-63.1031,0
697412,459,-63.66527,0
697422,452,-64.64905,0
697432,451,-64.7896,0
697442,470,-62.11931,0
697452,462,-63.24364,0
697462,460,-63.52473,0
697472,462,-63.24364,0
697482,466,-62.68147,0
697492,461,-63.38418,0
697502,457,-63.94635,0
697512,463,-63.1031,0
697522,459,-63.66527,0
697532,458,-63.80581,0
697542,464,-62.96256,0
697552,464,-62.96256,0
697562,462,-63.24364,0
697572,465,-62.82202,0
697582,469,-62.25985,0
697592,465,-62.82202,0
697602,461,-63.38418,0
697612,462,-63.24364,0
697622,463,-63.1031,0
697632,468,-62.40039,0
697642,453,-64.50851,0
697652,465,-62.82202,0
697662,455,-64.22743,0
697672,457,-63.94635,0
697682,459,-63.66527,0
697692,455,-64.22743,0
697702,461,-63.38418,0
697712,454,-64.36797,0
697722,457,-63.94635,0
697732,462,-63.24364,0
697742,459,-63.66527,0
697752,456,-64.08689,0
697762,464,-62.96256,0
697772,461,-63.38418,0
697782,460,-63.52473,0
697792,460,-63.52473,0
697802,460,-63.52473,0
697812,452,-64.64905,0
697822,462,-63.24364,0
697832,458,-63.80581,0
697842,461,-63.38418,0
697852,460,-63.52473,0
697862,462,-63.24364,0
697872,461,-63.38418,0
697882,461,-63.38418,0
697892,457,-63.94635,0
697902,467,-62.54094,0
697912,455,-64.22743,0
697922,455,-64.22743,0
697932,461,-63.38418,0
697942,457,-63.94635,0
697952,458,-63.80581,0
697962,456,-64.08689,0
697972,469,-62.25985,0
697982,459,-63.66527,0
697992,467,-62.54094,0
698002,462,-63.24364,0
698012,463,-63.1031,0
698022,462,-63.24364,0
698032,457,-63.94635,0
698042,469,-62.25985,0
698052,461,-63.38418,0
698062,452,-64.64905,0
698072,459,-63.66527,0
698082,463,-63.1031,0
698092,461,-63.38418,0
698102,464,-62.96256,0
698112,462,-63.24364,0
698122,452,-64.64905,0
698132,459,-63.66527,0
698142,461,-63.38418,0
698152,458,-63.80581,0
698162,459,-63.66527,0
698172,462,-63.24364,0
698182,458,-63.80581,0
698192,459,-63.66527,0
698202,463,-63.1031,0
698212,466,-62.68147,0
698222,451,-64.7896,0
698232,457,-63.94635,0
698242,463,-63.1031,0
698252,461,-63.38418,0
698262,461,-63.38418,0
698272,462,-63.24364,0
698282,455,-64.22743,0
698292,469,-62.25985,0
698302,460,-63.52473,0
698312,469,-62.25985,0
698322,460,-63.52473,0
698332,458,-63.80581,0
698342,457,-63.94635,0
698352,460,-63.52473,0
698362,453,-64.50851,0
698372,458,-63.80581,0
698382,467,-62.54094,0
698392,461,-63.38418,0
698402,460,-63.52473,0
698412,460,-63.52473,0
698422,460,-63.52473,0
698432,458,-63.80581,0
698442,461,-63.38418,0
698452,462,-63.24364,0
698462,465,-62.82202,0
698472,462,-63.24364,0
698482,462,-63.24364,0
698492,460,-63.52473,0
698502,459,-63.66527,0
698512,465,-62.82202,0
698522,461,-63.38418,0
698532,455,-64.22743,0
698542,457,-63.94635,0
698552,464,-62.96256,0
698562,461,-63.38418,0
698572,464,-62.96256,0
698582,462,-63.24364,0
698592,459,-63.66527,0
698602,466,-62.68147,0
698612,464,-62.96256,0
698622,459,-63.66527,0
698632,459,-63.66527,0
698642,460,-63.52473,0
698652,468,-62.40039,0
698662,458,-63.80581,0
698672,460,-63.52473,0
698682,465,-62.82202,0
698692,452,-64.64905,0
698702,460,-63.52473,0
698712,461,-63.38418,0
698722,465,-62.82202,0
698732,464,-62.96256,0
698742,460,-63.52473,0
698752,459,-63.66527,0
698762,460,-63.52473,0
698772,458,-63.80581,0
698782,461,-63.38418,0
698792,457,-63.94635,0
698802,452,-64.64905,0
698812,464,-62.96256,0
698822,460,-63.52473,0
698832,462,-63.24364,0
698842,465,-62.82202,0
698852,465,-62.82202,0
698862,458,-63.80581,0
698872,457,-63.94635,0
698882,457,-63.94635,0
698892,461,-63.38418,0
698902,456,-64.08689,0
698912,463,-63.1031,0
698922,462,-63.24364,0
698932,464,-62.96256,0
698942,464,-62.96256,0
698952,462,-63.24364,0
698962,467,-62.54094,0
698972,469,-62.25985,0
698982,464,-62.96256,0
698992,460,-63.52473,0
699002,462,-63.24364,0
699012,460,-63.52473,0
699022,459,-63.66527,0
699032,461,-63.38418,0
699042,466,-62.68147,0
699052,459,-63.66527,0
699062,462,-63.24364,0
699072,457,-63.94635,0
699082,460,-63.52473,0
699092,462,-63.24364,0
699102,469,-62.25985,0
699112,456,-64.08689,0
699122,462,-63.24364,0
699132,462,-63.24364,0
699142,460,-63.52473,0
699152,465,-62.82202,0
699162,466,-62.68147,0
699172,464,-62.96256,0
699182,463,-63.1031,0
699192,473,-61.69768,0
699202,462,-63.24364,0
699212,462,-63.24364,0
699222,455,-64.22743,0
699232,459,-63.66527,0
699242,462,-63.24364,0
699252,462,-63.24364,0
699262,461,-63.38418,0
699272,458,-63.80581,0
699282,470,-62.11931,0
699292,465,-62.82202,0
699302,462,-63.24364,0
699312,465,-62.82202,0
699322,462,-63.24364,0
699332,459,-63.66527,0
699342,462,-63.24364,0
699352,469,-62.25985,0
699362,461,-63.38418,0
699372,455,-64.22743,0
699382,463,-63.1031,0
699392,461,-63.38418,0
699402,460,-63.52473,0
699412,463,-63.1031,0
699422,457,-63.94635,0
699432,467,-62.54094,0
699442,472,-61.83823,0
699452,456,-64.08689,0
699462,464,-62.96256,0
699472,460,-63.52473,0
699482,463,-63.1031,0
699492,466,-62.68147,0
699502,458,-63.80581,0
699512,472,-61.83823,0
699522,465,-62.82202,0
699532,464,-62.96256,0
699542,467,-62.54094,0
699552,458,-63.80581,0
699562,466,-62.68147,0
699572,460,-63.52473,0
699582,466,-62.68147,0
699592,455,-64.22743,0
699602,464,-62.96256,0
699612,464,-62.96256,0
699622,459,-63.66527,0
699632,465,-62.82202,0
699642,465,-62.82202,0
699652,471,-61.97877,0
699662,460,-63.52473,0
699672,466,-62.68147,0
699682,464,-62.96256,0
699692,461,-63.38418,0
699702,456,-64.08689,0
699712,465,-62.82202,0
699722,462,-63.24364,0
699732,461,-63.38418,0
699742,467,-62.54094,0
699752,464,-62.96256,0
699762,468,-62.40039,0
699772,457,-63.94635,0
699782,463,-63.1031,0
699792,464,-62.96256,0
699802,465,-62.82202,0
699812,465,-62.82202,0
699822,461,-63.38418,0
699832,460,-63.52473,0
699842,464,-62.96256,0
699852,466,-62.68147,0
699862,462,-63.24364,0
699872,466,-62.68147,0
699882,466,-62.68147,0
699892,464,-62.96256,0
699902,465,-62.82202,0
699912,467,-62.54094,0
699922,464,-62.96256,0
699932,461,-63.38418,0
699942,471,-61.97877,0
699952,460,-63.52473,0
699962,464,-62.96256,0
699972,462,-63.24364,0
699982,466,-62.68147,0
699992,468,-62.40039,0
700002,459,-63.66527,0
700012,473,-61.69768,0
700022,465,-62.82202,0
700032,469,-62.25985,0
700042,462,-63.24364,0
700052,463,-63.1031,0
700062,469,-62.25985,0
700072,464,-62.96256,0
700082,463,-63.1031,0
700092,467,-62.54094,0
700102,464,-62.96256,0
700112,458,-63.80581,0
700122,457,-63.94635,0
700132,463,-63.1031,0
700142,461,-63.38418,0
700152,465,-62.82202,0
700162,469,-62.25985,0
700172,462,-63.24364,0
700182,465,-62.82202,0
700192,471,-61.97877,0
700202,463,-63.1031,0
700212,462,-63.24364,0
700222,465,-62.82202,0
700232,465,-62.82202,0
700242,467,-62.54094,0
700252,462,-63.24364,0
700262,473,-61.69768,0
700272,461,-63.38418,0
700282,464,-62.96256,0
700292,462,-63.24364,0
700302,469,-62.25985,0
700312,465,-62.82202,0
700322,460,-63.52473,0
700332,465,-62.82202,0
700342,462,-63.24364,0
700352,465,-62.82202,0
700362,465,-62.82202,0
700372,463,-63.1031,0
700382,461,-63.38418,0
700392,464,-62.96256,0
700402,454,-64.36797,0
700412,468,-62.40039,0
700422,464,-62.96256,0
700432,463,-63.1031,0
700442,465,-62.82202,0
700452,470,-62.11931,0
700462,463,-63.1031,0
700472,469,-62.25985,0
700482,467,-62.54094,0
700492,466,-62.68147,0
700502,465,-62.82202,0
700512,460,-63.52473,0
700522,464,-62.96256,0
700532,468,-62.40039,0
700542,467,-62.54094,0
700552,465,-62.82202,0
700562,467,-62.54094,0
700572,468,-62.40039,0
700582,471,-61.97877,0
700592,462,-63.24364,0
700602,458,-63.80581,0
700612,463,-63.1031,0
700622,464,-62.96256,0
700632,459,-63.66527,0
700642,469,-62.25985,0
700652,465,-62.82202,0
700662,463,-63.1031,0
700672,467,-62.54094,0
700682,459,-63.66527,0
700692,463,-63.1031,0
700702,466,-62.68147,0
700712,467,-62.54094,0
700722,464,-62.96256,0
700732,467,-62.54094,0
700742,458,-63.80581,0
700752,463,-63.1031,0
700762,464,-62.96256,0
700772,462,-63.24364,0
700782,472,-61.83823,0
700792,465,-62.82202,0
700802,464,-62.96256,0
700812,467,-62.54094,0
700822,466,-62.68147,0
700832,468,-62.40039,0
700842,464,-62.96256,0
700852,462,-63.24364,0
700862,469,-62.25985,0
700872,464,-62.96256,0
700882,463,-63.1031,0
700892,462,-63.24364,0
700902,467,-62.54094,0
700912,468,-62.40039,0
700922,462,-63.24364,0
700932,466,-62.68147,0
700942,462,-63.24364,0
700952,457,-63.94635,0
700962,460,-63.52473,0
700972,464,-62.96256,0
700982,463,-63.1031,0
700992,460,-63.52473,0
701002,464,-62.96256,0
701012,469,-62.25985,0
701022,465,-62.82202,0
701032,460,-63.52473,0
701042,465,-62.82202,0
701052,463,-63.1031,0
701062,460,-63.52473,0
701072,467,-62.54094,0
701082,463,-63.1031,0
701092,463,-63.1031,0
701102,470,-62.11931,0
701112,463,-63.1031,0
701122,461,-63.38418,0
701132,468,-62.40039,0
701142,463,-63.1031,0
701152,469,-62.25985,0
701162,462,-63.24364,0
701172,463,-63.1031,0
701182,460,-63.52473,0
701192,464,-62.96256,0
701202,467,-62.54094,0
701212,470,-62.11931,0
701222,461,-63.38418,0
701232,466,-62.68147,0
701242,457,-63.94635,0
701252,462,-63.24364,0
701262,465,-62.82202,0
701272,469,-62.25985,0
701282,470,-62.11931,0
701292,455,-64.22743,0
701302,461,-63.38418,0
701312,470,-62.11931,0
701322,465,-62.82202,0
701332,472,-61.83823,0
701342,462,-63.24364,0
701352,465,-62.82202,0
701362,461,-63.38418,0
701372,465,-62.82202,0
701382,468,-62.40039,0
701392,466,-62.68147,0
701402,464,-62.96256,0
701412,463,-63.1031,0
701422,474,-61.55715,0
701432,466,-62.68147,0
701442,461,-63.38418,0
701452,470,-62.11931,0
701462,465,-62.82202,0
701472,468,-62.40039,0
701482,465,-62.82202,0
701492,463,-63.1031,0
701502,466,-62.68147,0
701512,466,-62.68147,0
701522,469,-62.25985,0
701532,459,-63.66527,0
701542,470,-62.11931,0
701552,463,-63.1031,0
701562,461,-63.38418,0
701572,469,-62.25985,0
701582,467,-62.54094,0
701592,465,-62.82202,0
701602,471,-61.97877,0
701612,469,-62.25985,0
701622,465,-62.82202,0
701632,465,-62.82202,0
701642,459,-63.66527,0
701652,464,-62.96256,0
701662,462,-63.24364,0
701672,470,-62.11931,0
701682,466,-62.68147,0
701692,471,-61.97877,0
701702,461,-63.38418,0
701712,461,-63.38418,0
701722,468,-62.40039,0
701732,467,-62.54094,0
701742,465,-62.82202,0
701752,469,-62.25985,0
701762,458,-63.80581,0
701772,466,-62.68147,0
701782,459,-63.66527,0
701792,459,-63.66527,0
701802,470,-62.11931,0
701812,469,-62.25985,0
701822,464,-62.96256,0
701832,463,-63.1031,0
701842,470,-62.11931,0
701852,467,-62.54094,0
701862,462,-63.24364,0
701872,470,-62.11931,0
701882,470,-62.11931,0
701892,466,-62.68147,0
701902,461,-63.38418,0
701912,461,-63.38418,0
701922,461,-63.38418,0
701932,468,-62.40039,0
701942,467,-62.54094,0
701952,458,-63.80581,0
701962,464,-62.96256,0
701972,467,-62.54094,0
701982,468,-62.40039,0
701992,466,-62.68147,0
702002,470,-62.11931,0
702012,467,-62.54094,0
702022,471,-61.97877,0
702032,464,-62.96256,0
702042,462,-63.24364,0
702052,461,-63.38418,0
702062,468,-62.40039,0
702072,467,-62.54094,0
702082,461,-63.38418,0
702092,464,-62.96256,0
702102,476,-61.27606,0
702112,467,-62.54094,0
702122,467,-62.54094,0
702132,465,-62.82202,0
702142,468,-62.40039,0
702152,464,-62.96256,0
702162,466,-62.68147,0
702172,467,-62.54094,0
702182,469,-62.25985,0
702192,467,-62.54094,0
702202,468,-62.40039,0
702212,464,-62.96256,0
702222,471,-61.97877,0
702232,471,-61.97877,0
702242,465,-62.82202,0
702252,464,-62.96256,0
702262,471,-61.97877,0
702272,463,-63.1031,0
702282,470,-62.11931,0
702292,466,-62.68147,0
702302,465,-62.82202,0
702312,472,-61.83823,0
702322,469,-62.25985,0
702332,463,-63.1031,0
702342,467,-62.54094,0
702352,464,-62.96256,0
702362,468,-62.40039,0
702372,471,-61.97877,0
702382,463,-63.1031,0
702392,465,-62.82202,0
702402,470,-62.11931,0
702412,464,-62.96256,0
702422,476,-61.27606,0
702432,468,-62.40039,0
702442,469,-62.25985,0
702452,467,-62.54094,0
702462,464,-62.96256,0
702472,470,-62.11931,0
702482,464,-62.96256,0
702492,465,-62.82202,0
702502,463,-63.1031,0
702512,467,-62.54094,0
702522,464,-62.96256,0
702532,467,-62.54094,0
702542,474,-61.55715,0
702552,471,-61.97877,0
702562,467,-62.54094,0
702572,462,-63.24364,0
702582,470,-62.11931,0
702592,466,-62.68147,0
702602,473,-61.69768,0
702612,469,-62.25985,0
702622,464,-62.96256,0
702632,465,-62.82202,0
702642,461,-63.38418,0
702652,469,-62.25985,0
702662,469,-62.25985,0
702672,466,-62.68147,0
702682,470,-62.11931,0
702692,467,-62.54094,0
702702,467,-62.54094,0
702712,470,-62.11931,0
702722,462,-63.24364,0
702732,468,-62.40039,0
702742,465,-62.82202,0
702752,468,-62.40039,0
702762,473,-61.69768,0
702772,471,-61.97877,0
702782,474,-61.55715,0
702792,468,-62.40039,0
702802,463,-63.1031,0
702812,469,-62.25985,0
702822,465,-62.82202,0
702832,470,-62.11931,0
702842,463,-63.1031,0
702852,464,-62.96256,0
702862,465,-62.82202,0
702872,469,-62.25985,0
702882,465,-62.82202,0
702892,463,-63.1031,0
702902,471,-61.97877,0
702912,463,-63.1031,0
702922,463,-63.1031,0
702932,464,-62.96256,0
702942,463,-63.1031,0
702952,470,-62.11931,0
702962,468,-62.40039,0
702972,466,-62.68147,0
702982,466,-62.68147,0
702992,469,-62.25985,0
703002,472,-61.83823,0
703012,467,-62.54094,0
703022,465,-62.82202,0
703032,466,-62.68147,0
703042,466,-62.68147,0
703052,468,-62.40039,0
703062,463,-63.1031,0
703072,472,-61.83823,0
703082,467,-62.54094,0
703092,465,-62.82202,0
703102,471,-61.97877,0
703112,459,-63.66527,0
703122,460,-63.52473,0
703132,459,-63.66527,0
703142,462,-63.24364,0
703152,461,-63.38418,0
703162,470,-62.11931,0
703172,474,-61.55715,0
703182,467,-62.54094,0
703192,473,-61.69768,0
703202,474,-61.55715,0
703212,461,-63.38418,0
703222,467,-62.54094,0
703232,467,-62.54094,0
703242,465,-62.82202,0
703252,467,-62.54094,0
703262,473,-61.69768,0
703272,469,-62.25985,0
703282,462,-63.24364,0
703292,466,-62.68147,0
703302,468,-62.40039,0
703312,469,-62.25985,0
703322,475,-61.4166,0
703332,474,-61.55715,0
703342,469,-62.25985,0
703352,471,-61.97877,0
703362,469,-62.25985,0
703372,470,-62.11931,0
703382,470,-62.11931,0
703392,466,-62.68147,0
703402,469,-62.25985,0
703412,471,-61.97877,0
703422,462,-63.24364,0
703432,463,-63.1031,0
703442,476,-61.27606,0
703452,471,-61.97877,0
703462,459,-63.66527,0
703472,471,-61.97877,0
703482,464,-62.96256,0
703492,464,-62.96256,0
703502,468,-62.40039,0
703512,476,-61.27606,0
703522,464,-62.96256,0
703532,467,-62.54094,0
703542,469,-62.25985,0
703552,469,-62.25985,0
703562,468,-62.40039,0
703572,463,-63.1031,0
703582,473,-61.69768,0
703592,469,-62.25985,0
703602,472,-61.83823,0
703612,470,-62.11931,0
703622,463,-63.1031,0
703632,461,-63.38418,0
703642,470,-62.11931,0
703652,474,-61.55715,0
703662,467,-62.54094,0
703672,469,-62.25985,0
703682,464,-62.96256,0
703692,469,-62.25985,0
703702,470,-62.11931,0
703712,466,-62.68147,0
703722,467,-62.54094,0
703732,469,-62.25985,0
703742,474,-61.55715,0
703752,462,-63.24364,0
703762,464,-62.96256,0
703772,472,-61.83823,0
703782,469,-62.25985,0
703792,468,-62.40039,0
703802,472,-61.83823,0
703812,470,-62.11931,0
703822,471,-61.97877,0
703832,479,-60.85443,0
703842,471,-61.97877,0
703852,472,-61.83823,0
703862,478,-60.99498,0
703872,465,-62.82202,0
703882,461,-63.38418,0
703892,466,-62.68147,0
703902,468,-62.40039,0
703912,468,-62.40039,0
703922,469,-62.25985,0
703932,464,-62.96256,0
703942,470,-62.11931,0
703952,472,-61.83823,0
703962,464,-62.96256,0
703972,476,-61.27606,0
703982,467,-62.54094,0
703992,466,-62.68147,0
704002,469,-62.25985,0
704012,472,-61.83823,0
704022,470,-62.11931,0
704032,473,-61.69768,0
704042,471,-61.97877,0
704052,468,-62.40039,0
704062,471,-61.97877,0
704072,461,-63.38418,0
704082,472,-61.83823,0
704092,470,-62.11931,0
704102,470,-62.11931,0
704112,469,-62.25985,0
704122,471,-61.97877,0
704132,470,-62.11931,0
704142,464,-62.96256,0
704152,469,-62.25985,0
704162,468,-62.40039,0
704172,475,-61.4166,0
704182,468,-62.40039,0
704192,475,-61.4166,0
704202,458,-63.80581,0
704212,468,-62.40039,0
704222,473,-61.69768,0
704232,469,-62.25985,0
704242,468,-62.40039,0
704252,469,-62.25985,0
704262,474,-61.55715,0
704272,470,-62.11931,0
704282,476,-61.27606,0
704292,468,-62.40039,0
704302,469,-62.25985,0
704312,469,-62.25985,0
704322,471,-61.97877,0
704332,467,-62.54094,0
704342,466,-62.68147,0
704352,474,-61.55715,0
704362,470,-62.11931,0
704372,469,-62.25985,0
704382,471,-61.97877,0
704392,474,-61.55715,0
704402,477,-61.13552,0
704412,470,-62.11931,0
704422,476,-61.27606,0
704432,468,-62.40039,0
704442,470,-62.11931,0
704452,478,-60.99498,0
704462,472,-61.83823,0
704472,468,-62.40039,0
704482,468,-62.40039,0
704492,472,-61.83823,0
704502,475,-61.4166,0
704512,476,-61.27606,0
704522,471,-61.97877,0
704532,471,-61.97877,0
704542,471,-61.97877,0
704552,471,-61.97877,0
704562,473,-61.69768,0
704572,462,-63.24364,0
704582,468,-62.40039,0
704592,468,-62.40039,0
704602,468,-62.40039,0
704612,469,-62.25985,0
704622,466,-62.68147,0
704632,471,-61.97877,0
704642,472,-61.83823,0
704652,472,-61.83823,0
704662,468,-62.40039,0
704672,468,-62.40039,0
704682,479,-60.85443,0
704692,471,-61.97877,0
704702,467,-62.54094,0
704712,470,-62.11931,0
704722,477,-61.13552,0
704732,472,-61.83823,0
704742,470,-62.11931,0
704752,477,-61.13552,0
704762,474,-61.55715,0
704772,468,-62.40039,0
704782,474,-61.55715,0
704792,475,-61.4166,0
704802,469,-62.25985,0
704812,464,-62.96256,0
704822,469,-62.25985,0
704832,466,-62.68147,0
704842,472,-61.83823,0
704852,473,-61.69768,0
704862,474,-61.55715,0
704872,471,-61.97877,0
704882,471,-61.97877,0
704892,475,-61.4166,0
704902,482,-60.43281,0
704912,470,-62.11931,0
704922,472,-61.83823,0
704932,469,-62.25985,0
704942,472,-61.83823,0
704952,470,-62.11931,0
704962,470,-62.11931,0
704972,473,-61.69768,0
704982,466,-62.68147,0
704992,478,-60.99498,0
705002,473,-61.69768,0
705012,478,-60.99498,0
705022,468,-62.40039,0
705032,465,-62.82202,0
705042,473,-61.69768,0
705052,472,-61.83823,0
705062,470,-62.11931,0
705072,472,-61.83823,0
705082,472,-61.83823,0
705092,473,-61.69768,0
705102,470,-62.11931,0
705112,472,-61.83823,0
705122,467,-62.54094,0
705132,469,-62.25985,0
705142,469,-62.25985,0
705152,465,-62.82202,0
705162,470,-62.11931,0
705172,480,-60.7139,0
705182,473,-61.69768,0
705192,474,-61.55715,0
705202,476,-61.27606,0
705212,470,-62.11931,0
705222,470,-62.11931,0
705232,471,-61.97877,0
705242,468,-62.40039,0
705252,470,-62.11931,0
705262,474,-61.55715,0
705272,469,-62.25985,0
705282,472,-61.83823,0
705292,468,-62.40039,0
705302,472,-61.83823,0
705312,471,-61.97877,0
705322,473,-61.69768,0
705332,471,-61.97877,0
705342,468,-62.40039,0
705352,474,-61.55715,0
705362,472,-61.83823,0
705372,464,-62.96256,0
705382,463,-63.1031,0
705392,471,-61.97877,0
705402,471,-61.97877,0
705412,469,-62.25985,0
705422,473,-61.69768,0
705432,468,-62.40039,0
705442,477,-61.13552,0
705452,473,-61.69768,0
705462,474,-61.55715,0
705472,470,-62.11931,0
705482,474,-61.55715,0
705492,481,-60.57336,0
705502,468,-62.40039,0
705512,467,-62.54094,0
705522,472,-61.83823,0
705532,481,-60.57336,0
705542,473,-61.69768,0
705552,473,-61.69768,0
705562,472,-61.83823,0
705572,466,-62.68147,0
705582,472,-61.83823,0
705592,472,-61.83823,0
705602,472,-61.83823,0
705612,471,-61.97877,0
705622,472,-61.83823,0
705632,470,-62.11931,0
705642,469,-62.25985,0
705652,469,-62.25985,0
705662,470,-62.11931,0
705672,477,-61.13552,0
705682,463,-63.1031,0
705692,463,-63.1031,0
705702,473,-61.69768,0
705712,470,-62.11931,0
705722,470,-62.11931,0
705732,472,-61.83823,0
705742,463,-63.1031,0
705752,467,-62.54094,0
705762,460,-63.52473,0
705772,469,-62.25985,0
705782,468,-62.40039,0
705792,468,-62.40039,0
705802,472,-61.83823,0
705812,468,-62.40039,0
705822,469,-62.25985,0
705832,471,-61.97877,0
705842,468,-62.40039,0
705852,463,-63.1031,0
705862,468,-62.40039,0
705872,477,-61.13552,0
705882,481,-60.57336,0
705892,473,-61.69768,0
705902,475,-61.4166,0
705912,470,-62.11931,0
705922,476,-61.27606,0
705932,466,-62.68147,0
705942,472,-61.83823,0
705952,473,-61.69768,0
705962,467,-62.54094,0
705972,478,-60.99498,0
705982,477,-61.13552,0
705992,468,-62.40039,0
706002,468,-62.40039,0
706012,470,-62.11931,0
706022,475,-61.4166,0
706032,473,-61.69768,0
706042,474,-61.55715,0
706052,469,-62.25985,0
706062,467,-62.54094,0
706072,476,-61.27606,0
706082,475,-61.4166,0
706092,469,-62.25985,0
706102,479,-60.85443,0
706112,473,-61.69768,0
706122,466,-62.68147,0
706132,466,-62.68147,0
706142,467,-62.54094,0
706152,472,-61.83823,0
706162,470,-62.11931,0
706172,476,-61.27606,0
706182,473,-61.69768,0
706192,469,-62.25985,0
706202,476,-61.27606,0
706212,470,-62.11931,0
706222,475,-61.4166,0
706232,467,-62.54094,0
706242,472,-61.83823,0
706252,478,-60.99498,0
706262,471,-61.97877,0
706272,473,-61.69768,0
706282,470,-62.11931,0
706292,475,-61.4166,0
706302,475,-61.4166,0
706312,473,-61.69768,0
706322,473,-61.69768,0
706332,473,-61.69768,0
706342,474,-61.55715,0
706352,470,-62.11931,0
706362,472,-61.83823,0
706372,471,-61.97877,0
706382,471,-61.97877,0
706392,471,-61.97877,0
706402,472,-61.83823,0
706412,471,-61.97877,0
706422,475,-61.4166,0
706432,467,-62.54094,0
706442,475,-61.4166,0
706452,474,-61.55715,0
706462,470,-62.11931,0
706472,477,-61.13552,0
706482,475,-61.4166,0
706492,479,-60.85443,0
706502,471,-61.97877,0
706512,472,-61.83823,0
706522,472,-61.83823,0
706532,468,-62.40039,0
706542,473,-61.69768,0
706552,473,-61.69768,0
706562,477,-61.13552,0
706572,474,-61.55715,0
706582,470,-62.11931,0
706592,479,-60.85443,0
706602,474,-61.55715,0
706612,466,-62.68147,0
706622,476,-61.27606,0
706632,475,-61.4166,0
706642,471,-61.97877,0
706652,475,-61.4166,0
706662,470,-62.11931,0
706672,476,-61.27606,0
706682,470,-62.11931,0
706692,475,-61.4166,0
706702,471,-61.97877,0
706712,470,-62.11931,0
706722,474,-61.55715,0
706732,473,-61.69768,0
706742,472,-61.83823,0
706752,466,-62.68147,0
706762,474,-61.55715,0
706772,474,-61.55715,0
706782,475,-61.4166,0
706792,472,-61.83823,0
706802,471,-61.97877,0
706812,469,-62.25985,0
706822,468,-62.40039,0
706832,479,-60.85443,0
706842,469,-62.25985,0
706852,475,-61.4166,0
706862,466,-62.68147,0
706872,471,-61.97877,0
706882,479,-60.85443,0
706892,468,-62.40039,0
706902,480,-60.7139,0
706912,468,-62.40039,0
706922,477,-61.13552,0
706932,475,-61.4166,0
706942,469,-62.25985,0
706952,479,-60.85443,0
706962,473,-61.69768,0
706972,476,-61.27606,0
706982,467,-62.54094,0
706992,480,-60.7139,0
707002,467,-62.54094,0
707012,474,-61.55715,0
707022,473,-61.69768,0
707032,471,-61.97877,0
707042,476,-61.27606,0
707052,478,-60.99498,0
707062,471,-61.97877,0
707072,474,-61.55715,0
707082,474,-61.55715,0
707092,472,-61.83823,0
707102,472,-61.83823,0
707112,467,-62.54094,0
707122,470,-62.11931,0
707132,470,-62.11931,0
707142,471,-61.97877,0
707152,470,-62.11931,0
707162,468,-62.40039,0
707172,472,-61.83823,0
707182,470,-62.11931,0
707192,472,-61.83823,0
707202,473,-61.69768,0
707212,469,-62.25985,0
707222,475,-61.4166,0
707232,481,-60.57336,0
707242,477,-61.13552,0
707252,470,-62.11931,0
707262,470,-62.11931,0
707272,467,-62.54094,0
707282,471,-61.97877,0
707292,470,-62.11931,0
707302,468,-62.40039,0
707312,469,-62.25985,0
707322,477,-61.13552,0
707332,475,-61.4166,0
707342,475,-61.4166,0
707352,476,-61.27606,0
707362,469,-62.25985,0
707372,471,-61.97877,0
707382,483,-60.29227,0
707392,475,-61.4166,0
707402,469,-62.25985,0
707412,470,-62.11931,0
707422,476,-61.27606,0
707432,471,-61.97877,0
707442,469,-62.25985,0
707452,479,-60.85443,0
707462,472,-61.83823,0
707472,477,-61.13552,0
707482,474,-61.55715,0
707492,482,-60.43281,0
707502,479,-60.85443,0
707512,469,-62.25985,0
707522,476,-61.27606,0
707532,477,-61.13552,0
707542,477,-61.13552,0
707552,478,-60.99498,0
707562,468,-62.40039,0
707572,469,-62.25985,0
707582,475,-61.4166,0
707592,474,-61.55715,0
707602,472,-61.83823,0
707612,467,-62.54094,0
707622,478,-60.99498,0
707632,469,-62.25985,0
707642,474,-61.55715,0
707652,475,-61.4166,0
707662,471,-61.97877,0
707672,476,-61.27606,0
707682,471,-61.97877,0
707692,481,-60.57336,0
707702,474,-61.55715,0
707712,476,-61.27606,0
707722,477,-61.13552,0
707732,472,-61.83823,0
707742,478,-60.99498,0
707752,474,-61.55715,0
707762,480,-60.7139,0
707772,468,-62.40039,0
707782,476,-61.27606,0
707792,476,-61.27606,0
707802,476,-61.27606,0
707812,466,-62.68147,0
707822,477,-61.13552,0
707832,469,-62.25985,0
707842,476,-61.27606,0
707852,476,-61.27606,0
707862,474,-61.55715,0
707872,473,-61.69768,0
707882,472,-61.83823,0
707892,476,-61.27606,0
707902,477,-61.13552,0
707912,477,-61.13552,0
707922,471,-61.97877,0
707932,470,-62.11931,0
707942,477,-61.13552,0
707952,483,-60.29227,0
707962,470,-62.11931,0
707972,475,-61.4166,0
707982,475,-61.4166,0
707992,477,-61.13552,0
708002,477,-61.13552,0
708012,472,-61.83823,0
708022,479,-60.85443,0
708032,475,-61.4166,0
708042,478,-60.99498,0
708052,471,-61.97877,0
708062,472,-61.83823,0
708072,471,-61.97877,0
708082,472,-61.83823,0
708092,471,-61.97877,0
708102,477,-61.13552,0
708112,472,-61.83823,0
708122,474,-61.55715,0
708132,471,-61.97877,0
708142,480,-60.7139,0
708152,476,-61.27606,0
708162,475,-61.4166,0
708172,467,-62.54094,0
708182,475,-61.4166,0
708192,469,-62.25985,0
708202,476,-61.27606,0
708212,469,-62.25985,0
708222,469,-62.25985,0
708232,478,-60.99498,0
708242,478,-60.99498,0
708252,472,-61.83823,0
708262,476,-61.27606,0
708272,474,-61.55715,0
708282,474,-61.55715,0
708292,472,-61.83823,0
708302,474,-61.55715,0
708312,471,-61.97877,0
708322,478,-60.99498,0
708332,476,-61.27606,0
708342,473,-61.69768,0
708352,474,-61.55715,0
708362,476,-61.27606,0
708372,483,-60.29227,0
708382,470,-62.11931,0
708392,473,-61.69768,0
708402,472,-61.83823,0
708412,480,-60.7139,0
708422,467,-62.54094,0
708432,478,-60.99498,0
708442,478,-60.99498,0
708452,480,-60.7139,0
708462,479,-60.85443,0
708472,475,-61.4166,0
708482,472,-61.83823,0
708492,478,-60.99498,0
708502,476,-61.27606,0
708512,478,-60.99498,0
708522,475,-61.4166,0
708532,478,-60.99498,0
708542,476,-61.27606,0
708552,468,-62.40039,0
708562,486,-59.87064,0
708572,475,-61.4166,0
708582,480,-60.7139,0
708592,471,-61.97877,0
708602,478,-60.99498,0
708612,470,-62.11931,0
708622,478,-60.99498,0
708632,479,-60.85443,0
708642,475,-61.4166,0
708652,475,-61.4166,0
708662,475,-61.4166,0
708672,471,-61.97877,0
708682,470,-62.11931,0
708692,479,-60.85443,0
708702,476,-61.27606,0
708712,475,-61.4166,0
708722,475,-61.4166,0
708732,474,-61.55715,0
708742,479,-60.85443,0
708752,475,-61.4166,0
708762,479,-60.85443,0
708772,476,-61.27606,0
708782,474,-61.55715,0
708792,476,-61.27606,0
708802,475,-61.4166,0
708812,474,-61.55715,0
708822,476,-61.27606,0
708832,473,-61.69768,0
708842,475,-61.4166,0
708852,476,-61.27606,0
708862,475,-61.4166,0
708872,472,-61.83823,0
708882,481,-60.57336,0
708892,473,-61.69768,0
708902,479,-60.85443,0
708912,473,-61.69768,0
708922,476,-61.27606,0
708932,474,-61.55715,0
708942,477,-61.13552,0
708952,482,-60.43281,0
708962,477,-61.13552,0
708972,483,-60.29227,0
708982,478,-60.99498,0
708992,474,-61.55715,0
709002,472,-61.83823,0
709012,483,-60.29227,0
709022,475,-61.4166,0
709032,473,-61.69768,0
709042,483,-60.29227,0
709052,482,-60.43281,0
709062,475,-61.4166,0
709072,474,-61.55715,0
709082,478,-60.99498,0
709092,473,-61.69768,0
709102,477,-61.13552,0
709112,480,-60.7139,0
709122,469,-62.25985,0
709132,476,-61.27606,0
709142,472,-61.83823,0
709152,471,-61.97877,0
709162,471,-61.97877,0
709172,475,-61.4166,0
709182,474,-61.55715,0
709192,472,-61.83823,0
709202,480,-60.7139,0
709212,473,-61.69768,0
709222,473,-61.69768,0
709232,470,-62.11931,0
709242,485,-60.01119,0
709252,471,-61.97877,0
709262,474,-61.55715,0
709272,482,-60.43281,0
709282,474,-61.55715,0
709292,473,-61.69768,0
709302,470,-62.11931,0
709312,479,-60.85443,0
709322,474,-61.55715,0
709332,483,-60.29227,0
709342,474,-61.55715,0
709352,475,-61.4166,0
709362,483,-60.29227,0
709372,481,-60.57336,0
709382,480,-60.7139,0
709392,479,-60.85443,0
709402,476,-61.27606,0
709412,481,-60.57336,0
709422,478,-60.99498,0
709432,478,-60.99498,0
709442,473,-61.69768,0
709452,484,-60.15173,0
709462,482,-60.43281,0
709472,472,-61.83823,0
709482,469,-62.25985,0
709492,469,-62.25985,0
709502,476,-61.27606,0
709512,479,-60.85443,0
709522,470,-62.11931,0
709532,475,-61.4166,0
709542,478,-60.99498,0
709552,473,-61.69768,0
709562,475,-61.4166,0
709572,476,-61.27606,0
709582,482,-60.43281,0
709592,470,-62.11931,0
709602,470,-62.11931,0
709612,477,-61.13552,0
709622,475,-61.4166,0
709632,477,-61.13552,0
709642,479,-60.85443,0
709652,478,-60.99498,0
709662,474,-61.55715,0
709672,481,-60.57336,0
709682,471,-61.97877,0
709692,472,-61.83823,0
709702,482,-60.43281,0
709712,476,-61.27606,0
709722,478,-60.99498,0
709732,472,-61.83823,0
709742,479,-60.85443,0
709752,477,-61.13552,0
709762,475,-61.4166,0
709772,475,-61.4166,0
709782,481,-60.57336,0
709792,475,-61.4166,0
709802,478,-60.99498,0
709812,477,-61.13552,0
709822,479,-60.85443,0
709832,470,-62.11931,0
709842,472,-61.83823,0
709852,479,-60.85443,0
709862,479,-60.85443,0
709872,479,-60.85443,0
709882,481,-60.57336,0
709892,475,-61.4166,0
709902,483,-60.29227,0
709912,479,-60.85443,0
709922,479,-60.85443,0
709932,472,-61.83823,0
709942,472,-61.83823,0
709952,477,-61.13552,0
709962,483,-60.29227,0
709972,477,-61.13552,0
709982,478,-60.99498,0
709992,479,-60.85443,0
710002,481,-60.57336,0
710012,480,-60.7139,0
710022,475,-61.4166,0
710032,476,-61.27606,0
710042,473,-61.69768,0
710052,474,-61.55715,0
710062,473,-61.69768,0
710072,475,-61.4166,0
710082,473,-61.69768,0
710092,475,-61.4166,0
710102,479,-60.85443,0
710112,477,-61.13552,0
710122,476,-61.27606,0
710132,480,-60.7139,0
710142,475,-61.4166,0
710152,480,-60.7139,0
710162,482,-60.43281,0
710172,474,-61.55715,0
710182,472,-61.83823,0
710192,477,-61.13552,0
710202,480,-60.7139,0
710212,473,-61.69768,0
710222,485,-60.01119,0
710232,479,-60.85443,0
710242,481,-60.57336,0
710252,479,-60.85443,0
710262,477,-61.13552,0
710272,477,-61.13552,0
710282,473,-61.69768,0
710292,479,-60.85443,0
710302,472,-61.83823,0
710312,485,-60.01119,0
710322,485,-60.01119,0
710332,482,-60.43281,0
710342,482,-60.43281,0
710352,469,-62.25985,0
710362,472,-61.83823,0
710372,483,-60.29227,0
710382,489,-59.44902,0
710392,482,-60.43281,0
710402,476,-61.27606,0
710412,475,-61.4166,0
710422,475,-61.4166,0
710432,476,-61.27606,0
710442,481,-60.57336,0
710452,485,-60.01119,0
710462,480,-60.7139,0
710472,482,-60.43281,0
710482,478,-60.99498,0
710492,472,-61.83823,0
710502,476,-61.27606,0
710512,476,-61.27606,0
710522,474,-61.55715,0
710532,476,-61.27606,0
710542,479,-60.85443,0
710552,477,-61.13552,0
710562,481,-60.57336,0
710572,478,-60.99498,0
710582,478,-60.99498,0
710592,484,-60.15173,0
710602,477,-61.13552,0
710612,479,-60.85443,0
710622,483,-60.29227,0
710632,482,-60.43281,0
710642,474,-61.55715,0
710652,484,-60.15173,0
710662,481,-60.57336,0
710672,480,-60.7139,0
710682,476,-61.27606,0
710692,476,-61.27606,0
710702,476,-61.27606,0
710712,480,-60.7139,0
710722,483,-60.29227,0
710732,478,-60.99498,0
710742,480,-60.7139,0
710752,476,-61.27606,0
710762,469,-62.25985,0
710772,479,-60.85443,0
710782,475,-61.4166,0
710792,478,-60.99498,0
710802,484,-60.15173,0
710812,482,-60.43281,0
710822,472,-61.83823,0
710832,479,-60.85443,0
710842,477,-61.13552,0
710852,473,-61.69768,0
710862,481,-60.57336,0
710872,478,-60.99498,0
710882,477,-61.13552,0
710892,469,-62.25985,0
710902,480,-60.7139,0
710912,479,-60.85443,0
710922,484,-60.15173,0
710932,473,-61.69768,0
710942,481,-60.57336,0
710952,476,-61.27606,0
710962,474,-61.55715,0
710972,482,-60.43281,0
710982,473,-61.69768,0
710992,476,-61.27606,0
711002,477,-61.13552,0
711012,483,-60.29227,0
711022,481,-60.57336,0
711032,482,-60.43281,0
711042,481,-60.57336,0
711052,486,-59.87064,0
711062,482,-60.43281,0
711072,483,-60.29227,0
711082,484,-60.15173,0
711092,481,-60.57336,0
711102,477,-61.13552,0
711112,474,-61.55715,0
711122,479,-60.85443,0
711132,475,-61.4166,0
711142,482,-60.43281,0
711152,473,-61.69768,0
711162,473,-61.69768,0
711172,479,-60.85443,0
711182,477,-61.13552,0
711192,480,-60.7139,0
711202,473,-61.69768,0
711212,480,-60.7139,0
711222,479,-60.85443,0
711232,480,-60.7139,0
711242,475,-61.4166,0
711252,477,-61.13552,0
711262,479,-60.85443,0
711272,482,-60.43281,0
711282,471,-61.97877,0
711292,481,-60.57336,0
711302,478,-60.99498,0
711312,477,-61.13552,0
711322,485,-60.01119,0
711332,467,-62.54094,0
711342,476,-61.27606,0
711352,478,-60.99498,0
711362,484,-60.15173,0
711372,477,-61.13552,0
711382,475,-61.4166,0
711392,473,-61.69768,0
711402,478,-60.99498,0
711412,480,-60.7139,0
711422,488,-59.58957,0
711432,476,-61.27606,0
711442,482,-60.43281,0
711452,476,-61.27606,0
711462,482,-60.43281,0
711472,481,-60.57336,0
711482,477,-61.13552,0
711492,480,-60.7139,0
711502,475,-61.4166,0
711512,471,-61.97877,0
711522,484,-60.15173,0
711532,475,-61.4166,0
711542,479,-60.85443,0
711552,474,-61.55715,0
711562,477,-61.13552,0
711572,475,-61.4166,0
711582,480,-60.7139,0
711592,473,-61.69768,0
711602,475,-61.4166,0
711612,475,-61.4166,0
711622,484,-60.15173,0
711632,480,-60.7139,0
711642,483,-60.29227,0
711652,479,-60.85443,0
711662,470,-62.11931,0
711672,479,-60.85443,0
711682,475,-61.4166,0
711692,474,-61.55715,0
711702,477,-61.13552,0
711712,477,-61.13552,0
711722,474,-61.55715,0
711732,474,-61.55715,0
711742,473,-61.69768,0
711752,479,-60.85443,0
711762,478,-60.99498,0
711772,479,-60.85443,0
711782,476,-61.27606,0
711792,485,-60.01119,0
711802,477,-61.13552,0
711812,473,-61.69768,0
711822,474,-61.55715,0
711832,478,-60.99498,0
711842,477,-61.13552,0
711852,477,-61.13552,0
711862,484,-60.15173,0
711872,481,-60.57336,0
711882,479,-60.85443,0
711892,480,-60.7139,0
711902,478,-60.99498,0
711912,482,-60.43281,0
711922,478,-60.99498,0
711932,482,-60.43281,0
711942,475,-61.4166,0
711952,479,-60.85443,0
711962,480,-60.7139,0
711972,478,-60.99498,0
711982,473,-61.69768,0
711992,473,-61.69768,0
712002,482,-60.43281,0
712012,480,-60.7139,0
712022,485,-60.01119,0
712032,476,-61.27606,0
712042,482,-60.43281,0
712052,483,-60.29227,0
712062,478,-60.99498,0
712072,485,-60.01119,0
712082,478,-60.99498,0
712092,480,-60.7139,0
712102,476,-61.27606,0
712112,482,-60.43281,0
712122,475,-61.4166,0
712132,475,-61.4166,0
712142,476,-61.27606,0
712152,478,-60.99498,0
712162,477,-61.13552,0
712172,478,-60.99498,0
712182,476,-61.27606,0
712192,479,-60.85443,0
712202,479,-60.85443,0
712212,480,-60.7139,0
712222,478,-60.99498,0
712232,473,-61.69768,0
712242,480,-60.7139,0
712252,475,-61.4166,0
712262,484,-60.15173,0
712272,486,-59.87064,0
712282,487,-59.73011,0
712292,481,-60.57336,0
712302,481,-60.57336,0
712312,484,-60.15173,0
712322,480,-60.7139,0
712332,486,-59.87064,0
712342,482,-60.43281,0
712352,480,-60.7139,0
712362,483,-60.29227,0
712372,478,-60.99498,0
712382,488,-59.58957,0
712392,482,-60.43281,0
712402,482,-60.43281,0
712412,482,-60.43281,0
712422,479,-60.85443,0
712432,479,-60.85443,0
712442,481,-60.57336,0
712452,479,-60.85443,0
712462,479,-60.85443,0
712472,481,-60.57336,0
712482,480,-60.7139,0
712492,487,-59.73011,0
712502,484,-60.15173,0
712512,477,-61.13552,0
712522,483,-60.29227,0
712532,479,-60.85443,0
712542,488,-59.58957,0
712552,477,-61.13552,0
712562,487,-59.73011,0
712572,478,-60.99498,0
712582,479,-60.85443,0
712592,475,-61.4166,0
712602,488,-59.58957,0
712612,478,-60.99498,0
712622,480,-60.7139,0
712632,487,-59.73011,0
712642,484,-60.15173,0
712652,479,-60.85443,0
712662,482,-60.43281,0
712672,481,-60.57336,0
712682,485,-60.01119,0
712692,476,-61.27606,0
712702,482,-60.43281,0
712712,482,-60.43281,0
712722,484,-60.15173,0
712732,480,-60.7139,0
712742,482,-60.43281,0
712752,481,-60.57336,0
712762,476,-61.27606,0
712772,481,-60.57336,0
712782,485,-60.01119,0
712792,483,-60.29227,0
712802,482,-60.43281,0
712812,482,-60.43281,0
712822,476,-61.27606,0
712832,483,-60.29227,0
712842,482,-60.43281,0
712852,482,-60.43281,0
712862,488,-59.58957,0
712872,477,-61.13552,0
712882,487,-59.73011,0
712892,477,-61.13552,0
712902,483,-60.29227,0
712912,486,-59.87064,0
712922,479,-60.85443,0
712932,482,-60.43281,0
712942,481,-60.57336,0
712952,479,-60.85443,0
712962,477,-61.13552,0
712972,487,-59.73011,0
712982,484,-60.15173,0
712992,479,-60.85443,0
713002,476,-61.27606,0
713012,481,-60.57336,0
713022,478,-60.99498,0
713032,482,-60.43281,0
713042,483,-60.29227,0
713052,484,-60.15173,0
713062,483,-60.29227,0
713072,471,-61.97877,0
713082,479,-60.85443,0
713092,477,-61.13552,0
713102,477,-61.13552,0
713112,481,-60.57336,0
713122,473,-61.69768,0
713132,481,-60.57336,0
713142,483,-60.29227,0
713152,484,-60.15173,0
713162,484,-60.15173,0
713172,483,-60.29227,0
713182,478,-60.99498,0
713192,483,-60.29227,0
713202,480,-60.7139,0
713212,480,-60.7139,0
713222,478,-60.99498,0
713232,477,-61.13552,0
713242,483,-60.29227,0
713252,473,-61.69768,0
713262,478,-60.99498,0
713272,486,-59.87064,0
713282,479,-60.85443,0
713292,483,-60.29227,0
713302,477,-61.13552,0
713312,482,-60.43281,0
713322,483,-60.29227,0
713332,493,-58.88685,0
713342,480,-60.7139,0
713352,475,-61.4166,0
713362,482,-60.43281,0
713372,485,-60.01119,0
713382,483,-60.29227,0
713392,474,-61.55715,0
713402,489,-59.44902,0
713412,478,-60.99498,0
713422,480,-60.7139,0
713432,479,-60.85443,0
713442,483,-60.29227,0
713452,484,-60.15173,0
713462,479,-60.85443,0
713472,477,-61.13552,0
713482,483,-60.29227,0
713492,479,-60.85443,0
713502,479,-60.85443,0
713512,488,-59.58957,0
713522,477,-61.13552,0
713532,488,-59.58957,0
713542,484,-60.15173,0
713552,480,-60.7139,0
713562,480,-60.7139,0
713572,484,-60.15173,0
713582,489,-59.44902,0
713592,477,-61.13552,0
713602,479,-60.85443,0
713612,477,-61.13552,0
713622,483,-60.29227,0
713632,487,-59.73011,0
713642,480,-60.7139,0
713652,487,-59.73011,0
713662,481,-60.57336,0
713672,485,-60.01119,0
713682,479,-60.85443,0
713692,476,-61.27606,0
713702,481,-60.57336,0
713712,482,-60.43281,0
713722,479,-60.85443,0
713732,485,-60.01119,0
713742,483,-60.29227,0
713752,478,-60.99498,0
713762,473,-61.69768,0
713772,488,-59.58957,0
713782,488,-59.58957,0
713792,480,-60.7139,0
713802,476,-61.27606,0
713812,482,-60.43281,0
713822,483,-60.29227,0
713832,484,-60.15173,0
713842,483,-60.29227,0
713852,479,-60.85443,0
713862,485,-60.01119,0
713872,486,-59.87064,0
713882,483,-60.29227,0
713892,486,-59.87064,0
713902,472,-61.83823,0
713912,482,-60.43281,0
713922,489,-59.44902,0
713932,481,-60.57336,0
713942,486,-59.87064,0
713952,481,-60.57336,0
713962,483,-60.29227,0
713972,486,-59.87064,0
713982,484,-60.15173,0
713992,481,-60.57336,0
714002,484,-60.15173,0
714012,480,-60.7139,0
714022,486,-59.87064,0
714032,484,-60.15173,0
714042,474,-61.55715,0
714052,481,-60.57336,0
714062,477,-61.13552,0
714072,480,-60.7139,0
714082,483,-60.29227,0
714092,480,-60.7139,0
714102,481,-60.57336,0
714112,484,-60.15173,0
714122,482,-60.43281,0
714132,478,-60.99498,0
714142,480,-60.7139,0
714152,477,-61.13552,0
714162,485,-60.01119,0
714172,481,-60.57336,0
714182,477,-61.13552,0
714192,477,-61.13552,0
714202,476,-61.27606,0
714212,476,-61.27606,0
714222,481,-60.57336,0
714232,485,-60.01119,0
714242,486,-59.87064,0
714252,478,-60.99498,0
714262,492,-59.0274,0
714272,484,-60.15173,0
714282,480,-60.7139,0
714292,484,-60.15173,0
714302,484,-60.15173,0
714312,484,-60.15173,0
714322,487,-59.73011,0
714332,478,-60.99498,0
714342,486,-59.87064,0
714352,479,-60.85443,0
714362,480,-60.7139,0
714372,485,-60.01119,0
714382,477,-61.13552,0
714392,480,-60.7139,0
714402,488,-59.58957,0
714412,482,-60.43281,0
714422,485,-60.01119,0
714432,484,-60.15173,0
714442,484,-60.15173,0
714452,486,-59.87064,0
714462,479,-60.85443,0
714472,479,-60.85443,0
714482,491,-59.16794,0
714492,489,-59.44902,0
714502,483,-60.29227,0
714512,485,-60.01119,0
714522,478,-60.99498,0
714532,488,-59.58957,0
714542,490,-59.30848,0
714552,482,-60.43281,0
714562,480,-60.7139,0
714572,482,-60.43281,0
714582,484,-60.15173,0
714592,482,-60.43281,0
714602,481,-60.57336,0
714612,487,-59.73011,0
714622,484,-60.15173,0
714632,485,-60.01119,0
714642,479,-60.85443,0
714652,487,-59.73011,0
714662,486,-59.87064,0
714672,486,-59.87064,0
714682,488,-59.58957,0
714692,488,-59.58957,0
714702,476,-61.27606,0
714712,480,-60.7139,0
714722,488,-59.58957,0
714732,486,-59.87064,0
714742,483,-60.29227,0
714752,474,-61.55715,0
714762,486,-59.87064,0
714772,485,-60.01119,0
714782,487,-59.73011,0
714792,482,-60.43281,0
714802,479,-60.85443,0
714812,485,-60.01119,0
714822,479,-60.85443,0
714832,481,-60.57336,0
714842,483,-60.29227,0
714852,478,-60.99498,0
714862,483,-60.29227,0
714872,483,-60.29227,0
714882,481,-60.57336,0
714892,484,-60.15173,0
714902,490,-59.30848,0
714912,483,-60.29227,0
714922,480,-60.7139,0
714932,476,-61.27606,0
714942,482,-60.43281,0
714952,480,-60.7139,0
714962,478,-60.99498,0
714972,480,-60.7139,0
714982,480,-60.7139,0
714992,486,-59.87064,0
715002,478,-60.99498,0
715012,486,-59.87064,0
715022,486,-59.87064,0
715032,486,-59.87064,0
715042,482,-60.43281,0
715052,481,-60.57336,0
715062,485,-60.01119,0
715072,482,-60.43281,0
715082,483,-60.29227,0
715092,486,-59.87064,0
715102,483,-60.29227,0
715112,489,-59.44902,0
715122,482,-60.43281,0
715132,477,-61.13552,0
715142,483,-60.29227,0
715152,477,-61.13552,0
715162,485,-60.01119,0
715172,485,-60.01119,0
715182,480,-60.7139,0
715192,483,-60.29227,0
715202,483,-60.29227,0
715212,482,-60.43281,0
715222,489,-59.44902,0
715232,480,-60.7139,0
715242,477,-61.13552,0
715252,477,-61.13552,0
715262,487,-59.73011,0
715272,487,-59.73011,0
715282,484,-60.15173,0
715292,486,-59.87064,0
715302,482,-60.43281,0
715312,483,-60.29227,0
715322,483,-60.29227,0
715332,478,-60.99498,0
715342,481,-60.57336,0
715352,477,-61.13552,0
715362,486,-59.87064,0
715372,486,-59.87064,0
715382,485,-60.01119,0
715392,488,-59.58957,0
715402,481,-60.57336,0
715412,484,-60.15173,0
715422,495,-58.60577,0
715432,483,-60.29227,0
715442,485,-60.01119,0
715452,494,-58.74631,0
715462,483,-60.29227,0
715472,484,-60.15173,0
715482,487,-59.73011,0
715492,489,-59.44902,0
715502,483,-60.29227,0
715512,486,-59.87064,0
715522,490,-59.30848,0
715532,489,-59.44902,0
715542,483,-60.29227,0
715552,485,-60.01119,0
715562,488,-59.58957,0
715572,482,-60.43281,0
715582,482,-60.43281,0
715592,486,-59.87064,0
715602,483,-60.29227,0
715612,482,-60.43281,0
715622,476,-61.27606,0
715632,486,-59.87064,0
715642,482,-60.43281,0
715652,490,-59.30848,0
715662,485,-60.01119,0
715672,480,-60.7139,0
715682,483,-60.29227,0
715692,486,-59.87064,0
715702,483,-60.29227,0
715712,484,-60.15173,0
715722,488,-59.58957,0
715732,487,-59.73011,0
715742,491,-59.16794,0
715752,479,-60.85443,0
715762,487,-59.73011,0
715772,479,-60.85443,0
715782,485,-60.01119,0
715792,490,-59.30848,0
715802,482,-60.43281,0
715812,490,-59.30848,0
715822,489,-59.44902,0
715832,494,-58.74631,0
715842,484,-60.15173,0
715852,485,-60.01119,0
715862,483,-60.29227,0
715872,485,-60.01119,0
715882,489,-59.44902,0
715892,490,-59.30848,0
715902,485,-60.01119,0
715912,484,-60.15173,0
715922,484,-60.15173,0
715932,489,-59.44902,0
715942,489,-59.44902,0
715952,475,-61.4166,0
715962,481,-60.57336,0
715972,484,-60.15173,0
715982,484,-60.15173,0
715992,483,-60.29227,0
716002,477,-61.13552,0
716012,494,-58.74631,0
716022,485,-60.01119,0
716032,494,-58.74631,0
716042,490,-59.30848,0
716052,481,-60.57336,0
716062,490,-59.30848,0
716072,479,-60.85443,0
716082,488,-59.58957,0
716092,486,-59.87064,0
716102,479,-60.85443,0
716112,483,-60.29227,0
716122,479,-60.85443,0
716132,492,-59.0274,0
716142,480,-60.7139,0
716152,484,-60.15173,0
716162,485,-60.01119,0
716172,485,-60.01119,0
716182,478,-60.99498,0
716192,487,-59.73011,0
716202,483,-60.29227,0
716212,485,-60.01119,0
716222,485,-60.01119,0
716232,487,-59.73011,0
716242,481,-60.57336,0
716252,480,-60.7139,0
716262,488,-59.58957,0
716272,483,-60.29227,0
716282,484,-60.15173,0
716292,493,-58.88685,0
716302,489,-59.44902,0
716312,486,-59.87064,0
716322,487,-59.73011,0
716332,483,-60.29227,0
716342,485,-60.01119,0
716352,483,-60.29227,0
716362,481,-60.57336,0
716372,487,-59.73011,0
716382,478,-60.99498,0
716392,486,-59.87064,0
716402,482,-60.43281,0
716412,490,-59.30848,0
716422,482,-60.43281,0
716432,488,-59.58957,0
716442,490,-59.30848,0
716452,484,-60.15173,0
716462,485,-60.01119,0
716472,485,-60.01119,0
716482,485,-60.01119,0
716492,492,-59.0274,0
716502,489,-59.44902,0
716512,483,-60.29227,0
716522,490,-59.30848,0
716532,480,-60.7139,0
716542,486,-59.87064,0
716552,491,-59.16794,0
716562,483,-60.29227,0
716572,486,-59.87064,0
716582,485,-60.01119,0
716592,482,-60.43281,0
716602,495,-58.60577,0
716612,488,-59.58957,0
716622,492,-59.0274,0
716632,486,-59.87064,0
716642,487,-59.73011,0
716652,490,-59.30848,0
716662,485,-60.01119,0
716672,490,-59.30848,0
716682,485,-60.01119,0
716692,494,-58.74631,0
716702,493,-58.88685,0
716712,482,-60.43281,0
716722,490,-59.30848,0
716732,482,-60.43281,0
716742,489,-59.44902,0
716752,482,-60.43281,0
716762,483,-60.29227,0
716772,487,-59.73011,0
716782,493,-58.88685,0
716792,486,-59.87064,0
716802,487,-59.73011,0
716812,485,-60.01119,0
716822,479,-60.85443,0
716832,493,-58.88685,0
716842,483,-60.29227,0
716852,489,-59.44902,0
716862,491,-59.16794,0
716872,480,-60.7139,0
716882,488,-59.58957,0
716892,487,-59.73011,0
716902,487,-59.73011,0
716912,488,-59.58957,0
716922,494,-58.74631,0
716932,478,-60.99498,0
716942,482,-60.43281,0
716952,483,-60.29227,0
716962,480,-60.7139,0
716972,482,-60.43281,0
716982,492,-59.0274,0
716992,484,-60.15173,0
717002,490,-59.30848,0
717012,481,-60.57336,0
717022,490,-59.30848,0
717032,482,-60.43281,0
717042,491,-59.16794,0
717052,487,-59.73011,0
717062,493,-58.88685,0
717072,486,-59.87064,0
717082,484,-60.15173,0
717092,484,-60.15173,0
717102,492,-59.0274,0
717112,491,-59.16794,0
717122,490,-59.30848,0
717132,488,-59.58957,0
717142,488,-59.58957,0
717152,485,-60.01119,0
717162,484,-60.15173,0
717172,485,-60.01119,0
717182,488,-59.58957,0
717192,482,-60.43281,0
717202,486,-59.87064,0
717212,485,-60.01119,0
717222,489,-59.44902,0
717232,491,-59.16794,0
717242,492,-59.0274,0
717252,491,-59.16794,0
717262,479,-60.85443,0
717272,484,-60.15173,0
717282,482,-60.43281,0
717292,487,-59.73011,0
717302,485,-60.01119,0
717312,493,-58.88685,0
717322,484,-60.15173,0
717332,485,-60.01119,0
717342,485,-60.01119,0
717352,478,-60.99498,0
717362,486,-59.87064,0
717372,484,-60.15173,0
717382,490,-59.30848,0
717392,487,-59.73011,0
717402,487,-59.73011,0
717412,482,-60.43281,0
717422,490,-59.30848,0
717432,488,-59.58957,0
717442,489,-59.44902,0
717452,488,-59.58957,0
717462,488,-59.58957,0
717472,488,-59.58957,0
717482,487,-59.73011,0
717492,483,-60.29227,0
717502,488,-59.58957,0
717512,495,-58.60577,0
717522,487,-59.73011,0
717532,488,-59.58957,0
717542,484,-60.15173,0
717552,485,-60.01119,0
717562,482,-60.43281,0
717572,483,-60.29227,0
717582,487,-59.73011,0
717592,492,-59.0274,0
717602,491,-59.16794,0
717612,489,-59.44902,0
717622,490,-59.30848,0
717632,486,-59.87064,0
717642,488,-59.58957,0
717652,493,-58.88685,0
717662,483,-60.29227,0
717672,487,-59.73011,0
717682,491,-59.16794,0
717692,487,-59.73011,0
717702,488,-59.58957,0
717712,494,-58.74631,0
717722,487,-59.73011,0
717732,489,-59.44902,0
717742,491,-59.16794,0
717752,486,-59.87064,0
717762,491,-59.16794,0
717772,486,-59.87064,0
717782,494,-58.74631,0
717792,480,-60.7139,0
717802,487,-59.73011,0
717812,486,-59.87064,0
717822,483,-60.29227,0
717832,490,-59.30848,0
717842,489,-59.44902,0
717852,484,-60.15173,0
717862,481,-60.57336,0
717872,486,-59.87064,0
717882,486,-59.87064,0
717892,484,-60.15173,0
717902,483,-60.29227,0
717912,484,-60.15173,0
717922,489,-59.44902,0
717932,484,-60.15173,0
717942,486,-59.87064,0
717952,493,-58.88685,0
717962,487,-59.73011,0
717972,481,-60.57336,0
717982,489,-59.44902,0
717992,493,-58.88685,0
718002,485,-60.01119,0
718012,488,-59.58957,0
718022,487,-59.73011,0
718032,484,-60.15173,0
718042,491,-59.16794,0
718052,488,-59.58957,0
718062,488,-59.58957,0
718072,485,-60.01119,0
718082,475,-61.4166,0
718092,489,-59.44902,0
718102,489,-59.44902,0
718112,490,-59.30848,0
718122,482,-60.43281,0
718132,484,-60.15173,0
718142,486,-59.87064,0
718152,488,-59.58957,0
718162,488,-59.58957,0
718172,490,-59.30848,0
718182,487,-59.73011,0
718192,485,-60.01119,0
718202,489,-59.44902,0
718212,492,-59.0274,0
718222,483,-60.29227,0
718232,488,-59.58957,0
718242,491,-59.16794,0
718252,484,-60.15173,0
718262,491,-59.16794,0
718272,492,-59.0274,0
718282,489,-59.44902,0
718292,489,-59.44902,0
718302,493,-58.88685,0
718312,493,-58.88685,0
718322,486,-59.87064,0
718332,496,-58.46523,0
718342,496,-58.46523,0
718352,489,-59.44902,0
718362,487,-59.73011,0
718372,479,-60.85443,0
718382,485,-60.01119,0
718392,483,-60.29227,0
718402,487,-59.73011,0
718412,489,-59.44902,0
718422,494,-58.74631,0
718432,489,-59.44902,0
718442,487,-59.73011,0
718452,485,-60.01119,0
718462,488,-59.58957,0
718472,487,-59.73011,0
718482,491,-59.16794,0
718492,488,-59.58957,0
718502,486,-59.87064,0
718512,486,-59.87064,0
718522,491,-59.16794,0
718532,496,-58.46523,0
718542,490,-59.30848,0
718552,486,-59.87064,0
718562,489,-59.44902,0
718572,483,-60.29227,0
718582,493,-58.88685,0
718592,489,-59.44902,0
718602,489,-59.44902,0
718612,487,-59.73011,0
718622,488,-59.58957,0
718632,484,-60.15173,0
718642,494,-58.74631,0
718652,490,-59.30848,0
718662,493,-58.88685,0
718672,491,-59.16794,0
718682,485,-60.01119,0
718692,487,-59.73011,0
718702,489,-59.44902,0
718712,490,-59.30848,0
718722,495,-58.60577,0
718732,488,-59.58957,0
718742,489,-59.44902,0
718752,482,-60.43281,0
718762,491,-59.16794,0
718772,486,-59.87064,0
718782,494,-58.74631,0
718792,483,-60.29227,0
718802,492,-59.0274,0
718812,495,-58.60577,0
718822,488,-59.58957,0
718832,480,-60.7139,0
718842,486,-59.87064,0
718852,488,-59.58957,0
718862,481,-60.57336,0
718872,484,-60.15173,0
718882,489,-59.44902,0
718892,482,-60.43281,0
718902,493,-58.88685,0
718912,490,-59.30848,0
718922,485,-60.01119,0
718932,489,-59.44902,0
718942,482,-60.43281,0
718952,495,-58.60577,0
718962,490,-59.30848,0
718972,484,-60.15173,0
718982,494,-58.74631,0
718992,492,-59.0274,0
719002,492,-59.0274,0
719012,488,-59.58957,0
719022,488,-59.58957,0
719032,480,-60.7139,0
719042,490,-59.30848,0
719052,488,-59.58957,0
719062,490,-59.30848,0
719072,481,-60.57336,0
719082,486,-59.87064,0
719092,487,-59.73011,0
719102,488,-59.58957,0
719112,488,-59.58957,0
719122,483,-60.29227,0
719132,486,-59.87064,0
719142,494,-58.74631,0
719152,489,-59.44902,0
719162,494,-58.74631,0
719172,490,-59.30848,0
719182,491,-59.16794,0
719192,483,-60.29227,0
719202,500,-57.90307,0
719212,493,-58.88685,0
719222,488,-59.58957,0
719232,487,-59.73011,0
719242,483,-60.29227,0
719252,489,-59.44902,0
719262,492,-59.0274,0
719272,488,-59.58957,0
719282,489,-59.44902,0
719292,494,-58.74631,0
719302,488,-59.58957,0
719312,494,-58.74631,0
719322,488,-59.58957,0
719332,491,-59.16794,0
719342,495,-58.60577,0
719352,491,-59.16794,0
719362,488,-59.58957,0
719372,484,-60.15173,0
719382,496,-58.46523,0
719392,480,-60.7139,0
719402,494,-58.74631,0
719412,489,-59.44902,0
719422,485,-60.01119,0
719432,487,-59.73011,0
719442,495,-58.60577,0
719452,490,-59.30848,0
719462,486,-59.87064,0
719472,487,-59.73011,0
719482,494,-58.74631,0
719492,488,-59.58957,0
719502,491,-59.16794,0
719512,485,-60.01119,0
719522,490,-59.30848,0
719532,496,-58.46523,0
719542,490,-59.30848,0
719552,488,-59.58957,0
719562,492,-59.0274,0
719572,487,-59.73011,0
719582,492,-59.0274,0
719592,487,-59.73011,0
719602,484,-60.15173,0
719612,488,-59.58957,0
719622,492,-59.0274,0
719632,489,-59.44902,0
719642,491,-59.16794,0
719652,485,-60.01119,0
719662,487,-59.73011,0
719672,493,-58.88685,0
719682,488,-59.58957,0
719692,495,-58.60577,0
719702,490,-59.30848,0
719712,490,-59.30848,0
719722,489,-59.44902,0
719732,493,-58.88685,0
719742,489,-59.44902,0
719752,493,-58.88685,0
719762,496,-58.46523,0
719772,490,-59.30848,0
719782,487,-59.73011,0
719792,498,-58.18415,0
719802,490,-59.30848,0
719812,494,-58.74631,0
719822,485,-60.01119,0
719832,492,-59.0274,0
719842,491,-59.16794,0
719852,498,-58.18415,0
719862,489,-59.44902,0
719872,490,-59.30848,0
719882,496,-58.46523,0
719892,489,-59.44902,0
719902,494,-58.74631,0
719912,492,-59.0274,0
719922,493,-58.88685,0
719932,488,-59.58957,0
719942,487,-59.73011,0
719952,493,-58.88685,0
719962,494,-58.74631,0
719972,488,-59.58957,0
719982,493,-58.88685,0
719992,489,-59.44902,0
720002,486,-59.87064,0
720012,496,-58.46523,0
720022,487,-59.73011,0
720032,496,-58.46523,0
720042,497,-58.32469,0
720052,491,-59.16794,0
720062,492,-59.0274,0
720072,493,-58.88685,0
720082,489,-59.44902,0
720092,486,-59.87064,0
720102,488,-59.58957,0
720112,489,-59.44902,0
720122,487,-59.73011,0
720132,489,-59.44902,0
720142,489,-59.44902,0
720152,490,-59.30848,0
720162,483,-60.29227,0
720172,488,-59.58957,0
720182,490,-59.30848,0
720192,493,-58.88685,0
720202,486,-59.87064,0
720212,490,-59.30848,0
720222,482,-60.43281,0
720232,495,-58.60577,0
720242,496,-58.46523,0
720252,492,-59.0274,0
720262,499,-58.04361,0
720272,491,-59.16794,0
720282,492,-59.0274,0
720292,497,-58.32469,0
720302,483,-60.29227,0
720312,495,-58.60577,0
720322,489,-59.44902,0
720332,488,-59.58957,0
720342,493,-58.88685,0
720352,491,-59.16794,0
720362,488,-59.58957,0
720372,489,-59.44902,0
720382,494,-58.74631,0
720392,491,-59.16794,0
720402,495,-58.60577,0
720412,489,-59.44902,0
720422,493,-58.88685,0
720432,485,-60.01119,0
720442,494,-58.74631,0
720452,487,-59.73011,0
720462,485,-60.01119,0
720472,489,-59.44902,0
720482,493,-58.88685,0
720492,485,-60.01119,0
720502,493,-58.88685,0
720512,491,-59.16794,0
720522,490,-59.30848,0
720532,497,-58.32469,0
720542,492,-59.0274,0
720552,487,-59.73011,0
720562,496,-58.46523,0
720572,495,-58.60577,0
720582,485,-60.01119,0
720592,494,-58.74631,0
720602,484,-60.15173,0
720612,496,-58.46523,0
720622,493,-58.88685,0
720632,494,-58.74631,0
720642,486,-59.87064,0
720652,498,-58.18415,0
720662,493,-58.88685,0
720672,498,-58.18415,0
720682,493,-58.88685,0
720692,493,-58.88685,0
720702,495,-58.60577,0
720712,485,-60.01119,0
720722,491,-59.16794,0
720732,491,-59.16794,0
720742,494,-58.74631,0
720752,485,-60.01119,0
720762,488,-59.58957,0
720772,493,-58.88685,0
720782,489,-59.44902,0
720792,494,-58.74631,0
720802,491,-59.16794,0
720812,494,-58.74631,0
720822,493,-58.88685,0
720832,495,-58.60577,0
720842,486,-59.87064,0
720852,492,-59.0274,0
720862,489,-59.44902,0
720872,495,-58.60577,0
720882,495,-58.60577,0
720892,491,-59.16794,0
720902,491,-59.16794,0
720912,499,-58.04361,0
720922,490,-59.30848,0
720932,491,-59.16794,0
720942,495,-58.60577,0
720952,493,-58.88685,0
720962,494,-58.74631,0
720972,492,-59.0274,0
720982,494,-58.74631,0
720992,496,-58.46523,0
721002,492,-59.0274,0
721012,495,-58.60577,0
721022,489,-59.44902,0
721032,495,-58.60577,0
721042,491,-59.16794,0
721052,491,-59.16794,0
721062,491,-59.16794,0
721072,486,-59.87064,0
721082,492,-59.0274,0
721092,490,-59.30848,0
721102,488,-59.58957,0
721112,488,-59.58957,0
721122,486,-59.87064,0
721132,490,-59.30848,0
721142,488,-59.58957,0
721152,489,-59.44902,0
721162,489,-59.44902,0
721172,490,-59.30848,0
721182,484,-60.15173,0
721192,487,-59.73011,0
721202,487,-59.73011,0
721212,492,-59.0274,0
721222,494,-58.74631,0
721232,490,-59.30848,0
721242,489,-59.44902,0
721252,489,-59.44902,0
721262,497,-58.32469,0
721272,495,-58.60577,0
721282,495,-58.60577,0
721292,491,-59.16794,0
721302,495,-58.60577,0
721312,496,-58.46523,0
721322,485,-60.01119,0
721332,490,-59.30848,0
721342,488,-59.58957,0
721352,500,-57.90307,0
721362,490,-59.30848,0
721372,494,-58.74631,0
721382,492,-59.0274,0
721392,488,-59.58957,0
721402,498,-58.18415,0
721412,493,-58.88685,0
721422,490,-59.30848,0
721432,488,-59.58957,0
721442,496,-58.46523,0
721452,494,-58.74631,0
721462,494,-58.74631,0
721472,493,-58.88685,0
721482,489,-59.44902,0
721492,490,-59.30848,0
721502,492,-59.0274,0
721512,493,-58.88685,0
721522,497,-58.32469,0
721532,493,-58.88685,0
721542,486,-59.87064,0
721552,497,-58.32469,0
721562,489,-59.44902,0
721572,498,-58.18415,0
721582,497,-58.32469,0
721592,499,-58.04361,0
721602,499,-58.04361,0
721612,496,-58.46523,0
721622,490,-59.30848,0
721632,492,-59.0274,0
721642,491,-59.16794,0
721652,493,-58.88685,0
721662,492,-59.0274,0
721672,493,-58.88685,0
721682,493,-58.88685,0
721692,493,-58.88685,0
721702,498,-58.18415,0
721712,492,-59.0274,0
721722,499,-58.04361,0
721732,489,-59.44902,0
721742,490,-59.30848,0
721752,494,-58.74631,0
721762,501,-57.76253,0
721772,492,-59.0274,0
721782,491,-59.16794,0
721792,490,-59.30848,0
721802,494,-58.74631,0
721812,491,-59.16794,0
721822,492,-59.0274,0
721832,496,-58.46523,0
721842,491,-59.16794,0
721852,497,-58.32469,0
721862,495,-58.60577,0
721872,493,-58.88685,0
721882,488,-59.58957,0
721892,492,-59.0274,0
721902,497,-58.32469,0
721912,495,-58.60577,0
721922,490,-59.30848,0
721932,490,-59.30848,0
721942,490,-59.30848,0
721952,499,-58.04361,0
721962,489,-59.44902,0
721972,490,-59.30848,0
721982,489,-59.44902,0
721992,495,-58.60577,0
722002,491,-59.16794,0
722012,488,-59.58957,0
722022,496,-58.46523,0
722032,495,-58.60577,0
722042,492,-59.0274,0
722052,491,-59.16794,0
722062,492,-59.0274,0
722072,491,-59.16794,0
722082,491,-59.16794,0
722092,489,-59.44902,0
722102,496,-58.46523,0
722112,492,-59.0274,0
722122,490,-59.30848,0
722132,490,-59.30848,0
722142,491,-59.16794,0
722152,496,-58.46523,0
722162,493,-58.88685,0
722172,497,-58.32469,0
722182,496,-58.46523,0
722192,488,-59.58957,0
722202,487,-59.73011,0
722212,490,-59.30848,0
722222,487,-59.73011,0
722232,492,-59.0274,0
722242,493,-58.88685,0
722252,495,-58.60577,0
722262,489,-59.44902,0
722272,494,-58.74631,0
722282,492,-59.0274,0
722292,498,-58.18415,0
722302,493,-58.88685,0
722312,493,-58.88685,0
722322,492,-59.0274,0
722332,495,-58.60577,0
722342,496,-58.46523,0
722352,493,-58.88685,0
722362,497,-58.32469,0
722372,487,-59.73011,0
722382,492,-59.0274,0
722392,496,-58.46523,0
722402,497,-58.32469,0
722412,497,-58.32469,0
722422,492,-59.0274,0
722432,498,-58.18415,0
722442,493,-58.88685,0
722452,502,-57.62198,0
722462,492,-59.0274,0
722472,496,-58.46523,0
722482,500,-57.90307,0
722492,495,-58.60577,0
722502,497,-58.32469,0
722512,501,-57.76253,0
722522,492,-59.0274,0
722532,491,-59.16794,0
722542,488,-59.58957,0
722552,487,-59.73011,0
722562,493,-58.88685,0
722572,494,-58.74631,0
722582,500,-57.90307,0
722592,494,-58.74631,0
722602,489,-59.44902,0
722612,493,-58.88685,0
722622,496,-58.46523,0
722632,491,-59.16794,0
722642,492,-59.0274,0
722652,500,-57.90307,0
722662,493,-58.88685,0
722672,499,-58.04361,0
722682,488,-59.58957,0
722692,495,-58.60577,0
722702,489,-59.44902,0
722712,497,-58.32469,0
722722,496,-58.46523,0
722732,495,-58.60577,0
722742,494,-58.74631,0
722752,494,-58.74631,0
722762,488,-59.58957,0
722772,491,-59.16794,0
722782,497,-58.32469,0
722792,496,-58.46523,0
722802,490,-59.30848,0
722812,492,-59.0274,0
722822,492,-59.0274,0
722832,493,-58.88685,0
722842,490,-59.30848,0
722852,497,-58.32469,0
722862,495,-58.60577,0
722872,494,-58.74631,0
722882,485,-60.01119,0
722892,492,-59.0274,0
722902,494,-58.74631,0
722912,494,-58.74631,0
722922,494,-58.74631,0
722932,491,-59.16794,0
722942,491,-59.16794,0
722952,494,-58.74631,0
722962,494,-58.74631,0
722972,498,-58.18415,0
722982,485,-60.01119,0
722992,493,-58.88685,0
723002,497,-58.32469,0
723012,495,-58.60577,0
723022,495,-58.60577,0
723032,498,-58.18415,0
723042,487,-59.73011,0
723052,494,-58.74631,0
723062,495,-58.60577,0
723072,496,-58.46523,0
723082,497,-58.32469,0
723092,489,-59.44902,0
723102,490,-59.30848,0
723112,494,-58.74631,0
723122,495,-58.60577,0
723132,489,-59.44902,0
723142,491,-59.16794,0
723152,489,-59.44902,0
723162,492,-59.0274,0
723172,495,-58.60577,0
723182,497,-58.32469,0
723192,497,-58.32469,0
723202,497,-58.32469,0
723212,494,-58.74631,0
723222,496,-58.46523,0
723232,493,-58.88685,0
723242,490,-59.30848,0
723252,491,-59.16794,0
723262,497,-58.32469,0
723272,496,-58.46523,0
723282,493,-58.88685,0
723292,493,-58.88685,0
723302,497,-58.32469,0
723312,498,-58.18415,0
723322,499,-58.04361,0
723332,497,-58.32469,0
723342,496,-58.46523,0
723352,495,-58.60577,0
723362,499,-58.04361,0
723372,499,-58.04361,0
723382,495,-58.60577,0
723392,490,-59.30848,0
723402,498,-58.18415,0
723412,490,-59.30848,0
723422,492,-59.0274,0
723432,492,-59.0274,0
723442,495,-58.60577,0
723452,494,-58.74631,0
723462,496,-58.46523,0
723472,500,-57.90307,0
723482,491,-59.16794,0
723492,495,-58.60577,0
723502,489,-59.44902,0
723512,499,-58.04361,0
723522,492,-59.0274,0
723532,495,-58.60577,0
723542,492,-59.0274,0
723552,494,-58.74631,0
723562,495,-58.60577,0
723572,494,-58.74631,0
723582,503,-57.48144,0
723592,490,-59.30848,0
723602,499,-58.04361,0
723612,498,-58.18415,0
723622,499,-58.04361,0
723632,491,-59.16794,0
723642,491,-59.16794,0
723652,497,-58.32469,0
723662,499,-58.04361,0
723672,494,-58.74631,0
723682,501,-57.76253,0
723692,488,-59.58957,0
723702,494,-58.74631,0
723712,495,-58.60577,0
723722,497,-58.32469,0
723732,494,-58.74631,0
723742,490,-59.30848,0
723752,495,-58.60577,0
723762,498,-58.18415,0
723772,492,-59.0274,0
723782,496,-58.46523,0
723792,502,-57.62198,0
723802,490,-59.30848,0
723812,493,-58.88685,0
723822,502,-57.62198,0
723832,496,-58.46523,0
723842,493,-58.88685,0
723852,485,-60.01119,0
723862,489,-59.44902,0
723872,494,-58.74631,0
723882,500,-57.90307,0
723892,496,-58.46523,0
723902,493,-58.88685,0
723912,495,-58.60577,0
723922,501,-57.76253,0
723932,497,-58.32469,0
723942,494,-58.74631,0
723952,488,-59.58957,0
723962,491,-59.16794,0
723972,499,-58.04361,0
723982,493,-58.88685,0
723992,496,-58.46523,0
724002,499,-58.04361,0
724012,496,-58.46523,0
724022,493,-58.88685,0
724032,502,-57.62198,0
724042,493,-58.88685,0
724052,498,-58.18415,0
724062,496,-58.46523,0
724072,492,-59.0274,0
724082,488,-59.58957,0
724092,487,-59.73011,0
724102,495,-58.60577,0
724112,492,-59.0274,0
724122,495,-58.60577,0
724132,501,-57.76253,0
724142,495,-58.60577,0
724152,497,-58.32469,0
724162,493,-58.88685,0
724172,500,-57.90307,0
724182,496,-58.46523,0
724192,492,-59.0274,0
724202,496,-58.46523,0
724212,491,-59.16794,0
724222,498,-58.18415,0
724232,492,-59.0274,0
724242,501,-57.76253,0
724252,499,-58.04361,0
724262,499,-58.04361,0
724272,497,-58.32469,0
724282,490,-59.30848,0
724292,487,-59.73011,0
724302,495,-58.60577,0
724312,500,-57.90307,0
724322,501,-57.76253,0
724332,501,-57.76253,0
724342,494,-58.74631,0
724352,502,-57.62198,0
724362,499,-58.04361,0
724372,495,-58.60577,0
724382,500,-57.90307,0
724392,490,-59.30848,0
724402,493,-58.88685,0
724412,496,-58.46523,0
724422,497,-58.32469,0
724432,492,-59.0274,0
724442,494,-58.74631,0
724452,491,-59.16794,0
724462,494,-58.74631,0
724472,497,-58.32469,0
724482,496,-58.46523,0
724492,491,-59.16794,0
724502,495,-58.60577,0
724512,500,-57.90307,0
724522,497,-58.32469,0
724532,500,-57.90307,0
724542,494,-58.74631,0
724552,499,-58.04361,0
724562,488,-59.58957,0
724572,495,-58.60577,0
724582,495,-58.60577,0
724592,496,-58.46523,0
724602,499,-58.04361,0
724612,498,-58.18415,0
724622,497,-58.32469,0
724632,498,-58.18415,0
724642,492,-59.0274,0
724652,488,-59.58957,0
724662,494,-58.74631,0
724672,500,-57.90307,0
724682,500,-57.90307,0
724692,499,-58.04361,0
724702,500,-57.90307,0
724712,496,-58.46523,0
724722,501,-57.76253,0
724732,497,-58.32469,0
724742,491,-59.16794,0
724752,498,-58.18415,0
724762,495,-58.60577,0
724772,497,-58.32469,0
724782,499,-58.04361,0
724792,500,-57.90307,0
724802,496,-58.46523,0
724812,498,-58.18415,0
724822,501,-57.76253,0
724832,499,-58.04361,0
724842,499,-58.04361,0
724852,497,-58.32469,0
724862,488,-59.58957,0
724872,497,-58.32469,0
724882,492,-59.0274,0
724892,495,-58.60577,0
724902,495,-58.60577,0
724912,491,-59.16794,0
724922,491,-59.16794,0
724932,494,-58.74631,0
724942,497,-58.32469,0
724952,496,-58.46523,0
724962,498,-58.18415,0
724972,496,-58.46523,0
724982,490,-59.30848,0
724992,497,-58.32469,0
725002,495,-58.60577,0
725012,492,-59.0274,0
725022,494,-58.74631,0
725032,497,-58.32469,0
725042,499,-58.04361,0
725052,501,-57.76253,0
725062,497,-58.32469,0
725072,503,-57.48144,0
725082,497,-58.32469,0
725092,499,-58.04361,0
725102,490,-59.30848,0
725112,492,-59.0274,0
725122,495,-58.60577,0
725132,499,-58.04361,0
725142,499,-58.04361,0
725152,495,-58.60577,0
725162,495,-58.60577,0
725172,503,-57.48144,0
725182,495,-58.60577,0
725192,490,-59.30848,0
725202,495,-58.60577,0
725212,494,-58.74631,0
725222,496,-58.46523,0
725232,494,-58.74631,0
725242,499,-58.04361,0
725252,495,-58.60577,0
725262,500,-57.90307,0
725272,500,-57.90307,0
725282,493,-58.88685,0
725292,498,-58.18415,0
725302,499,-58.04361,0
725312,497,-58.32469,0
725322,497,-58.32469,0
725332,496,-58.46523,0
725342,491,-59.16794,0
725352,494,-58.74631,0
725362,494,-58.74631,0
725372,496,-58.46523,0
725382,494,-58.74631,0
725392,497,-58.32469,0
725402,498,-58.18415,0
725412,496,-58.46523,0
725422,505,-57.20036,0
725432,493,-58.88685,0
725442,491,-59.16794,0
725452,498,-58.18415,0
725462,496,-58.46523,0
725472,500,-57.90307,0
725482,498,-58.18415,0
725492,499,-58.04361,0
725502,488,-59.58957,0
725512,496,-58.46523,0
725522,497,-58.32469,0
725532,501,-57.76253,0
725542,500,-57.90307,0
725552,493,-58.88685,0
725562,498,-58.18415,0
725572,494,-58.74631,0
725582,497,-58.32469,0
725592,499,-58.04361,0
725602,493,-58.88685,0
725612,494,-58.74631,0
725622,496,-58.46523,0
725632,496,-58.46523,0
725642,492,-59.0274,0
725652,497,-58.32469,0
725662,497,-58.32469,0
725672,503,-57.48144,0
725682,505,-57.20036,0
725692,497,-58.32469,0
725702,503,-57.48144,0
725712,499,-58.04361,0
725722,505,-57.20036,0
725732,498,-58.18415,0
725742,500,-57.90307,0
725752,495,-58.60577,0
725762,494,-58.74631,0
725772,496,-58.46523,0
725782,505,-57.20036,0
725792,496,-58.46523,0
725802,495,-58.60577,0
725812,497,-58.32469,0
725822,500,-57.90307,0
725832,503,-57.48144,0
725842,499,-58.04361,0
725852,497,-58.32469,0
725862,490,-59.30848,0
725872,499,-58.04361,0
725882,503,-57.48144,0
725892,494,-58.74631,0
725902,504,-57.3409,0
725912,496,-58.46523,0
725922,491,-59.16794,0
725932,495,-58.60577,0
725942,501,-57.76253,0
725952,496,-58.46523,0
725962,493,-58.88685,0
725972,499,-58.04361,0
725982,505,-57.20036,0
725992,503,-57.48144,0
726002,496,-58.46523,0
726012,498,-58.18415,0
726022,498,-58.18415,0
726032,501,-57.76253,0
726042,496,-58.46523,0
726052,502,-57.62198,0
726062,497,-58.32469,0
726072,498,-58.18415,0
726082,493,-58.88685,0
726092,499,-58.04361,0
726102,498,-58.18415,0
726112,497,-58.32469,0
726122,494,-58.74631,0
726132,492,-59.0274,0
726142,500,-57.90307,0
726152,493,-58.88685,0
726162,495,-58.60577,0
726172,498,-58.18415,0
726182,499,-58.04361,0
726192,499,-58.04361,0
726202,499,-58.04361,0
726212,495,-58.60577,0
726222,499,-58.04361,0
726232,497,-58.32469,0
726242,501,-57.76253,0
726252,501,-57.76253,0
726262,491,-59.16794,0
726272,500,-57.90307,0
726282,494,-58.74631,0
726292,503,-57.48144,0
726302,493,-58.88685,0
726312,495,-58.60577,0
726322,504,-57.3409,0
726332,501,-57.76253,0
726342,497,-58.32469,0
726352,502,-57.62198,0
726362,498,-58.18415,0
726372,495,-58.60577,0
726382,505,-57.20036,0
726392,504,-57.3409,0
726402,496,-58.46523,0
726412,498,-58.18415,0
726422,498,-58.18415,0
726432,499,-58.04361,0
726442,496,-58.46523,0
726452,502,-57.62198,0
726462,496,-58.46523,0
726472,501,-57.76253,0
726482,501,-57.76253,0
726492,498,-58.18415,0
726502,501,-57.76253,0
726512,490,-59.30848,0
726522,500,-57.90307,0
726532,493,-58.88685,0
726542,496,-58.46523,0
726552,498,-58.18415,0
726562,501,-57.76253,0
726572,496,-58.46523,0
726582,501,-57.76253,0
726592,498,-58.18415,0
726602,503,-57.48144,0
726612,497,-58.32469,0
726622,503,-57.48144,0
726632,507,-56.91927,0
726642,496,-58.46523,0
726652,508,-56.77874,0
726662,502,-57.62198,0
726672,500,-57.90307,0
726682,498,-58.18415,0
726692,501,-57.76253,0
726702,497,-58.32469,0
726712,491,-59.16794,0
726722,501,-57.76253,0
726732,500,-57.90307,0
726742,499,-58.04361,0
726752,501,-57.76253,0
726762,501,-57.76253,0
726772,495,-58.60577,0
726782,501,-57.76253,0
726792,501,-57.76253,0
726802,499,-58.04361,0
726812,492,-59.0274,0
726822,493,-58.88685,0
726832,504,-57.3409,0
726842,500,-57.90307,0
726852,496,-58.46523,0
726862,505,-57.20036,0
726872,499,-58.04361,0
726882,494,-58.74631,0
726892,505,-57.20036,0
726902,500,-57.90307,0
726912,498,-58.18415,0
726922,497,-58.32469,0
726932,496,-58.46523,0
726942,497,-58.32469,0
726952,506,-57.05982,0
726962,499,-58.04361,0
726972,511,-56.35711,0
726982,492,-59.0274,0
726992,505,-57.20036,0
727002,498,-58.18415,0
727012,491,-59.16794,0
727022,507,-56.91927,0
727032,504,-57.3409,0
727042,507,-56.91927,0
727052,500,-57.90307,0
727062,501,-57.76253,0
727072,499,-58.04361,0
727082,492,-59.0274,0
727092,496,-58.46523,0
727102,499,-58.04361,0
727112,500,-57.90307,0
727122,498,-58.18415,0
727132,499,-58.04361,0
727142,500,-57.90307,0
727152,503,-57.48144,0
727162,495,-58.60577,0
727172,500,-57.90307,0
727182,500,-57.90307,0
727192,506,-57.05982,0
727202,503,-57.48144,0
727212,498,-58.18415,0
727222,504,-57.3409,0
727232,494,-58.74631,0
727242,502,-57.62198,0
727252,504,-57.3409,0
727262,494,-58.74631,0
727272,504,-57.3409,0
727282,497,-58.32469,0
727292,506,-57.05982,0
727302,501,-57.76253,0
727312,496,-58.46523,0
727322,496,-58.46523,0
727332,490,-59.30848,0
727342,496,-58.46523,0
727352,501,-57.76253,0
727362,496,-58.46523,0
727372,496,-58.46523,0
727382,497,-58.32469,0
727392,504,-57.3409,0
727402,501,-57.76253,0
727412,501,-57.76253,0
727422,497,-58.32469,0
727432,498,-58.18415,0
727442,494,-58.74631,0
727452,503,-57.48144,0
727462,503,-57.48144,0
727472,497,-58.32469,0
727482,496,-58.46523,0
727492,501,-57.76253,0
727502,498,-58.18415,0
727512,506,-57.05982,0
727522,502,-57.62198,0
727532,504,-57.3409,0
727542,496,-58.46523,0
727552,501,-57.76253,0
727562,506,-57.05982,0
727572,504,-57.3409,0
727582,509,-56.63819,0
727592,506,-57.05982,0
727602,502,-57.62198,0
727612,493,-58.88685,0
727622,497,-58.32469,0
727632,501,-57.76253,0
727642,495,-58.60577,0
727652,501,-57.76253,0
727662,500,-57.90307,0
727672,490,-59.30848,0
727682,498,-58.18415,0
727692,505,-57.20036,0
727702,500,-57.90307,0
727712,500,-57.90307,0
727722,500,-57.90307,0
727732,501,-57.76253,0
727742,495,-58.60577,0
727752,502,-57.62198,0
727762,497,-58.32469,0
727772,499,-58.04361,0
727782,496,-58.46523,0
727792,503,-57.48144,0
727802,496,-58.46523,0
727812,499,-58.04361,0
727822,502,-57.62198,0
727832,502,-57.62198,0
727842,502,-57.62198,0
727852,503,-57.48144,0
727862,505,-57.20036,0
727872,495,-58.60577,0
727882,504,-57.3409,0
727892,503,-57.48144,0
727902,503,-57.48144,0
727912,498,-58.18415,0
727922,510,-56.49765,0
727932,498,-58.18415,0
727942,500,-57.90307,0
727952,498,-58.18415,0
727962,499,-58.04361,0
727972,503,-57.48144,0
727982,499,-58.04361,0
727992,507,-56.91927,0
728002,498,-58.18415,0
728012,499,-58.04361,0
728022,500,-57.90307,0
728032,499,-58.04361,0
728042,498,-58.18415,0
728052,498,-58.18415,0
728062,498,-58.18415,0
728072,498,-58.18415,0
728082,505,-57.20036,0
728092,504,-57.3409,0
728102,502,-57.62198,0
728112,497,-58.32469,0
728122,496,-58.46523,0
728132,501,-57.76253,0
728142,499,-58.04361,0
728152,503,-57.48144,0
728162,494,-58.74631,0
728172,504,-57.3409,0
728182,499,-58.04361,0
728192,503,-57.48144,0
728202,495,-58.60577,0
728212,498,-58.18415,0
728222,500,-57.90307,0
728232,495,-58.60577,0
728242,501,-57.76253,0
728252,500,-57.90307,0
728262,495,-58.60577,0
728272,498,-58.18415,0
728282,502,-57.62198,0
728292,500,-57.90307,0
728302,507,-56.91927,0
728312,503,-57.48144,0
728322,498,-58.18415,0
728332,507,-56.91927,0
728342,500,-57.90307,0
728352,495,-58.60577,0
728362,501,-57.76253,0
728372,501,-57.76253,0
728382,499,-58.04361,0
728392,503,-57.48144,0
728402,506,-57.05982,0
728412,502,-57.62198,0
728422,506,-57.05982,0
728432,501,-57.76253,0
728442,501,-57.76253,0
728452,503,-57.48144,0
728462,501,-57.76253,0
728472,503,-57.48144,0
728482,505,-57.20036,0
728492,503,-57.48144,0
728502,495,-58.60577,0
728512,508,-56.77874,0
728522,503,-57.48144,0
728532,502,-57.62198,0
728542,499,-58.04361,0
728552,503,-57.48144,0
728562,499,-58.04361,0
728572,504,-57.3409,0
728582,505,-57.20036,0
728592,509,-56.63819,0
728602,500,-57.90307,0
728612,498,-58.18415,0
728622,501,-57.76253,0
728632,510,-56.49765,0
728642,497,-58.32469,0
728652,500,-57.90307,0
728662,490,-59.30848,0
728672,506,-57.05982,0
728682,500,-57.90307,0
728692,500,-57.90307,0
728702,503,-57.48144,0
728712,507,-56.91927,0
728722,503,-57.48144,0
728732,501,-57.76253,0
728742,509,-56.63819,0
728752,503,-57.48144,0
728762,494,-58.74631,0
728772,505,-57.20036,0
728782,504,-57.3409,0
728792,506,-57.05982,0
728802,503,-57.48144,0
728812,501,-57.76253,0
728822,495,-58.60577,0
728832,511,-56.35711,0
728842,506,-57.05982,0
728852,507,-56.91927,0
728862,493,-58.88685,0
728872,503,-57.48144,0
728882,497,-58.32469,0
728892,497,-58.32469,0
728902,505,-57.20036,0
728912,502,-57.62198,0
728922,503,-57.48144,0
728932,507,-56.91927,0
728942,496,-58.46523,0
728952,501,-57.76253,0
728962,498,-58.18415,0
728972,498,-58.18415,0
728982,501,-57.76253,0
728992,501,-57.76253,0
729002,505,-57.20036,0
729012,508,-56.77874,0
729022,500,-57.90307,0
729032,500,-57.90307,0
729042,502,-57.62198,0
729052,502,-57.62198,0
729062,503,-57.48144,0
729072,507,-56.91927,0
729082,500,-57.90307,0
729092,500,-57.90307,0
729102,499,-58.04361,0
729112,498,-58.18415,0
729122,503,-57.48144,0
729132,503,-57.48144,0
729142,502,-57.62198,0
729152,500,-57.90307,0
729162,502,-57.62198,0
729172,498,-58.18415,0
729182,509,-56.63819,0
729192,496,-58.46523,0
729202,501,-57.76253,0
729212,503,-57.48144,0
729222,503,-57.48144,0
729232,502,-57.62198,0
729242,502,-57.62198,0
729252,500,-57.90307,0
729262,504,-57.3409,0
729272,502,-57.62198,0
729282,498,-58.18415,0
729292,507,-56.91927,0
729302,502,-57.62198,0
729312,502,-57.62198,0
729322,498,-58.18415,0
729332,508,-56.77874,0
729342,502,-57.62198,0
729352,503,-57.48144,0
729362,513,-56.07603,0
729372,502,-57.62198,0
729382,506,-57.05982,0
729392,502,-57.62198,0
729402,511,-56.35711,0
729412,498,-58.18415,0
729422,500,-57.90307,0
729432,501,-57.76253,0
729442,500,-57.90307,0
729452,497,-58.32469,0
729462,496,-58.46523,0
729472,505,-57.20036,0
729482,506,-57.05982,0
729492,501,-57.76253,0
729502,506,-57.05982,0
729512,509,-56.63819,0
729522,505,-57.20036,0
729532,497,-58.32469,0
729542,506,-57.05982,0
729552,501,-57.76253,0
729562,496,-58.46523,0
729572,500,-57.90307,0
729582,503,-57.48144,0
729592,508,-56.77874,0
729602,506,-57.05982,0
729612,503,-57.48144,0
729622,505,-57.20036,0
729632,508,-56.77874,0
729642,505,-57.20036,0
729652,508,-56.77874,0
729662,502,-57.62198,0
729672,505,-57.20036,0
729682,504,-57.3409,0
729692,506,-57.05982,0
729702,504,-57.3409,0
729712,501,-57.76253,0
729722,502,-57.62198,0
729732,503,-57.48144,0
729742,507,-56.91927,0
729752,502,-57.62198,0
729762,507,-56.91927,0
729772,507,-56.91927,0
729782,509,-56.63819,0
729792,502,-57.62198,0
729802,503,-57.48144,0
729812,508,-56.77874,0
729822,507,-56.91927,0
729832,503,-57.48144,0
729842,506,-57.05982,0
729852,504,-57.3409,0
729862,501,-57.76253,0
729872,503,-57.48144,0
729882,495,-58.60577,0
729892,503,-57.48144,0
729902,505,-57.20036,0
729912,506,-57.05982,0
729922,499,-58.04361,0
729932,503,-57.48144,0
729942,498,-58.18415,0
729952,506,-57.05982,0
729962,498,-58.18415,0
729972,506,-57.05982,0
729982,500,-57.90307,0
729992,492,-59.0274,0
730002,505,-57.20036,0
730012,508,-56.77874,0
730022,501,-57.76253,0
730032,510,-56.49765,0
730042,504,-57.3409,0
730052,504,-57.3409,0
730062,507,-56.91927,0
730072,506,-57.05982,0
730082,498,-58.18415,0
730092,506,-57.05982,0
730102,503,-57.48144,0
730112,498,-58.18415,0
730122,499,-58.04361,0
730132,498,-58.18415,0
730142,498,-58.18415,0
730152,498,-58.18415,0
730162,505,-57.20036,0
730172,508,-56.77874,0
730182,501,-57.76253,0
730192,509,-56.63819,0
730202,513,-56.07603,0
730212,506,-57.05982,0
730222,513,-56.07603,0
730232,503,-57.48144,0
730242,500,-57.90307,0
730252,508,-56.77874,0
730262,504,-57.3409,0
730272,508,-56.77874,0
730282,504,-57.3409,0
730292,506,-57.05982,0
730302,508,-56.77874,0
730312,515,-55.79495,0
730322,506,-57.05982,0
730332,508,-56.77874,0
730342,511,-56.35711,0
730352,504,-57.3409,0
730362,505,-57.20036,0
730372,498,-58.18415,0
730382,504,-57.3409,0
730392,505,-57.20036,0
730402,503,-57.48144,0
730412,503,-57.48144,0
730422,500,-57.90307,0
730432,511,-56.35711,0
730442,511,-56.35711,0
730452,504,-57.3409,0
730462,504,-57.3409,0
730472,500,-57.90307,0
730482,507,-56.91927,0
730492,509,-56.63819,0
730502,504,-57.3409,0
730512,501,-57.76253,0
730522,499,-58.04361,0
730532,501,-57.76253,0
730542,510,-56.49765,0
730552,499,-58.04361,0
730562,501,-57.76253,0
730572,507,-56.91927,0
730582,516,-55.6544,0
730592,507,-56.91927,0
730602,506,-57.05982,0
730612,501,-57.76253,0
730622,509,-56.63819,0
730632,500,-57.90307,0
730642,503,-57.48144,0
730652,512,-56.21657,0
730662,498,-58.18415,0
730672,509,-56.63819,0
730682,502,-57.62198,0
730692,511,-56.35711,0
730702,499,-58.04361,0
730712,508,-56.77874,0
730722,500,-57.90307,0
730732,503,-57.48144,0
730742,508,-56.77874,0
730752,502,-57.62198,0
730762,509,-56.63819,0
730772,502,-57.62198,0
730782,502,-57.62198,0
730792,506,-57.05982,0
730802,502,-57.62198,0
730812,508,-56.77874,0
730822,506,-57.05982,0
730832,507,-56.91927,0
730842,504,-57.3409,0
730852,500,-57.90307,0
730862,499,-58.04361,0
730872,503,-57.48144,0
730882,504,-57.3409,0
730892,506,-57.05982,0
730902,509,-56.63819,0
730912,505,-57.20036,0
730922,505,-57.20036,0
730932,508,-56.77874,0
730942,510,-56.49765,0
730952,501,-57.76253,0
730962,505,-57.20036,0
730972,506,-57.05982,0
730982,504,-57.3409,0
730992,508,-56.77874,0
731002,505,-57.20036,0
731012,503,-57.48144,0
731022,502,-57.62198,0
731032,509,-56.63819,0
731042,512,-56.21657,0
731052,507,-56.91927,0
731062,511,-56.35711,0
731072,504,-57.3409,0
731082,502,-57.62198,0
731092,501,-57.76253,0
731102,503,-57.48144,0
731112,515,-55.79495,0
731122,502,-57.62198,0
731132,503,-57.48144,0
731142,513,-56.07603,0
731152,513,-56.07603,0
731162,503,-57.48144,0
731172,504,-57.3409,0
731182,504,-57.3409,0
731192,512,-56.21657,0
731202,506,-57.05982,0
731212,500,-57.90307,0
731222,502,-57.62198,0
731232,506,-57.05982,0
731242,503,-57.48144,0
731252,502,-57.62198,0
731262,508,-56.77874,0
731272,502,-57.62198,0
731282,499,-58.04361,0
731292,511,-56.35711,0
731302,503,-57.48144,0
731312,508,-56.77874,0
731322,507,-56.91927,0
731332,505,-57.20036,0
731342,516,-55.6544,0
731352,508,-56.77874,0
731362,508,-56.77874,0
731372,510,-56.49765,0
731382,508,-56.77874,0
731392,504,-57.3409,0
731402,510,-56.49765,0
731412,507,-56.91927,0
731422,516,-55.6544,0
731432,505,-57.20036,0
731442,510,-56.49765,0
731452,512,-56.21657,0
731462,506,-57.05982,0
731472,504,-57.3409,0
731482,503,-57.48144,0
731492,515,-55.79495,0
731502,509,-56.63819,0
731512,511,-56.35711,0
731522,507,-56.91927,0
731532,508,-56.77874,0
731542,504,-57.3409,0
731552,503,-57.48144,0
731562,512,-56.21657,0
731572,510,-56.49765,0
731582,502,-57.62198,0
731592,501,-57.76253,0
731602,509,-56.63819,0
731612,512,-56.21657,0
731622,498,-58.18415,0
731632,506,-57.05982,0
731642,505,-57.20036,0
731652,506,-57.05982,0
731662,500,-57.90307,0
731672,504,-57.3409,0
731682,501,-57.76253,0
731692,506,-57.05982,0
731702,507,-56.91927,0
731712,510,-56.49765,0
731722,504,-57.3409,0
731732,507,-56.91927,0
731742,498,-58.18415,0
731752,504,-57.3409,0
731762,501,-57.76253,0
731772,503,-57.48144,0
731782,505,-57.20036,0
731792,499,-58.04361,0
731802,508,-56.77874,0
731812,514,-55.93548,0
731822,510,-56.49765,0
731832,505,-57.20036,0
731842,513,-56.07603,0
731852,505,-57.20036,0
731862,516,-55.6544,0
731872,508,-56.77874,0
731882,501,-57.76253,0
731892,497,-58.32469,0
731902,519,-55.23278,0
731912,503,-57.48144,0
731922,502,-57.62198,0
731932,504,-57.3409,0
731942,509,-56.63819,0
731952,507,-56.91927,0
731962,498,-58.18415,0
731972,503,-57.48144,0
731982,502,-57.62198,0
731992,514,-55.93548,0
732002,502,-57.62198,0
732012,512,-56.21657,0
732022,506,-57.05982,0
732032,503,-57.48144,0
732042,508,-56.77874,0
732052,506,-57.05982,0
732062,511,-56.35711,0
732072,511,-56.35711,0
732082,512,-56.21657,0
732092,513,-56.07603,0
732102,511,-56.35711,0
732112,508,-56.77874,0
732122,514,-55.93548,0
732132,503,-57.48144,0
732142,509,-56.63819,0
732152,507,-56.91927,0
732162,503,-57.48144,0
732172,513,-56.07603,0
732182,498,-58.18415,0
732192,506,-57.05982,0
732202,508,-56.77874,0
732212,514,-55.93548,0
732222,506,-57.05982,0
732232,502,-57.62198,0
732242,503,-57.48144,0
732252,505,-57.20036,0
732262,507,-56.91927,0
732272,503,-57.48144,0
732282,505,-57.20036,0
732292,508,-56.77874,0
732302,506,-57.05982,0
732312,505,-57.20036,0
732322,511,-56.35711,0
732332,497,-58.32469,0
732342,506,-57.05982,0
732352,503,-57.48144,0
732362,506,-57.05982,0
732372,501,-57.76253,0
732382,514,-55.93548,0
732392,512,-56.21657,0
732402,511,-56.35711,0
732412,508,-56.77874,0
732422,509,-56.63819,0
732432,502,-57.62198,0
732442,510,-56.49765,0
732452,520,-55.09224,0
732462,509,-56.63819,0
732472,500,-57.90307,0
732482,505,-57.20036,0
732492,509,-56.63819,0
732502,508,-56.77874,0
732512,502,-57.62198,0
732522,507,-56.91927,0
732532,515,-55.79495,0
732542,506,-57.05982,0
732552,511,-56.35711,0
732562,511,-56.35711,0
732572,507,-56.91927,0
732582,512,-56.21657,0
732592,506,-57.05982,0
732602,506,-57.05982,0
732612,508,-56.77874,0
732622,506,-57.05982,0
732632,507,-56.91927,0
732642,506,-57.05982,0
732652,516,-55.6544,0
732662,508,-56.77874,0
732672,513,-56.07603,0
732682,500,-57.90307,0
732692,516,-55.6544,0
732702,505,-57.20036,0
732712,503,-57.48144,0
732722,510,-56.49765,0
732732,502,-57.62198,0
732742,502,-57.62198,0
732752,513,-56.07603,0
732762,511,-56.35711,0
732772,506,-57.05982,0
732782,507,-56.91927,0
732792,504,-57.3409,0
732802,508,-56.77874,0
732812,496,-58.46523,0
732822,507,-56.91927,0
732832,509,-56.63819,0
732842,505,-57.20036,0
732852,499,-58.04361,0
732862,505,-57.20036,0
732872,512,-56.21657,0
732882,507,-56.91927,0
732892,505,-57.20036,0
732902,507,-56.91927,0
732912,508,-56.77874,0
732922,507,-56.91927,0
732932,504,-57.3409,0
732942,510,-56.49765,0
732952,505,-57.20036,0
732962,517,-55.51386,0
732972,512,-56.21657,0
732982,505,-57.20036,0
732992,516,-55.6544,0
733002,510,-56.49765,0
733012,498,-58.18415,0
733022,507,-56.91927,0
733032,504,-57.3409,0
733042,515,-55.79495,0
733052,504,-57.3409,0
733062,502,-57.62198,0
733072,513,-56.07603,0
733082,503,-57.48144,0
733092,505,-57.20036,0
733102,521,-54.9517,0
733112,511,-56.35711,0
733122,502,-57.62198,0
733132,503,-57.48144,0
733142,503,-57.48144,0
733152,509,-56.63819,0
733162,506,-57.05982,0
733172,513,-56.07603,0
733182,507,-56.91927,0
733192,499,-58.04361,0
733202,509,-56.63819,0
733212,511,-56.35711,0
733222,508,-56.77874,0
733232,504,-57.3409,0
733242,506,-57.05982,0
733252,503,-57.48144,0
733262,510,-56.49765,0
733272,515,-55.79495,0
733282,511,-56.35711,0
733292,503,-57.48144,0
733302,511,-56.35711,0
733312,515,-55.79495,0
733322,508,-56.77874,0
733332,512,-56.21657,0
733342,510,-56.49765,0
733352,508,-56.77874,0
733362,517,-55.51386,0
733372,512,-56.21657,0
733382,508,-56.77874,0
733392,499,-58.04361,0
733402,514,-55.93548,0
733412,513,-56.07603,0
733422,510,-56.49765,0
733432,508,-56.77874,0
733442,516,-55.6544,0
733452,509,-56.63819,0
733462,516,-55.6544,0
733472,499,-58.04361,0
733482,509,-56.63819,0
733492,518,-55.37332,0
733502,507,-56.91927,0
733512,509,-56.63819,0
733522,512,-56.21657,0
733532,505,-57.20036,0
733542,512,-56.21657,0
733552,513,-56.07603,0
733562,509,-56.63819,0
733572,512,-56.21657,0
733582,508,-56.77874,0
733592,501,-57.76253,0
733602,508,-56.77874,0
733612,506,-57.05982,0
733622,516,-55.6544,0
733632,519,-55.23278,0
733642,502,-57.62198,0
733652,506,-57.05982,0
733662,508,-56.77874,0
733672,515,-55.79495,0
733682,517,-55.51386,0
733692,509,-56.63819,0
733702,505,-57.20036,0
733712,502,-57.62198,0
733722,502,-57.62198,0
733732,506,-57.05982,0
733742,520,-55.09224,0
733752,517,-55.51386,0
733762,509,-56.63819,0
733772,514,-55.93548,0
733782,518,-55.37332,0
733792,514,-55.93548,0
733802,514,-55.93548,0
733812,511,-56.35711,0
733822,513,-56.07603,0
733832,509,-56.63819,0
733842,512,-56.21657,0
733852,511,-56.35711,0
733862,505,-57.20036,0
733872,505,-57.20036,0
733882,509,-56.63819,0
733892,509,-56.63819,0
733902,509,-56.63819,0
733912,508,-56.77874,0
733922,510,-56.49765,0
733932,506,-57.05982,0
733942,506,-57.05982,0
733952,507,-56.91927,0
733962,506,-57.05982,0
733972,517,-55.51386,0
733982,513,-56.07603,0
733992,513,-56.07603,0
734002,502,-57.62198,0
734012,511,-56.35711,0
734022,509,-56.63819,0
734032,505,-57.20036,0
734042,505,-57.20036,0
734052,516,-55.6544,0
734062,513,-56.07603,0
734072,512,-56.21657,0
734082,502,-57.62198,0
734092,510,-56.49765,0
734102,509,-56.63819,0
734112,510,-56.49765,0
734122,510,-56.49765,0
734132,510,-56.49765,0
734142,514,-55.93548,0
734152,506,-57.05982,0
734162,513,-56.07603,0
734172,513,-56.07603,0
734182,511,-56.35711,0
734192,508,-56.77874,0
734202,507,-56.91927,0
734212,503,-57.48144,0
734222,506,-57.05982,0
734232,512,-56.21657,0
734242,503,-57.48144,0
734252,514,-55.93548,0
734262,510,-56.49765,0
734272,522,-54.81116,0
734282,505,-57.20036,0
734292,517,-55.51386,0
734302,513,-56.07603,0
734312,512,-56.21657,0
734322,509,-56.63819,0
734332,514,-55.93548,0
734342,508,-56.77874,0
734352,514,-55.93548,0
734362,511,-56.35711,0
734372,507,-56.91927,0
734382,507,-56.91927,0
734392,507,-56.91927,0
734402,501,-57.76253,0
734412,513,-56.07603,0
734422,511,-56.35711,0
734432,502,-57.62198,0
734442,509,-56.63819,0
734452,509,-56.63819,0
734462,512,-56.21657,0
734472,510,-56.49765,0
734482,518,-55.37332,0
734492,514,-55.93548,0
734502,509,-56.63819,0
734512,510,-56.49765,0
734522,519,-55.23278,0
734532,509,-56.63819,0
734542,518,-55.37332,0
734552,511,-56.35711,0
734562,521,-54.9517,0
734572,509,-56.63819,0
734582,509,-56.63819,0
734592,516,-55.6544,0
734602,507,-56.91927,0
734612,517,-55.51386,0
734622,516,-55.6544,0
734632,515,-55.79495,0
734642,512,-56.21657,0
734652,514,-55.93548,0
734662,517,-55.51386,0
734672,515,-55.79495,0
734682,514,-55.93548,0
734692,507,-56.91927,0
734702,508,-56.77874,0
734712,513,-56.07603,0
734722,516,-55.6544,0
734732,503,-57.48144,0
734742,506,-57.05982,0
734752,513,-56.07603,0
734762,505,-57.20036,0
734772,511,-56.35711,0
734782,513,-56.07603,0
734792,509,-56.63819,0
734802,518,-55.37332,0
734812,507,-56.91927,0
734822,513,-56.07603,0
734832,517,-55.51386,0
734842,518,-55.37332,0
734852,509,-56.63819,0
734862,516,-55.6544,0
734872,509,-56.63819,0
734882,524,-54.53007,0
734892,506,-57.05982,0
734902,514,-55.93548,0
734912,508,-56.77874,0
734922,503,-57.48144,0
734932,516,-55.6544,0
734942,508,-56.77874,0
734952,512,-56.21657,0
734962,513,-56.07603,0
734972,515,-55.79495,0
734982,511,-56.35711,0
734992,512,-56.21657,0
735002,512,-56.21657,0
735012,526,-54.24899,0
735022,511,-56.35711,0
735032,511,-56.35711,0
735042,517,-55.51386,0
735052,510,-56.49765,0
735062,509,-56.63819,0
735072,508,-56.77874,0
735082,507,-56.91927,0
735092,513,-56.07603,0
735102,505,-57.20036,0
735112,507,-56.91927,0
735122,509,-56.63819,0
735132,524,-54.53007,0
735142,502,-57.62198,0
735152,505,-57.20036,0
735162,517,-55.51386,0
735172,516,-55.6544,0
735182,512,-56.21657,0
735192,518,-55.37332,0
735202,517,-55.51386,0
735212,514,-55.93548,0
735222,515,-55.79495,0
735232,515,-55.79495,0
735242,520,-55.09224,0
735252,515,-55.79495,0
735262,512,-56.21657,0
735272,517,-55.51386,0
735282,516,-55.6544,0
735292,520,-55.09224,0
735302,513,-56.07603,0
735312,513,-56.07603,0
735322,514,-55.93548,0
735332,522,-54.81116,0
735342,517,-55.51386,0
735352,509,-56.63819,0
735362,515,-55.79495,0
735372,508,-56.77874,0
735382,524,-54.53007,0
735392,508,-56.77874,0
735402,511,-56.35711,0
735412,516,-55.6544,0
735422,512,-56.21657,0
735432,511,-56.35711,0
735442,517,-55.51386,0
735452,510,-56.49765,0
735462,511,-56.35711,0
735472,506,-57.05982,0
735482,512,-56.21657,0
735492,513,-56.07603,0
735502,514,-55.93548,0
735512,512,-56.21657,0
735522,503,-57.48144,0
735532,508,-56.77874,0
735542,509,-56.63819,0
735552,509,-56.63819,0
735562,514,-55.93548,0
735572,509,-56.63819,0
735582,511,-56.35711,0
735592,510,-56.49765,0
735602,508,-56.77874,0
735612,513,-56.07603,0
735622,510,-56.49765,0
735632,521,-54.9517,0
735642,507,-56.91927,0
735652,515,-55.79495,0
735662,515,-55.79495,0
735672,508,-56.77874,0
735682,511,-56.35711,0
735692,517,-55.51386,0
735702,520,-55.09224,0
735712,513,-56.07603,0
735722,519,-55.23278,0
735732,511,-56.35711,0
735742,511,-56.35711,0
735752,511,-56.35711,0
735762,509,-56.63819,0
735772,508,-56.77874,0
735782,504,-57.3409,0
735792,506,-57.05982,0
735802,512,-56.21657,0
735812,519,-55.23278,0
735822,510,-56.49765,0
735832,513,-56.07603,0
735842,508,-56.77874,0
735852,510,-56.49765,0
735862,515,-55.79495,0
735872,512,-56.21657,0
735882,512,-56.21657,0
735892,507,-56.91927,0
735902,506,-57.05982,0
735912,514,-55.93548,0
735922,508,-56.77874,0
735932,522,-54.81116,0
735942,512,-56.21657,0
735952,510,-56.49765,0
735962,507,-56.91927,0
735972,520,-55.09224,0
735982,520,-55.09224,0
735992,514,-55.93548,0
736002,514,-55.93548,0
736012,513,-56.07603,0
736022,518,-55.37332,0
736032,510,-56.49765,0
736042,513,-56.07603,0
736052,509,-56.63819,0
736062,513,-56.07603,0
736072,517,-55.51386,0
736082,508,-56.77874,0
736092,515,-55.79495,0
736102,507,-56.91927,0
736112,518,-55.37332,0
736122,511,-56.35711,0
736132,511,-56.35711,0
736142,520,-55.09224,0
736152,510,-56.49765,0
736162,518,-55.37332,0
736172,508,-56.77874,0
736182,510,-56.49765,0
736192,510,-56.49765,0
736202,511,-56.35711,0
736212,515,-55.79495,0
736222,522,-54.81116,0
736232,506,-57.05982,0
736242,507,-56.91927,0
736252,512,-56.21657,0
736262,509,-56.63819,0
736272,514,-55.93548,0
736282,512,-56.21657,0
736292,515,-55.79495,0
736302,506,-57.05982,0
736312,518,-55.37332,0
736322,516,-55.6544,0
736332,512,-56.21657,0
736342,520,-55.09224,0
736352,512,-56.21657,0
736362,523,-54.67061,0
736372,507,-56.91927,0
736382,510,-56.49765,0
736392,513,-56.07603,0
736402,510,-56.49765,0
736412,513,-56.07603,0
736422,512,-56.21657,0
736432,519,-55.23278,0
736442,511,-56.35711,0
736452,513,-56.07603,0
736462,515,-55.79495,0
736472,515,-55.79495,0
736482,509,-56.63819,0
736492,519,-55.23278,0
736502,507,-56.91927,0
736512,516,-55.6544,0
736522,512,-56.21657,0
736532,513,-56.07603,0
736542,520,-55.09224,0
736552,507,-56.91927,0
736562,511,-56.35711,0
736572,510,-56.49765,0
736582,513,-56.07603,0
736592,510,-56.49765,0
736602,508,-56.77874,0
736612,507,-56.91927,0
736622,515,-55.79495,0
736632,517,-55.51386,0
736642,508,-56.77874,0
736652,511,-56.35711,0
736662,508,-56.77874,0
736672,512,-56.21657,0
736682,513,-56.07603,0
736692,518,-55.37332,0
736702,516,-55.6544,0
736712,517,-55.51386,0
736722,513,-56.07603,0
736732,511,-56.35711,0
736742,510,-56.49765,0
736752,511,-56.35711,0
736762,518,-55.37332,0
736772,513,-56.07603,0
736782,516,-55.6544,0
736792,512,-56.21657,0
736802,516,-55.6544,0
736812,515,-55.79495,0
736822,512,-56.21657,0
736832,515,-55.79495,0
736842,512,-56.21657,0
736852,508,-56.77874,0
736862,520,-55.09224,0
736872,511,-56.35711,0
736882,509,-56.63819,0
736892,517,-55.51386,0
736902,517,-55.51386,0
736912,505,-57.20036,0
736922,520,-55.09224,0
736932,517,-55.51386,0
736942,521,-54.9517,0
736952,513,-56.07603,0
736962,513,-56.07603,0
736972,519,-55.23278,0
736982,507,-56.91927,0
736992,525,-54.38953,0
737002,514,-55.93548,0
737012,513,-56.07603,0
737022,507,-56.91927,0
737032,514,-55.93548,0
737042,513,-56.07603,0
737052,509,-56.63819,0
737062,520,-55.09224,0
737072,508,-56.77874,0
737082,518,-55.37332,0
737092,521,-54.9517,0
737102,513,-56.07603,0
737112,508,-56.77874,0
737122,508,-56.77874,0
737132,514,-55.93548,0
737142,515,-55.79495,0
737152,519,-55.23278,0
737162,514,-55.93548,0
737172,519,-55.23278,0
737182,513,-56.07603,0
737192,512,-56.21657,0
737202,516,-55.6544,0
737212,513,-56.07603,0
737222,519,-55.23278,0
737232,518,-55.37332,0
737242,512,-56.21657,0
737252,510,-56.49765,0
737262,514,-55.93548,0
737272,514,-55.93548,0
737282,506,-57.05982,0
737292,511,-56.35711,0
737302,513,-56.07603,0
737312,511,-56.35711,0
737322,518,-55.37332,0
737332,521,-54.9517,0
737342,516,-55.6544,0
737352,521,-54.9517,0
737362,528,-53.96791,0
737372,518,-55.37332,0
737382,509,-56.63819,0
737392,504,-57.3409,0
737402,519,-55.23278,0
737412,519,-55.23278,0
737422,508,-56.77874,0
737432,516,-55.6544,0
737442,524,-54.53007,0
737452,510,-56.49765,0
737462,515,-55.79495,0
737472,513,-56.07603,0
737482,513,-56.07603,0
737492,514,-55.93548,0
737502,516,-55.6544,0
737512,514,-55.93548,0
737522,512,-56.21657,0
737532,518,-55.37332,0
737542,519,-55.23278,0
737552,516,-55.6544,0
737562,519,-55.23278,0
737572,514,-55.93548,0
737582,506,-57.05982,0
737592,512,-56.21657,0
737602,507,-56.91927,0
737612,519,-55.23278,0
737622,506,-57.05982,0
737632,520,-55.09224,0
737642,514,-55.93548,0
737652,513,-56.07603,0
737662,523,-54.67061,0
737672,517,-55.51386,0
737682,512,-56.21657,0
737692,514,-55.93548,0
737702,526,-54.24899,0
737712,514,-55.93548,0
737722,523,-54.67061,0
737732,516,-55.6544,0
737742,516,-55.6544,0
737752,518,-55.37332,0
737762,528,-53.96791,0
737772,522,-54.81116,0
737782,516,-55.6544,0
737792,521,-54.9517,0
737802,515,-55.79495,0
737812,519,-55.23278,0
737822,517,-55.51386,0
737832,517,-55.51386,0
737842,519,-55.23278,0
737852,517,-55.51386,0
737862,520,-55.09224,0
737872,515,-55.79495,0
737882,517,-55.51386,0
737892,517,-55.51386,0
737902,522,-54.81116,0
737912,524,-54.53007,0
737922,506,-57.05982,0
737932,524,-54.53007,0
737942,515,-55.79495,0
737952,515,-55.79495,0
737962,515,-55.79495,0
737972,511,-56.35711,0
737982,522,-54.81116,0
737992,528,-53.96791,0
738002,517,-55.51386,0
738012,519,-55.23278,0
738022,521,-54.9517,0
738032,511,-56.35711,0
738042,520,-55.09224,0
738052,514,-55.93548,0
738062,520,-55.09224,0
738072,510,-56.49765,0
738082,514,-55.93548,0
738092,509,-56.63819,0
738102,507,-56.91927,0
738112,511,-56.35711,0
738122,512,-56.21657,0
738132,510,-56.49765,0
738142,521,-54.9517,0
738152,526,-54.24899,0
738162,514,-55.93548,0
738172,513,-56.07603,0
738182,509,-56.63819,0
738192,511,-56.35711,0
738202,516,-55.6544,0
738212,516,-55.6544,0
738222,520,-55.09224,0
738232,519,-55.23278,0
738242,520,-55.09224,0
738252,518,-55.37332,0
738262,515,-55.79495,0
738272,507,-56.91927,0
738282,524,-54.53007,0
738292,524,-54.53007,0
738302,512,-56.21657,0
738312,527,-54.10844,0
738322,512,-56.21657,0
738332,522,-54.81116,0
738342,519,-55.23278,0
738352,508,-56.77874,0
738362,520,-55.09224,0
738372,520,-55.09224,0
738382,516,-55.6544,0
738392,523,-54.67061,0
738402,520,-55.09224,0
738412,520,-55.09224,0
738422,520,-55.09224,0
738432,517,-55.51386,0
738442,512,-56.21657,0
738452,514,-55.93548,0
738462,519,-55.23278,0
738472,522,-54.81116,0
738482,517,-55.51386,0
738492,524,-54.53007,0
738502,524,-54.53007,0
738512,515,-55.79495,0
738522,519,-55.23278,0
738532,520,-55.09224,0
738542,527,-54.10844,0
738552,520,-55.09224,0
738562,522,-54.81116,0
738572,519,-55.23278,0
738582,522,-54.81116,0
738592,519,-55.23278,0
738602,526,-54.24899,0
738612,512,-56.21657,0
738622,514,-55.93548,0
738632,529,-53.82737,0
738642,519,-55.23278,0
738652,514,-55.93548,0
738662,511,-56.35711,0
738672,520,-55.09224,0
738682,517,-55.51386,0
738692,510,-56.49765,0
738702,517,-55.51386,0
738712,523,-54.67061,0
738722,517,-55.51386,0
738732,516,-55.6544,0
738742,526,-54.24899,0
738752,512,-56.21657,0
738762,525,-54.38953,0
738772,510,-56.49765,0
738782,512,-56.21657,0
738792,511,-56.35711,0
738802,518,-55.37332,0
738812,517,-55.51386,0
738822,512,-56.21657,0
738832,528,-53.96791,0
738842,517,-55.51386,0
738852,523,-54.67061,0
738862,526,-54.24899,0
738872,523,-54.67061,0
738882,524,-54.53007,0
738892,511,-56.35711,0
738902,523,-54.67061,0
738912,517,-55.51386,0
738922,522,-54.81116,0
738932,524,-54.53007,0
738942,522,-54.81116,0
738952,511,-56.35711,0
738962,512,-56.21657,0
738972,512,-56.21657,0
738982,518,-55.37332,0
738992,511,-56.35711,0
739002,515,-55.79495,0
739012,518,-55.37332,0
739022,520,-55.09224,0
739032,519,-55.23278,0
739042,518,-55.37332,0
739052,512,-56.21657,0
739062,520,-55.09224,0
739072,522,-54.81116,0
739082,521,-54.9517,0
739092,516,-55.6544,0
739102,517,-55.51386,0
739112,531,-53.54628,0
739122,511,-56.35711,0
739132,517,-55.51386,0
739142,519,-55.23278,0
739152,517,-55.51386,0
739162,519,-55.23278,0
739172,520,-55.09224,0
739182,516,-55.6544,0
739192,516,-55.6544,0
739202,517,-55.51386,0
739212,508,-56.77874,0
739222,516,-55.6544,0
739232,515,-55.79495,0
739242,523,-54.67061,0
739252,522,-54.81116,0
739262,518,-55.37332,0
739272,511,-56.35711,0
739282,518,-55.37332,0
739292,522,-54.81116,0
739302,520,-55.09224,0
739312,520,-55.09224,0
739322,505,-57.20036,0
739332,521,-54.9517,0
739342,520,-55.09224,0
739352,516,-55.6544,0
739362,513,-56.07603,0
739372,511,-56.35711,0
739382,522,-54.81116,0
739392,522,-54.81116,0
739402,523,-54.67061,0
739412,517,-55.51386,0
739422,525,-54.38953,0
739432,522,-54.81116,0
739442,513,-56.07603,0
739452,513,-56.07603,0
739462,508,-56.77874,0
739472,513,-56.07603,0
739482,517,-55.51386,0
739492,517,-55.51386,0
739502,515,-55.79495,0
739512,522,-54.81116,0
739522,525,-54.38953,0
739532,518,-55.37332,0
739542,515,-55.79495,0
739552,522,-54.81116,0
739562,523,-54.67061,0
739572,511,-56.35711,0
739582,517,-55.51386,0
739592,520,-55.09224,0
739602,525,-54.38953,0
739612,518,-55.37332,0
739622,524,-54.53007,0
739632,517,-55.51386,0
739642,518,-55.37332,0
739652,519,-55.23278,0
739662,523,-54.67061,0
739672,516,-55.6544,0
739682,517,-55.51386,0
739692,512,-56.21657,0
739702,515,-55.79495,0
739712,512,-56.21657,0
739722,517,-55.51386,0
739732,522,-54.81116,0
739742,520,-55.09224,0
739752,517,-55.51386,0
739762,523,-54.67061,0
739772,516,-55.6544,0
739782,526,-54.24899,0
739792,521,-54.9517,0
739802,514,-55.93548,0
739812,514,-55.93548,0
739822,514,-55.93548,0
739832,517,-55.51386,0
739842,524,-54.53007,0
739852,523,-54.67061,0
739862,526,-54.24899,0
739872,514,-55.93548,0
739882,520,-55.09224,0
739892,528,-53.96791,0
739902,511,-56.35711,0
739912,521,-54.9517,0
739922,523,-54.67061,0
739932,518,-55.37332,0
739942,524,-54.53007,0
739952,517,-55.51386,0
739962,517,-55.51386,0
739972,513,-56.07603,0
739982,518,-55.37332,0
739992,514,-55.93548,0
740002,516,-55.6544,0
740012,513,-56.07603,0
740022,516,-55.6544,0
740032,514,-55.93548,0
740042,517,-55.51386,0
740052,528,-53.96791,0
740062,514,-55.93548,0
740072,517,-55.51386,0
740082,522,-54.81116,0
740092,518,-55.37332,0
740102,520,-55.09224,0
740112,517,-55.51386,0
740122,513,-56.07603,0
740132,511,-56.35711,0
740142,517,-55.51386,0
740152,522,-54.81116,0
740162,516,-55.6544,0
740172,516,-55.6544,0
740182,521,-54.9517,0
740192,518,-55.37332,0
740202,526,-54.24899,0
740212,527,-54.10844,0
740222,519,-55.23278,0
740232,526,-54.24899,0
740242,524,-54.53007,0
740252,521,-54.9517,0
740262,521,-54.9517,0
740272,514,-55.93548,0
740282,519,-55.23278,0
740292,520,-55.09224,0
740302,518,-55.37332,0
740312,529,-53.82737,0
740322,515,-55.79495,0
740332,514,-55.93548,0
740342,525,-54.38953,0
740352,521,-54.9517,0
740362,522,-54.81116,0
740372,506,-57.05982,0
740382,527,-54.10844,0
740392,519,-55.23278,0
740402,526,-54.24899,0
740412,516,-55.6544,0
740422,511,-56.35711,0
740432,519,-55.23278,0
740442,517,-55.51386,0
740452,517,-55.51386,0
740462,515,-55.79495,0
740472,520,-55.09224,0
740482,519,-55.23278,0
740492,522,-54.81116,0
740502,523,-54.67061,0
740512,519,-55.23278,0
740522,516,-55.6544,0
740532,523,-54.67061,0
740542,517,-55.51386,0
740552,522,-54.81116,0
740562,527,-54.10844,0
740572,507,-56.91927,0
740582,521,-54.9517,0
740592,519,-55.23278,0
740602,521,-54.9517,0
740612,528,-53.96791,0
740622,524,-54.53007,0
740632,529,-53.82737,0
740642,515,-55.79495,0
740652,519,-55.23278,0
740662,518,-55.37332,0
740672,518,-55.37332,0
740682,505,-57.20036,0
740692,521,-54.9517,0
740702,524,-54.53007,0
740712,514,-55.93548,0
740722,520,-55.09224,0
740732,519,-55.23278,0
740742,519,-55.23278,0
740752,522,-54.81116,0
740762,525,-54.38953,0
740772,517,-55.51386,0
740782,519,-55.23278,0
740792,525,-54.38953,0
740802,522,-54.81116,0
740812,520,-55.09224,0
740822,520,-55.09224,0
740832,524,-54.53007,0
740842,525,-54.38953,0
740852,530,-53.68682,0
740862,513,-56.07603,0
740872,527,-54.10844,0
740882,529,-53.82737,0
740892,519,-55.23278,0
740902,522,-54.81116,0
740912,523,-54.67061,0
740922,520,-55.09224,0
740932,525,-54.38953,0
740942,522,-54.81116,0
740952,524,-54.53007,0
740962,519,-55.23278,0
740972,519,-55.23278,0
740982,516,-55.6544,0
740992,516,-55.6544,0
741002,523,-54.67061,0
741012,529,-53.82737,0
741022,516,-55.6544,0
741032,521,-54.9517,0
741042,523,-54.67061,0
741052,525,-54.38953,0
741062,519,-55.23278,0
741072,519,-55.23278,0
741082,526,-54.24899,0
741092,518,-55.37332,0
741102,516,-55.6544,0
741112,510,-56.49765,0
741122,525,-54.38953,0
741132,512,-56.21657,0
741142,521,-54.9517,0
741152,523,-54.67061,0
741162,511,-56.35711,0
741172,518,-55.37332,0
741182,519,-55.23278,0
741192,519,-55.23278,0
741202,523,-54.67061,0
741212,521,-54.9517,0
741222,520,-55.09224,0
741232,523,-54.67061,0
741242,524,-54.53007,0
741252,522,-54.81116,0
741262,517,-55.51386,0
741272,519,-55.23278,0
741282,515,-55.79495,0
741292,515,-55.79495,0
741302,519,-55.23278,0
741312,518,-55.37332,0
741322,511,-56.35711,0
741332,530,-53.68682,0
741342,526,-54.24899,0
741352,522,-54.81116,0
741362,519,-55.23278,0
741372,523,-54.67061,0
741382,524,-54.53007,0
741392,531,-53.54628,0
741402,518,-55.37332,0
741412,518,-55.37332,0
741422,515,-55.79495,0
741432,521,-54.9517,0
741442,517,-55.51386,0
741452,508,-56.77874,0
741462,522,-54.81116,0
741472,527,-54.10844,0
741482,518,-55.37332,0
741492,518,-55.37332,0
741502,529,-53.82737,0
741512,517,-55.51386,0
741522,521,-54.9517,0
741532,522,-54.81116,0
741542,526,-54.24899,0
741552,517,-55.51386,0
741562,520,-55.09224,0
741572,520,-55.09224,0
741582,509,-56.63819,0
741592,525,-54.38953,0
741602,524,-54.53007,0
741612,515,-55.79495,0
741622,520,-55.09224,0
741632,528,-53.96791,0
741642,522,-54.81116,0
741652,521,-54.9517,0
741662,525,-54.38953,0
741672,524,-54.53007,0
741682,531,-53.54628,0
741692,517,-55.51386,0
741702,517,-55.51386,0
741712,514,-55.93548,0
741722,528,-53.96791,0
741732,517,-55.51386,0
741742,513,-56.07603,0
741752,523,-54.67061,0
741762,511,-56.35711,0
741772,525,-54.38953,0
741782,525,-54.38953,0
741792,529,-53.82737,0
741802,528,-53.96791,0
741812,531,-53.54628,0
741822,528,-53.96791,0
741832,525,-54.38953,0
741842,524,-54.53007,0
741852,521,-54.9517,0
741862,522,-54.81116,0
741872,521,-54.9517,0
741882,526,-54.24899,0
741892,518,-55.37332,0
741902,533,-53.2652,0
741912,521,-54.9517,0
741922,524,-54.53007,0
741932,527,-54.10844,0
741942,521,-54.9517,0
741952,525,-54.38953,0
741962,523,-54.67061,0
741972,531,-53.54628,0
741982,521,-54.9517,0
741992,524,-54.53007,0
742002,524,-54.53007,0
742012,515,-55.79495,0
742022,517,-55.51386,0
742032,515,-55.79495,0
742042,522,-54.81116,0
742052,521,-54.9517,0
742062,520,-55.09224,0
742072,518,-55.37332,0
742082,528,-53.96791,0
742092,521,-54.9517,0
742102,524,-54.53007,0
742112,532,-53.40574,0
742122,517,-55.51386,0
742132,519,-55.23278,0
742142,524,-54.53007,0
742152,516,-55.6544,0
742162,522,-54.81116,0
742172,522,-54.81116,0
742182,530,-53.68682,0
742192,523,-54.67061,0
742202,524,-54.53007,0
742212,526,-54.24899,0
742222,527,-54.10844,0
742232,520,-55.09224,0
742242,521,-54.9517,0
742252,526,-54.24899,0
742262,518,-55.37332,0
742272,516,-55.6544,0
742282,525,-54.38953,0
742292,519,-55.23278,0
742302,524,-54.53007,0
742312,518,-55.37332,0
742322,527,-54.10844,0
742332,531,-53.54628,0
742342,526,-54.24899,0
742352,523,-54.67061,0
742362,521,-54.9517,0
742372,524,-54.53007,0
742382,520,-55.09224,0
742392,521,-54.9517,0
742402,524,-54.53007,0
742412,525,-54.38953,0
742422,530,-53.68682,0
742432,527,-54.10844,0
742442,517,-55.51386,0
742452,522,-54.81116,0
742462,519,-55.23278,0
742472,524,-54.53007,0
742482,524,-54.53007,0
742492,533,-53.2652,0
742502,523,-54.67061,0
742512,525,-54.38953,0
742522,520,-55.09224,0
742532,520,-55.09224,0
742542,529,-53.82737,0
742552,521,-54.9517,0
742562,520,-55.09224,0
742572,525,-54.38953,0
742582,523,-54.67061,0
742592,524,-54.53007,0
742602,526,-54.24899,0
742612,526,-54.24899,0
742622,520,-55.09224,0
742632,528,-53.96791,0
742642,528,-53.96791,0
742652,530,-53.68682,0
742662,524,-54.53007,0
742672,524,-54.53007,0
742682,528,-53.96791,0
742692,519,-55.23278,0
742702,525,-54.38953,0
742712,524,-54.53007,0
742722,520,-55.09224,0
742732,525,-54.38953,0
742742,535,-52.98412,0
742752,529,-53.82737,0
742762,522,-54.81116,0
742772,521,-54.9517,0
742782,525,-54.38953,0
742792,519,-55.23278,0
742802,524,-54.53007,0
742812,516,-55.6544,0
742822,527,-54.10844,0
742832,527,-54.10844,0
742842,518,-55.37332,0
742852,525,-54.38953,0
742862,530,-53.68682,0
742872,521,-54.9517,0
742882,532,-53.40574,0
742892,512,-56.21657,0
742902,521,-54.9517,0
742912,523,-54.67061,0
742922,522,-54.81116,0
742932,523,-54.67061,0
742942,520,-55.09224,0
742952,520,-55.09224,0
742962,518,-55.37332,0
742972,517,-55.51386,0
742982,525,-54.38953,0
742992,523,-54.67061,0
743002,529,-53.82737,0
743012,523,-54.67061,0
743022,528,-53.96791,0
743032,521,-54.9517,0
743042,531,-53.54628,0
743052,522,-54.81116,0
743062,525,-54.38953,0
743072,529,-53.82737,0
743082,529,-53.82737,0
743092,531,-53.54628,0
743102,524,-54.53007,0
743112,528,-53.96791,0
743122,523,-54.67061,0
743132,526,-54.24899,0
743142,514,-55.93548,0
743152,518,-55.37332,0
743162,519,-55.23278,0
743172,522,-54.81116,0
743182,526,-54.24899,0
743192,522,-54.81116,0
743202,526,-54.24899,0
743212,530,-53.68682,0
743222,529,-53.82737,0
743232,521,-54.9517,0
743242,516,-55.6544,0
743252,526,-54.24899,0
743262,524,-54.53007,0
743272,526,-54.24899,0
743282,527,-54.10844,0
743292,529,-53.82737,0
743302,524,-54.53007,0
743312,531,-53.54628,0
743322,525,-54.38953,0
743332,517,-55.51386,0
743342,524,-54.53007,0
743352,522,-54.81116,0
743362,528,-53.96791,0
743372,518,-55.37332,0
743382,524,-54.53007,0
743392,528,-53.96791,0
743402,525,-54.38953,0
743412,524,-54.53007,0
743422,514,-55.93548,0
743432,528,-53.96791,0
743442,522,-54.81116,0
743452,535,-52.98412,0
743462,527,-54.10844,0
743472,527,-54.10844,0
743482,521,-54.9517,0
743492,531,-53.54628,0
743502,524,-54.53007,0
743512,529,-53.82737,0
743522,526,-54.24899,0
743532,523,-54.67061,0
743542,524,-54.53007,0
743552,526,-54.24899,0
743562,532,-53.40574,0
743572,526,-54.24899,0
743582,528,-53.96791,0
743592,522,-54.81116,0
743602,525,-54.38953,0
743612,527,-54.10844,0
743622,529,-53.82737,0
743632,520,-55.09224,0
743642,520,-55.09224,0
743652,524,-54.53007,0
743662,526,-54.24899,0
743672,529,-53.82737,0
743682,530,-53.68682,0
743692,527,-54.10844,0
743702,527,-54.10844,0
743712,523,-54.67061,0
743722,530,-53.68682,0
743732,525,-54.38953,0
743742,522,-54.81116,0
743752,524,-54.53007,0
743762,529,-53.82737,0
743772,525,-54.38953,0
743782,520,-55.09224,0
743792,525,-54.38953,0
743802,519,-55.23278,0
743812,526,-54.24899,0
743822,528,-53.96791,0
743832,531,-53.54628,0
743842,525,-54.38953,0
743852,518,-55.37332,0
743862,527,-54.10844,0
743872,524,-54.53007,0
743882,532,-53.40574,0
743892,528,-53.96791,0
743902,522,-54.81116,0
743912,522,-54.81116,0
743922,528,-53.96791,0
743932,530,-53.68682,0
743942,514,-55.93548,0
743952,526,-54.24899,0
743962,521,-54.9517,0
743972,530,-53.68682,0
743982,524,-54.53007,0
743992,516,-55.6544,0
744002,535,-52.98412,0
744012,523,-54.67061,0
744022,529,-53.82737,0
744032,534,-53.12465,0
744042,516,-55.6544,0
744052,530,-53.68682,0
744062,531,-53.54628,0
744072,527,-54.10844,0
744082,530,-53.68682,0
744092,520,-55.09224,0
744102,528,-53.96791,0
744112,525,-54.38953,0
744122,518,-55.37332,0
744132,522,-54.81116,0
744142,523,-54.67061,0
744152,523,-54.67061,0
744162,523,-54.67061,0
744172,532,-53.40574,0
744182,529,-53.82737,0
744192,527,-54.10844,0
744202,529,-53.82737,0
744212,520,-55.09224,0
744222,515,-55.79495,0
744232,527,-54.10844,0
744242,523,-54.67061,0
744252,530,-53.68682,0
744262,529,-53.82737,0
744272,526,-54.24899,0
744282,526,-54.24899,0
744292,523,-54.67061,0
744302,527,-54.10844,0
744312,534,-53.12465,0
744322,521,-54.9517,0
744332,527,-54.10844,0
744342,521,-54.9517,0
744352,528,-53.96791,0
744362,530,-53.68682,0
744372,529,-53.82737,0
744382,523,-54.67061,0
744392,517,-55.51386,0
744402,529,-53.82737,0
744412,528,-53.96791,0
744422,530,-53.68682,0
744432,528,-53.96791,0
744442,523,-54.67061,0
744452,528,-53.96791,0
744462,526,-54.24899,0
744472,529,-53.82737,0
744482,518,-55.37332,0
744492,520,-55.09224,0
744502,526,-54.24899,0
744512,521,-54.9517,0
744522,521,-54.9517,0
744532,527,-54.10844,0
744542,519,-55.23278,0
744552,523,-54.67061,0
744562,526,-54.24899,0
744572,527,-54.10844,0
744582,527,-54.10844,0
744592,526,-54.24899,0
744602,525,-54.38953,0
744612,535,-52.98412,0
744622,528,-53.96791,0
744632,526,-54.24899,0
744642,521,-54.9517,0
744652,524,-54.53007,0
744662,528,-53.96791,0
744672,533,-53.2652,0
744682,526,-54.24899,0
744692,519,-55.23278,0
744702,517,-55.51386,0
744712,522,-54.81116,0
744722,517,-55.51386,0
744732,526,-54.24899,0
744742,524,-54.53007,0
744752,528,-53.96791,0
744762,530,-53.68682,0
744772,520,-55.09224,0
744782,532,-53.40574,0
744792,528,-53.96791,0
744802,530,-53.68682,0
744812,529,-53.82737,0
744822,529,-53.82737,0
744832,527,-54.10844,0
744842,523,-54.67061,0
744852,526,-54.24899,0
744862,525,-54.38953,0
744872,531,-53.54628,0
744882,532,-53.40574,0
744892,523,-54.67061,0
744902,521,-54.9517,0
744912,519,-55.23278,0
744922,527,-54.10844,0
744932,531,-53.54628,0
744942,526,-54.24899,0
744952,531,-53.54628,0
744962,527,-54.10844,0
744972,519,-55.23278,0
744982,528,-53.96791,0
744992,531,-53.54628,0
745002,531,-53.54628,0
745012,520,-55.09224,0
745022,516,-55.6544,0
745032,529,-53.82737,0
745042,520,-55.09224,0
745052,528,-53.96791,0
745062,527,-54.10844,0
745072,525,-54.38953,0
745082,526,-54.24899,0
745092,531,-53.54628,0
745102,530,-53.68682,0
745112,521,-54.9517,0
745122,525,-54.38953,0
745132,527,-54.10844,0
745142,525,-54.38953,0
745152,534,-53.12465,0
745162,520,-55.09224,0
745172,526,-54.24899,0
745182,519,-55.23278,0
745192,525,-54.38953,0
745202,531,-53.54628,0
745212,527,-54.10844,0
745222,527,-54.10844,0
745232,533,-53.2652,0
745242,524,-54.53007,0
745252,529,-53.82737,0
745262,528,-53.96791,0
745272,528,-53.96791,0
745282,529,-53.82737,0
745292,526,-54.24899,0
745302,528,-53.96791,0
745312,535,-52.98412,0
745322,523,-54.67061,0
745332,529,-53.82737,0
745342,525,-54.38953,0
745352,518,-55.37332,0
745362,517,-55.51386,0
745372,526,-54.24899,0
745382,527,-54.10844,0
745392,523,-54.67061,0
745402,526,-54.24899,0
745412,526,-54.24899,0
745422,535,-52.98412,0
745432,531,-53.54628,0
745442,526,-54.24899,0
745452,530,-53.68682,0
745462,523,-54.67061,0
745472,528,-53.96791,0
745482,528,-53.96791,0
745492,532,-53.40574,0
745502,528,-53.96791,0
745512,531,-53.54628,0
745522,531,-53.54628,0
745532,528,-53.96791,0
745542,523,-54.67061,0
745552,521,-54.9517,0
745562,526,-54.24899,0
745572,527,-54.10844,0
745582,531,-53.54628,0
745592,527,-54.10844,0
745602,530,-53.68682,0
745612,529,-53.82737,0
745622,531,-53.54628,0
745632,535,-52.98412,0
745642,533,-53.2652,0
745652,534,-53.12465,0
745662,531,-53.54628,0
745672,529,-53.82737,0
745682,529,-53.82737,0
745692,526,-54.24899,0
745702,522,-54.81116,0
745712,524,-54.53007,0
745722,528,-53.96791,0
745732,528,-53.96791,0
745742,532,-53.40574,0
745752,524,-54.53007,0
745762,526,-54.24899,0
745772,531,-53.54628,0
745782,529,-53.82737,0
745792,524,-54.53007,0
745802,528,-53.96791,0
745812,528,-53.96791,0
745822,530,-53.68682,0
745832,529,-53.82737,0
745842,528,-53.96791,0
745852,530,-53.68682,0
745862,530,-53.68682,0
745872,528,-53.96791,0
745882,520,-55.09224,0
745892,527,-54.10844,0
745902,523,-54.67061,0
745912,528,-53.96791,0
745922,527,-54.10844,0
745932,530,-53.68682,0
745942,532,-53.40574,0
745952,522,-54.81116,0
745962,519,-55.23278,0
745972,525,-54.38953,0
745982,528,-53.96791,0
745992,532,-53.40574,0
746002,527,-54.10844,0
746012,526,-54.24899,0
746022,523,-54.67061,0
746032,525,-54.38953,0
746042,536,-52.84357,0
746052,523,-54.67061,0
746062,521,-54.9517,0
746072,531,-53.54628,0
746082,529,-53.82737,0
746092,529,-53.82737,0
746102,531,-53.54628,0
746112,525,-54.38953,0
746122,524,-54.53007,0
746132,526,-54.24899,0
746142,527,-54.10844,0
746152,526,-54.24899,0
746162,522,-54.81116,0
746172,520,-55.09224,0
746182,527,-54.10844,0
746192,519,-55.23278,0
746202,522,-54.81116,0
746212,531,-53.54628,0
746222,518,-55.37332,0
746232,530,-53.68682,0
746242,525,-54.38953,0
746252,529,-53.82737,0
746262,518,-55.37332,0
746272,525,-54.38953,0
746282,531,-53.54628,0
746292,525,-54.38953,0
746302,532,-53.40574,0
746312,534,-53.12465,0
746322,529,-53.82737,0
746332,522,-54.81116,0
746342,526,-54.24899,0
746352,529,-53.82737,0
746362,522,-54.81116,0
746372,524,-54.53007,0
746382,530,-53.68682,0
746392,525,-54.38953,0
746402,539,-52.42195,0
746412,534,-53.12465,0
746422,532,-53.40574,0
746432,527,-54.10844,0
746442,522,-54.81116,0
746452,525,-54.38953,0
746462,531,-53.54628,0
746472,525,-54.38953,0
746482,534,-53.12465,0
746492,529,-53.82737,0
746502,522,-54.81116,0
746512,528,-53.96791,0
746522,523,-54.67061,0
746532,533,-53.2652,0
746542,534,-53.12465,0
746552,529,-53.82737,0
746562,530,-53.68682,0
746572,524,-54.53007,0
746582,529,-53.82737,0
746592,524,-54.53007,0
746602,525,-54.38953,0
746612,524,-54.53007,0
746622,531,-53.54628,0
746632,531,-53.54628,0
746642,530,-53.68682,0
746652,523,-54.67061,0
746662,525,-54.38953,0
746672,530,-53.68682,0
746682,532,-53.40574,0
746692,532,-53.40574,0
746702,521,-54.9517,0
746712,527,-54.10844,0
746722,524,-54.53007,0
746732,524,-54.53007,0
746742,531,-53.54628,0
746752,533,-53.2652,0
746762,527,-54.10844,0
746772,533,-53.2652,0
746782,528,-53.96791,0
746792,535,-52.98412,0
746802,529,-53.82737,0
746812,523,-54.67061,0
746822,529,-53.82737,0
746832,526,-54.24899,0
746842,531,-53.54628,0
746852,533,-53.2652,0
746862,524,-54.53007,0
746872,525,-54.38953,0
746882,526,-54.24899,0
746892,521,-54.9517,0
746902,534,-53.12465,0
746912,528,-53.96791,0
746922,527,-54.10844,0
746932,519,-55.23278,0
746942,529,-53.82737,0
746952,519,-55.23278,0
746962,529,-53.82737,0
746972,529,-53.82737,0
746982,525,-54.38953,0
746992,538,-52.56249,0
747002,530,-53.68682,0
747012,526,-54.24899,0
747022,531,-53.54628,0
747032,532,-53.40574,0
747042,531,-53.54628,0
747052,530,-53.68682,0
747062,533,-53.2652,0
747072,524,-54.53007,0
747082,533,-53.2652,0
747092,531,-53.54628,0
747102,521,-54.9517,0
747112,523,-54.67061,0
747122,528,-53.96791,0
747132,522,-54.81116,0
747142,520,-55.09224,0
747152,521,-54.9517,0
747162,525,-54.38953,0
747172,525,-54.38953,0
747182,535,-52.98412,0
747192,531,-53.54628,0
747202,531,-53.54628,0
747212,526,-54.24899,0
747222,533,-53.2652,0
747232,527,-54.10844,0
747242,535,-52.98412,0
747252,530,-53.68682,0
747262,533,-53.2652,0
747272,526,-54.24899,0
747282,532,-53.40574,0
747292,522,-54.81116,0
747302,533,-53.2652,0
747312,528,-53.96791,0
747322,529,-53.82737,0
747332,525,-54.38953,0
747342,527,-54.10844,0
747352,530,-53.68682,0
747362,529,-53.82737,0
747372,530,-53.68682,0
747382,537,-52.70303,0
747392,523,-54.67061,0
747402,528,-53.96791,0
747412,525,-54.38953,0
747422,528,-53.96791,0
747432,536,-52.84357,0
747442,537,-52.70303,0
747452,532,-53.40574,0
747462,523,-54.67061,0
747472,527,-54.10844,0
747482,529,-53.82737,0
747492,533,-53.2652,0
747502,535,-52.98412,0
747512,531,-53.54628,0
747522,536,-52.84357,0
747532,529,-53.82737,0
747542,531,-53.54628,0
747552,534,-53.12465,0
747562,536,-52.84357,0
747572,532,-53.40574,0
747582,534,-53.12465,0
747592,528,-53.96791,0
747602,527,-54.10844,0
747612,517,-55.51386,0
747622,530,-53.68682,0
747632,534,-53.12465,0
747642,532,-53.40574,0
747652,534,-53.12465,0
747662,532,-53.40574,0
747672,530,-53.68682,0
747682,530,-53.68682,0
747692,533,-53.2652,0
747702,530,-53.68682,0
747712,533,-53.2652,0
747722,532,-53.40574,0
747732,528,-53.96791,0
747742,530,-53.68682,0
747752,532,-53.40574,0
747762,528,-53.96791,0
747772,534,-53.12465,0
747782,527,-54.10844,0
747792,529,-53.82737,0
747802,530,-53.68682,0
747812,527,-54.10844,0
747822,536,-52.84357,0
747832,534,-53.12465,0
747842,531,-53.54628,0
747852,526,-54.24899,0
747862,521,-54.9517,0
747872,532,-53.40574,0
747882,534,-53.12465,0
747892,532,-53.40574,0
747902,528,-53.96791,0
747912,525,-54.38953,0
747922,532,-53.40574,0
747932,529,-53.82737,0
747942,528,-53.96791,0
747952,534,-53.12465,0
747962,525,-54.38953,0
747972,527,-54.10844,0
747982,534,-53.12465,0
747992,527,-54.10844,0
748002,534,-53.12465,0
748012,524,-54.53007,0
748022,528,-53.96791,0
748032,524,-54.53007,0
748042,527,-54.10844,0
748052,531,-53.54628,0
748062,526,-54.24899,0
748072,528,-53.96791,0
748082,529,-53.82737,0
748092,531,-53.54628,0
748102,532,-53.40574,0
748112,524,-54.53007,0
748122,535,-52.98412,0
748132,531,-53.54628,0
748142,531,-53.54628,0
748152,537,-52.70303,0
748162,523,-54.67061,0
748172,530,-53.68682,0
748182,522,-54.81116,0
748192,530,-53.68682,0
748202,535,-52.98412,0
748212,529,-53.82737,0
748222,539,-52.42195,0
748232,535,-52.98412,0
748242,534,-53.12465,0
748252,528,-53.96791,0
748262,536,-52.84357,0
748272,531,-53.54628,0
748282,530,-53.68682,0
748292,535,-52.98412,0
748302,530,-53.68682,0
748312,537,-52.70303,0
748322,527,-54.10844,0
748332,537,-52.70303,0
748342,530,-53.68682,0
748352,534,-53.12465,0
748362,530,-53.68682,0
748372,534,-53.12465,0
748382,535,-52.98412,0
748392,531,-53.54628,0
748402,536,-52.84357,0
748412,528,-53.96791,0
748422,529,-53.82737,0
748432,530,-53.68682,0
748442,522,-54.81116,0
748452,531,-53.54628,0
748462,528,-53.96791,0
748472,530,-53.68682,0
748482,528,-53.96791,0
748492,530,-53.68682,0
748502,531,-53.54628,0
748512,528,-53.96791,0
748522,536,-52.84357,0
748532,532,-53.40574,0
748542,531,-53.54628,0
748552,525,-54.38953,0
748562,535,-52.98412,0
748572,531,-53.54628,0
748582,531,-53.54628,0
748592,528,-53.96791,0
748602,532,-53.40574,0
748612,528,-53.96791,0
748622,530,-53.68682,0
748632,535,-52.98412,0
748642,530,-53.68682,0
748652,529,-53.82737,0
748662,524,-54.53007,0
748672,528,-53.96791,0
748682,532,-53.40574,0
748692,533,-53.2652,0
748702,528,-53.96791,0
748712,523,-54.67061,0
748722,533,-53.2652,0
748732,531,-53.54628,0
748742,542,-52.00033,0
748752,531,-53.54628,0
748762,531,-53.54628,0
748772,532,-53.40574,0
748782,534,-53.12465,0
748792,531,-53.54628,0
748802,532,-53.40574,0
748812,524,-54.53007,0
748822,537,-52.70303,0
748832,521,-54.9517,0
748842,530,-53.68682,0
748852,531,-53.54628,0
748862,531,-53.54628,0
748872,531,-53.54628,0
748882,532,-53.40574,0
748892,538,-52.56249,0
748902,528,-53.96791,0
748912,526,-54.24899,0
748922,533,-53.2652,0
748932,526,-54.24899,0
748942,526,-54.24899,0
748952,531,-53.54628,0
748962,533,-53.2652,0
748972,531,-53.54628,0
748982,529,-53.82737,0
748992,529,-53.82737,0
749002,535,-52.98412,0
749012,525,-54.38953,0
749022,533,-53.2652,0
749032,528,-53.96791,0
749042,531,-53.54628,0
749052,529,-53.82737,0
749062,534,-53.12465,0
749072,535,-52.98412,0
749082,525,-54.38953,0
749092,532,-53.40574,0
749102,525,-54.38953,0
749112,537,-52.70303,0
749122,536,-52.84357,0
749132,531,-53.54628,0
749142,536,-52.84357,0
749152,540,-52.28141,0
749162,531,-53.54628,0
749172,531,-53.54628,0
749182,528,-53.96791,0
749192,536,-52.84357,0
749202,538,-52.56249,0
749212,531,-53.54628,0
749222,534,-53.12465,0
749232,531,-53.54628,0
749242,525,-54.38953,0
749252,534,-53.12465,0
749262,530,-53.68682,0
749272,526,-54.24899,0
749282,525,-54.38953,0
749292,532,-53.40574,0
749302,530,-53.68682,0
749312,531,-53.54628,0
749322,535,-52.98412,0
749332,532,-53.40574,0
749342,527,-54.10844,0
749352,533,-53.2652,0
749362,533,-53.2652,0
749372,534,-53.12465,0
749382,535,-52.98412,0
749392,532,-53.40574,0
749402,535,-52.98412,0
749412,530,-53.68682,0
749422,533,-53.2652,0
749432,533,-53.2652,0
749442,530,-53.68682,0
749452,531,-53.54628,0
749462,528,-53.96791,0
749472,529,-53.82737,0
749482,528,-53.96791,0
749492,528,-53.96791,0
749502,536,-52.84357,0
749512,535,-52.98412,0
749522,540,-52.28141,0
749532,531,-53.54628,0
749542,535,-52.98412,0
749552,528,-53.96791,0
749562,532,-53.40574,0
749572,534,-53.12465,0
749582,538,-52.56249,0
749592,534,-53.12465,0
749602,533,-53.2652,0
749612,538,-52.56249,0
749622,526,-54.24899,0
749632,537,-52.70303,0
749642,530,-53.68682,0
749652,532,-53.40574,0
749662,534,-53.12465,0
749672,539,-52.42195,0
749682,531,-53.54628,0
749692,538,-52.56249,0
749702,541,-52.14087,0
749712,525,-54.38953,0
749722,531,-53.54628,0
749732,530,-53.68682,0
749742,529,-53.82737,0
749752,533,-53.2652,0
749762,533,-53.2652,0
749772,532,-53.40574,0
749782,531,-53.54628,0
749792,533,-53.2652,0
749802,531,-53.54628,0
749812,529,-53.82737,0
749822,531,-53.54628,0
749832,523,-54.67061,0
749842,532,-53.40574,0
749852,533,-53.2652,0
749862,536,-52.84357,0
749872,523,-54.67061,0
749882,532,-53.40574,0
749892,533,-53.2652,0
749902,534,-53.12465,0
749912,532,-53.40574,0
749922,523,-54.67061,0
749932,527,-54.10844,0
749942,533,-53.2652,0
749952,537,-52.70303,0
749962,530,-53.68682,0
749972,529,-53.82737,0
749982,531,-53.54628,0
749992,536,-52.84357,0
750002,533,-53.2652,0
750012,536,-52.84357,0
750022,540,-52.28141,0
750032,533,-53.2652,0
750042,532,-53.40574,0
750052,531,-53.54628,0
750062,528,-53.96791,0
750072,527,-54.10844,0
750082,531,-53.54628,0
750092,535,-52.98412,0
750102,535,-52.98412,0
750112,522,-54.81116,0
750122,532,-53.40574,0
750132,526,-54.24899,0
750142,526,-54.24899,0
750152,539,-52.42195,0
750162,536,-52.84357,0
750172,530,-53.68682,0
750182,531,-53.54628,0
750192,535,-52.98412,0
750202,533,-53.2652,0
750212,527,-54.10844,0
750222,527,-54.10844,0
750232,528,-53.96791,0
750242,535,-52.98412,0
750252,530,-53.68682,0
750262,529,-53.82737,0
750272,529,-53.82737,0
750282,528,-53.96791,0
750292,531,-53.54628,0
750302,534,-53.12465,0
750312,535,-52.98412,0
750322,531,-53.54628,0
750332,538,-52.56249,0
750342,529,-53.82737,0
750352,534,-53.12465,0
750362,535,-52.98412,0
750372,536,-52.84357,0
750382,535,-52.98412,0
750392,533,-53.2652,0
750402,536,-52.84357,0
750412,533,-53.2652,0
750422,538,-52.56249,0
750432,530,-53.68682,0
750442,537,-52.70303,0
750452,539,-52.42195,0
750462,534,-53.12465,0
750472,537,-52.70303,0
750482,534,-53.12465,0
750492,530,-53.68682,0
750502,534,-53.12465,0
750512,540,-52.28141,0
750522,537,-52.70303,0
750532,537,-52.70303,0
750542,534,-53.12465,0
750552,536,-52.84357,0
750562,532,-53.40574,0
750572,535,-52.98412,0
750582,535,-52.98412,0
750592,528,-53.96791,0
750602,534,-53.12465,0
750612,535,-52.98412,0
750622,534,-53.12465,0
750632,539,-52.42195,0
750642,531,-53.54628,0
750652,540,-52.28141,0
750662,533,-53.2652,0
750672,531,-53.54628,0
750682,536,-52.84357,0
750692,534,-53.12465,0
750702,537,-52.70303,0
750712,538,-52.56249,0
750722,533,-53.2652,0
750732,532,-53.40574,0
750742,537,-52.70303,0
750752,535,-52.98412,0
750762,532,-53.40574,0
750772,540,-52.28141,0
750782,530,-53.68682,0
750792,536,-52.84357,0
750802,534,-53.12465,0
750812,530,-53.68682,0
750822,531,-53.54628,0
750832,538,-52.56249,0
750842,532,-53.40574,0
750852,536,-52.84357,0
750862,534,-53.12465,0
750872,534,-53.12465,0
750882,525,-54.38953,0
750892,535,-52.98412,0
750902,535,-52.98412,0
750912,533,-53.2652,0
750922,537,-52.70303,0
750932,536,-52.84357,0
750942,534,-53.12465,0
750952,532,-53.40574,0
750962,535,-52.98412,0
750972,533,-53.2652,0
750982,527,-54.10844,0
750992,541,-52.14087,0
751002,527,-54.10844,0
751012,535,-52.98412,0
751022,537,-52.70303,0
751032,525,-54.38953,0
751042,541,-52.14087,0
751052,533,-53.2652,0
751062,536,-52.84357,0
751072,535,-52.98412,0
751082,529,-53.82737,0
751092,533,-53.2652,0
751102,536,-52.84357,0
751112,535,-52.98412,0
751122,527,-54.10844,0
751132,527,-54.10844,0
751142,532,-53.40574,0
751152,530,-53.68682,0
751162,537,-52.70303,0
751172,532,-53.40574,0
751182,529,-53.82737,0
751192,538,-52.56249,0
751202,537,-52.70303,0
751212,534,-53.12465,0
751222,533,-53.2652,0
751232,529,-53.82737,0
751242,531,-53.54628,0
751252,531,-53.54628,0
751262,532,-53.40574,0
751272,529,-53.82737,0
751282,528,-53.96791,0
751292,535,-52.98412,0
751302,529,-53.82737,0
751312,537,-52.70303,0
751322,530,-53.68682,0
751332,532,-53.40574,0
751342,538,-52.56249,0
751352,532,-53.40574,0
751362,533,-53.2652,0
751372,533,-53.2652,0
751382,527,-54.10844,0
751392,537,-52.70303,0
751402,535,-52.98412,0
751412,531,-53.54628,0
751422,536,-52.84357,0
751432,531,-53.54628,0
751442,528,-53.96791,0
751452,539,-52.42195,0
751462,530,-53.68682,0
751472,541,-52.14087,0
751482,528,-53.96791,0
751492,530,-53.68682,0
751502,535,-52.98412,0
751512,535,-52.98412,0
751522,536,-52.84357,0
751532,532,-53.40574,0
751542,532,-53.40574,0
751552,532,-53.40574,0
751562,534,-53.12465,0
751572,531,-53.54628,0
751582,526,-54.24899,0
751592,538,-52.56249,0
751602,534,-53.12465,0
751612,525,-54.38953,0
751622,525,-54.38953,0
751632,528,-53.96791,0
751642,533,-53.2652,0
751652,533,-53.2652,0
751662,534,-53.12465,0
751672,531,-53.54628,0
751682,531,-53.54628,0
751692,526,-54.24899,0
751702,539,-52.42195,0
751712,535,-52.98412,0
751722,534,-53.12465,0
751732,531,-53.54628,0
751742,537,-52.70303,0
751752,537,-52.70303,0
751762,535,-52.98412,0
751772,533,-53.2652,0
751782,535,-52.98412,0
751792,534,-53.12465,0
751802,536,-52.84357,0
751812,535,-52.98412,0
751822,540,-52.28141,0
751832,535,-52.98412,0
751842,533,-53.2652,0
751852,531,-53.54628,0
751862,537,-52.70303,0
751872,534,-53.12465,0
751882,531,-53.54628,0
751892,533,-53.2652,0
751902,534,-53.12465,0
751912,531,-53.54628,0
751922,534,-53.12465,0
751932,531,-53.54628,0
751942,532,-53.40574,0
751952,537,-52.70303,0
751962,537,-52.70303,0
751972,531,-53.54628,0
751982,532,-53.40574,0
751992,537,-52.70303,0
752002,539,-52.42195,0
752012,543,-51.85978,0
752022,535,-52.98412,0
752032,535,-52.98412,0
752042,530,-53.68682,0
752052,533,-53.2652,0
752062,537,-52.70303,0
752072,531,-53.54628,0
752082,525,-54.38953,0
752092,536,-52.84357,0
752102,540,-52.28141,0
752112,531,-53.54628,0
752122,534,-53.12465,0
752132,533,-53.2652,0
752142,533,-53.2652,0
752152,540,-52.28141,0
752162,534,-53.12465,0
752172,531,-53.54628,0
752182,537,-52.70303,0
752192,539,-52.42195,0
752202,535,-52.98412,0
752212,530,-53.68682,0
752222,537,-52.70303,0
752232,534,-53.12465,0
752242,538,-52.56249,0
752252,533,-53.2652,0
752262,525,-54.38953,0
752272,536,-52.84357,0
752282,532,-53.40574,0
752292,538,-52.56249,0
752302,538,-52.56249,0
752312,532,-53.40574,0
752322,533,-53.2652,0
752332,530,-53.68682,0
752342,537,-52.70303,0
752352,538,-52.56249,0
752362,536,-52.84357,0
752372,532,-53.40574,0
752382,522,-54.81116,0
752392,534,-53.12465,0
752402,534,-53.12465,0
752412,539,-52.42195,0
752422,540,-52.28141,0
752432,534,-53.12465,0
752442,535,-52.98412,0
752452,533,-53.2652,0
752462,533,-53.2652,0
752472,537,-52.70303,0
752482,529,-53.82737,0
752492,530,-53.68682,0
752502,535,-52.98412,0
752512,538,-52.56249,0
752522,538,-52.56249,0
752532,534,-53.12465,0
752542,539,-52.42195,0
752552,536,-52.84357,0
752562,543,-51.85978,0
752572,534,-53.12465,0
752582,530,-53.68682,0
752592,535,-52.98412,0
752602,539,-52.42195,0
752612,527,-54.10844,0
752622,537,-52.70303,0
752632,529,-53.82737,0
752642,531,-53.54628,0
752652,539,-52.42195,0
752662,540,-52.28141,0
752672,532,-53.40574,0
752682,535,-52.98412,0
752692,532,-53.40574,0
752702,542,-52.00033,0
752712,535,-52.98412,0
752722,532,-53.40574,0
752732,530,-53.68682,0
752742,529,-53.82737,0
752752,528,-53.96791,0
752762,540,-52.28141,0
752772,536,-52.84357,0
752782,533,-53.2652,0
752792,536,-52.84357,0
752802,534,-53.12465,0
752812,537,-52.70303,0
752822,528,-53.96791,0
752832,527,-54.10844,0
752842,537,-52.70303,0
752852,528,-53.96791,0
752862,541,-52.14087,0
752872,537,-52.70303,0
752882,531,-53.54628,0
752892,541,-52.14087,0
752902,543,-51.85978,0
752912,531,-53.54628,0
752922,541,-52.14087,0
752932,538,-52.56249,0
752942,531,-53.54628,0
752952,537,-52.70303,0
752962,537,-52.70303,0
752972,530,-53.68682,0
752982,532,-53.40574,0
752992,540,-52.28141,0
753002,529,-53.82737,0
753012,537,-52.70303,0
753022,536,-52.84357,0
753032,530,-53.68682,0
753042,531,-53.54628,0
753052,531,-53.54628,0
753062,537,-52.70303,0
753072,530,-53.68682,0
753082,538,-52.56249,0
753092,532,-53.40574,0
753102,531,-53.54628,0
753112,534,-53.12465,0
753122,534,-53.12465,0
753132,531,-53.54628,0
753142,532,-53.40574,0
753152,535,-52.98412,0
753162,535,-52.98412,0
753172,536,-52.84357,0
753182,536,-52.84357,0
753192,534,-53.12465,0
753202,533,-53.2652,0
753212,533,-53.2652,0
753222,535,-52.98412,0
753232,531,-53.54628,0
753242,530,-53.68682,0
753252,536,-52.84357,0
753262,538,-52.56249,0
753272,538,-52.56249,0
753282,534,-53.12465,0
753292,535,-52.98412,0
753302,533,-53.2652,0
753312,541,-52.14087,0
753322,540,-52.28141,0
753332,537,-52.70303,0
753342,537,-52.70303,0
753352,534,-53.12465,0
753362,542,-52.00033,0
753372,536,-52.84357,0
753382,536,-52.84357,0
753392,539,-52.42195,0
753402,532,-53.40574,0
753412,538,-52.56249,0
753422,534,-53.12465,0
753432,536,-52.84357,0
753442,535,-52.98412,0
753452,532,-53.40574,0
753462,535,-52.98412,0
753472,537,-52.70303,0
753482,535,-52.98412,0
753492,535,-52.98412,0
753502,537,-52.70303,0
753512,534,-53.12465,0
753522,534,-53.12465,0
753532,533,-53.2652,0
753542,538,-52.56249,0
753552,533,-53.2652,0
753562,536,-52.84357,0
753572,531,-53.54628,0
753582,541,-52.14087,0
753592,538,-52.56249,0
753602,534,-53.12465,0
753612,535,-52.98412,0
753622,531,-53.54628,0
753632,541,-52.14087,0
753642,538,-52.56249,0
753652,534,-53.12465,0
753662,537,-52.70303,0
753672,545,-51.5787,0
753682,535,-52.98412,0
753692,537,-52.70303,0
753702,538,-52.56249,0
753712,539,-52.42195,0
753722,539,-52.42195,0
753732,537,-52.70303,0
753742,533,-53.2652,0
753752,531,-53.54628,0
753762,539,-52.42195,0
753772,535,-52.98412,0
753782,535,-52.98412,0
753792,538,-52.56249,0
753802,536,-52.84357,0
753812,538,-52.56249,0
753822,540,-52.28141,0
753832,536,-52.84357,0
753842,535,-52.98412,0
753852,538,-52.56249,0
753862,531,-53.54628,0
753872,538,-52.56249,0
753882,529,-53.82737,0
753892,537,-52.70303,0
753902,546,-51.43816,0
753912,537,-52.70303,0
753922,533,-53.2652,0
753932,537,-52.70303,0
753942,530,-53.68682,0
753952,542,-52.00033,0
753962,533,-53.2652,0
753972,539,-52.42195,0
753982,533,-53.2652,0
753992,533,-53.2652,0
754002,534,-53.12465,0
754012,542,-52.00033,0
754022,533,-53.2652,0
754032,535,-52.98412,0
754042,538,-52.56249,0
754052,538,-52.56249,0
754062,546,-51.43816,0
754072,535,-52.98412,0
754082,539,-52.42195,0
754092,540,-52.28141,0
754102,531,-53.54628,0
754112,541,-52.14087,0
754122,538,-52.56249,0
754132,535,-52.98412,0
754142,540,-52.28141,0
754152,539,-52.42195,0
754162,536,-52.84357,0
754172,535,-52.98412,0
754182,531,-53.54628,0
754192,536,-52.84357,0
754202,539,-52.42195,0
754212,533,-53.2652,0
754222,533,-53.2652,0
754232,534,-53.12465,0
754242,541,-52.14087,0
754252,542,-52.00033,0
754262,541,-52.14087,0
754272,534,-53.12465,0
754282,536,-52.84357,0
754292,531,-53.54628,0
754302,537,-52.70303,0
754312,537,-52.70303,0
754322,527,-54.10844,0
754332,541,-52.14087,0
754342,533,-53.2652,0
754352,538,-52.56249,0
754362,535,-52.98412,0
754372,532,-53.40574,0
754382,544,-51.71924,0
754392,540,-52.28141,0
754402,540,-52.28141,0
754412,539,-52.42195,0
754422,537,-52.70303,0
754432,536,-52.84357,0
754442,537,-52.70303,0
754452,542,-52.00033,0
754462,535,-52.98412,0
754472,540,-52.28141,0
754482,541,-52.14087,0
754492,535,-52.98412,0
754502,543,-51.85978,0
754512,539,-52.42195,0
754522,545,-51.5787,0
754532,537,-52.70303,0
754542,539,-52.42195,0
754552,541,-52.14087,0
754562,536,-52.84357,0
754572,539,-52.42195,0
754582,540,-52.28141,0
754592,536,-52.84357,0
754602,530,-53.68682,0
754612,536,-52.84357,0
754622,534,-53.12465,0
754632,542,-52.00033,0
754642,538,-52.56249,0
754652,539,-52.42195,0
754662,536,-52.84357,0
754672,543,-51.85978,0
754682,539,-52.42195,0
754692,537,-52.70303,0
754702,539,-52.42195,0
754712,542,-52.00033,0
754722,540,-52.28141,0
754732,542,-52.00033,0
754742,542,-52.00033,0
754752,538,-52.56249,0
754762,540,-52.28141,0
754772,544,-51.71924,0
754782,536,-52.84357,0
754792,538,-52.56249,0
754802,538,-52.56249,0
754812,533,-53.2652,0
754822,529,-53.82737,0
754832,540,-52.28141,0
754842,540,-52.28141,0
754852,542,-52.00033,0
754862,538,-52.56249,0
754872,537,-52.70303,0
754882,533,-53.2652,0
754892,536,-52.84357,0
754902,542,-52.00033,0
754912,538,-52.56249,0
754922,541,-52.14087,0
754932,539,-52.42195,0
754942,544,-51.71924,0
754952,532,-53.40574,0
754962,537,-52.70303,0
754972,541,-52.14087,0
754982,534,-53.12465,0
754992,532,-53.40574,0
755002,531,-53.54628,0
755012,532,-53.40574,0
755022,539,-52.42195,0
755032,538,-52.56249,0
755042,541,-52.14087,0
755052,538,-52.56249,0
755062,542,-52.00033,0
755072,533,-53.2652,0
755082,544,-51.71924,0
755092,538,-52.56249,0
755102,540,-52.28141,0
755112,532,-53.40574,0
755122,540,-52.28141,0
755132,535,-52.98412,0
755142,528,-53.96791,0
755152,537,-52.70303,0
755162,538,-52.56249,0
755172,534,-53.12465,0
755182,542,-52.00033,0
755192,542,-52.00033,0
755202,537,-52.70303,0
755212,541,-52.14087,0
755222,546,-51.43816,0
755232,538,-52.56249,0
755242,539,-52.42195,0
755252,545,-51.5787,0
755262,538,-52.56249,0
755272,544,-51.71924,0
755282,537,-52.70303,0
755292,533,-53.2652,0
755302,539,-52.42195,0
755312,536,-52.84357,0
755322,535,-52.98412,0
755332,543,-51.85978,0
755342,532,-53.40574,0
755352,535,-52.98412,0
755362,534,-53.12465,0
755372,546,-51.43816,0
755382,537,-52.70303,0
755392,534,-53.12465,0
755402,542,-52.00033,0
755412,542,-52.00033,0
755422,546,-51.43816,0
755432,533,-53.2652,0
755442,537,-52.70303,0
755452,540,-52.28141,0
755462,539,-52.42195,0
755472,537,-52.70303,0
755482,538,-52.56249,0
755492,540,-52.28141,0
755502,539,-52.42195,0
755512,548,-51.15707,0
755522,539,-52.42195,0
755532,544,-51.71924,0
755542,536,-52.84357,0
755552,534,-53.12465,0
755562,537,-52.70303,0
755572,536,-52.84357,0
755582,538,-52.56249,0
755592,537,-52.70303,0
755602,537,-52.70303,0
755612,535,-52.98412,0
755622,543,-51.85978,0
755632,539,-52.42195,0
755642,540,-52.28141,0
755652,537,-52.70303,0
755662,532,-53.40574,0
755672,547,-51.29762,0
755682,538,-52.56249,0
755692,539,-52.42195,0
755702,541,-52.14087,0
755712,545,-51.5787,0
755722,541,-52.14087,0
755732,540,-52.28141,0
755742,539,-52.42195,0
755752,535,-52.98412,0
755762,541,-52.14087,0
755772,542,-52.00033,0
755782,538,-52.56249,0
755792,543,-51.85978,0
755802,538,-52.56249,0
755812,545,-51.5787,0
755822,539,-52.42195,0
755832,543,-51.85978,0
755842,538,-52.56249,0
755852,537,-52.70303,0
755862,542,-52.00033,0
755872,541,-52.14087,0
755882,540,-52.28141,0
755892,534,-53.12465,0
755902,541,-52.14087,0
755912,534,-53.12465,0
755922,545,-51.5787,0
755932,540,-52.28141,0
755942,538,-52.56249,0
755952,536,-52.84357,0
755962,536,-52.84357,0
755972,543,-51.85978,0
755982,536,-52.84357,0
755992,541,-52.14087,0
756002,538,-52.56249,0
756012,539,-52.42195,0
756022,542,-52.00033,0
756032,539,-52.42195,0
756042,544,-51.71924,0
756052,534,-53.12465,0
756062,545,-51.5787,0
756072,541,-52.14087,0
756082,545,-51.5787,0
756092,543,-51.85978,0
756102,534,-53.12465,0
756112,543,-51.85978,0
756122,540,-52.28141,0
756132,543,-51.85978,0
756142,534,-53.12465,0
756152,537,-52.70303,0
756162,534,-53.12465,0
756172,539,-52.42195,0
756182,535,-52.98412,0
756192,537,-52.70303,0
756202,535,-52.98412,0
756212,535,-52.98412,0
756222,544,-51.71924,0
756232,541,-52.14087,0
756242,545,-51.5787,0
756252,529,-53.82737,0
756262,547,-51.29762,0
756272,541,-52.14087,0
756282,539,-52.42195,0
756292,537,-52.70303,0
756302,537,-52.70303,0
756312,539,-52.42195,0
756322,536,-52.84357,0
756332,533,-53.2652,0
756342,543,-51.85978,0
756352,544,-51.71924,0
756362,536,-52.84357,0
756372,538,-52.56249,0
756382,533,-53.2652,0
756392,541,-52.14087,0
756402,537,-52.70303,0
756412,538,-52.56249,0
756422,545,-51.5787,0
756432,545,-51.5787,0
756442,541,-52.14087,0
756452,537,-52.70303,0
756462,538,-52.56249,0
756472,548,-51.15707,0
756482,541,-52.14087,0
756492,544,-51.71924,0
756502,541,-52.14087,0
756512,538,-52.56249,0
756522,537,-52.70303,0
756532,541,-52.14087,0
756542,540,-52.28141,0
756552,540,-52.28141,0
756562,534,-53.12465,0
756572,534,-53.12465,0
756582,548,-51.15707,0
756592,537,-52.70303,0
756602,537,-52.70303,0
756612,540,-52.28141,0
756622,539,-52.42195,0
756632,541,-52.14087,0
756642,542,-52.00033,0
756652,542,-52.00033,0
756662,538,-52.56249,0
756672,541,-52.14087,0
756682,542,-52.00033,0
756692,531,-53.54628,0
756702,538,-52.56249,0
756712,541,-52.14087,0
756722,533,-53.2652,0
756732,536,-52.84357,0
756742,535,-52.98412,0
756752,534,-53.12465,0
756762,548,-51.15707,0
756772,540,-52.28141,0
756782,538,-52.56249,0
756792,535,-52.98412,0
756802,540,-52.28141,0
756812,543,-51.85978,0
756822,544,-51.71924,0
756832,538,-52.56249,0
756842,542,-52.00033,0
756852,535,-52.98412,0
756862,548,-51.15707,0
756872,541,-52.14087,0
756882,544,-51.71924,0
756892,543,-51.85978,0
756902,549,-51.01654,0
756912,539,-52.42195,0
756922,540,-52.28141,0
756932,546,-51.43816,0
756942,544,-51.71924,0
756952,539,-52.42195,0
756962,536,-52.84357,0
756972,544,-51.71924,0
756982,541,-52.14087,0
756992,541,-52.14087,0
757002,535,-52.98412,0
757012,538,-52.56249,0
757022,549,-51.01654,0
757032,543,-51.85978,0
757042,546,-51.43816,0
757052,538,-52.56249,0
757062,542,-52.00033,0
757072,536,-52.84357,0
757082,545,-51.5787,0
757092,536,-52.84357,0
757102,535,-52.98412,0
757112,543,-51.85978,0
757122,536,-52.84357,0
757132,542,-52.00033,0
757142,540,-52.28141,0
757152,530,-53.68682,0
757162,542,-52.00033,0
757172,539,-52.42195,0
757182,544,-51.71924,0
757192,537,-52.70303,0
757202,544,-51.71924,0
757212,542,-52.00033,0
757222,534,-53.12465,0
757232,545,-51.5787,0
757242,544,-51.71924,0
757252,544,-51.71924,0
757262,544,-51.71924,0
757272,542,-52.00033,0
757282,536,-52.84357,0
757292,544,-51.71924,0
757302,540,-52.28141,0
757312,538,-52.56249,0
757322,544,-51.71924,0
757332,546,-51.43816,0
757342,537,-52.70303,0
757352,537,-52.70303,0
757362,537,-52.70303,0
757372,541,-52.14087,0
757382,540,-52.28141,0
757392,546,-51.43816,0
757402,540,-52.28141,0
757412,550,-50.87599,0
757422,536,-52.84357,0
757432,536,-52.84357,0
757442,538,-52.56249,0
757452,544,-51.71924,0
757462,545,-51.5787,0
757472,544,-51.71924,0
757482,539,-52.42195,0
757492,534,-53.12465,0
757502,541,-52.14087,0
757512,541,-52.14087,0
757522,545,-51.5787,0
757532,545,-51.5787,0
757542,544,-51.71924,0
757552,543,-51.85978,0
757562,550,-50.87599,0
757572,540,-52.28141,0
757582,544,-51.71924,0
757592,537,-52.70303,0
757602,544,-51.71924,0
757612,543,-51.85978,0
757622,541,-52.14087,0
757632,543,-51.85978,0
757642,540,-52.28141,0
757652,540,-52.28141,0
757662,543,-51.85978,0
757672,534,-53.12465,0
757682,547,-51.29762,0
757692,541,-52.14087,0
757702,543,-51.85978,0
757712,542,-52.00033,0
757722,543,-51.85978,0
757732,547,-51.29762,0
757742,547,-51.29762,0
757752,539,-52.42195,0
757762,540,-52.28141,0
757772,544,-51.71924,0
757782,541,-52.14087,0
757792,536,-52.84357,0
757802,536,-52.84357,0
757812,548,-51.15707,0
757822,541,-52.14087,0
757832,545,-51.5787,0
757842,534,-53.12465,0
757852,544,-51.71924,0
757862,542,-52.00033,0
757872,542,-52.00033,0
757882,538,-52.56249,0
757892,550,-50.87599,0
757902,532,-53.40574,0
757912,545,-51.5787,0
757922,543,-51.85978,0
757932,545,-51.5787,0
757942,535,-52.98412,0
757952,540,-52.28141,0
757962,545,-51.5787,0
757972,542,-52.00033,0
757982,549,-51.01654,0
757992,542,-52.00033,0
758002,542,-52.00033,0
758012,540,-52.28141,0
758022,531,-53.54628,0
758032,542,-52.00033,0
758042,541,-52.14087,0
758052,543,-51.85978,0
758062,542,-52.00033,0
758072,546,-51.43816,0
758082,546,-51.43816,0
758092,544,-51.71924,0
758102,540,-52.28141,0
758112,546,-51.43816,0
758122,539,-52.42195,0
758132,547,-51.29762,0
758142,539,-52.42195,0
758152,536,-52.84357,0
758162,541,-52.14087,0
758172,543,-51.85978,0
758182,539,-52.42195,0
758192,537,-52.70303,0
758202,543,-51.85978,0
758212,539,-52.42195,0
758222,545,-51.5787,0
758232,541,-52.14087,0
758242,541,-52.14087,0
758252,537,-52.70303,0
758262,535,-52.98412,0
758272,537,-52.70303,0
758282,539,-52.42195,0
758292,544,-51.71924,0
758302,548,-51.15707,0
758312,540,-52.28141,0
758322,538,-52.56249,0
758332,543,-51.85978,0
758342,538,-52.56249,0
758352,534,-53.12465,0
758362,548,-51.15707,0
758372,536,-52.84357,0
758382,543,-51.85978,0
758392,542,-52.00033,0
758402,543,-51.85978,0
758412,539,-52.42195,0
758422,542,-52.00033,0
758432,544,-51.71924,0
758442,544,-51.71924,0
758452,543,-51.85978,0
758462,544,-51.71924,0
758472,542,-52.00033,0
758482,540,-52.28141,0
758492,545,-51.5787,0
758502,545,-51.5787,0
758512,547,-51.29762,0
758522,548,-51.15707,0
758532,544,-51.71924,0
758542,545,-51.5787,0
758552,542,-52.00033,0
758562,541,-52.14087,0
758572,539,-52.42195,0
758582,542,-52.00033,0
758592,539,-52.42195,0
758602,543,-51.85978,0
758612,550,-50.87599,0
758622,541,-52.14087,0
758632,548,-51.15707,0
758642,545,-51.5787,0
758652,542,-52.00033,0
758662,545,-51.5787,0
758672,546,-51.43816,0
758682,547,-51.29762,0
758692,545,-51.5787,0
758702,541,-52.14087,0
758712,542,-52.00033,0
758722,537,-52.70303,0
758732,545,-51.5787,0
758742,541,-52.14087,0
758752,540,-52.28141,0
758762,544,-51.71924,0
758772,546,-51.43816,0
758782,545,-51.5787,0
758792,545,-51.5787,0
758802,540,-52.28141,0
758812,548,-51.15707,0
758822,537,-52.70303,0
758832,539,-52.42195,0
758842,537,-52.70303,0
758852,536,-52.84357,0
758862,538,-52.56249,0
758872,544,-51.71924,0
758882,547,-51.29762,0
758892,543,-51.85978,0
758902,533,-53.2652,0
758912,542,-52.00033,0
758922,536,-52.84357,0
758932,542,-52.00033,0
758942,539,-52.42195,0
758952,545,-51.5787,0
758962,542,-52.00033,0
758972,547,-51.29762,0
758982,542,-52.00033,0
758992,546,-51.43816,0
759002,539,-52.42195,0
759012,543,-51.85978,0
759022,535,-52.98412,0
759032,539,-52.42195,0
759042,543,-51.85978,0
759052,539,-52.42195,0
759062,540,-52.28141,0
759072,545,-51.5787,0
759082,540,-52.28141,0
759092,544,-51.71924,0
759102,547,-51.29762,0
759112,539,-52.42195,0
759122,540,-52.28141,0
759132,543,-51.85978,0
759142,539,-52.42195,0
759152,537,-52.70303,0
759162,541,-52.14087,0
759172,546,-51.43816,0
759182,546,-51.43816,0
759192,543,-51.85978,0
759202,542,-52.00033,0
759212,547,-51.29762,0
759222,545,-51.5787,0
759232,548,-51.15707,0
759242,536,-52.84357,0
759252,543,-51.85978,0
759262,547,-51.29762,0
759272,542,-52.00033,0
759282,540,-52.28141,0
759292,541,-52.14087,0
759302,543,-51.85978,0
759312,544,-51.71924,0
759322,544,-51.71924,0
759332,549,-51.01654,0
759342,541,-52.14087,0
759352,546,-51.43816,0
759362,542,-52.00033,0
759372,540,-52.28141,0
759382,546,-51.43816,0
759392,543,-51.85978,0
759402,549,-51.01654,0
759412,545,-51.5787,0
759422,546,-51.43816,0
759432,543,-51.85978,0
759442,542,-52.00033,0
759452,551,-50.73545,0
759462,547,-51.29762,0
759472,547,-51.29762,0
759482,542,-52.00033,0
759492,542,-52.00033,0
759502,542,-52.00033,0
759512,541,-52.14087,0
759522,542,-52.00033,0
759532,545,-51.5787,0
759542,542,-52.00033,0
759552,538,-52.56249,0
759562,546,-51.43816,0
759572,535,-52.98412,0
759582,546,-51.43816,0
759592,536,-52.84357,0
759602,553,-50.45437,0
759612,546,-51.43816,0
759622,545,-51.5787,0
759632,536,-52.84357,0
759642,546,-51.43816,0
759652,546,-51.43816,0
759662,547,-51.29762,0
759672,546,-51.43816,0
759682,541,-52.14087,0
759692,547,-51.29762,0
759702,547,-51.29762,0
759712,546,-51.43816,0
759722,537,-52.70303,0
759732,544,-51.71924,0
759742,552,-50.59491,0
759752,544,-51.71924,0
759762,550,-50.87599,0
759772,545,-51.5787,0
759782,538,-52.56249,0
759792,542,-52.00033,0
759802,549,-51.01654,0
759812,543,-51.85978,0
759822,538,-52.56249,0
759832,548,-51.15707,0
759842,544,-51.71924,0
759852,547,-51.29762,0
759862,546,-51.43816,0
759872,544,-51.71924,0
759882,552,-50.59491,0
759892,549,-51.01654,0
759902,545,-51.5787,0
759912,540,-52.28141,0
759922,544,-51.71924,0
759932,533,-53.2652,0
759942,545,-51.5787,0
759952,544,-51.71924,0
759962,545,-51.5787,0
759972,542,-52.00033,0
759982,537,-52.70303,0
759992,540,-52.28141,0
760002,547,-51.29762,0
760012,546,-51.43816,0
760022,545,-51.5787,0
760032,545,-51.5787,0
760042,541,-52.14087,0
760052,549,-51.01654,0
760062,542,-52.00033,0
760072,544,-51.71924,0
760082,547,-51.29762,0
760092,542,-52.00033,0
760102,548,-51.15707,0
760112,542,-52.00033,0
760122,538,-52.56249,0
760132,543,-51.85978,0
760142,545,-51.5787,0
760152,546,-51.43816,0
760162,544,-51.71924,0
760172,542,-52.00033,0
760182,541,-52.14087,0
760192,550,-50.87599,0
760202,546,-51.43816,0
760212,546,-51.43816,0
760222,543,-51.85978,0
760232,544,-51.71924,0
760242,549,-51.01654,0
760252,544,-51.71924,0
760262,548,-51.15707,0
760272,539,-52.42195,0
760282,545,-51.5787,0
760292,545,-51.5787,0
760302,549,-51.01654,0
760312,543,-51.85978,0
760322,545,-51.5787,0
760332,550,-50.87599,0
760342,544,-51.71924,0
760352,545,-51.5787,0
760362,539,-52.42195,0
760372,539,-52.42195,0
760382,544,-51.71924,0
760392,541,-52.14087,0
760402,551,-50.73545,0
760412,544,-51.71924,0
760422,546,-51.43816,0
760432,542,-52.00033,0
760442,546,-51.43816,0
760452,544,-51.71924,0
760462,545,-51.5787,0
760472,541,-52.14087,0
760482,546,-51.43816,0
760492,547,-51.29762,0
760502,543,-51.85978,0
760512,547,-51.29762,0
760522,542,-52.00033,0
760532,542,-52.00033,0
760542,551,-50.73545,0
760552,541,-52.14087,0
760562,547,-51.29762,0
760572,547,-51.29762,0
760582,546,-51.43816,0
760592,545,-51.5787,0
760602,542,-52.00033,0
760612,550,-50.87599,0
760622,540,-52.28141,0
760632,548,-51.15707,0
760642,545,-51.5787,0
760652,550,-50.87599,0
760662,548,-51.15707,0
760672,540,-52.28141,0
760682,549,-51.01654,0
760692,546,-51.43816,0
760702,544,-51.71924,0
760712,540,-52.28141,0
760722,547,-51.29762,0
760732,543,-51.85978,0
760742,547,-51.29762,0
760752,548,-51.15707,0
760762,548,-51.15707,0
760772,539,-52.42195,0
760782,548,-51.15707,0
760792,545,-51.5787,0
760802,547,-51.29762,0
760812,537,-52.70303,0
760822,543,-51.85978,0
760832,545,-51.5787,0
760842,540,-52.28141,0
760852,553,-50.45437,0
760862,547,-51.29762,0
760872,546,-51.43816,0
760882,544,-51.71924,0
760892,553,-50.45437,0
760902,548,-51.15707,0
760912,548,-51.15707,0
760922,545,-51.5787,0
760932,545,-51.5787,0
760942,540,-52.28141,0
760952,543,-51.85978,0
760962,545,-51.5787,0
760972,543,-51.85978,0
760982,542,-52.00033,0
760992,544,-51.71924,0
761002,548,-51.15707,0
761012,547,-51.29762,0
761022,542,-52.00033,0
761032,543,-51.85978,0
761042,545,-51.5787,0
761052,548,-51.15707,0
761062,544,-51.71924,0
761072,544,-51.71924,0
761082,546,-51.43816,0
761092,538,-52.56249,0
761102,551,-50.73545,0
761112,546,-51.43816,0
761122,538,-52.56249,0
761132,543,-51.85978,0
761142,541,-52.14087,0
761152,540,-52.28141,0
761162,540,-52.28141,0
761172,541,-52.14087,0
761182,549,-51.01654,0
761192,552,-50.59491,0
761202,545,-51.5787,0
761212,546,-51.43816,0
761222,550,-50.87599,0
761232,547,-51.29762,0
761242,538,-52.56249,0
761252,542,-52.00033,0
761262,548,-51.15707,0
761272,544,-51.71924,0
761282,543,-51.85978,0
761292,545,-51.5787,0
761302,552,-50.59491,0
761312,550,-50.87599,0
761322,544,-51.71924,0
761332,548,-51.15707,0
761342,545,-51.5787,0
761352,546,-51.43816,0
761362,547,-51.29762,0
761372,543,-51.85978,0
761382,542,-52.00033,0
761392,548,-51.15707,0
761402,543,-51.85978,0
761412,546,-51.43816,0
761422,547,-51.29762,0
761432,548,-51.15707,0
761442,550,-50.87599,0
761452,542,-52.00033,0
761462,545,-51.5787,0
761472,543,-51.85978,0
761482,548,-51.15707,0
761492,547,-51.29762,0
761502,543,-51.85978,0
761512,544,-51.71924,0
761522,549,-51.01654,0
761532,545,-51.5787,0
761542,546,-51.43816,0
761552,549,-51.01654,0
761562,542,-52.00033,0
761572,539,-52.42195,0
761582,545,-51.5787,0
761592,546,-51.43816,0
761602,553,-50.45437,0
761612,546,-51.43816,0
761622,550,-50.87599,0
761632,539,-52.42195,0
761642,555,-50.17329,0
761652,543,-51.85978,0
761662,547,-51.29762,0
761672,542,-52.00033,0
761682,552,-50.59491,0
761692,548,-51.15707,0
761702,543,-51.85978,0
761712,551,-50.73545,0
761722,544,-51.71924,0
761732,544,-51.71924,0
761742,546,-51.43816,0
761752,542,-52.00033,0
761762,548,-51.15707,0
761772,547,-51.29762,0
761782,547,-51.29762,0
761792,554,-50.31383,0
761802,547,-51.29762,0
761812,544,-51.71924,0
761822,545,-51.5787,0
761832,549,-51.01654,0
761842,544,-51.71924,0
761852,547,-51.29762,0
761862,550,-50.87599,0
761872,545,-51.5787,0
761882,551,-50.73545,0
761892,544,-51.71924,0
761902,548,-51.15707,0
761912,545,-51.5787,0
761922,544,-51.71924,0
761932,548,-51.15707,0
761942,541,-52.14087,0
761952,549,-51.01654,0
761962,546,-51.43816,0
761972,543,-51.85978,0
761982,546,-51.43816,0
761992,549,-51.01654,0
762002,548,-51.15707,0
762012,548,-51.15707,0
762022,552,-50.59491,0
762032,547,-51.29762,0
762042,542,-52.00033,0
762052,542,-52.00033,0
762062,542,-52.00033,0
762072,542,-52.00033,0
762082,555,-50.17329,0
762092,542,-52.00033,0
762102,547,-51.29762,0
762112,550,-50.87599,0
762122,540,-52.28141,0
762132,544,-51.71924,0
762142,543,-51.85978,0
762152,543,-51.85978,0
762162,546,-51.43816,0
762172,547,-51.29762,0
762182,544,-51.71924,0
762192,544,-51.71924,0
762202,542,-52.00033,0
762212,550,-50.87599,0
762222,553,-50.45437,0
762232,546,-51.43816,0
762242,552,-50.59491,0
762252,543,-51.85978,0
762262,543,-51.85978,0
762272,543,-51.85978,0
762282,545,-51.5787,0
762292,547,-51.29762,0
762302,551,-50.73545,0
762312,546,-51.43816,0
762322,554,-50.31383,0
762332,546,-51.43816,0
762342,546,-51.43816,0
762352,553,-50.45437,0
762362,550,-50.87599,0
762372,545,-51.5787,0
762382,548,-51.15707,0
762392,543,-51.85978,0
762402,545,-51.5787,0
762412,550,-50.87599,0
762422,541,-52.14087,0
762432,544,-51.71924,0
762442,553,-50.45437,0
762452,549,-51.01654,0
762462,549,-51.01654,0
762472,544,-51.71924,0
762482,545,-51.5787,0
762492,551,-50.73545,0
762502,545,-51.5787,0
762512,552,-50.59491,0
762522,549,-51.01654,0
762532,544,-51.71924,0
762542,539,-52.42195,0
762552,548,-51.15707,0
762562,539,-52.42195,0
762572,550,-50.87599,0
762582,542,-52.00033,0
762592,543,-51.85978,0
762602,541,-52.14087,0
762612,551,-50.73545,0
762622,547,-51.29762,0
762632,550,-50.87599,0
762642,549,-51.01654,0
762652,548,-51.15707,0
762662,543,-51.85978,0
762672,545,-51.5787,0
762682,552,-50.59491,0
762692,545,-51.5787,0
762702,545,-51.5787,0
762712,548,-51.15707,0
762722,545,-51.5787,0
762732,545,-51.5787,0
762742,551,-50.73545,0
762752,544,-51.71924,0
762762,548,-51.15707,0
762772,543,-51.85978,0
762782,545,-51.5787,0
762792,545,-51.5787,0
762802,550,-50.87599,0
762812,539,-52.42195,0
762822,545,-51.5787,0
762832,548,-51.15707,0
762842,546,-51.43816,0
762852,549,-51.01654,0
762862,552,-50.59491,0
762872,547,-51.29762,0
762882,544,-51.71924,0
762892,545,-51.5787,0
762902,542,-52.00033,0
762912,548,-51.15707,0
762922,549,-51.01654,0
762932,550,-50.87599,0
762942,547,-51.29762,0
762952,556,-50.03275,0
762962,544,-51.71924,0
762972,547,-51.29762,0
762982,543,-51.85978,0
762992,544,-51.71924,0
763002,545,-51.5787,0
763012,548,-51.15707,0
763022,556,-50.03275,0
763032,547,-51.29762,0
763042,540,-52.28141,0
763052,540,-52.28141,0
763062,548,-51.15707,0
763072,550,-50.87599,0
763082,552,-50.59491,0
763092,547,-51.29762,0
763102,547,-51.29762,0
763112,552,-50.59491,0
763122,547,-51.29762,0
763132,543,-51.85978,0
763142,552,-50.59491,0
763152,543,-51.85978,0
763162,549,-51.01654,0
763172,548,-51.15707,0
763182,548,-51.15707,0
763192,546,-51.43816,0
763202,556,-50.03275,0
763212,547,-51.29762,0
763222,551,-50.73545,0
763232,551,-50.73545,0
763242,546,-51.43816,0
763252,551,-50.73545,0
763262,543,-51.85978,0
763272,547,-51.29762,0
763282,550,-50.87599,0
763292,555,-50.17329,0
763302,547,-51.29762,0
763312,547,-51.29762,0
763322,552,-50.59491,0
763332,549,-51.01654,0
763342,552,-50.59491,0
763352,544,-51.71924,0
763362,548,-51.15707,0
763372,548,-51.15707,0
763382,542,-52.00033,0
763392,539,-52.42195,0
763402,548,-51.15707,0
763412,548,-51.15707,0
763422,544,-51.71924,0
763432,556,-50.03275,0
763442,546,-51.43816,0
763452,547,-51.29762,0
763462,553,-50.45437,0
763472,555,-50.17329,0
763482,549,-51.01654,0
763492,549,-51.01654,0
763502,545,-51.5787,0
763512,553,-50.45437,0
763522,543,-51.85978,0
763532,550,-50.87599,0
763542,552,-50.59491,0
763552,543,-51.85978,0
763562,548,-51.15707,0
763572,544,-51.71924,0
763582,549,-51.01654,0
763592,549,-51.01654,0
763602,549,-51.01654,0
763612,551,-50.73545,0
763622,549,-51.01654,0
763632,555,-50.17329,0
763642,545,-51.5787,0
763652,551,-50.73545,0
763662,550,-50.87599,0
763672,546,-51.43816,0
763682,549,-51.01654,0
763692,543,-51.85978,0
763702,549,-51.01654,0
763712,546,-51.43816,0
763722,547,-51.29762,0
763732,551,-50.73545,0
763742,549,-51.01654,0
763752,550,-50.87599,0
763762,552,-50.59491,0
763772,550,-50.87599,0
763782,549,-51.01654,0
763792,545,-51.5787,0
763802,545,-51.5787,0
763812,550,-50.87599,0
763822,548,-51.15707,0
763832,543,-51.85978,0
763842,545,-51.5787,0
763852,546,-51.43816,0
763862,550,-50.87599,0
763872,555,-50.17329,0
763882,545,-51.5787,0
763892,545,-51.5787,0
763902,544,-51.71924,0
763912,547,-51.29762,0
763922,545,-51.5787,0
763932,547,-51.29762,0
763942,543,-51.85978,0
763952,538,-52.56249,0
763962,543,-51.85978,0
763972,549,-51.01654,0
763982,546,-51.43816,0
763992,547,-51.29762,0
764002,548,-51.15707,0
764012,542,-52.00033,0
764022,543,-51.85978,0
764032,555,-50.17329,0
764042,540,-52.28141,0
764052,550,-50.87599,0
764062,546,-51.43816,0
764072,552,-50.59491,0
764082,548,-51.15707,0
764092,544,-51.71924,0
764102,558,-49.75166,0
764112,560,-49.47058,0
764122,544,-51.71924,0
764132,545,-51.5787,0
764142,542,-52.00033,0
764152,551,-50.73545,0
764162,550,-50.87599,0
764172,548,-51.15707,0
764182,544,-51.71924,0
764192,544,-51.71924,0
764202,548,-51.15707,0
764212,540,-52.28141,0
764222,556,-50.03275,0
764232,553,-50.45437,0
764242,552,-50.59491,0
764252,550,-50.87599,0
764262,551,-50.73545,0
764272,554,-50.31383,0
764282,550,-50.87599,0
764292,549,-51.01654,0
764302,554,-50.31383,0
764312,551,-50.73545,0
764322,547,-51.29762,0
764332,554,-50.31383,0
764342,549,-51.01654,0
764352,547,-51.29762,0
764362,544,-51.71924,0
764372,548,-51.15707,0
764382,554,-50.31383,0
764392,545,-51.5787,0
764402,546,-51.43816,0
764412,552,-50.59491,0
764422,552,-50.59491,0
764432,557,-49.8922,0
764442,552,-50.59491,0
764452,557,-49.8922,0
764462,557,-49.8922,0
764472,552,-50.59491,0
764482,553,-50.45437,0
764492,547,-51.29762,0
764502,550,-50.87599,0
764512,546,-51.43816,0
764522,553,-50.45437,0
764532,549,-51.01654,0
764542,548,-51.15707,0
764552,551,-50.73545,0
764562,557,-49.8922,0
764572,550,-50.87599,0
764582,547,-51.29762,0
764592,543,-51.85978,0
764602,547,-51.29762,0
764612,553,-50.45437,0
764622,550,-50.87599,0
764632,546,-51.43816,0
764642,548,-51.15707,0
764652,558,-49.75166,0
764662,551,-50.73545,0
764672,552,-50.59491,0
764682,550,-50.87599,0
764692,545,-51.5787,0
764702,555,-50.17329,0
764712,542,-52.00033,0
764722,546,-51.43816,0
764732,548,-51.15707,0
764742,544,-51.71924,0
764752,551,-50.73545,0
764762,552,-50.59491,0
764772,553,-50.45437,0
764782,545,-51.5787,0
764792,543,-51.85978,0
764802,546,-51.43816,0
764812,553,-50.45437,0
764822,549,-51.01654,0
764832,548,-51.15707,0
764842,547,-51.29762,0
764852,552,-50.59491,0
764862,553,-50.45437,0
764872,551,-50.73545,0
764882,548,-51.15707,0
764892,556,-50.03275,0
764902,553,-50.45437,0
764912,551,-50.73545,0
764922,549,-51.01654,0
764932,549,-51.01654,0
764942,549,-51.01654,0
764952,554,-50.31383,0
764962,541,-52.14087,0
764972,555,-50.17329,0
764982,545,-51.5787,0
764992,547,-51.29762,0
765002,550,-50.87599,0
765012,556,-50.03275,0
765022,549,-51.01654,0
765032,549,-51.01654,0
765042,550,-50.87599,0
765052,551,-50.73545,0
765062,556,-50.03275,0
765072,553,-50.45437,0
765082,551,-50.73545,0
765092,549,-51.01654,0
765102,552,-50.59491,0
765112,555,-50.17329,0
765122,546,-51.43816,0
765132,547,-51.29762,0
765142,548,-51.15707,0
765152,557,-49.8922,0
765162,544,-51.71924,0
765172,552,-50.59491,0
765182,545,-51.5787,0
765192,547,-51.29762,0
765202,549,-51.01654,0
765212,555,-50.17329,0
765222,541,-52.14087,0
765232,546,-51.43816,0
765242,553,-50.45437,0
765252,554,-50.31383,0
765262,554,-50.31383,0
765272,559,-49.61112,0
765282,554,-50.31383,0
765292,543,-51.85978,0
765302,549,-51.01654,0
765312,550,-50.87599,0
765322,548,-51.15707,0
765332,546,-51.43816,0
765342,544,-51.71924,0
765352,552,-50.59491,0
765362,546,-51.43816,0
765372,544,-51.71924,0
765382,540,-52.28141,0
765392,548,-51.15707,0
765402,548,-51.15707,0
765412,549,-51.01654,0
765422,551,-50.73545,0
765432,552,-50.59491,0
765442,552,-50.59491,0
765452,549,-51.01654,0
765462,553,-50.45437,0
765472,554,-50.31383,0
765482,547,-51.29762,0
765492,547,-51.29762,0
765502,548,-51.15707,0
765512,552,-50.59491,0
765522,551,-50.73545,0
765532,554,-50.31383,0
765542,551,-50.73545,0
765552,547,-51.29762,0
765562,550,-50.87599,0
765572,549,-51.01654,0
765582,550,-50.87599,0
765592,545,-51.5787,0
765602,548,-51.15707,0
765612,549,-51.01654,0
765622,550,-50.87599,0
765632,556,-50.03275,0
765642,549,-51.01654,0
765652,553,-50.45437,0
765662,554,-50.31383,0
765672,553,-50.45437,0
765682,552,-50.59491,0
765692,545,-51.5787,0
765702,552,-50.59491,0
765712,555,-50.17329,0
765722,559,-49.61112,0
765732,540,-52.28141,0
765742,554,-50.31383,0
765752,546,-51.43816,0
765762,551,-50.73545,0
765772,555,-50.17329,0
765782,554,-50.31383,0
765792,555,-50.17329,0
765802,551,-50.73545,0
765812,546,-51.43816,0
765822,550,-50.87599,0
765832,553,-50.45437,0
765842,545,-51.5787,0
765852,555,-50.17329,0
765862,551,-50.73545,0
765872,550,-50.87599,0
765882,549,-51.01654,0
765892,553,-50.45437,0
765902,556,-50.03275,0
765912,553,-50.45437,0
765922,552,-50.59491,0
765932,557,-49.8922,0
765942,554,-50.31383,0
765952,557,-49.8922,0
765962,545,-51.5787,0
765972,549,-51.01654,0
765982,552,-50.59491,0
765992,554,-50.31383,0
766002,547,-51.29762,0
766012,551,-50.73545,0
766022,550,-50.87599,0
766032,557,-49.8922,0
766042,544,-51.71924,0
766052,551,-50.73545,0
766062,551,-50.73545,0
766072,557,-49.8922,0
766082,552,-50.59491,0
766092,549,-51.01654,0
766102,549,-51.01654,0
766112,544,-51.71924,0
766122,547,-51.29762,0
766132,554,-50.31383,0
766142,546,-51.43816,0
766152,559,-49.61112,0
766162,547,-51.29762,0
766172,554,-50.31383,0
766182,555,-50.17329,0
766192,550,-50.87599,0
766202,557,-49.8922,0
766212,545,-51.5787,0
766222,559,-49.61112,0
766232,548,-51.15707,0
766242,556,-50.03275,0
766252,551,-50.73545,0
766262,553,-50.45437,0
766272,560,-49.47058,0
766282,553,-50.45437,0
766292,548,-51.15707,0
766302,552,-50.59491,0
766312,546,-51.43816,0
766322,550,-50.87599,0
766332,547,-51.29762,0
766342,563,-49.04896,0
766352,546,-51.43816,0
766362,549,-51.01654,0
766372,558,-49.75166,0
766382,557,-49.8922,0
766392,552,-50.59491,0
766402,559,-49.61112,0
766412,553,-50.45437,0
766422,552,-50.59491,0
766432,549,-51.01654,0
766442,546,-51.43816,0
766452,551,-50.73545,0
766462,549,-51.01654,0
766472,553,-50.45437,0
766482,551,-50.73545,0
766492,554,-50.31383,0
766502,550,-50.87599,0
766512,551,-50.73545,0
766522,553,-50.45437,0
766532,550,-50.87599,0
766542,548,-51.15707,0
766552,553,-50.45437,0
766562,553,-50.45437,0
766572,555,-50.17329,0
766582,549,-51.01654,0
766592,546,-51.43816,0
766602,550,-50.87599,0
766612,556,-50.03275,0
766622,558,-49.75166,0
766632,550,-50.87599,0
766642,554,-50.31383,0
766652,561,-49.33004,0
766662,557,-49.8922,0
766672,553,-50.45437,0
766682,557,-49.8922,0
766692,555,-50.17329,0
766702,552,-50.59491,0
766712,548,-51.15707,0
766722,550,-50.87599,0
766732,551,-50.73545,0
766742,549,-51.01654,0
766752,556,-50.03275,0
766762,549,-51.01654,0
766772,554,-50.31383,0
766782,549,-51.01654,0
766792,549,-51.01654,0
766802,554,-50.31383,0
766812,555,-50.17329,0
766822,557,-49.8922,0
766832,552,-50.59491,0
766842,556,-50.03275,0
766852,556,-50.03275,0
766862,553,-50.45437,0
766872,551,-50.73545,0
766882,552,-50.59491,0
766892,550,-50.87599,0
766902,552,-50.59491,0
766912,556,-50.03275,0
766922,553,-50.45437,0
766932,560,-49.47058,0
766942,546,-51.43816,0
766952,555,-50.17329,0
766962,547,-51.29762,0
766972,552,-50.59491,0
766982,549,-51.01654,0
766992,553,-50.45437,0
767002,546,-51.43816,0
767012,551,-50.73545,0
767022,558,-49.75166,0
767032,555,-50.17329,0
767042,555,-50.17329,0
767052,546,-51.43816,0
767062,558,-49.75166,0
767072,558,-49.75166,0
767082,550,-50.87599,0
767092,559,-49.61112,0
767102,546,-51.43816,0
767112,547,-51.29762,0
767122,557,-49.8922,0
767132,552,-50.59491,0
767142,552,-50.59491,0
767152,550,-50.87599,0
767162,556,-50.03275,0
767172,556,-50.03275,0
767182,551,-50.73545,0
767192,556,-50.03275,0
767202,553,-50.45437,0
767212,551,-50.73545,0
767222,549,-51.01654,0
767232,551,-50.73545,0
767242,552,-50.59491,0
767252,552,-50.59491,0
767262,558,-49.75166,0
767272,546,-51.43816,0
767282,555,-50.17329,0
767292,556,-50.03275,0
767302,551,-50.73545,0
767312,555,-50.17329,0
767322,556,-50.03275,0
767332,552,-50.59491,0
767342,550,-50.87599,0
767352,548,-51.15707,0
767362,550,-50.87599,0
767372,549,-51.01654,0
767382,555,-50.17329,0
767392,556,-50.03275,0
767402,551,-50.73545,0
767412,550,-50.87599,0
767422,553,-50.45437,0
767432,554,-50.31383,0
767442,549,-51.01654,0
767452,563,-49.04896,0
767462,548,-51.15707,0
767472,560,-49.47058,0
767482,555,-50.17329,0
767492,554,-50.31383,0
767502,544,-51.71924,0
767512,549,-51.01654,0
767522,552,-50.59491,0
767532,554,-50.31383,0
767542,558,-49.75166,0
767552,552,-50.59491,0
767562,553,-50.45437,0
767572,555,-50.17329,0
767582,554,-50.31383,0
767592,556,-50.03275,0
767602,553,-50.45437,0
767612,544,-51.71924,0
767622,547,-51.29762,0
767632,552,-50.59491,0
767642,548,-51.15707,0
767652,555,-50.17329,0
767662,554,-50.31383,0
767672,561,-49.33004,0
767682,554,-50.31383,0
767692,553,-50.45437,0
767702,552,-50.59491,0
767712,557,-49.8922,0
767722,549,-51.01654,0
767732,552,-50.59491,0
767742,556,-50.03275,0
767752,557,-49.8922,0
767762,556,-50.03275,0
767772,556,-50.03275,0
767782,552,-50.59491,0
767792,559,-49.61112,0
767802,562,-49.18949,0
767812,553,-50.45437,0
767822,546,-51.43816,0
767832,552,-50.59491,0
767842,557,-49.8922,0
767852,549,-51.01654,0
767862,553,-50.45437,0
767872,556,-50.03275,0
767882,556,-50.03275,0
767892,549,-51.01654,0
767902,560,-49.47058,0
767912,549,-51.01654,0
767922,551,-50.73545,0
767932,559,-49.61112,0
767942,555,-50.17329,0
767952,560,-49.47058,0
767962,556,-50.03275,0
767972,550,-50.87599,0
767982,551,-50.73545,0
767992,556,-50.03275,0
768002,554,-50.31383,0
768012,552,-50.59491,0
768022,554,-50.31383,0
768032,554,-50.31383,0
768042,557,-49.8922,0
768052,554,-50.31383,0
768062,552,-50.59491,0
768072,560,-49.47058,0
768082,548,-51.15707,0
768092,556,-50.03275,0
768102,554,-50.31383,0
768112,548,-51.15707,0
768122,548,-51.15707,0
768132,550,-50.87599,0
768142,553,-50.45437,0
768152,550,-50.87599,0
768162,549,-51.01654,0
768172,558,-49.75166,0
768182,555,-50.17329,0
768192,550,-50.87599,0
768202,563,-49.04896,0
768212,547,-51.29762,0
768222,557,-49.8922,0
768232,550,-50.87599,0
768242,558,-49.75166,0
768252,554,-50.31383,0
768262,556,-50.03275,0
768272,555,-50.17329,0
768282,557,-49.8922,0
768292,546,-51.43816,0
768302,552,-50.59491,0
768312,553,-50.45437,0
768322,560,-49.47058,0
768332,556,-50.03275,0
768342,548,-51.15707,0
768352,554,-50.31383,0
768362,554,-50.31383,0
768372,546,-51.43816,0
768382,553,-50.45437,0
768392,549,-51.01654,0
768402,558,-49.75166,0
768412,555,-50.17329,0
768422,559,-49.61112,0
768432,556,-50.03275,0
768442,552,-50.59491,0
768452,560,-49.47058,0
768462,547,-51.29762,0
768472,545,-51.5787,0
768482,559,-49.61112,0
768492,561,-49.33004,0
768502,553,-50.45437,0
768512,558,-49.75166,0
768522,554,-50.31383,0
768532,555,-50.17329,0
768542,547,-51.29762,0
768552,551,-50.73545,0
768562,556,-50.03275,0
768572,555,-50.17329,0
768582,557,-49.8922,0
768592,558,-49.75166,0
768602,550,-50.87599,0
768612,553,-50.45437,0
768622,550,-50.87599,0
768632,556,-50.03275,0
768642,556,-50.03275,0
768652,554,-50.31383,0
768662,552,-50.59491,0
768672,550,-50.87599,0
768682,562,-49.18949,0
768692,556,-50.03275,0
768702,559,-49.61112,0
768712,551,-50.73545,0
768722,557,-49.8922,0
768732,550,-50.87599,0
768742,551,-50.73545,0
768752,549,-51.01654,0
768762,550,-50.87599,0
768772,552,-50.59491,0
768782,561,-49.33004,0
768792,552,-50.59491,0
768802,553,-50.45437,0
768812,549,-51.01654,0
768822,554,-50.31383,0
768832,552,-50.59491,0
768842,556,-50.03275,0
768852,556,-50.03275,0
768862,551,-50.73545,0
768872,548,-51.15707,0
768882,558,-49.75166,0
768892,555,-50.17329,0
768902,555,-50.17329,0
768912,552,-50.59491,0
768922,554,-50.31383,0
768932,555,-50.17329,0
768942,550,-50.87599,0
768952,553,-50.45437,0
768962,554,-50.31383,0
768972,557,-49.8922,0
768982,555,-50.17329,0
768992,550,-50.87599,0
769002,555,-50.17329,0
769012,550,-50.87599,0
769022,546,-51.43816,0
769032,550,-50.87599,0
769042,555,-50.17329,0
769052,550,-50.87599,0
769062,549,-51.01654,0
769072,553,-50.45437,0
769082,550,-50.87599,0
769092,555,-50.17329,0
769102,562,-49.18949,0
769112,552,-50.59491,0
769122,556,-50.03275,0
769132,550,-50.87599,0
769142,549,-51.01654,0
769152,547,-51.29762,0
769162,553,-50.45437,0
769172,552,-50.59491,0
769182,552,-50.59491,0
769192,550,-50.87599,0
769202,553,-50.45437,0
769212,548,-51.15707,0
769222,551,-50.73545,0
769232,548,-51.15707,0
769242,548,-51.15707,0
769252,544,-51.71924,0
769262,551,-50.73545,0
769272,552,-50.59491,0
769282,559,-49.61112,0
769292,558,-49.75166,0
769302,555,-50.17329,0
769312,554,-50.31383,0
769322,557,-49.8922,0
769332,552,-50.59491,0
769342,556,-50.03275,0
769352,551,-50.73545,0
769362,549,-51.01654,0
769372,546,-51.43816,0
769382,552,-50.59491,0
769392,554,-50.31383,0
769402,552,-50.59491,0
769412,558,-49.75166,0
769422,558,-49.75166,0
769432,560,-49.47058,0
769442,553,-50.45437,0
769452,555,-50.17329,0
769462,552,-50.59491,0
769472,554,-50.31383,0
769482,556,-50.03275,0
769492,551,-50.73545,0
769502,553,-50.45437,0
769512,551,-50.73545,0
769522,555,-50.17329,0
769532,552,-50.59491,0
769542,550,-50.87599,0
769552,556,-50.03275,0
769562,551,-50.73545,0
769572,558,-49.75166,0
769582,556,-50.03275,0
769592,554,-50.31383,0
769602,554,-50.31383,0
769612,558,-49.75166,0
769622,553,-50.45437,0
769632,559,-49.61112,0
769642,550,-50.87599,0
769652,557,-49.8922,0
769662,553,-50.45437,0
769672,555,-50.17329,0
769682,550,-50.87599,0
769692,555,-50.17329,0
769702,553,-50.45437,0
769712,559,-49.61112,0
769722,557,-49.8922,0
769732,561,-49.33004,0
769742,553,-50.45437,0
769752,561,-49.33004,0
769762,554,-50.31383,0
769772,557,-49.8922,0
769782,558,-49.75166,0
769792,558,-49.75166,0
769802,550,-50.87599,0
769812,557,-49.8922,0
769822,552,-50.59491,0
769832,555,-50.17329,0
769842,558,-49.75166,0
769852,559,-49.61112,0
769862,556,-50.03275,0
769872,553,-50.45437,0
769882,562,-49.18949,0
769892,553,-50.45437,0
769902,560,-49.47058,0
769912,549,-51.01654,0
769922,560,-49.47058,0
769932,556,-50.03275,0
769942,554,-50.31383,0
769952,565,-48.76788,0
769962,551,-50.73545,0
769972,559,-49.61112,0
769982,555,-50.17329,0
769992,549,-51.01654,0
770002,556,-50.03275,0
770012,555,-50.17329,0
770022,551,-50.73545,0
770032,552,-50.59491,0
770042,556,-50.03275,0
770052,560,-49.47058,0
770062,554,-50.31383,0
770072,553,-50.45437,0
770082,554,-50.31383,0
770092,550,-50.87599,0
770102,556,-50.03275,0
770112,553,-50.45437,0
770122,552,-50.59491,0
770132,554,-50.31383,0
770142,552,-50.59491,0
770152,551,-50.73545,0
770162,553,-50.45437,0
770172,558,-49.75166,0
770182,556,-50.03275,0
770192,555,-50.17329,0
770202,550,-50.87599,0
770212,555,-50.17329,0
770222,556,-50.03275,0
770232,553,-50.45437,0
770242,553,-50.45437,0
770252,559,-49.61112,0
770262,556,-50.03275,0
770272,555,-50.17329,0
770282,551,-50.73545,0
770292,547,-51.29762,0
770302,562,-49.18949,0
770312,559,-49.61112,0
770322,557,-49.8922,0
770332,556,-50.03275,0
770342,552,-50.59491,0
770352,558,-49.75166,0
770362,558,-49.75166,0
770372,551,-50.73545,0
770382,556,-50.03275,0
770392,558,-49.75166,0
770402,558,-49.75166,0
770412,555,-50.17329,0
770422,557,-49.8922,0
770432,558,-49.75166,0
770442,549,-51.01654,0
770452,557,-49.8922,0
770462,557,-49.8922,0
770472,552,-50.59491,0
770482,554,-50.31383,0
770492,557,-49.8922,0
770502,550,-50.87599,0
770512,553,-50.45437,0
770522,554,-50.31383,0
770532,559,-49.61112,0
770542,562,-49.18949,0
770552,549,-51.01654,0
770562,559,-49.61112,0
770572,554,-50.31383,0
770582,555,-50.17329,0
770592,561,-49.33004,0
770602,557,-49.8922,0
770612,554,-50.31383,0
770622,551,-50.73545,0
770632,561,-49.33004,0
770642,563,-49.04896,0
770652,554,-50.31383,0
770662,559,-49.61112,0
770672,555,-50.17329,0
770682,555,-50.17329,0
770692,554,-50.31383,0
770702,557,-49.8922,0
770712,554,-50.31383,0
770722,556,-50.03275,0
770732,551,-50.73545,0
770742,553,-50.45437,0
770752,556,-50.03275,0
770762,551,-50.73545,0
770772,558,-49.75166,0
770782,554,-50.31383,0
770792,562,-49.18949,0
770802,555,-50.17329,0
770812,555,-50.17329,0
770822,559,-49.61112,0
770832,555,-50.17329,0
770842,554,-50.31383,0
770852,562,-49.18949,0
770862,564,-48.90842,0
770872,563,-49.04896,0
770882,552,-50.59491,0
770892,561,-49.33004,0
770902,555,-50.17329,0
770912,560,-49.47058,0
770922,552,-50.59491,0
770932,554,-50.31383,0
770942,553,-50.45437,0
770952,549,-51.01654,0
770962,560,-49.47058,0
770972,556,-50.03275,0
770982,555,-50.17329,0
770992,554,-50.31383,0
771002,555,-50.17329,0
771012,550,-50.87599,0
771022,562,-49.18949,0
771032,550,-50.87599,0
771042,560,-49.47058,0
771052,553,-50.45437,0
771062,555,-50.17329,0
771072,560,-49.47058,0
771082,560,-49.47058,0
771092,563,-49.04896,0
771102,560,-49.47058,0
771112,552,-50.59491,0
771122,552,-50.59491,0
771132,561,-49.33004,0
771142,561,-49.33004,0
771152,553,-50.45437,0
771162,554,-50.31383,0
771172,561,-49.33004,0
771182,565,-48.76788,0
771192,551,-50.73545,0
771202,556,-50.03275,0
771212,551,-50.73545,0
771222,556,-50.03275,0
771232,550,-50.87599,0
771242,551,-50.73545,0
771252,555,-50.17329,0
771262,558,-49.75166,0
771272,556,-50.03275,0
771282,555,-50.17329,0
771292,556,-50.03275,0
771302,554,-50.31383,0
771312,564,-48.90842,0
771322,554,-50.31383,0
771332,555,-50.17329,0
771342,551,-50.73545,0
771352,562,-49.18949,0
771362,558,-49.75166,0
771372,552,-50.59491,0
771382,550,-50.87599,0
771392,551,-50.73545,0
771402,563,-49.04896,0
771412,556,-50.03275,0
771422,555,-50.17329,0
771432,564,-48.90842,0
771442,559,-49.61112,0
771452,555,-50.17329,0
771462,556,-50.03275,0
771472,557,-49.8922,0
771482,549,-51.01654,0
771492,555,-50.17329,0
771502,562,-49.18949,0
771512,553,-50.45437,0
771522,554,-50.31383,0
771532,560,-49.47058,0
771542,555,-50.17329,0
771552,557,-49.8922,0
771562,547,-51.29762,0
771572,566,-48.62733,0
771582,557,-49.8922,0
771592,559,-49.61112,0
771602,559,-49.61112,0
771612,556,-50.03275,0
771622,552,-50.59491,0
771632,557,-49.8922,0
771642,557,-49.8922,0
771652,561,-49.33004,0
771662,557,-49.8922,0
771672,555,-50.17329,0
771682,557,-49.8922,0
771692,562,-49.18949,0
771702,557,-49.8922,0
771712,557,-49.8922,0
771722,558,-49.75166,0
771732,559,-49.61112,0
771742,558,-49.75166,0
771752,555,-50.17329,0
771762,558,-49.75166,0
771772,563,-49.04896,0
771782,556,-50.03275,0
771792,552,-50.59491,0
771802,557,-49.8922,0
771812,555,-50.17329,0
771822,560,-49.47058,0
771832,559,-49.61112,0
771842,564,-48.90842,0
771852,557,-49.8922,0
771862,563,-49.04896,0
771872,556,-50.03275,0
771882,557,-49.8922,0
771892,553,-50.45437,0
771902,556,-50.03275,0
771912,553,-50.45437,0
771922,553,-50.45437,0
771932,552,-50.59491,0
771942,557,-49.8922,0
771952,557,-49.8922,0
771962,557,-49.8922,0
771972,565,-48.76788,0
771982,560,-49.47058,0
771992,550,-50.87599,0
772002,554,-50.31383,0
772012,553,-50.45437,0
772022,559,-49.61112,0
772032,553,-50.45437,0
772042,563,-49.04896,0
772052,557,-49.8922,0
772062,560,-49.47058,0
772072,552,-50.59491,0
772082,558,-49.75166,0
772092,560,-49.47058,0
772102,557,-49.8922,0
772112,553,-50.45437,0
772122,557,-49.8922,0
772132,553,-50.45437,0
772142,561,-49.33004,0
772152,554,-50.31383,0
772162,555,-50.17329,0
772172,557,-49.8922,0
772182,559,-49.61112,0
772192,557,-49.8922,0
772202,556,-50.03275,0
772212,557,-49.8922,0
772222,563,-49.04896,0
772232,555,-50.17329,0
772242,558,-49.75166,0
772252,560,-49.47058,0
772262,560,-49.47058,0
772272,565,-48.76788,0
772282,556,-50.03275,0
772292,558,-49.75166,0
772302,558,-49.75166,0
772312,562,-49.18949,0
772322,560,-49.47058,0
772332,555,-50.17329,0
772342,563,-49.04896,0
772352,560,-49.47058,0
772362,560,-49.47058,0
772372,559,-49.61112,0
772382,555,-50.17329,0
772392,558,-49.75166,0
772402,556,-50.03275,0
772412,556,-50.03275,0
772422,554,-50.31383,0
772432,551,-50.73545,0
772442,558,-49.75166,0
772452,559,-49.61112,0
772462,561,-49.33004,0
772472,562,-49.18949,0
772482,555,-50.17329,0
772492,556,-50.03275,0
772502,561,-49.33004,0
772512,555,-50.17329,0
772522,561,-49.33004,0
772532,551,-50.73545,0
772542,558,-49.75166,0
772552,556,-50.03275,0
772562,560,-49.47058,0
772572,556,-50.03275,0
772582,553,-50.45437,0
772592,561,-49.33004,0
772602,553,-50.45437,0
772612,564,-48.90842,0
772622,558,-49.75166,0
772632,555,-50.17329,0
772642,557,-49.8922,0
772652,552,-50.59491,0
772662,556,-50.03275,0
772672,555,-50.17329,0
772682,556,-50.03275,0
772692,553,-50.45437,0
772702,560,-49.47058,0
772712,551,-50.73545,0
772722,552,-50.59491,0
772732,554,-50.31383,0
772742,556,-50.03275,0
772752,554,-50.31383,0
772762,552,-50.59491,0
772772,555,-50.17329,0
772782,558,-49.75166,0
772792,554,-50.31383,0
772802,558,-49.75166,0
772812,557,-49.8922,0
772822,559,-49.61112,0
772832,555,-50.17329,0
772842,559,-49.61112,0
772852,551,-50.73545,0
772862,557,-49.8922,0
772872,553,-50.45437,0
772882,553,-50.45437,0
772892,556,-50.03275,0
772902,559,-49.61112,0
772912,556,-50.03275,0
772922,559,-49.61112,0
772932,559,-49.61112,0
772942,562,-49.18949,0
772952,560,-49.47058,0
772962,554,-50.31383,0
772972,554,-50.31383,0
772982,549,-51.01654,0
772992,552,-50.59491,0
773002,555,-50.17329,0
773012,555,-50.17329,0
773022,559,-49.61112,0
773032,554,-50.31383,0
773042,554,-50.31383,0
773052,553,-50.45437,0
773062,553,-50.45437,0
773072,555,-50.17329,0
773082,557,-49.8922,0
773092,558,-49.75166,0
773102,552,-50.59491,0
773112,554,-50.31383,0
773122,550,-50.87599,0
773132,551,-50.73545,0
773142,554,-50.31383,0
773152,559,-49.61112,0
773162,555,-50.17329,0
773172,556,-50.03275,0
773182,555,-50.17329,0
773192,560,-49.47058,0
773202,552,-50.59491,0
773212,552,-50.59491,0
773222,555,-50.17329,0
773232,549,-51.01654,0
773242,558,-49.75166,0
773252,558,-49.75166,0
773262,555,-50.17329,0
773272,556,-50.03275,0
773282,556,-50.03275,0
773292,563,-49.04896,0
773302,555,-50.17329,0
773312,562,-49.18949,0
773322,554,-50.31383,0
773332,552,-50.59491,0
773342,553,-50.45437,0
773352,556,-50.03275,0
773362,557,-49.8922,0
773372,554,-50.31383,0
773382,555,-50.17329,0
773392,558,-49.75166,0
773402,561,-49.33004,0
773412,554,-50.31383,0
773422,558,-49.75166,0
773432,562,-49.18949,0
773442,552,-50.59491,0
773452,550,-50.87599,0
773462,557,-49.8922,0
773472,560,-49.47058,0
773482,559,-49.61112,0
773492,556,-50.03275,0
773502,554,-50.31383,0
773512,552,-50.59491,0
773522,552,-50.59491,0
773532,554,-50.31383,0
773542,555,-50.17329,0
773552,553,-50.45437,0
773562,556,-50.03275,0
773572,558,-49.75166,0
773582,555,-50.17329,0
773592,553,-50.45437,0
773602,551,-50.73545,0
773612,556,-50.03275,0
773622,551,-50.73545,0
773632,552,-50.59491,0
773642,552,-50.59491,0
773652,557,-49.8922,0
773662,556,-50.03275,0
773672,551,-50.73545,0
773682,553,-50.45437,0
773692,556,-50.03275,0
773702,553,-50.45437,0
773712,554,-50.31383,0
773722,559,-49.61112,0
773732,556,-50.03275,0
773742,550,-50.87599,0
773752,555,-50.17329,0
773762,556,-50.03275,0
773772,564,-48.90842,0
773782,551,-50.73545,0
773792,558,-49.75166,0
773802,558,-49.75166,0
773812,552,-50.59491,0
773822,552,-50.59491,0
773832,553,-50.45437,0
773842,550,-50.87599,0
773852,558,-49.75166,0
773862,557,-49.8922,0
773872,558,-49.75166,0
773882,557,-49.8922,0
773892,559,-49.61112,0
773902,554,-50.31383,0
773912,566,-48.62733,0
773922,551,-50.73545,0
773932,556,-50.03275,0
773942,550,-50.87599,0
773952,551,-50.73545,0
773962,551,-50.73545,0
773972,549,-51.01654,0
773982,560,-49.47058,0
773992,553,-50.45437,0
774002,560,-49.47058,0
774012,555,-50.17329,0
774022,559,-49.61112,0
774032,556,-50.03275,0
774042,554,-50.31383,0
774052,555,-50.17329,0
774062,556,-50.03275,0
774072,561,-49.33004,0
774082,556,-50.03275,0
774092,549,-51.01654,0
774102,552,-50.59491,0
774112,557,-49.8922,0
774122,556,-50.03275,0
774132,559,-49.61112,0
774142,556,-50.03275,0
774152,554,-50.31383,0
774162,554,-50.31383,0
774172,554,-50.31383,0
774182,556,-50.03275,0
774192,555,-50.17329,0
774202,560,-49.47058,0
774212,555,-50.17329,0
774222,557,-49.8922,0
774232,552,-50.59491,0
774242,554,-50.31383,0
774252,553,-50.45437,0
774262,552,-50.59491,0
774272,555,-50.17329,0
774282,558,-49.75166,0
774292,555,-50.17329,0
774302,557,-49.8922,0
774312,555,-50.17329,0
774322,562,-49.18949,0
774332,559,-49.61112,0
774342,555,-50.17329,0
774352,553,-50.45437,0
774362,556,-50.03275,0
774372,556,-50.03275,0
774382,556,-50.03275,0
774392,553,-50.45437,0
774402,556,-50.03275,0
774412,558,-49.75166,0
774422,554,-50.31383,0
774432,553,-50.45437,0
774442,556,-50.03275,0
774452,558,-49.75166,0
774462,555,-50.17329,0
774472,558,-49.75166,0
774482,558,-49.75166,0
774492,559,-49.61112,0
774502,554,-50.31383,0
774512,557,-49.8922,0
774522,558,-49.75166,0
774532,553,-50.45437,0
774542,555,-50.17329,0
774552,551,-50.73545,0
774562,558,-49.75166,0
774572,557,-49.8922,0
774582,552,-50.59491,0
774592,552,-50.59491,0
774602,553,-50.45437,0
774612,558,-49.75166,0
774622,559,-49.61112,0
774632,559,-49.61112,0
774642,556,-50.03275,0
774652,558,-49.75166,0
774662,556,-50.03275,0
774672,556,-50.03275,0
774682,561,-49.33004,0
774692,558,-49.75166,0
774702,554,-50.31383,0
774712,561,-49.33004,0
774722,560,-49.47058,0
774732,555,-50.17329,0
774742,555,-50.17329,0
774752,553,-50.45437,0
774762,555,-50.17329,0
774772,556,-50.03275,0
774782,558,-49.75166,0
774792,560,-49.47058,0
774802,551,-50.73545,0
774812,556,-50.03275,0
774822,558,-49.75166,0
774832,555,-50.17329,0
774842,555,-50.17329,0
774852,558,-49.75166,0
774862,557,-49.8922,0
774872,555,-50.17329,0
774882,560,-49.47058,0
774892,556,-50.03275,0
774902,556,-50.03275,0
774912,555,-50.17329,0
774922,553,-50.45437,0
774932,558,-49.75166,0
774942,556,-50.03275,0
774952,560,-49.47058,0
774962,559,-49.61112,0
774972,554,-50.31383,0
774982,553,-50.45437,0
774992,560,-49.47058,0
775002,557,-49.8922,0
775012,552,-50.59491,0
775022,558,-49.75166,0
775032,557,-49.8922,0
775042,559,-49.61112,0
775052,552,-50.59491,0
775062,561,-49.33004,0
775072,559,-49.61112,0
775082,557,-49.8922,0
775092,556,-50.03275,0
775102,558,-49.75166,0
775112,561,-49.33004,0
775122,559,-49.61112,0
775132,559,-49.61112,0
775142,558,-49.75166,0
775152,555,-50.17329,0
775162,554,-50.31383,0
775172,558,-49.75166,0
775182,560,-49.47058,0
775192,557,-49.8922,0
775202,556,-50.03275,0
775212,557,-49.8922,0
775222,561,-49.33004,0
775232,558,-49.75166,0
775242,562,-49.18949,0
775252,562,-49.18949,0
775262,566,-48.62733,0
775272,556,-50.03275,0
775282,566,-48.62733,0
775292,561,-49.33004,0
775302,551,-50.73545,0
775312,557,-49.8922,0
775322,555,-50.17329,0
775332,553,-50.45437,0
775342,563,-49.04896,0
775352,558,-49.75166,0
775362,562,-49.18949,0
775372,553,-50.45437,0
775382,561,-49.33004,0
775392,555,-50.17329,0
775402,553,-50.45437,0
775412,558,-49.75166,0
775422,555,-50.17329,0
775432,558,-49.75166,0
775442,554,-50.31383,0
775452,559,-49.61112,0
775462,560,-49.47058,0
775472,561,-49.33004,0
775482,555,-50.17329,0
775492,559,-49.61112,0
775502,558,-49.75166,0
775512,557,-49.8922,0
775522,554,-50.31383,0
775532,555,-50.17329,0
775542,556,-50.03275,0
775552,554,-50.31383,0
775562,555,-50.17329,0
775572,559,-49.61112,0
775582,560,-49.47058,0
775592,557,-49.8922,0
775602,556,-50.03275,0
775612,565,-48.76788,0
775622,559,-49.61112,0
775632,557,-49.8922,0
775642,562,-49.18949,0
775652,559,-49.61112,0
775662,554,-50.31383,0
775672,557,-49.8922,0
775682,559,-49.61112,0
775692,554,-50.31383,0
775702,550,-50.87599,0
775712,555,-50.17329,0
775722,561,-49.33004,0
775732,561,-49.33004,0
775742,555,-50.17329,0
775752,553,-50.45437,0
775762,559,-49.61112,0
775772,560,-49.47058,0
775782,555,-50.17329,0
775792,559,-49.61112,0
775802,557,-49.8922,0
775812,557,-49.8922,0
775822,557,-49.8922,0
775832,557,-49.8922,0
775842,563,-49.04896,0
775852,555,-50.17329,0
775862,557,-49.8922,0
775872,555,-50.17329,0
775882,557,-49.8922,0
775892,558,-49.75166,0
775902,553,-50.45437,0
775912,559,-49.61112,0
775922,558,-49.75166,0
775932,566,-48.62733,0
775942,560,-49.47058,0
775952,558,-49.75166,0
775962,563,-49.04896,0
775972,559,-49.61112,0
775982,560,-49.47058,0
775992,553,-50.45437,0
776002,552,-50.59491,0
776012,553,-50.45437,0
776022,558,-49.75166,0
776032,560,-49.47058,0
776042,555,-50.17329,0
776052,555,-50.17329,0
776062,553,-50.45437,0
776072,549,-51.01654,0
776082,556,-50.03275,0
776092,563,-49.04896,0
776102,556,-50.03275,0
776112,559,-49.61112,0
776122,560,-49.47058,0
776132,556,-50.03275,0
776142,553,-50.45437,0
776152,560,-49.47058,0
776162,558,-49.75166,0
776172,555,-50.17329,0
776182,558,-49.75166,0
776192,558,-49.75166,0
776202,560,-49.47058,0
776212,557,-49.8922,0
776222,556,-50.03275,0
776232,558,-49.75166,0
776242,560,-49.47058,0
776252,562,-49.18949,0
776262,559,-49.61112,0
776272,559,-49.61112,0
776282,559,-49.61112,0
776292,554,-50.31383,0
776302,558,-49.75166,0
776312,560,-49.47058,0
776322,557,-49.8922,0
776332,551,-50.73545,0
776342,561,-49.33004,0
776352,554,-50.31383,0
776362,557,-49.8922,0
776372,558,-49.75166,0
776382,558,-49.75166,0
776392,557,-49.8922,0
776402,556,-50.03275,0
776412,559,-49.61112,0
776422,559,-49.61112,0
776432,558,-49.75166,0
776442,563,-49.04896,0
776452,565,-48.76788,0
776462,562,-49.18949,0
776472,558,-49.75166,0
776482,559,-49.61112,0
776492,551,-50.73545,0
776502,559,-49.61112,0
776512,562,-49.18949,0
776522,555,-50.17329,0
776532,555,-50.17329,0
776542,558,-49.75166,0
776552,558,-49.75166,0
776562,565,-48.76788,0
776572,561,-49.33004,0
776582,558,-49.75166,0
776592,573,-47.64355,0
776602,559,-49.61112,0
776612,561,-49.33004,0
776622,564,-48.90842,0
776632,567,-48.48679,0
776642,562,-49.18949,0
776652,558,-49.75166,0
776662,572,-47.78408,0
776672,563,-49.04896,0
776682,569,-48.20571,0
776692,557,-49.8922,0
776702,560,-49.47058,0
776712,559,-49.61112,0
776722,558,-49.75166,0
776732,559,-49.61112,0
776742,559,-49.61112,0
776752,560,-49.47058,0
776762,560,-49.47058,0
776772,560,-49.47058,0
776782,558,-49.75166,0
776792,563,-49.04896,0
776802,560,-49.47058,0
776812,558,-49.75166,0
776822,562,-49.18949,0
776832,558,-49.75166,0
776842,563,-49.04896,0
776852,555,-50.17329,0
776862,556,-50.03275,0
776872,556,-50.03275,0
776882,562,-49.18949,0
776892,563,-49.04896,0
776902,561,-49.33004,0
776912,562,-49.18949,0
776922,563,-49.04896,0
776932,564,-48.90842,0
776942,562,-49.18949,0
776952,559,-49.61112,0
776962,563,-49.04896,0
776972,561,-49.33004,0
776982,560,-49.47058,0
776992,566,-48.62733,0
777002,556,-50.03275,0
777012,564,-48.90842,0
777022,558,-49.75166,0
777032,557,-49.8922,0
777042,561,-49.33004,0
777052,559,-49.61112,0
777062,566,-48.62733,0
777072,562,-49.18949,0
777082,562,-49.18949,0
777092,563,-49.04896,0
777102,558,-49.75166,0
777112,568,-48.34624,0
777122,560,-49.47058,0
777132,564,-48.90842,0
777142,565,-48.76788,0
777152,559,-49.61112,0
777162,560,-49.47058,0
777172,554,-50.31383,0
777182,564,-48.90842,0
777192,559,-49.61112,0
777202,559,-49.61112,0
777212,558,-49.75166,0
777222,559,-49.61112,0
777232,562,-49.18949,0
777242,553,-50.45437,0
777252,560,-49.47058,0
777262,558,-49.75166,0
777272,562,-49.18949,0
777282,558,-49.75166,0
777292,556,-50.03275,0
777302,559,-49.61112,0
777312,564,-48.90842,0
777322,563,-49.04896,0
777332,559,-49.61112,0
777342,549,-51.01654,0
777352,560,-49.47058,0
777362,555,-50.17329,0
777372,560,-49.47058,0
777382,562,-49.18949,0
777392,561,-49.33004,0
777402,560,-49.47058,0
777412,553,-50.45437,0
777422,561,-49.33004,0
777432,560,-49.47058,0
777442,558,-49.75166,0
777452,561,-49.33004,0
777462,559,-49.61112,0
777472,561,-49.33004,0
777482,565,-48.76788,0
777492,558,-49.75166,0
777502,565,-48.76788,0
777512,561,-49.33004,0
777522,567,-48.48679,0
777532,565,-48.76788,0
777542,564,-48.90842,0
777552,558,-49.75166,0
777562,561,-49.33004,0
777572,559,-49.61112,0
777582,562,-49.18949,0
777592,559,-49.61112,0
777602,561,-49.33004,0
777612,565,-48.76788,0
777622,555,-50.17329,0
777632,560,-49.47058,0
777642,555,-50.17329,0
777652,561,-49.33004,0
777662,562,-49.18949,0
777672,558,-49.75166,0
777682,558,-49.75166,0
777692,555,-50.17329,0
777702,556,-50.03275,0
777712,560,-49.47058,0
777722,557,-49.8922,0
777732,558,-49.75166,0
777742,560,-49.47058,0
777752,564,-48.90842,0
777762,558,-49.75166,0
777772,559,-49.61112,0
777782,559,-49.61112,0
777792,566,-48.62733,0
777802,560,-49.47058,0
777812,558,-49.75166,0
777822,560,-49.47058,0
777832,557,-49.8922,0
777842,555,-50.17329,0
777852,557,-49.8922,0
777862,562,-49.18949,0
777872,561,-49.33004,0
777882,561,-49.33004,0
777892,558,-49.75166,0
777902,562,-49.18949,0
777912,561,-49.33004,0
777922,562,-49.18949,0
777932,561,-49.33004,0
777942,561,-49.33004,0
777952,555,-50.17329,0
777962,562,-49.18949,0
777972,558,-49.75166,0
777982,555,-50.17329,0
777992,563,-49.04896,0
778002,558,-49.75166,0
778012,565,-48.76788,0
778022,561,-49.33004,0
778032,561,-49.33004,0
778042,557,-49.8922,0
778052,561,-49.33004,0
778062,560,-49.47058,0
778072,560,-49.47058,0
778082,563,-49.04896,0
778092,563,-49.04896,0
778102,565,-48.76788,0
778112,561,-49.33004,0
778122,555,-50.17329,0
778132,559,-49.61112,0
778142,557,-49.8922,0
778152,559,-49.61112,0
778162,559,-49.61112,0
778172,559,-49.61112,0
778182,562,-49.18949,0
778192,561,-49.33004,0
778202,558,-49.75166,0
778212,566,-48.62733,0
778222,562,-49.18949,0
778232,549,-51.01654,0
778242,564,-48.90842,0
778252,559,-49.61112,0
778262,558,-49.75166,0
778272,568,-48.34624,0
778282,558,-49.75166,0
778292,563,-49.04896,0
778302,562,-49.18949,0
778312,564,-48.90842,0
778322,561,-49.33004,0
778332,561,-49.33004,0
778342,557,-49.8922,0
778352,564,-48.90842,0
778362,564,-48.90842,0
778372,565,-48.76788,0
778382,564,-48.90842,0
778392,560,-49.47058,0
778402,558,-49.75166,0
778412,559,-49.61112,0
778422,557,-49.8922,0
778432,561,-49.33004,0
778442,562,-49.18949,0
778452,566,-48.62733,0
778462,559,-49.61112,0
778472,565,-48.76788,0
778482,557,-49.8922,0
778492,561,-49.33004,0
778502,560,-49.47058,0
778512,560,-49.47058,0
778522,563,-49.04896,0
778532,558,-49.75166,0
778542,561,-49.33004,0
778552,560,-49.47058,0
778562,561,-49.33004,0
778572,562,-49.18949,0
778582,565,-48.76788,0
778592,557,-49.8922,0
778602,561,-49.33004,0
778612,559,-49.61112,0
778622,558,-49.75166,0
778632,552,-50.59491,0
778642,562,-49.18949,0
778652,559,-49.61112,0
778662,557,-49.8922,0
778672,557,-49.8922,0
778682,563,-49.04896,0
778692,563,-49.04896,0
778702,559,-49.61112,0
778712,561,-49.33004,0
778722,561,-49.33004,0
778732,561,-49.33004,0
778742,559,-49.61112,0
778752,562,-49.18949,0
778762,563,-49.04896,0
778772,564,-48.90842,0
778782,564,-48.90842,0
778792,566,-48.62733,0
778802,563,-49.04896,0
778812,558,-49.75166,0
778822,556,-50.03275,0
778832,559,-49.61112,0
778842,568,-48.34624,0
778852,561,-49.33004,0
778862,561,-49.33004,0
778872,559,-49.61112,0
778882,563,-49.04896,0
778892,558,-49.75166,0
778902,564,-48.90842,0
778912,567,-48.48679,0
778922,559,-49.61112,0
778932,563,-49.04896,0
778942,559,-49.61112,0
778952,563,-49.04896,0
778962,557,-49.8922,0
778972,561,-49.33004,0
778982,559,-49.61112,0
778992,562,-49.18949,0
779002,558,-49.75166,0
779012,559,-49.61112,0
779022,562,-49.18949,0
779032,561,-49.33004,0
779042,561,-49.33004,0
779052,563,-49.04896,0
779062,567,-48.48679,0
779072,561,-49.33004,0
779082,561,-49.33004,0
779092,564,-48.90842,0
779102,560,-49.47058,0
779112,558,-49.75166,0
779122,557,-49.8922,0
779132,563,-49.04896,0
779142,561,-49.33004,0
779152,564,-48.90842,0
779162,561,-49.33004,0
779172,553,-50.45437,0
779182,564,-48.90842,0
779192,565,-48.76788,0
779202,565,-48.76788,0
779212,563,-49.04896,0
779222,559,-49.61112,0
779232,567,-48.48679,0
779242,558,-49.75166,0
779252,561,-49.33004,0
779262,563,-49.04896,0
779272,564,-48.90842,0
779282,563,-49.04896,0
779292,562,-49.18949,0
779302,565,-48.76788,0
779312,559,-49.61112,0
779322,561,-49.33004,0
779332,562,-49.18949,0
779342,559,-49.61112,0
779352,564,-48.90842,0
779362,558,-49.75166,0
779372,563,-49.04896,0
779382,561,-49.33004,0
779392,567,-48.48679,0
779402,562,-49.18949,0
779412,566,-48.62733,0
779422,563,-49.04896,0
779432,563,-49.04896,0
779442,560,-49.47058,0
779452,564,-48.90842,0
779462,561,-49.33004,0
779472,555,-50.17329,0
779482,559,-49.61112,0
779492,558,-49.75166,0
779502,562,-49.18949,0
779512,565,-48.76788,0
779522,560,-49.47058,0
779532,556,-50.03275,0
779542,559,-49.61112,0
779552,568,-48.34624,0
779562,564,-48.90842,0
779572,563,-49.04896,0
779582,565,-48.76788,0
779592,562,-49.18949,0
779602,560,-49.47058,0
779612,556,-50.03275,0
779622,565,-48.76788,0
779632,568,-48.34624,0
779642,564,-48.90842,0
779652,559,-49.61112,0
779662,560,-49.47058,0
779672,556,-50.03275,0
779682,565,-48.76788,0
779692,560,-49.47058,0
779702,560,-49.47058,0
779712,566,-48.62733,0
779722,559,-49.61112,0
779732,566,-48.62733,0
779742,563,-49.04896,0
779752,563,-49.04896,0
779762,565,-48.76788,0
779772,566,-48.62733,0
779782,566,-48.62733,0
779792,559,-49.61112,0
779802,564,-48.90842,0
779812,565,-48.76788,0
779822,562,-49.18949,0
779832,562,-49.18949,0
779842,565,-48.76788,0
779852,557,-49.8922,0
779862,560,-49.47058,0
779872,563,-49.04896,0
779882,567,-48.48679,0
779892,561,-49.33004,0
779902,557,-49.8922,0
779912,559,-49.61112,0
779922,562,-49.18949,0
779932,557,-49.8922,0
779942,560,-49.47058,0
779952,567,-48.48679,0
779962,560,-49.47058,0
779972,561,-49.33004,0
779982,560,-49.47058,0
779992,562,-49.18949,0
780002,561,-49.33004,0
780012,558,-49.75166,0
780022,561,-49.33004,0
780032,563,-49.04896,0
780042,564,-48.90842,0
780052,561,-49.33004,0
780062,564,-48.90842,0
780072,559,-49.61112,0
780082,560,-49.47058,0
780092,563,-49.04896,0
780102,564,-48.90842,0
780112,566,-48.62733,0
780122,560,-49.47058,0
780132,564,-48.90842,0
780142,564,-48.90842,0
780152,564,-48.90842,0
780162,561,-49.33004,0
780172,559,-49.61112,0
780182,566,-48.62733,0
780192,569,-48.20571,0
780202,563,-49.04896,0
780212,561,-49.33004,0
780222,560,-49.47058,0
780232,566,-48.62733,0
780242,566,-48.62733,0
780252,565,-48.76788,0
780262,564,-48.90842,0
780272,569,-48.20571,0
780282,561,-49.33004,0
780292,566,-48.62733,0
780302,558,-49.75166,0
780312,561,-49.33004,0
780322,567,-48.48679,0
780332,563,-49.04896,0
780342,566,-48.62733,0
780352,563,-49.04896,0
780362,565,-48.76788,0
780372,566,-48.62733,0
780382,561,-49.33004,0
780392,562,-49.18949,0
780402,561,-49.33004,0
780412,559,-49.61112,0
780422,562,-49.18949,0
780432,561,-49.33004,0
780442,564,-48.90842,0
780452,560,-49.47058,0
780462,561,-49.33004,0
780472,560,-49.47058,0
780482,561,-49.33004,0
780492,563,-49.04896,0
780502,568,-48.34624,0
780512,557,-49.8922,0
780522,559,-49.61112,0
780532,565,-48.76788,0
780542,567,-48.48679,0
780552,561,-49.33004,0
780562,565,-48.76788,0
780572,564,-48.90842,0
780582,562,-49.18949,0
780592,565,-48.76788,0
780602,563,-49.04896,0
780612,566,-48.62733,0
780622,560,-49.47058,0
780632,563,-49.04896,0
780642,563,-49.04896,0
780652,559,-49.61112,0
780662,569,-48.20571,0
780672,561,-49.33004,0
780682,567,-48.48679,0
780692,560,-49.47058,0
780702,564,-48.90842,0
780712,561,-49.33004,0
780722,567,-48.48679,0
780732,565,-48.76788,0
780742,563,-49.04896,0
780752,562,-49.18949,0
780762,562,-49.18949,0
780772,562,-49.18949,0
780782,561,-49.33004,0
780792,564,-48.90842,0
780802,562,-49.18949,0
780812,563,-49.04896,0
780822,561,-49.33004,0
780832,562,-49.18949,0
780842,566,-48.62733,0
780852,563,-49.04896,0
780862,560,-49.47058,0
780872,564,-48.90842,0
780882,563,-49.04896,0
780892,565,-48.76788,0
780902,561,-49.33004,0
780912,560,-49.47058,0
780922,562,-49.18949,0
780932,566,-48.62733,0
780942,561,-49.33004,0
780952,563,-49.04896,0
780962,564,-48.90842,0
780972,564,-48.90842,0
780982,566,-48.62733,0
780992,562,-49.18949,0
781002,556,-50.03275,0
781012,563,-49.04896,0
781022,565,-48.76788,0
781032,559,-49.61112,0
781042,559,-49.61112,0
781052,563,-49.04896,0
781062,570,-48.06517,0
781072,567,-48.48679,0
781082,554,-50.31383,0
781092,565,-48.76788,0
781102,562,-49.18949,0
781112,565,-48.76788,0
781122,562,-49.18949,0
781132,561,-49.33004,0
781142,559,-49.61112,0
781152,564,-48.90842,0
781162,564,-48.90842,0
781172,566,-48.62733,0
781182,567,-48.48679,0
781192,563,-49.04896,0
781202,565,-48.76788,0
781212,560,-49.47058,0
781222,563,-49.04896,0
781232,563,-49.04896,0
781242,564,-48.90842,0
781252,574,-47.50301,0
781262,566,-48.62733,0
781272,561,-49.33004,0
781282,566,-48.62733,0
781292,573,-47.64355,0
781302,567,-48.48679,0
781312,559,-49.61112,0
781322,562,-49.18949,0
781332,562,-49.18949,0
781342,566,-48.62733,0
781352,564,-48.90842,0
781362,563,-49.04896,0
781372,559,-49.61112,0
781382,559,-49.61112,0
781392,560,-49.47058,0
781402,559,-49.61112,0
781412,562,-49.18949,0
781422,563,-49.04896,0
781432,560,-49.47058,0
781442,562,-49.18949,0
781452,564,-48.90842,0
781462,561,-49.33004,0
781472,563,-49.04896,0
781482,561,-49.33004,0
781492,566,-48.62733,0
781502,564,-48.90842,0
781512,560,-49.47058,0
781522,564,-48.90842,0
781532,568,-48.34624,0
781542,569,-48.20571,0
781552,566,-48.62733,0
781562,559,-49.61112,0
781572,568,-48.34624,0
781582,558,-49.75166,0
781592,567,-48.48679,0
781602,561,-49.33004,0
781612,561,-49.33004,0
781622,558,-49.75166,0
781632,565,-48.76788,0
781642,563,-49.04896,0
781652,563,-49.04896,0
781662,563,-49.04896,0
781672,568,-48.34624,0
781682,561,-49.33004,0
781692,566,-48.62733,0
781702,557,-49.8922,0
781712,569,-48.20571,0
781722,563,-49.04896,0
781732,561,-49.33004,0
781742,563,-49.04896,0
781752,559,-49.61112,0
781762,565,-48.76788,0
781772,563,-49.04896,0
781782,560,-49.47058,0
781792,563,-49.04896,0
781802,562,-49.18949,0
781812,559,-49.61112,0
781822,559,-49.61112,0
781832,564,-48.90842,0
781842,562,-49.18949,0
781852,564,-48.90842,0
781862,571,-47.92462,0
781872,564,-48.90842,0
781882,562,-49.18949,0
781892,566,-48.62733,0
781902,564,-48.90842,0
781912,563,-49.04896,0
781922,567,-48.48679,0
781932,561,-49.33004,0
781942,563,-49.04896,0
781952,567,-48.48679,0
781962,567,-48.48679,0
781972,567,-48.48679,0
781982,560,-49.47058,0
781992,564,-48.90842,0
782002,564,-48.90842,0
782012,563,-49.04896,0
782022,569,-48.20571,0
782032,566,-48.62733,0
782042,568,-48.34624,0
782052,572,-47.78408,0
782062,565,-48.76788,0
782072,559,-49.61112,0
782082,564,-48.90842,0
782092,566,-48.62733,0
782102,565,-48.76788,0
782112,564,-48.90842,0
782122,565,-48.76788,0
782132,564,-48.90842,0
782142,563,-49.04896,0
782152,563,-49.04896,0
782162,562,-49.18949,0
782172,564,-48.90842,0
782182,564,-48.90842,0
782192,568,-48.34624,0
782202,560,-49.47058,0
782212,563,-49.04896,0
782222,573,-47.64355,0
782232,563,-49.04896,0
782242,565,-48.76788,0
782252,562,-49.18949,0
782262,564,-48.90842,0
782272,564,-48.90842,0
782282,564,-48.90842,0
782292,563,-49.04896,0
782302,566,-48.62733,0
782312,562,-49.18949,0
782322,569,-48.20571,0
782332,566,-48.62733,0
782342,567,-48.48679,0
782352,561,-49.33004,0
782362,565,-48.76788,0
782372,561,-49.33004,0
782382,559,-49.61112,0
782392,560,-49.47058,0
782402,562,-49.18949,0
782412,567,-48.48679,0
782422,559,-49.61112,0
782432,566,-48.62733,0
782442,563,-49.04896,0
782452,570,-48.06517,0
782462,568,-48.34624,0
782472,576,-47.22192,0
782482,565,-48.76788,0
782492,567,-48.48679,0
782502,560,-49.47058,0
782512,563,-49.04896,0
782522,569,-48.20571,0
782532,566,-48.62733,0
782542,565,-48.76788,0
782552,571,-47.92462,0
782562,566,-48.62733,0
782572,563,-49.04896,0
782582,576,-47.22192,0
782592,569,-48.20571,0
782602,571,-47.92462,0
782612,574,-47.50301,0
782622,569,-48.20571,0
782632,575,-47.36246,0
782642,565,-48.76788,0
782652,577,-47.08138,0
782662,570,-48.06517,0
782672,565,-48.76788,0
782682,564,-48.90842,0
782692,569,-48.20571,0
782702,570,-48.06517,0
782712,567,-48.48679,0
782722,570,-48.06517,0
782732,573,-47.64355,0
782742,563,-49.04896,0
782752,574,-47.50301,0
782762,563,-49.04896,0
782772,569,-48.20571,0
782782,571,-47.92462,0
782792,561,-49.33004,0
782802,570,-48.06517,0
782812,569,-48.20571,0
782822,578,-46.94083,0
782832,567,-48.48679,0
782842,570,-48.06517,0
782852,561,-49.33004,0
782862,570,-48.06517,0
782872,572,-47.78408,0
782882,571,-47.92462,0
782892,565,-48.76788,0
782902,571,-47.92462,0
782912,573,-47.64355,0
782922,564,-48.90842,0
782932,561,-49.33004,0
782942,563,-49.04896,0
782952,572,-47.78408,0
782962,559,-49.61112,0
782972,563,-49.04896,0
782982,560,-49.47058,0
782992,563,-49.04896,0
783002,562,-49.18949,0
783012,562,-49.18949,0
783022,567,-48.48679,0
783032,565,-48.76788,0
783042,567,-48.48679,0
783052,566,-48.62733,0
783062,566,-48.62733,0
783072,564,-48.90842,0
783082,564,-48.90842,0
783092,562,-49.18949,0
783102,567,-48.48679,0
783112,566,-48.62733,0
783122,563,-49.04896,0
783132,565,-48.76788,0
783142,567,-48.48679,0
783152,564,-48.90842,0
783162,565,-48.76788,0
783172,566,-48.62733,0
783182,569,-48.20571,0
783192,568,-48.34624,0
783202,564,-48.90842,0
783212,566,-48.62733,0
783222,564,-48.90842,0
783232,561,-49.33004,0
783242,566,-48.62733,0
783252,561,-49.33004,0
783262,562,-49.18949,0
783272,567,-48.48679,0
783282,568,-48.34624,0
783292,567,-48.48679,0
783302,566,-48.62733,0
783312,567,-48.48679,0
783322,568,-48.34624,0
783332,560,-49.47058,0
783342,567,-48.48679,0
783352,565,-48.76788,0
783362,567,-48.48679,0
783372,562,-49.18949,0
783382,569,-48.20571,0
783392,570,-48.06517,0
783402,562,-49.18949,0
783412,565,-48.76788,0
783422,562,-49.18949,0
783432,567,-48.48679,0
783442,565,-48.76788,0
783452,567,-48.48679,0
783462,565,-48.76788,0
783472,573,-47.64355,0
783482,566,-48.62733,0
783492,568,-48.34624,0
783502,564,-48.90842,0
783512,562,-49.18949,0
783522,568,-48.34624,0
783532,566,-48.62733,0
783542,564,-48.90842,0
783552,561,-49.33004,0
783562,565,-48.76788,0
783572,566,-48.62733,0
783582,563,-49.04896,0
783592,569,-48.20571,0
783602,568,-48.34624,0
783612,567,-48.48679,0
783622,564,-48.90842,0
783632,565,-48.76788,0
783642,563,-49.04896,0
783652,567,-48.48679,0
783662,564,-48.90842,0
783672,560,-49.47058,0
783682,564,-48.90842,0
783692,561,-49.33004,0
783702,570,-48.06517,0
783712,564,-48.90842,0
783722,565,-48.76788,0
783732,563,-49.04896,0
783742,570,-48.06517,0
783752,567,-48.48679,0
783762,565,-48.76788,0
783772,567,-48.48679,0
783782,570,-48.06517,0
783792,565,-48.76788,0
783802,569,-48.20571,0
783812,565,-48.76788,0
783822,570,-48.06517,0
783832,562,-49.18949,0
783842,568,-48.34624,0
783852,565,-48.76788,0
783862,573,-47.64355,0
783872,568,-48.34624,0
783882,569,-48.20571,0
783892,568,-48.34624,0
783902,568,-48.34624,0
783912,570,-48.06517,0
783922,567,-48.48679,0
783932,570,-48.06517,0
783942,566,-48.62733,0
783952,569,-48.20571,0
783962,572,-47.78408,0
783972,562,-49.18949,0
783982,566,-48.62733,0
783992,570,-48.06517,0
784002,562,-49.18949,0
784012,561,-49.33004,0
784022,572,-47.78408,0
784032,565,-48.76788,0
784042,568,-48.34624,0
784052,574,-47.50301,0
784062,571,-47.92462,0
784072,561,-49.33004,0
784082,566,-48.62733,0
784092,568,-48.34624,0
784102,567,-48.48679,0
784112,567,-48.48679,0
784122,571,-47.92462,0
784132,568,-48.34624,0
784142,567,-48.48679,0
784152,565,-48.76788,0
784162,568,-48.34624,0
784172,562,-49.18949,0
784182,567,-48.48679,0
784192,566,-48.62733,0
784202,565,-48.76788,0
784212,565,-48.76788,0
784222,564,-48.90842,0
784232,563,-49.04896,0
784242,567,-48.48679,0
784252,566,-48.62733,0
784262,568,-48.34624,0
784272,562,-49.18949,0
784282,569,-48.20571,0
784292,569,-48.20571,0
784302,565,-48.76788,0
784312,571,-47.92462,0
784322,563,-49.04896,0
784332,572,-47.78408,0
784342,570,-48.06517,0
784352,567,-48.48679,0
784362,566,-48.62733,0
784372,568,-48.34624,0
784382,567,-48.48679,0
784392,567,-48.48679,0
784402,569,-48.20571,0
784412,565,-48.76788,0
784422,568,-48.34624,0
784432,567,-48.48679,0
784442,566,-48.62733,0
784452,562,-49.18949,0
784462,565,-48.76788,0
784472,566,-48.62733,0
784482,569,-48.20571,0
784492,562,-49.18949,0
784502,566,-48.62733,0
784512,566,-48.62733,0
784522,569,-48.20571,0
784532,565,-48.76788,0
784542,564,-48.90842,0
784552,567,-48.48679,0
784562,578,-46.94083,0
784572,567,-48.48679,0
784582,560,-49.47058,0
784592,573,-47.64355,0
784602,567,-48.48679,0
784612,566,-48.62733,0
784622,566,-48.62733,0
784632,567,-48.48679,0
784642,566,-48.62733,0
784652,572,-47.78408,0
784662,564,-48.90842,0
784672,567,-48.48679,0
784682,568,-48.34624,0
784692,574,-47.50301,0
784702,570,-48.06517,0
784712,568,-48.34624,0
784722,571,-47.92462,0
784732,569,-48.20571,0
784742,566,-48.62733,0
784752,568,-48.34624,0
784762,570,-48.06517,0
784772,567,-48.48679,0
784782,566,-48.62733,0
784792,568,-48.34624,0
784802,573,-47.64355,0
784812,571,-47.92462,0
784822,575,-47.36246,0
784832,574,-47.50301,0
784842,571,-47.92462,0
784852,562,-49.18949,0
784862,577,-47.08138,0
784872,574,-47.50301,0
784882,582,-46.37866,0
784892,570,-48.06517,0
784902,564,-48.90842,0
784912,572,-47.78408,0
784922,571,-47.92462,0
784932,568,-48.34624,0
784942,566,-48.62733,0
784952,574,-47.50301,0
784962,566,-48.62733,0
784972,571,-47.92462,0
784982,568,-48.34624,0
784992,567,-48.48679,0
785002,572,-47.78408,0
785012,566,-48.62733,0
785022,571,-47.92462,0
785032,564,-48.90842,0
785042,565,-48.76788,0
785052,566,-48.62733,0
785062,564,-48.90842,0
785072,564,-48.90842,0
785082,566,-48.62733,0
785092,575,-47.36246,0
785102,566,-48.62733,0
785112,568,-48.34624,0
785122,571,-47.92462,0
785132,570,-48.06517,0
785142,572,-47.78408,0
785152,568,-48.34624,0
785162,563,-49.04896,0
785172,562,-49.18949,0
785182,567,-48.48679,0
785192,567,-48.48679,0
785202,565,-48.76788,0
785212,562,-49.18949,0
785222,570,-48.06517,0
785232,568,-48.34624,0
785242,568,-48.34624,0
785252,566,-48.62733,0
785262,571,-47.92462,0
785272,565,-48.76788,0
785282,568,-48.34624,0
785292,565,-48.76788,0
785302,570,-48.06517,0
785312,566,-48.62733,0
785322,567,-48.48679,0
785332,565,-48.76788,0
785342,564,-48.90842,0
785352,574,-47.50301,0
785362,572,-47.78408,0
785372,565,-48.76788,0
785382,570,-48.06517,0
785392,569,-48.20571,0
785402,570,-48.06517,0
785412,566,-48.62733,0
785422,566,-48.62733,0
785432,571,-47.92462,0
785442,570,-48.06517,0
785452,569,-48.20571,0
785462,563,-49.04896,0
785472,570,-48.06517,0
785482,566,-48.62733,0
785492,569,-48.20571,0
785502,572,-47.78408,0
785512,576,-47.22192,0
785522,574,-47.50301,0
785532,569,-48.20571,0
785542,564,-48.90842,0
785552,566,-48.62733,0
785562,570,-48.06517,0
785572,571,-47.92462,0
785582,567,-48.48679,0
785592,567,-48.48679,0
785602,567,-48.48679,0
785612,569,-48.20571,0
785622,570,-48.06517,0
785632,567,-48.48679,0
785642,565,-48.76788,0
785652,565,-48.76788,0
785662,567,-48.48679,0
785672,571,-47.92462,0
785682,572,-47.78408,0
785692,568,-48.34624,0
785702,563,-49.04896,0
785712,577,-47.08138,0
785722,571,-47.92462,0
785732,569,-48.20571,0
785742,567,-48.48679,0
785752,573,-47.64355,0
785762,573,-47.64355,0
785772,574,-47.50301,0
785782,577,-47.08138,0
785792,578,-46.94083,0
785802,570,-48.06517,0
785812,576,-47.22192,0
785822,576,-47.22192,0
785832,570,-48.06517,0
785842,570,-48.06517,0
785852,574,-47.50301,0
785862,572,-47.78408,0
785872,573,-47.64355,0
785882,569,-48.20571,0
785892,563,-49.04896,0
785902,575,-47.36246,0
785912,564,-48.90842,0
785922,571,-47.92462,0
785932,579,-46.80029,0
785942,574,-47.50301,0
785952,567,-48.48679,0
785962,571,-47.92462,0
785972,570,-48.06517,0
785982,572,-47.78408,0
785992,571,-47.92462,0
786002,572,-47.78408,0
786012,568,-48.34624,0
786022,575,-47.36246,0
786032,567,-48.48679,0
786042,568,-48.34624,0
786052,570,-48.06517,0
786062,573,-47.64355,0
786072,571,-47.92462,0
786082,566,-48.62733,0
786092,570,-48.06517,0
786102,572,-47.78408,0
786112,572,-47.78408,0
786122,568,-48.34624,0
786132,572,-47.78408,0
786142,561,-49.33004,0
786152,566,-48.62733,0
786162,571,-47.92462,0
786172,568,-48.34624,0
786182,564,-48.90842,0
786192,565,-48.76788,0
786202,567,-48.48679,0
786212,566,-48.62733,0
786222,575,-47.36246,0
786232,566,-48.62733,0
786242,566,-48.62733,0
786252,573,-47.64355,0
786262,567,-48.48679,0
786272,566,-48.62733,0
786282,572,-47.78408,0
786292,567,-48.48679,0
786302,569,-48.20571,0
786312,573,-47.64355,0
786322,571,-47.92462,0
786332,564,-48.90842,0
786342,568,-48.34624,0
786352,569,-48.20571,0
786362,570,-48.06517,0
786372,566,-48.62733,0
786382,569,-48.20571,0
786392,568,-48.34624,0
786402,575,-47.36246,0
786412,573,-47.64355,0
786422,564,-48.90842,0
786432,570,-48.06517,0
786442,573,-47.64355,0
786452,578,-46.94083,0
786462,568,-48.34624,0
786472,568,-48.34624,0
786482,568,-48.34624,0
786492,571,-47.92462,0
786502,567,-48.48679,0
786512,574,-47.50301,0
786522,571,-47.92462,0
786532,575,-47.36246,0
786542,572,-47.78408,0
786552,568,-48.34624,0
786562,570,-48.06517,0
786572,572,-47.78408,0
786582,571,-47.92462,0
786592,568,-48.34624,0
786602,570,-48.06517,0
786612,564,-48.90842,0
786622,566,-48.62733,0
786632,570,-48.06517,0
786642,572,-47.78408,0
786652,567,-48.48679,0
786662,572,-47.78408,0
786672,564,-48.90842,0
786682,569,-48.20571,0
786692,565,-48.76788,0
786702,564,-48.90842,0
786712,568,-48.34624,0
786722,573,-47.64355,0
786732,573,-47.64355,0
786742,569,-48.20571,0
786752,573,-47.64355,0
786762,572,-47.78408,0
786772,567,-48.48679,0
786782,570,-48.06517,0
786792,571,-47.92462,0
786802,567,-48.48679,0
786812,570,-48.06517,0
786822,572,-47.78408,0
786832,570,-48.06517,0
786842,572,-47.78408,0
786852,568,-48.34624,0
786862,569,-48.20571,0
786872,573,-47.64355,0
786882,571,-47.92462,0
786892,572,-47.78408,0
786902,567,-48.48679,0
786912,570,-48.06517,0
786922,577,-47.08138,0
786932,570,-48.06517,0
786942,567,-48.48679,0
786952,573,-47.64355,0
786962,567,-48.48679,0
786972,570,-48.06517,0
786982,571,-47.92462,0
786992,566,-48.62733,0
787002,573,-47.64355,0
787012,570,-48.06517,0
787022,569,-48.20571,0
787032,573,-47.64355,0
787042,567,-48.48679,0
787052,571,-47.92462,0
787062,567,-48.48679,0
787072,567,-48.48679,0
787082,573,-47.64355,0
787092,565,-48.76788,0
787102,570,-48.06517,0
787112,569,-48.20571,0
787122,572,-47.78408,0
787132,573,-47.64355,0
787142,573,-47.64355,0
787152,569,-48.20571,0
787162,571,-47.92462,0
787172,568,-48.34624,0
787182,565,-48.76788,0
787192,570,-48.06517,0
787202,568,-48.34624,0
787212,564,-48.90842,0
787222,569,-48.20571,0
787232,578,-46.94083,0
787242,567,-48.48679,0
787252,571,-47.92462,0
787262,571,-47.92462,0
787272,567,-48.48679,0
787282,575,-47.36246,0
787292,568,-48.34624,0
787302,571,-47.92462,0
787312,569,-48.20571,0
787322,566,-48.62733,0
787332,569,-48.20571,0
787342,571,-47.92462,0
787352,575,-47.36246,0
787362,573,-47.64355,0
787372,569,-48.20571,0
787382,569,-48.20571,0
787392,572,-47.78408,0
787402,571,-47.92462,0
787412,565,-48.76788,0
787422,569,-48.20571,0
787432,568,-48.34624,0
787442,575,-47.36246,0
787452,567,-48.48679,0
787462,569,-48.20571,0
787472,575,-47.36246,0
787482,570,-48.06517,0
787492,571,-47.92462,0
787502,574,-47.50301,0
787512,573,-47.64355,0
787522,568,-48.34624,0
787532,567,-48.48679,0
787542,563,-49.04896,0
787552,569,-48.20571,0
787562,567,-48.48679,0
787572,571,-47.92462,0
787582,571,-47.92462,0
787592,572,-47.78408,0
787602,570,-48.06517,0
787612,570,-48.06517,0
787622,561,-49.33004,0
787632,565,-48.76788,0
787642,565,-48.76788,0
787652,571,-47.92462,0
787662,566,-48.62733,0
787672,567,-48.48679,0
787682,571,-47.92462,0
787692,566,-48.62733,0
787702,569,-48.20571,0
787712,571,-47.92462,0
787722,568,-48.34624,0
787732,573,-47.64355,0
787742,568,-48.34624,0
787752,575,-47.36246,0
787762,566,-48.62733,0
787772,573,-47.64355,0
787782,572,-47.78408,0
787792,570,-48.06517,0
787802,574,-47.50301,0
787812,575,-47.36246,0
787822,572,-47.78408,0
787832,569,-48.20571,0
787842,569,-48.20571,0
787852,570,-48.06517,0
787862,566,-48.62733,0
787872,571,-47.92462,0
787882,572,-47.78408,0
787892,571,-47.92462,0
787902,566,-48.62733,0
787912,570,-48.06517,0
787922,570,-48.06517,0
787932,572,-47.78408,0
787942,569,-48.20571,0
787952,564,-48.90842,0
787962,570,-48.06517,0
787972,568,-48.34624,0
787982,572,-47.78408,0
787992,569,-48.20571,0
788002,575,-47.36246,0
788012,572,-47.78408,0
788022,571,-47.92462,0
788032,573,-47.64355,0
788042,574,-47.50301,0
788052,574,-47.50301,0
788062,571,-47.92462,0
788072,573,-47.64355,0
788082,566,-48.62733,0
788092,575,-47.36246,0
788102,571,-47.92462,0
788112,571,-47.92462,0
788122,573,-47.64355,0
788132,569,-48.20571,0
788142,574,-47.50301,0
788152,570,-48.06517,0
788162,572,-47.78408,0
788172,573,-47.64355,0
788182,573,-47.64355,0
788192,574,-47.50301,0
788202,564,-48.90842,0
788212,572,-47.78408,0
788222,573,-47.64355,0
788232,573,-47.64355,0
788242,574,-47.50301,0
788252,571,-47.92462,0
788262,571,-47.92462,0
788272,575,-47.36246,0
788282,570,-48.06517,0
788292,574,-47.50301,0
788302,572,-47.78408,0
788312,571,-47.92462,0
788322,579,-46.80029,0
788332,576,-47.22192,0
788342,575,-47.36246,0
788352,575,-47.36246,0
788362,573,-47.64355,0
788372,574,-47.50301,0
788382,576,-47.22192,0
788392,569,-48.20571,0
788402,563,-49.04896,0
788412,571,-47.92462,0
788422,570,-48.06517,0
788432,570,-48.06517,0
788442,571,-47.92462,0
788452,571,-47.92462,0
788462,571,-47.92462,0
788472,570,-48.06517,0
788482,576,-47.22192,0
788492,571,-47.92462,0
788502,563,-49.04896,0
788512,570,-48.06517,0
788522,573,-47.64355,0
788532,573,-47.64355,0
788542,577,-47.08138,0
788552,577,-47.08138,0
788562,570,-48.06517,0
788572,577,-47.08138,0
788582,569,-48.20571,0
788592,573,-47.64355,0
788602,576,-47.22192,0
788612,575,-47.36246,0
788622,577,-47.08138,0
788632,570,-48.06517,0
788642,567,-48.48679,0
788652,572,-47.78408,0
788662,573,-47.64355,0
788672,573,-47.64355,0
788682,578,-46.94083,0
788692,568,-48.34624,0
788702,573,-47.64355,0
788712,574,-47.50301,0
788722,575,-47.36246,0
788732,571,-47.92462,0
788742,571,-47.92462,0
788752,575,-47.36246,0
788762,574,-47.50301,0
788772,574,-47.50301,0
788782,572,-47.78408,0
788792,574,-47.50301,0
788802,569,-48.20571,0
788812,574,-47.50301,0
788822,581,-46.51921,0
788832,573,-47.64355,0
788842,575,-47.36246,0
788852,575,-47.36246,0
788862,570,-48.06517,0
788872,571,-47.92462,0
788882,579,-46.80029,0
788892,577,-47.08138,0
788902,572,-47.78408,0
788912,570,-48.06517,0
788922,572,-47.78408,0
788932,566,-48.62733,0
788942,570,-48.06517,0
788952,570,-48.06517,0
788962,574,-47.50301,0
788972,575,-47.36246,0
788982,570,-48.06517,0
788992,576,-47.22192,0
789002,579,-46.80029,0
789012,571,-47.92462,0
789022,577,-47.08138,0
789032,572,-47.78408,0
789042,572,-47.78408,0
789052,567,-48.48679,0
789062,573,-47.64355,0
789072,571,-47.92462,0
789082,575,-47.36246,0
789092,567,-48.48679,0
789102,575,-47.36246,0
789112,574,-47.50301,0
789122,573,-47.64355,0
789132,571,-47.92462,0
789142,573,-47.64355,0
789152,572,-47.78408,0
789162,572,-47.78408,0
789172,567,-48.48679,0
789182,569,-48.20571,0
789192,572,-47.78408,0
789202,572,-47.78408,0
789212,576,-47.22192,0
789222,573,-47.64355,0
789232,574,-47.50301,0
789242,571,-47.92462,0
789252,573,-47.64355,0
789262,569,-48.20571,0
789272,572,-47.78408,0
789282,573,-47.64355,0
789292,571,-47.92462,0
789302,568,-48.34624,0
789312,570,-48.06517,0
789322,575,-47.36246,0
789332,574,-47.50301,0
789342,576,-47.22192,0
789352,571,-47.92462,0
789362,574,-47.50301,0
789372,574,-47.50301,0
789382,569,-48.20571,0
789392,571,-47.92462,0
789402,572,-47.78408,0
789412,573,-47.64355,0
789422,580,-46.65975,0
789432,569,-48.20571,0
789442,571,-47.92462,0
789452,573,-47.64355,0
789462,573,-47.64355,0
789472,577,-47.08138,0
789482,575,-47.36246,0
789492,573,-47.64355,0
789502,575,-47.36246,0
789512,570,-48.06517,0
789522,571,-47.92462,0
789532,564,-48.90842,0
789542,571,-47.92462,0
789552,576,-47.22192,0
789562,568,-48.34624,0
789572,576,-47.22192,0
789582,575,-47.36246,0
789592,577,-47.08138,0
789602,567,-48.48679,0
789612,571,-47.92462,0
789622,575,-47.36246,0
789632,570,-48.06517,0
789642,573,-47.64355,0
789652,572,-47.78408,0
789662,576,-47.22192,0
789672,575,-47.36246,0
789682,571,-47.92462,0
789692,570,-48.06517,0
789702,582,-46.37866,0
789712,568,-48.34624,0
789722,570,-48.06517,0
789732,572,-47.78408,0
789742,568,-48.34624,0
789752,581,-46.51921,0
789762,574,-47.50301,0
789772,569,-48.20571,0
789782,571,-47.92462,0
789792,575,-47.36246,0
789802,571,-47.92462,0
789812,577,-47.08138,0
789822,571,-47.92462,0
789832,578,-46.94083,0
789842,567,-48.48679,0
789852,572,-47.78408,0
789862,573,-47.64355,0
789872,570,-48.06517,0
789882,573,-47.64355,0
789892,577,-47.08138,0
789902,573,-47.64355,0
789912,564,-48.90842,0
789922,576,-47.22192,0
789932,578,-46.94083,0
789942,574,-47.50301,0
789952,575,-47.36246,0
789962,570,-48.06517,0
789972,574,-47.50301,0
789982,584,-46.09759,0
789992,576,-47.22192,0
790002,587,-45.67596,0
790012,575,-47.36246,0
790022,576,-47.22192,0
790032,570,-48.06517,0
790042,580,-46.65975,0
790052,573,-47.64355,0
790062,575,-47.36246,0
790072,576,-47.22192,0
790082,572,-47.78408,0
790092,574,-47.50301,0
790102,573,-47.64355,0
790112,572,-47.78408,0
790122,572,-47.78408,0
790132,571,-47.92462,0
790142,577,-47.08138,0
790152,572,-47.78408,0
790162,574,-47.50301,0
790172,572,-47.78408,0
790182,573,-47.64355,0
790192,574,-47.50301,0
790202,585,-45.95705,0
790212,576,-47.22192,0
790222,571,-47.92462,0
790232,574,-47.50301,0
790242,572,-47.78408,0
790252,576,-47.22192,0
790262,574,-47.50301,0
790272,578,-46.94083,0
790282,576,-47.22192,0
790292,576,-47.22192,0
790302,576,-47.22192,0
790312,569,-48.20571,0
790322,570,-48.06517,0
790332,570,-48.06517,0
790342,578,-46.94083,0
790352,567,-48.48679,0
790362,574,-47.50301,0
790372,572,-47.78408,0
790382,577,-47.08138,0
790392,576,-47.22192,0
790402,572,-47.78408,0
790412,577,-47.08138,0
790422,572,-47.78408,0
790432,576,-47.22192,0
790442,574,-47.50301,0
790452,571,-47.92462,0
790462,574,-47.50301,0
790472,573,-47.64355,0
790482,573,-47.64355,0
790492,574,-47.50301,0
790502,574,-47.50301,0
790512,576,-47.22192,0
790522,572,-47.78408,0
790532,578,-46.94083,0
790542,580,-46.65975,0
790552,575,-47.36246,0
790562,570,-48.06517,0
790572,574,-47.50301,0
790582,573,-47.64355,0
790592,569,-48.20571,0
790602,572,-47.78408,0
790612,577,-47.08138,0
790622,571,-47.92462,0
790632,573,-47.64355,0
790642,569,-48.20571,0
790652,577,-47.08138,0
790662,576,-47.22192,0
790672,577,-47.08138,0
790682,575,-47.36246,0
790692,578,-46.94083,0
790702,578,-46.94083,0
790712,573,-47.64355,0
790722,580,-46.65975,0
790732,577,-47.08138,0
790742,573,-47.64355,0
790752,573,-47.64355,0
790762,574,-47.50301,0
790772,575,-47.36246,0
790782,573,-47.64355,0
790792,577,-47.08138,0
790802,572,-47.78408,0
790812,572,-47.78408,0
790822,574,-47.50301,0
790832,571,-47.92462,0
790842,576,-47.22192,0
790852,570,-48.06517,0
790862,573,-47.64355,0
790872,572,-47.78408,0
790882,577,-47.08138,0
790892,574,-47.50301,0
790902,575,-47.36246,0
790912,582,-46.37866,0
790922,575,-47.36246,0
790932,577,-47.08138,0
790942,581,-46.51921,0
790952,574,-47.50301,0
790962,574,-47.50301,0
790972,573,-47.64355,0
790982,580,-46.65975,0
790992,573,-47.64355,0
791002,578,-46.94083,0
791012,577,-47.08138,0
791022,573,-47.64355,0
791032,574,-47.50301,0
791042,571,-47.92462,0
791052,575,-47.36246,0
791062,577,-47.08138,0
791072,572,-47.78408,0
791082,574,-47.50301,0
791092,573,-47.64355,0
791102,571,-47.92462,0
791112,572,-47.78408,0
791122,574,-47.50301,0
791132,577,-47.08138,0
791142,577,-47.08138,0
791152,574,-47.50301,0
791162,574,-47.50301,0
791172,577,-47.08138,0
791182,572,-47.78408,0
791192,574,-47.50301,0
791202,573,-47.64355,0
791212,579,-46.80029,0
791222,582,-46.37866,0
791232,577,-47.08138,0
791242,580,-46.65975,0
791252,576,-47.22192,0
791262,575,-47.36246,0
791272,578,-46.94083,0
791282,573,-47.64355,0
791292,578,-46.94083,0
791302,575,-47.36246,0
791312,575,-47.36246,0
791322,573,-47.64355,0
791332,576,-47.22192,0
791342,578,-46.94083,0
791352,574,-47.50301,0
791362,576,-47.22192,0
791372,581,-46.51921,0
791382,577,-47.08138,0
791392,574,-47.50301,0
791402,577,-47.08138,0
791412,574,-47.50301,0
791422,576,-47.22192,0
791432,580,-46.65975,0
791442,574,-47.50301,0
791452,582,-46.37866,0
791462,578,-46.94083,0
791472,576,-47.22192,0
791482,577,-47.08138,0
791492,578,-46.94083,0
791502,570,-48.06517,0
791512,576,-47.22192,0
791522,570,-48.06517,0
791532,575,-47.36246,0
791542,574,-47.50301,0
791552,577,-47.08138,0
791562,577,-47.08138,0
791572,578,-46.94083,0
791582,574,-47.50301,0
791592,563,-49.04896,0
791602,575,-47.36246,0
791612,571,-47.92462,0
791622,570,-48.06517,0
791632,577,-47.08138,0
791642,579,-46.80029,0
791652,578,-46.94083,0
791662,584,-46.09759,0
791672,576,-47.22192,0
791682,576,-47.22192,0
791692,579,-46.80029,0
791702,580,-46.65975,0
791712,572,-47.78408,0
791722,578,-46.94083,0
791732,572,-47.78408,0
791742,575,-47.36246,0
791752,577,-47.08138,0
791762,575,-47.36246,0
791772,578,-46.94083,0
791782,576,-47.22192,0
791792,575,-47.36246,0
791802,578,-46.94083,0
791812,576,-47.22192,0
791822,575,-47.36246,0
791832,579,-46.80029,0
791842,577,-47.08138,0
791852,575,-47.36246,0
791862,577,-47.08138,0
791872,575,-47.36246,0
791882,576,-47.22192,0
791892,576,-47.22192,0
791902,574,-47.50301,0
791912,578,-46.94083,0
791922,579,-46.80029,0
791932,577,-47.08138,0
791942,575,-47.36246,0
791952,579,-46.80029,0
791962,578,-46.94083,0
791972,573,-47.64355,0
791982,574,-47.50301,0
791992,575,-47.36246,0
792002,581,-46.51921,0
792012,578,-46.94083,0
792022,578,-46.94083,0
792032,578,-46.94083,0
792042,569,-48.20571,0
792052,576,-47.22192,0
792062,577,-47.08138,0
792072,568,-48.34624,0
792082,575,-47.36246,0
792092,572,-47.78408,0
792102,578,-46.94083,0
792112,576,-47.22192,0
792122,578,-46.94083,0
792132,580,-46.65975,0
792142,571,-47.92462,0
792152,571,-47.92462,0
792162,573,-47.64355,0
792172,578,-46.94083,0
792182,576,-47.22192,0
792192,572,-47.78408,0
792202,578,-46.94083,0
792212,583,-46.23813,0
792222,577,-47.08138,0
792232,576,-47.22192,0
792242,572,-47.78408,0
792252,575,-47.36246,0
792262,578,-46.94083,0
792272,577,-47.08138,0
792282,579,-46.80029,0
792292,575,-47.36246,0
792302,579,-46.80029,0
792312,576,-47.22192,0
792322,581,-46.51921,0
792332,578,-46.94083,0
792342,585,-45.95705,0
792352,576,-47.22192,0
792362,580,-46.65975,0
792372,575,-47.36246,0
792382,575,-47.36246,0
792392,582,-46.37866,0
792402,577,-47.08138,0
792412,580,-46.65975,0
792422,578,-46.94083,0
792432,580,-46.65975,0
792442,583,-46.23813,0
792452,579,-46.80029,0
792462,575,-47.36246,0
792472,571,-47.92462,0
792482,577,-47.08138,0
792492,575,-47.36246,0
792502,582,-46.37866,0
792512,578,-46.94083,0
792522,574,-47.50301,0
792532,577,-47.08138,0
792542,570,-48.06517,0
792552,586,-45.8165,0
792562,575,-47.36246,0
792572,575,-47.36246,0
792582,576,-47.22192,0
792592,578,-46.94083,0
792602,579,-46.80029,0
792612,580,-46.65975,0
792622,574,-47.50301,0
792632,573,-47.64355,0
792642,579,-46.80029,0
792652,580,-46.65975,0
792662,576,-47.22192,0
792672,579,-46.80029,0
792682,577,-47.08138,0
792692,578,-46.94083,0
792702,584,-46.09759,0
792712,573,-47.64355,0
792722,582,-46.37866,0
792732,576,-47.22192,0
792742,579,-46.80029,0
792752,576,-47.22192,0
792762,581,-46.51921,0
792772,587,-45.67596,0
792782,575,-47.36246,0
792792,581,-46.51921,0
792802,578,-46.94083,0
792812,579,-46.80029,0
792822,579,-46.80029,0
792832,581,-46.51921,0
792842,581,-46.51921,0
792852,574,-47.50301,0
792862,577,-47.08138,0
792872,573,-47.64355,0
792882,578,-46.94083,0
792892,574,-47.50301,0
792902,577,-47.08138,0
792912,578,-46.94083,0
792922,575,-47.36246,0
792932,578,-46.94083,0
792942,576,-47.22192,0
792952,574,-47.50301,0
792962,572,-47.78408,0
792972,579,-46.80029,0
792982,581,-46.51921,0
792992,576,-47.22192,0
793002,583,-46.23813,0
793012,577,-47.08138,0
793022,581,-46.51921,0
793032,572,-47.78408,0
793042,575,-47.36246,0
793052,572,-47.78408,0
793062,577,-47.08138,0
793072,579,-46.80029,0
793082,578,-46.94083,0
793092,575,-47.36246,0
793102,580,-46.65975,0
793112,575,-47.36246,0
793122,572,-47.78408,0
793132,575,-47.36246,0
793142,574,-47.50301,0
793152,574,-47.50301,0
793162,575,-47.36246,0
793172,574,-47.50301,0
793182,581,-46.51921,0
793192,576,-47.22192,0
793202,581,-46.51921,0
793212,579,-46.80029,0
793222,583,-46.23813,0
793232,578,-46.94083,0
793242,574,-47.50301,0
793252,585,-45.95705,0
793262,576,-47.22192,0
793272,579,-46.80029,0
793282,578,-46.94083,0
793292,574,-47.50301,0
793302,577,-47.08138,0
793312,574,-47.50301,0
793322,586,-45.8165,0
793332,574,-47.50301,0
793342,569,-48.20571,0
793352,576,-47.22192,0
793362,582,-46.37866,0
793372,577,-47.08138,0
793382,575,-47.36246,0
793392,580,-46.65975,0
793402,576,-47.22192,0
793412,574,-47.50301,0
793422,573,-47.64355,0
793432,574,-47.50301,0
793442,580,-46.65975,0
793452,577,-47.08138,0
793462,573,-47.64355,0
793472,577,-47.08138,0
793482,580,-46.65975,0
793492,573,-47.64355,0
793502,575,-47.36246,0
793512,572,-47.78408,0
793522,579,-46.80029,0
793532,580,-46.65975,0
793542,577,-47.08138,0
793552,580,-46.65975,0
793562,576,-47.22192,0
793572,577,-47.08138,0
793582,576,-47.22192,0
793592,569,-48.20571,0
793602,576,-47.22192,0
793612,576,-47.22192,0
793622,582,-46.37866,0
793632,575,-47.36246,0
793642,579,-46.80029,0
793652,578,-46.94083,0
793662,574,-47.50301,0
793672,578,-46.94083,0
793682,576,-47.22192,0
793692,576,-47.22192,0
793702,578,-46.94083,0
793712,581,-46.51921,0
793722,574,-47.50301,0
793732,574,-47.50301,0
793742,580,-46.65975,0
793752,578,-46.94083,0
793762,579,-46.80029,0
793772,581,-46.51921,0
793782,577,-47.08138,0
793792,576,-47.22192,0
793802,574,-47.50301,0
793812,575,-47.36246,0
793822,583,-46.23813,0
793832,574,-47.50301,0
793842,579,-46.80029,0
793852,575,-47.36246,0
793862,571,-47.92462,0
793872,581,-46.51921,0
793882,579,-46.80029,0
793892,588,-45.53542,0
793902,575,-47.36246,0
793912,578,-46.94083,0
793922,582,-46.37866,0
793932,577,-47.08138,0
793942,582,-46.37866,0
793952,577,-47.08138,0
793962,575,-47.36246,0
793972,581,-46.51921,0
793982,583,-46.23813,0
793992,575,-47.36246,0
794002,576,-47.22192,0
794012,576,-47.22192,0
794022,579,-46.80029,0
794032,577,-47.08138,0
794042,577,-47.08138,0
794052,577,-47.08138,0
794062,571,-47.92462,0
794072,582,-46.37866,0
794082,584,-46.09759,0
794092,576,-47.22192,0
794102,575,-47.36246,0
794112,573,-47.64355,0
794122,574,-47.50301,0
794132,579,-46.80029,0
794142,578,-46.94083,0
794152,580,-46.65975,0
794162,581,-46.51921,0
794172,577,-47.08138,0
794182,576,-47.22192,0
794192,580,-46.65975,0
794202,579,-46.80029,0
794212,585,-45.95705,0
794222,581,-46.51921,0
794232,580,-46.65975,0
794242,580,-46.65975,0
794252,582,-46.37866,0
794262,577,-47.08138,0
794272,576,-47.22192,0
794282,580,-46.65975,0
794292,577,-47.08138,0
794302,587,-45.67596,0
794312,580,-46.65975,0
794322,575,-47.36246,0
794332,578,-46.94083,0
794342,579,-46.80029,0
794352,577,-47.08138,0
794362,575,-47.36246,0
794372,583,-46.23813,0
794382,574,-47.50301,0
794392,578,-46.94083,0
794402,580,-46.65975,0
794412,579,-46.80029,0
794422,581,-46.51921,0
794432,571,-47.92462,0
794442,580,-46.65975,0
794452,580,-46.65975,0
794462,578,-46.94083,0
794472,577,-47.08138,0
794482,581,-46.51921,0
794492,582,-46.37866,0
794502,580,-46.65975,0
794512,581,-46.51921,0
794522,581,-46.51921,0
794532,583,-46.23813,0
794542,578,-46.94083,0
794552,572,-47.78408,0
794562,585,-45.95705,0
794572,576,-47.22192,0
794582,580,-46.65975,0
794592,579,-46.80029,0
794602,577,-47.08138,0
794612,582,-46.37866,0
794622,581,-46.51921,0
794632,577,-47.08138,0
794642,579,-46.80029,0
794652,580,-46.65975,0
794662,577,-47.08138,0
794672,579,-46.80029,0
794682,579,-46.80029,0
794692,578,-46.94083,0
794702,578,-46.94083,0
794712,578,-46.94083,0
794722,582,-46.37866,0
794732,580,-46.65975,0
794742,577,-47.08138,0
794752,573,-47.64355,0
794762,583,-46.23813,0
794772,578,-46.94083,0
794782,578,-46.94083,0
794792,578,-46.94083,0
794802,584,-46.09759,0
794812,579,-46.80029,0
794822,580,-46.65975,0
794832,579,-46.80029,0
794842,577,-47.08138,0
794852,575,-47.36246,0
794862,582,-46.37866,0
794872,582,-46.37866,0
794882,578,-46.94083,0
794892,581,-46.51921,0
794902,577,-47.08138,0
794912,583,-46.23813,0
794922,575,-47.36246,0
794932,577,-47.08138,0
794942,577,-47.08138,0
794952,575,-47.36246,0
794962,580,-46.65975,0
794972,576,-47.22192,0
794982,585,-45.95705,0
794992,580,-46.65975,0
795002,582,-46.37866,0
795012,581,-46.51921,0
795022,580,-46.65975,0
795032,583,-46.23813,0
795042,583,-46.23813,0
795052,579,-46.80029,0
795062,578,-46.94083,0
795072,575,-47.36246,0
795082,576,-47.22192,0
795092,580,-46.65975,0
795102,579,-46.80029,0
795112,579,-46.80029,0
795122,579,-46.80029,0
795132,577,-47.08138,0
795142,583,-46.23813,0
795152,576,-47.22192,0
795162,585,-45.95705,0
795172,581,-46.51921,0
795182,581,-46.51921,0
795192,580,-46.65975,0
795202,582,-46.37866,0
795212,583,-46.23813,0
795222,587,-45.67596,0
795232,582,-46.37866,0
795242,581,-46.51921,0
795252,580,-46.65975,0
795262,576,-47.22192,0
795272,578,-46.94083,0
795282,577,-47.08138,0
795292,578,-46.94083,0
795302,575,-47.36246,0
795312,578,-46.94083,0
795322,583,-46.23813,0
795332,579,-46.80029,0
795342,582,-46.37866,0
795352,586,-45.8165,0
795362,581,-46.51921,0
795372,583,-46.23813,0
795382,576,-47.22192,0
795392,582,-46.37866,0
795402,573,-47.64355,0
795412,585,-45.95705,0
795422,582,-46.37866,0
795432,573,-47.64355,0
795442,576,-47.22192,0
795452,578,-46.94083,0
795462,578,-46.94083,0
795472,578,-46.94083,0
795482,584,-46.09759,0
795492,576,-47.22192,0
795502,577,-47.08138,0
795512,578,-46.94083,0
795522,576,-47.22192,0
795532,581,-46.51921,0
795542,576,-47.22192,0
795552,581,-46.51921,0
795562,579,-46.80029,0
795572,588,-45.53542,0
795582,578,-46.94083,0
795592,582,-46.37866,0
795602,584,-46.09759,0
795612,584,-46.09759,0
795622,586,-45.8165,0
795632,575,-47.36246,0
795642,576,-47.22192,0
795652,582,-46.37866,0
795662,578,-46.94083,0
795672,577,-47.08138,0
795682,581,-46.51921,0
795692,579,-46.80029,0
795702,582,-46.37866,0
795712,584,-46.09759,0
795722,578,-46.94083,0
795732,578,-46.94083,0
795742,572,-47.78408,0
795752,584,-46.09759,0
795762,573,-47.64355,0
795772,582,-46.37866,0
795782,580,-46.65975,0
795792,575,-47.36246,0
795802,581,-46.51921,0
795812,585,-45.95705,0
795822,578,-46.94083,0
795832,582,-46.37866,0
795842,584,-46.09759,0
795852,575,-47.36246,0
795862,577,-47.08138,0
795872,583,-46.23813,0
795882,579,-46.80029,0
795892,582,-46.37866,0
795902,577,-47.08138,0
795912,588,-45.53542,0
795922,579,-46.80029,0
795932,585,-45.95705,0
795942,583,-46.23813,0
795952,583,-46.23813,0
795962,577,-47.08138,0
795972,579,-46.80029,0
795982,581,-46.51921,0
795992,580,-46.65975,0
796002,584,-46.09759,0
796012,575,-47.36246,0
796022,578,-46.94083,0
796032,574,-47.50301,0
796042,576,-47.22192,0
796052,575,-47.36246,0
796062,576,-47.22192,0
796072,575,-47.36246,0
796082,581,-46.51921,0
796092,580,-46.65975,0
796102,582,-46.37866,0
796112,585,-45.95705,0
796122,574,-47.50301,0
796132,581,-46.51921,0
796142,579,-46.80029,0
796152,579,-46.80029,0
796162,581,-46.51921,0
796172,583,-46.23813,0
796182,583,-46.23813,0
796192,578,-46.94083,0
796202,583,-46.23813,0
796212,585,-45.95705,0
796222,578,-46.94083,0
796232,585,-45.95705,0
796242,586,-45.8165,0
796252,575,-47.36246,0
796262,580,-46.65975,0
796272,587,-45.67596,0
796282,580,-46.65975,0
796292,578,-46.94083,0
796302,583,-46.23813,0
796312,580,-46.65975,0
796322,583,-46.23813,0
796332,578,-46.94083,0
796342,583,-46.23813,0
796352,579,-46.80029,0
796362,585,-45.95705,0
796372,580,-46.65975,0
796382,586,-45.8165,0
796392,578,-46.94083,0
796402,579,-46.80029,0
796412,582,-46.37866,0
796422,577,-47.08138,0
796432,586,-45.8165,0
796442,577,-47.08138,0
796452,579,-46.80029,0
796462,575,-47.36246,0
796472,585,-45.95705,0
796482,583,-46.23813,0
796492,578,-46.94083,0
796502,583,-46.23813,0
796512,583,-46.23813,0
796522,579,-46.80029,0
796532,584,-46.09759,0
796542,580,-46.65975,0
796552,575,-47.36246,0
796562,577,-47.08138,0
796572,580,-46.65975,0
796582,585,-45.95705,0
796592,580,-46.65975,0
796602,588,-45.53542,0
796612,586,-45.8165,0
796622,577,-47.08138,0
796632,578,-46.94083,0
796642,583,-46.23813,0
796652,581,-46.51921,0
796662,584,-46.09759,0
796672,579,-46.80029,0
796682,581,-46.51921,0
796692,580,-46.65975,0
796702,579,-46.80029,0
796712,579,-46.80029,0
796722,579,-46.80029,0
796732,577,-47.08138,0
796742,578,-46.94083,0
796752,580,-46.65975,0
796762,581,-46.51921,0
796772,585,-45.95705,0
796782,584,-46.09759,0
796792,575,-47.36246,0
796802,580,-46.65975,0
796812,579,-46.80029,0
796822,581,-46.51921,0
796832,582,-46.37866,0
796842,584,-46.09759,0
796852,585,-45.95705,0
796862,583,-46.23813,0
796872,581,-46.51921,0
796882,582,-46.37866,0
796892,577,-47.08138,0
796902,575,-47.36246,0
796912,579,-46.80029,0
796922,580,-46.65975,0
796932,581,-46.51921,0
796942,579,-46.80029,0
796952,577,-47.08138,0
796962,582,-46.37866,0
796972,582,-46.37866,0
796982,590,-45.25434,0
796992,582,-46.37866,0
797002,582,-46.37866,0
797012,585,-45.95705,0
797022,581,-46.51921,0
797032,580,-46.65975,0
797042,582,-46.37866,0
797052,581,-46.51921,0
797062,581,-46.51921,0
797072,581,-46.51921,0
797082,585,-45.95705,0
797092,587,-45.67596,0
797102,577,-47.08138,0
797112,584,-46.09759,0
797122,584,-46.09759,0
797132,583,-46.23813,0
797142,583,-46.23813,0
797152,579,-46.80029,0
797162,583,-46.23813,0
797172,579,-46.80029,0
797182,590,-45.25434,0
797192,580,-46.65975,0
797202,582,-46.37866,0
797212,582,-46.37866,0
797222,581,-46.51921,0
797232,582,-46.37866,0
797242,580,-46.65975,0
797252,586,-45.8165,0
797262,580,-46.65975,0
797272,578,-46.94083,0
797282,585,-45.95705,0
797292,581,-46.51921,0
797302,583,-46.23813,0
797312,580,-46.65975,0
797322,579,-46.80029,0
797332,583,-46.23813,0
797342,581,-46.51921,0
797352,583,-46.23813,0
797362,584,-46.09759,0
797372,581,-46.51921,0
797382,584,-46.09759,0
797392,585,-45.95705,0
797402,586,-45.8165,0
797412,587,-45.67596,0
797422,582,-46.37866,0
797432,587,-45.67596,0
797442,582,-46.37866,0
797452,578,-46.94083,0
797462,586,-45.8165,0
797472,586,-45.8165,0
797482,582,-46.37866,0
797492,578,-46.94083,0
797502,582,-46.37866,0
797512,583,-46.23813,0
797522,583,-46.23813,0
797532,583,-46.23813,0
797542,578,-46.94083,0
797552,579,-46.80029,0
797562,582,-46.37866,0
797572,581,-46.51921,0
797582,586,-45.8165,0
797592,584,-46.09759,0
797602,579,-46.80029,0
797612,583,-46.23813,0
797622,579,-46.80029,0
797632,582,-46.37866,0
797642,586,-45.8165,0
797652,583,-46.23813,0
797662,582,-46.37866,0
797672,581,-46.51921,0
797682,583,-46.23813,0
797692,583,-46.23813,0
797702,582,-46.37866,0
797712,589,-45.39487,0
797722,585,-45.95705,0
797732,580,-46.65975,0
797742,577,-47.08138,0
797752,585,-45.95705,0
797762,582,-46.37866,0
797772,584,-46.09759,0
797782,581,-46.51921,0
797792,580,-46.65975,0
797802,588,-45.53542,0
797812,580,-46.65975,0
797822,588,-45.53542,0
797832,581,-46.51921,0
797842,585,-45.95705,0
797852,580,-46.65975,0
797862,585,-45.95705,0
797872,575,-47.36246,0
797882,582,-46.37866,0
797892,584,-46.09759,0
797902,581,-46.51921,0
797912,590,-45.25434,0
797922,583,-46.23813,0
797932,580,-46.65975,0
797942,583,-46.23813,0
797952,584,-46.09759,0
797962,584,-46.09759,0
797972,581,-46.51921,0
797982,584,-46.09759,0
797992,581,-46.51921,0
798002,581,-46.51921,0
798012,583,-46.23813,0
798022,583,-46.23813,0
798032,584,-46.09759,0
798042,579,-46.80029,0
798052,579,-46.80029,0
798062,587,-45.67596,0
798072,582,-46.37866,0
798082,583,-46.23813,0
798092,580,-46.65975,0
798102,582,-46.37866,0
798112,586,-45.8165,0
798122,581,-46.51921,0
798132,581,-46.51921,0
798142,578,-46.94083,0
798152,585,-45.95705,0
798162,583,-46.23813,0
798172,583,-46.23813,0
798182,585,-45.95705,0
798192,582,-46.37866,0
798202,584,-46.09759,0
798212,580,-46.65975,0
798222,582,-46.37866,0
798232,587,-45.67596,0
798242,581,-46.51921,0
798252,584,-46.09759,0
798262,581,-46.51921,0
798272,580,-46.65975,0
798282,578,-46.94083,0
798292,585,-45.95705,0
798302,576,-47.22192,0
798312,581,-46.51921,0
798322,583,-46.23813,0
798332,581,-46.51921,0
798342,583,-46.23813,0
798352,585,-45.95705,0
798362,584,-46.09759,0
798372,587,-45.67596,0
798382,582,-46.37866,0
798392,585,-45.95705,0
798402,580,-46.65975,0
798412,583,-46.23813,0
798422,588,-45.53542,0
798432,584,-46.09759,0
798442,585,-45.95705,0
798452,582,-46.37866,0
798462,580,-46.65975,0
798472,584,-46.09759,0
798482,586,-45.8165,0
798492,583,-46.23813,0
798502,582,-46.37866,0
798512,576,-47.22192,0
798522,578,-46.94083,0
798532,581,-46.51921,0
798542,581,-46.51921,0
798552,582,-46.37866,0
798562,588,-45.53542,0
798572,582,-46.37866,0
798582,585,-45.95705,0
798592,589,-45.39487,0
798602,581,-46.51921,0
798612,584,-46.09759,0
798622,580,-46.65975,0
798632,577,-47.08138,0
798642,587,-45.67596,0
798652,587,-45.67596,0
798662,586,-45.8165,0
798672,587,-45.67596,0
798682,580,-46.65975,0
798692,585,-45.95705,0
798702,588,-45.53542,0
798712,586,-45.8165,0
798722,579,-46.80029,0
798732,580,-46.65975,0
798742,577,-47.08138,0
798752,583,-46.23813,0
798762,579,-46.80029,0
798772,585,-45.95705,0
798782,583,-46.23813,0
798792,581,-46.51921,0
798802,577,-47.08138,0
798812,581,-46.51921,0
798822,587,-45.67596,0
798832,587,-45.67596,0
798842,586,-45.8165,0
798852,583,-46.23813,0
798862,583,-46.23813,0
798872,580,-46.65975,0
798882,589,-45.39487,0
798892,588,-45.53542,0
798902,588,-45.53542,0
798912,581,-46.51921,0
798922,585,-45.95705,0
798932,583,-46.23813,0
798942,582,-46.37866,0
798952,582,-46.37866,0
798962,582,-46.37866,0
798972,587,-45.67596,0
798982,579,-46.80029,0
798992,589,-45.39487,0
799002,575,-47.36246,0
799012,583,-46.23813,0
799022,585,-45.95705,0
799032,587,-45.67596,0
799042,582,-46.37866,0
799052,583,-46.23813,0
799062,581,-46.51921,0
799072,590,-45.25434,0
799082,586,-45.8165,0
799092,581,-46.51921,0
799102,589,-45.39487,0
799112,584,-46.09759,0
799122,587,-45.67596,0
799132,584,-46.09759,0
799142,581,-46.51921,0
799152,588,-45.53542,0
799162,582,-46.37866,0
799172,582,-46.37866,0
799182,584,-46.09759,0
799192,584,-46.09759,0
799202,581,-46.51921,0
799212,581,-46.51921,0
799222,583,-46.23813,0
799232,579,-46.80029,0
799242,584,-46.09759,0
799252,584,-46.09759,0
799262,586,-45.8165,0
799272,582,-46.37866,0
799282,590,-45.25434,0
799292,592,-44.97325,0
799302,586,-45.8165,0
799312,587,-45.67596,0
799322,585,-45.95705,0
799332,583,-46.23813,0
799342,583,-46.23813,0
799352,584,-46.09759,0
799362,585,-45.95705,0
799372,585,-45.95705,0
799382,583,-46.23813,0
799392,586,-45.8165,0
799402,584,-46.09759,0
799412,574,-47.50301,0
799422,583,-46.23813,0
799432,580,-46.65975,0
799442,580,-46.65975,0
799452,581,-46.51921,0
799462,589,-45.39487,0
799472,586,-45.8165,0
799482,584,-46.09759,0
799492,581,-46.51921,0
799502,588,-45.53542,0
799512,588,-45.53542,0
799522,586,-45.8165,0
799532,581,-46.51921,0
799542,588,-45.53542,0
799552,590,-45.25434,0
799562,582,-46.37866,0
799572,585,-45.95705,0
799582,582,-46.37866,0
799592,587,-45.67596,0
799602,584,-46.09759,0
799612,580,-46.65975,0
799622,579,-46.80029,0
799632,582,-46.37866,0
799642,587,-45.67596,0
799652,587,-45.67596,0
799662,584,-46.09759,0
799672,585,-45.95705,0
799682,583,-46.23813,0
799692,586,-45.8165,0
799702,582,-46.37866,0
799712,587,-45.67596,0
799722,581,-46.51921,0
799732,586,-45.8165,0
799742,591,-45.11379,0
799752,588,-45.53542,0
799762,582,-46.37866,0
799772,585,-45.95705,0
799782,589,-45.39487,0
799792,587,-45.67596,0
799802,584,-46.09759,0
799812,589,-45.39487,0
799822,588,-45.53542,0
799832,585,-45.95705,0
799842,584,-46.09759,0
799852,579,-46.80029,0
799862,588,-45.53542,0
799872,583,-46.23813,0
799882,586,-45.8165,0
799892,575,-47.36246,0
799902,581,-46.51921,0
799912,585,-45.95705,0
799922,583,-46.23813,0
799932,584,-46.09759,0
799942,585,-45.95705,0
799952,585,-45.95705,0
799962,587,-45.67596,0
799972,587,-45.67596,0
799982,583,-46.23813,0
799992,587,-45.67596,0
800002,586,-45.8165,0
800012,582,-46.37866,0
800022,587,-45.67596,0
800032,589,-45.39487,0
800042,589,-45.39487,0
800052,584,-46.09759,0
800062,585,-45.95705,0
800072,582,-46.37866,0
800082,590,-45.25434,0
800092,587,-45.67596,0
800102,590,-45.25434,0
800112,587,-45.67596,0
800122,582,-46.37866,0
800132,585,-45.95705,0
800142,585,-45.95705,0
800152,586,-45.8165,0
800162,589,-45.39487,0
800172,583,-46.23813,0
800182,581,-46.51921,0
800192,583,-46.23813,0
800202,583,-46.23813,0
800212,583,-46.23813,0
800222,586,-45.8165,0
800232,581,-46.51921,0
800242,580,-46.65975,0
800252,581,-46.51921,0
800262,584,-46.09759,0
800272,585,-45.95705,0
800282,583,-46.23813,0
800292,584,-46.09759,0
800302,586,-45.8165,0
800312,587,-45.67596,0
800322,587,-45.67596,0
800332,586,-45.8165,0
800342,588,-45.53542,0
800352,579,-46.80029,0
800362,581,-46.51921,0
800372,588,-45.53542,0
800382,586,-45.8165,0
800392,587,-45.67596,0
800402,583,-46.23813,0
800412,587,-45.67596,0
800422,585,-45.95705,0
800432,588,-45.53542,0
800442,582,-46.37866,0
800452,585,-45.95705,0
800462,586,-45.8165,0
800472,582,-46.37866,0
800482,589,-45.39487,0
800492,585,-45.95705,0
800502,586,-45.8165,0
800512,588,-45.53542,0
800522,585,-45.95705,0
800532,590,-45.25434,0
800542,586,-45.8165,0
800552,586,-45.8165,0
800562,587,-45.67596,0
800572,584,-46.09759,0
800582,584,-46.09759,0
800592,584,-46.09759,0
800602,585,-45.95705,0
800612,590,-45.25434,0
800622,587,-45.67596,0
800632,587,-45.67596,0
800642,584,-46.09759,0
800652,583,-46.23813,0
800662,584,-46.09759,0
800672,582,-46.37866,0
800682,582,-46.37866,0
800692,590,-45.25434,0
800702,583,-46.23813,0
800712,587,-45.67596,0
800722,590,-45.25434,0
800732,588,-45.53542,0
800742,585,-45.95705,0
800752,583,-46.23813,0
800762,585,-45.95705,0
800772,588,-45.53542,0
800782,590,-45.25434,0
800792,584,-46.09759,0
800802,588,-45.53542,0
800812,586,-45.8165,0
800822,593,-44.83271,0
800832,582,-46.37866,0
800842,589,-45.39487,0
800852,584,-46.09759,0
800862,584,-46.09759,0
800872,586,-45.8165,0
800882,587,-45.67596,0
800892,581,-46.51921,0
800902,584,-46.09759,0
800912,592,-44.97325,0
800922,586,-45.8165,0
800932,592,-44.97325,0
800942,582,-46.37866,0
800952,588,-45.53542,0
800962,586,-45.8165,0
800972,586,-45.8165,0
800982,585,-45.95705,0
800992,585,-45.95705,0
801002,582,-46.37866,0
801012,590,-45.25434,0
801022,589,-45.39487,0
801032,585,-45.95705,0
801042,583,-46.23813,0
801052,585,-45.95705,0
801062,589,-45.39487,0
801072,589,-45.39487,0
801082,581,-46.51921,0
801092,577,-47.08138,0
801102,590,-45.25434,0
801112,583,-46.23813,0
801122,590,-45.25434,0
801132,586,-45.8165,0
801142,588,-45.53542,0
801152,587,-45.67596,0
801162,597,-44.27055,0
801172,590,-45.25434,0
801182,585,-45.95705,0
801192,588,-45.53542,0
801202,590,-45.25434,0
801212,584,-46.09759,0
801222,587,-45.67596,0
801232,595,-44.55163,0
801242,587,-45.67596,0
801252,585,-45.95705,0
801262,583,-46.23813,0
801272,583,-46.23813,0
801282,587,-45.67596,0
801292,584,-46.09759,0
801302,584,-46.09759,0
801312,587,-45.67596,0
801322,585,-45.95705,0
801332,582,-46.37866,0
801342,602,-43.56784,0
801352,588,-45.53542,0
801362,579,-46.80029,0
801372,588,-45.53542,0
801382,587,-45.67596,0
801392,591,-45.11379,0
801402,586,-45.8165,0
801412,582,-46.37866,0
801422,583,-46.23813,0
801432,584,-46.09759,0
801442,588,-45.53542,0
801452,586,-45.8165,0
801462,585,-45.95705,0
801472,585,-45.95705,0
801482,582,-46.37866,0
801492,587,-45.67596,0
801502,587,-45.67596,0
801512,588,-45.53542,0
801522,590,-45.25434,0
801532,587,-45.67596,0
801542,586,-45.8165,0
801552,586,-45.8165,0
801562,584,-46.09759,0
801572,588,-45.53542,0
801582,586,-45.8165,0
801592,596,-44.41109,0
801602,583,-46.23813,0
801612,586,-45.8165,0
801622,586,-45.8165,0
801632,591,-45.11379,0
801642,584,-46.09759,0
801652,589,-45.39487,0
801662,594,-44.69218,0
801672,586,-45.8165,0
801682,588,-45.53542,0
801692,589,-45.39487,0
801702,582,-46.37866,0
801712,592,-44.97325,0
801722,588,-45.53542,0
801732,588,-45.53542,0
801742,584,-46.09759,0
801752,581,-46.51921,0
801762,591,-45.11379,0
801772,585,-45.95705,0
801782,591,-45.11379,0
801792,585,-45.95705,0
801802,587,-45.67596,0
801812,582,-46.37866,0
801822,592,-44.97325,0
801832,587,-45.67596,0
801842,592,-44.97325,0
801852,592,-44.97325,0
801862,587,-45.67596,0
801872,589,-45.39487,0
801882,591,-45.11379,0
801892,586,-45.8165,0
801902,587,-45.67596,0
801912,586,-45.8165,0
801922,588,-45.53542,0
801932,588,-45.53542,0
801942,587,-45.67596,0
801952,583,-46.23813,0
801962,582,-46.37866,0
801972,584,-46.09759,0
801982,589,-45.39487,0
801992,585,-45.95705,0
802002,584,-46.09759,0
802012,585,-45.95705,0
802022,587,-45.67596,0
802032,577,-47.08138,0
802042,589,-45.39487,0
802052,578,-46.94083,0
802062,587,-45.67596,0
802072,588,-45.53542,0
802082,589,-45.39487,0
802092,593,-44.83271,0
802102,591,-45.11379,0
802112,592,-44.97325,0
802122,593,-44.83271,0
802132,590,-45.25434,0
802142,595,-44.55163,0
802152,590,-45.25434,0
802162,594,-44.69218,0
802172,583,-46.23813,0
802182,590,-45.25434,0
802192,594,-44.69218,0
802202,589,-45.39487,0
802212,588,-45.53542,0
802222,583,-46.23813,0
802232,588,-45.53542,0
802242,587,-45.67596,0
802252,586,-45.8165,0
802262,588,-45.53542,0
802272,587,-45.67596,0
802282,593,-44.83271,0
802292,591,-45.11379,0
802302,591,-45.11379,0
802312,586,-45.8165,0
802322,591,-45.11379,0
802332,588,-45.53542,0
802342,586,-45.8165,0
802352,586,-45.8165,0
802362,587,-45.67596,0
802372,586,-45.8165,0
802382,594,-44.69218,0
802392,588,-45.53542,0
802402,587,-45.67596,0
802412,590,-45.25434,0
802422,585,-45.95705,0
802432,593,-44.83271,0
802442,590,-45.25434,0
802452,594,-44.69218,0
802462,587,-45.67596,0
802472,586,-45.8165,0
802482,583,-46.23813,0
802492,584,-46.09759,0
802502,589,-45.39487,0
802512,585,-45.95705,0
802522,588,-45.53542,0
802532,583,-46.23813,0
802542,588,-45.53542,0
802552,590,-45.25434,0
802562,589,-45.39487,0
802572,596,-44.41109,0
802582,590,-45.25434,0
802592,588,-45.53542,0
802602,592,-44.97325,0
802612,589,-45.39487,0
802622,588,-45.53542,0
802632,589,-45.39487,0
802642,587,-45.67596,0
802652,587,-45.67596,0
802662,585,-45.95705,0
802672,588,-45.53542,0
802682,593,-44.83271,0
802692,585,-45.95705,0
802702,586,-45.8165,0
802712,587,-45.67596,0
802722,585,-45.95705,0
802732,585,-45.95705,0
802742,590,-45.25434,0
802752,589,-45.39487,0
802762,587,-45.67596,0
802772,588,-45.53542,0
802782,590,-45.25434,0
802792,584,-46.09759,0
802802,593,-44.83271,0
802812,584,-46.09759,0
802822,587,-45.67596,0
802832,586,-45.8165,0
802842,592,-44.97325,0
802852,587,-45.67596,0
802862,588,-45.53542,0
802872,589,-45.39487,0
802882,591,-45.11379,0
802892,590,-45.25434,0
802902,591,-45.11379,0
802912,591,-45.11379,0
802922,587,-45.67596,0
802932,588,-45.53542,0
802942,585,-45.95705,0
802952,594,-44.69218,0
802962,588,-45.53542,0
802972,586,-45.8165,0
802982,582,-46.37866,0
802992,587,-45.67596,0
803002,595,-44.55163,0
803012,596,-44.41109,0
803022,588,-45.53542,0
803032,587,-45.67596,0
803042,589,-45.39487,0
803052,583,-46.23813,0
803062,583,-46.23813,0
803072,588,-45.53542,0
803082,587,-45.67596,0
803092,598,-44.13,0
803102,596,-44.41109,0
803112,592,-44.97325,0
803122,592,-44.97325,0
803132,589,-45.39487,0
803142,592,-44.97325,0
803152,587,-45.67596,0
803162,596,-44.41109,0
803172,592,-44.97325,0
803182,593,-44.83271,0
803192,592,-44.97325,0
803202,589,-45.39487,0
803212,593,-44.83271,0
803222,593,-44.83271,0
803232,590,-45.25434,0
803242,593,-44.83271,0
803252,595,-44.55163,0
803262,594,-44.69218,0
803272,592,-44.97325,0
803282,592,-44.97325,0
803292,587,-45.67596,0
803302,593,-44.83271,0
803312,594,-44.69218,0
803322,593,-44.83271,0
803332,584,-46.09759,0
803342,592,-44.97325,0
803352,588,-45.53542,0
803362,590,-45.25434,0
803372,592,-44.97325,0
803382,587,-45.67596,0
803392,585,-45.95705,0
803402,586,-45.8165,0
803412,586,-45.8165,0
803422,588,-45.53542,0
803432,589,-45.39487,0
803442,589,-45.39487,0
803452,591,-45.11379,0
803462,597,-44.27055,0
803472,591,-45.11379,0
803482,592,-44.97325,0
803492,584,-46.09759,0
803502,600,-43.84892,0
803512,588,-45.53542,0
803522,586,-45.8165,0
803532,588,-45.53542,0
803542,584,-46.09759,0
803552,592,-44.97325,0
803562,591,-45.11379,0
803572,593,-44.83271,0
803582,589,-45.39487,0
803592,593,-44.83271,0
803602,590,-45.25434,0
803612,590,-45.25434,0
803622,591,-45.11379,0
803632,590,-45.25434,0
803642,594,-44.69218,0
803652,594,-44.69218,0
803662,589,-45.39487,0
803672,587,-45.67596,0
803682,593,-44.83271,0
803692,592,-44.97325,0
803702,594,-44.69218,0
803712,588,-45.53542,0
803722,587,-45.67596,0
803732,594,-44.69218,0
803742,584,-46.09759,0
803752,585,-45.95705,0
803762,587,-45.67596,0
803772,587,-45.67596,0
803782,588,-45.53542,0
803792,587,-45.67596,0
803802,592,-44.97325,0
803812,591,-45.11379,0
803822,588,-45.53542,0
803832,589,-45.39487,0
803842,590,-45.25434,0
803852,592,-44.97325,0
803862,590,-45.25434,0
803872,596,-44.41109,0
803882,588,-45.53542,0
803892,593,-44.83271,0
803902,585,-45.95705,0
803912,589,-45.39487,0
803922,593,-44.83271,0
803932,591,-45.11379,0
803942,591,-45.11379,0
803952,594,-44.69218,0
803962,586,-45.8165,0
803972,590,-45.25434,0
803982,597,-44.27055,0
803992,588,-45.53542,0
804002,592,-44.97325,0
804012,591,-45.11379,0
804022,589,-45.39487,0
804032,596,-44.41109,0
804042,592,-44.97325,0
804052,586,-45.8165,0
804062,591,-45.11379,0
804072,589,-45.39487,0
804082,588,-45.53542,0
804092,596,-44.41109,0
804102,589,-45.39487,0
804112,592,-44.97325,0
804122,592,-44.97325,0
804132,593,-44.83271,0
804142,585,-45.95705,0
804152,590,-45.25434,0
804162,591,-45.11379,0
804172,587,-45.67596,0
804182,601,-43.70838,0
804192,593,-44.83271,0
804202,590,-45.25434,0
804212,590,-45.25434,0
804222,588,-45.53542,0
804232,586,-45.8165,0
804242,586,-45.8165,0
804252,593,-44.83271,0
804262,589,-45.39487,0
804272,594,-44.69218,0
804282,587,-45.67596,0
804292,588,-45.53542,0
804302,592,-44.97325,0
804312,589,-45.39487,0
804322,593,-44.83271,0
804332,585,-45.95705,0
804342,586,-45.8165,0
804352,595,-44.55163,0
804362,585,-45.95705,0
804372,593,-44.83271,0
804382,590,-45.25434,0
804392,593,-44.83271,0
804402,590,-45.25434,0
804412,589,-45.39487,0
804422,589,-45.39487,0
804432,584,-46.09759,0
804442,591,-45.11379,0
804452,588,-45.53542,0
804462,583,-46.23813,0
804472,588,-45.53542,0
804482,587,-45.67596,0
804492,586,-45.8165,0
804502,585,-45.95705,0
804512,590,-45.25434,0
804522,584,-46.09759,0
804532,589,-45.39487,0
804542,586,-45.8165,0
804552,593,-44.83271,0
804562,592,-44.97325,0
804572,591,-45.11379,0
804582,584,-46.09759,0
804592,584,-46.09759,0
804602,593,-44.83271,0
804612,590,-45.25434,0
804622,584,-46.09759,0
804632,589,-45.39487,0
804642,590,-45.25434,0
804652,592,-44.97325,0
804662,594,-44.69218,0
804672,590,-45.25434,0
804682,591,-45.11379,0
804692,595,-44.55163,0
804702,588,-45.53542,0
804712,584,-46.09759,0
804722,593,-44.83271,0
804732,589,-45.39487,0
804742,589,-45.39487,0
804752,592,-44.97325,0
804762,592,-44.97325,0
804772,585,-45.95705,0
804782,591,-45.11379,0
804792,589,-45.39487,0
804802,592,-44.97325,0
804812,593,-44.83271,0
804822,589,-45.39487,0
804832,587,-45.67596,0
804842,594,-44.69218,0
804852,589,-45.39487,0
804862,589,-45.39487,0
804872,592,-44.97325,0
804882,594,-44.69218,0
804892,582,-46.37866,0
804902,594,-44.69218,0
804912,586,-45.8165,0
804922,596,-44.41109,0
804932,593,-44.83271,0
804942,592,-44.97325,0
804952,593,-44.83271,0
804962,590,-45.25434,0
804972,596,-44.41109,0
804982,596,-44.41109,0
804992,591,-45.11379,0
805002,592,-44.97325,0
805012,588,-45.53542,0
805022,589,-45.39487,0
805032,594,-44.69218,0
805042,588,-45.53542,0
805052,587,-45.67596,0
805062,592,-44.97325,0
805072,595,-44.55163,0
805082,592,-44.97325,0
805092,594,-44.69218,0
805102,592,-44.97325,0
805112,589,-45.39487,0
805122,589,-45.39487,0
805132,595,-44.55163,0
805142,588,-45.53542,0
805152,590,-45.25434,0
805162,590,-45.25434,0
805172,589,-45.39487,0
805182,596,-44.41109,0
805192,589,-45.39487,0
805202,590,-45.25434,0
805212,587,-45.67596,0
805222,592,-44.97325,0
805232,591,-45.11379,0
805242,590,-45.25434,0
805252,592,-44.97325,0
805262,595,-44.55163,0
805272,594,-44.69218,0
805282,595,-44.55163,0
805292,591,-45.11379,0
805302,597,-44.27055,0
805312,593,-44.83271,0
805322,592,-44.97325,0
805332,592,-44.97325,0
805342,592,-44.97325,0
805352,592,-44.97325,0
805362,589,-45.39487,0
805372,588,-45.53542,0
805382,596,-44.41109,0
805392,596,-44.41109,0
805402,585,-45.95705,0
805412,592,-44.97325,0
805422,597,-44.27055,0
805432,597,-44.27055,0
805442,588,-45.53542,0
805452,593,-44.83271,0
805462,590,-45.25434,0
805472,594,-44.69218,0
805482,587,-45.67596,0
805492,588,-45.53542,0
805502,601,-43.70838,0
805512,589,-45.39487,0
805522,595,-44.55163,0
805532,584,-46.09759,0
805542,593,-44.83271,0
805552,596,-44.41109,0
805562,591,-45.11379,0
805572,591,-45.11379,0
805582,591,-45.11379,0
805592,594,-44.69218,0
805602,592,-44.97325,0
805612,587,-45.67596,0
805622,589,-45.39487,0
805632,587,-45.67596,0
805642,594,-44.69218,0
805652,594,-44.69218,0
805662,594,-44.69218,0
805672,590,-45.25434,0
805682,595,-44.55163,0
805692,590,-45.25434,0
805702,587,-45.67596,0
805712,595,-44.55163,0
805722,589,-45.39487,0
805732,590,-45.25434,0
805742,587,-45.67596,0
805752,591,-45.11379,0
805762,598,-44.13,0
805772,593,-44.83271,0
805782,593,-44.83271,0
805792,593,-44.83271,0
805802,590,-45.25434,0
805812,590,-45.25434,0
805822,597,-44.27055,0
805832,581,-46.51921,0
805842,595,-44.55163,0
805852,598,-44.13,0
805862,597,-44.27055,0
805872,594,-44.69218,0
805882,592,-44.97325,0
805892,593,-44.83271,0
805902,592,-44.97325,0
805912,598,-44.13,0
805922,598,-44.13,0
805932,595,-44.55163,0
805942,591,-45.11379,0
805952,586,-45.8165,0
805962,595,-44.55163,0
805972,591,-45.11379,0
805982,593,-44.83271,0
805992,594,-44.69218,0
806002,589,-45.39487,0
806012,587,-45.67596,0
806022,586,-45.8165,0
806032,592,-44.97325,0
806042,592,-44.97325,0
806052,598,-44.13,0
806062,595,-44.55163,0
806072,592,-44.97325,0
806082,595,-44.55163,0
806092,590,-45.25434,0
806102,600,-43.84892,0
806112,592,-44.97325,0
806122,588,-45.53542,0
806132,594,-44.69218,0
806142,591,-45.11379,0
806152,593,-44.83271,0
806162,593,-44.83271,0
806172,587,-45.67596,0
806182,591,-45.11379,0
806192,595,-44.55163,0
806202,589,-45.39487,0
806212,590,-45.25434,0
806222,593,-44.83271,0
806232,598,-44.13,0
806242,594,-44.69218,0
806252,599,-43.98946,0
806262,592,-44.97325,0
806272,596,-44.41109,0
806282,597,-44.27055,0
806292,589,-45.39487,0
806302,594,-44.69218,0
806312,591,-45.11379,0
806322,594,-44.69218,0
806332,589,-45.39487,0
806342,589,-45.39487,0
806352,594,-44.69218,0
806362,594,-44.69218,0
806372,593,-44.83271,0
806382,595,-44.55163,0
806392,591,-45.11379,0
806402,593,-44.83271,0
806412,598,-44.13,0
806422,590,-45.25434,0
806432,598,-44.13,0
806442,593,-44.83271,0
806452,590,-45.25434,0
806462,595,-44.55163,0
806472,593,-44.83271,0
806482,592,-44.97325,0
806492,588,-45.53542,0
806502,590,-45.25434,0
806512,595,-44.55163,0
806522,589,-45.39487,0
806532,592,-44.97325,0
806542,589,-45.39487,0
806552,601,-43.70838,0
806562,594,-44.69218,0
806572,593,-44.83271,0
806582,598,-44.13,0
806592,595,-44.55163,0
806602,594,-44.69218,0
806612,594,-44.69218,0
806622,596,-44.41109,0
806632,593,-44.83271,0
806642,597,-44.27055,0
806652,601,-43.70838,0
806662,595,-44.55163,0
806672,591,-45.11379,0
806682,592,-44.97325,0
806692,588,-45.53542,0
806702,595,-44.55163,0
806712,592,-44.97325,0
806722,594,-44.69218,0
806732,589,-45.39487,0
806742,591,-45.11379,0
806752,601,-43.70838,0
806762,591,-45.11379,0
806772,593,-44.83271,0
806782,596,-44.41109,0
806792,590,-45.25434,0
806802,595,-44.55163,0
806812,593,-44.83271,0
806822,596,-44.41109,0
806832,595,-44.55163,0
806842,589,-45.39487,0
806852,596,-44.41109,0
806862,586,-45.8165,0
806872,596,-44.41109,0
806882,588,-45.53542,0
806892,595,-44.55163,0
806902,592,-44.97325,0
806912,590,-45.25434,0
806922,589,-45.39487,0
806932,597,-44.27055,0
806942,600,-43.84892,0
806952,594,-44.69218,0
806962,598,-44.13,0
806972,590,-45.25434,0
806982,595,-44.55163,0
806992,595,-44.55163,0
807002,595,-44.55163,0
807012,596,-44.41109,0
807022,595,-44.55163,0
807032,595,-44.55163,0
807042,591,-45.11379,0
807052,589,-45.39487,0
807062,590,-45.25434,0
807072,591,-45.11379,0
807082,593,-44.83271,0
807092,594,-44.69218,0
807102,594,-44.69218,0
807112,594,-44.69218,0
807122,588,-45.53542,0
807132,595,-44.55163,0
807142,596,-44.41109,0
807152,594,-44.69218,0
807162,595,-44.55163,0
807172,600,-43.84892,0
807182,596,-44.41109,0
807192,592,-44.97325,0
807202,592,-44.97325,0
807212,594,-44.69218,0
807222,591,-45.11379,0
807232,599,-43.98946,0
807242,593,-44.83271,0
807252,589,-45.39487,0
807262,597,-44.27055,0
807272,598,-44.13,0
807282,589,-45.39487,0
807292,600,-43.84892,0
807302,598,-44.13,0
807312,592,-44.97325,0
807322,595,-44.55163,0
807332,595,-44.55163,0
807342,598,-44.13,0
807352,589,-45.39487,0
807362,598,-44.13,0
807372,598,-44.13,0
807382,594,-44.69218,0
807392,592,-44.97325,0
807402,593,-44.83271,0
807412,595,-44.55163,0
807422,601,-43.70838,0
807432,596,-44.41109,0
807442,592,-44.97325,0
807452,595,-44.55163,0
807462,590,-45.25434,0
807472,592,-44.97325,0
807482,596,-44.41109,0
807492,588,-45.53542,0
807502,590,-45.25434,0
807512,591,-45.11379,0
807522,598,-44.13,0
807532,599,-43.98946,0
807542,598,-44.13,0
807552,590,-45.25434,0
807562,593,-44.83271,0
807572,596,-44.41109,0
807582,596,-44.41109,0
807592,599,-43.98946,0
807602,596,-44.41109,0
807612,594,-44.69218,0
807622,594,-44.69218,0
807632,592,-44.97325,0
807642,596,-44.41109,0
807652,592,-44.97325,0
807662,589,-45.39487,0
807672,602,-43.56784,0
807682,596,-44.41109,0
807692,593,-44.83271,0
807702,593,-44.83271,0
807712,592,-44.97325,0
807722,592,-44.97325,0
807732,606,-43.00568,0
807742,590,-45.25434,0
807752,589,-45.39487,0
807762,593,-44.83271,0
807772,594,-44.69218,0
807782,602,-43.56784,0
807792,591,-45.11379,0
807802,594,-44.69218,0
807812,594,-44.69218,0
807822,599,-43.98946,0
807832,591,-45.11379,0
807842,594,-44.69218,0
807852,585,-45.95705,0
807862,594,-44.69218,0
807872,593,-44.83271,0
807882,595,-44.55163,0
807892,597,-44.27055,0
807902,593,-44.83271,0
807912,594,-44.69218,0
807922,595,-44.55163,0
807932,595,-44.55163,0
807942,592,-44.97325,0
807952,590,-45.25434,0
807962,591,-45.11379,0
807972,591,-45.11379,0
807982,598,-44.13,0
807992,594,-44.69218,0
808002,597,-44.27055,0
808012,596,-44.41109,0
808022,590,-45.25434,0
808032,596,-44.41109,0
808042,590,-45.25434,0
808052,607,-42.86513,0
808062,596,-44.41109,0
808072,600,-43.84892,0
808082,600,-43.84892,0
808092,596,-44.41109,0
808102,599,-43.98946,0
808112,593,-44.83271,0
808122,595,-44.55163,0
808132,594,-44.69218,0
808142,599,-43.98946,0
808152,595,-44.55163,0
808162,594,-44.69218,0
808172,597,-44.27055,0
808182,595,-44.55163,0
808192,594,-44.69218,0
808202,588,-45.53542,0
808212,592,-44.97325,0
808222,590,-45.25434,0
808232,597,-44.27055,0
808242,594,-44.69218,0
808252,596,-44.41109,0
808262,601,-43.70838,0
808272,596,-44.41109,0
808282,595,-44.55163,0
808292,594,-44.69218,0
808302,594,-44.69218,0
808312,593,-44.83271,0
808322,598,-44.13,0
808332,591,-45.11379,0
808342,601,-43.70838,0
808352,596,-44.41109,0
808362,600,-43.84892,0
808372,600,-43.84892,0
808382,597,-44.27055,0
808392,593,-44.83271,0
808402,599,-43.98946,0
808412,597,-44.27055,0
808422,592,-44.97325,0
808432,598,-44.13,0
808442,594,-44.69218,0
808452,590,-45.25434,0
808462,598,-44.13,0
808472,592,-44.97325,0
808482,593,-44.83271,0
808492,595,-44.55163,0
808502,593,-44.83271,0
808512,595,-44.55163,0
808522,594,-44.69218,0
808532,595,-44.55163,0
808542,592,-44.97325,0
808552,591,-45.11379,0
808562,592,-44.97325,0
808572,596,-44.41109,0
808582,595,-44.55163,0
808592,597,-44.27055,0
808602,588,-45.53542,0
808612,592,-44.97325,0
808622,597,-44.27055,0
808632,604,-43.28676,0
808642,595,-44.55163,0
808652,592,-44.97325,0
808662,593,-44.83271,0
808672,593,-44.83271,0
808682,588,-45.53542,0
808692,595,-44.55163,0
808702,598,-44.13,0
808712,596,-44.41109,1
808722,591,-45.11379,1
808732,595,-44.55163,1
808742,593,-44.83271,1
808752,595,-44.55163,1
808762,595,-44.55163,1
808772,593,-44.83271,1
808782,600,-43.84892,1
808792,594,-44.69218,1
808802,604,-43.28676,1
808812,590,-45.25434,1
808822,597,-44.27055,1
808832,597,-44.27055,1
808842,597,-44.27055,1
808852,595,-44.55163,1
808862,595,-44.55163,1
808872,595,-44.55163,1
808882,594,-44.69218,1
808892,602,-43.56784,1
808902,591,-45.11379,1
808912,598,-44.13,1
808922,590,-45.25434,1
808932,589,-45.39487,1
808942,593,-44.83271,1
808952,593,-44.83271,1
808962,594,-44.69218,1
808972,593,-44.83271,1
808982,599,-43.98946,1
808992,597,-44.27055,1
809002,598,-44.13,1
809012,598,-44.13,1
809022,597,-44.27055,1
809032,595,-44.55163,1
809042,595,-44.55163,1
809052,593,-44.83271,1
809062,588,-45.53542,1
809072,595,-44.55163,1
809082,595,-44.55163,1
809092,595,-44.55163,1
809102,597,-44.27055,1
809112,594,-44.69218,1
809122,586,-45.8165,1
809132,595,-44.55163,1
809142,593,-44.83271,1
809152,596,-44.41109,1
809162,592,-44.97325,1
809172,590,-45.25434,1
809182,600,-43.84892,1
809192,600,-43.84892,1
809202,594,-44.69218,1
809212,592,-44.97325,1
809222,593,-44.83271,1
809232,597,-44.27055,1
809242,592,-44.97325,1
809252,595,-44.55163,1
809262,597,-44.27055,1
809272,596,-44.41109,1
809282,592,-44.97325,1
809292,592,-44.97325,1
809302,594,-44.69218,1
809312,593,-44.83271,1
809322,597,-44.27055,1
809332,598,-44.13,1
809342,595,-44.55163,1
809352,598,-44.13,1
809362,597,-44.27055,1
809372,597,-44.27055,1
809382,593,-44.83271,1
809392,591,-45.11379,1
809402,595,-44.55163,1
809412,592,-44.97325,1
809422,595,-44.55163,1
809432,594,-44.69218,1
809442,597,-44.27055,1
809452,598,-44.13,1
809462,597,-44.27055,1
809472,596,-44.41109,1
809482,596,-44.41109,1
809492,595,-44.55163,1
809502,595,-44.55163,1
809512,597,-44.27055,1
809522,590,-45.25434,1
809532,594,-44.69218,1
809542,596,-44.41109,1
809552,595,-44.55163,1
809562,595,-44.55163,1
809572,599,-43.98946,1
809582,591,-45.11379,1
809592,591,-45.11379,1
809602,592,-44.97325,1
809612,594,-44.69218,1
809622,590,-45.25434,1
809632,600,-43.84892,1
809642,597,-44.27055,1
809652,594,-44.69218,1
809662,593,-44.83271,1
809672,598,-44.13,1
809682,594,-44.69218,1
809692,595,-44.55163,1
809702,596,-44.41109,1
809712,597,-44.27055,1
809722,595,-44.55163,1
809732,600,-43.84892,1
809742,597,-44.27055,1
809752,574,-47.50301,1
809762,560,-49.47058,1
809772,548,-51.15707,1
809782,542,-52.00033,1
809792,527,-54.10844,1
809802,518,-55.37332,1
809812,504,-57.3409,1
809822,485,-60.01119,1
809832,474,-61.55715,1
809842,468,-62.40039,1
809852,467,-62.54094,1
809862,458,-63.80581,1
809872,451,-64.7896,1
809882,449,-65.07069,1
809892,438,-66.61664,1
809902,433,-67.31934,1
809912,423,-68.72475,1
809922,424,-68.58422,1
809932,416,-69.70854,1
809942,409,-70.69234,1
809952,416,-69.70854,1
809962,406,-71.11397,1
809972,406,-71.11397,1
809982,401,-71.81667,1
809992,393,-72.941,1
810002,395,-72.65991,1
810012,398,-72.2383,1
810022,389,-73.50317,1
810032,383,-74.34642,1
810042,381,-74.6275,1
810052,383,-74.34642,1
810062,378,-75.04913,1
810072,377,-75.18966,1
810082,379,-74.90858,1
810092,370,-76.17345,1
810102,370,-76.17345,1
810112,365,-76.87616,1
810122,362,-77.29778,1
810132,361,-77.43832,1
810142,362,-77.29778,1
810152,363,-77.15724,1
810162,361,-77.43832,1
810172,360,-77.57887,1
810182,358,-77.85995,1
810192,359,-77.71941,1
810202,359,-77.71941,1
810212,358,-77.85995,1
810222,355,-78.28158,1
810232,359,-77.71941,1
810242,358,-77.85995,1
810252,360,-77.57887,1
810262,356,-78.14104,1
810272,356,-78.14104,1
810282,351,-78.84374,1
810292,355,-78.28158,1
810302,353,-78.56266,1
810312,350,-78.98428,1
810322,352,-78.70319,1
810332,352,-78.70319,1
810342,358,-77.85995,1
810352,353,-78.56266,1
810362,353,-78.56266,1
810372,352,-78.70319,1
810382,349,-79.12482,1
810392,345,-79.68699,1
810402,352,-78.70319,1
810412,355,-78.28158,1
810422,352,-78.70319,1
810432,353,-78.56266,1
810442,349,-79.12482,1
810452,349,-79.12482,1
810462,354,-78.42212,1
810472,354,-78.42212,1
810482,354,-78.42212,1
810492,357,-78.00049,1
810502,355,-78.28158,1
810512,354,-78.42212,1
810522,346,-79.54645,1
810532,355,-78.28158,1
810542,351,-78.84374,1
810552,351,-78.84374,1
810562,349,-79.12482,1
810572,351,-78.84374,1
810582,352,-78.70319,1
810592,346,-79.54645,1
810602,349,-79.12482,1
810612,355,-78.28158,1
810622,350,-78.98428,1
810632,355,-78.28158,1
810642,357,-78.00049,1
810652,348,-79.26537,1
810662,351,-78.84374,1
810672,355,-78.28158,1
810682,343,-79.96807,1
810692,351,-78.84374,1
810702,348,-79.26537,1
810712,353,-78.56266,1
810722,350,-78.98428,1
810732,353,-78.56266,1
810742,344,-79.82753,1
810752,348,-79.26537,1
810762,345,-79.68699,1
810772,348,-79.26537,1
810782,350,-78.98428,1
810792,348,-79.26537,1
810802,350,-78.98428,1
810812,349,-79.12482,1
810822,354,-78.42212,1
810832,349,-79.12482,1
810842,349,-79.12482,1
810852,356,-78.14104,1
810862,349,-79.12482,1
810872,354,-78.42212,1
810882,347,-79.40591,1
810892,352,-78.70319,1
810902,347,-79.40591,1
810912,352,-78.70319,1
810922,352,-78.70319,1
810932,345,-79.68699,1
810942,351,-78.84374,1
810952,342,-80.10861,1
810962,352,-78.70319,1
810972,349,-79.12482,1
810982,346,-79.54645,1
810992,345,-79.68699,1
811002,348,-79.26537,1
811012,344,-79.82753,1
811022,349,-79.12482,1
811032,350,-78.98428,1
811042,343,-79.96807,1
811052,349,-79.12482,1
811062,350,-78.98428,1
811072,347,-79.40591,1
811082,346,-79.54645,1
811092,344,-79.82753,1
811102,346,-79.54645,1
811112,345,-79.68699,1
811122,348,-79.26537,1
811132,348,-79.26537,1
811142,344,-79.82753,1
811152,349,-79.12482,1
811162,350,-78.98428,1
811172,346,-79.54645,1
811182,349,-79.12482,1
811192,352,-78.70319,1
811202,349,-79.12482,1
811212,353,-78.56266,1
811222,348,-79.26537,1
811232,351,-78.84374,1
811242,354,-78.42212,1
811252,347,-79.40591,1
811262,351,-78.84374,1
811272,347,-79.40591,1
811282,356,-78.14104,1
811292,351,-78.84374,1
811302,343,-79.96807,1
811312,349,-79.12482,1
811322,346,-79.54645,1
811332,353,-78.56266,1
811342,353,-78.56266,1
811352,347,-79.40591,1
811362,345,-79.68699,1
811372,349,-79.12482,1
811382,349,-79.12482,1
811392,349,-79.12482,1
811402,348,-79.26537,1
811412,351,-78.84374,1
811422,349,-79.12482,1
811432,350,-78.98428,1
811442,348,-79.26537,1
811452,346,-79.54645,1
811462,351,-78.84374,1
811472,353,-78.56266,1
811482,351,-78.84374,1
811492,348,-79.26537,1
811502,347,-79.40591,1
811512,346,-79.54645,1
811522,347,-79.40591,1
811532,346,-79.54645,1
811542,349,-79.12482,1
811552,348,-79.26537,1
811562,345,-79.68699,1
811572,351,-78.84374,1
811582,348,-79.26537,1
811592,348,-79.26537,1
811602,351,-78.84374,1
811612,347,-79.40591,1
811622,349,-79.12482,1
811632,348,-79.26537,1
811642,344,-79.82753,1
811652,352,-78.70319,1
811662,348,-79.26537,1
811672,351,-78.84374,1
811682,347,-79.40591,1
811692,353,-78.56266,1
811702,346,-79.54645,1
811712,349,-79.12482,1
811722,349,-79.12482,1
811732,351,-78.84374,1
811742,351,-78.84374,1
811752,350,-78.98428,1
811762,349,-79.12482,1
811772,353,-78.56266,1
811782,349,-79.12482,1
811792,349,-79.12482,1
811802,352,-78.70319,1
811812,351,-78.84374,1
811822,346,-79.54645,1
811832,352,-78.70319,1
811842,351,-78.84374,1
811852,349,-79.12482,1
811862,351,-78.84374,1
811872,353,-78.56266,1
811882,349,-79.12482,1
811892,353,-78.56266,1
811902,352,-78.70319,1
811912,348,-79.26537,1
811922,349,-79.12482,1
811932,346,-79.54645,1
811942,349,-79.12482,1
811952,350,-78.98428,1
811962,346,-79.54645,1
811972,354,-78.42212,1
811982,349,-79.12482,1
811992,350,-78.98428,1
812002,352,-78.70319,1
812012,346,-79.54645,1
812022,346,-79.54645,1
812032,350,-78.98428,1
812042,351,-78.84374,1
812052,349,-79.12482,1
812062,346,-79.54645,1
812072,351,-78.84374,1
812082,350,-78.98428,1
812092,351,-78.84374,1
812102,351,-78.84374,1
812112,347,-79.40591,1
812122,348,-79.26537,1
812132,349,-79.12482,1
812142,346,-79.54645,1
812152,348,-79.26537,1
812162,353,-78.56266,1
812172,346,-79.54645,1
812182,348,-79.26537,1
812192,346,-79.54645,1
812202,350,-78.98428,1
812212,348,-79.26537,1
812222,350,-78.98428,1
812232,351,-78.84374,1
812242,343,-79.96807,1
812252,348,-79.26537,1
812262,350,-78.98428,1
812272,348,-79.26537,1
812282,350,-78.98428,1
812292,349,-79.12482,1
812302,349,-79.12482,1
812312,347,-79.40591,1
812322,352,-78.70319,1
812332,350,-78.98428,1
812342,352,-78.70319,1
812352,350,-78.98428,1
812362,348,-79.26537,1
812372,351,-78.84374,1
812382,348,-79.26537,1
812392,351,-78.84374,1
812402,350,-78.98428,1
812412,351,-78.84374,1
812422,351,-78.84374,1
812432,347,-79.40591,1
812442,349,-79.12482,1
812452,340,-80.38969,1
812462,354,-78.42212,1
812472,345,-79.68699,1
812482,345,-79.68699,1
812492,350,-78.98428,1
812502,345,-79.68699,1
812512,351,-78.84374,1
812522,355,-78.28158,1
812532,354,-78.42212,1
812542,347,-79.40591,1
812552,352,-78.70319,1
812562,354,-78.42212,1
812572,346,-79.54645,1
812582,356,-78.14104,1
812592,350,-78.98428,1
812602,350,-78.98428,1
812612,346,-79.54645,1
812622,353,-78.56266,1
812632,348,-79.26537,1
812642,343,-79.96807,1
812652,349,-79.12482,1
812662,353,-78.56266,1
812672,349,-79.12482,1
812682,354,-78.42212,1
812692,351,-78.84374,1
812702,355,-78.28158,1
812712,349,-79.12482,1
812722,350,-78.98428,1
812732,346,-79.54645,1
812742,351,-78.84374,1
812752,351,-78.84374,1
812762,349,-79.12482,1
812772,350,-78.98428,1
812782,352,-78.70319,1
812792,341,-80.24915,1
812802,350,-78.98428,1
812812,350,-78.98428,1
812822,351,-78.84374,1
812832,348,-79.26537,1
812842,350,-78.98428,1
812852,351,-78.84374,1
812862,352,-78.70319,1
812872,358,-77.85995,1
812882,349,-79.12482,1
812892,342,-80.10861,1
812902,346,-79.54645,1
812912,351,-78.84374,1
812922,356,-78.14104,1
812932,345,-79.68699,1
812942,351,-78.84374,1
812952,349,-79.12482,1
812962,355,-78.28158,1
812972,352,-78.70319,1
812982,350,-78.98428,1
812992,352,-78.70319,1
813002,347,-79.40591,1
813012,356,-78.14104,1
813022,351,-78.84374,1
813032,352,-78.70319,1
813042,342,-80.10861,1
813052,351,-78.84374,1
813062,351,-78.84374,1
813072,355,-78.28158,1
813082,347,-79.40591,1
813092,352,-78.70319,1
813102,352,-78.70319,1
813112,349,-79.12482,1
813122,347,-79.40591,1
813132,347,-79.40591,1
813142,345,-79.68699,1
813152,353,-78.56266,1
813162,347,-79.40591,1
813172,348,-79.26537,1
813182,349,-79.12482,1
813192,349,-79.12482,1
813202,350,-78.98428,1
813212,349,-79.12482,1
813222,352,-78.70319,1
813232,350,-78.98428,1
813242,348,-79.26537,1
813252,352,-78.70319,1
813262,352,-78.70319,1
813272,354,-78.42212,1
813282,351,-78.84374,1
813292,347,-79.40591,1
813302,356,-78.14104,1
813312,352,-78.70319,1
813322,348,-79.26537,1
813332,353,-78.56266,1
813342,347,-79.40591,1
813352,354,-78.42212,1
813362,352,-78.70319,1
813372,348,-79.26537,1
813382,347,-79.40591,1
813392,353,-78.56266,1
813402,349,-79.12482,1
813412,347,-79.40591,1
813422,351,-78.84374,1
813432,357,-78.00049,1
813442,358,-77.85995,1
813452,349,-79.12482,1
813462,346,-79.54645,1
813472,354,-78.42212,1
813482,353,-78.56266,1
813492,347,-79.40591,1
813502,349,-79.12482,1
813512,352,-78.70319,1
813522,349,-79.12482,1
813532,351,-78.84374,1
813542,352,-78.70319,1
813552,352,-78.70319,1
813562,354,-78.42212,1
813572,354,-78.42212,1
813582,354,-78.42212,1
813592,349,-79.12482,1
813602,351,-78.84374,1
813612,352,-78.70319,1
813622,356,-78.14104,1
813632,355,-78.28158,1
813642,354,-78.42212,1
813652,349,-79.12482,1
813662,351,-78.84374,1
813672,357,-78.00049,1
813682,352,-78.70319,1
813692,357,-78.00049,1
813702,349,-79.12482,1
813712,351,-78.84374,1
813722,351,-78.84374,1
813732,352,-78.70319,1
813742,356,-78.14104,1
813752,350,-78.98428,1
813762,354,-78.42212,1
813772,354,-78.42212,1
813782,351,-78.84374,1
813792,352,-78.70319,1
813802,351,-78.84374,1
813812,350,-78.98428,1
813822,355,-78.28158,1
813832,357,-78.00049,1
813842,348,-79.26537,1
813852,351,-78.84374,1
813862,351,-78.84374,1
813872,354,-78.42212,1
813882,351,-78.84374,1
813892,351,-78.84374,1
813902,350,-78.98428,1
813912,355,-78.28158,1
813922,348,-79.26537,1
813932,353,-78.56266,1
813942,359,-77.71941,1
813952,351,-78.84374,1
813962,352,-78.70319,1
813972,346,-79.54645,1
813982,355,-78.28158,1
813992,355,-78.28158,1
814002,352,-78.70319,1
814012,350,-78.98428,1
814022,353,-78.56266,1
814032,344,-79.82753,1
814042,349,-79.12482,1
814052,349,-79.12482,1
814062,350,-78.98428,1
814072,354,-78.42212,1
814082,351,-78.84374,1
814092,355,-78.28158,1
814102,348,-79.26537,1
814112,349,-79.12482,1
814122,355,-78.28158,1
814132,353,-78.56266,1
814142,353,-78.56266,1
814152,354,-78.42212,1
814162,354,-78.42212,1
814172,350,-78.98428,1
814182,354,-78.42212,1
814192,356,-78.14104,1
814202,349,-79.12482,1
814212,350,-78.98428,1
814222,351,-78.84374,1
814232,354,-78.42212,1
814242,355,-78.28158,1
814252,349,-79.12482,1
814262,347,-79.40591,1
814272,350,-78.98428,1
814282,355,-78.28158,1
814292,353,-78.56266,1
814302,358,-77.85995,1
814312,357,-78.00049,1
814322,351,-78.84374,1
814332,353,-78.56266,1
814342,352,-78.70319,1
814352,354,-78.42212,1
814362,351,-78.84374,1
814372,357,-78.00049,1
814382,350,-78.98428,1
814392,349,-79.12482,1
814402,358,-77.85995,1
814412,352,-78.70319,1
814422,352,-78.70319,1
814432,352,-78.70319,1
814442,353,-78.56266,1
814452,352,-78.70319,1
814462,352,-78.70319,1
814472,354,-78.42212,1
814482,355,-78.28158,1
814492,350,-78.98428,1
814502,352,-78.70319,1
814512,353,-78.56266,1
814522,352,-78.70319,1
814532,355,-78.28158,1
814542,351,-78.84374,1
814552,354,-78.42212,1
814562,352,-78.70319,1
814572,353,-78.56266,1
814582,357,-78.00049,1
814592,350,-78.98428,1
814602,356,-78.14104,1
814612,353,-78.56266,1
814622,358,-77.85995,1
814632,348,-79.26537,1
814642,357,-78.00049,1
814652,350,-78.98428,1
814662,353,-78.56266,1
814672,354,-78.42212,1
814682,357,-78.00049,1
814692,352,-78.70319,1
814702,356,-78.14104,1
814712,345,-79.68699,1
814722,351,-78.84374,1
814732,351,-78.84374,1
814742,352,-78.70319,1
814752,355,-78.28158,1
814762,351,-78.84374,1
814772,349,-79.12482,1
814782,351,-78.84374,1
814792,356,-78.14104,1
814802,348,-79.26537,1
814812,349,-79.12482,1
814822,356,-78.14104,1
814832,355,-78.28158,1
814842,352,-78.70319,1
814852,357,-78.00049,1
814862,352,-78.70319,1
814872,355,-78.28158,1
814882,348,-79.26537,1
814892,357,-78.00049,1
814902,355,-78.28158,1
814912,353,-78.56266,1
814922,353,-78.56266,1
814932,346,-79.54645,1
814942,354,-78.42212,1
814952,354,-78.42212,1
814962,352,-78.70319,1
814972,359,-77.71941,1
814982,352,-78.70319,1
814992,358,-77.85995,1
815002,354,-78.42212,1
815012,360,-77.57887,1
815022,359,-77.71941,1
815032,355,-78.28158,1
815042,357,-78.00049,1
815052,355,-78.28158,1
815062,350,-78.98428,1
815072,355,-78.28158,1
815082,355,-78.28158,1
815092,358,-77.85995,1
815102,354,-78.42212,1
815112,350,-78.98428,1
815122,357,-78.00049,1
815132,356,-78.14104,1
815142,358,-77.85995,1
815152,354,-78.42212,1
815162,355,-78.28158,1
815172,348,-79.26537,1
815182,356,-78.14104,1
815192,354,-78.42212,1
815202,350,-78.98428,1
815212,356,-78.14104,1
815222,348,-79.26537,1
815232,354,-78.42212,1
815242,356,-78.14104,1
815252,354,-78.42212,1
815262,359,-77.71941,1
815272,355,-78.28158,1
815282,355,-78.28158,1
815292,356,-78.14104,1
815302,351,-78.84374,1
815312,357,-78.00049,1
815322,350,-78.98428,1
815332,353,-78.56266,1
815342,351,-78.84374,1
815352,356,-78.14104,1
815362,354,-78.42212,1
815372,352,-78.70319,1
815382,355,-78.28158,1
815392,352,-78.70319,1
815402,354,-78.42212,1
815412,356,-78.14104,1
815422,356,-78.14104,1
815432,355,-78.28158,1
815442,354,-78.42212,1
815452,354,-78.42212,1
815462,354,-78.42212,1
815472,352,-78.70319,1
815482,352,-78.70319,1
815492,356,-78.14104,1
815502,354,-78.42212,1
815512,354,-78.42212,1
815522,355,-78.28158,1
815532,357,-78.00049,1
815542,352,-78.70319,1
815552,355,-78.28158,1
815562,360,-77.57887,1
815572,354,-78.42212,1
815582,353,-78.56266,1
815592,351,-78.84374,1
815602,354,-78.42212,1
815612,354,-78.42212,1
815622,354,-78.42212,1
815632,347,-79.40591,1
815642,354,-78.42212,1
815652,356,-78.14104,1
815662,355,-78.28158,1
815672,358,-77.85995,1
815682,353,-78.56266,1
815692,354,-78.42212,1
815702,354,-78.42212,1
815712,354,-78.42212,1
815722,359,-77.71941,1
815732,356,-78.14104,1
815742,350,-78.98428,1
815752,354,-78.42212,1
815762,357,-78.00049,1
815772,355,-78.28158,1
815782,346,-79.54645,1
815792,351,-78.84374,1
815802,354,-78.42212,1
815812,354,-78.42212,1
815822,352,-78.70319,1
815832,353,-78.56266,1
815842,356,-78.14104,1
815852,359,-77.71941,1
815862,355,-78.28158,1
815872,354,-78.42212,1
815882,358,-77.85995,1
815892,358,-77.85995,1
815902,358,-77.85995,1
815912,349,-79.12482,1
815922,356,-78.14104,1
815932,352,-78.70319,1
815942,357,-78.00049,1
815952,353,-78.56266,1
815962,358,-77.85995,1
815972,359,-77.71941,1
815982,350,-78.98428,1
815992,352,-78.70319,1
816002,355,-78.28158,1
816012,351,-78.84374,1
816022,355,-78.28158,1
816032,356,-78.14104,1
816042,353,-78.56266,1
816052,354,-78.42212,1
816062,357,-78.00049,1
816072,350,-78.98428,1
816082,351,-78.84374,1
816092,357,-78.00049,1
816102,352,-78.70319,1
816112,349,-79.12482,1
816122,359,-77.71941,1
816132,352,-78.70319,1
816142,353,-78.56266,1
816152,358,-77.85995,1
816162,356,-78.14104,1
816172,358,-77.85995,1
816182,352,-78.70319,1
816192,351,-78.84374,1
816202,356,-78.14104,1
816212,352,-78.70319,1
816222,352,-78.70319,1
816232,355,-78.28158,1
816242,353,-78.56266,1
816252,357,-78.00049,1
816262,352,-78.70319,1
816272,348,-79.26537,1
816282,352,-78.70319,1
816292,355,-78.28158,1
816302,357,-78.00049,1
816312,357,-78.00049,1
816322,354,-78.42212,1
816332,357,-78.00049,1
816342,356,-78.14104,1
816352,350,-78.98428,1
816362,357,-78.00049,1
816372,351,-78.84374,1
816382,355,-78.28158,1
816392,355,-78.28158,1
816402,354,-78.42212,1
816412,353,-78.56266,1
816422,353,-78.56266,1
816432,355,-78.28158,1
816442,353,-78.56266,1
816452,357,-78.00049,1
816462,357,-78.00049,1
816472,357,-78.00049,1
816482,354,-78.42212,1
816492,358,-77.85995,1
816502,348,-79.26537,1
816512,357,-78.00049,1
816522,357,-78.00049,1
816532,348,-79.26537,1
816542,354,-78.42212,1
816552,357,-78.00049,1
816562,355,-78.28158,1
816572,351,-78.84374,1
816582,358,-77.85995,1
816592,354,-78.42212,1
816602,360,-77.57887,1
816612,350,-78.98428,1
816622,361,-77.43832,1
816632,356,-78.14104,1
816642,358,-77.85995,1
816652,352,-78.70319,1
816662,356,-78.14104,1
816672,355,-78.28158,1
816682,355,-78.28158,1
816692,358,-77.85995,1
816702,353,-78.56266,1
816712,356,-78.14104,1
816722,353,-78.56266,1
816732,353,-78.56266,1
816742,353,-78.56266,1
816752,357,-78.00049,1
816762,355,-78.28158,1
816772,355,-78.28158,1
816782,352,-78.70319,1
816792,356,-78.14104,1
816802,357,-78.00049,1
816812,359,-77.71941,1
816822,352,-78.70319,1
816832,351,-78.84374,1
816842,353,-78.56266,1
816852,356,-78.14104,1
816862,351,-78.84374,1
816872,352,-78.70319,1
816882,354,-78.42212,1
816892,356,-78.14104,1
816902,352,-78.70319,1
816912,357,-78.00049,1
816922,354,-78.42212,0
816932,355,-78.28158,0
816942,358,-77.85995,0
816952,353,-78.56266,0
816962,349,-79.12482,0
816972,353,-78.56266,0
816982,353,-78.56266,0
816992,356,-78.14104,0
817002,355,-78.28158,0
817012,351,-78.84374,0
817022,356,-78.14104,0
817032,353,-78.56266,0
817042,353,-78.56266,0
817052,351,-78.84374,0
817062,355,-78.28158,0
817072,351,-78.84374,0
817082,354,-78.42212,0
817092,359,-77.71941,0
817102,351,-78.84374,0
817112,352,-78.70319,0
817122,357,-78.00049,0
817132,357,-78.00049,0
817142,354,-78.42212,0
817152,355,-78.28158,0
817162,353,-78.56266,0
817172,359,-77.71941,0
817182,351,-78.84374,0
817192,362,-77.29778,0
817202,355,-78.28158,0
817212,360,-77.57887,0
817222,357,-78.00049,0
817232,358,-77.85995,0
817242,351,-78.84374,0
817252,360,-77.57887,0
817262,355,-78.28158,0
817272,355,-78.28158,0
817282,356,-78.14104,0
817292,352,-78.70319,0
817302,355,-78.28158,0
817312,356,-78.14104,0
817322,354,-78.42212,0
817332,354,-78.42212,0
817342,355,-78.28158,0
817352,353,-78.56266,0
817362,352,-78.70319,0
817372,360,-77.57887,0
817382,356,-78.14104,0
817392,358,-77.85995,0
817402,355,-78.28158,0
817412,351,-78.84374,0
817422,360,-77.57887,0
817432,354,-78.42212,0
817442,355,-78.28158,0
817452,351,-78.84374,0
817462,357,-78.00049,0
817472,351,-78.84374,0
817482,356,-78.14104,0
817492,353,-78.56266,0
817502,357,-78.00049,0
817512,354,-78.42212,0
817522,352,-78.70319,0
817532,352,-78.70319,0
817542,352,-78.70319,0
817552,352,-78.70319,0
817562,354,-78.42212,0
817572,353,-78.56266,0
817582,359,-77.71941,0
817592,356,-78.14104,0
817602,356,-78.14104,0
817612,360,-77.57887,0
817622,355,-78.28158,0
817632,360,-77.57887,0
817642,354,-78.42212,0
817652,354,-78.42212,0
817662,352,-78.70319,0
817672,356,-78.14104,0
817682,354,-78.42212,0
817692,356,-78.14104,0
817702,351,-78.84374,0
817712,356,-78.14104,0
817722,360,-77.57887,0
817732,354,-78.42212,0
817742,356,-78.14104,0
817752,354,-78.42212,0
817762,358,-77.85995,0
817772,355,-78.28158,0
817782,356,-78.14104,0
817792,360,-77.57887,0
817802,352,-78.70319,0
817812,358,-77.85995,0
817822,361,-77.43832,0
817832,357,-78.00049,0
817842,357,-78.00049,0
817852,357,-78.00049,0
817862,354,-78.42212,0
817872,358,-77.85995,0
817882,358,-77.85995,0
817892,353,-78.56266,0
817902,356,-78.14104,0
817912,351,-78.84374,0
817922,357,-78.00049,0
817932,354,-78.42212,0
817942,356,-78.14104,0
817952,355,-78.28158,0
817962,356,-78.14104,0
817972,351,-78.84374,0
817982,354,-78.42212,0
817992,355,-78.28158,0
818002,359,-77.71941,0
818012,422,-68.8653,0
818022,437,-66.75717,0
818032,442,-66.05447,0
818042,438,-66.61664,0
818052,441,-66.19501,0
818062,440,-66.33556,0
818072,447,-65.35176,0
818082,439,-66.4761,0
818092,447,-65.35176,0
818102,440,-66.33556,0
818112,446,-65.4923,0
818122,441,-66.19501,0
818132,443,-65.91393,0
818142,447,-65.35176,0
818152,445,-65.63284,0
818162,447,-65.35176,0
818172,442,-66.05447,0
818182,439,-66.4761,0
818192,444,-65.77339,0
818202,442,-66.05447,0
818212,433,-67.31934,0
818222,443,-65.91393,0
818232,438,-66.61664,0
818242,437,-66.75717,0
818252,441,-66.19501,0
818262,446,-65.4923,0
818272,446,-65.4923,0
818282,448,-65.21122,0
818292,439,-66.4761,0
818302,443,-65.91393,0
818312,440,-66.33556,0
818322,438,-66.61664,0
818332,442,-66.05447,0
818342,441,-66.19501,0
818352,438,-66.61664,0
818362,442,-66.05447,0
818372,440,-66.33556,0
818382,451,-64.7896,0
818392,441,-66.19501,0
818402,445,-65.63284,0
818412,441,-66.19501,0
818422,447,-65.35176,0
818432,443,-65.91393,0
818442,440,-66.33556,0
818452,443,-65.91393,0
818462,442,-66.05447,0
818472,444,-65.77339,0
818482,446,-65.4923,0
818492,438,-66.61664,0
818502,439,-66.4761,0
818512,440,-66.33556,0
818522,440,-66.33556,0
818532,443,-65.91393,0
818542,444,-65.77339,0
818552,444,-65.77339,0
818562,447,-65.35176,0
818572,439,-66.4761,0
818582,443,-65.91393,0
818592,439,-66.4761,0
818602,445,-65.63284,0
818612,448,-65.21122,0
818622,442,-66.05447,0
818632,438,-66.61664,0
818642,442,-66.05447,0
818652,443,-65.91393,0
818662,440,-66.33556,0
818672,444,-65.77339,0
818682,445,-65.63284,0
818692,438,-66.61664,0
818702,443,-65.91393,0
818712,443,-65.91393,0
818722,439,-66.4761,0
818732,443,-65.91393,0
818742,444,-65.77339,0
818752,444,-65.77339,0
818762,448,-65.21122,0
818772,439,-66.4761,0
818782,445,-65.63284,0
818792,441,-66.19501,0
818802,441,-66.19501,0
818812,442,-66.05447,0
818822,444,-65.77339,0
818832,446,-65.4923,0
818842,442,-66.05447,0
818852,443,-65.91393,0
818862,445,-65.63284,0
818872,439,-66.4761,0
818882,442,-66.05447,0
818892,441,-66.19501,0
818902,436,-66.89772,0
818912,439,-66.4761,0
818922,446,-65.4923,0
818932,446,-65.4923,0
818942,446,-65.4923,0
818952,440,-66.33556,0
818962,442,-66.05447,0
818972,446,-65.4923,0
818982,442,-66.05447,0
818992,443,-65.91393,0
819002,447,-65.35176,0
819012,442,-66.05447,0
819022,439,-66.4761,0
819032,441,-66.19501,0
819042,444,-65.77339,0
819052,443,-65.91393,0
819062,446,-65.4923,0
819072,439,-66.4761,0
819082,439,-66.4761,0
819092,440,-66.33556,0
819102,452,-64.64905,0
819112,445,-65.63284,0
819122,441,-66.19501,0
819132,440,-66.33556,0
819142,447,-65.35176,0
819152,441,-66.19501,0
819162,443,-65.91393,0
819172,447,-65.35176,0
819182,443,-65.91393,0
819192,448,-65.21122,0
819202,439,-66.4761,0
819212,441,-66.19501,0
819222,446,-65.4923,0
819232,440,-66.33556,0
819242,448,-65.21122,0
819252,442,-66.05447,0
819262,444,-65.77339,0
819272,445,-65.63284,0
819282,447,-65.35176,0
819292,444,-65.77339,0
819302,440,-66.33556,0
819312,439,-66.4761,0
819322,444,-65.77339,0
819332,444,-65.77339,0
819342,443,-65.91393,0
819352,450,-64.93014,0
819362,444,-65.77339,0
819372,446,-65.4923,0
819382,441,-66.19501,0
819392,442,-66.05447,0
819402,445,-65.63284,0
819412,441,-66.19501,0
819422,451,-64.7896,0
819432,445,-65.63284,0
819442,447,-65.35176,0
819452,448,-65.21122,0
819462,444,-65.77339,0
819472,436,-66.89772,0
819482,441,-66.19501,0
819492,437,-66.75717,0
819502,445,-65.63284,0
819512,440,-66.33556,0
819522,438,-66.61664,0
819532,441,-66.19501,0
819542,438,-66.61664,0
819552,444,-65.77339,0
819562,450,-64.93014,0
819572,438,-66.61664,0
819582,446,-65.4923,0
819592,443,-65.91393,0
819602,443,-65.91393,0
819612,449,-65.07069,0
819622,452,-64.64905,0
819632,447,-65.35176,0
819642,446,-65.4923,0
819652,436,-66.89772,0
819662,444,-65.77339,0
819672,441,-66.19501,0
819682,442,-66.05447,0
819692,449,-65.07069,0
819702,441,-66.19501,0
819712,444,-65.77339,0
819722,447,-65.35176,0
819732,442,-66.05447,0
819742,445,-65.63284,0
819752,445,-65.63284,0
819762,447,-65.35176,0
819772,441,-66.19501,0
819782,445,-65.63284,0
819792,441,-66.19501,0
819802,448,-65.21122,0
819812,444,-65.77339,0
819822,440,-66.33556,0
819832,448,-65.21122,0
819842,444,-65.77339,0
819852,447,-65.35176,0
819862,443,-65.91393,0
819872,445,-65.63284,0
819882,443,-65.91393,0
819892,446,-65.4923,0
819902,442,-66.05447,0
819912,446,-65.4923,0
819922,444,-65.77339,0
819932,447,-65.35176,0
819942,445,-65.63284,0
819952,440,-66.33556,0
819962,440,-66.33556,0
819972,441,-66.19501,0
819982,443,-65.91393,0
819992,447,-65.35176,0
820002,445,-65.63284,0
820012,447,-65.35176,0
820022,442,-66.05447,0
820032,447,-65.35176,0
820042,440,-66.33556,0
820052,441,-66.19501,0
820062,448,-65.21122,0
820072,446,-65.4923,0
820082,442,-66.05447,0
820092,447,-65.35176,0
820102,443,-65.91393,0
820112,443,-65.91393,0
820122,446,-65.4923,0
820132,441,-66.19501,0
820142,443,-65.91393,0
820152,444,-65.77339,0
820162,446,-65.4923,0
820172,447,-65.35176,0
820182,449,-65.07069,0
820192,443,-65.91393,0
820202,448,-65.21122,0
820212,449,-65.07069,0
820222,448,-65.21122,0
820232,443,-65.91393,0
820242,447,-65.35176,0
820252,438,-66.61664,0
820262,444,-65.77339,0
820272,447,-65.35176,0
820282,446,-65.4923,0
820292,447,-65.35176,0
820302,446,-65.4923,0
820312,449,-65.07069,0
820322,445,-65.63284,0
820332,440,-66.33556,0
820342,442,-66.05447,0
820352,444,-65.77339,0
820362,445,-65.63284,0
820372,446,-65.4923,0
820382,441,-66.19501,0
820392,446,-65.4923,0
820402,446,-65.4923,0
820412,446,-65.4923,0
820422,445,-65.63284,0
820432,450,-64.93014,0
820442,452,-64.64905,0
820452,446,-65.4923,0
820462,447,-65.35176,0
820472,442,-66.05447,0
820482,446,-65.4923,0
820492,443,-65.91393,0
820502,447,-65.35176,0
820512,450,-64.93014,0
820522,446,-65.4923,0
820532,449,-65.07069,0
820542,447,-65.35176,0
820552,445,-65.63284,0
820562,448,-65.21122,0
820572,444,-65.77339,0
820582,448,-65.21122,0
820592,446,-65.4923,0
820602,444,-65.77339,0
820612,447,-65.35176,0
820622,445,-65.63284,0
820632,446,-65.4923,0
820642,449,-65.07069,0
820652,446,-65.4923,0
820662,444,-65.77339,0
820672,449,-65.07069,0
820682,443,-65.91393,0
820692,443,-65.91393,0
820702,443,-65.91393,0
820712,450,-64.93014,0
820722,447,-65.35176,0
820732,446,-65.4923,0
820742,446,-65.4923,0
820752,445,-65.63284,0
820762,447,-65.35176,0
820772,450,-64.93014,0
820782,445,-65.63284,0
820792,448,-65.21122,0
820802,441,-66.19501,0
820812,449,-65.07069,0
820822,445,-65.63284,0
820832,443,-65.91393,0
820842,444,-65.77339,0
820852,442,-66.05447,0
820862,450,-64.93014,0
820872,444,-65.77339,0
820882,445,-65.63284,0
820892,447,-65.35176,0
820902,445,-65.63284,0
820912,443,-65.91393,0
820922,446,-65.4923,0
820932,444,-65.77339,0
820942,449,-65.07069,0
820952,444,-65.77339,0
820962,454,-64.36797,0
820972,448,-65.21122,0
820982,450,-64.93014,0
820992,454,-64.36797,0
821002,440,-66.33556,0
821012,444,-65.77339,0
821022,442,-66.05447,0
821032,446,-65.4923,0
821042,440,-66.33556,0
821052,448,-65.21122,0
821062,448,-65.21122,0
821072,444,-65.77339,0
821082,446,-65.4923,0
821092,440,-66.33556,0
821102,446,-65.4923,0
821112,449,-65.07069,0
821122,447,-65.35176,0
821132,444,-65.77339,0
821142,446,-65.4923,0
821152,446,-65.4923,0
821162,446,-65.4923,0
821172,449,-65.07069,0
821182,445,-65.63284,0
821192,447,-65.35176,0
821202,439,-66.4761,0
821212,450,-64.93014,0
821222,438,-66.61664,0
821232,444,-65.77339,0
821242,447,-65.35176,0
821252,444,-65.77339,0
821262,452,-64.64905,0
821272,449,-65.07069,0
821282,443,-65.91393,0
821292,452,-64.64905,0
821302,444,-65.77339,0
821312,451,-64.7896,0
821322,448,-65.21122,0
821332,450,-64.93014,0
821342,447,-65.35176,0
821352,446,-65.4923,0
821362,445,-65.63284,0
821372,445,-65.63284,0
821382,448,-65.21122,0
821392,452,-64.64905,0
821402,449,-65.07069,0
821412,450,-64.93014,0
821422,446,-65.4923,0
821432,444,-65.77339,0
821442,445,-65.63284,0
821452,449,-65.07069,0
821462,445,-65.63284,0
821472,448,-65.21122,0
821482,444,-65.77339,0
821492,445,-65.63284,0
821502,447,-65.35176,0
821512,440,-66.33556,0
821522,449,-65.07069,0
821532,449,-65.07069,0
821542,447,-65.35176,0
821552,448,-65.21122,0
821562,449,-65.07069,0
821572,449,-65.07069,0
821582,454,-64.36797,0
821592,443,-65.91393,0
821602,447,-65.35176,0
821612,452,-64.64905,0
821622,448,-65.21122,0
821632,448,-65.21122,0
821642,450,-64.93014,0
821652,448,-65.21122,0
821662,444,-65.77339,0
821672,446,-65.4923,0
821682,444,-65.77339,0
821692,453,-64.50851,0
821702,449,-65.07069,0
821712,444,-65.77339,0
821722,443,-65.91393,0
821732,446,-65.4923,0
821742,450,-64.93014,0
821752,451,-64.7896,0
821762,444,-65.77339,0
821772,447,-65.35176,0
821782,455,-64.22743,0
821792,450,-64.93014,0
821802,441,-66.19501,0
821812,452,-64.64905,0
821822,445,-65.63284,0
821832,448,-65.21122,0
821842,448,-65.21122,0
821852,446,-65.4923,0
821862,452,-64.64905,0
821872,449,-65.07069,0
821882,449,-65.07069,0
821892,454,-64.36797,0
821902,449,-65.07069,0
821912,445,-65.63284,0
821922,450,-64.93014,0
821932,442,-66.05447,0
821942,447,-65.35176,0
821952,451,-64.7896,0
821962,450,-64.93014,0
821972,446,-65.4923,0
821982,448,-65.21122,0
821992,446,-65.4923,0
822002,440,-66.33556,0
822012,450,-64.93014,0
822022,445,-65.63284,0
822032,452,-64.64905,0
822042,447,-65.35176,0
822052,438,-66.61664,0
822062,447,-65.35176,0
822072,451,-64.7896,0
822082,454,-64.36797,0
822092,450,-64.93014,0
822102,452,-64.64905,0
822112,453,-64.50851,0
822122,457,-63.94635,0
822132,443,-65.91393,0
822142,451,-64.7896,0
822152,450,-64.93014,0
822162,447,-65.35176,0
822172,446,-65.4923,0
822182,453,-64.50851,0
822192,444,-65.77339,0
822202,446,-65.4923,0
822212,445,-65.63284,0
822222,448,-65.21122,0
822232,444,-65.77339,0
822242,454,-64.36797,0
822252,445,-65.63284,0
822262,450,-64.93014,0
822272,448,-65.21122,0
822282,445,-65.63284,0
822292,446,-65.4923,0
822302,450,-64.93014,0
822312,452,-64.64905,0
822322,447,-65.35176,0
822332,455,-64.22743,0
822342,447,-65.35176,0
822352,448,-65.21122,0
822362,447,-65.35176,0
822372,450,-64.93014,0
822382,450,-64.93014,0
822392,444,-65.77339,0
822402,451,-64.7896,0
822412,441,-66.19501,0
822422,444,-65.77339,0
822432,451,-64.7896,0
822442,445,-65.63284,0
822452,444,-65.77339,0
822462,448,-65.21122,0
822472,443,-65.91393,0
822482,449,-65.07069,0
822492,451,-64.7896,0
822502,445,-65.63284,0
822512,448,-65.21122,0
822522,449,-65.07069,0
822532,450,-64.93014,0
822542,447,-65.35176,0
822552,449,-65.07069,0
822562,446,-65.4923,0
822572,445,-65.63284,0
822582,445,-65.63284,0
822592,446,-65.4923,0
822602,440,-66.33556,0
822612,442,-66.05447,0
822622,446,-65.4923,0
822632,444,-65.77339,0
822642,448,-65.21122,0
822652,447,-65.35176,0
822662,450,-64.93014,0
822672,451,-64.7896,0
822682,449,-65.07069,0
822692,449,-65.07069,0
822702,451,-64.7896,0
822712,450,-64.93014,0
822722,447,-65.35176,0
822732,448,-65.21122,0
822742,455,-64.22743,0
822752,451,-64.7896,0
822762,443,-65.91393,0
822772,447,-65.35176,0
822782,451,-64.7896,0
822792,447,-65.35176,0
822802,444,-65.77339,0
822812,446,-65.4923,0
822822,447,-65.35176,0
822832,448,-65.21122,0
822842,451,-64.7896,0
