t_ms,adc,p_kpa,pump
440410,540,-53.12466,0
440420,538,-53.40574,1
440430,537,-53.54628,1
440440,539,-53.26519,1
440450,530,-54.53007,1
440460,538,-53.40574,1
440470,539,-53.26519,1
440480,536,-53.68682,1
440490,519,-56.07602,1
440500,499,-58.88685,1
440510,485,-60.85444,1
440520,482,-61.27606,1
440530,469,-63.1031,1
440540,473,-62.54093,1
440550,459,-64.50851,1
440560,442,-66.89772,1
440570,440,-67.1788,1
440580,436,-67.74097,1
440590,428,-68.8653,1
440600,426,-69.14638,1
440610,409,-71.53558,1
440620,417,-70.41125,1
440630,414,-70.83288,1
440640,416,-70.55179,1
440650,407,-71.81667,1
440660,399,-72.941,1
440670,397,-73.22208,1
440680,391,-74.06533,1
440690,388,-74.48695,1
440700,383,-75.18967,1
440710,382,-75.3302,1
440720,385,-74.90858,1
440730,376,-76.17345,1
440740,373,-76.59508,1
440750,373,-76.59508,1
440760,370,-77.0167,1
440770,368,-77.29778,1
440780,367,-77.43832,1
440790,371,-76.87616,1
440800,366,-77.57887,1
440810,362,-78.14103,1
440820,361,-78.28157,1
440830,361,-78.28157,1
440840,364,-77.85995,1
440850,353,-79.40591,1
440860,354,-79.26537,1
440870,357,-78.84373,1
440880,351,-79.68699,1
440890,357,-78.84373,1
440900,353,-79.40591,1
440910,355,-79.12482,1
440920,357,-78.84373,1
440930,357,-78.84373,1
440940,353,-79.40591,1
440950,357,-78.84373,1
440960,350,-79.82753,1
440970,350,-79.82753,1
440980,356,-78.98428,1
440990,350,-79.82753,1
441000,345,-80.53024,1
441010,350,-79.82753,1
441020,354,-79.26537,1
441030,345,-80.53024,1
441040,353,-79.40591,1
441050,353,-79.40591,1
441060,352,-79.54644,1
441070,347,-80.24915,1
441080,346,-80.38969,1
441090,348,-80.10861,1
441100,345,-80.53024,1
441110,349,-79.96807,1
441120,347,-80.24915,1
441130,343,-80.81132,1
441140,349,-79.96807,1
441150,347,-80.24915,1
441160,346,-80.38969,1
441170,354,-79.26537,1
441180,348,-80.10861,1
441190,350,-79.82753,1
441200,350,-79.82753,1
441210,339,-81.37349,1
441220,353,-79.40591,1
441230,341,-81.0924,1
441240,343,-80.81132,1
441250,349,-79.96807,1
441260,350,-79.82753,1
441270,352,-79.54644,1
441280,350,-79.82753,1
441290,351,-79.68699,1
441300,350,-79.82753,1
441310,346,-80.38969,1
441320,350,-79.82753,1
441330,345,-80.53024,1
441340,350,-79.82753,1
441350,353,-79.40591,1
441360,344,-80.67078,1
441370,352,-79.54644,1
441380,348,-80.10861,1
441390,345,-80.53024,1
441400,351,-79.68699,1
441410,348,-80.10861,1
441420,341,-81.0924,1
441430,349,-79.96807,1
441440,347,-80.24915,1
441450,350,-79.82753,1
441460,343,-80.81132,1
441470,356,-78.98428,1
441480,350,-79.82753,1
441490,352,-79.54644,1
441500,344,-80.67078,1
441510,340,-81.23294,1
441520,351,-79.68699,1
441530,342,-80.95186,1
441540,352,-79.54644,1
441550,348,-80.10861,1
441560,345,-80.53024,1
441570,343,-80.81132,1
441580,340,-81.23294,1
441590,347,-80.24915,1
441600,345,-80.53024,1
441610,346,-80.38969,1
441620,343,-80.81132,1
441630,350,-79.82753,1
441640,342,-80.95186,1
441650,341,-81.0924,1
441660,343,-80.81132,1
441670,349,-79.96807,1
441680,346,-80.38969,1
441690,348,-80.10861,1
441700,345,-80.53024,1
441710,346,-80.38969,1
441720,346,-80.38969,1
441730,346,-80.38969,1
441740,349,-79.96807,1
441750,342,-80.95186,1
441760,344,-80.67078,1
441770,345,-80.53024,1
441780,341,-81.0924,1
441790,349,-79.96807,1
441800,347,-80.24915,1
441810,348,-80.10861,1
441820,350,-79.82753,1
441830,354,-79.26537,1
441840,345,-80.53024,1
441850,343,-80.81132,1
441860,344,-80.67078,1
441870,340,-81.23294,1
441880,348,-80.10861,1
441890,348,-80.10861,1
441900,342,-80.95186,1
441910,345,-80.53024,1
441920,345,-80.53024,1
441930,344,-80.67078,1
441940,342,-80.95186,1
441950,342,-80.95186,1
441960,342,-80.95186,1
441970,343,-80.81132,1
441980,346,-80.38969,1
441990,352,-79.54644,1
442000,347,-80.24915,1
442010,344,-80.67078,1
442020,342,-80.95186,1
442030,348,-80.10861,1
442040,341,-81.0924,1
442050,343,-80.81132,1
442060,347,-80.24915,1
442070,348,-80.10861,1
442080,343,-80.81132,1
442090,342,-80.95186,1
442100,350,-79.82753,1
442110,337,-81.65456,1
442120,342,-80.95186,1
442130,346,-80.38969,1
442140,346,-80.38969,1
442150,347,-80.24915,1
442160,344,-80.67078,1
442170,339,-81.37349,1
442180,342,-80.95186,1
442190,345,-80.53024,1
442200,346,-80.38969,1
442210,341,-81.0924,1
442220,343,-80.81132,1
442230,348,-80.10861,1
442240,346,-80.38969,1
442250,343,-80.81132,1
442260,348,-80.10861,1
442270,351,-79.68699,1
442280,343,-80.81132,1
442290,348,-80.10861,1
442300,344,-80.67078,1
442310,348,-80.10861,1
442320,337,-81.65456,1
442330,344,-80.67078,1
442340,347,-80.24915,1
442350,344,-80.67078,1
442360,341,-81.0924,1
442370,344,-80.67078,1
442380,346,-80.38969,1
442390,344,-80.67078,1
442400,352,-79.54644,1
442410,342,-80.95186,1
442420,351,-79.68699,1
442430,349,-79.96807,1
442440,344,-80.67078,1
442450,349,-79.96807,1
442460,340,-81.23294,1
442470,350,-79.82753,1
442480,340,-81.23294,1
442490,345,-80.53024,1
442500,353,-79.40591,1
442510,342,-80.95186,1
442520,347,-80.24915,1
442530,345,-80.53024,1
442540,350,-79.82753,1
442550,347,-80.24915,1
442560,345,-80.53024,1
442570,348,-80.10861,1
442580,354,-79.26537,1
442590,343,-80.81132,1
442600,338,-81.51403,1
442610,338,-81.51403,1
442620,348,-80.10861,1
442630,349,-79.96807,1
442640,341,-81.0924,1
442650,346,-80.38969,0
442660,341,-81.0924,0
442670,350,-79.82753,0
442680,344,-80.67078,0
442690,353,-79.40591,0
442700,415,-70.69234,0
442710,421,-69.84909,0
442720,432,-68.30313,0
442730,430,-68.58421,0
442740,435,-67.88151,0
442750,430,-68.58421,0
442760,435,-67.88151,0
442770,433,-68.16259,0
442780,427,-69.00584,0
442790,433,-68.16259,0
442800,435,-67.88151,0
442810,429,-68.72475,0
442820,431,-68.44367,0
442830,439,-67.31934,0
442840,428,-68.8653,0
442850,432,-68.30313,0
442860,429,-68.72475,0
442870,434,-68.02205,0
442880,424,-69.42747,0
442890,437,-67.60042,0
442900,431,-68.44367,0
442910,428,-68.8653,0
442920,434,-68.02205,0
442930,437,-67.60042,0
442940,439,-67.31934,0
442950,433,-68.16259,0
442960,438,-67.45988,0
442970,429,-68.72475,0
442980,431,-68.44367,0
442990,431,-68.44367,0
443000,434,-68.02205,0
443010,429,-68.72475,0
443020,434,-68.02205,0
443030,436,-67.74097,0
443040,434,-68.02205,0
443050,432,-68.30313,0
443060,426,-69.14638,0
443070,435,-67.88151,0
443080,434,-68.02205,0
443090,427,-69.00584,0
443100,433,-68.16259,0
443110,430,-68.58421,0
443120,430,-68.58421,0
443130,425,-69.28692,0
443140,434,-68.02205,0
443150,432,-68.30313,0
443160,424,-69.42747,0
443170,431,-68.44367,0
443180,437,-67.60042,0
443190,438,-67.45988,0
443200,434,-68.02205,0
443210,430,-68.58421,0
443220,431,-68.44367,0
443230,431,-68.44367,0
443240,435,-67.88151,0
443250,434,-68.02205,0
443260,435,-67.88151,0
443270,434,-68.02205,0
443280,432,-68.30313,0
443290,433,-68.16259,0
443300,428,-68.8653,0
443310,428,-68.8653,0
443320,431,-68.44367,0
443330,434,-68.02205,0
443340,429,-68.72475,0
443350,436,-67.74097,0
443360,431,-68.44367,0
443370,435,-67.88151,0
443380,433,-68.16259,0
443390,432,-68.30313,0
443400,436,-67.74097,0
443410,430,-68.58421,0
443420,436,-67.74097,0
443430,436,-67.74097,0
443440,435,-67.88151,0
443450,437,-67.60042,0
443460,432,-68.30313,0
443470,429,-68.72475,0
443480,428,-68.8653,0
443490,434,-68.02205,0
443500,429,-68.72475,0
443510,440,-67.1788,0
443520,434,-68.02205,0
443530,429,-68.72475,0
443540,434,-68.02205,0
443550,432,-68.30313,0
443560,440,-67.1788,0
443570,431,-68.44367,0
443580,431,-68.44367,0
443590,440,-67.1788,0
443600,439,-67.31934,0
443610,435,-67.88151,0
443620,431,-68.44367,0
443630,436,-67.74097,0
443640,432,-68.30313,0
443650,433,-68.16259,0
443660,430,-68.58421,0
443670,432,-68.30313,0
443680,434,-68.02205,0
443690,428,-68.8653,0
443700,435,-67.88151,0
443710,432,-68.30313,0
443720,425,-69.28692,0
443730,432,-68.30313,0
443740,429,-68.72475,0
443750,431,-68.44367,0
443760,433,-68.16259,0
443770,436,-67.74097,0
443780,429,-68.72475,0
443790,436,-67.74097,0
443800,433,-68.16259,0
443810,432,-68.30313,0
443820,434,-68.02205,0
443830,437,-67.60042,0
443840,435,-67.88151,0
443850,430,-68.58421,0
443860,431,-68.44367,0
443870,437,-67.60042,0
443880,433,-68.16259,0
443890,431,-68.44367,0
443900,438,-67.45988,0
443910,433,-68.16259,0
443920,430,-68.58421,0
443930,439,-67.31934,0
443940,434,-68.02205,0
443950,436,-67.74097,0
443960,432,-68.30313,0
443970,432,-68.30313,0
443980,434,-68.02205,0
443990,436,-67.74097,0
444000,435,-67.88151,0
444010,433,-68.16259,0
444020,436,-67.74097,0
444030,433,-68.16259,0
444040,425,-69.28692,0
444050,436,-67.74097,0
444060,435,-67.88151,0
444070,427,-69.00584,0
444080,429,-68.72475,0
444090,432,-68.30313,0
444100,433,-68.16259,0
444110,427,-69.00584,0
444120,431,-68.44367,0
444130,432,-68.30313,0
444140,433,-68.16259,0
444150,434,-68.02205,0
444160,434,-68.02205,0
444170,441,-67.03825,0
444180,431,-68.44367,0
444190,435,-67.88151,0
444200,436,-67.74097,0
444210,432,-68.30313,0
444220,436,-67.74097,0
444230,436,-67.74097,0
444240,433,-68.16259,0
444250,431,-68.44367,0
444260,434,-68.02205,0
444270,434,-68.02205,0
444280,439,-67.31934,0
444290,433,-68.16259,0
444300,433,-68.16259,0
444310,437,-67.60042,0
444320,440,-67.1788,0
444330,429,-68.72475,0
444340,433,-68.16259,0
444350,432,-68.30313,0
444360,429,-68.72475,0
444370,436,-67.74097,0
444380,430,-68.58421,0
444390,431,-68.44367,0
444400,438,-67.45988,0
444410,438,-67.45988,0
444420,432,-68.30313,0
444430,430,-68.58421,0
444440,439,-67.31934,0
444450,438,-67.45988,0
444460,429,-68.72475,0
444470,432,-68.30313,0
444480,427,-69.00584,0
444490,436,-67.74097,0
444500,435,-67.88151,0
444510,431,-68.44367,0
444520,436,-67.74097,0
444530,431,-68.44367,0
444540,434,-68.02205,0
444550,429,-68.72475,0
444560,434,-68.02205,0
444570,431,-68.44367,0
444580,430,-68.58421,0
444590,431,-68.44367,0
444600,436,-67.74097,0
444610,428,-68.8653,0
444620,429,-68.72475,0
444630,436,-67.74097,0
444640,433,-68.16259,0
444650,435,-67.88151,0
444660,438,-67.45988,0
444670,436,-67.74097,0
444680,439,-67.31934,0
444690,429,-68.72475,0
444700,433,-68.16259,0
444710,437,-67.60042,0
444720,436,-67.74097,0
444730,432,-68.30313,0
444740,431,-68.44367,0
444750,436,-67.74097,0
444760,435,-67.88151,0
444770,435,-67.88151,0
444780,430,-68.58421,0
444790,436,-67.74097,0
444800,439,-67.31934,0
444810,437,-67.60042,0
444820,438,-67.45988,0
444830,439,-67.31934,0
444840,436,-67.74097,0
444850,439,-67.31934,0
444860,441,-67.03825,0
444870,432,-68.30313,0
444880,437,-67.60042,0
444890,438,-67.45988,0
444900,434,-68.02205,0
444910,434,-68.02205,0
444920,433,-68.16259,0
444930,435,-67.88151,0
444940,436,-67.74097,0
444950,439,-67.31934,0
444960,432,-68.30313,0
444970,437,-67.60042,0
444980,431,-68.44367,0
444990,434,-68.02205,0
445000,436,-67.74097,0
445010,435,-67.88151,0
445020,438,-67.45988,0
445030,434,-68.02205,0
445040,431,-68.44367,0
445050,433,-68.16259,0
445060,433,-68.16259,0
445070,433,-68.16259,0
445080,433,-68.16259,0
445090,431,-68.44367,0
445100,436,-67.74097,0
445110,434,-68.02205,0
445120,438,-67.45988,0
445130,436,-67.74097,0
445140,438,-67.45988,0
445150,440,-67.1788,0
445160,433,-68.16259,0
445170,439,-67.31934,0
445180,428,-68.8653,0
445190,435,-67.88151,0
445200,428,-68.8653,0
445210,435,-67.88151,0
445220,437,-67.60042,0
445230,434,-68.02205,0
445240,441,-67.03825,0
445250,434,-68.02205,0
445260,439,-67.31934,0
445270,435,-67.88151,0
445280,436,-67.74097,0
445290,427,-69.00584,0
445300,437,-67.60042,0
445310,432,-68.30313,0
445320,440,-67.1788,0
445330,438,-67.45988,0
445340,433,-68.16259,0
445350,433,-68.16259,0
445360,438,-67.45988,0
445370,434,-68.02205,0
445380,435,-67.88151,0
445390,437,-67.60042,0
445400,437,-67.60042,0
445410,432,-68.30313,0
445420,438,-67.45988,0
445430,430,-68.58421,0
445440,440,-67.1788,0
445450,433,-68.16259,0
445460,436,-67.74097,0
445470,431,-68.44367,0
445480,428,-68.8653,0
445490,434,-68.02205,0
445500,437,-67.60042,0
445510,443,-66.75717,0
445520,433,-68.16259,0
445530,428,-68.8653,0
445540,440,-67.1788,0
445550,441,-67.03825,0
445560,437,-67.60042,0
445570,434,-68.02205,0
445580,438,-67.45988,0
445590,436,-67.74097,0
445600,439,-67.31934,0
445610,431,-68.44367,0
445620,432,-68.30313,0
445630,443,-66.75717,0
445640,439,-67.31934,0
445650,441,-67.03825,0
445660,437,-67.60042,0
445670,433,-68.16259,0
445680,430,-68.58421,0
445690,434,-68.02205,0
445700,433,-68.16259,0
445710,437,-67.60042,0
445720,433,-68.16259,0
445730,437,-67.60042,0
445740,444,-66.61664,0
445750,429,-68.72475,0
445760,441,-67.03825,0
445770,435,-67.88151,0
445780,432,-68.30313,0
445790,441,-67.03825,0
445800,443,-66.75717,0
445810,442,-66.89772,0
445820,433,-68.16259,0
445830,436,-67.74097,0
445840,438,-67.45988,0
445850,431,-68.44367,0
445860,433,-68.16259,0
445870,434,-68.02205,0
445880,432,-68.30313,0
445890,437,-67.60042,0
445900,441,-67.03825,0
445910,439,-67.31934,0
445920,442,-66.89772,0
445930,434,-68.02205,0
445940,432,-68.30313,0
445950,440,-67.1788,0
445960,429,-68.72475,0
445970,439,-67.31934,0
445980,431,-68.44367,0
445990,439,-67.31934,0
446000,439,-67.31934,0
446010,441,-67.03825,0
446020,435,-67.88151,0
446030,437,-67.60042,0
446040,435,-67.88151,0
446050,433,-68.16259,0
446060,439,-67.31934,0
446070,433,-68.16259,0
446080,437,-67.60042,0
446090,432,-68.30313,0
446100,439,-67.31934,0
446110,430,-68.58421,0
446120,434,-68.02205,0
446130,435,-67.88151,0
446140,434,-68.02205,0
446150,439,-67.31934,0
446160,432,-68.30313,0
446170,435,-67.88151,0
446180,428,-68.8653,0
446190,436,-67.74097,0
446200,439,-67.31934,0
446210,436,-67.74097,0
446220,435,-67.88151,0
446230,431,-68.44367,0
446240,437,-67.60042,0
446250,439,-67.31934,0
446260,442,-66.89772,0
446270,441,-67.03825,0
446280,433,-68.16259,0
446290,440,-67.1788,0
446300,433,-68.16259,0
446310,435,-67.88151,0
446320,432,-68.30313,0
446330,436,-67.74097,0
446340,441,-67.03825,0
446350,438,-67.45988,0
446360,437,-67.60042,0
446370,439,-67.31934,0
446380,434,-68.02205,0
446390,435,-67.88151,0
446400,438,-67.45988,0
446410,434,-68.02205,0
446420,437,-67.60042,0
446430,439,-67.31934,0
446440,443,-66.75717,0
446450,440,-67.1788,0
446460,439,-67.31934,0
446470,439,-67.31934,0
446480,440,-67.1788,0
446490,433,-68.16259,0
446500,437,-67.60042,0
446510,443,-66.75717,0
446520,434,-68.02205,0
446530,431,-68.44367,0
446540,438,-67.45988,0
446550,434,-68.02205,0
446560,445,-66.47609,0
446570,439,-67.31934,0
446580,434,-68.02205,0
446590,442,-66.89772,0
446600,435,-67.88151,0
446610,443,-66.75717,0
446620,432,-68.30313,0
446630,434,-68.02205,0
446640,433,-68.16259,0
446650,440,-67.1788,0
446660,434,-68.02205,0
446670,438,-67.45988,0
446680,433,-68.16259,0
446690,439,-67.31934,0
446700,435,-67.88151,0
446710,438,-67.45988,0
446720,437,-67.60042,0
446730,434,-68.02205,0
446740,431,-68.44367,0
446750,430,-68.58421,0
446760,438,-67.45988,0
446770,434,-68.02205,0
446780,431,-68.44367,0
446790,434,-68.02205,0
446800,439,-67.31934,0
446810,445,-66.47609,0
446820,435,-67.88151,0
446830,432,-68.30313,0
446840,432,-68.30313,0
446850,436,-67.74097,0
446860,439,-67.31934,0
446870,436,-67.74097,0
446880,445,-66.47609,0
446890,438,-67.45988,0
446900,438,-67.45988,0
446910,437,-67.60042,0
446920,436,-67.74097,0
446930,433,-68.16259,0
446940,435,-67.88151,0
446950,432,-68.30313,0
446960,436,-67.74097,0
446970,432,-68.30313,0
446980,434,-68.02205,0
446990,438,-67.45988,0
447000,435,-67.88151,0
447010,436,-67.74097,0
447020,431,-68.44367,0
447030,435,-67.88151,0
447040,439,-67.31934,0
447050,439,-67.31934,0
447060,433,-68.16259,0
447070,436,-67.74097,0
447080,434,-68.02205,0
447090,442,-66.89772,0
447100,438,-67.45988,0
447110,436,-67.74097,0
447120,429,-68.72475,0
447130,437,-67.60042,0
447140,434,-68.02205,0
447150,438,-67.45988,0
447160,436,-67.74097,0
447170,440,-67.1788,0
447180,434,-68.02205,0
447190,435,-67.88151,0
447200,439,-67.31934,0
447210,442,-66.89772,0
447220,441,-67.03825,0
447230,434,-68.02205,0
447240,437,-67.60042,0
447250,438,-67.45988,0
447260,442,-66.89772,0
447270,438,-67.45988,0
447280,434,-68.02205,0
447290,446,-66.33555,0
447300,439,-67.31934,0
447310,438,-67.45988,0
447320,433,-68.16259,0
447330,438,-67.45988,0
447340,441,-67.03825,0
447350,436,-67.74097,0
447360,435,-67.88151,0
447370,440,-67.1788,0
447380,435,-67.88151,0
447390,433,-68.16259,0
447400,437,-67.60042,0
447410,432,-68.30313,0
447420,437,-67.60042,0
447430,432,-68.30313,0
447440,437,-67.60042,0
447450,444,-66.61664,0
447460,442,-66.89772,0
447470,431,-68.44367,0
447480,437,-67.60042,0
447490,444,-66.61664,0
447500,434,-68.02205,0
447510,442,-66.89772,0
447520,446,-66.33555,0
447530,441,-67.03825,0
447540,439,-67.31934,0
447550,439,-67.31934,0
447560,435,-67.88151,0
447570,430,-68.58421,0
447580,437,-67.60042,0
447590,436,-67.74097,0
447600,438,-67.45988,0
447610,436,-67.74097,0
447620,440,-67.1788,0
447630,434,-68.02205,0
447640,437,-67.60042,0
447650,432,-68.30313,0
447660,434,-68.02205,0
447670,442,-66.89772,0
447680,436,-67.74097,0
447690,446,-66.33555,0
447700,441,-67.03825,0
447710,442,-66.89772,0
447720,440,-67.1788,0
447730,434,-68.02205,0
447740,442,-66.89772,0
447750,435,-67.88151,0
447760,441,-67.03825,0
447770,441,-67.03825,0
447780,433,-68.16259,0
447790,440,-67.1788,0
447800,439,-67.31934,0
447810,444,-66.61664,0
447820,440,-67.1788,0
447830,439,-67.31934,0
447840,437,-67.60042,0
447850,442,-66.89772,0
447860,438,-67.45988,0
447870,438,-67.45988,0
447880,429,-68.72475,0
447890,441,-67.03825,0
447900,440,-67.1788,0
447910,435,-67.88151,0
447920,438,-67.45988,0
447930,441,-67.03825,0
447940,441,-67.03825,0
447950,441,-67.03825,0
447960,441,-67.03825,0
447970,436,-67.74097,0
447980,436,-67.74097,0
447990,439,-67.31934,0
448000,445,-66.47609,0
448010,442,-66.89772,0
448020,437,-67.60042,0
448030,438,-67.45988,0
448040,441,-67.03825,0
448050,441,-67.03825,0
448060,449,-65.91393,0
448070,440,-67.1788,0
448080,433,-68.16259,0
448090,440,-67.1788,0
448100,445,-66.47609,0
448110,439,-67.31934,0
448120,446,-66.33555,0
448130,440,-67.1788,0
448140,439,-67.31934,0
448150,444,-66.61664,0
448160,438,-67.45988,0
448170,436,-67.74097,0
448180,434,-68.02205,0
448190,443,-66.75717,0
448200,437,-67.60042,0
448210,437,-67.60042,0
448220,441,-67.03825,0
448230,441,-67.03825,0
448240,437,-67.60042,0
448250,434,-68.02205,0
448260,440,-67.1788,0
448270,437,-67.60042,0
448280,445,-66.47609,0
448290,437,-67.60042,0
448300,440,-67.1788,0
448310,436,-67.74097,0
448320,441,-67.03825,0
448330,443,-66.75717,0
448340,440,-67.1788,0
448350,435,-67.88151,0
448360,443,-66.75717,0
448370,440,-67.1788,0
448380,443,-66.75717,0
448390,436,-67.74097,0
448400,441,-67.03825,0
448410,436,-67.74097,0
448420,445,-66.47609,0
448430,442,-66.89772,0
448440,445,-66.47609,0
448450,436,-67.74097,0
448460,438,-67.45988,0
448470,439,-67.31934,0
448480,436,-67.74097,0
448490,437,-67.60042,0
448500,435,-67.88151,0
448510,447,-66.19501,0
448520,438,-67.45988,0
448530,447,-66.19501,0
448540,434,-68.02205,0
448550,440,-67.1788,0
448560,448,-66.05447,0
448570,442,-66.89772,0
448580,438,-67.45988,0
448590,447,-66.19501,0
448600,447,-66.19501,0
448610,441,-67.03825,0
448620,444,-66.61664,0
448630,439,-67.31934,0
448640,442,-66.89772,0
448650,443,-66.75717,0
448660,438,-67.45988,0
448670,436,-67.74097,0
448680,439,-67.31934,0
448690,438,-67.45988,0
448700,436,-67.74097,0
448710,439,-67.31934,0
448720,441,-67.03825,0
448730,439,-67.31934,0
448740,443,-66.75717,0
448750,436,-67.74097,0
448760,438,-67.45988,0
448770,435,-67.88151,0
448780,441,-67.03825,0
448790,436,-67.74097,0
448800,437,-67.60042,0
448810,446,-66.33555,0
448820,441,-67.03825,0
448830,439,-67.31934,0
448840,442,-66.89772,0
448850,443,-66.75717,0
448860,444,-66.61664,0
448870,443,-66.75717,0
448880,438,-67.45988,0
448890,439,-67.31934,0
448900,434,-68.02205,0
448910,440,-67.1788,0
448920,441,-67.03825,0
448930,439,-67.31934,0
448940,446,-66.33555,0
448950,445,-66.47609,0
448960,446,-66.33555,0
448970,438,-67.45988,0
448980,440,-67.1788,0
448990,443,-66.75717,0
449000,444,-66.61664,0
449010,447,-66.19501,0
449020,434,-68.02205,0
449030,441,-67.03825,0
449040,437,-67.60042,0
449050,441,-67.03825,0
449060,445,-66.47609,0
449070,446,-66.33555,0
449080,440,-67.1788,0
449090,436,-67.74097,0
449100,444,-66.61664,0
449110,439,-67.31934,0
449120,435,-67.88151,0
449130,435,-67.88151,0
449140,440,-67.1788,0
449150,441,-67.03825,0
449160,442,-66.89772,0
449170,438,-67.45988,0
449180,442,-66.89772,0
449190,444,-66.61664,0
449200,437,-67.60042,0
449210,441,-67.03825,0
449220,443,-66.75717,0
449230,440,-67.1788,0
449240,448,-66.05447,0
449250,444,-66.61664,0
449260,445,-66.47609,0
449270,438,-67.45988,0
449280,444,-66.61664,0
449290,446,-66.33555,0
449300,437,-67.60042,0
449310,441,-67.03825,0
449320,438,-67.45988,0
449330,441,-67.03825,0
449340,439,-67.31934,0
449350,441,-67.03825,0
449360,439,-67.31934,0
449370,439,-67.31934,0
449380,442,-66.89772,0
449390,442,-66.89772,0
449400,446,-66.33555,0
449410,437,-67.60042,0
449420,436,-67.74097,0
449430,440,-67.1788,0
449440,439,-67.31934,0
449450,442,-66.89772,0
449460,441,-67.03825,0
449470,436,-67.74097,0
449480,443,-66.75717,0
449490,451,-65.63284,0
449500,440,-67.1788,0
449510,448,-66.05447,0
449520,438,-67.45988,0
449530,442,-66.89772,0
449540,443,-66.75717,0
449550,439,-67.31934,0
449560,430,-68.58421,0
449570,442,-66.89772,0
449580,444,-66.61664,0
449590,440,-67.1788,0
449600,440,-67.1788,0
449610,443,-66.75717,0
449620,447,-66.19501,0
449630,438,-67.45988,0
449640,441,-67.03825,0
449650,442,-66.89772,0
449660,445,-66.47609,0
449670,440,-67.1788,0
449680,440,-67.1788,0
449690,442,-66.89772,0
449700,438,-67.45988,0
449710,447,-66.19501,0
449720,442,-66.89772,0
449730,442,-66.89772,0
449740,442,-66.89772,0
449750,440,-67.1788,0
449760,434,-68.02205,0
449770,442,-66.89772,0
449780,450,-65.77338,0
449790,442,-66.89772,0
449800,449,-65.91393,0
449810,441,-67.03825,0
449820,439,-67.31934,0
449830,446,-66.33555,0
449840,440,-67.1788,0
449850,431,-68.44367,0
449860,443,-66.75717,0
449870,444,-66.61664,0
449880,444,-66.61664,0
449890,439,-67.31934,0
449900,446,-66.33555,0
449910,442,-66.89772,0
449920,433,-68.16259,0
449930,445,-66.47609,0
449940,442,-66.89772,0
449950,440,-67.1788,0
449960,442,-66.89772,0
449970,444,-66.61664,0
449980,438,-67.45988,0
449990,445,-66.47609,0
450000,434,-68.02205,0
450010,446,-66.33555,0
450020,440,-67.1788,0
450030,443,-66.75717,0
450040,441,-67.03825,0
450050,440,-67.1788,0
450060,436,-67.74097,0
450070,446,-66.33555,0
450080,444,-66.61664,0
450090,442,-66.89772,0
450100,443,-66.75717,0
450110,438,-67.45988,0
450120,445,-66.47609,0
450130,445,-66.47609,0
450140,437,-67.60042,0
450150,438,-67.45988,0
450160,439,-67.31934,0
450170,449,-65.91393,0
450180,444,-66.61664,0
450190,439,-67.31934,0
450200,439,-67.31934,0
450210,448,-66.05447,0
450220,443,-66.75717,0
450230,441,-67.03825,0
450240,443,-66.75717,0
450250,438,-67.45988,0
450260,439,-67.31934,0
450270,440,-67.1788,0
450280,450,-65.77338,0
450290,439,-67.31934,0
450300,447,-66.19501,0
450310,442,-66.89772,0
450320,442,-66.89772,0
450330,444,-66.61664,0
450340,444,-66.61664,0
450350,444,-66.61664,0
450360,441,-67.03825,0
450370,436,-67.74097,0
450380,441,-67.03825,0
450390,442,-66.89772,0
450400,437,-67.60042,0
450410,445,-66.47609,0
450420,448,-66.05447,0
450430,438,-67.45988,0
450440,439,-67.31934,0
450450,434,-68.02205,0
450460,440,-67.1788,0
450470,442,-66.89772,0
450480,445,-66.47609,0
450490,441,-67.03825,0
450500,439,-67.31934,0
450510,443,-66.75717,0
450520,444,-66.61664,0
450530,449,-65.91393,0
450540,447,-66.19501,0
450550,433,-68.16259,0
450560,442,-66.89772,0
450570,439,-67.31934,0
450580,437,-67.60042,0
450590,441,-67.03825,0
450600,445,-66.47609,0
450610,440,-67.1788,0
450620,440,-67.1788,0
450630,446,-66.33555,0
450640,441,-67.03825,0
450650,441,-67.03825,0
450660,450,-65.77338,0
450670,447,-66.19501,0
450680,444,-66.61664,0
450690,443,-66.75717,0
450700,440,-67.1788,0
450710,447,-66.19501,0
450720,445,-66.47609,0
450730,436,-67.74097,0
450740,434,-68.02205,0
450750,432,-68.30313,0
450760,442,-66.89772,0
450770,436,-67.74097,0
450780,441,-67.03825,0
450790,443,-66.75717,0
450800,443,-66.75717,0
450810,443,-66.75717,0
450820,439,-67.31934,0
450830,439,-67.31934,0
450840,444,-66.61664,0
450850,440,-67.1788,0
450860,447,-66.19501,0
450870,437,-67.60042,0
450880,439,-67.31934,0
450890,438,-67.45988,0
450900,442,-66.89772,0
450910,441,-67.03825,0
450920,444,-66.61664,0
450930,447,-66.19501,0
450940,444,-66.61664,0
450950,437,-67.60042,0
450960,444,-66.61664,0
450970,441,-67.03825,0
450980,445,-66.47609,0
450990,447,-66.19501,0
451000,438,-67.45988,0
451010,444,-66.61664,0
451020,444,-66.61664,0
451030,444,-66.61664,0
451040,445,-66.47609,0
451050,437,-67.60042,0
451060,443,-66.75717,0
451070,447,-66.19501,0
451080,444,-66.61664,0
451090,445,-66.47609,0
451100,438,-67.45988,0
451110,443,-66.75717,0
451120,442,-66.89772,0
451130,445,-66.47609,0
451140,445,-66.47609,0
451150,432,-68.30313,0
451160,448,-66.05447,0
451170,444,-66.61664,0
451180,445,-66.47609,0
451190,441,-67.03825,0
451200,447,-66.19501,0
451210,444,-66.61664,0
451220,445,-66.47609,0
451230,442,-66.89772,0
451240,446,-66.33555,0
451250,442,-66.89772,0
451260,441,-67.03825,0
451270,438,-67.45988,0
451280,439,-67.31934,0
451290,448,-66.05447,0
451300,438,-67.45988,0
451310,447,-66.19501,0
451320,445,-66.47609,0
451330,448,-66.05447,0
451340,446,-66.33555,0
451350,439,-67.31934,0
451360,444,-66.61664,0
451370,434,-68.02205,0
451380,448,-66.05447,0
451390,442,-66.89772,0
451400,443,-66.75717,0
451410,444,-66.61664,0
451420,444,-66.61664,0
451430,437,-67.60042,0
451440,448,-66.05447,0
451450,445,-66.47609,0
451460,444,-66.61664,0
451470,448,-66.05447,0
451480,444,-66.61664,0
451490,446,-66.33555,0
451500,440,-67.1788,0
451510,446,-66.33555,0
451520,447,-66.19501,0
451530,445,-66.47609,0
451540,448,-66.05447,0
451550,445,-66.47609,0
451560,446,-66.33555,0
451570,440,-67.1788,0
451580,450,-65.77338,0
451590,449,-65.91393,0
451600,450,-65.77338,0
451610,443,-66.75717,0
451620,442,-66.89772,0
451630,442,-66.89772,0
451640,441,-67.03825,0
451650,447,-66.19501,0
451660,447,-66.19501,0
451670,442,-66.89772,0
451680,443,-66.75717,0
451690,446,-66.33555,0
451700,442,-66.89772,0
451710,444,-66.61664,0
451720,441,-67.03825,0
451730,446,-66.33555,0
451740,444,-66.61664,0
451750,436,-67.74097,0
451760,441,-67.03825,0
451770,449,-65.91393,0
451780,442,-66.89772,0
451790,437,-67.60042,0
451800,444,-66.61664,0
451810,442,-66.89772,0
451820,441,-67.03825,0
451830,444,-66.61664,0
451840,442,-66.89772,0
451850,446,-66.33555,0
451860,444,-66.61664,0
451870,447,-66.19501,0
451880,447,-66.19501,0
451890,445,-66.47609,0
451900,443,-66.75717,0
451910,447,-66.19501,0
451920,440,-67.1788,0
451930,449,-65.91393,0
451940,448,-66.05447,0
451950,442,-66.89772,0
451960,445,-66.47609,0
451970,449,-65.91393,0
451980,449,-65.91393,0
451990,443,-66.75717,0
452000,441,-67.03825,0
452010,440,-67.1788,0
452020,443,-66.75717,0
452030,442,-66.89772,0
452040,440,-67.1788,0
452050,442,-66.89772,0
452060,453,-65.35176,0
452070,447,-66.19501,0
452080,448,-66.05447,0
452090,447,-66.19501,0
452100,447,-66.19501,0
452110,445,-66.47609,0
452120,447,-66.19501,0
452130,447,-66.19501,0
452140,447,-66.19501,0
452150,434,-68.02205,0
452160,450,-65.77338,0
452170,446,-66.33555,0
452180,448,-66.05447,0
452190,443,-66.75717,0
452200,447,-66.19501,0
452210,445,-66.47609,0
452220,447,-66.19501,0
452230,443,-66.75717,0
452240,444,-66.61664,0
452250,438,-67.45988,0
452260,450,-65.77338,0
452270,448,-66.05447,0
452280,448,-66.05447,0
452290,453,-65.35176,0
452300,449,-65.91393,0
452310,450,-65.77338,0
452320,448,-66.05447,0
452330,450,-65.77338,0
452340,445,-66.47609,0
452350,450,-65.77338,0
452360,438,-67.45988,0
452370,447,-66.19501,0
452380,447,-66.19501,0
452390,439,-67.31934,0
452400,435,-67.88151,0
452410,447,-66.19501,0
452420,447,-66.19501,0
452430,448,-66.05447,0
452440,447,-66.19501,0
452450,448,-66.05447,0
452460,444,-66.61664,0
452470,443,-66.75717,0
452480,449,-65.91393,0
452490,447,-66.19501,0
452500,449,-65.91393,0
452510,445,-66.47609,0
452520,440,-67.1788,0
452530,451,-65.63284,0
452540,441,-67.03825,0
452550,446,-66.33555,0
452560,447,-66.19501,0
452570,441,-67.03825,0
452580,450,-65.77338,0
452590,440,-67.1788,0
452600,454,-65.21122,0
452610,441,-67.03825,0
452620,438,-67.45988,0
452630,442,-66.89772,0
452640,447,-66.19501,0
452650,451,-65.63284,0
452660,441,-67.03825,0
452670,444,-66.61664,0
452680,447,-66.19501,0
452690,449,-65.91393,0
452700,446,-66.33555,0
452710,445,-66.47609,0
452720,443,-66.75717,0
452730,443,-66.75717,0
452740,456,-64.93014,0
452750,453,-65.35176,0
452760,450,-65.77338,0
452770,443,-66.75717,0
452780,449,-65.91393,0
452790,444,-66.61664,0
452800,448,-66.05447,0
452810,447,-66.19501,0
452820,437,-67.60042,0
452830,447,-66.19501,0
452840,439,-67.31934,0
452850,450,-65.77338,0
452860,451,-65.63284,0
452870,444,-66.61664,0
452880,447,-66.19501,0
452890,448,-66.05447,0
452900,448,-66.05447,0
452910,446,-66.33555,0
452920,446,-66.33555,0
452930,444,-66.61664,0
452940,447,-66.19501,0
452950,449,-65.91393,0
452960,449,-65.91393,0
452970,445,-66.47609,0
452980,453,-65.35176,0
452990,449,-65.91393,0
453000,448,-66.05447,0
453010,446,-66.33555,0
453020,446,-66.33555,0
453030,450,-65.77338,0
453040,446,-66.33555,0
453050,449,-65.91393,0
453060,442,-66.89772,0
453070,447,-66.19501,0
453080,450,-65.77338,0
453090,445,-66.47609,0
453100,450,-65.77338,0
453110,447,-66.19501,0
453120,443,-66.75717,0
453130,442,-66.89772,0
453140,445,-66.47609,0
453150,445,-66.47609,0
453160,452,-65.49229,0
453170,453,-65.35176,0
453180,453,-65.35176,0
453190,452,-65.49229,0
453200,449,-65.91393,0
453210,446,-66.33555,0
453220,443,-66.75717,0
453230,452,-65.49229,0
453240,447,-66.19501,0
453250,445,-66.47609,0
453260,446,-66.33555,0
453270,441,-67.03825,0
453280,445,-66.47609,0
453290,446,-66.33555,0
453300,447,-66.19501,0
453310,451,-65.63284,0
453320,444,-66.61664,0
453330,446,-66.33555,0
453340,448,-66.05447,0
453350,450,-65.77338,0
453360,451,-65.63284,0
453370,453,-65.35176,0
453380,445,-66.47609,0
453390,449,-65.91393,0
453400,449,-65.91393,0
453410,446,-66.33555,0
453420,451,-65.63284,0
453430,448,-66.05447,0
453440,450,-65.77338,0
453450,442,-66.89772,0
453460,446,-66.33555,0
453470,452,-65.49229,0
453480,443,-66.75717,0
453490,447,-66.19501,0
453500,449,-65.91393,0
453510,443,-66.75717,0
453520,449,-65.91393,0
453530,451,-65.63284,0
453540,441,-67.03825,0
453550,453,-65.35176,0
453560,450,-65.77338,0
453570,443,-66.75717,0
453580,440,-67.1788,0
453590,445,-66.47609,0
453600,440,-67.1788,0
453610,442,-66.89772,0
453620,448,-66.05447,0
453630,446,-66.33555,0
453640,446,-66.33555,0
453650,448,-66.05447,0
453660,448,-66.05447,0
453670,453,-65.35176,0
453680,444,-66.61664,0
453690,446,-66.33555,0
453700,441,-67.03825,0
453710,449,-65.91393,0
453720,437,-67.60042,0
453730,443,-66.75717,0
453740,443,-66.75717,0
453750,450,-65.77338,0
453760,437,-67.60042,0
453770,443,-66.75717,0
453780,448,-66.05447,0
453790,448,-66.05447,0
453800,448,-66.05447,0
453810,445,-66.47609,0
453820,449,-65.91393,0
453830,448,-66.05447,0
453840,447,-66.19501,0
453850,452,-65.49229,0
453860,449,-65.91393,0
453870,451,-65.63284,0
453880,449,-65.91393,0
453890,453,-65.35176,0
453900,445,-66.47609,0
453910,452,-65.49229,0
453920,448,-66.05447,0
453930,447,-66.19501,0
453940,445,-66.47609,0
453950,453,-65.35176,0
453960,457,-64.7896,0
453970,447,-66.19501,0
453980,450,-65.77338,0
453990,448,-66.05447,0
454000,444,-66.61664,0
454010,447,-66.19501,0
454020,444,-66.61664,0
454030,447,-66.19501,0
454040,445,-66.47609,0
454050,452,-65.49229,0
454060,452,-65.49229,0
454070,444,-66.61664,0
454080,447,-66.19501,0
454090,451,-65.63284,0
454100,454,-65.21122,0
454110,454,-65.21122,0
454120,452,-65.49229,0
454130,441,-67.03825,0
454140,438,-67.45988,0
454150,446,-66.33555,0
454160,443,-66.75717,0
454170,446,-66.33555,0
454180,443,-66.75717,0
454190,444,-66.61664,0
454200,450,-65.77338,0
454210,451,-65.63284,0
454220,447,-66.19501,0
454230,449,-65.91393,0
454240,446,-66.33555,0
454250,446,-66.33555,0
454260,449,-65.91393,0
454270,439,-67.31934,0
454280,451,-65.63284,0
454290,448,-66.05447,0
454300,456,-64.93014,0
454310,447,-66.19501,0
454320,449,-65.91393,0
454330,452,-65.49229,0
454340,450,-65.77338,0
454350,450,-65.77338,0
454360,456,-64.93014,0
454370,450,-65.77338,0
454380,446,-66.33555,0
454390,448,-66.05447,0
454400,447,-66.19501,0
454410,448,-66.05447,0
454420,444,-66.61664,0
454430,443,-66.75717,0
454440,444,-66.61664,0
454450,447,-66.19501,0
454460,449,-65.91393,0
454470,446,-66.33555,0
454480,451,-65.63284,0
454490,453,-65.35176,0
454500,439,-67.31934,0
454510,449,-65.91393,0
454520,441,-67.03825,0
454530,450,-65.77338,0
454540,453,-65.35176,0
454550,451,-65.63284,0
454560,446,-66.33555,0
454570,447,-66.19501,0
454580,449,-65.91393,0
454590,448,-66.05447,0
454600,450,-65.77338,0
454610,447,-66.19501,0
454620,442,-66.89772,0
454630,450,-65.77338,0
454640,458,-64.64905,0
454650,450,-65.77338,0
454660,443,-66.75717,0
454670,445,-66.47609,0
454680,446,-66.33555,0
454690,452,-65.49229,0
454700,445,-66.47609,0
454710,441,-67.03825,0
454720,443,-66.75717,0
454730,451,-65.63284,0
454740,436,-67.74097,0
454750,447,-66.19501,0
454760,457,-64.7896,0
454770,443,-66.75717,0
454780,456,-64.93014,0
454790,449,-65.91393,0
454800,451,-65.63284,0
454810,446,-66.33555,0
454820,444,-66.61664,0
454830,451,-65.63284,0
454840,445,-66.47609,0
454850,446,-66.33555,0
454860,445,-66.47609,0
454870,449,-65.91393,0
454880,448,-66.05447,0
454890,452,-65.49229,0
454900,449,-65.91393,0
454910,452,-65.49229,0
454920,441,-67.03825,0
454930,448,-66.05447,0
454940,448,-66.05447,0
454950,448,-66.05447,0
454960,451,-65.63284,0
454970,452,-65.49229,0
454980,449,-65.91393,0
454990,452,-65.49229,0
455000,453,-65.35176,0
455010,455,-65.07068,0
455020,448,-66.05447,0
455030,456,-64.93014,0
455040,449,-65.91393,0
455050,448,-66.05447,0
455060,445,-66.47609,0
455070,444,-66.61664,0
455080,450,-65.77338,0
455090,443,-66.75717,0
455100,450,-65.77338,0
455110,450,-65.77338,0
455120,441,-67.03825,0
455130,453,-65.35176,0
455140,451,-65.63284,0
455150,448,-66.05447,0
455160,450,-65.77338,0
455170,452,-65.49229,0
455180,448,-66.05447,0
455190,443,-66.75717,0
455200,446,-66.33555,0
455210,446,-66.33555,0
455220,442,-66.89772,0
455230,448,-66.05447,0
455240,454,-65.21122,0
455250,449,-65.91393,0
455260,453,-65.35176,0
455270,446,-66.33555,0
455280,451,-65.63284,0
455290,452,-65.49229,0
455300,453,-65.35176,0
455310,450,-65.77338,0
455320,451,-65.63284,0
455330,453,-65.35176,0
455340,446,-66.33555,0
455350,451,-65.63284,0
455360,448,-66.05447,0
455370,445,-66.47609,0
455380,449,-65.91393,0
455390,450,-65.77338,0
455400,444,-66.61664,0
455410,452,-65.49229,0
455420,453,-65.35176,0
455430,456,-64.93014,0
455440,447,-66.19501,0
455450,448,-66.05447,0
455460,448,-66.05447,0
455470,449,-65.91393,0
455480,457,-64.7896,0
455490,454,-65.21122,0
455500,450,-65.77338,0
455510,449,-65.91393,0
455520,449,-65.91393,0
455530,448,-66.05447,0
455540,445,-66.47609,0
455550,454,-65.21122,0
455560,450,-65.77338,0
455570,452,-65.49229,0
455580,453,-65.35176,0
455590,452,-65.49229,0
455600,449,-65.91393,0
455610,450,-65.77338,0
455620,450,-65.77338,0
455630,452,-65.49229,0
455640,443,-66.75717,0
455650,445,-66.47609,0
455660,457,-64.7896,0
455670,443,-66.75717,0
455680,455,-65.07068,0
455690,450,-65.77338,0
455700,444,-66.61664,0
455710,452,-65.49229,0
455720,448,-66.05447,0
455730,454,-65.21122,0
455740,447,-66.19501,0
455750,444,-66.61664,0
455760,452,-65.49229,0
455770,446,-66.33555,0
455780,451,-65.63284,0
455790,448,-66.05447,0
455800,456,-64.93014,0
455810,450,-65.77338,0
455820,450,-65.77338,0
455830,452,-65.49229,0
455840,451,-65.63284,0
455850,453,-65.35176,0
455860,448,-66.05447,0
455870,440,-67.1788,0
455880,449,-65.91393,0
455890,453,-65.35176,0
455900,451,-65.63284,0
455910,455,-65.07068,0
455920,451,-65.63284,0
455930,446,-66.33555,0
455940,458,-64.64905,0
455950,446,-66.33555,0
455960,451,-65.63284,0
455970,452,-65.49229,0
455980,452,-65.49229,0
455990,454,-65.21122,0
456000,451,-65.63284,0
456010,451,-65.63284,0
456020,442,-66.89772,0
456030,451,-65.63284,0
456040,451,-65.63284,0
456050,457,-64.7896,0
456060,446,-66.33555,0
456070,446,-66.33555,0
456080,448,-66.05447,0
456090,451,-65.63284,0
456100,451,-65.63284,0
456110,444,-66.61664,0
456120,448,-66.05447,0
456130,455,-65.07068,0
456140,453,-65.35176,0
456150,456,-64.93014,0
456160,453,-65.35176,0
456170,446,-66.33555,0
456180,449,-65.91393,0
456190,451,-65.63284,0
456200,452,-65.49229,0
456210,458,-64.64905,0
456220,453,-65.35176,0
456230,448,-66.05447,0
456240,449,-65.91393,0
456250,449,-65.91393,0
456260,450,-65.77338,0
456270,448,-66.05447,0
456280,456,-64.93014,0
456290,450,-65.77338,0
456300,453,-65.35176,0
456310,456,-64.93014,0
456320,450,-65.77338,0
456330,454,-65.21122,0
456340,452,-65.49229,0
456350,452,-65.49229,0
456360,455,-65.07068,0
456370,456,-64.93014,0
456380,452,-65.49229,0
456390,452,-65.49229,0
456400,447,-66.19501,0
456410,454,-65.21122,0
456420,453,-65.35176,0
456430,449,-65.91393,0
456440,447,-66.19501,0
456450,447,-66.19501,0
456460,455,-65.07068,0
456470,451,-65.63284,0
456480,453,-65.35176,0
456490,448,-66.05447,0
456500,446,-66.33555,0
456510,455,-65.07068,0
456520,451,-65.63284,0
456530,458,-64.64905,0
456540,451,-65.63284,0
456550,454,-65.21122,0
456560,457,-64.7896,0
456570,453,-65.35176,0
456580,456,-64.93014,0
456590,450,-65.77338,0
456600,453,-65.35176,0
456610,450,-65.77338,0
456620,459,-64.50851,0
456630,446,-66.33555,0
456640,452,-65.49229,0
456650,448,-66.05447,0
456660,447,-66.19501,0
456670,455,-65.07068,0
456680,449,-65.91393,0
456690,456,-64.93014,0
456700,446,-66.33555,0
456710,447,-66.19501,0
456720,444,-66.61664,0
456730,451,-65.63284,0
456740,453,-65.35176,0
456750,454,-65.21122,0
456760,443,-66.75717,0
456770,445,-66.47609,0
456780,441,-67.03825,0
456790,453,-65.35176,0
456800,454,-65.21122,0
456810,450,-65.77338,0
456820,452,-65.49229,0
456830,445,-66.47609,0
456840,452,-65.49229,0
456850,451,-65.63284,0
456860,447,-66.19501,0
456870,446,-66.33555,0
456880,448,-66.05447,0
456890,449,-65.91393,0
456900,449,-65.91393,0
456910,460,-64.36797,0
456920,457,-64.7896,0
456930,451,-65.63284,0
456940,449,-65.91393,0
456950,454,-65.21122,0
456960,450,-65.77338,0
456970,442,-66.89772,0
456980,449,-65.91393,0
456990,446,-66.33555,0
457000,454,-65.21122,0
457010,452,-65.49229,0
457020,450,-65.77338,0
457030,455,-65.07068,0
457040,447,-66.19501,0
457050,453,-65.35176,0
457060,451,-65.63284,0
457070,453,-65.35176,0
457080,455,-65.07068,0
457090,449,-65.91393,0
457100,449,-65.91393,0
457110,454,-65.21122,0
457120,452,-65.49229,0
457130,451,-65.63284,0
457140,443,-66.75717,0
457150,450,-65.77338,0
457160,456,-64.93014,0
457170,453,-65.35176,0
457180,452,-65.49229,0
457190,450,-65.77338,0
457200,456,-64.93014,0
457210,454,-65.21122,0
457220,450,-65.77338,0
457230,446,-66.33555,0
457240,448,-66.05447,0
457250,453,-65.35176,0
457260,459,-64.50851,0
457270,457,-64.7896,0
457280,448,-66.05447,0
457290,449,-65.91393,0
457300,454,-65.21122,0
457310,448,-66.05447,0
457320,448,-66.05447,0
457330,454,-65.21122,0
457340,449,-65.91393,0
457350,451,-65.63284,0
457360,447,-66.19501,0
457370,454,-65.21122,0
457380,457,-64.7896,0
457390,451,-65.63284,0
457400,458,-64.64905,0
457410,447,-66.19501,0
457420,451,-65.63284,0
457430,453,-65.35176,0
457440,454,-65.21122,0
457450,456,-64.93014,0
457460,456,-64.93014,0
457470,452,-65.49229,0
457480,448,-66.05447,0
457490,455,-65.07068,0
457500,453,-65.35176,0
457510,450,-65.77338,0
457520,458,-64.64905,0
457530,451,-65.63284,0
457540,443,-66.75717,0
457550,451,-65.63284,0
457560,450,-65.77338,0
457570,451,-65.63284,0
457580,457,-64.7896,0
457590,457,-64.7896,0
457600,446,-66.33555,0
457610,448,-66.05447,0
457620,454,-65.21122,0
457630,451,-65.63284,0
457640,453,-65.35176,0
457650,454,-65.21122,0
457660,448,-66.05447,0
457670,454,-65.21122,0
457680,452,-65.49229,0
457690,450,-65.77338,0
457700,450,-65.77338,0
457710,452,-65.49229,0
457720,450,-65.77338,0
457730,449,-65.91393,0
457740,453,-65.35176,0
457750,451,-65.63284,0
457760,450,-65.77338,0
457770,448,-66.05447,0
457780,452,-65.49229,0
457790,447,-66.19501,0
457800,456,-64.93014,0
457810,453,-65.35176,0
457820,452,-65.49229,0
457830,463,-63.94635,0
457840,456,-64.93014,0
457850,449,-65.91393,0
457860,448,-66.05447,0
457870,460,-64.36797,0
457880,447,-66.19501,0
457890,443,-66.75717,0
457900,457,-64.7896,0
457910,449,-65.91393,0
457920,459,-64.50851,0
457930,449,-65.91393,0
457940,447,-66.19501,0
457950,453,-65.35176,0
457960,451,-65.63284,0
457970,452,-65.49229,0
457980,450,-65.77338,0
457990,453,-65.35176,0
458000,450,-65.77338,0
458010,459,-64.50851,0
458020,454,-65.21122,0
458030,455,-65.07068,0
458040,454,-65.21122,0
458050,455,-65.07068,0
458060,450,-65.77338,0
458070,451,-65.63284,0
458080,454,-65.21122,0
458090,445,-66.47609,0
458100,453,-65.35176,0
458110,451,-65.63284,0
458120,451,-65.63284,0
458130,455,-65.07068,0
458140,445,-66.47609,0
458150,451,-65.63284,0
458160,451,-65.63284,0
458170,455,-65.07068,0
458180,452,-65.49229,0
458190,452,-65.49229,0
458200,448,-66.05447,0
458210,452,-65.49229,0
458220,453,-65.35176,0
458230,456,-64.93014,0
458240,445,-66.47609,0
458250,446,-66.33555,0
458260,454,-65.21122,0
458270,455,-65.07068,0
458280,453,-65.35176,0
458290,455,-65.07068,0
458300,454,-65.21122,0
458310,451,-65.63284,0
458320,444,-66.61664,0
458330,444,-66.61664,0
458340,450,-65.77338,0
458350,446,-66.33555,0
458360,445,-66.47609,0
458370,451,-65.63284,0
458380,457,-64.7896,0
458390,449,-65.91393,0
458400,456,-64.93014,0
458410,447,-66.19501,0
458420,446,-66.33555,0
458430,452,-65.49229,0
458440,455,-65.07068,0
458450,454,-65.21122,0
458460,457,-64.7896,0
458470,446,-66.33555,0
458480,452,-65.49229,0
458490,447,-66.19501,0
458500,459,-64.50851,0
458510,444,-66.61664,0
458520,450,-65.77338,0
458530,455,-65.07068,0
458540,452,-65.49229,0
458550,450,-65.77338,0
458560,447,-66.19501,0
458570,450,-65.77338,0
458580,447,-66.19501,0
458590,448,-66.05447,0
458600,450,-65.77338,0
458610,451,-65.63284,0
458620,454,-65.21122,0
458630,453,-65.35176,0
458640,455,-65.07068,0
458650,451,-65.63284,0
458660,451,-65.63284,0
458670,454,-65.21122,0
458680,454,-65.21122,0
458690,455,-65.07068,0
458700,448,-66.05447,0
458710,449,-65.91393,0
458720,450,-65.77338,0
458730,453,-65.35176,0
458740,448,-66.05447,0
458750,447,-66.19501,0
458760,453,-65.35176,0
458770,454,-65.21122,0
458780,444,-66.61664,0
458790,453,-65.35176,0
458800,450,-65.77338,0
458810,444,-66.61664,0
458820,445,-66.47609,0
458830,449,-65.91393,0
458840,452,-65.49229,0
458850,447,-66.19501,0
458860,451,-65.63284,0
458870,454,-65.21122,0
458880,457,-64.7896,0
458890,456,-64.93014,0
458900,453,-65.35176,0
458910,457,-64.7896,0
458920,457,-64.7896,0
458930,449,-65.91393,0
458940,450,-65.77338,0
458950,446,-66.33555,0
458960,454,-65.21122,0
458970,452,-65.49229,0
458980,447,-66.19501,0
458990,448,-66.05447,0
459000,445,-66.47609,0
459010,456,-64.93014,0
459020,445,-66.47609,0
459030,444,-66.61664,0
459040,450,-65.77338,0
459050,454,-65.21122,0
459060,459,-64.50851,0
459070,452,-65.49229,0
459080,452,-65.49229,0
459090,456,-64.93014,0
459100,453,-65.35176,0
459110,454,-65.21122,0
459120,447,-66.19501,0
459130,453,-65.35176,0
459140,452,-65.49229,0
459150,455,-65.07068,0
459160,452,-65.49229,0
459170,452,-65.49229,0
459180,456,-64.93014,0
459190,455,-65.07068,0
459200,448,-66.05447,0
459210,449,-65.91393,0
459220,447,-66.19501,0
459230,452,-65.49229,0
459240,451,-65.63284,0
459250,459,-64.50851,0
459260,459,-64.50851,0
459270,456,-64.93014,0
459280,456,-64.93014,0
459290,449,-65.91393,0
459300,455,-65.07068,0
459310,452,-65.49229,0
459320,456,-64.93014,0
459330,450,-65.77338,0
459340,446,-66.33555,0
459350,455,-65.07068,0
459360,452,-65.49229,0
459370,456,-64.93014,0
459380,456,-64.93014,0
459390,450,-65.77338,0
459400,450,-65.77338,0
459410,453,-65.35176,0
459420,457,-64.7896,0
459430,454,-65.21122,0
459440,451,-65.63284,0
459450,455,-65.07068,0
459460,447,-66.19501,0
459470,450,-65.77338,0
459480,452,-65.49229,0
459490,452,-65.49229,0
459500,462,-64.08688,0
459510,455,-65.07068,0
459520,447,-66.19501,0
459530,449,-65.91393,0
459540,449,-65.91393,0
459550,457,-64.7896,0
459560,453,-65.35176,0
459570,450,-65.77338,0
459580,449,-65.91393,0
459590,456,-64.93014,0
459600,460,-64.36797,0
459610,457,-64.7896,0
459620,456,-64.93014,0
459630,452,-65.49229,0
459640,455,-65.07068,0
459650,451,-65.63284,0
459660,458,-64.64905,0
459670,453,-65.35176,0
459680,454,-65.21122,0
459690,448,-66.05447,0
459700,451,-65.63284,0
459710,455,-65.07068,0
459720,450,-65.77338,0
459730,454,-65.21122,0
459740,451,-65.63284,0
459750,453,-65.35176,0
459760,455,-65.07068,0
459770,447,-66.19501,0
459780,454,-65.21122,0
459790,454,-65.21122,0
459800,462,-64.08688,0
459810,451,-65.63284,0
459820,452,-65.49229,0
459830,458,-64.64905,0
459840,455,-65.07068,0
459850,455,-65.07068,0
459860,461,-64.22743,0
459870,451,-65.63284,0
459880,452,-65.49229,0
459890,449,-65.91393,0
459900,460,-64.36797,0
459910,459,-64.50851,0
459920,453,-65.35176,0
459930,456,-64.93014,0
459940,452,-65.49229,0
459950,452,-65.49229,0
459960,456,-64.93014,0
459970,455,-65.07068,0
459980,450,-65.77338,0
459990,449,-65.91393,0
460000,454,-65.21122,0
460010,453,-65.35176,0
460020,456,-64.93014,0
460030,457,-64.7896,0
460040,456,-64.93014,0
460050,455,-65.07068,0
460060,452,-65.49229,0
460070,457,-64.7896,0
460080,457,-64.7896,0
460090,454,-65.21122,0
460100,459,-64.50851,0
460110,452,-65.49229,0
460120,453,-65.35176,0
460130,457,-64.7896,0
460140,452,-65.49229,0
460150,449,-65.91393,0
460160,455,-65.07068,0
460170,444,-66.61664,0
460180,457,-64.7896,0
460190,457,-64.7896,0
460200,456,-64.93014,0
460210,451,-65.63284,0
460220,455,-65.07068,0
460230,457,-64.7896,0
460240,449,-65.91393,0
460250,451,-65.63284,0
460260,443,-66.75717,0
460270,451,-65.63284,0
460280,457,-64.7896,0
460290,458,-64.64905,0
460300,456,-64.93014,0
460310,450,-65.77338,0
460320,459,-64.50851,0
460330,453,-65.35176,0
460340,454,-65.21122,0
460350,455,-65.07068,0
460360,449,-65.91393,0
460370,457,-64.7896,0
460380,454,-65.21122,0
460390,456,-64.93014,0
460400,449,-65.91393,0
460410,460,-64.36797,0
460420,456,-64.93014,0
460430,459,-64.50851,0
460440,457,-64.7896,0
460450,450,-65.77338,0
460460,455,-65.07068,0
460470,450,-65.77338,0
460480,456,-64.93014,0
460490,457,-64.7896,0
460500,459,-64.50851,0
460510,456,-64.93014,0
460520,458,-64.64905,0
460530,454,-65.21122,0
460540,453,-65.35176,0
460550,458,-64.64905,0
460560,454,-65.21122,0
460570,455,-65.07068,0
460580,444,-66.61664,0
460590,449,-65.91393,0
460600,459,-64.50851,0
460610,454,-65.21122,0
460620,459,-64.50851,0
460630,450,-65.77338,0
460640,456,-64.93014,0
460650,455,-65.07068,0
460660,455,-65.07068,0
460670,449,-65.91393,0
460680,451,-65.63284,0
460690,453,-65.35176,0
460700,448,-66.05447,0
460710,456,-64.93014,0
460720,453,-65.35176,0
460730,451,-65.63284,0
460740,451,-65.63284,0
460750,452,-65.49229,0
460760,456,-64.93014,0
460770,458,-64.64905,0
460780,457,-64.7896,0
460790,453,-65.35176,0
460800,457,-64.7896,0
460810,452,-65.49229,0
460820,458,-64.64905,0
460830,462,-64.08688,0
460840,457,-64.7896,0
460850,444,-66.61664,0
460860,451,-65.63284,0
460870,453,-65.35176,0
460880,452,-65.49229,0
460890,455,-65.07068,0
460900,451,-65.63284,0
460910,451,-65.63284,0
460920,449,-65.91393,0
460930,456,-64.93014,0
460940,449,-65.91393,0
460950,450,-65.77338,0
460960,454,-65.21122,0
460970,460,-64.36797,0
460980,462,-64.08688,0
460990,456,-64.93014,0
461000,451,-65.63284,0
461010,453,-65.35176,0
461020,458,-64.64905,0
461030,454,-65.21122,0
461040,450,-65.77338,0
461050,454,-65.21122,0
461060,449,-65.91393,0
461070,456,-64.93014,0
461080,454,-65.21122,0
461090,454,-65.21122,0
461100,450,-65.77338,0
461110,456,-64.93014,0
461120,449,-65.91393,0
461130,458,-64.64905,0
461140,456,-64.93014,0
461150,452,-65.49229,0
461160,451,-65.63284,0
461170,452,-65.49229,0
461180,456,-64.93014,0
461190,453,-65.35176,0
461200,451,-65.63284,0
461210,454,-65.21122,0
461220,453,-65.35176,0
461230,455,-65.07068,0
461240,455,-65.07068,0
461250,448,-66.05447,0
461260,457,-64.7896,0
461270,456,-64.93014,0
461280,453,-65.35176,0
461290,459,-64.50851,0
461300,458,-64.64905,0
461310,453,-65.35176,0
461320,461,-64.22743,0
461330,450,-65.77338,0
461340,463,-63.94635,0
461350,461,-64.22743,0
461360,451,-65.63284,0
461370,457,-64.7896,0
461380,456,-64.93014,0
461390,458,-64.64905,0
461400,456,-64.93014,0
461410,460,-64.36797,0
461420,450,-65.77338,0
461430,458,-64.64905,0
461440,460,-64.36797,0
461450,452,-65.49229,0
461460,448,-66.05447,0
461470,459,-64.50851,0
461480,456,-64.93014,0
461490,456,-64.93014,0
461500,456,-64.93014,0
461510,456,-64.93014,0
461520,454,-65.21122,0
461530,458,-64.64905,0
461540,459,-64.50851,0
461550,460,-64.36797,0
461560,454,-65.21122,0
461570,461,-64.22743,0
461580,454,-65.21122,0
461590,463,-63.94635,0
461600,457,-64.7896,0
461610,450,-65.77338,0
461620,459,-64.50851,0
461630,455,-65.07068,0
461640,452,-65.49229,0
461650,453,-65.35176,0
461660,451,-65.63284,0
461670,455,-65.07068,0
461680,455,-65.07068,0
461690,456,-64.93014,0
461700,458,-64.64905,0
461710,454,-65.21122,0
461720,454,-65.21122,0
461730,450,-65.77338,0
461740,455,-65.07068,0
461750,453,-65.35176,0
461760,452,-65.49229,0
461770,453,-65.35176,0
461780,453,-65.35176,0
461790,452,-65.49229,0
461800,456,-64.93014,0
461810,458,-64.64905,0
461820,460,-64.36797,0
461830,453,-65.35176,0
461840,460,-64.36797,0
461850,454,-65.21122,0
461860,459,-64.50851,0
461870,465,-63.66527,0
461880,456,-64.93014,0
461890,448,-66.05447,0
461900,453,-65.35176,0
461910,452,-65.49229,0
461920,452,-65.49229,0
461930,458,-64.64905,0
461940,461,-64.22743,0
461950,453,-65.35176,0
461960,448,-66.05447,0
461970,465,-63.66527,0
461980,457,-64.7896,0
461990,460,-64.36797,0
462000,461,-64.22743,0
462010,456,-64.93014,0
462020,461,-64.22743,0
462030,452,-65.49229,0
462040,453,-65.35176,0
462050,455,-65.07068,0
462060,452,-65.49229,0
462070,461,-64.22743,0
462080,454,-65.21122,0
462090,454,-65.21122,0
462100,455,-65.07068,0
462110,456,-64.93014,0
462120,460,-64.36797,0
462130,453,-65.35176,0
462140,462,-64.08688,0
462150,458,-64.64905,0
462160,459,-64.50851,0
462170,453,-65.35176,0
462180,458,-64.64905,0
462190,455,-65.07068,0
462200,453,-65.35176,0
462210,461,-64.22743,0
462220,449,-65.91393,0
462230,450,-65.77338,0
462240,459,-64.50851,0
462250,449,-65.91393,0
462260,450,-65.77338,0
462270,455,-65.07068,0
462280,446,-66.33555,0
462290,459,-64.50851,0
462300,458,-64.64905,0
462310,453,-65.35176,0
462320,458,-64.64905,0
462330,454,-65.21122,0
462340,463,-63.94635,0
462350,459,-64.50851,0
462360,452,-65.49229,0
462370,468,-63.24364,0
462380,457,-64.7896,0
462390,455,-65.07068,0
462400,454,-65.21122,0
462410,458,-64.64905,0
462420,456,-64.93014,0
462430,460,-64.36797,0
462440,457,-64.7896,0
462450,458,-64.64905,0
462460,450,-65.77338,0
462470,455,-65.07068,0
462480,463,-63.94635,0
462490,460,-64.36797,0
462500,448,-66.05447,0
462510,454,-65.21122,0
462520,462,-64.08688,0
462530,458,-64.64905,0
462540,455,-65.07068,0
462550,461,-64.22743,0
462560,455,-65.07068,0
462570,455,-65.07068,0
462580,454,-65.21122,0
462590,454,-65.21122,0
462600,459,-64.50851,0
462610,461,-64.22743,0
462620,451,-65.63284,0
462630,458,-64.64905,0
462640,457,-64.7896,0
462650,463,-63.94635,0
462660,459,-64.50851,0
462670,453,-65.35176,0
462680,457,-64.7896,0
462690,461,-64.22743,0
462700,455,-65.07068,0
462710,448,-66.05447,0
462720,453,-65.35176,0
462730,458,-64.64905,0
462740,458,-64.64905,0
462750,451,-65.63284,0
462760,458,-64.64905,0
462770,458,-64.64905,0
462780,460,-64.36797,0
462790,449,-65.91393,0
462800,455,-65.07068,0
462810,455,-65.07068,0
462820,449,-65.91393,0
462830,462,-64.08688,0
462840,459,-64.50851,0
462850,461,-64.22743,0
462860,458,-64.64905,0
462870,455,-65.07068,0
462880,459,-64.50851,0
462890,465,-63.66527,0
462900,461,-64.22743,0
462910,452,-65.49229,0
462920,466,-63.52472,0
462930,455,-65.07068,0
462940,462,-64.08688,0
462950,459,-64.50851,0
462960,462,-64.08688,0
462970,459,-64.50851,0
462980,461,-64.22743,0
462990,454,-65.21122,0
463000,462,-64.08688,0
463010,455,-65.07068,0
463020,463,-63.94635,0
463030,461,-64.22743,0
463040,455,-65.07068,0
463050,459,-64.50851,0
463060,454,-65.21122,0
463070,461,-64.22743,0
463080,460,-64.36797,0
463090,461,-64.22743,0
463100,459,-64.50851,0
463110,456,-64.93014,0
463120,462,-64.08688,0
463130,454,-65.21122,0
463140,456,-64.93014,0
463150,460,-64.36797,0
463160,459,-64.50851,0
463170,454,-65.21122,0
463180,455,-65.07068,0
463190,463,-63.94635,0
463200,454,-65.21122,0
463210,461,-64.22743,0
463220,460,-64.36797,0
463230,459,-64.50851,0
463240,461,-64.22743,0
463250,460,-64.36797,0
463260,455,-65.07068,0
463270,457,-64.7896,0
463280,464,-63.80581,0
463290,464,-63.80581,0
463300,459,-64.50851,0
463310,460,-64.36797,0
463320,464,-63.80581,0
463330,460,-64.36797,0
463340,461,-64.22743,0
463350,458,-64.64905,0
463360,454,-65.21122,0
463370,469,-63.1031,0
463380,460,-64.36797,0
463390,466,-63.52472,0
463400,462,-64.08688,0
463410,461,-64.22743,0
463420,465,-63.66527,0
463430,463,-63.94635,0
463440,465,-63.66527,0
463450,454,-65.21122,0
463460,459,-64.50851,0
463470,463,-63.94635,0
463480,460,-64.36797,0
463490,462,-64.08688,0
463500,461,-64.22743,0
463510,455,-65.07068,0
463520,464,-63.80581,0
463530,462,-64.08688,0
463540,460,-64.36797,0
463550,460,-64.36797,0
463560,461,-64.22743,0
463570,469,-63.1031,0
463580,459,-64.50851,0
463590,464,-63.80581,0
463600,459,-64.50851,0
463610,459,-64.50851,0
463620,466,-63.52472,0
463630,459,-64.50851,0
463640,458,-64.64905,0
463650,463,-63.94635,0
463660,456,-64.93014,0
463670,457,-64.7896,0
463680,467,-63.38418,0
463690,458,-64.64905,0
463700,460,-64.36797,0
463710,459,-64.50851,0
463720,458,-64.64905,0
463730,466,-63.52472,0
463740,460,-64.36797,0
463750,462,-64.08688,0
463760,460,-64.36797,0
463770,459,-64.50851,0
463780,461,-64.22743,0
463790,463,-63.94635,0
463800,461,-64.22743,0
463810,462,-64.08688,0
463820,459,-64.50851,0
463830,459,-64.50851,0
463840,462,-64.08688,0
463850,461,-64.22743,0
463860,459,-64.50851,0
463870,465,-63.66527,0
463880,459,-64.50851,0
463890,466,-63.52472,0
463900,464,-63.80581,0
463910,459,-64.50851,0
463920,460,-64.36797,0
463930,458,-64.64905,0
463940,458,-64.64905,0
463950,457,-64.7896,0
463960,458,-64.64905,0
463970,465,-63.66527,0
463980,464,-63.80581,0
463990,460,-64.36797,0
464000,457,-64.7896,0
464010,458,-64.64905,0
464020,463,-63.94635,0
464030,463,-63.94635,0
464040,458,-64.64905,0
464050,462,-64.08688,0
464060,461,-64.22743,0
464070,454,-65.21122,0
464080,462,-64.08688,0
464090,446,-66.33555,0
464100,463,-63.94635,0
464110,459,-64.50851,0
464120,462,-64.08688,0
464130,461,-64.22743,0
464140,457,-64.7896,0
464150,459,-64.50851,0
464160,449,-65.91393,0
464170,463,-63.94635,0
464180,460,-64.36797,0
464190,462,-64.08688,0
464200,464,-63.80581,0
464210,462,-64.08688,0
464220,461,-64.22743,0
464230,457,-64.7896,0
464240,465,-63.66527,0
464250,466,-63.52472,0
464260,464,-63.80581,0
464270,459,-64.50851,0
464280,462,-64.08688,0
464290,463,-63.94635,0
464300,459,-64.50851,0
464310,461,-64.22743,0
464320,463,-63.94635,0
464330,461,-64.22743,0
464340,460,-64.36797,0
464350,459,-64.50851,0
464360,456,-64.93014,0
464370,464,-63.80581,0
464380,458,-64.64905,0
464390,466,-63.52472,0
464400,461,-64.22743,0
464410,463,-63.94635,0
464420,461,-64.22743,0
464430,462,-64.08688,0
464440,462,-64.08688,0
464450,468,-63.24364,0
464460,463,-63.94635,0
464470,464,-63.80581,0
464480,453,-65.35176,0
464490,468,-63.24364,0
464500,467,-63.38418,0
464510,462,-64.08688,0
464520,464,-63.80581,0
464530,464,-63.80581,0
464540,467,-63.38418,0
464550,467,-63.38418,0
464560,464,-63.80581,0
464570,461,-64.22743,0
464580,465,-63.66527,0
464590,465,-63.66527,0
464600,461,-64.22743,0
464610,463,-63.94635,0
464620,466,-63.52472,0
464630,457,-64.7896,0
464640,470,-62.96255,0
464650,459,-64.50851,0
464660,465,-63.66527,0
464670,462,-64.08688,0
464680,461,-64.22743,0
464690,455,-65.07068,0
464700,461,-64.22743,0
464710,460,-64.36797,0
464720,462,-64.08688,0
464730,460,-64.36797,0
464740,464,-63.80581,0
464750,459,-64.50851,0
464760,466,-63.52472,0
464770,462,-64.08688,0
464780,459,-64.50851,0
464790,463,-63.94635,0
464800,454,-65.21122,0
464810,462,-64.08688,0
464820,467,-63.38418,0
464830,457,-64.7896,0
464840,471,-62.82201,0
464850,458,-64.64905,0
464860,463,-63.94635,0
464870,462,-64.08688,0
464880,462,-64.08688,0
464890,465,-63.66527,0
464900,470,-62.96255,0
464910,468,-63.24364,0
464920,463,-63.94635,0
464930,459,-64.50851,0
464940,465,-63.66527,0
464950,464,-63.80581,0
464960,464,-63.80581,0
464970,456,-64.93014,0
464980,462,-64.08688,0
464990,463,-63.94635,0
465000,461,-64.22743,0
465010,462,-64.08688,0
465020,464,-63.80581,0
465030,455,-65.07068,0
465040,469,-63.1031,0
465050,463,-63.94635,0
465060,463,-63.94635,0
465070,463,-63.94635,0
465080,465,-63.66527,0
465090,463,-63.94635,0
465100,460,-64.36797,0
465110,462,-64.08688,0
465120,469,-63.1031,0
465130,459,-64.50851,0
465140,462,-64.08688,0
465150,462,-64.08688,0
465160,465,-63.66527,0
465170,465,-63.66527,0
465180,463,-63.94635,0
465190,464,-63.80581,0
465200,466,-63.52472,0
465210,472,-62.68148,0
465220,460,-64.36797,0
465230,461,-64.22743,0
465240,464,-63.80581,0
465250,460,-64.36797,0
465260,466,-63.52472,0
465270,464,-63.80581,0
465280,468,-63.24364,0
465290,460,-64.36797,0
465300,463,-63.94635,0
465310,461,-64.22743,0
465320,461,-64.22743,0
465330,460,-64.36797,0
465340,463,-63.94635,0
465350,462,-64.08688,0
465360,466,-63.52472,0
465370,468,-63.24364,0
465380,459,-64.50851,0
465390,465,-63.66527,0
465400,464,-63.80581,0
465410,467,-63.38418,0
465420,464,-63.80581,0
465430,469,-63.1031,0
465440,463,-63.94635,0
465450,465,-63.66527,0
465460,463,-63.94635,0
465470,463,-63.94635,0
465480,462,-64.08688,0
465490,461,-64.22743,0
465500,461,-64.22743,0
465510,466,-63.52472,0
465520,463,-63.94635,0
465530,463,-63.94635,0
465540,466,-63.52472,0
465550,460,-64.36797,0
465560,465,-63.66527,0
465570,465,-63.66527,0
465580,455,-65.07068,0
465590,466,-63.52472,0
465600,464,-63.80581,0
465610,464,-63.80581,0
465620,463,-63.94635,0
465630,463,-63.94635,0
465640,463,-63.94635,0
465650,467,-63.38418,0
465660,457,-64.7896,0
465670,461,-64.22743,0
465680,460,-64.36797,0
465690,460,-64.36797,0
465700,455,-65.07068,0
465710,458,-64.64905,0
465720,459,-64.50851,0
465730,462,-64.08688,0
465740,462,-64.08688,0
465750,465,-63.66527,0
465760,465,-63.66527,0
465770,465,-63.66527,0
465780,455,-65.07068,0
465790,463,-63.94635,0
465800,464,-63.80581,0
465810,465,-63.66527,0
465820,458,-64.64905,0
465830,461,-64.22743,0
465840,465,-63.66527,0
465850,462,-64.08688,0
465860,467,-63.38418,0
465870,468,-63.24364,0
465880,460,-64.36797,0
465890,466,-63.52472,0
465900,468,-63.24364,0
465910,466,-63.52472,0
465920,464,-63.80581,0
465930,459,-64.50851,0
465940,469,-63.1031,0
465950,457,-64.7896,0
465960,464,-63.80581,0
465970,460,-64.36797,0
465980,460,-64.36797,0
465990,465,-63.66527,0
466000,464,-63.80581,0
466010,461,-64.22743,0
466020,468,-63.24364,0
466030,467,-63.38418,0
466040,464,-63.80581,0
466050,459,-64.50851,0
466060,469,-63.1031,0
466070,468,-63.24364,0
466080,461,-64.22743,0
466090,467,-63.38418,0
466100,461,-64.22743,0
466110,467,-63.38418,0
466120,464,-63.80581,0
466130,451,-65.63284,0
466140,462,-64.08688,0
466150,462,-64.08688,0
466160,461,-64.22743,0
466170,465,-63.66527,0
466180,454,-65.21122,0
466190,467,-63.38418,0
466200,461,-64.22743,0
466210,468,-63.24364,0
466220,461,-64.22743,0
466230,465,-63.66527,0
466240,467,-63.38418,0
466250,461,-64.22743,0
466260,461,-64.22743,0
466270,460,-64.36797,0
466280,469,-63.1031,0
466290,463,-63.94635,0
466300,466,-63.52472,0
466310,462,-64.08688,0
466320,462,-64.08688,0
466330,460,-64.36797,0
466340,468,-63.24364,0
466350,467,-63.38418,0
466360,461,-64.22743,0
466370,466,-63.52472,0
466380,461,-64.22743,0
466390,469,-63.1031,0
466400,465,-63.66527,0
466410,461,-64.22743,0
466420,467,-63.38418,0
466430,463,-63.94635,0
466440,463,-63.94635,0
466450,463,-63.94635,0
466460,462,-64.08688,0
466470,466,-63.52472,0
466480,459,-64.50851,0
466490,460,-64.36797,0
466500,467,-63.38418,0
466510,467,-63.38418,0
466520,465,-63.66527,0
466530,463,-63.94635,0
466540,468,-63.24364,0
466550,464,-63.80581,0
466560,466,-63.52472,0
466570,472,-62.68148,0
466580,465,-63.66527,0
466590,466,-63.52472,0
466600,462,-64.08688,0
466610,466,-63.52472,0
466620,466,-63.52472,0
466630,459,-64.50851,0
466640,462,-64.08688,0
466650,462,-64.08688,0
466660,470,-62.96255,0
466670,470,-62.96255,0
466680,472,-62.68148,0
466690,465,-63.66527,0
466700,457,-64.7896,0
466710,466,-63.52472,0
466720,464,-63.80581,0
466730,464,-63.80581,0
466740,463,-63.94635,0
466750,465,-63.66527,0
466760,458,-64.64905,0
466770,466,-63.52472,0
466780,464,-63.80581,0
466790,464,-63.80581,0
466800,457,-64.7896,0
466810,459,-64.50851,0
466820,467,-63.38418,0
466830,462,-64.08688,0
466840,464,-63.80581,0
466850,461,-64.22743,0
466860,468,-63.24364,0
466870,467,-63.38418,0
466880,464,-63.80581,0
466890,467,-63.38418,0
466900,467,-63.38418,0
466910,467,-63.38418,0
466920,467,-63.38418,0
466930,467,-63.38418,0
466940,463,-63.94635,0
466950,461,-64.22743,0
466960,464,-63.80581,0
466970,463,-63.94635,0
466980,466,-63.52472,0
466990,466,-63.52472,0
467000,465,-63.66527,0
467010,465,-63.66527,0
467020,464,-63.80581,0
467030,461,-64.22743,0
467040,465,-63.66527,0
467050,465,-63.66527,0
467060,465,-63.66527,0
467070,470,-62.96255,0
467080,462,-64.08688,0
467090,465,-63.66527,0
467100,469,-63.1031,0
467110,465,-63.66527,0
467120,461,-64.22743,0
467130,460,-64.36797,0
467140,473,-62.54093,0
467150,463,-63.94635,0
467160,468,-63.24364,0
467170,467,-63.38418,0
467180,463,-63.94635,0
467190,468,-63.24364,0
467200,465,-63.66527,0
467210,460,-64.36797,0
467220,462,-64.08688,0
467230,472,-62.68148,0
467240,466,-63.52472,0
467250,466,-63.52472,0
467260,465,-63.66527,0
467270,461,-64.22743,0
467280,461,-64.22743,0
467290,464,-63.80581,0
467300,465,-63.66527,0
467310,469,-63.1031,0
467320,473,-62.54093,0
467330,460,-64.36797,0
467340,461,-64.22743,0
467350,463,-63.94635,0
467360,472,-62.68148,0
467370,467,-63.38418,0
467380,469,-63.1031,0
467390,464,-63.80581,0
467400,467,-63.38418,0
467410,467,-63.38418,0
467420,464,-63.80581,0
467430,469,-63.1031,0
467440,463,-63.94635,0
467450,470,-62.96255,0
467460,466,-63.52472,0
467470,468,-63.24364,0
467480,467,-63.38418,0
467490,467,-63.38418,0
467500,458,-64.64905,0
467510,462,-64.08688,0
467520,466,-63.52472,0
467530,463,-63.94635,0
467540,464,-63.80581,0
467550,469,-63.1031,0
467560,458,-64.64905,0
467570,466,-63.52472,0
467580,464,-63.80581,0
467590,470,-62.96255,0
467600,468,-63.24364,0
467610,470,-62.96255,0
467620,464,-63.80581,0
467630,466,-63.52472,0
467640,464,-63.80581,0
467650,465,-63.66527,0
467660,470,-62.96255,0
467670,464,-63.80581,0
467680,465,-63.66527,0
467690,462,-64.08688,0
467700,473,-62.54093,0
467710,469,-63.1031,0
467720,471,-62.82201,0
467730,460,-64.36797,0
467740,464,-63.80581,0
467750,469,-63.1031,0
467760,465,-63.66527,0
467770,463,-63.94635,0
467780,458,-64.64905,0
467790,465,-63.66527,0
467800,467,-63.38418,0
467810,456,-64.93014,0
467820,462,-64.08688,0
467830,467,-63.38418,0
467840,467,-63.38418,0
467850,461,-64.22743,0
467860,468,-63.24364,0
467870,470,-62.96255,0
467880,463,-63.94635,0
467890,467,-63.38418,0
467900,467,-63.38418,0
467910,467,-63.38418,0
467920,465,-63.66527,0
467930,462,-64.08688,0
467940,470,-62.96255,0
467950,469,-63.1031,0
467960,469,-63.1031,0
467970,462,-64.08688,0
467980,466,-63.52472,0
467990,467,-63.38418,0
468000,466,-63.52472,0
468010,467,-63.38418,0
468020,475,-62.25985,0
468030,467,-63.38418,0
468040,468,-63.24364,0
468050,470,-62.96255,0
468060,462,-64.08688,0
468070,462,-64.08688,0
468080,466,-63.52472,0
468090,466,-63.52472,0
468100,464,-63.80581,0
468110,468,-63.24364,0
468120,461,-64.22743,0
468130,460,-64.36797,0
468140,467,-63.38418,0
468150,458,-64.64905,0
468160,466,-63.52472,0
468170,468,-63.24364,0
468180,469,-63.1031,0
468190,462,-64.08688,0
468200,466,-63.52472,0
468210,467,-63.38418,0
468220,465,-63.66527,0
468230,469,-63.1031,0
468240,469,-63.1031,0
468250,466,-63.52472,0
468260,467,-63.38418,0
468270,466,-63.52472,0
468280,472,-62.68148,0
468290,469,-63.1031,0
468300,463,-63.94635,0
468310,464,-63.80581,0
468320,466,-63.52472,0
468330,468,-63.24364,0
468340,470,-62.96255,0
468350,466,-63.52472,0
468360,464,-63.80581,0
468370,474,-62.40039,0
468380,462,-64.08688,0
468390,463,-63.94635,0
468400,463,-63.94635,0
468410,468,-63.24364,0
468420,464,-63.80581,0
468430,470,-62.96255,0
468440,474,-62.40039,0
468450,462,-64.08688,0
468460,471,-62.82201,0
468470,469,-63.1031,0
468480,464,-63.80581,0
468490,467,-63.38418,0
468500,467,-63.38418,0
468510,462,-64.08688,0
468520,468,-63.24364,0
468530,467,-63.38418,0
468540,475,-62.25985,0
468550,472,-62.68148,0
468560,472,-62.68148,0
468570,474,-62.40039,0
468580,471,-62.82201,0
468590,471,-62.82201,0
468600,470,-62.96255,0
468610,465,-63.66527,0
468620,466,-63.52472,0
468630,465,-63.66527,0
468640,463,-63.94635,0
468650,472,-62.68148,0
468660,466,-63.52472,0
468670,464,-63.80581,0
468680,467,-63.38418,0
468690,470,-62.96255,0
468700,471,-62.82201,0
468710,468,-63.24364,0
468720,461,-64.22743,0
468730,462,-64.08688,0
468740,466,-63.52472,0
468750,472,-62.68148,0
468760,464,-63.80581,0
468770,470,-62.96255,0
468780,471,-62.82201,0
468790,471,-62.82201,0
468800,461,-64.22743,0
468810,462,-64.08688,0
468820,459,-64.50851,0
468830,470,-62.96255,0
468840,461,-64.22743,0
468850,466,-63.52472,0
468860,471,-62.82201,0
468870,468,-63.24364,0
468880,465,-63.66527,0
468890,464,-63.80581,0
468900,468,-63.24364,0
468910,468,-63.24364,0
468920,468,-63.24364,0
468930,467,-63.38418,0
468940,464,-63.80581,0
468950,462,-64.08688,0
468960,467,-63.38418,0
468970,467,-63.38418,0
468980,463,-63.94635,0
468990,470,-62.96255,0
469000,463,-63.94635,0
469010,467,-63.38418,0
469020,468,-63.24364,0
469030,464,-63.80581,0
469040,466,-63.52472,0
469050,469,-63.1031,0
469060,470,-62.96255,0
469070,466,-63.52472,0
469080,461,-64.22743,0
469090,470,-62.96255,0
469100,465,-63.66527,0
469110,466,-63.52472,0
469120,468,-63.24364,0
469130,469,-63.1031,0
469140,471,-62.82201,0
469150,461,-64.22743,0
469160,465,-63.66527,0
469170,470,-62.96255,0
469180,467,-63.38418,0
469190,466,-63.52472,0
469200,469,-63.1031,0
469210,468,-63.24364,0
469220,466,-63.52472,0
469230,465,-63.66527,0
469240,464,-63.80581,0
469250,466,-63.52472,0
469260,464,-63.80581,0
469270,474,-62.40039,0
469280,465,-63.66527,0
469290,473,-62.54093,0
469300,468,-63.24364,0
469310,461,-64.22743,0
469320,470,-62.96255,0
469330,473,-62.54093,0
469340,471,-62.82201,0
469350,463,-63.94635,0
469360,470,-62.96255,0
469370,470,-62.96255,0
469380,465,-63.66527,0
469390,469,-63.1031,0
469400,464,-63.80581,0
469410,460,-64.36797,0
469420,469,-63.1031,0
469430,471,-62.82201,0
469440,472,-62.68148,0
469450,470,-62.96255,0
469460,462,-64.08688,0
469470,467,-63.38418,0
469480,468,-63.24364,0
469490,473,-62.54093,0
469500,462,-64.08688,0
469510,471,-62.82201,0
469520,466,-63.52472,0
469530,466,-63.52472,0
469540,467,-63.38418,0
469550,468,-63.24364,0
469560,468,-63.24364,0
469570,466,-63.52472,0
469580,468,-63.24364,0
469590,477,-61.97876,0
469600,471,-62.82201,0
469610,469,-63.1031,0
469620,471,-62.82201,0
469630,470,-62.96255,0
469640,468,-63.24364,0
469650,466,-63.52472,0
469660,467,-63.38418,0
469670,470,-62.96255,0
469680,466,-63.52472,0
469690,461,-64.22743,0
469700,468,-63.24364,0
469710,469,-63.1031,0
469720,467,-63.38418,0
469730,472,-62.68148,0
469740,464,-63.80581,0
469750,465,-63.66527,0
469760,465,-63.66527,0
469770,468,-63.24364,0
469780,474,-62.40039,0
469790,471,-62.82201,0
469800,465,-63.66527,0
469810,472,-62.68148,0
469820,473,-62.54093,0
469830,473,-62.54093,0
469840,477,-61.97876,0
469850,470,-62.96255,0
469860,470,-62.96255,0
469870,463,-63.94635,0
469880,470,-62.96255,0
469890,465,-63.66527,0
469900,467,-63.38418,0
469910,468,-63.24364,0
469920,469,-63.1031,0
469930,466,-63.52472,0
469940,470,-62.96255,0
469950,468,-63.24364,0
469960,469,-63.1031,0
469970,465,-63.66527,0
469980,464,-63.80581,0
469990,473,-62.54093,0
470000,472,-62.68148,0
470010,474,-62.40039,0
470020,472,-62.68148,0
470030,470,-62.96255,0
470040,472,-62.68148,0
470050,466,-63.52472,0
470060,470,-62.96255,0
470070,466,-63.52472,0
470080,473,-62.54093,0
470090,474,-62.40039,0
470100,469,-63.1031,0
470110,468,-63.24364,0
470120,462,-64.08688,0
470130,468,-63.24364,0
470140,471,-62.82201,0
470150,468,-63.24364,0
470160,478,-61.83822,0
470170,463,-63.94635,0
470180,472,-62.68148,0
470190,468,-63.24364,0
470200,468,-63.24364,0
470210,467,-63.38418,0
470220,468,-63.24364,0
470230,478,-61.83822,0
470240,470,-62.96255,0
470250,475,-62.25985,0
470260,467,-63.38418,0
470270,470,-62.96255,0
470280,471,-62.82201,0
470290,473,-62.54093,0
470300,462,-64.08688,0
470310,464,-63.80581,0
470320,472,-62.68148,0
470330,470,-62.96255,0
470340,469,-63.1031,0
470350,468,-63.24364,0
470360,467,-63.38418,0
470370,462,-64.08688,0
470380,472,-62.68148,0
470390,473,-62.54093,0
470400,470,-62.96255,0
470410,473,-62.54093,0
470420,472,-62.68148,0
470430,465,-63.66527,0
470440,470,-62.96255,0
470450,467,-63.38418,0
470460,475,-62.25985,0
470470,471,-62.82201,0
470480,472,-62.68148,0
470490,473,-62.54093,0
470500,471,-62.82201,0
470510,470,-62.96255,0
470520,466,-63.52472,0
470530,471,-62.82201,0
470540,465,-63.66527,0
470550,471,-62.82201,0
470560,462,-64.08688,0
470570,476,-62.11931,0
470580,468,-63.24364,0
470590,472,-62.68148,0
470600,463,-63.94635,0
470610,475,-62.25985,0
470620,471,-62.82201,0
470630,472,-62.68148,0
470640,465,-63.66527,0
470650,469,-63.1031,0
470660,474,-62.40039,0
470670,468,-63.24364,0
470680,469,-63.1031,0
470690,474,-62.40039,0
470700,460,-64.36797,0
470710,469,-63.1031,0
470720,467,-63.38418,0
470730,466,-63.52472,0
470740,468,-63.24364,0
470750,466,-63.52472,0
470760,473,-62.54093,0
470770,474,-62.40039,0
470780,472,-62.68148,0
470790,474,-62.40039,0
470800,468,-63.24364,0
470810,475,-62.25985,0
470820,469,-63.1031,0
470830,469,-63.1031,0
470840,472,-62.68148,0
470850,461,-64.22743,0
470860,468,-63.24364,0
470870,473,-62.54093,0
470880,468,-63.24364,0
470890,470,-62.96255,0
470900,473,-62.54093,0
470910,473,-62.54093,0
470920,466,-63.52472,0
470930,469,-63.1031,0
470940,474,-62.40039,0
470950,468,-63.24364,0
470960,468,-63.24364,0
470970,479,-61.69768,0
470980,468,-63.24364,0
470990,464,-63.80581,0
471000,466,-63.52472,0
471010,472,-62.68148,0
471020,472,-62.68148,0
471030,470,-62.96255,0
471040,474,-62.40039,0
471050,467,-63.38418,0
471060,467,-63.38418,0
471070,467,-63.38418,0
471080,470,-62.96255,0
471090,473,-62.54093,0
471100,464,-63.80581,0
471110,466,-63.52472,0
471120,475,-62.25985,0
471130,472,-62.68148,0
471140,470,-62.96255,0
471150,460,-64.36797,0
471160,471,-62.82201,0
471170,466,-63.52472,0
471180,466,-63.52472,0
471190,475,-62.25985,0
471200,472,-62.68148,0
471210,469,-63.1031,0
471220,468,-63.24364,0
471230,472,-62.68148,0
471240,470,-62.96255,0
471250,470,-62.96255,0
471260,464,-63.80581,0
471270,471,-62.82201,0
471280,466,-63.52472,0
471290,475,-62.25985,0
471300,464,-63.80581,0
471310,475,-62.25985,0
471320,472,-62.68148,0
471330,469,-63.1031,0
471340,469,-63.1031,0
471350,469,-63.1031,0
471360,471,-62.82201,0
471370,469,-63.1031,0
471380,473,-62.54093,0
471390,471,-62.82201,0
471400,469,-63.1031,0
471410,469,-63.1031,0
471420,470,-62.96255,0
471430,477,-61.97876,0
471440,467,-63.38418,0
471450,468,-63.24364,0
471460,471,-62.82201,0
471470,465,-63.66527,0
471480,474,-62.40039,0
471490,469,-63.1031,0
471500,469,-63.1031,0
471510,468,-63.24364,0
471520,474,-62.40039,0
471530,468,-63.24364,0
471540,474,-62.40039,0
471550,467,-63.38418,0
471560,466,-63.52472,0
471570,469,-63.1031,0
471580,475,-62.25985,0
471590,468,-63.24364,0
471600,468,-63.24364,0
471610,472,-62.68148,0
471620,466,-63.52472,0
471630,478,-61.83822,0
471640,474,-62.40039,0
471650,466,-63.52472,0
471660,470,-62.96255,0
471670,460,-64.36797,0
471680,470,-62.96255,0
471690,471,-62.82201,0
471700,466,-63.52472,0
471710,471,-62.82201,0
471720,468,-63.24364,0
471730,468,-63.24364,0
471740,467,-63.38418,0
471750,464,-63.80581,0
471760,470,-62.96255,0
471770,467,-63.38418,0
471780,469,-63.1031,0
471790,471,-62.82201,0
471800,469,-63.1031,0
471810,470,-62.96255,0
471820,476,-62.11931,0
471830,470,-62.96255,0
471840,461,-64.22743,0
471850,471,-62.82201,0
471860,473,-62.54093,0
471870,473,-62.54093,0
471880,472,-62.68148,0
471890,472,-62.68148,0
471900,471,-62.82201,0
471910,470,-62.96255,0
471920,471,-62.82201,0
471930,469,-63.1031,0
471940,473,-62.54093,0
471950,475,-62.25985,0
471960,466,-63.52472,0
471970,472,-62.68148,0
471980,464,-63.80581,0
471990,468,-63.24364,0
472000,466,-63.52472,0
472010,476,-62.11931,0
472020,473,-62.54093,0
472030,472,-62.68148,0
472040,469,-63.1031,0
472050,467,-63.38418,0
472060,473,-62.54093,0
472070,471,-62.82201,0
472080,471,-62.82201,0
472090,465,-63.66527,0
472100,469,-63.1031,0
472110,476,-62.11931,0
472120,470,-62.96255,0
472130,474,-62.40039,0
472140,468,-63.24364,0
472150,470,-62.96255,0
472160,470,-62.96255,0
472170,469,-63.1031,0
472180,478,-61.83822,0
472190,469,-63.1031,0
472200,473,-62.54093,0
472210,470,-62.96255,0
472220,471,-62.82201,0
472230,475,-62.25985,0
472240,475,-62.25985,0
472250,475,-62.25985,0
472260,476,-62.11931,0
472270,471,-62.82201,0
472280,479,-61.69768,0
472290,472,-62.68148,0
472300,475,-62.25985,0
472310,476,-62.11931,0
472320,464,-63.80581,0
472330,472,-62.68148,0
472340,472,-62.68148,0
472350,477,-61.97876,0
472360,473,-62.54093,0
472370,474,-62.40039,0
472380,472,-62.68148,0
472390,473,-62.54093,0
472400,475,-62.25985,0
472410,476,-62.11931,0
472420,465,-63.66527,0
472430,472,-62.68148,0
472440,475,-62.25985,0
472450,472,-62.68148,0
472460,467,-63.38418,0
472470,474,-62.40039,0
472480,474,-62.40039,0
472490,471,-62.82201,0
472500,474,-62.40039,0
472510,471,-62.82201,0
472520,473,-62.54093,0
472530,471,-62.82201,0
472540,465,-63.66527,0
472550,473,-62.54093,0
472560,467,-63.38418,0
472570,466,-63.52472,0
472580,477,-61.97876,0
472590,472,-62.68148,0
472600,468,-63.24364,0
472610,472,-62.68148,0
472620,472,-62.68148,0
472630,472,-62.68148,0
472640,476,-62.11931,0
472650,469,-63.1031,0
472660,470,-62.96255,0
472670,471,-62.82201,0
472680,475,-62.25985,0
472690,468,-63.24364,0
472700,473,-62.54093,0
472710,473,-62.54093,0
472720,476,-62.11931,0
472730,473,-62.54093,0
472740,472,-62.68148,0
472750,469,-63.1031,0
472760,468,-63.24364,0
472770,467,-63.38418,0
472780,469,-63.1031,0
472790,474,-62.40039,0
472800,474,-62.40039,0
472810,476,-62.11931,0
472820,472,-62.68148,0
472830,474,-62.40039,0
472840,469,-63.1031,0
472850,474,-62.40039,0
472860,475,-62.25985,0
472870,468,-63.24364,0
472880,476,-62.11931,0
472890,479,-61.69768,0
472900,469,-63.1031,0
472910,474,-62.40039,0
472920,469,-63.1031,0
472930,473,-62.54093,0
472940,468,-63.24364,0
472950,470,-62.96255,0
472960,470,-62.96255,0
472970,462,-64.08688,0
472980,470,-62.96255,0
472990,472,-62.68148,0
473000,471,-62.82201,0
473010,477,-61.97876,0
473020,468,-63.24364,0
473030,476,-62.11931,0
473040,473,-62.54093,0
473050,471,-62.82201,0
473060,477,-61.97876,0
473070,475,-62.25985,0
473080,473,-62.54093,0
473090,477,-61.97876,0
473100,473,-62.54093,0
473110,468,-63.24364,0
473120,468,-63.24364,0
473130,475,-62.25985,0
473140,470,-62.96255,0
473150,473,-62.54093,0
473160,466,-63.52472,0
473170,469,-63.1031,0
473180,477,-61.97876,0
473190,471,-62.82201,0
473200,479,-61.69768,0
473210,476,-62.11931,0
473220,466,-63.52472,0
473230,476,-62.11931,0
473240,473,-62.54093,0
473250,475,-62.25985,0
473260,476,-62.11931,0
473270,479,-61.69768,0
473280,473,-62.54093,0
473290,467,-63.38418,0
473300,469,-63.1031,0
473310,478,-61.83822,0
473320,475,-62.25985,0
473330,470,-62.96255,0
473340,466,-63.52472,0
473350,476,-62.11931,0
473360,477,-61.97876,0
473370,476,-62.11931,0
473380,468,-63.24364,0
473390,475,-62.25985,0
473400,473,-62.54093,0
473410,471,-62.82201,0
473420,474,-62.40039,0
473430,476,-62.11931,0
473440,476,-62.11931,0
473450,477,-61.97876,0
473460,474,-62.40039,0
473470,461,-64.22743,0
473480,476,-62.11931,0
473490,471,-62.82201,0
473500,475,-62.25985,0
473510,473,-62.54093,0
473520,472,-62.68148,0
473530,470,-62.96255,0
473540,467,-63.38418,0
473550,475,-62.25985,0
473560,474,-62.40039,0
473570,468,-63.24364,0
473580,473,-62.54093,0
473590,470,-62.96255,0
473600,475,-62.25985,0
473610,470,-62.96255,0
473620,472,-62.68148,0
473630,475,-62.25985,0
473640,475,-62.25985,0
473650,471,-62.82201,0
473660,476,-62.11931,0
473670,472,-62.68148,0
473680,475,-62.25985,0
473690,475,-62.25985,0
473700,467,-63.38418,0
473710,474,-62.40039,0
473720,473,-62.54093,0
473730,479,-61.69768,0
473740,470,-62.96255,0
473750,476,-62.11931,0
473760,478,-61.83822,0
473770,470,-62.96255,0
473780,473,-62.54093,0
473790,471,-62.82201,0
473800,475,-62.25985,0
473810,475,-62.25985,0
473820,470,-62.96255,0
473830,477,-61.97876,0
473840,479,-61.69768,0
473850,469,-63.1031,0
473860,475,-62.25985,0
473870,461,-64.22743,0
473880,469,-63.1031,0
473890,469,-63.1031,0
473900,473,-62.54093,0
473910,475,-62.25985,0
473920,471,-62.82201,0
473930,473,-62.54093,0
473940,480,-61.55714,0
473950,475,-62.25985,0
473960,469,-63.1031,0
473970,469,-63.1031,0
473980,474,-62.40039,0
473990,473,-62.54093,0
474000,480,-61.55714,0
474010,474,-62.40039,0
474020,472,-62.68148,0
474030,474,-62.40039,0
474040,476,-62.11931,0
474050,469,-63.1031,0
474060,473,-62.54093,0
474070,477,-61.97876,0
474080,477,-61.97876,0
474090,481,-61.4166,0
474100,475,-62.25985,0
474110,475,-62.25985,0
474120,471,-62.82201,0
474130,480,-61.55714,0
474140,474,-62.40039,0
474150,472,-62.68148,0
474160,471,-62.82201,0
474170,473,-62.54093,0
474180,471,-62.82201,0
474190,476,-62.11931,0
474200,477,-61.97876,0
474210,473,-62.54093,0
474220,477,-61.97876,0
474230,476,-62.11931,0
474240,470,-62.96255,0
474250,479,-61.69768,0
474260,472,-62.68148,0
474270,471,-62.82201,0
474280,478,-61.83822,0
474290,480,-61.55714,0
474300,475,-62.25985,0
474310,472,-62.68148,0
474320,472,-62.68148,0
474330,479,-61.69768,0
474340,474,-62.40039,0
474350,478,-61.83822,0
474360,480,-61.55714,0
474370,474,-62.40039,0
474380,475,-62.25985,0
474390,480,-61.55714,0
474400,479,-61.69768,0
474410,481,-61.4166,0
474420,479,-61.69768,0
474430,470,-62.96255,0
474440,471,-62.82201,0
474450,473,-62.54093,0
474460,477,-61.97876,0
474470,473,-62.54093,0
474480,476,-62.11931,0
474490,474,-62.40039,0
474500,471,-62.82201,0
474510,474,-62.40039,0
474520,472,-62.68148,0
474530,471,-62.82201,0
474540,473,-62.54093,0
474550,472,-62.68148,0
474560,476,-62.11931,0
474570,470,-62.96255,0
474580,478,-61.83822,0
474590,475,-62.25985,0
474600,481,-61.4166,0
474610,481,-61.4166,0
474620,478,-61.83822,0
474630,476,-62.11931,0
474640,469,-63.1031,0
474650,480,-61.55714,0
474660,473,-62.54093,0
474670,472,-62.68148,0
474680,478,-61.83822,0
474690,467,-63.38418,0
474700,472,-62.68148,0
474710,465,-63.66527,0
474720,474,-62.40039,0
474730,478,-61.83822,0
474740,473,-62.54093,0
474750,478,-61.83822,0
474760,474,-62.40039,0
474770,471,-62.82201,0
474780,478,-61.83822,0
474790,476,-62.11931,0
474800,473,-62.54093,0
474810,478,-61.83822,0
474820,474,-62.40039,0
474830,480,-61.55714,0
474840,472,-62.68148,0
474850,471,-62.82201,0
474860,478,-61.83822,0
474870,474,-62.40039,0
474880,481,-61.4166,0
474890,468,-63.24364,0
474900,471,-62.82201,0
474910,473,-62.54093,0
474920,472,-62.68148,0
474930,477,-61.97876,0
474940,471,-62.82201,0
474950,486,-60.71389,0
474960,472,-62.68148,0
474970,473,-62.54093,0
474980,477,-61.97876,0
474990,477,-61.97876,0
475000,477,-61.97876,0
475010,478,-61.83822,0
475020,481,-61.4166,0
475030,475,-62.25985,0
475040,482,-61.27606,0
475050,479,-61.69768,0
475060,475,-62.25985,0
475070,473,-62.54093,0
475080,477,-61.97876,0
475090,476,-62.11931,0
475100,472,-62.68148,0
475110,477,-61.97876,0
475120,472,-62.68148,0
475130,479,-61.69768,0
475140,474,-62.40039,0
475150,484,-60.99497,0
475160,472,-62.68148,0
475170,471,-62.82201,0
475180,482,-61.27606,0
475190,474,-62.40039,0
475200,476,-62.11931,0
475210,479,-61.69768,0
475220,474,-62.40039,0
475230,474,-62.40039,0
475240,470,-62.96255,0
475250,473,-62.54093,0
475260,479,-61.69768,0
475270,472,-62.68148,0
475280,473,-62.54093,0
475290,480,-61.55714,0
475300,474,-62.40039,0
475310,478,-61.83822,0
475320,471,-62.82201,0
475330,477,-61.97876,0
475340,475,-62.25985,0
475350,478,-61.83822,0
475360,476,-62.11931,0
475370,473,-62.54093,0
475380,477,-61.97876,0
475390,476,-62.11931,0
475400,476,-62.11931,0
475410,475,-62.25985,0
475420,473,-62.54093,0
475430,479,-61.69768,0
475440,475,-62.25985,0
475450,475,-62.25985,0
475460,473,-62.54093,0
475470,469,-63.1031,0
475480,475,-62.25985,0
475490,473,-62.54093,0
475500,474,-62.40039,0
475510,475,-62.25985,0
475520,473,-62.54093,0
475530,476,-62.11931,0
475540,470,-62.96255,0
475550,475,-62.25985,0
475560,472,-62.68148,0
475570,476,-62.11931,0
475580,482,-61.27606,0
475590,478,-61.83822,0
475600,477,-61.97876,0
475610,480,-61.55714,0
475620,471,-62.82201,0
475630,482,-61.27606,0
475640,475,-62.25985,0
475650,476,-62.11931,0
475660,482,-61.27606,0
475670,466,-63.52472,0
475680,476,-62.11931,0
475690,468,-63.24364,0
475700,475,-62.25985,0
475710,479,-61.69768,0
475720,473,-62.54093,0
475730,478,-61.83822,0
475740,469,-63.1031,0
475750,480,-61.55714,0
475760,476,-62.11931,0
475770,468,-63.24364,0
475780,474,-62.40039,0
475790,476,-62.11931,0
475800,481,-61.4166,0
475810,478,-61.83822,0
475820,476,-62.11931,0
475830,480,-61.55714,0
475840,470,-62.96255,0
475850,473,-62.54093,0
475860,481,-61.4166,0
475870,465,-63.66527,0
475880,486,-60.71389,0
475890,477,-61.97876,0
475900,481,-61.4166,0
475910,478,-61.83822,0
475920,477,-61.97876,0
475930,474,-62.40039,0
475940,476,-62.11931,0
475950,475,-62.25985,0
475960,474,-62.40039,0
475970,476,-62.11931,0
475980,473,-62.54093,0
475990,482,-61.27606,0
476000,475,-62.25985,0
476010,477,-61.97876,0
476020,472,-62.68148,0
476030,474,-62.40039,0
476040,473,-62.54093,0
476050,481,-61.4166,0
476060,471,-62.82201,0
476070,472,-62.68148,0
476080,477,-61.97876,0
476090,479,-61.69768,0
476100,474,-62.40039,0
476110,476,-62.11931,0
476120,472,-62.68148,0
476130,478,-61.83822,0
476140,475,-62.25985,0
476150,476,-62.11931,0
476160,471,-62.82201,0
476170,478,-61.83822,0
476180,471,-62.82201,0
476190,479,-61.69768,0
476200,480,-61.55714,0
476210,474,-62.40039,0
476220,481,-61.4166,0
476230,483,-61.13552,0
476240,481,-61.4166,0
476250,475,-62.25985,0
476260,475,-62.25985,0
476270,477,-61.97876,0
476280,477,-61.97876,0
476290,473,-62.54093,0
476300,474,-62.40039,0
476310,481,-61.4166,0
476320,469,-63.1031,0
476330,478,-61.83822,0
476340,477,-61.97876,0
476350,475,-62.25985,0
476360,481,-61.4166,0
476370,478,-61.83822,0
476380,475,-62.25985,0
476390,477,-61.97876,0
476400,479,-61.69768,0
476410,482,-61.27606,0
476420,478,-61.83822,0
476430,472,-62.68148,0
476440,479,-61.69768,0
476450,479,-61.69768,0
476460,473,-62.54093,0
476470,479,-61.69768,0
476480,476,-62.11931,0
476490,473,-62.54093,0
476500,477,-61.97876,0
476510,477,-61.97876,0
476520,480,-61.55714,0
476530,478,-61.83822,0
476540,478,-61.83822,0
476550,479,-61.69768,0
476560,477,-61.97876,0
476570,479,-61.69768,0
476580,476,-62.11931,0
476590,476,-62.11931,0
476600,481,-61.4166,0
476610,477,-61.97876,0
476620,473,-62.54093,0
476630,477,-61.97876,0
476640,477,-61.97876,0
476650,483,-61.13552,0
476660,480,-61.55714,0
476670,471,-62.82201,0
476680,486,-60.71389,0
476690,472,-62.68148,0
476700,472,-62.68148,0
476710,479,-61.69768,0
476720,482,-61.27606,0
476730,481,-61.4166,0
476740,469,-63.1031,0
476750,476,-62.11931,0
476760,476,-62.11931,0
476770,477,-61.97876,0
476780,480,-61.55714,0
476790,481,-61.4166,0
476800,475,-62.25985,0
476810,477,-61.97876,0
476820,474,-62.40039,0
476830,478,-61.83822,0
476840,479,-61.69768,0
476850,486,-60.71389,0
476860,476,-62.11931,0
476870,477,-61.97876,0
476880,478,-61.83822,0
476890,473,-62.54093,0
476900,477,-61.97876,0
476910,479,-61.69768,0
476920,476,-62.11931,0
476930,482,-61.27606,0
476940,472,-62.68148,0
476950,482,-61.27606,0
476960,484,-60.99497,0
476970,482,-61.27606,0
476980,471,-62.82201,0
476990,481,-61.4166,0
477000,477,-61.97876,0
477010,483,-61.13552,0
477020,473,-62.54093,0
477030,475,-62.25985,0
477040,475,-62.25985,0
477050,470,-62.96255,0
477060,482,-61.27606,0
477070,479,-61.69768,0
477080,480,-61.55714,0
477090,479,-61.69768,0
477100,478,-61.83822,0
477110,478,-61.83822,0
477120,480,-61.55714,0
477130,471,-62.82201,0
477140,473,-62.54093,0
477150,480,-61.55714,0
477160,483,-61.13552,0
477170,473,-62.54093,0
477180,477,-61.97876,0
477190,469,-63.1031,0
477200,471,-62.82201,0
477210,480,-61.55714,0
477220,480,-61.55714,0
477230,480,-61.55714,0
477240,485,-60.85444,0
477250,482,-61.27606,0
477260,479,-61.69768,0
477270,477,-61.97876,0
477280,474,-62.40039,0
477290,480,-61.55714,0
477300,473,-62.54093,0
477310,479,-61.69768,0
477320,479,-61.69768,0
477330,483,-61.13552,0
477340,481,-61.4166,0
477350,479,-61.69768,0
477360,479,-61.69768,0
477370,477,-61.97876,0
477380,479,-61.69768,0
477390,480,-61.55714,0
477400,478,-61.83822,0
477410,483,-61.13552,0
477420,472,-62.68148,0
477430,477,-61.97876,0
477440,481,-61.4166,0
477450,474,-62.40039,0
477460,469,-63.1031,0
477470,478,-61.83822,0
477480,480,-61.55714,0
477490,478,-61.83822,0
477500,473,-62.54093,0
477510,476,-62.11931,0
477520,485,-60.85444,0
477530,480,-61.55714,0
477540,478,-61.83822,0
477550,476,-62.11931,0
477560,470,-62.96255,0
477570,481,-61.4166,0
477580,484,-60.99497,0
477590,473,-62.54093,0
477600,484,-60.99497,0
477610,472,-62.68148,0
477620,477,-61.97876,0
477630,476,-62.11931,0
477640,482,-61.27606,0
477650,480,-61.55714,0
477660,481,-61.4166,0
477670,470,-62.96255,0
477680,476,-62.11931,0
477690,474,-62.40039,0
477700,476,-62.11931,0
477710,474,-62.40039,0
477720,488,-60.43281,0
477730,475,-62.25985,0
477740,477,-61.97876,0
477750,473,-62.54093,0
477760,475,-62.25985,0
477770,480,-61.55714,0
477780,477,-61.97876,0
477790,482,-61.27606,0
477800,480,-61.55714,0
477810,478,-61.83822,0
477820,473,-62.54093,0
477830,478,-61.83822,0
477840,473,-62.54093,0
477850,477,-61.97876,0
477860,487,-60.57335,0
477870,483,-61.13552,0
477880,480,-61.55714,0
477890,472,-62.68148,0
477900,477,-61.97876,0
477910,478,-61.83822,0
477920,479,-61.69768,0
477930,479,-61.69768,0
477940,479,-61.69768,0
477950,475,-62.25985,0
477960,478,-61.83822,0
477970,469,-63.1031,0
477980,479,-61.69768,0
477990,483,-61.13552,0
478000,479,-61.69768,0
478010,478,-61.83822,0
478020,479,-61.69768,0
478030,483,-61.13552,0
478040,476,-62.11931,0
478050,480,-61.55714,0
478060,476,-62.11931,0
478070,484,-60.99497,0
478080,482,-61.27606,0
478090,473,-62.54093,0
478100,471,-62.82201,0
478110,481,-61.4166,0
478120,474,-62.40039,0
478130,483,-61.13552,0
478140,480,-61.55714,0
478150,480,-61.55714,0
478160,478,-61.83822,0
478170,477,-61.97876,0
478180,482,-61.27606,0
478190,476,-62.11931,0
478200,478,-61.83822,0
478210,478,-61.83822,0
478220,480,-61.55714,0
478230,481,-61.4166,0
478240,484,-60.99497,0
478250,480,-61.55714,0
478260,473,-62.54093,0
478270,478,-61.83822,0
478280,473,-62.54093,0
478290,480,-61.55714,0
478300,483,-61.13552,0
478310,481,-61.4166,0
478320,485,-60.85444,0
478330,484,-60.99497,0
478340,475,-62.25985,0
478350,481,-61.4166,0
478360,481,-61.4166,0
478370,476,-62.11931,0
478380,483,-61.13552,0
478390,477,-61.97876,0
478400,479,-61.69768,0
478410,483,-61.13552,0
478420,479,-61.69768,0
478430,477,-61.97876,0
478440,476,-62.11931,0
478450,480,-61.55714,0
478460,480,-61.55714,0
478470,484,-60.99497,0
478480,469,-63.1031,0
478490,481,-61.4166,0
478500,475,-62.25985,0
478510,474,-62.40039,0
478520,479,-61.69768,0
478530,481,-61.4166,0
478540,477,-61.97876,0
478550,484,-60.99497,0
478560,476,-62.11931,0
478570,482,-61.27606,0
478580,479,-61.69768,0
478590,479,-61.69768,0
478600,474,-62.40039,0
478610,483,-61.13552,0
478620,476,-62.11931,0
478630,480,-61.55714,0
478640,474,-62.40039,0
478650,476,-62.11931,0
478660,477,-61.97876,0
478670,479,-61.69768,0
478680,482,-61.27606,0
478690,475,-62.25985,0
478700,481,-61.4166,0
478710,475,-62.25985,0
478720,483,-61.13552,0
478730,478,-61.83822,0
478740,483,-61.13552,0
478750,478,-61.83822,0
478760,480,-61.55714,0
478770,475,-62.25985,0
478780,476,-62.11931,0
478790,474,-62.40039,0
478800,480,-61.55714,0
478810,478,-61.83822,0
478820,480,-61.55714,0
478830,481,-61.4166,0
478840,478,-61.83822,0
478850,481,-61.4166,0
478860,476,-62.11931,0
478870,481,-61.4166,0
478880,481,-61.4166,0
478890,477,-61.97876,0
478900,480,-61.55714,0
478910,481,-61.4166,0
478920,484,-60.99497,0
478930,484,-60.99497,0
478940,473,-62.54093,0
478950,479,-61.69768,0
478960,480,-61.55714,0
478970,481,-61.4166,0
478980,481,-61.4166,0
478990,479,-61.69768,0
479000,480,-61.55714,0
479010,480,-61.55714,0
479020,481,-61.4166,0
479030,481,-61.4166,0
479040,480,-61.55714,0
479050,482,-61.27606,0
479060,477,-61.97876,0
479070,479,-61.69768,0
479080,485,-60.85444,0
479090,480,-61.55714,0
479100,477,-61.97876,0
479110,484,-60.99497,0
479120,479,-61.69768,0
479130,481,-61.4166,0
479140,480,-61.55714,0
479150,484,-60.99497,0
479160,480,-61.55714,0
479170,485,-60.85444,0
479180,483,-61.13552,0
479190,476,-62.11931,0
479200,476,-62.11931,0
479210,479,-61.69768,0
479220,476,-62.11931,0
479230,475,-62.25985,0
479240,474,-62.40039,0
479250,476,-62.11931,0
479260,477,-61.97876,0
479270,483,-61.13552,0
479280,479,-61.69768,0
479290,480,-61.55714,0
479300,477,-61.97876,0
479310,478,-61.83822,0
479320,479,-61.69768,0
479330,482,-61.27606,0
479340,474,-62.40039,0
479350,480,-61.55714,0
479360,480,-61.55714,0
479370,476,-62.11931,0
479380,483,-61.13552,0
479390,475,-62.25985,0
479400,480,-61.55714,0
479410,487,-60.57335,0
479420,477,-61.97876,0
479430,482,-61.27606,0
479440,476,-62.11931,0
479450,479,-61.69768,0
479460,478,-61.83822,0
479470,478,-61.83822,0
479480,477,-61.97876,0
479490,483,-61.13552,0
479500,482,-61.27606,0
479510,485,-60.85444,0
479520,481,-61.4166,0
479530,482,-61.27606,0
479540,479,-61.69768,0
479550,480,-61.55714,0
479560,478,-61.83822,0
479570,486,-60.71389,0
479580,482,-61.27606,0
479590,477,-61.97876,0
479600,480,-61.55714,0
479610,480,-61.55714,0
479620,482,-61.27606,0
479630,480,-61.55714,0
479640,476,-62.11931,0
479650,482,-61.27606,0
479660,486,-60.71389,0
479670,490,-60.15173,0
479680,479,-61.69768,0
479690,476,-62.11931,0
479700,485,-60.85444,0
479710,481,-61.4166,0
479720,483,-61.13552,0
479730,477,-61.97876,0
479740,483,-61.13552,0
479750,480,-61.55714,0
479760,484,-60.99497,0
479770,485,-60.85444,0
479780,477,-61.97876,0
479790,474,-62.40039,0
479800,478,-61.83822,0
479810,479,-61.69768,0
479820,479,-61.69768,0
479830,484,-60.99497,0
479840,482,-61.27606,0
479850,482,-61.27606,0
479860,484,-60.99497,0
479870,476,-62.11931,0
479880,479,-61.69768,0
479890,474,-62.40039,0
479900,483,-61.13552,0
479910,483,-61.13552,0
479920,487,-60.57335,0
479930,482,-61.27606,0
479940,474,-62.40039,0
479950,484,-60.99497,0
479960,485,-60.85444,0
479970,478,-61.83822,0
479980,482,-61.27606,0
479990,477,-61.97876,0
480000,485,-60.85444,0
480010,478,-61.83822,0
480020,488,-60.43281,0
480030,485,-60.85444,0
480040,474,-62.40039,0
480050,483,-61.13552,0
480060,478,-61.83822,0
480070,483,-61.13552,0
480080,483,-61.13552,0
480090,481,-61.4166,0
480100,486,-60.71389,0
480110,482,-61.27606,0
480120,482,-61.27606,0
480130,481,-61.4166,0
480140,478,-61.83822,0
480150,484,-60.99497,0
480160,481,-61.4166,0
480170,487,-60.57335,0
480180,481,-61.4166,0
480190,483,-61.13552,0
480200,481,-61.4166,0
480210,474,-62.40039,0
480220,483,-61.13552,0
480230,479,-61.69768,0
480240,480,-61.55714,0
480250,484,-60.99497,0
480260,479,-61.69768,0
480270,482,-61.27606,0
480280,480,-61.55714,0
480290,484,-60.99497,0
480300,478,-61.83822,0
480310,482,-61.27606,0
480320,482,-61.27606,0
480330,482,-61.27606,0
480340,484,-60.99497,0
480350,478,-61.83822,0
480360,483,-61.13552,0
480370,487,-60.57335,0
480380,480,-61.55714,0
480390,482,-61.27606,0
480400,480,-61.55714,0
480410,483,-61.13552,0
480420,481,-61.4166,0
480430,483,-61.13552,0
480440,485,-60.85444,0
480450,485,-60.85444,0
480460,482,-61.27606,0
480470,487,-60.57335,0
480480,484,-60.99497,0
480490,481,-61.4166,0
480500,483,-61.13552,0
480510,486,-60.71389,0
480520,480,-61.55714,0
480530,480,-61.55714,0
480540,484,-60.99497,0
480550,478,-61.83822,0
480560,482,-61.27606,0
480570,484,-60.99497,0
480580,483,-61.13552,0
480590,475,-62.25985,0
480600,480,-61.55714,0
480610,472,-62.68148,0
480620,480,-61.55714,0
480630,489,-60.29227,0
480640,480,-61.55714,0
480650,487,-60.57335,0
480660,482,-61.27606,0
480670,483,-61.13552,0
480680,482,-61.27606,0
480690,476,-62.11931,0
480700,487,-60.57335,0
480710,479,-61.69768,0
480720,477,-61.97876,0
480730,480,-61.55714,0
480740,488,-60.43281,0
480750,484,-60.99497,0
480760,484,-60.99497,0
480770,482,-61.27606,0
480780,483,-61.13552,0
480790,485,-60.85444,0
480800,484,-60.99497,0
480810,483,-61.13552,0
480820,480,-61.55714,0
480830,483,-61.13552,0
480840,483,-61.13552,0
480850,480,-61.55714,0
480860,484,-60.99497,0
480870,482,-61.27606,0
480880,479,-61.69768,0
480890,475,-62.25985,0
480900,484,-60.99497,0
480910,486,-60.71389,0
480920,486,-60.71389,0
480930,489,-60.29227,0
480940,484,-60.99497,0
480950,484,-60.99497,0
480960,481,-61.4166,0
480970,482,-61.27606,0
480980,482,-61.27606,0
480990,480,-61.55714,0
481000,485,-60.85444,0
481010,482,-61.27606,0
481020,483,-61.13552,0
481030,483,-61.13552,0
481040,485,-60.85444,0
481050,482,-61.27606,0
481060,481,-61.4166,0
481070,485,-60.85444,0
481080,474,-62.40039,0
481090,481,-61.4166,0
481100,478,-61.83822,0
481110,484,-60.99497,0
481120,485,-60.85444,0
481130,478,-61.83822,0
481140,478,-61.83822,0
481150,482,-61.27606,0
481160,484,-60.99497,0
481170,483,-61.13552,0
481180,489,-60.29227,0
481190,484,-60.99497,0
481200,488,-60.43281,0
481210,476,-62.11931,0
481220,477,-61.97876,0
481230,490,-60.15173,0
481240,484,-60.99497,0
481250,483,-61.13552,0
481260,482,-61.27606,0
481270,481,-61.4166,0
481280,483,-61.13552,0
481290,483,-61.13552,0
481300,481,-61.4166,0
481310,481,-61.4166,0
481320,481,-61.4166,0
481330,487,-60.57335,0
481340,480,-61.55714,0
481350,483,-61.13552,0
481360,488,-60.43281,0
481370,487,-60.57335,0
481380,482,-61.27606,0
481390,485,-60.85444,0
481400,485,-60.85444,0
481410,483,-61.13552,0
481420,482,-61.27606,0
481430,484,-60.99497,0
481440,479,-61.69768,0
481450,487,-60.57335,0
481460,478,-61.83822,0
481470,487,-60.57335,0
481480,483,-61.13552,0
481490,487,-60.57335,0
481500,484,-60.99497,0
481510,478,-61.83822,0
481520,481,-61.4166,0
481530,489,-60.29227,0
481540,487,-60.57335,0
481550,485,-60.85444,0
481560,486,-60.71389,0
481570,483,-61.13552,0
481580,487,-60.57335,0
481590,482,-61.27606,0
481600,483,-61.13552,0
481610,483,-61.13552,0
481620,488,-60.43281,0
481630,487,-60.57335,0
481640,480,-61.55714,0
481650,480,-61.55714,0
481660,483,-61.13552,0
481670,480,-61.55714,0
481680,483,-61.13552,0
481690,484,-60.99497,0
481700,477,-61.97876,0
481710,478,-61.83822,0
481720,482,-61.27606,0
481730,486,-60.71389,0
481740,486,-60.71389,0
481750,487,-60.57335,0
481760,480,-61.55714,0
481770,482,-61.27606,0
481780,484,-60.99497,0
481790,485,-60.85444,0
481800,482,-61.27606,0
481810,485,-60.85444,0
481820,482,-61.27606,0
481830,482,-61.27606,0
481840,484,-60.99497,0
481850,482,-61.27606,0
481860,484,-60.99497,0
481870,482,-61.27606,0
481880,481,-61.4166,0
481890,485,-60.85444,0
481900,484,-60.99497,0
481910,484,-60.99497,0
481920,485,-60.85444,0
481930,486,-60.71389,0
481940,481,-61.4166,0
481950,489,-60.29227,0
481960,483,-61.13552,0
481970,488,-60.43281,0
481980,485,-60.85444,0
481990,488,-60.43281,0
482000,482,-61.27606,0
482010,491,-60.01118,0
482020,489,-60.29227,0
482030,486,-60.71389,0
482040,485,-60.85444,0
482050,483,-61.13552,0
482060,481,-61.4166,0
482070,481,-61.4166,0
482080,487,-60.57335,0
482090,484,-60.99497,0
482100,492,-59.87064,0
482110,482,-61.27606,0
482120,482,-61.27606,0
482130,484,-60.99497,0
482140,484,-60.99497,0
482150,479,-61.69768,0
482160,484,-60.99497,0
482170,484,-60.99497,0
482180,481,-61.4166,0
482190,487,-60.57335,0
482200,486,-60.71389,0
482210,484,-60.99497,0
482220,483,-61.13552,0
482230,481,-61.4166,0
482240,478,-61.83822,0
482250,480,-61.55714,0
482260,485,-60.85444,0
482270,485,-60.85444,0
482280,476,-62.11931,0
482290,487,-60.57335,0
482300,479,-61.69768,0
482310,483,-61.13552,0
482320,485,-60.85444,0
482330,488,-60.43281,0
482340,486,-60.71389,0
482350,481,-61.4166,0
482360,489,-60.29227,0
482370,482,-61.27606,0
482380,486,-60.71389,0
482390,484,-60.99497,0
482400,485,-60.85444,0
482410,479,-61.69768,0
482420,486,-60.71389,0
482430,486,-60.71389,0
482440,481,-61.4166,0
482450,484,-60.99497,0
482460,489,-60.29227,0
482470,491,-60.01118,0
482480,483,-61.13552,0
482490,484,-60.99497,0
482500,479,-61.69768,0
482510,481,-61.4166,0
482520,487,-60.57335,0
482530,483,-61.13552,0
482540,481,-61.4166,0
482550,483,-61.13552,0
482560,487,-60.57335,0
482570,484,-60.99497,0
482580,480,-61.55714,0
482590,482,-61.27606,0
482600,485,-60.85444,0
482610,480,-61.55714,0
482620,491,-60.01118,0
482630,478,-61.83822,0
482640,486,-60.71389,0
482650,485,-60.85444,0
482660,485,-60.85444,0
482670,486,-60.71389,0
482680,482,-61.27606,0
482690,480,-61.55714,0
482700,481,-61.4166,0
482710,480,-61.55714,0
482720,494,-59.58956,0
482730,482,-61.27606,0
482740,491,-60.01118,0
482750,484,-60.99497,0
482760,486,-60.71389,0
482770,483,-61.13552,0
482780,485,-60.85444,0
482790,481,-61.4166,0
482800,484,-60.99497,0
482810,482,-61.27606,0
482820,487,-60.57335,0
482830,489,-60.29227,0
482840,482,-61.27606,0
482850,488,-60.43281,0
482860,480,-61.55714,0
482870,488,-60.43281,0
482880,485,-60.85444,0
482890,479,-61.69768,0
482900,484,-60.99497,0
482910,483,-61.13552,0
482920,486,-60.71389,0
482930,485,-60.85444,0
482940,486,-60.71389,0
482950,492,-59.87064,0
482960,486,-60.71389,0
482970,486,-60.71389,0
482980,493,-59.7301,0
482990,485,-60.85444,0
483000,489,-60.29227,0
483010,491,-60.01118,0
483020,484,-60.99497,0
483030,478,-61.83822,0
483040,484,-60.99497,0
483050,487,-60.57335,0
483060,480,-61.55714,0
483070,484,-60.99497,0
483080,478,-61.83822,0
483090,476,-62.11931,0
483100,486,-60.71389,0
483110,488,-60.43281,0
483120,485,-60.85444,0
483130,492,-59.87064,0
483140,486,-60.71389,0
483150,481,-61.4166,0
483160,482,-61.27606,0
483170,476,-62.11931,0
483180,477,-61.97876,0
483190,487,-60.57335,0
483200,484,-60.99497,0
483210,475,-62.25985,0
483220,488,-60.43281,0
483230,490,-60.15173,0
483240,488,-60.43281,0
483250,483,-61.13552,0
483260,481,-61.4166,0
483270,484,-60.99497,0
483280,485,-60.85444,0
483290,484,-60.99497,0
483300,487,-60.57335,0
483310,486,-60.71389,0
483320,482,-61.27606,0
483330,489,-60.29227,0
483340,484,-60.99497,0
483350,482,-61.27606,0
483360,477,-61.97876,0
483370,488,-60.43281,0
483380,487,-60.57335,0
483390,485,-60.85444,0
483400,490,-60.15173,0
483410,477,-61.97876,0
483420,484,-60.99497,0
483430,482,-61.27606,0
483440,486,-60.71389,0
483450,486,-60.71389,0
483460,484,-60.99497,0
483470,485,-60.85444,0
483480,484,-60.99497,0
483490,496,-59.30848,0
483500,489,-60.29227,0
483510,488,-60.43281,0
483520,483,-61.13552,0
483530,484,-60.99497,0
483540,485,-60.85444,0
483550,487,-60.57335,0
483560,477,-61.97876,0
483570,485,-60.85444,0
483580,487,-60.57335,0
483590,483,-61.13552,0
483600,493,-59.7301,0
483610,487,-60.57335,0
483620,487,-60.57335,0
483630,486,-60.71389,0
483640,485,-60.85444,0
483650,493,-59.7301,0
483660,486,-60.71389,0
483670,489,-60.29227,0
483680,488,-60.43281,0
483690,481,-61.4166,0
483700,486,-60.71389,0
483710,480,-61.55714,0
483720,487,-60.57335,0
483730,488,-60.43281,0
483740,482,-61.27606,0
483750,481,-61.4166,0
483760,487,-60.57335,0
483770,491,-60.01118,0
483780,487,-60.57335,0
483790,488,-60.43281,0
483800,484,-60.99497,0
483810,492,-59.87064,0
483820,486,-60.71389,0
483830,488,-60.43281,0
483840,485,-60.85444,0
483850,488,-60.43281,0
483860,487,-60.57335,0
483870,487,-60.57335,0
483880,486,-60.71389,0
483890,482,-61.27606,0
483900,484,-60.99497,0
483910,478,-61.83822,0
483920,483,-61.13552,0
483930,488,-60.43281,0
483940,485,-60.85444,0
483950,496,-59.30848,0
483960,481,-61.4166,0
483970,477,-61.97876,0
483980,482,-61.27606,0
483990,489,-60.29227,0
484000,484,-60.99497,0
484010,486,-60.71389,0
484020,485,-60.85444,0
484030,476,-62.11931,0
484040,487,-60.57335,0
484050,485,-60.85444,0
484060,485,-60.85444,0
484070,482,-61.27606,0
484080,483,-61.13552,0
484090,491,-60.01118,0
484100,487,-60.57335,0
484110,483,-61.13552,0
484120,488,-60.43281,0
484130,482,-61.27606,0
484140,487,-60.57335,0
484150,481,-61.4166,0
484160,479,-61.69768,0
484170,489,-60.29227,0
484180,484,-60.99497,0
484190,489,-60.29227,0
484200,484,-60.99497,0
484210,487,-60.57335,0
484220,490,-60.15173,0
484230,489,-60.29227,0
484240,490,-60.15173,0
484250,486,-60.71389,0
484260,491,-60.01118,0
484270,492,-59.87064,0
484280,489,-60.29227,0
484290,482,-61.27606,0
484300,490,-60.15173,0
484310,485,-60.85444,0
484320,483,-61.13552,0
484330,489,-60.29227,0
484340,486,-60.71389,0
484350,485,-60.85444,0
484360,484,-60.99497,0
484370,489,-60.29227,0
484380,493,-59.7301,0
484390,490,-60.15173,0
484400,490,-60.15173,0
484410,485,-60.85444,0
484420,484,-60.99497,0
484430,481,-61.4166,0
484440,482,-61.27606,0
484450,487,-60.57335,0
484460,484,-60.99497,0
484470,488,-60.43281,0
484480,489,-60.29227,0
484490,492,-59.87064,0
484500,489,-60.29227,0
484510,487,-60.57335,0
484520,486,-60.71389,0
484530,485,-60.85444,0
484540,487,-60.57335,0
484550,479,-61.69768,0
484560,490,-60.15173,0
484570,489,-60.29227,0
484580,487,-60.57335,0
484590,491,-60.01118,0
484600,489,-60.29227,0
484610,485,-60.85444,0
484620,485,-60.85444,0
484630,486,-60.71389,0
484640,486,-60.71389,0
484650,490,-60.15173,0
484660,486,-60.71389,0
484670,493,-59.7301,0
484680,484,-60.99497,0
484690,486,-60.71389,0
484700,491,-60.01118,0
484710,484,-60.99497,0
484720,487,-60.57335,0
484730,492,-59.87064,0
484740,486,-60.71389,0
484750,482,-61.27606,0
484760,490,-60.15173,0
484770,487,-60.57335,0
484780,485,-60.85444,0
484790,489,-60.29227,0
484800,489,-60.29227,0
484810,493,-59.7301,0
484820,487,-60.57335,0
484830,489,-60.29227,0
484840,491,-60.01118,0
484850,488,-60.43281,0
484860,483,-61.13552,0
484870,488,-60.43281,0
484880,487,-60.57335,0
484890,490,-60.15173,0
484900,483,-61.13552,0
484910,487,-60.57335,0
484920,481,-61.4166,0
484930,489,-60.29227,0
484940,485,-60.85444,0
484950,492,-59.87064,0
484960,484,-60.99497,0
484970,491,-60.01118,0
484980,485,-60.85444,0
484990,488,-60.43281,0
485000,492,-59.87064,0
485010,486,-60.71389,0
485020,485,-60.85444,0
485030,490,-60.15173,0
485040,487,-60.57335,0
485050,484,-60.99497,0
485060,490,-60.15173,0
485070,481,-61.4166,0
485080,482,-61.27606,0
485090,486,-60.71389,0
485100,493,-59.7301,0
485110,488,-60.43281,0
485120,492,-59.87064,0
485130,489,-60.29227,0
485140,484,-60.99497,0
485150,481,-61.4166,0
485160,482,-61.27606,0
485170,485,-60.85444,0
485180,485,-60.85444,0
485190,489,-60.29227,0
485200,488,-60.43281,0
485210,484,-60.99497,0
485220,487,-60.57335,0
485230,483,-61.13552,0
485240,486,-60.71389,0
485250,486,-60.71389,0
485260,486,-60.71389,0
485270,484,-60.99497,0
485280,491,-60.01118,0
485290,491,-60.01118,0
485300,490,-60.15173,0
485310,495,-59.44902,0
485320,485,-60.85444,0
485330,485,-60.85444,0
485340,484,-60.99497,0
485350,496,-59.30848,0
485360,492,-59.87064,0
485370,490,-60.15173,0
485380,488,-60.43281,0
485390,490,-60.15173,0
485400,482,-61.27606,0
485410,490,-60.15173,0
485420,490,-60.15173,0
485430,493,-59.7301,0
485440,488,-60.43281,0
485450,487,-60.57335,0
485460,486,-60.71389,0
485470,482,-61.27606,0
485480,491,-60.01118,0
485490,494,-59.58956,0
485500,487,-60.57335,0
485510,492,-59.87064,0
485520,479,-61.69768,0
485530,490,-60.15173,0
485540,489,-60.29227,0
485550,495,-59.44902,0
485560,492,-59.87064,0
485570,484,-60.99497,0
485580,487,-60.57335,0
485590,491,-60.01118,0
485600,492,-59.87064,0
485610,489,-60.29227,0
485620,490,-60.15173,0
485630,495,-59.44902,0
485640,486,-60.71389,0
485650,492,-59.87064,0
485660,485,-60.85444,0
485670,484,-60.99497,0
485680,486,-60.71389,0
485690,491,-60.01118,0
485700,488,-60.43281,0
485710,483,-61.13552,0
485720,479,-61.69768,0
485730,486,-60.71389,0
485740,483,-61.13552,0
485750,485,-60.85444,0
485760,486,-60.71389,0
485770,483,-61.13552,0
485780,482,-61.27606,0
485790,489,-60.29227,0
485800,487,-60.57335,0
485810,492,-59.87064,0
485820,482,-61.27606,0
485830,485,-60.85444,0
485840,487,-60.57335,0
485850,490,-60.15173,0
485860,486,-60.71389,0
485870,490,-60.15173,0
485880,490,-60.15173,0
485890,488,-60.43281,0
485900,487,-60.57335,0
485910,480,-61.55714,0
485920,490,-60.15173,0
485930,488,-60.43281,0
485940,491,-60.01118,0
485950,491,-60.01118,0
485960,487,-60.57335,0
485970,483,-61.13552,0
485980,484,-60.99497,0
485990,490,-60.15173,0
486000,492,-59.87064,0
486010,488,-60.43281,0
486020,491,-60.01118,0
486030,492,-59.87064,0
486040,490,-60.15173,0
486050,488,-60.43281,0
486060,488,-60.43281,0
486070,489,-60.29227,0
486080,482,-61.27606,0
486090,487,-60.57335,0
486100,491,-60.01118,0
486110,496,-59.30848,0
486120,493,-59.7301,0
486130,487,-60.57335,0
486140,487,-60.57335,0
486150,490,-60.15173,0
486160,492,-59.87064,0
486170,495,-59.44902,0
486180,492,-59.87064,0
486190,489,-60.29227,0
486200,485,-60.85444,0
486210,487,-60.57335,0
486220,485,-60.85444,0
486230,485,-60.85444,0
486240,490,-60.15173,0
486250,489,-60.29227,0
486260,487,-60.57335,0
486270,485,-60.85444,0
486280,486,-60.71389,0
486290,487,-60.57335,0
486300,486,-60.71389,0
486310,482,-61.27606,0
486320,495,-59.44902,0
486330,491,-60.01118,0
486340,494,-59.58956,0
486350,492,-59.87064,0
486360,493,-59.7301,0
486370,495,-59.44902,0
486380,491,-60.01118,0
486390,485,-60.85444,0
486400,485,-60.85444,0
486410,486,-60.71389,0
486420,485,-60.85444,0
486430,488,-60.43281,0
486440,491,-60.01118,0
486450,487,-60.57335,0
486460,483,-61.13552,0
486470,489,-60.29227,0
486480,483,-61.13552,0
486490,489,-60.29227,0
486500,486,-60.71389,0
486510,491,-60.01118,0
486520,490,-60.15173,0
486530,484,-60.99497,0
486540,480,-61.55714,0
486550,488,-60.43281,0
486560,489,-60.29227,0
486570,487,-60.57335,0
486580,490,-60.15173,0
486590,484,-60.99497,0
486600,489,-60.29227,0
486610,490,-60.15173,0
486620,492,-59.87064,0
486630,489,-60.29227,0
486640,493,-59.7301,0
486650,488,-60.43281,0
486660,490,-60.15173,0
486670,489,-60.29227,0
486680,485,-60.85444,0
486690,487,-60.57335,0
486700,489,-60.29227,0
486710,494,-59.58956,0
486720,488,-60.43281,0
486730,487,-60.57335,0
486740,493,-59.7301,0
486750,487,-60.57335,0
486760,485,-60.85444,0
486770,490,-60.15173,0
486780,489,-60.29227,0
486790,494,-59.58956,0
486800,487,-60.57335,0
486810,492,-59.87064,0
486820,487,-60.57335,0
486830,489,-60.29227,0
486840,487,-60.57335,0
486850,488,-60.43281,0
486860,488,-60.43281,0
486870,487,-60.57335,0
486880,490,-60.15173,0
486890,487,-60.57335,0
486900,479,-61.69768,0
486910,488,-60.43281,0
486920,494,-59.58956,0
486930,485,-60.85444,0
486940,493,-59.7301,0
486950,489,-60.29227,0
486960,494,-59.58956,0
486970,492,-59.87064,0
486980,484,-60.99497,0
486990,492,-59.87064,0
487000,482,-61.27606,0
487010,489,-60.29227,0
487020,490,-60.15173,0
487030,486,-60.71389,0
487040,488,-60.43281,0
487050,488,-60.43281,0
487060,493,-59.7301,0
487070,492,-59.87064,0
487080,490,-60.15173,0
487090,493,-59.7301,0
487100,489,-60.29227,0
487110,495,-59.44902,0
487120,493,-59.7301,0
487130,487,-60.57335,0
487140,490,-60.15173,0
487150,488,-60.43281,0
487160,486,-60.71389,0
487170,491,-60.01118,0
487180,490,-60.15173,0
487190,487,-60.57335,0
487200,490,-60.15173,0
487210,487,-60.57335,0
487220,489,-60.29227,0
487230,484,-60.99497,0
487240,492,-59.87064,0
487250,483,-61.13552,0
487260,489,-60.29227,0
487270,488,-60.43281,0
487280,494,-59.58956,0
487290,491,-60.01118,0
487300,490,-60.15173,0
487310,488,-60.43281,0
487320,492,-59.87064,0
487330,492,-59.87064,0
487340,488,-60.43281,0
487350,489,-60.29227,0
487360,492,-59.87064,0
487370,486,-60.71389,0
487380,488,-60.43281,0
487390,487,-60.57335,0
487400,493,-59.7301,0
487410,498,-59.02739,0
487420,491,-60.01118,0
487430,490,-60.15173,0
487440,489,-60.29227,0
487450,492,-59.87064,0
487460,492,-59.87064,0
487470,498,-59.02739,0
487480,489,-60.29227,0
487490,491,-60.01118,0
487500,497,-59.16794,0
487510,493,-59.7301,0
487520,493,-59.7301,0
487530,484,-60.99497,0
487540,492,-59.87064,0
487550,490,-60.15173,0
487560,488,-60.43281,0
487570,492,-59.87064,0
487580,490,-60.15173,0
487590,487,-60.57335,0
487600,489,-60.29227,0
487610,489,-60.29227,0
487620,488,-60.43281,0
487630,492,-59.87064,0
487640,495,-59.44902,0
487650,498,-59.02739,0
487660,490,-60.15173,0
487670,493,-59.7301,0
487680,483,-61.13552,0
487690,490,-60.15173,0
487700,489,-60.29227,0
487710,491,-60.01118,0
487720,488,-60.43281,0
487730,490,-60.15173,0
487740,492,-59.87064,0
487750,488,-60.43281,0
487760,490,-60.15173,0
487770,490,-60.15173,0
487780,488,-60.43281,0
487790,497,-59.16794,0
487800,485,-60.85444,0
487810,489,-60.29227,0
487820,490,-60.15173,0
487830,490,-60.15173,0
487840,489,-60.29227,0
487850,490,-60.15173,0
487860,491,-60.01118,0
487870,495,-59.44902,0
487880,486,-60.71389,0
487890,486,-60.71389,0
487900,490,-60.15173,0
487910,491,-60.01118,0
487920,490,-60.15173,0
487930,486,-60.71389,0
487940,486,-60.71389,0
487950,492,-59.87064,0
487960,489,-60.29227,0
487970,486,-60.71389,0
487980,489,-60.29227,0
487990,493,-59.7301,0
488000,490,-60.15173,0
488010,494,-59.58956,0
488020,491,-60.01118,0
488030,491,-60.01118,0
488040,491,-60.01118,0
488050,493,-59.7301,0
488060,493,-59.7301,0
488070,488,-60.43281,0
488080,490,-60.15173,0
488090,484,-60.99497,0
488100,483,-61.13552,0
488110,497,-59.16794,0
488120,486,-60.71389,0
488130,490,-60.15173,0
488140,494,-59.58956,0
488150,487,-60.57335,0
488160,485,-60.85444,0
488170,494,-59.58956,0
488180,486,-60.71389,0
488190,492,-59.87064,0
488200,489,-60.29227,0
488210,485,-60.85444,0
488220,492,-59.87064,0
488230,486,-60.71389,0
488240,484,-60.99497,0
488250,486,-60.71389,0
488260,489,-60.29227,0
488270,497,-59.16794,0
488280,485,-60.85444,0
488290,488,-60.43281,0
488300,485,-60.85444,0
488310,488,-60.43281,0
488320,492,-59.87064,0
488330,491,-60.01118,0
488340,487,-60.57335,0
488350,493,-59.7301,0
488360,496,-59.30848,0
488370,489,-60.29227,0
488380,489,-60.29227,0
488390,488,-60.43281,0
488400,491,-60.01118,0
488410,491,-60.01118,0
488420,495,-59.44902,0
488430,485,-60.85444,0
488440,489,-60.29227,0
488450,489,-60.29227,0
488460,490,-60.15173,0
488470,497,-59.16794,0
488480,485,-60.85444,0
488490,496,-59.30848,0
488500,493,-59.7301,0
488510,493,-59.7301,0
488520,490,-60.15173,0
488530,490,-60.15173,0
488540,487,-60.57335,0
488550,488,-60.43281,0
488560,496,-59.30848,0
488570,483,-61.13552,0
488580,489,-60.29227,0
488590,489,-60.29227,0
488600,491,-60.01118,0
488610,491,-60.01118,0
488620,484,-60.99497,0
488630,491,-60.01118,0
488640,493,-59.7301,0
488650,492,-59.87064,0
488660,485,-60.85444,0
488670,494,-59.58956,0
488680,490,-60.15173,0
488690,495,-59.44902,0
488700,487,-60.57335,0
488710,486,-60.71389,0
488720,488,-60.43281,0
488730,485,-60.85444,0
488740,495,-59.44902,0
488750,492,-59.87064,0
488760,493,-59.7301,0
488770,485,-60.85444,0
488780,481,-61.4166,0
488790,498,-59.02739,0
488800,489,-60.29227,0
488810,492,-59.87064,0
488820,492,-59.87064,0
488830,488,-60.43281,0
488840,490,-60.15173,0
488850,489,-60.29227,0
488860,497,-59.16794,0
488870,490,-60.15173,0
488880,486,-60.71389,0
488890,488,-60.43281,0
488900,488,-60.43281,0
488910,488,-60.43281,0
488920,488,-60.43281,0
488930,487,-60.57335,0
488940,493,-59.7301,0
488950,487,-60.57335,0
488960,493,-59.7301,0
488970,487,-60.57335,0
488980,483,-61.13552,0
488990,495,-59.44902,0
489000,485,-60.85444,0
489010,489,-60.29227,0
489020,488,-60.43281,0
489030,491,-60.01118,0
489040,488,-60.43281,0
489050,486,-60.71389,0
489060,484,-60.99497,0
489070,493,-59.7301,0
489080,486,-60.71389,0
489090,489,-60.29227,0
489100,494,-59.58956,0
489110,490,-60.15173,0
489120,489,-60.29227,0
489130,493,-59.7301,0
489140,494,-59.58956,0
489150,490,-60.15173,0
489160,489,-60.29227,0
489170,486,-60.71389,0
489180,486,-60.71389,0
489190,491,-60.01118,0
489200,487,-60.57335,0
489210,485,-60.85444,0
489220,495,-59.44902,0
489230,494,-59.58956,0
489240,492,-59.87064,0
489250,490,-60.15173,0
489260,479,-61.69768,0
489270,484,-60.99497,0
489280,500,-58.74632,0
489290,491,-60.01118,0
489300,487,-60.57335,0
489310,487,-60.57335,0
489320,495,-59.44902,0
489330,489,-60.29227,0
489340,494,-59.58956,0
489350,486,-60.71389,0
489360,486,-60.71389,0
489370,488,-60.43281,0
489380,491,-60.01118,0
489390,489,-60.29227,0
489400,491,-60.01118,0
489410,493,-59.7301,0
489420,485,-60.85444,0
489430,489,-60.29227,0
489440,492,-59.87064,0
489450,485,-60.85444,0
489460,490,-60.15173,0
489470,485,-60.85444,0
489480,490,-60.15173,0
489490,491,-60.01118,0
489500,485,-60.85444,0
489510,497,-59.16794,0
489520,492,-59.87064,0
489530,487,-60.57335,0
489540,486,-60.71389,0
489550,490,-60.15173,0
489560,488,-60.43281,0
489570,495,-59.44902,0
489580,490,-60.15173,0
489590,491,-60.01118,0
489600,485,-60.85444,0
489610,496,-59.30848,0
489620,496,-59.30848,0
489630,495,-59.44902,0
489640,488,-60.43281,0
489650,489,-60.29227,0
489660,491,-60.01118,0
489670,494,-59.58956,0
489680,489,-60.29227,0
489690,493,-59.7301,0
489700,492,-59.87064,0
489710,496,-59.30848,0
489720,485,-60.85444,0
489730,485,-60.85444,0
489740,494,-59.58956,0
489750,486,-60.71389,0
489760,486,-60.71389,0
489770,483,-61.13552,0
489780,487,-60.57335,0
489790,491,-60.01118,0
489800,487,-60.57335,0
489810,487,-60.57335,0
489820,493,-59.7301,0
489830,488,-60.43281,0
489840,488,-60.43281,0
489850,486,-60.71389,0
489860,497,-59.16794,0
489870,487,-60.57335,0
489880,494,-59.58956,0
489890,490,-60.15173,0
489900,488,-60.43281,0
489910,489,-60.29227,0
489920,489,-60.29227,0
489930,490,-60.15173,0
489940,496,-59.30848,0
489950,489,-60.29227,0
489960,487,-60.57335,0
489970,487,-60.57335,0
489980,491,-60.01118,0
489990,483,-61.13552,0
490000,492,-59.87064,0
490010,490,-60.15173,0
490020,484,-60.99497,0
490030,495,-59.44902,0
490040,490,-60.15173,0
490050,491,-60.01118,0
490060,493,-59.7301,0
490070,491,-60.01118,0
490080,497,-59.16794,0
490090,494,-59.58956,0
490100,494,-59.58956,0
490110,491,-60.01118,0
490120,500,-58.74632,0
490130,487,-60.57335,0
490140,490,-60.15173,0
490150,488,-60.43281,0
490160,491,-60.01118,0
490170,493,-59.7301,0
490180,490,-60.15173,0
490190,489,-60.29227,0
490200,489,-60.29227,0
490210,490,-60.15173,0
490220,490,-60.15173,0
490230,493,-59.7301,0
490240,492,-59.87064,0
490250,488,-60.43281,0
490260,490,-60.15173,0
490270,499,-58.88685,0
490280,497,-59.16794,0
490290,488,-60.43281,0
490300,490,-60.15173,0
490310,490,-60.15173,0
490320,491,-60.01118,0
490330,494,-59.58956,0
490340,495,-59.44902,0
490350,490,-60.15173,0
490360,493,-59.7301,0
490370,490,-60.15173,0
490380,490,-60.15173,0
490390,491,-60.01118,0
490400,488,-60.43281,0
490410,493,-59.7301,0
490420,499,-58.88685,0
490430,490,-60.15173,0
490440,492,-59.87064,0
490450,486,-60.71389,0
490460,488,-60.43281,0
490470,497,-59.16794,0
490480,494,-59.58956,0
490490,494,-59.58956,0
490500,495,-59.44902,0
490510,498,-59.02739,0
490520,493,-59.7301,0
490530,496,-59.30848,0
490540,495,-59.44902,0
490550,490,-60.15173,0
490560,493,-59.7301,0
490570,494,-59.58956,0
490580,499,-58.88685,0
490590,493,-59.7301,0
490600,489,-60.29227,0
490610,486,-60.71389,0
490620,490,-60.15173,0
490630,501,-58.60577,0
490640,490,-60.15173,0
490650,482,-61.27606,0
490660,487,-60.57335,0
490670,494,-59.58956,0
490680,494,-59.58956,0
490690,488,-60.43281,0
490700,490,-60.15173,0
490710,486,-60.71389,0
490720,492,-59.87064,0
490730,492,-59.87064,0
490740,487,-60.57335,0
490750,488,-60.43281,0
490760,484,-60.99497,0
490770,491,-60.01118,0
490780,496,-59.30848,0
490790,487,-60.57335,0
490800,492,-59.87064,0
490810,495,-59.44902,0
490820,495,-59.44902,0
490830,493,-59.7301,0
490840,483,-61.13552,0
490850,493,-59.7301,0
490860,490,-60.15173,0
490870,493,-59.7301,0
490880,492,-59.87064,0
490890,489,-60.29227,0
490900,491,-60.01118,0
490910,488,-60.43281,0
490920,497,-59.16794,0
490930,490,-60.15173,0
490940,495,-59.44902,0
490950,488,-60.43281,0
490960,492,-59.87064,0
490970,499,-58.88685,0
490980,491,-60.01118,0
490990,500,-58.74632,0
491000,494,-59.58956,0
491010,496,-59.30848,0
491020,489,-60.29227,0
491030,491,-60.01118,0
491040,489,-60.29227,0
491050,487,-60.57335,0
491060,490,-60.15173,0
491070,489,-60.29227,0
491080,496,-59.30848,0
491090,491,-60.01118,0
491100,503,-58.32469,0
491110,497,-59.16794,0
491120,493,-59.7301,0
491130,497,-59.16794,0
491140,490,-60.15173,0
491150,487,-60.57335,0
491160,486,-60.71389,0
491170,491,-60.01118,0
491180,493,-59.7301,0
491190,487,-60.57335,0
491200,488,-60.43281,0
491210,492,-59.87064,0
491220,492,-59.87064,0
491230,488,-60.43281,0
491240,488,-60.43281,0
491250,489,-60.29227,0
491260,493,-59.7301,0
491270,489,-60.29227,0
491280,492,-59.87064,0
491290,490,-60.15173,0
491300,490,-60.15173,0
491310,497,-59.16794,0
491320,498,-59.02739,0
491330,488,-60.43281,0
491340,494,-59.58956,0
491350,488,-60.43281,0
491360,497,-59.16794,0
491370,491,-60.01118,0
491380,497,-59.16794,0
491390,489,-60.29227,0
491400,492,-59.87064,0
491410,496,-59.30848,0
491420,497,-59.16794,0
491430,494,-59.58956,0
491440,494,-59.58956,0
491450,492,-59.87064,0
491460,495,-59.44902,0
491470,492,-59.87064,0
491480,494,-59.58956,0
491490,496,-59.30848,0
491500,492,-59.87064,0
491510,495,-59.44902,0
491520,495,-59.44902,0
491530,484,-60.99497,0
491540,495,-59.44902,0
491550,493,-59.7301,0
491560,491,-60.01118,0
491570,488,-60.43281,0
491580,498,-59.02739,0
491590,490,-60.15173,0
491600,493,-59.7301,0
491610,494,-59.58956,0
491620,490,-60.15173,0
491630,492,-59.87064,0
491640,493,-59.7301,0
491650,491,-60.01118,0
491660,495,-59.44902,0
491670,497,-59.16794,0
491680,497,-59.16794,0
491690,492,-59.87064,0
491700,485,-60.85444,0
491710,493,-59.7301,0
491720,488,-60.43281,0
491730,496,-59.30848,0
491740,501,-58.60577,0
491750,492,-59.87064,0
491760,492,-59.87064,0
491770,492,-59.87064,0
491780,486,-60.71389,0
491790,501,-58.60577,0
491800,493,-59.7301,0
491810,491,-60.01118,0
491820,490,-60.15173,0
491830,493,-59.7301,0
491840,491,-60.01118,0
491850,495,-59.44902,0
491860,492,-59.87064,0
491870,494,-59.58956,0
491880,493,-59.7301,0
491890,500,-58.74632,0
491900,497,-59.16794,0
491910,497,-59.16794,0
491920,498,-59.02739,0
491930,494,-59.58956,0
491940,494,-59.58956,0
491950,496,-59.30848,0
491960,494,-59.58956,0
491970,493,-59.7301,0
491980,491,-60.01118,0
491990,495,-59.44902,0
492000,497,-59.16794,0
492010,495,-59.44902,0
492020,493,-59.7301,0
492030,492,-59.87064,0
492040,494,-59.58956,0
492050,491,-60.01118,0
492060,491,-60.01118,0
492070,492,-59.87064,0
492080,496,-59.30848,0
492090,495,-59.44902,0
492100,491,-60.01118,0
492110,491,-60.01118,0
492120,495,-59.44902,0
492130,502,-58.46523,0
492140,496,-59.30848,0
492150,497,-59.16794,0
492160,491,-60.01118,0
492170,484,-60.99497,0
492180,491,-60.01118,0
492190,493,-59.7301,0
492200,486,-60.71389,0
492210,504,-58.18415,0
492220,492,-59.87064,0
492230,493,-59.7301,0
492240,505,-58.04361,0
492250,495,-59.44902,0
492260,498,-59.02739,0
492270,493,-59.7301,0
492280,496,-59.30848,0
492290,491,-60.01118,0
492300,489,-60.29227,0
492310,488,-60.43281,0
492320,495,-59.44902,0
492330,497,-59.16794,0
492340,494,-59.58956,0
492350,493,-59.7301,0
492360,492,-59.87064,0
492370,490,-60.15173,0
492380,498,-59.02739,0
492390,486,-60.71389,0
492400,492,-59.87064,0
492410,493,-59.7301,0
492420,493,-59.7301,0
492430,496,-59.30848,0
492440,495,-59.44902,0
492450,491,-60.01118,0
492460,496,-59.30848,0
492470,491,-60.01118,0
492480,496,-59.30848,0
492490,494,-59.58956,0
492500,487,-60.57335,0
492510,496,-59.30848,0
492520,495,-59.44902,0
492530,489,-60.29227,0
492540,498,-59.02739,0
492550,493,-59.7301,0
492560,493,-59.7301,0
492570,494,-59.58956,0
492580,502,-58.46523,0
492590,493,-59.7301,0
492600,486,-60.71389,0
492610,492,-59.87064,0
492620,493,-59.7301,0
492630,496,-59.30848,0
492640,497,-59.16794,0
492650,492,-59.87064,0
492660,490,-60.15173,0
492670,496,-59.30848,0
492680,491,-60.01118,0
492690,494,-59.58956,0
492700,494,-59.58956,0
492710,492,-59.87064,0
492720,496,-59.30848,0
492730,491,-60.01118,0
492740,489,-60.29227,0
492750,488,-60.43281,0
492760,490,-60.15173,0
492770,490,-60.15173,0
492780,496,-59.30848,0
492790,493,-59.7301,0
492800,491,-60.01118,0
492810,494,-59.58956,0
492820,494,-59.58956,0
492830,493,-59.7301,0
492840,495,-59.44902,0
492850,494,-59.58956,0
492860,497,-59.16794,0
492870,497,-59.16794,0
492880,495,-59.44902,0
492890,497,-59.16794,0
492900,501,-58.60577,0
492910,501,-58.60577,0
492920,497,-59.16794,0
492930,499,-58.88685,0
492940,503,-58.32469,0
492950,494,-59.58956,0
492960,501,-58.60577,0
492970,500,-58.74632,0
492980,503,-58.32469,0
492990,500,-58.74632,0
493000,495,-59.44902,0
493010,495,-59.44902,0
493020,498,-59.02739,0
493030,498,-59.02739,0
493040,500,-58.74632,0
493050,497,-59.16794,0
493060,495,-59.44902,0
493070,500,-58.74632,0
493080,496,-59.30848,0
493090,498,-59.02739,0
493100,494,-59.58956,0
493110,500,-58.74632,0
493120,494,-59.58956,0
493130,496,-59.30848,0
493140,499,-58.88685,0
493150,499,-58.88685,0
493160,490,-60.15173,0
493170,497,-59.16794,0
493180,495,-59.44902,0
493190,496,-59.30848,0
493200,494,-59.58956,0
493210,493,-59.7301,0
493220,494,-59.58956,0
493230,496,-59.30848,0
493240,499,-58.88685,0
493250,497,-59.16794,0
493260,493,-59.7301,0
493270,499,-58.88685,0
493280,497,-59.16794,0
493290,498,-59.02739,0
493300,495,-59.44902,0
493310,505,-58.04361,0
493320,503,-58.32469,0
493330,492,-59.87064,0
493340,496,-59.30848,0
493350,495,-59.44902,0
493360,497,-59.16794,0
493370,493,-59.7301,0
493380,500,-58.74632,0
493390,498,-59.02739,0
493400,496,-59.30848,0
493410,497,-59.16794,0
493420,496,-59.30848,0
493430,500,-58.74632,0
493440,494,-59.58956,0
493450,494,-59.58956,0
493460,500,-58.74632,0
493470,497,-59.16794,0
493480,498,-59.02739,0
493490,497,-59.16794,0
493500,496,-59.30848,0
493510,494,-59.58956,0
493520,493,-59.7301,0
493530,496,-59.30848,0
493540,495,-59.44902,0
493550,501,-58.60577,0
493560,500,-58.74632,0
493570,497,-59.16794,0
493580,495,-59.44902,0
493590,495,-59.44902,0
493600,502,-58.46523,0
493610,501,-58.60577,0
493620,490,-60.15173,0
493630,496,-59.30848,0
493640,503,-58.32469,0
493650,500,-58.74632,0
493660,498,-59.02739,0
493670,497,-59.16794,0
493680,499,-58.88685,0
493690,498,-59.02739,0
493700,494,-59.58956,0
493710,504,-58.18415,0
493720,500,-58.74632,0
493730,496,-59.30848,0
493740,494,-59.58956,0
493750,497,-59.16794,0
493760,499,-58.88685,0
493770,498,-59.02739,0
493780,496,-59.30848,0
493790,497,-59.16794,0
493800,504,-58.18415,0
493810,495,-59.44902,0
493820,497,-59.16794,0
493830,498,-59.02739,0
493840,498,-59.02739,0
493850,494,-59.58956,0
493860,500,-58.74632,0
493870,496,-59.30848,0
493880,496,-59.30848,0
493890,501,-58.60577,0
493900,495,-59.44902,0
493910,498,-59.02739,0
493920,495,-59.44902,0
493930,495,-59.44902,0
493940,489,-60.29227,0
493950,488,-60.43281,0
493960,491,-60.01118,0
493970,492,-59.87064,0
493980,498,-59.02739,0
493990,506,-57.90307,0
494000,497,-59.16794,0
494010,500,-58.74632,0
494020,504,-58.18415,0
494030,498,-59.02739,0
494040,496,-59.30848,0
494050,495,-59.44902,0
494060,499,-58.88685,0
494070,497,-59.16794,0
494080,501,-58.60577,0
494090,499,-58.88685,0
494100,502,-58.46523,0
494110,500,-58.74632,0
494120,500,-58.74632,0
494130,503,-58.32469,0
494140,504,-58.18415,0
494150,493,-59.7301,0
494160,493,-59.7301,0
494170,496,-59.30848,0
494180,495,-59.44902,0
494190,497,-59.16794,0
494200,496,-59.30848,0
494210,502,-58.46523,0
494220,507,-57.76252,0
494230,499,-58.88685,0
494240,499,-58.88685,0
494250,500,-58.74632,0
494260,497,-59.16794,0
494270,495,-59.44902,0
494280,495,-59.44902,0
494290,495,-59.44902,0
494300,504,-58.18415,0
494310,493,-59.7301,0
494320,499,-58.88685,0
494330,505,-58.04361,0
494340,500,-58.74632,0
494350,503,-58.32469,0
494360,498,-59.02739,0
494370,495,-59.44902,0
494380,496,-59.30848,0
494390,495,-59.44902,0
494400,502,-58.46523,0
494410,501,-58.60577,0
494420,505,-58.04361,0
494430,492,-59.87064,0
494440,498,-59.02739,0
494450,495,-59.44902,0
494460,503,-58.32469,0
494470,492,-59.87064,0
494480,493,-59.7301,0
494490,501,-58.60577,0
494500,499,-58.88685,0
494510,498,-59.02739,0
494520,488,-60.43281,0
494530,500,-58.74632,0
494540,494,-59.58956,0
494550,497,-59.16794,0
494560,498,-59.02739,0
494570,499,-58.88685,0
494580,503,-58.32469,0
494590,496,-59.30848,0
494600,502,-58.46523,0
494610,497,-59.16794,0
494620,493,-59.7301,0
494630,498,-59.02739,0
494640,504,-58.18415,0
494650,502,-58.46523,0
494660,491,-60.01118,0
494670,501,-58.60577,0
494680,500,-58.74632,0
494690,497,-59.16794,0
494700,497,-59.16794,0
494710,492,-59.87064,0
494720,492,-59.87064,0
494730,497,-59.16794,0
494740,505,-58.04361,0
494750,498,-59.02739,0
494760,499,-58.88685,0
494770,498,-59.02739,0
494780,504,-58.18415,0
494790,497,-59.16794,0
494800,497,-59.16794,0
494810,503,-58.32469,0
494820,501,-58.60577,0
494830,496,-59.30848,0
494840,504,-58.18415,0
494850,497,-59.16794,0
494860,498,-59.02739,0
494870,505,-58.04361,0
494880,498,-59.02739,0
494890,498,-59.02739,0
494900,510,-57.3409,0
494910,498,-59.02739,0
494920,498,-59.02739,0
494930,495,-59.44902,0
494940,499,-58.88685,0
494950,498,-59.02739,0
494960,497,-59.16794,0
494970,496,-59.30848,0
494980,501,-58.60577,0
494990,499,-58.88685,0
495000,496,-59.30848,0
495010,504,-58.18415,0
495020,498,-59.02739,0
495030,502,-58.46523,0
495040,498,-59.02739,0
495050,501,-58.60577,0
495060,499,-58.88685,0
495070,502,-58.46523,0
495080,496,-59.30848,0
495090,498,-59.02739,0
495100,505,-58.04361,0
495110,498,-59.02739,0
495120,505,-58.04361,0
495130,501,-58.60577,0
495140,505,-58.04361,0
495150,500,-58.74632,0
495160,500,-58.74632,0
495170,493,-59.7301,0
495180,495,-59.44902,0
495190,492,-59.87064,0
495200,502,-58.46523,0
495210,502,-58.46523,0
495220,495,-59.44902,0
495230,500,-58.74632,0
495240,502,-58.46523,0
495250,497,-59.16794,0
495260,497,-59.16794,0
495270,495,-59.44902,0
495280,500,-58.74632,0
495290,495,-59.44902,0
495300,504,-58.18415,0
495310,499,-58.88685,0
495320,499,-58.88685,0
495330,501,-58.60577,0
495340,499,-58.88685,0
495350,504,-58.18415,0
495360,501,-58.60577,0
495370,498,-59.02739,0
495380,499,-58.88685,0
495390,495,-59.44902,0
495400,498,-59.02739,0
495410,499,-58.88685,0
495420,501,-58.60577,0
495430,501,-58.60577,0
495440,497,-59.16794,0
495450,494,-59.58956,0
495460,496,-59.30848,0
495470,494,-59.58956,0
495480,501,-58.60577,0
495490,505,-58.04361,0
495500,499,-58.88685,0
495510,498,-59.02739,0
495520,496,-59.30848,0
495530,502,-58.46523,0
495540,501,-58.60577,0
495550,500,-58.74632,0
495560,499,-58.88685,0
495570,498,-59.02739,0
495580,505,-58.04361,0
495590,497,-59.16794,0
495600,490,-60.15173,0
495610,504,-58.18415,0
495620,497,-59.16794,0
495630,496,-59.30848,0
495640,504,-58.18415,0
495650,502,-58.46523,0
495660,500,-58.74632,0
495670,496,-59.30848,0
495680,498,-59.02739,0
495690,504,-58.18415,0
495700,493,-59.7301,0
495710,499,-58.88685,0
495720,499,-58.88685,0
495730,496,-59.30848,0
495740,496,-59.30848,0
495750,496,-59.30848,0
495760,494,-59.58956,0
495770,496,-59.30848,0
495780,500,-58.74632,0
495790,500,-58.74632,0
495800,504,-58.18415,0
495810,502,-58.46523,0
495820,501,-58.60577,0
495830,494,-59.58956,0
495840,493,-59.7301,0
495850,501,-58.60577,0
495860,501,-58.60577,0
495870,498,-59.02739,0
495880,498,-59.02739,0
495890,502,-58.46523,0
495900,501,-58.60577,0
495910,505,-58.04361,0
495920,505,-58.04361,0
495930,501,-58.60577,0
495940,495,-59.44902,0
495950,498,-59.02739,0
495960,502,-58.46523,0
495970,501,-58.60577,0
495980,500,-58.74632,0
495990,506,-57.90307,0
496000,505,-58.04361,0
496010,498,-59.02739,0
496020,505,-58.04361,0
496030,495,-59.44902,0
496040,502,-58.46523,0
496050,505,-58.04361,0
496060,496,-59.30848,0
496070,494,-59.58956,0
496080,507,-57.76252,0
496090,496,-59.30848,0
496100,495,-59.44902,0
496110,500,-58.74632,0
496120,499,-58.88685,0
496130,507,-57.76252,0
496140,499,-58.88685,0
496150,507,-57.76252,0
496160,498,-59.02739,0
496170,496,-59.30848,0
496180,498,-59.02739,0
496190,495,-59.44902,0
496200,499,-58.88685,0
496210,498,-59.02739,0
496220,500,-58.74632,0
496230,495,-59.44902,0
496240,501,-58.60577,0
496250,494,-59.58956,0
496260,503,-58.32469,0
496270,498,-59.02739,0
496280,494,-59.58956,0
496290,493,-59.7301,0
496300,505,-58.04361,0
496310,498,-59.02739,0
496320,505,-58.04361,0
496330,506,-57.90307,0
496340,493,-59.7301,0
496350,501,-58.60577,0
496360,502,-58.46523,0
496370,506,-57.90307,0
496380,492,-59.87064,0
496390,501,-58.60577,0
496400,499,-58.88685,0
496410,505,-58.04361,0
496420,504,-58.18415,0
496430,501,-58.60577,0
496440,501,-58.60577,0
496450,508,-57.62198,0
496460,506,-57.90307,0
496470,498,-59.02739,0
496480,498,-59.02739,0
496490,512,-57.05981,0
496500,498,-59.02739,0
496510,509,-57.48143,0
496520,498,-59.02739,0
496530,504,-58.18415,0
496540,496,-59.30848,0
496550,503,-58.32469,0
496560,494,-59.58956,0
496570,499,-58.88685,0
496580,503,-58.32469,0
496590,498,-59.02739,0
496600,500,-58.74632,0
496610,497,-59.16794,0
496620,505,-58.04361,0
496630,500,-58.74632,0
496640,503,-58.32469,0
496650,509,-57.48143,0
496660,502,-58.46523,0
496670,497,-59.16794,0
496680,498,-59.02739,0
496690,502,-58.46523,0
496700,496,-59.30848,0
496710,501,-58.60577,0
496720,496,-59.30848,0
496730,498,-59.02739,0
496740,502,-58.46523,0
496750,497,-59.16794,0
496760,506,-57.90307,0
496770,496,-59.30848,0
496780,504,-58.18415,0
496790,502,-58.46523,0
496800,502,-58.46523,0
496810,501,-58.60577,0
496820,503,-58.32469,0
496830,503,-58.32469,0
496840,503,-58.32469,0
496850,500,-58.74632,0
496860,499,-58.88685,0
496870,492,-59.87064,0
496880,501,-58.60577,0
496890,502,-58.46523,0
496900,511,-57.20036,0
496910,497,-59.16794,0
496920,496,-59.30848,0
496930,501,-58.60577,0
496940,500,-58.74632,0
496950,498,-59.02739,0
496960,496,-59.30848,0
496970,501,-58.60577,0
496980,502,-58.46523,0
496990,502,-58.46523,0
497000,499,-58.88685,0
497010,500,-58.74632,0
497020,501,-58.60577,0
497030,499,-58.88685,0
497040,499,-58.88685,0
497050,504,-58.18415,0
497060,499,-58.88685,0
497070,502,-58.46523,0
497080,503,-58.32469,0
497090,500,-58.74632,0
497100,502,-58.46523,0
497110,505,-58.04361,0
497120,504,-58.18415,0
497130,507,-57.76252,0
497140,502,-58.46523,0
497150,500,-58.74632,0
497160,497,-59.16794,0
497170,497,-59.16794,0
497180,500,-58.74632,0
497190,498,-59.02739,0
497200,505,-58.04361,0
497210,507,-57.76252,0
497220,505,-58.04361,0
497230,501,-58.60577,0
497240,499,-58.88685,0
497250,503,-58.32469,0
497260,504,-58.18415,0
497270,505,-58.04361,0
497280,504,-58.18415,0
497290,492,-59.87064,0
497300,511,-57.20036,0
497310,501,-58.60577,0
497320,502,-58.46523,0
497330,499,-58.88685,0
497340,499,-58.88685,0
497350,508,-57.62198,0
497360,503,-58.32469,0
497370,502,-58.46523,0
497380,501,-58.60577,0
497390,503,-58.32469,0
497400,507,-57.76252,0
497410,501,-58.60577,0
497420,501,-58.60577,0
497430,504,-58.18415,0
497440,498,-59.02739,0
497450,501,-58.60577,0
497460,505,-58.04361,0
497470,501,-58.60577,0
497480,507,-57.76252,0
497490,498,-59.02739,0
497500,500,-58.74632,0
497510,504,-58.18415,0
497520,503,-58.32469,0
497530,513,-56.91928,0
497540,501,-58.60577,0
497550,507,-57.76252,0
497560,503,-58.32469,0
497570,502,-58.46523,0
497580,494,-59.58956,0
497590,500,-58.74632,0
497600,503,-58.32469,0
497610,506,-57.90307,0
497620,502,-58.46523,0
497630,499,-58.88685,0
497640,499,-58.88685,0
497650,500,-58.74632,0
497660,502,-58.46523,0
497670,503,-58.32469,0
497680,508,-57.62198,0
497690,496,-59.30848,0
497700,511,-57.20036,0
497710,498,-59.02739,0
497720,502,-58.46523,0
497730,499,-58.88685,0
497740,502,-58.46523,0
497750,499,-58.88685,0
497760,499,-58.88685,0
497770,501,-58.60577,0
497780,498,-59.02739,0
497790,501,-58.60577,0
497800,498,-59.02739,0
497810,499,-58.88685,0
497820,502,-58.46523,0
497830,505,-58.04361,0
497840,503,-58.32469,0
497850,504,-58.18415,0
497860,502,-58.46523,0
497870,506,-57.90307,0
497880,503,-58.32469,0
497890,501,-58.60577,0
497900,503,-58.32469,0
497910,503,-58.32469,0
497920,511,-57.20036,0
497930,497,-59.16794,0
497940,508,-57.62198,0
497950,505,-58.04361,0
497960,501,-58.60577,0
497970,497,-59.16794,0
497980,498,-59.02739,0
497990,510,-57.3409,0
498000,506,-57.90307,0
498010,512,-57.05981,0
498020,499,-58.88685,0
498030,513,-56.91928,0
498040,502,-58.46523,0
498050,503,-58.32469,0
498060,501,-58.60577,0
498070,507,-57.76252,0
498080,506,-57.90307,0
498090,505,-58.04361,0
498100,507,-57.76252,0
498110,501,-58.60577,0
498120,504,-58.18415,0
498130,508,-57.62198,0
498140,505,-58.04361,0
498150,506,-57.90307,0
498160,503,-58.32469,0
498170,503,-58.32469,0
498180,504,-58.18415,0
498190,499,-58.88685,0
498200,503,-58.32469,0
498210,501,-58.60577,0
498220,507,-57.76252,0
498230,502,-58.46523,0
498240,504,-58.18415,0
498250,498,-59.02739,0
498260,506,-57.90307,0
498270,495,-59.44902,0
498280,509,-57.48143,0
498290,502,-58.46523,0
498300,506,-57.90307,0
498310,497,-59.16794,0
498320,506,-57.90307,0
498330,511,-57.20036,0
498340,510,-57.3409,0
498350,502,-58.46523,0
498360,505,-58.04361,0
498370,512,-57.05981,0
498380,508,-57.62198,0
498390,509,-57.48143,0
498400,504,-58.18415,0
498410,506,-57.90307,0
498420,502,-58.46523,0
498430,502,-58.46523,0
498440,499,-58.88685,0
498450,507,-57.76252,0
498460,503,-58.32469,0
498470,504,-58.18415,0
498480,507,-57.76252,0
498490,506,-57.90307,0
498500,503,-58.32469,0
498510,501,-58.60577,0
498520,501,-58.60577,0
498530,510,-57.3409,0
498540,506,-57.90307,0
498550,504,-58.18415,0
498560,504,-58.18415,0
498570,506,-57.90307,0
498580,502,-58.46523,0
498590,503,-58.32469,0
498600,499,-58.88685,0
498610,501,-58.60577,0
498620,504,-58.18415,0
498630,509,-57.48143,0
498640,500,-58.74632,0
498650,510,-57.3409,0
498660,500,-58.74632,0
498670,504,-58.18415,0
498680,505,-58.04361,0
498690,502,-58.46523,0
498700,502,-58.46523,0
498710,512,-57.05981,0
498720,505,-58.04361,0
498730,508,-57.62198,0
498740,497,-59.16794,0
498750,500,-58.74632,0
498760,510,-57.3409,0
498770,500,-58.74632,0
498780,509,-57.48143,0
498790,498,-59.02739,0
498800,507,-57.76252,0
498810,503,-58.32469,0
498820,507,-57.76252,0
498830,505,-58.04361,0
498840,503,-58.32469,0
498850,498,-59.02739,0
498860,503,-58.32469,0
498870,508,-57.62198,0
498880,500,-58.74632,0
498890,503,-58.32469,0
498900,502,-58.46523,0
498910,499,-58.88685,0
498920,506,-57.90307,0
498930,509,-57.48143,0
498940,506,-57.90307,0
498950,502,-58.46523,0
498960,505,-58.04361,0
498970,500,-58.74632,0
498980,508,-57.62198,0
498990,499,-58.88685,0
499000,508,-57.62198,0
499010,506,-57.90307,0
499020,508,-57.62198,0
499030,508,-57.62198,0
499040,504,-58.18415,0
499050,519,-56.07602,0
499060,500,-58.74632,0
499070,508,-57.62198,0
499080,505,-58.04361,0
499090,496,-59.30848,0
499100,505,-58.04361,0
499110,508,-57.62198,0
499120,508,-57.62198,0
499130,507,-57.76252,0
499140,502,-58.46523,0
499150,509,-57.48143,0
499160,503,-58.32469,0
499170,514,-56.77873,0
499180,506,-57.90307,0
499190,511,-57.20036,0
499200,499,-58.88685,0
499210,503,-58.32469,0
499220,505,-58.04361,0
499230,501,-58.60577,0
499240,506,-57.90307,0
499250,506,-57.90307,0
499260,504,-58.18415,0
499270,502,-58.46523,0
499280,504,-58.18415,0
499290,500,-58.74632,0
499300,508,-57.62198,0
499310,496,-59.30848,0
499320,502,-58.46523,0
499330,495,-59.44902,0
499340,499,-58.88685,0
499350,503,-58.32469,0
499360,500,-58.74632,0
499370,512,-57.05981,0
499380,505,-58.04361,0
499390,518,-56.21656,0
499400,499,-58.88685,0
499410,505,-58.04361,0
499420,498,-59.02739,0
499430,513,-56.91928,0
499440,500,-58.74632,0
499450,508,-57.62198,0
499460,498,-59.02739,0
499470,499,-58.88685,0
499480,502,-58.46523,0
499490,509,-57.48143,0
499500,503,-58.32469,0
499510,504,-58.18415,0
499520,509,-57.48143,0
499530,519,-56.07602,0
499540,502,-58.46523,0
499550,508,-57.62198,0
499560,501,-58.60577,0
499570,516,-56.49765,0
499580,509,-57.48143,0
499590,502,-58.46523,0
499600,507,-57.76252,0
499610,500,-58.74632,0
499620,518,-56.21656,0
499630,503,-58.32469,0
499640,498,-59.02739,0
499650,500,-58.74632,0
499660,497,-59.16794,0
499670,512,-57.05981,0
499680,506,-57.90307,0
499690,492,-59.87064,0
499700,501,-58.60577,0
499710,503,-58.32469,0
499720,505,-58.04361,0
499730,501,-58.60577,0
499740,505,-58.04361,0
499750,502,-58.46523,0
499760,507,-57.76252,0
499770,503,-58.32469,0
499780,506,-57.90307,0
499790,501,-58.60577,0
499800,505,-58.04361,0
499810,504,-58.18415,0
499820,502,-58.46523,0
499830,509,-57.48143,0
499840,500,-58.74632,0
499850,504,-58.18415,0
499860,504,-58.18415,0
499870,508,-57.62198,0
499880,505,-58.04361,0
499890,505,-58.04361,0
499900,507,-57.76252,0
499910,509,-57.48143,0
499920,504,-58.18415,0
499930,506,-57.90307,0
499940,500,-58.74632,0
499950,506,-57.90307,0
499960,499,-58.88685,0
499970,502,-58.46523,0
499980,506,-57.90307,0
499990,504,-58.18415,0
500000,503,-58.32469,0
500010,508,-57.62198,0
500020,505,-58.04361,0
500030,495,-59.44902,0
500040,498,-59.02739,0
500050,510,-57.3409,0
500060,507,-57.76252,0
500070,508,-57.62198,0
500080,510,-57.3409,0
500090,497,-59.16794,0
500100,512,-57.05981,0
500110,510,-57.3409,0
500120,506,-57.90307,0
500130,506,-57.90307,0
500140,512,-57.05981,0
500150,505,-58.04361,0
500160,511,-57.20036,0
500170,497,-59.16794,0
500180,507,-57.76252,0
500190,500,-58.74632,0
500200,504,-58.18415,0
500210,506,-57.90307,0
500220,507,-57.76252,0
500230,502,-58.46523,0
500240,504,-58.18415,0
500250,511,-57.20036,0
500260,514,-56.77873,0
500270,511,-57.20036,0
500280,507,-57.76252,0
500290,506,-57.90307,0
500300,511,-57.20036,0
500310,501,-58.60577,0
500320,504,-58.18415,0
500330,507,-57.76252,0
500340,496,-59.30848,0
500350,513,-56.91928,0
500360,505,-58.04361,0
500370,506,-57.90307,0
500380,504,-58.18415,0
500390,507,-57.76252,0
500400,511,-57.20036,0
500410,512,-57.05981,0
500420,511,-57.20036,0
500430,511,-57.20036,0
500440,501,-58.60577,0
500450,507,-57.76252,0
500460,519,-56.07602,0
500470,513,-56.91928,0
500480,510,-57.3409,0
500490,498,-59.02739,0
500500,512,-57.05981,0
500510,509,-57.48143,0
500520,507,-57.76252,0
500530,509,-57.48143,0
500540,503,-58.32469,0
500550,506,-57.90307,0
500560,503,-58.32469,0
500570,510,-57.3409,0
500580,505,-58.04361,0
500590,500,-58.74632,0
500600,505,-58.04361,0
500610,495,-59.44902,0
500620,515,-56.6382,0
500630,506,-57.90307,0
500640,504,-58.18415,0
500650,509,-57.48143,0
500660,515,-56.6382,0
500670,511,-57.20036,0
500680,511,-57.20036,0
500690,502,-58.46523,0
500700,504,-58.18415,0
500710,506,-57.90307,0
500720,507,-57.76252,0
500730,517,-56.35711,0
500740,503,-58.32469,0
500750,506,-57.90307,0
500760,512,-57.05981,0
500770,505,-58.04361,0
500780,506,-57.90307,0
500790,503,-58.32469,0
500800,508,-57.62198,0
500810,511,-57.20036,0
500820,512,-57.05981,0
500830,509,-57.48143,0
500840,504,-58.18415,0
500850,502,-58.46523,0
500860,505,-58.04361,0
500870,503,-58.32469,0
500880,502,-58.46523,0
500890,511,-57.20036,0
500900,507,-57.76252,0
500910,504,-58.18415,0
500920,517,-56.35711,0
500930,507,-57.76252,0
500940,509,-57.48143,0
500950,508,-57.62198,0
500960,511,-57.20036,0
500970,507,-57.76252,0
500980,516,-56.49765,0
500990,507,-57.76252,0
501000,507,-57.76252,0
501010,509,-57.48143,0
501020,505,-58.04361,0
501030,516,-56.49765,0
501040,504,-58.18415,0
501050,511,-57.20036,0
501060,509,-57.48143,0
501070,513,-56.91928,0
501080,508,-57.62198,0
501090,507,-57.76252,0
501100,505,-58.04361,0
501110,502,-58.46523,0
501120,510,-57.3409,0
501130,509,-57.48143,0
501140,510,-57.3409,0
501150,511,-57.20036,0
501160,514,-56.77873,0
501170,505,-58.04361,0
501180,506,-57.90307,0
501190,509,-57.48143,0
501200,500,-58.74632,0
501210,509,-57.48143,0
501220,509,-57.48143,0
501230,512,-57.05981,0
501240,511,-57.20036,0
501250,501,-58.60577,0
501260,501,-58.60577,0
501270,508,-57.62198,0
501280,500,-58.74632,0
501290,513,-56.91928,0
501300,511,-57.20036,0
501310,507,-57.76252,0
501320,508,-57.62198,0
501330,504,-58.18415,0
501340,509,-57.48143,0
501350,508,-57.62198,0
501360,513,-56.91928,0
501370,502,-58.46523,0
501380,502,-58.46523,0
501390,511,-57.20036,0
501400,511,-57.20036,0
501410,502,-58.46523,0
501420,506,-57.90307,0
501430,507,-57.76252,0
501440,510,-57.3409,0
501450,510,-57.3409,0
501460,507,-57.76252,0
501470,513,-56.91928,0
501480,516,-56.49765,0
501490,505,-58.04361,0
501500,508,-57.62198,0
501510,507,-57.76252,0
501520,509,-57.48143,0
501530,514,-56.77873,0
501540,510,-57.3409,0
501550,508,-57.62198,0
501560,505,-58.04361,0
501570,513,-56.91928,0
501580,512,-57.05981,0
501590,509,-57.48143,0
501600,512,-57.05981,0
501610,516,-56.49765,0
501620,512,-57.05981,0
501630,507,-57.76252,0
501640,508,-57.62198,0
501650,513,-56.91928,0
501660,512,-57.05981,0
501670,507,-57.76252,0
501680,507,-57.76252,0
501690,513,-56.91928,0
501700,509,-57.48143,0
501710,504,-58.18415,0
501720,495,-59.44902,0
501730,510,-57.3409,0
501740,509,-57.48143,0
501750,507,-57.76252,0
501760,500,-58.74632,0
501770,511,-57.20036,0
501780,505,-58.04361,0
501790,515,-56.6382,0
501800,510,-57.3409,0
501810,508,-57.62198,0
501820,511,-57.20036,0
501830,516,-56.49765,0
501840,513,-56.91928,0
501850,512,-57.05981,0
501860,510,-57.3409,0
501870,507,-57.76252,0
501880,503,-58.32469,0
501890,510,-57.3409,0
501900,512,-57.05981,0
501910,513,-56.91928,0
501920,504,-58.18415,0
501930,510,-57.3409,0
501940,508,-57.62198,0
501950,509,-57.48143,0
501960,502,-58.46523,0
501970,506,-57.90307,0
501980,515,-56.6382,0
501990,511,-57.20036,0
502000,511,-57.20036,0
502010,516,-56.49765,0
502020,508,-57.62198,0
502030,514,-56.77873,0
502040,509,-57.48143,0
502050,509,-57.48143,0
502060,514,-56.77873,0
502070,511,-57.20036,0
502080,514,-56.77873,0
502090,509,-57.48143,0
502100,513,-56.91928,0
502110,506,-57.90307,0
502120,515,-56.6382,0
502130,506,-57.90307,0
502140,507,-57.76252,0
502150,508,-57.62198,0
502160,508,-57.62198,0
502170,507,-57.76252,0
502180,512,-57.05981,0
502190,515,-56.6382,0
502200,510,-57.3409,0
502210,509,-57.48143,0
502220,519,-56.07602,0
502230,509,-57.48143,0
502240,505,-58.04361,0
502250,507,-57.76252,0
502260,514,-56.77873,0
502270,504,-58.18415,0
502280,509,-57.48143,0
502290,512,-57.05981,0
502300,504,-58.18415,0
502310,511,-57.20036,0
502320,508,-57.62198,0
502330,511,-57.20036,0
502340,510,-57.3409,0
502350,510,-57.3409,0
502360,504,-58.18415,0
502370,510,-57.3409,0
502380,508,-57.62198,0
502390,506,-57.90307,0
502400,507,-57.76252,0
502410,508,-57.62198,0
502420,508,-57.62198,0
502430,511,-57.20036,0
502440,510,-57.3409,0
502450,512,-57.05981,0
502460,510,-57.3409,0
502470,514,-56.77873,0
502480,502,-58.46523,0
502490,510,-57.3409,0
502500,512,-57.05981,0
502510,509,-57.48143,0
502520,515,-56.6382,0
502530,509,-57.48143,0
502540,512,-57.05981,0
502550,513,-56.91928,0
502560,506,-57.90307,0
502570,508,-57.62198,0
502580,514,-56.77873,0
502590,520,-55.93548,0
502600,513,-56.91928,0
502610,518,-56.21656,0
502620,511,-57.20036,0
502630,513,-56.91928,0
502640,510,-57.3409,0
502650,509,-57.48143,0
502660,511,-57.20036,0
502670,510,-57.3409,0
502680,512,-57.05981,0
502690,512,-57.05981,0
502700,503,-58.32469,0
502710,501,-58.60577,0
502720,517,-56.35711,0
502730,512,-57.05981,0
502740,509,-57.48143,0
502750,505,-58.04361,1
502760,504,-58.18415,1
502770,506,-57.90307,1
502780,511,-57.20036,1
502790,504,-58.18415,1
502800,499,-58.88685,1
502810,476,-62.11931,1
502820,474,-62.40039,1
502830,462,-64.08688,1
502840,457,-64.7896,1
502850,448,-66.05447,1
502860,442,-66.89772,1
502870,430,-68.58421,1
502880,430,-68.58421,1
502890,427,-69.00584,1
502900,419,-70.13017,1
502910,414,-70.83288,1
502920,408,-71.67612,1
502930,409,-71.53558,1
502940,411,-71.2545,1
502950,400,-72.80046,1
502960,400,-72.80046,1
502970,393,-73.78425,1
502980,391,-74.06533,1
502990,385,-74.90858,1
503000,382,-75.3302,1
503010,379,-75.75182,1
503020,381,-75.47075,1
503030,375,-76.314,1
503040,373,-76.59508,1
503050,360,-78.42212,1
503060,367,-77.43832,1
503070,369,-77.15724,1
503080,368,-77.29778,1
503090,373,-76.59508,1
503100,364,-77.85995,1
503110,355,-79.12482,1
503120,356,-78.98428,1
503130,356,-78.98428,1
503140,358,-78.7032,1
503150,354,-79.26537,1
503160,352,-79.54644,1
503170,360,-78.42212,1
503180,358,-78.7032,1
503190,359,-78.56265,1
503200,352,-79.54644,1
503210,353,-79.40591,1
503220,352,-79.54644,1
503230,349,-79.96807,1
503240,353,-79.40591,1
503250,352,-79.54644,1
503260,347,-80.24915,1
503270,352,-79.54644,1
503280,350,-79.82753,1
503290,349,-79.96807,1
503300,349,-79.96807,1
503310,349,-79.96807,1
503320,353,-79.40591,1
503330,339,-81.37349,1
503340,348,-80.10861,1
503350,348,-80.10861,1
503360,351,-79.68699,1
503370,344,-80.67078,1
503380,350,-79.82753,1
503390,350,-79.82753,1
503400,357,-78.84373,1
503410,348,-80.10861,1
503420,345,-80.53024,1
503430,348,-80.10861,1
503440,353,-79.40591,1
503450,346,-80.38969,1
503460,349,-79.96807,1
503470,350,-79.82753,1
503480,344,-80.67078,1
503490,349,-79.96807,1
503500,352,-79.54644,1
503510,344,-80.67078,1
503520,349,-79.96807,1
503530,343,-80.81132,1
503540,347,-80.24915,1
503550,355,-79.12482,1
503560,349,-79.96807,1
503570,351,-79.68699,1
503580,346,-80.38969,1
503590,346,-80.38969,1
503600,351,-79.68699,1
503610,342,-80.95186,1
503620,349,-79.96807,1
503630,352,-79.54644,1
503640,352,-79.54644,1
503650,349,-79.96807,1
503660,349,-79.96807,1
503670,348,-80.10861,1
503680,345,-80.53024,1
503690,344,-80.67078,1
503700,342,-80.95186,1
503710,345,-80.53024,1
503720,347,-80.24915,1
503730,350,-79.82753,1
503740,345,-80.53024,1
503750,349,-79.96807,1
503760,350,-79.82753,1
503770,345,-80.53024,1
503780,351,-79.68699,1
503790,345,-80.53024,1
503800,344,-80.67078,1
503810,347,-80.24915,1
503820,346,-80.38969,1
503830,345,-80.53024,1
503840,352,-79.54644,1
503850,346,-80.38969,1
503860,343,-80.81132,1
503870,342,-80.95186,1
503880,353,-79.40591,1
503890,350,-79.82753,1
503900,348,-80.10861,1
503910,339,-81.37349,1
503920,345,-80.53024,1
503930,342,-80.95186,1
503940,344,-80.67078,1
503950,351,-79.68699,1
503960,346,-80.38969,1
503970,341,-81.0924,1
503980,347,-80.24915,1
503990,352,-79.54644,1
504000,346,-80.38969,1
504010,346,-80.38969,1
504020,352,-79.54644,1
504030,339,-81.37349,1
504040,347,-80.24915,1
504050,340,-81.23294,1
504060,343,-80.81132,1
504070,351,-79.68699,1
504080,346,-80.38969,1
504090,345,-80.53024,1
504100,349,-79.96807,1
504110,341,-81.0924,1
504120,336,-81.7951,1
504130,347,-80.24915,1
504140,347,-80.24915,1
504150,341,-81.0924,1
504160,343,-80.81132,1
504170,345,-80.53024,1
504180,347,-80.24915,1
504190,338,-81.51403,1
504200,350,-79.82753,1
504210,341,-81.0924,1
504220,342,-80.95186,1
504230,347,-80.24915,1
504240,349,-79.96807,1
504250,349,-79.96807,1
504260,341,-81.0924,1
504270,345,-80.53024,1
504280,344,-80.67078,1
504290,342,-80.95186,1
504300,345,-80.53024,1
504310,345,-80.53024,1
504320,346,-80.38969,1
504330,344,-80.67078,1
504340,347,-80.24915,1
504350,344,-80.67078,1
504360,345,-80.53024,1
504370,343,-80.81132,1
504380,342,-80.95186,1
504390,344,-80.67078,1
504400,345,-80.53024,1
504410,346,-80.38969,1
504420,346,-80.38969,1
504430,346,-80.38969,1
504440,348,-80.10861,1
504450,341,-81.0924,1
504460,344,-80.67078,1
504470,343,-80.81132,1
504480,350,-79.82753,1
504490,346,-80.38969,1
504500,338,-81.51403,1
504510,343,-80.81132,1
504520,346,-80.38969,1
504530,350,-79.82753,1
504540,345,-80.53024,1
504550,348,-80.10861,1
504560,345,-80.53024,1
504570,349,-79.96807,1
504580,339,-81.37349,1
504590,352,-79.54644,1
504600,340,-81.23294,1
504610,338,-81.51403,1
504620,350,-79.82753,1
504630,343,-80.81132,1
504640,350,-79.82753,1
504650,350,-79.82753,1
504660,347,-80.24915,1
504670,348,-80.10861,1
504680,349,-79.96807,1
504690,348,-80.10861,1
504700,340,-81.23294,1
504710,346,-80.38969,1
504720,347,-80.24915,1
504730,343,-80.81132,1
504740,347,-80.24915,1
504750,350,-79.82753,1
504760,342,-80.95186,1
504770,345,-80.53024,1
504780,344,-80.67078,1
504790,342,-80.95186,1
504800,351,-79.68699,1
504810,341,-81.0924,1
504820,341,-81.0924,1
504830,347,-80.24915,1
504840,344,-80.67078,1
504850,345,-80.53024,1
504860,343,-80.81132,1
504870,344,-80.67078,1
504880,346,-80.38969,1
504890,351,-79.68699,1
504900,341,-81.0924,1
504910,361,-78.28157,1
504920,483,-61.13552,1
504930,583,-47.08138,1
504940,673,-34.43264,1
504950,745,-24.31365,1
504960,793,-17.56767,1
504970,850,-9.556808,1
504980,912,-0.843246,1
504990,953,4.918961,1
505000,996,10.96224,1
505010,1007,12.50819,1
505020,1042,17.42715,1
505030,1049,18.41094,1
505040,1071,21.50285,0
505050,1056,19.39474,0
505060,1057,19.53526,0
505070,1073,21.78393,0
505080,1085,23.47043,0
505090,1099,25.43801,0
505100,1083,23.18935,0
505110,995,10.82171,0
505120,1003,11.94603,0
505130,990,10.119,0
505140,1000,11.5244,0
505150,990,10.119,0
505160,998,11.24332,0
505170,995,10.82171,0
505180,992,10.40008,0
505190,993,10.54061,0
505200,991,10.25953,0
505210,995,10.82171,0
505220,995,10.82171,0
505230,989,9.978447,0
505240,993,10.54061,0
505250,988,9.837921,0
505260,989,9.978447,0
505270,991,10.25953,0
505280,994,10.68116,0
505290,988,9.837921,0
505300,995,10.82171,0
505310,990,10.119,0
505320,991,10.25953,0
505330,984,9.275734,0
505340,992,10.40008,0
505350,992,10.40008,0
505360,988,9.837921,0
505370,981,8.854126,0
505380,987,9.697365,0
505390,987,9.697365,0
505400,983,9.135208,0
505410,982,8.994659,0
505420,984,9.275734,0
505430,994,10.68116,0
505440,986,9.556839,0
505450,989,9.978447,0
505460,989,9.978447,0
505470,985,9.41629,0
505480,993,10.54061,0
505490,980,8.713577,0
505500,992,10.40008,0
505510,993,10.54061,0
505520,991,10.25953,0
505530,980,8.713577,0
505540,985,9.41629,0
505550,986,9.556839,0
505560,989,9.978447,0
505570,987,9.697365,0
505580,976,8.151413,0
505590,986,9.556839,0
505600,989,9.978447,0
505610,993,10.54061,0
505620,990,10.119,0
505630,987,9.697365,0
505640,993,10.54061,0
505650,990,10.119,0
505660,988,9.837921,0
505670,985,9.41629,0
505680,982,8.994659,0
505690,979,8.573029,0
505700,981,8.854126,0
505710,974,7.870338,0
505720,990,10.119,0
505730,980,8.713577,0
505740,982,8.994659,0
505750,983,9.135208,0
