t_ms,adc,p_kpa,pump
147832,920,1.124329,1
147842,912,0,1
147852,911,-0.140541,1
147862,921,1.264877,1
147872,915,0.421638,1
147882,925,1.827042,1
147892,913,0.140556,1
147902,923,1.545959,1
147912,915,0.421638,1
147922,919,0.983803,1
147932,915,0.421638,1
147942,911,-0.140541,1
147952,917,0.702721,1
147962,918,0.843246,1
147972,912,0,1
147982,922,1.405434,1
147992,913,0.140556,1
148002,921,1.264877,1
148012,920,1.124329,1
148022,927,2.108147,1
148032,917,0.702721,1
148042,924,1.686508,1
148052,918,0.843246,1
148062,921,1.264877,1
148072,916,0.562164,1
148082,922,1.405434,1
148092,912,0,1
148102,914,0.28109,1
148112,918,0.843246,1
148122,917,0.702721,1
148132,924,1.686508,1
148142,915,0.421638,1
148152,918,0.843246,1
148162,912,0,1
148172,918,0.843246,1
148182,921,1.264877,1
148192,909,-0.421616,1
148202,920,1.124329,1
148212,918,0.843246,1
148222,920,1.124329,1
148232,918,0.843246,1
148242,920,1.124329,1
148252,924,1.686508,1
148262,920,1.124329,1
148272,916,0.562164,1
148282,916,0.562164,1
148292,916,0.562164,1
148302,913,0.140556,1
148312,919,0.983803,1
148322,920,1.124329,1
148332,921,1.264877,1
148342,917,0.702721,1
148352,924,1.686508,1
148362,917,0.702721,1
148372,912,0,1
148382,922,1.405434,1
148392,912,0,1
148402,920,1.124329,1
148412,916,0.562164,1
148422,918,0.843246,1
148432,922,1.405434,1
148442,915,0.421638,1
148452,913,0.140556,1
148462,919,0.983803,1
148472,919,0.983803,1
148482,919,0.983803,1
148492,912,0,1
148502,920,1.124329,1
148512,908,-0.562157,1
148522,916,0.562164,1
148532,911,-0.140541,1
148542,911,-0.140541,1
148552,912,0,1
148562,913,0.140556,1
148572,918,0.843246,1
148582,920,1.124329,1
148592,916,0.562164,1
148602,916,0.562164,1
148612,916,0.562164,1
148622,916,0.562164,1
148632,919,0.983803,1
148642,910,-0.281075,1
148652,921,1.264877,1
148662,922,1.405434,1
148672,917,0.702721,1
148682,920,1.124329,1
148692,906,-0.843239,1
148702,922,1.405434,1
148712,915,0.421638,1
148722,918,0.843246,1
148732,916,0.562164,1
148742,919,0.983803,1
148752,917,0.702721,1
148762,922,1.405434,1
148772,915,0.421638,1
148782,918,0.843246,1
148792,921,1.264877,1
148802,915,0.421638,1
148812,917,0.702721,1
148822,917,0.702721,1
148832,911,-0.140541,1
148842,913,0.140556,1
148852,912,0,1
148862,913,0.140556,1
148872,903,-1.26487,1
148882,874,-5.340569,1
148892,844,-9.556816,1
148902,805,-15.03792,1
148912,780,-18.55147,1
148922,765,-20.65958,1
148932,738,-24.45421,1
148942,705,-29.09208,1
148952,692,-30.91911,1
148962,668,-34.2921,1
148972,655,-36.11915,1
148982,645,-37.52456,1
148992,627,-40.0543,1
149002,610,-42.44351,1
149012,589,-45.39487,1
149022,585,-45.95705,1
149032,580,-46.65975,1
149042,569,-48.20571,1
149052,560,-49.47058,1
149062,546,-51.43816,1
149072,539,-52.42195,1
149082,541,-52.14087,1
149092,529,-53.82737,1
149102,516,-55.6544,1
149112,514,-55.93548,1
149122,506,-57.05982,1
149132,513,-56.07603,1
149142,503,-57.48144,1
149152,502,-57.62198,1
149162,493,-58.88685,1
149172,490,-59.30848,1
149182,492,-59.0274,1
149192,487,-59.73011,1
149202,490,-59.30848,1
149212,474,-61.55715,0
149222,476,-61.27606,0
149232,475,-61.4166,0
149242,469,-62.25985,0
149252,472,-61.83823,0
149262,468,-62.40039,0
149272,462,-63.24364,0
149282,473,-61.69768,0
149292,468,-62.40039,0
149302,462,-63.24364,0
149312,462,-63.24364,0
149322,466,-62.68147,0
149332,459,-63.66527,0
149342,460,-63.52473,0
149352,461,-63.38418,0
149362,464,-62.96256,0
149372,462,-63.24364,0
149382,459,-63.66527,0
149392,463,-63.1031,0
149402,464,-62.96256,0
149412,462,-63.24364,0
149422,458,-63.80581,0
149432,460,-63.52473,0
149442,461,-63.38418,0
149452,455,-64.22743,0
149462,445,-65.63284,0
149472,444,-65.77339,0
149482,452,-64.64905,0
149492,451,-64.7896,0
149502,450,-64.93014,0
149512,447,-65.35176,0
149522,448,-65.21122,0
149532,455,-64.22743,0
149542,453,-64.50851,0
149552,452,-64.64905,0
149562,446,-65.4923,0
149572,458,-63.80581,0
149582,459,-63.66527,0
149592,449,-65.07069,0
149602,446,-65.4923,0
149612,448,-65.21122,0
149622,452,-64.64905,0
149632,457,-63.94635,0
149642,451,-64.7896,0
149652,451,-64.7896,0
149662,451,-64.7896,0
149672,445,-65.63284,0
149682,447,-65.35176,0
149692,451,-64.7896,0
149702,453,-64.50851,0
149712,447,-65.35176,0
149722,451,-64.7896,0
149732,449,-65.07069,0
149742,443,-65.91393,0
149752,460,-63.52473,0
149762,448,-65.21122,0
149772,450,-64.93014,0
149782,450,-64.93014,0
149792,451,-64.7896,0
149802,453,-64.50851,0
149812,453,-64.50851,0
149822,449,-65.07069,0
149832,449,-65.07069,0
149842,453,-64.50851,0
149852,447,-65.35176,0
149862,441,-66.19501,0
149872,450,-64.93014,0
149882,459,-63.66527,0
149892,450,-64.93014,0
149902,445,-65.63284,0
149912,449,-65.07069,0
149922,447,-65.35176,0
149932,456,-64.08689,0
149942,451,-64.7896,0
149952,448,-65.21122,0
149962,448,-65.21122,0
149972,451,-64.7896,0
149982,445,-65.63284,0
149992,443,-65.91393,0
150002,449,-65.07069,0
150012,447,-65.35176,0
150022,441,-66.19501,0
150032,452,-64.64905,0
150042,445,-65.63284,0
150052,449,-65.07069,0
150062,437,-66.75717,0
150072,449,-65.07069,0
150082,445,-65.63284,0
150092,459,-63.66527,0
150102,448,-65.21122,0
150112,447,-65.35176,0
150122,447,-65.35176,0
150132,449,-65.07069,0
150142,446,-65.4923,0
150152,450,-64.93014,0
150162,453,-64.50851,0
150172,451,-64.7896,0
150182,451,-64.7896,0
150192,446,-65.4923,0
150202,439,-66.4761,0
150212,447,-65.35176,0
150222,453,-64.50851,0
150232,452,-64.64905,0
150242,450,-64.93014,0
150252,458,-63.80581,0
150262,452,-64.64905,0
150272,446,-65.4923,0
150282,495,-58.60577,0
150292,525,-54.38953,0
150302,528,-53.96791,0
150312,531,-53.54628,0
150322,534,-53.12465,0
150332,539,-52.42195,0
150342,550,-50.87599,0
150352,545,-51.5787,0
150362,555,-50.17329,0
150372,557,-49.8922,0
150382,560,-49.47058,0
150392,565,-48.76788,0
150402,571,-47.92462,0
150412,565,-48.76788,0
150422,579,-46.80029,0
150432,567,-48.48679,0
150442,581,-46.51921,0
150452,586,-45.8165,0
150462,585,-45.95705,0
150472,591,-45.11379,0
150482,589,-45.39487,0
150492,598,-44.13,0
150502,602,-43.56784,0
150512,599,-43.98946,0
150522,606,-43.00568,0
150532,605,-43.14622,0
150542,622,-40.75701,0
150552,613,-42.02188,0
150562,624,-40.47593,0
150572,620,-41.03809,0
150582,625,-40.33539,0
150592,630,-39.63268,0
150602,630,-39.63268,0
150612,638,-38.50835,0
150622,634,-39.07051,0
150632,633,-39.21105,0
150642,649,-36.96239,0
150652,649,-36.96239,0
150662,651,-36.68131,0
150672,659,-35.55698,0
150682,649,-36.96239,0
150692,660,-35.41644,0
150702,667,-34.43265,0
150712,657,-35.83806,0
150722,669,-34.15156,0
150732,674,-33.44885,0
150742,678,-32.88669,0
150752,684,-32.04344,0
150762,677,-33.02723,0
150772,679,-32.74615,0
150782,679,-32.74615,0
150792,684,-32.04344,0
150802,685,-31.90291,0
150812,692,-30.91911,0
150822,687,-31.62182,0
150832,693,-30.77856,0
150842,698,-30.07587,0
150852,696,-30.35695,0
150862,704,-29.2326,0
150872,706,-28.95154,0
150882,712,-28.10828,0
150892,705,-29.09208,0
150902,710,-28.38937,0
150912,718,-27.26503,0
150922,719,-27.12449,0
150932,724,-26.42178,0
150942,719,-27.12449,0
150952,726,-26.1407,0
150962,728,-25.85962,0
150972,727,-26.00016,0
150982,731,-25.43799,0
150992,733,-25.15691,0
151002,741,-24.03258,0
151012,735,-24.87583,0
151022,742,-23.89204,0
151032,743,-23.7515,0
151042,743,-23.7515,0
151052,748,-23.0488,0
151062,753,-22.34608,0
151072,754,-22.20554,0
151082,756,-21.92446,0
151092,757,-21.78392,0
151102,756,-21.92446,0
151112,757,-21.78392,0
151122,768,-20.23796,0
151132,778,-18.83255,0
151142,767,-20.3785,0
151152,775,-19.25417,0
151162,774,-19.39471,0
151172,773,-19.53525,0
151182,779,-18.69201,0
151192,781,-18.41092,0
151202,776,-19.11363,0
151212,781,-18.41092,0
151222,777,-18.97309,0
151232,781,-18.41092,0
151242,782,-18.27038,0
151252,789,-17.2866,0
151262,788,-17.42714,0
151272,792,-16.86497,0
151282,790,-17.14604,0
151292,793,-16.72443,0
151302,795,-16.44334,0
151312,803,-15.31902,0
151322,796,-16.3028,0
151332,794,-16.58389,0
151342,802,-15.45955,0
151352,797,-16.16226,0
151362,804,-15.17846,0
151372,806,-14.89738,0
151382,802,-15.45955,0
151392,809,-14.47576,0
151402,811,-14.19468,0
151412,814,-13.77305,0
151422,811,-14.19468,0
151432,809,-14.47576,0
151442,813,-13.91359,0
151452,821,-12.78927,0
151462,814,-13.77305,0
151472,817,-13.35143,0
151482,818,-13.21089,0
151492,821,-12.78927,0
151502,818,-13.21089,0
151512,824,-12.36764,0
151522,828,-11.80547,0
151532,823,-12.50818,0
151542,821,-12.78927,0
151552,824,-12.36764,0
151562,827,-11.94601,0
151572,837,-10.5406,0
151582,835,-10.82169,0
151592,843,-9.69735,0
151602,838,-10.40006,0
151612,840,-10.11897,0
151622,833,-11.10277,0
151632,843,-9.69735,0
151642,846,-9.275719,0
151652,845,-9.41626,0
151662,844,-9.556816,0
151672,848,-8.994652,0
151682,856,-7.870308,0
151692,850,-8.713562,0
151702,859,-7.448692,0
151712,853,-8.291939,0
151722,848,-8.994652,0
151732,861,-7.16761,0
151742,857,-7.729782,0
151752,857,-7.729782,0
151762,850,-8.713562,0
151772,866,-6.464897,0
151782,856,-7.870308,0
151792,861,-7.16761,0
151802,862,-7.027069,0
151812,863,-6.88652,0
151822,867,-6.324356,0
151832,863,-6.88652,0
151842,872,-5.621643,0
151852,868,-6.183815,0
151862,860,-7.308151,0
151872,868,-6.183815,0
151882,863,-6.88652,0
151892,868,-6.183815,0
151902,874,-5.340569,0
151912,867,-6.324356,0
151922,871,-5.762199,0
151932,874,-5.340569,0
151942,869,-6.043274,0
151952,876,-5.059486,0
151962,864,-6.745979,0
151972,877,-4.918945,0
151982,867,-6.324356,0
151992,882,-4.216232,0
152002,878,-4.778404,0
152012,869,-6.043274,0
152022,874,-5.340569,0
152032,877,-4.918945,0
152042,877,-4.918945,0
152052,879,-4.637863,0
152062,875,-5.200027,0
152072,881,-4.356773,0
152082,877,-4.918945,0
152092,890,-3.091904,0
152102,889,-3.232452,0
152112,877,-4.918945,0
152122,885,-3.794617,0
152132,886,-3.65406,0
152142,886,-3.65406,0
152152,882,-4.216232,0
152162,882,-4.216232,0
152172,888,-3.372993,0
152182,894,-2.529739,0
152192,889,-3.232452,0
152202,893,-2.67028,0
152212,881,-4.356773,0
152222,891,-2.951363,0
152232,885,-3.794617,0
152242,893,-2.67028,0
152252,887,-3.513519,0
152262,884,-3.93515,0
152272,897,-2.108109,0
152282,884,-3.93515,0
152292,881,-4.356773,0
152302,895,-2.389191,0
152312,887,-3.513519,0
152322,889,-3.232452,0
152332,890,-3.091904,0
152342,893,-2.67028,0
152352,893,-2.67028,0
152362,889,-3.232452,0
152372,893,-2.67028,0
152382,892,-2.810822,0
152392,894,-2.529739,0
152402,895,-2.389191,0
152412,897,-2.108109,0
152422,891,-2.951363,0
152432,898,-1.967583,0
152442,890,-3.091904,0
152452,901,-1.545952,0
152462,887,-3.513519,0
152472,901,-1.545952,0
152482,903,-1.26487,0
152492,895,-2.389191,0
152502,899,-1.827026,0
152512,898,-1.967583,0
152522,903,-1.26487,0
152532,896,-2.24865,0
152542,892,-2.810822,0
152552,902,-1.405411,0
152562,900,-1.686493,0
152572,901,-1.545952,0
152582,903,-1.26487,0
152592,902,-1.405411,0
152602,898,-1.967583,0
152612,895,-2.389191,0
152622,894,-2.529739,0
152632,907,-0.702698,0
152642,899,-1.827026,0
152652,898,-1.967583,0
152662,899,-1.827026,0
152672,901,-1.545952,0
152682,911,-0.140541,0
152692,905,-0.98378,0
152702,907,-0.702698,0
152712,897,-2.108109,0
152722,912,0,0
152732,903,-1.26487,0
152742,905,-0.98378,0
152752,900,-1.686493,0
152762,898,-1.967583,0
152772,912,0,0
152782,904,-1.124321,0
152792,912,0,0
152802,911,-0.140541,0
152812,900,-1.686493,0
152822,911,-0.140541,0
152832,910,-0.281075,0
152842,916,0.562164,0
152852,906,-0.843239,0
152862,902,-1.405411,0
152872,903,-1.26487,0
152882,899,-1.827026,0
152892,905,-0.98378,0
152902,910,-0.281075,0
152912,906,-0.843239,0
152922,900,-1.686493,0
152932,897,-2.108109,0
152942,907,-0.702698,0
152952,909,-0.421616,0
152962,906,-0.843239,0
152972,906,-0.843239,0
152982,907,-0.702698,0
152992,910,-0.281075,0
153002,911,-0.140541,0
153012,909,-0.421616,0
153022,921,1.264877,0
153032,913,0.140556,0
153042,912,0,0
153052,908,-0.562157,0
153062,907,-0.702698,0
153072,910,-0.281075,0
153082,911,-0.140541,0
153092,910,-0.281075,0
153102,906,-0.843239,0
153112,899,-1.827026,0
153122,915,0.421638,0
153132,910,-0.281075,0
153142,914,0.28109,0
153152,911,-0.140541,0
153162,914,0.28109,0
153172,914,0.28109,0
153182,914,0.28109,0
153192,902,-1.405411,0
153202,899,-1.827026,0
153212,910,-0.281075,0
153222,917,0.702721,0
153232,902,-1.405411,0
153242,914,0.28109,0
153252,924,1.686508,0
153262,914,0.28109,0
153272,916,0.562164,0
153282,911,-0.140541,0
153292,919,0.983803,0
153302,911,-0.140541,0
153312,911,-0.140541,0
153322,905,-0.98378,0
153332,902,-1.405411,0
153342,917,0.702721,0
153352,915,0.421638,0
153362,915,0.421638,0
153372,915,0.421638,0
153382,920,1.124329,0
153392,912,0,0
153402,911,-0.140541,0
153412,921,1.264877,0
153422,913,0.140556,0
153432,913,0.140556,0
153442,914,0.28109,0
153452,918,0.843246,0
153462,911,-0.140541,0
153472,921,1.264877,0
153482,912,0,0
153492,918,0.843246,0
153502,911,-0.140541,0
153512,917,0.702721,0
153522,920,1.124329,0
153532,905,-0.98378,0
153542,911,-0.140541,0
153552,908,-0.562157,0
153562,917,0.702721,0
153572,912,0,0
153582,908,-0.562157,0
153592,916,0.562164,0
153602,918,0.843246,0
153612,916,0.562164,0
153622,911,-0.140541,0
153632,918,0.843246,0
153642,912,0,0
153652,912,0,0
153662,915,0.421638,0
153672,910,-0.281075,0
153682,919,0.983803,0
153692,910,-0.281075,0
153702,914,0.28109,0
153712,913,0.140556,0
153722,917,0.702721,0
153732,915,0.421638,0
153742,916,0.562164,0
153752,918,0.843246,0
153762,914,0.28109,0
153772,919,0.983803,0
153782,912,0,0
153792,914,0.28109,0
153802,918,0.843246,0
153812,910,-0.281075,0
153822,913,0.140556,0
153832,913,0.140556,0
153842,918,0.843246,0
153852,914,0.28109,0
153862,916,0.562164,0
153872,904,-1.124321,0
153882,913,0.140556,0
153892,922,1.405434,0
153902,910,-0.281075,0
153912,914,0.28109,0
153922,914,0.28109,0
153932,915,0.421638,0
153942,908,-0.562157,0
153952,910,-0.281075,0
153962,910,-0.281075,0
153972,915,0.421638,0
153982,921,1.264877,0
153992,920,1.124329,0
154002,923,1.545959,0
154012,918,0.843246,0
154022,911,-0.140541,0
154032,916,0.562164,0
154042,922,1.405434,0
154052,915,0.421638,0
154062,905,-0.98378,0
154072,911,-0.140541,0
154082,915,0.421638,0
154092,913,0.140556,0
154102,912,0,0
154112,915,0.421638,0
154122,915,0.421638,0
154132,908,-0.562157,0
154142,910,-0.281075,0
154152,909,-0.421616,0
154162,913,0.140556,0
154172,908,-0.562157,0
154182,915,0.421638,0
154192,911,-0.140541,0
154202,924,1.686508,0
154212,916,0.562164,0
154222,917,0.702721,0
154232,914,0.28109,0
154242,912,0,0
154252,919,0.983803,0
154262,918,0.843246,0
154272,910,-0.281075,0
154282,916,0.562164,0
154292,912,0,0
154302,922,1.405434,0
154312,915,0.421638,0
154322,916,0.562164,0
154332,904,-1.124321,0
154342,915,0.421638,0
154352,915,0.421638,0
154362,918,0.843246,0
154372,922,1.405434,0
154382,917,0.702721,0
154392,915,0.421638,0
154402,920,1.124329,0
154412,922,1.405434,0
154422,912,0,0
154432,912,0,0
154442,908,-0.562157,0
154452,915,0.421638,0
154462,913,0.140556,0
154472,916,0.562164,0
154482,914,0.28109,0
154492,909,-0.421616,0
154502,919,0.983803,0
154512,919,0.983803,0
154522,907,-0.702698,0
154532,910,-0.281075,0
154542,917,0.702721,0
154552,919,0.983803,0
154562,924,1.686508,0
154572,920,1.124329,0
154582,916,0.562164,0
154592,921,1.264877,0
154602,922,1.405434,0
154612,915,0.421638,0
154622,923,1.545959,0
154632,919,0.983803,0
154642,918,0.843246,0
154652,912,0,0
154662,918,0.843246,0
154672,922,1.405434,0
154682,921,1.264877,0
154692,917,0.702721,0
154702,917,0.702721,0
154712,918,0.843246,0
154722,915,0.421638,0
154732,918,0.843246,0
154742,923,1.545959,0
154752,921,1.264877,0
154762,912,0,0
154772,914,0.28109,0
154782,912,0,0
154792,917,0.702721,0
154802,913,0.140556,0
154812,917,0.702721,0
154822,910,-0.281075,0
154832,914,0.28109,0
154842,921,1.264877,0
154852,918,0.843246,0
154862,914,0.28109,0
154872,917,0.702721,0
154882,912,0,0
154892,924,1.686508,0
154902,914,0.28109,0
154912,917,0.702721,0
154922,923,1.545959,0
154932,916,0.562164,0
154942,920,1.124329,0
154952,921,1.264877,0
154962,919,0.983803,0
154972,916,0.562164,0
154982,913,0.140556,0
154992,914,0.28109,0
155002,924,1.686508,0
155012,918,0.843246,0
155022,919,0.983803,0
155032,920,1.124329,0
155042,917,0.702721,0
155052,922,1.405434,0
155062,927,2.108147,0
155072,925,1.827042,0
155082,918,0.843246,0
155092,923,1.545959,0
155102,913,0.140556,0
155112,916,0.562164,0
155122,913,0.140556,0
155132,915,0.421638,0
155142,906,-0.843239,0
155152,912,0,0
155162,911,-0.140541,0
155172,914,0.28109,0
155182,910,-0.281075,0
155192,916,0.562164,0
155202,912,0,0
155212,914,0.28109,0
155222,924,1.686508,0
155232,912,0,0
155242,920,1.124329,0
155252,921,1.264877,0
155262,924,1.686508,0
155272,918,0.843246,0
155282,913,0.140556,0
155292,923,1.545959,0
155302,912,0,0
155312,921,1.264877,0
155322,921,1.264877,0
155332,907,-0.702698,0
155342,921,1.264877,0
155352,915,0.421638,0
155362,919,0.983803,0
155372,921,1.264877,0
155382,916,0.562164,0
155392,922,1.405434,0
155402,916,0.562164,0
155412,920,1.124329,0
155422,915,0.421638,0
155432,911,-0.140541,0
155442,914,0.28109,0
155452,913,0.140556,0
155462,912,0,0
155472,911,-0.140541,0
155482,908,-0.562157,0
155492,914,0.28109,0
155502,914,0.28109,0
155512,913,0.140556,0
155522,916,0.562164,0
155532,910,-0.281075,0
155542,917,0.702721,0
155552,914,0.28109,0
155562,909,-0.421616,0
155572,920,1.124329,0
155582,915,0.421638,0
155592,910,-0.281075,0
155602,911,-0.140541,0
155612,917,0.702721,0
155622,923,1.545959,0
155632,917,0.702721,0
155642,915,0.421638,0
155652,923,1.545959,0
155662,923,1.545959,0
155672,922,1.405434,0
155682,916,0.562164,0
155692,919,0.983803,0
155702,927,2.108147,0
155712,925,1.827042,0
155722,909,-0.421616,0
155732,916,0.562164,0
155742,917,0.702721,0
155752,929,2.389198,0
155762,916,0.562164,0
155772,916,0.562164,0
155782,910,-0.281075,0
155792,915,0.421638,0
155802,910,-0.281075,0
155812,914,0.28109,0
155822,914,0.28109,0
155832,910,-0.281075,0
155842,914,0.28109,0
155852,917,0.702721,0
155862,921,1.264877,0
155872,922,1.405434,0
155882,917,0.702721,0
155892,925,1.827042,0
155902,914,0.28109,0
155912,920,1.124329,0
155922,925,1.827042,0
155932,913,0.140556,0
155942,921,1.264877,0
155952,927,2.108147,0
155962,917,0.702721,0
155972,917,0.702721,0
155982,910,-0.281075,0
155992,908,-0.562157,0
156002,917,0.702721,0
156012,917,0.702721,0
156022,924,1.686508,0
156032,914,0.28109,0
156042,917,0.702721,0
156052,922,1.405434,0
156062,916,0.562164,0
156072,923,1.545959,0
156082,919,0.983803,0
156092,921,1.264877,0
156102,908,-0.562157,0
156112,917,0.702721,0
156122,910,-0.281075,0
156132,916,0.562164,0
156142,914,0.28109,0
156152,908,-0.562157,0
156162,912,0,0
156172,909,-0.421616,0
156182,909,-0.421616,0
156192,906,-0.843239,0
156202,919,0.983803,0
156212,913,0.140556,0
156222,920,1.124329,0
156232,916,0.562164,0
156242,919,0.983803,0
156252,913,0.140556,0
156262,920,1.124329,0
156272,923,1.545959,0
156282,910,-0.281075,0
156292,919,0.983803,0
156302,911,-0.140541,0
156312,912,0,0
156322,908,-0.562157,0
156332,909,-0.421616,0
156342,924,1.686508,0
156352,912,0,0
156362,922,1.405434,0
156372,920,1.124329,0
156382,916,0.562164,0
156392,913,0.140556,0
156402,920,1.124329,0
156412,916,0.562164,0
156422,912,0,0
156432,912,0,0
156442,912,0,0
156452,915,0.421638,0
156462,913,0.140556,0
156472,917,0.702721,0
156482,913,0.140556,0
156492,905,-0.98378,0
156502,917,0.702721,0
156512,914,0.28109,0
156522,914,0.28109,0
156532,913,0.140556,0
156542,912,0,0
156552,916,0.562164,0
156562,919,0.983803,0
156572,914,0.28109,0
156582,911,-0.140541,0
156592,915,0.421638,0
156602,915,0.421638,0
156612,918,0.843246,0
156622,924,1.686508,0
156632,921,1.264877,0
156642,919,0.983803,0
156652,917,0.702721,0
156662,914,0.28109,0
156672,922,1.405434,0
156682,914,0.28109,0
156692,921,1.264877,0
156702,918,0.843246,0
156712,919,0.983803,0
156722,929,2.389198,0
156732,916,0.562164,0
156742,921,1.264877,0
156752,922,1.405434,0
156762,916,0.562164,0
156772,926,1.96759,0
156782,914,0.28109,0
156792,912,0,0
156802,913,0.140556,0
156812,916,0.562164,0
156822,910,-0.281075,0
156832,914,0.28109,0
156842,914,0.28109,0
156852,914,0.28109,0
156862,913,0.140556,0
156872,920,1.124329,0
156882,912,0,0
156892,918,0.843246,0
156902,911,-0.140541,0
156912,921,1.264877,0
156922,925,1.827042,0
156932,912,0,0
156942,916,0.562164,0
156952,914,0.28109,0
156962,916,0.562164,0
156972,917,0.702721,0
156982,918,0.843246,0
156992,916,0.562164,0
157002,908,-0.562157,0
157012,920,1.124329,0
157022,923,1.545959,0
157032,911,-0.140541,0
157042,926,1.96759,0
157052,924,1.686508,0
157062,919,0.983803,0
157072,925,1.827042,0
157082,918,0.843246,0
157092,926,1.96759,0
157102,915,0.421638,0
157112,925,1.827042,0
157122,911,-0.140541,0
157132,914,0.28109,0
157142,911,-0.140541,0
157152,910,-0.281075,0
157162,913,0.140556,0
157172,910,-0.281075,0
157182,919,0.983803,0
157192,912,0,0
157202,917,0.702721,0
157212,913,0.140556,0
157222,916,0.562164,0
157232,904,-1.124321,0
157242,915,0.421638,0
157252,919,0.983803,0
157262,923,1.545959,0
157272,920,1.124329,0
157282,918,0.843246,0
157292,919,0.983803,0
157302,917,0.702721,0
157312,923,1.545959,0
157322,922,1.405434,0
157332,912,0,0
157342,922,1.405434,0
157352,916,0.562164,0
157362,919,0.983803,0
157372,919,0.983803,0
157382,917,0.702721,0
157392,917,0.702721,0
157402,920,1.124329,0
157412,922,1.405434,0
157422,920,1.124329,0
157432,923,1.545959,0
157442,922,1.405434,0
157452,915,0.421638,0
157462,912,0,0
157472,912,0,0
157482,914,0.28109,0
157492,917,0.702721,0
157502,913,0.140556,0
157512,908,-0.562157,0
157522,912,0,0
157532,910,-0.281075,0
157542,925,1.827042,0
157552,911,-0.140541,0
157562,919,0.983803,0
157572,907,-0.702698,0
157582,907,-0.702698,0
157592,917,0.702721,0
157602,917,0.702721,0
157612,918,0.843246,0
157622,920,1.124329,0
157632,924,1.686508,0
157642,919,0.983803,0
157652,910,-0.281075,0
157662,924,1.686508,0
157672,921,1.264877,0
157682,922,1.405434,0
157692,922,1.405434,0
157702,912,0,0
157712,919,0.983803,0
157722,919,0.983803,0
157732,912,0,0
157742,917,0.702721,0
157752,922,1.405434,0
157762,919,0.983803,0
157772,919,0.983803,0
157782,923,1.545959,0
157792,920,1.124329,0
157802,909,-0.421616,0
157812,914,0.28109,0
157822,914,0.28109,0
157832,909,-0.421616,0
157842,909,-0.421616,0
157852,912,0,0
157862,915,0.421638,0
157872,909,-0.421616,0
157882,912,0,0
157892,918,0.843246,0
157902,916,0.562164,0
157912,914,0.28109,0
157922,917,0.702721,0
157932,914,0.28109,0
157942,915,0.421638,0
157952,910,-0.281075,0
157962,915,0.421638,0
157972,916,0.562164,0
157982,920,1.124329,0
157992,922,1.405434,0
158002,921,1.264877,0
158012,908,-0.562157,0
158022,914,0.28109,0
158032,914,0.28109,0
158042,922,1.405434,0
158052,916,0.562164,0
158062,917,0.702721,0
158072,921,1.264877,0
158082,924,1.686508,0
158092,923,1.545959,0
158102,912,0,0
158112,915,0.421638,0
158122,911,-0.140541,0
158132,923,1.545959,0
158142,912,0,0
158152,918,0.843246,0
158162,911,-0.140541,0
158172,914,0.28109,0
158182,914,0.28109,0
158192,912,0,0
158202,916,0.562164,0
158212,910,-0.281075,0
158222,917,0.702721,0
158232,922,1.405434,0
158242,916,0.562164,0
158252,915,0.421638,0
158262,922,1.405434,0
158272,921,1.264877,0
158282,917,0.702721,0
158292,924,1.686508,0
158302,918,0.843246,0
158312,911,-0.140541,0
158322,924,1.686508,0
158332,916,0.562164,0
158342,921,1.264877,0
158352,917,0.702721,0
158362,925,1.827042,0
158372,924,1.686508,0
158382,917,0.702721,0
158392,914,0.28109,0
158402,919,0.983803,0
158412,924,1.686508,0
158422,923,1.545959,0
158432,919,0.983803,0
158442,926,1.96759,0
158452,906,-0.843239,0
158462,919,0.983803,0
158472,909,-0.421616,0
158482,909,-0.421616,0
158492,911,-0.140541,0
158502,915,0.421638,0
158512,912,0,0
158522,914,0.28109,0
158532,909,-0.421616,0
158542,910,-0.281075,0
158552,909,-0.421616,0
158562,922,1.405434,0
158572,909,-0.421616,0
158582,910,-0.281075,0
158592,921,1.264877,0
158602,916,0.562164,0
158612,912,0,0
158622,921,1.264877,0
158632,924,1.686508,0
158642,920,1.124329,0
158652,918,0.843246,0
158662,920,1.124329,0
158672,919,0.983803,0
158682,923,1.545959,0
158692,919,0.983803,0
158702,914,0.28109,0
158712,913,0.140556,0
158722,917,0.702721,0
158732,919,0.983803,0
158742,921,1.264877,0
158752,919,0.983803,0
158762,918,0.843246,0
158772,915,0.421638,0
158782,915,0.421638,0
158792,920,1.124329,0
158802,913,0.140556,0
158812,922,1.405434,0
158822,916,0.562164,0
158832,914,0.28109,0
158842,909,-0.421616,0
158852,916,0.562164,0
158862,910,-0.281075,0
158872,912,0,0
158882,915,0.421638,0
158892,912,0,0
158902,913,0.140556,0
158912,917,0.702721,0
158922,908,-0.562157,0
158932,910,-0.281075,0
158942,918,0.843246,0
158952,914,0.28109,0
158962,920,1.124329,0
158972,921,1.264877,0
158982,922,1.405434,0
158992,918,0.843246,0
159002,920,1.124329,0
159012,917,0.702721,0
159022,917,0.702721,0
159032,917,0.702721,0
159042,924,1.686508,0
159052,914,0.28109,0
159062,921,1.264877,0
159072,916,0.562164,0
159082,919,0.983803,0
159092,918,0.843246,0
159102,910,-0.281075,0
159112,920,1.124329,0
159122,913,0.140556,0
159132,926,1.96759,0
159142,919,0.983803,0
159152,912,0,0
159162,917,0.702721,0
159172,911,-0.140541,0
159182,917,0.702721,0
159192,906,-0.843239,0
159202,915,0.421638,0
159212,913,0.140556,0
159222,915,0.421638,0
159232,916,0.562164,0
159242,909,-0.421616,0
159252,914,0.28109,0
159262,917,0.702721,0
159272,926,1.96759,0
159282,915,0.421638,0
159292,925,1.827042,0
159302,919,0.983803,0
159312,915,0.421638,0
159322,926,1.96759,0
159332,917,0.702721,0
159342,923,1.545959,0
159352,923,1.545959,0
159362,926,1.96759,0
159372,914,0.28109,0
159382,921,1.264877,0
159392,921,1.264877,0
159402,916,0.562164,0
159412,918,0.843246,0
159422,922,1.405434,0
159432,923,1.545959,0
159442,910,-0.281075,0
159452,920,1.124329,0
159462,920,1.124329,0
159472,922,1.405434,0
159482,916,0.562164,0
159492,913,0.140556,0
159502,910,-0.281075,0
159512,913,0.140556,0
159522,918,0.843246,0
159532,914,0.28109,0
159542,914,0.28109,0
159552,911,-0.140541,0
159562,914,0.28109,0
159572,918,0.843246,0
159582,911,-0.140541,0
159592,913,0.140556,0
159602,905,-0.98378,0
159612,922,1.405434,0
159622,919,0.983803,0
159632,913,0.140556,0
159642,920,1.124329,0
159652,920,1.124329,0
159662,921,1.264877,0
159672,919,0.983803,0
159682,919,0.983803,0
159692,906,-0.843239,0
159702,909,-0.421616,0
159712,921,1.264877,0
159722,916,0.562164,0
159732,921,1.264877,0
159742,919,0.983803,0
159752,918,0.843246,0
159762,924,1.686508,0
159772,914,0.28109,0
159782,917,0.702721,0
159792,915,0.421638,0
159802,920,1.124329,0
159812,919,0.983803,0
159822,912,0,0
159832,916,0.562164,0
159842,910,-0.281075,0
159852,911,-0.140541,0
159862,910,-0.281075,0
159872,910,-0.281075,0
159882,923,1.545959,0
159892,915,0.421638,0
159902,912,0,0
159912,911,-0.140541,0
159922,912,0,0
159932,914,0.28109,0
159942,915,0.421638,0
159952,914,0.28109,0
159962,912,0,0
159972,916,0.562164,0
159982,916,0.562164,0
159992,915,0.421638,0
160002,920,1.124329,0
160012,923,1.545959,0
160022,922,1.405434,0
160032,924,1.686508,0
160042,926,1.96759,0
160052,909,-0.421616,0
160062,917,0.702721,0
160072,908,-0.562157,0
160082,919,0.983803,0
160092,919,0.983803,0
160102,910,-0.281075,0
160112,926,1.96759,0
160122,914,0.28109,0
160132,907,-0.702698,0
160142,922,1.405434,0
160152,914,0.28109,0
160162,914,0.28109,0
160172,921,1.264877,0
160182,917,0.702721,0
160192,917,0.702721,0
160202,915,0.421638,0
160212,914,0.28109,0
160222,912,0,0
160232,919,0.983803,0
160242,910,-0.281075,0
160252,910,-0.281075,0
160262,910,-0.281075,0
160272,915,0.421638,0
160282,919,0.983803,0
160292,922,1.405434,0
160302,915,0.421638,0
160312,912,0,0
160322,911,-0.140541,0
160332,918,0.843246,0
160342,918,0.843246,0
160352,914,0.28109,0
160362,923,1.545959,0
160372,911,-0.140541,0
160382,913,0.140556,0
160392,928,2.248672,0
160402,917,0.702721,0
160412,925,1.827042,0
160422,922,1.405434,0
160432,926,1.96759,0
160442,923,1.545959,0
160452,915,0.421638,0
160462,914,0.28109,0
160472,917,0.702721,0
160482,920,1.124329,0
160492,914,0.28109,0
160502,912,0,0
160512,919,0.983803,0
160522,928,2.248672,0
160532,924,1.686508,0
160542,914,0.28109,0
160552,913,0.140556,0
160562,907,-0.702698,0
160572,914,0.28109,0
160582,913,0.140556,0
160592,912,0,0
160602,916,0.562164,0
160612,912,0,0
160622,924,1.686508,0
160632,912,0,0
160642,914,0.28109,0
160652,918,0.843246,0
160662,916,0.562164,0
160672,916,0.562164,0
160682,919,0.983803,0
160692,922,1.405434,0
160702,914,0.28109,0
160712,922,1.405434,0
160722,922,1.405434,0
160732,916,0.562164,0
160742,914,0.28109,0
160752,915,0.421638,0
160762,915,0.421638,0
160772,926,1.96759,0
160782,921,1.264877,0
160792,925,1.827042,0
160802,913,0.140556,0
160812,922,1.405434,0
160822,920,1.124329,0
160832,919,0.983803,0
160842,918,0.843246,0
160852,916,0.562164,0
160862,921,1.264877,0
160872,910,-0.281075,0
160882,913,0.140556,0
160892,911,-0.140541,0
160902,911,-0.140541,0
160912,911,-0.140541,0
160922,911,-0.140541,0
160932,910,-0.281075,0
160942,912,0,0
160952,912,0,0
160962,911,-0.140541,0
160972,910,-0.281075,0
160982,915,0.421638,0
160992,914,0.28109,0
161002,915,0.421638,0
161012,922,1.405434,0
161022,921,1.264877,0
161032,918,0.843246,0
161042,924,1.686508,0
161052,921,1.264877,0
161062,922,1.405434,0
161072,915,0.421638,0
161082,923,1.545959,0
161092,911,-0.140541,0
161102,908,-0.562157,0
161112,922,1.405434,0
161122,916,0.562164,0
161132,921,1.264877,0
161142,915,0.421638,0
161152,916,0.562164,0
161162,920,1.124329,0
161172,910,-0.281075,0
161182,922,1.405434,0
161192,923,1.545959,0
161202,916,0.562164,0
161212,920,1.124329,0
161222,917,0.702721,0
161232,908,-0.562157,0
161242,913,0.140556,0
161252,911,-0.140541,0
161262,909,-0.421616,0
161272,914,0.28109,0
161282,912,0,0
161292,911,-0.140541,0
161302,914,0.28109,0
161312,919,0.983803,0
161322,920,1.124329,0
161332,913,0.140556,0
161342,925,1.827042,0
161352,915,0.421638,0
161362,912,0,0
161372,922,1.405434,0
161382,923,1.545959,0
161392,916,0.562164,0
161402,916,0.562164,0
161412,916,0.562164,0
161422,916,0.562164,0
161432,926,1.96759,0
161442,918,0.843246,0
161452,921,1.264877,0
161462,925,1.827042,0
161472,918,0.843246,0
161482,916,0.562164,0
161492,918,0.843246,0
161502,925,1.827042,0
161512,918,0.843246,0
161522,917,0.702721,0
161532,915,0.421638,0
161542,919,0.983803,0
161552,925,1.827042,0
161562,923,1.545959,0
161572,918,0.843246,0
161582,909,-0.421616,0
161592,910,-0.281075,0
161602,916,0.562164,0
161612,915,0.421638,0
161622,911,-0.140541,0
161632,907,-0.702698,0
161642,917,0.702721,0
161652,911,-0.140541,0
161662,922,1.405434,0
161672,914,0.28109,0
161682,918,0.843246,0
161692,924,1.686508,0
161702,916,0.562164,0
161712,921,1.264877,0
161722,919,0.983803,0
161732,926,1.96759,0
161742,918,0.843246,0
161752,917,0.702721,0
161762,924,1.686508,0
161772,917,0.702721,0
161782,926,1.96759,0
161792,920,1.124329,0
161802,919,0.983803,0
161812,920,1.124329,0
161822,922,1.405434,0
161832,914,0.28109,0
161842,920,1.124329,0
161852,916,0.562164,0
161862,917,0.702721,0
161872,914,0.28109,0
161882,923,1.545959,0
161892,921,1.264877,0
161902,917,0.702721,0
161912,907,-0.702698,0
161922,911,-0.140541,0
161932,914,0.28109,0
161942,916,0.562164,0
161952,912,0,0
161962,913,0.140556,0
161972,914,0.28109,0
161982,913,0.140556,0
161992,912,0,0
162002,917,0.702721,0
162012,912,0,0
162022,915,0.421638,0
162032,916,0.562164,0
162042,923,1.545959,0
162052,919,0.983803,0
162062,924,1.686508,0
162072,916,0.562164,0
162082,917,0.702721,0
162092,919,0.983803,0
162102,915,0.421638,0
162112,916,0.562164,0
162122,913,0.140556,0
162132,918,0.843246,0
162142,926,1.96759,0
162152,917,0.702721,0
162162,921,1.264877,0
162172,914,0.28109,0
162182,927,2.108147,0
162192,923,1.545959,0
162202,917,0.702721,0
162212,923,1.545959,0
162222,912,0,0
162232,921,1.264877,0
162242,922,1.405434,0
162252,916,0.562164,0
162262,914,0.28109,0
162272,908,-0.562157,0
162282,917,0.702721,0
162292,911,-0.140541,0
162302,914,0.28109,0
162312,909,-0.421616,0
162322,914,0.28109,0
162332,911,-0.140541,0
162342,916,0.562164,0
162352,919,0.983803,0
162362,917,0.702721,0
162372,912,0,0
162382,922,1.405434,0
162392,911,-0.140541,0
162402,919,0.983803,0
162412,923,1.545959,0
162422,923,1.545959,0
162432,922,1.405434,0
162442,927,2.108147,0
162452,920,1.124329,0
162462,922,1.405434,0
162472,914,0.28109,0
162482,924,1.686508,0
162492,922,1.405434,0
162502,922,1.405434,0
162512,920,1.124329,0
162522,915,0.421638,0
162532,924,1.686508,0
162542,920,1.124329,0
162552,919,0.983803,0
162562,921,1.264877,0
162572,919,0.983803,0
162582,917,0.702721,0
162592,910,-0.281075,0
162602,911,-0.140541,0
162612,910,-0.281075,0
162622,910,-0.281075,0
162632,913,0.140556,0
162642,908,-0.562157,0
162652,913,0.140556,0
162662,915,0.421638,0
162672,914,0.28109,0
162682,917,0.702721,0
162692,915,0.421638,0
162702,917,0.702721,0
162712,915,0.421638,0
162722,909,-0.421616,0
162732,921,1.264877,0
162742,921,1.264877,0
162752,911,-0.140541,0
162762,921,1.264877,0
162772,921,1.264877,0
162782,918,0.843246,0
162792,916,0.562164,0
162802,929,2.389198,0
162812,921,1.264877,0
162822,919,0.983803,0
162832,917,0.702721,0
162842,924,1.686508,0
162852,925,1.827042,0
162862,918,0.843246,0
162872,914,0.28109,0
162882,920,1.124329,0
162892,927,2.108147,0
162902,923,1.545959,0
162912,923,1.545959,0
162922,921,1.264877,0
162932,913,0.140556,0
162942,915,0.421638,0
162952,913,0.140556,0
162962,916,0.562164,0
162972,908,-0.562157,0
162982,909,-0.421616,0
162992,912,0,0
163002,921,1.264877,0
163012,918,0.843246,0
163022,912,0,0
163032,918,0.843246,0
163042,913,0.140556,0
163052,918,0.843246,0
163062,918,0.843246,0
163072,916,0.562164,0
163082,924,1.686508,0
163092,921,1.264877,0
163102,909,-0.421616,0
163112,911,-0.140541,0
163122,913,0.140556,0
163132,920,1.124329,0
163142,918,0.843246,0
163152,913,0.140556,0
163162,927,2.108147,0
163172,917,0.702721,0
163182,918,0.843246,0
163192,916,0.562164,0
163202,919,0.983803,0
163212,920,1.124329,0
163222,908,-0.562157,0
163232,919,0.983803,0
163242,916,0.562164,0
163252,920,1.124329,0
163262,911,-0.140541,0
163272,909,-0.421616,0
163282,917,0.702721,0
163292,913,0.140556,0
163302,925,1.827042,0
163312,911,-0.140541,0
163322,911,-0.140541,0
163332,915,0.421638,0
163342,914,0.28109,0
163352,921,1.264877,0
163362,916,0.562164,0
163372,915,0.421638,0
163382,918,0.843246,0
163392,913,0.140556,0
163402,922,1.405434,0
163412,923,1.545959,0
163422,912,0,0
163432,921,1.264877,0
163442,918,0.843246,0
163452,918,0.843246,0
163462,922,1.405434,0
163472,919,0.983803,0
163482,914,0.28109,0
163492,917,0.702721,0
163502,911,-0.140541,0
163512,918,0.843246,0
163522,906,-0.843239,0
163532,918,0.843246,0
163542,925,1.827042,0
163552,926,1.96759,0
163562,925,1.827042,0
163572,919,0.983803,0
163582,909,-0.421616,0
163592,921,1.264877,0
163602,921,1.264877,0
163612,911,-0.140541,0
163622,913,0.140556,0
163632,910,-0.281075,0
163642,914,0.28109,0
163652,913,0.140556,0
163662,912,0,0
163672,914,0.28109,0
163682,911,-0.140541,0
163692,914,0.28109,0
163702,919,0.983803,0
163712,917,0.702721,0
163722,912,0,0
163732,906,-0.843239,0
163742,924,1.686508,0
163752,916,0.562164,0
163762,910,-0.281075,0
163772,916,0.562164,0
163782,920,1.124329,0
163792,921,1.264877,0
163802,919,0.983803,0
163812,924,1.686508,0
163822,925,1.827042,0
163832,917,0.702721,0
163842,917,0.702721,0
163852,921,1.264877,0
163862,919,0.983803,0
163872,915,0.421638,0
163882,917,0.702721,0
163892,921,1.264877,0
163902,918,0.843246,0
163912,924,1.686508,0
163922,917,0.702721,0
163932,919,0.983803,0
163942,905,-0.98378,0
163952,914,0.28109,0
163962,916,0.562164,0
163972,916,0.562164,0
163982,914,0.28109,0
163992,916,0.562164,0
164002,915,0.421638,0
164012,919,0.983803,0
164022,917,0.702721,0
164032,925,1.827042,0
164042,918,0.843246,0
164052,909,-0.421616,0
164062,919,0.983803,0
164072,909,-0.421616,0
164082,922,1.405434,0
164092,922,1.405434,0
164102,919,0.983803,0
164112,916,0.562164,0
164122,913,0.140556,0
164132,909,-0.421616,0
164142,927,2.108147,0
164152,924,1.686508,0
164162,913,0.140556,0
164172,913,0.140556,0
164182,921,1.264877,0
164192,917,0.702721,0
164202,920,1.124329,0
164212,921,1.264877,1
164222,904,-1.124321,1
164232,918,0.843246,1
164242,922,1.405434,1
164252,916,0.562164,1
164262,919,0.983803,1
164272,907,-0.702698,1
164282,914,0.28109,1
164292,911,-0.140541,1
164302,913,0.140556,1
164312,909,-0.421616,1
164322,914,0.28109,1
164332,911,-0.140541,1
164342,913,0.140556,1
164352,914,0.28109,1
164362,918,0.843246,1
164372,918,0.843246,1
164382,919,0.983803,1
164392,919,0.983803,1
164402,922,1.405434,1
164412,922,1.405434,1
164422,911,-0.140541,1
164432,916,0.562164,1
164442,919,0.983803,1
164452,916,0.562164,1
164462,920,1.124329,1
164472,911,-0.140541,1
164482,922,1.405434,1
164492,921,1.264877,1
164502,918,0.843246,1
164512,922,1.405434,1
164522,913,0.140556,1
164532,913,0.140556,1
164542,917,0.702721,1
164552,913,0.140556,1
164562,921,1.264877,1
164572,908,-0.562157,1
164582,914,0.28109,1
164592,913,0.140556,1
164602,913,0.140556,1
164612,913,0.140556,1
164622,915,0.421638,1
164632,912,0,1
164642,908,-0.562157,1
164652,923,1.545959,1
164662,920,1.124329,1
164672,913,0.140556,1
164682,922,1.405434,1
164692,922,1.405434,1
164702,917,0.702721,1
164712,920,1.124329,1
164722,920,1.124329,1
164732,917,0.702721,1
164742,915,0.421638,1
164752,918,0.843246,1
164762,912,0,1
164772,912,0,1
164782,916,0.562164,1
164792,920,1.124329,1
164802,920,1.124329,1
164812,923,1.545959,1
164822,915,0.421638,1
164832,925,1.827042,1
164842,920,1.124329,1
164852,926,1.96759,1
164862,922,1.405434,1
164872,912,0,1
164882,927,2.108147,1
164892,917,0.702721,1
164902,918,0.843246,1
164912,912,0,1
164922,909,-0.421616,1
164932,911,-0.140541,1
164942,913,0.140556,1
164952,912,0,1
164962,912,0,1
164972,913,0.140556,1
164982,921,1.264877,1
164992,915,0.421638,1
165002,919,0.983803,1
165012,918,0.843246,1
165022,911,-0.140541,1
165032,922,1.405434,1
165042,914,0.28109,1
165052,921,1.264877,1
165062,919,0.983803,1
165072,913,0.140556,1
165082,928,2.248672,1
165092,919,0.983803,1
165102,923,1.545959,1
165112,908,-0.562157,1
165122,913,0.140556,1
165132,909,-0.421616,1
165142,921,1.264877,1
165152,928,2.248672,1
165162,915,0.421638,1
165172,920,1.124329,1
165182,916,0.562164,1
165192,915,0.421638,1
165202,920,1.124329,1
165212,917,0.702721,1
165222,916,0.562164,1
165232,910,-0.281075,1
165242,911,-0.140541,1
165252,913,0.140556,1
165262,885,-3.794617,1
165272,849,-8.854103,1
165282,827,-11.94601,1
165292,795,-16.44334,1
165302,768,-20.23796,1
165312,735,-24.87583,1
165322,707,-28.811,1
165332,691,-31.05965,1
165342,677,-33.02723,1
165352,660,-35.41644,1
165362,648,-37.10293,1
165372,635,-38.92998,1
165382,614,-41.88135,1
165392,603,-43.42729,1
165402,604,-43.28676,1
165412,578,-46.94083,1
165422,568,-48.34624,1
165432,559,-49.61112,1
165442,551,-50.73545,1
165452,547,-51.29762,1
165462,541,-52.14087,1
165472,535,-52.98412,1
165482,529,-53.82737,1
165492,524,-54.53007,1
165502,524,-54.53007,1
165512,513,-56.07603,1
165522,495,-58.60577,1
165532,504,-57.3409,1
165542,497,-58.32469,1
165552,497,-58.32469,1
165562,492,-59.0274,1
165572,482,-60.43281,0
165582,483,-60.29227,0
165592,478,-60.99498,0
165602,473,-61.69768,0
165612,472,-61.83823,0
165622,474,-61.55715,0
165632,469,-62.25985,0
165642,465,-62.82202,0
165652,469,-62.25985,0
165662,469,-62.25985,0
165672,465,-62.82202,0
165682,465,-62.82202,0
165692,457,-63.94635,0
165702,458,-63.80581,0
165712,458,-63.80581,0
165722,454,-64.36797,0
165732,458,-63.80581,0
165742,461,-63.38418,0
165752,456,-64.08689,0
165762,464,-62.96256,0
165772,458,-63.80581,0
165782,456,-64.08689,0
165792,450,-64.93014,0
165802,459,-63.66527,0
165812,460,-63.52473,0
165822,456,-64.08689,0
165832,452,-64.64905,0
165842,449,-65.07069,0
165852,451,-64.7896,0
165862,458,-63.80581,0
165872,449,-65.07069,0
165882,452,-64.64905,0
165892,450,-64.93014,0
165902,453,-64.50851,0
165912,450,-64.93014,0
165922,450,-64.93014,0
165932,448,-65.21122,0
165942,450,-64.93014,0
165952,450,-64.93014,0
165962,451,-64.7896,0
165972,453,-64.50851,0
165982,449,-65.07069,0
165992,452,-64.64905,0
166002,458,-63.80581,0
166012,453,-64.50851,0
166022,452,-64.64905,0
166032,458,-63.80581,0
166042,453,-64.50851,0
166052,444,-65.77339,0
166062,444,-65.77339,0
166072,454,-64.36797,0
166082,453,-64.50851,0
166092,448,-65.21122,0
166102,452,-64.64905,0
166112,448,-65.21122,0
166122,453,-64.50851,0
166132,450,-64.93014,0
166142,454,-64.36797,0
166152,445,-65.63284,0
166162,448,-65.21122,0
166172,440,-66.33556,0
166182,444,-65.77339,0
166192,445,-65.63284,0
166202,456,-64.08689,0
166212,452,-64.64905,0
166222,446,-65.4923,0
166232,446,-65.4923,0
166242,447,-65.35176,0
166252,449,-65.07069,0
166262,452,-64.64905,0
166272,450,-64.93014,0
166282,452,-64.64905,0
166292,452,-64.64905,0
166302,446,-65.4923,0
166312,448,-65.21122,0
166322,450,-64.93014,0
166332,454,-64.36797,0
166342,444,-65.77339,0
166352,451,-64.7896,0
166362,450,-64.93014,0
166372,455,-64.22743,0
166382,452,-64.64905,0
166392,443,-65.91393,0
166402,458,-63.80581,0
166412,451,-64.7896,0
166422,449,-65.07069,0
166432,445,-65.63284,0
166442,450,-64.93014,0
166452,443,-65.91393,0
166462,448,-65.21122,0
166472,449,-65.07069,0
166482,446,-65.4923,0
166492,448,-65.21122,0
166502,451,-64.7896,0
166512,445,-65.63284,0
166522,446,-65.4923,0
166532,448,-65.21122,0
166542,445,-65.63284,0
166552,449,-65.07069,0
166562,447,-65.35176,0
166572,449,-65.07069,0
166582,452,-64.64905,0
166592,442,-66.05447,0
166602,444,-65.77339,0
166612,495,-58.60577,0
166622,526,-54.24899,0
166632,534,-53.12465,0
166642,528,-53.96791,0
166652,538,-52.56249,0
166662,536,-52.84357,0
166672,540,-52.28141,0
166682,544,-51.71924,0
166692,549,-51.01654,0
166702,550,-50.87599,0
166712,555,-50.17329,0
166722,569,-48.20571,0
166732,567,-48.48679,0
166742,567,-48.48679,0
166752,568,-48.34624,0
166762,581,-46.51921,0
166772,580,-46.65975,0
166782,581,-46.51921,0
166792,586,-45.8165,0
166802,591,-45.11379,0
166812,597,-44.27055,0
166822,597,-44.27055,0
166832,600,-43.84892,0
166842,599,-43.98946,0
166852,614,-41.88135,0
166862,610,-42.44351,0
166872,610,-42.44351,0
166882,620,-41.03809,0
166892,609,-42.58405,0
166902,617,-41.45972,0
166912,625,-40.33539,0
166922,628,-39.91376,0
166932,628,-39.91376,0
166942,630,-39.63268,0
166952,637,-38.64889,0
166962,633,-39.21105,0
166972,637,-38.64889,0
166982,641,-38.08672,0
166992,644,-37.6651,0
167002,654,-36.25969,0
167012,665,-34.71373,0
167022,662,-35.13535,0
167032,662,-35.13535,0
167042,667,-34.43265,0
167052,666,-34.57319,0
167062,671,-33.87048,0
167072,676,-33.16778,0
167082,680,-32.60561,0
167092,675,-33.30832,0
167102,684,-32.04344,0
167112,685,-31.90291,0
167122,686,-31.76236,0
167132,686,-31.76236,0
167142,691,-31.05965,0
167152,691,-31.05965,0
167162,696,-30.35695,0
167172,700,-29.79478,0
167182,697,-30.21641,0
167192,698,-30.07587,0
167202,714,-27.82719,0
167212,717,-27.40557,0
167222,706,-28.95154,0
167232,717,-27.40557,0
167242,726,-26.1407,0
167252,720,-26.98396,0
167262,720,-26.98396,0
167272,729,-25.71908,0
167282,739,-24.31367,0
167292,732,-25.29745,0
167302,727,-26.00016,0
167312,740,-24.17312,0
167322,741,-24.03258,0
167332,746,-23.32987,0
167342,743,-23.7515,0
167352,749,-22.90824,0
167362,748,-23.0488,0
167372,751,-22.62717,0
167382,752,-22.48663,0
167392,752,-22.48663,0
167402,765,-20.65958,0
167412,756,-21.92446,0
167422,766,-20.51905,0
167432,759,-21.50283,0
167442,759,-21.50283,0
167452,765,-20.65958,0
167462,761,-21.22176,0
167472,780,-18.55147,0
167482,779,-18.69201,0
167492,776,-19.11363,0
167502,780,-18.55147,0
167512,778,-18.83255,0
167522,779,-18.69201,0
167532,782,-18.27038,0
167542,785,-17.84875,0
167552,785,-17.84875,0
167562,791,-17.00551,0
167572,791,-17.00551,0
167582,793,-16.72443,0
167592,790,-17.14604,0
167602,799,-15.88117,0
167612,796,-16.3028,0
167622,794,-16.58389,0
167632,797,-16.16226,0
167642,795,-16.44334,0
167652,804,-15.17846,0
167662,806,-14.89738,0
167672,805,-15.03792,0
167682,806,-14.89738,0
167692,806,-14.89738,0
167702,805,-15.03792,0
167712,815,-13.63251,0
167722,820,-12.92981,0
167732,813,-13.91359,0
167742,819,-13.07035,0
167752,812,-14.05414,0
167762,814,-13.77305,0
167772,828,-11.80547,0
167782,825,-12.2271,0
167792,820,-12.92981,0
167802,819,-13.07035,0
167812,828,-11.80547,0
167822,825,-12.2271,0
167832,828,-11.80547,0
167842,825,-12.2271,0
167852,824,-12.36764,0
167862,836,-10.68114,0
167872,826,-12.08656,0
167882,834,-10.96223,0
167892,826,-12.08656,0
167902,840,-10.11897,0
167912,840,-10.11897,0
167922,836,-10.68114,0
167932,846,-9.275719,0
167942,843,-9.69735,0
167952,846,-9.275719,0
167962,841,-9.978432,0
167972,839,-10.25952,0
167982,846,-9.275719,0
167992,834,-10.96223,0
168002,850,-8.713562,0
168012,851,-8.573021,0
168022,854,-8.15139,0
168032,847,-9.135193,0
168042,846,-9.275719,0
168052,855,-8.010849,0
168062,856,-7.870308,0
168072,859,-7.448692,0
168082,862,-7.027069,0
168092,851,-8.573021,0
168102,855,-8.010849,0
168112,857,-7.729782,0
168122,857,-7.729782,0
168132,862,-7.027069,0
168142,854,-8.15139,0
168152,862,-7.027069,0
168162,862,-7.027069,0
168172,857,-7.729782,0
168182,863,-6.88652,0
168192,857,-7.729782,0
168202,868,-6.183815,0
168212,868,-6.183815,0
168222,866,-6.464897,0
168232,866,-6.464897,0
168242,865,-6.605438,0
168252,864,-6.745979,0
168262,869,-6.043274,0
168272,875,-5.200027,0
168282,867,-6.324356,0
168292,865,-6.605438,0
168302,872,-5.621643,0
168312,872,-5.621643,0
168322,873,-5.481102,0
168332,873,-5.481102,0
168342,867,-6.324356,0
168352,877,-4.918945,0
168362,876,-5.059486,0
168372,881,-4.356773,0
168382,876,-5.059486,0
168392,870,-5.90274,0
168402,876,-5.059486,0
168412,878,-4.778404,0
168422,881,-4.356773,0
168432,880,-4.497322,0
168442,878,-4.778404,0
168452,884,-3.93515,0
168462,882,-4.216232,0
168472,885,-3.794617,0
168482,884,-3.93515,0
168492,880,-4.497322,0
168502,880,-4.497322,0
168512,884,-3.93515,0
168522,888,-3.372993,0
168532,879,-4.637863,0
168542,873,-5.481102,0
168552,886,-3.65406,0
168562,884,-3.93515,0
168572,885,-3.794617,0
168582,887,-3.513519,0
168592,881,-4.356773,0
168602,882,-4.216232,0
168612,891,-2.951363,0
168622,877,-4.918945,0
168632,878,-4.778404,0
168642,888,-3.372993,0
168652,884,-3.93515,0
168662,886,-3.65406,0
168672,884,-3.93515,0
168682,895,-2.389191,0
168692,895,-2.389191,0
168702,903,-1.26487,0
168712,889,-3.232452,0
168722,896,-2.24865,0
168732,896,-2.24865,0
168742,884,-3.93515,0
168752,898,-1.967583,0
168762,899,-1.827026,0
168772,897,-2.108109,0
168782,895,-2.389191,0
168792,890,-3.091904,0
168802,898,-1.967583,0
168812,906,-0.843239,0
168822,902,-1.405411,0
168832,901,-1.545952,0
168842,888,-3.372993,0
168852,902,-1.405411,0
168862,897,-2.108109,0
168872,888,-3.372993,0
168882,899,-1.827026,0
168892,889,-3.232452,0
168902,897,-2.108109,0
168912,895,-2.389191,0
168922,903,-1.26487,0
168932,906,-0.843239,0
168942,894,-2.529739,0
168952,906,-0.843239,0
168962,899,-1.827026,0
168972,900,-1.686493,0
168982,900,-1.686493,0
168992,900,-1.686493,0
169002,897,-2.108109,0
169012,905,-0.98378,0
169022,907,-0.702698,0
169032,898,-1.967583,0
169042,895,-2.389191,0
169052,908,-0.562157,0
169062,897,-2.108109,0
169072,898,-1.967583,0
169082,910,-0.281075,0
169092,894,-2.529739,0
169102,897,-2.108109,0
169112,899,-1.827026,0
169122,902,-1.405411,0
169132,900,-1.686493,0
169142,896,-2.24865,0
169152,902,-1.405411,0
169162,899,-1.827026,0
169172,908,-0.562157,0
169182,904,-1.124321,0
169192,902,-1.405411,0
169202,908,-0.562157,0
169212,909,-0.421616,0
169222,921,1.264877,0
169232,896,-2.24865,0
169242,901,-1.545952,0
169252,903,-1.26487,0
169262,909,-0.421616,0
169272,920,1.124329,0
169282,911,-0.140541,0
169292,903,-1.26487,0
169302,909,-0.421616,0
169312,908,-0.562157,0
169322,907,-0.702698,0
169332,917,0.702721,0
169342,913,0.140556,0
169352,903,-1.26487,0
169362,902,-1.405411,0
169372,914,0.28109,0
169382,916,0.562164,0
169392,912,0,0
169402,904,-1.124321,0
169412,906,-0.843239,0
169422,918,0.843246,0
169432,911,-0.140541,0
169442,913,0.140556,0
169452,914,0.28109,0
169462,911,-0.140541,0
169472,912,0,0
169482,914,0.28109,0
169492,914,0.28109,0
169502,913,0.140556,0
169512,915,0.421638,0
169522,907,-0.702698,0
169532,911,-0.140541,0
169542,915,0.421638,0
169552,910,-0.281075,0
169562,914,0.28109,0
169572,917,0.702721,0
169582,911,-0.140541,0
169592,911,-0.140541,0
169602,906,-0.843239,0
169612,908,-0.562157,0
169622,913,0.140556,0
169632,909,-0.421616,0
169642,911,-0.140541,0
169652,904,-1.124321,0
169662,911,-0.140541,0
169672,918,0.843246,0
169682,918,0.843246,0
169692,919,0.983803,0
169702,909,-0.421616,0
169712,904,-1.124321,0
169722,914,0.28109,0
169732,912,0,0
169742,912,0,0
169752,912,0,0
169762,915,0.421638,0
169772,915,0.421638,0
169782,918,0.843246,0
169792,911,-0.140541,0
169802,912,0,0
169812,914,0.28109,0
169822,912,0,0
169832,908,-0.562157,0
169842,916,0.562164,0
169852,914,0.28109,0
169862,921,1.264877,0
169872,914,0.28109,0
169882,915,0.421638,0
169892,907,-0.702698,0
169902,910,-0.281075,0
169912,898,-1.967583,0
169922,911,-0.140541,0
169932,918,0.843246,0
169942,914,0.28109,0
169952,911,-0.140541,0
169962,911,-0.140541,0
169972,911,-0.140541,0
169982,905,-0.98378,0
169992,907,-0.702698,0
170002,909,-0.421616,0
170012,912,0,0
170022,915,0.421638,0
170032,913,0.140556,0
170042,914,0.28109,0
170052,909,-0.421616,0
170062,909,-0.421616,0
170072,908,-0.562157,0
170082,907,-0.702698,0
170092,908,-0.562157,0
170102,915,0.421638,0
170112,911,-0.140541,0
170122,918,0.843246,0
170132,899,-1.827026,0
170142,921,1.264877,0
170152,919,0.983803,0
170162,917,0.702721,0
170172,909,-0.421616,0
170182,904,-1.124321,0
170192,915,0.421638,0
170202,911,-0.140541,0
170212,912,0,0
170222,922,1.405434,0
170232,916,0.562164,0
170242,919,0.983803,0
170252,913,0.140556,0
170262,916,0.562164,0
170272,919,0.983803,0
170282,918,0.843246,0
170292,919,0.983803,0
170302,914,0.28109,0
170312,915,0.421638,0
170322,921,1.264877,0
170332,916,0.562164,0
170342,922,1.405434,0
170352,915,0.421638,0
170362,923,1.545959,0
170372,914,0.28109,0
170382,917,0.702721,0
170392,916,0.562164,0
170402,923,1.545959,0
170412,919,0.983803,0
170422,914,0.28109,0
170432,928,2.248672,0
170442,917,0.702721,0
170452,909,-0.421616,0
170462,914,0.28109,0
170472,919,0.983803,0
170482,918,0.843246,0
170492,921,1.264877,0
170502,917,0.702721,0
170512,916,0.562164,0
170522,917,0.702721,0
170532,918,0.843246,0
170542,920,1.124329,0
170552,922,1.405434,0
170562,926,1.96759,0
170572,921,1.264877,0
170582,922,1.405434,0
170592,915,0.421638,0
170602,914,0.28109,0
170612,925,1.827042,0
170622,917,0.702721,0
170632,911,-0.140541,0
170642,922,1.405434,0
170652,921,1.264877,0
170662,915,0.421638,0
170672,920,1.124329,0
170682,925,1.827042,0
170692,914,0.28109,0
170702,917,0.702721,0
170712,917,0.702721,0
170722,918,0.843246,0
170732,918,0.843246,0
170742,906,-0.843239,0
170752,922,1.405434,0
170762,912,0,0
170772,918,0.843246,0
170782,917,0.702721,0
170792,919,0.983803,0
170802,921,1.264877,0
170812,919,0.983803,0
170822,925,1.827042,0
170832,924,1.686508,0
170842,918,0.843246,0
170852,916,0.562164,0
170862,922,1.405434,0
170872,913,0.140556,0
170882,923,1.545959,0
170892,919,0.983803,0
170902,913,0.140556,0
170912,914,0.28109,0
170922,917,0.702721,0
170932,925,1.827042,0
170942,919,0.983803,0
170952,919,0.983803,0
170962,910,-0.281075,0
170972,923,1.545959,0
170982,925,1.827042,0
170992,915,0.421638,0
171002,916,0.562164,0
171012,914,0.28109,0
171022,919,0.983803,0
171032,923,1.545959,0
171042,926,1.96759,0
171052,922,1.405434,0
171062,919,0.983803,0
171072,922,1.405434,0
171082,917,0.702721,0
171092,923,1.545959,0
171102,921,1.264877,0
171112,914,0.28109,0
171122,913,0.140556,0
171132,918,0.843246,0
171142,924,1.686508,0
171152,921,1.264877,0
171162,912,0,0
171172,927,2.108147,0
171182,913,0.140556,0
171192,921,1.264877,0
171202,922,1.405434,0
171212,918,0.843246,0
171222,923,1.545959,0
171232,919,0.983803,0
171242,922,1.405434,0
171252,926,1.96759,0
171262,920,1.124329,0
171272,925,1.827042,0
171282,913,0.140556,0
171292,923,1.545959,0
171302,921,1.264877,0
171312,925,1.827042,0
171322,921,1.264877,0
171332,919,0.983803,0
171342,912,0,0
171352,923,1.545959,0
171362,913,0.140556,0
171372,920,1.124329,0
171382,920,1.124329,0
171392,927,2.108147,0
171402,921,1.264877,0
171412,914,0.28109,0
171422,916,0.562164,0
171432,923,1.545959,0
171442,923,1.545959,0
171452,919,0.983803,0
171462,914,0.28109,0
171472,922,1.405434,0
171482,917,0.702721,0
171492,925,1.827042,0
171502,920,1.124329,0
171512,914,0.28109,0
171522,914,0.28109,0
171532,918,0.843246,0
171542,920,1.124329,0
171552,910,-0.281075,0
171562,924,1.686508,0
171572,916,0.562164,0
171582,916,0.562164,0
171592,915,0.421638,0
171602,925,1.827042,0
171612,916,0.562164,0
171622,915,0.421638,0
171632,915,0.421638,0
171642,921,1.264877,0
171652,918,0.843246,0
171662,916,0.562164,0
171672,917,0.702721,0
171682,926,1.96759,0
171692,914,0.28109,0
171702,916,0.562164,0
171712,919,0.983803,0
171722,924,1.686508,0
171732,913,0.140556,0
171742,916,0.562164,0
171752,922,1.405434,0
171762,921,1.264877,0
171772,920,1.124329,0
171782,921,1.264877,0
171792,919,0.983803,0
171802,919,0.983803,0
171812,920,1.124329,0
171822,919,0.983803,0
171832,921,1.264877,0
171842,919,0.983803,0
171852,923,1.545959,0
171862,929,2.389198,0
171872,912,0,0
171882,920,1.124329,0
171892,923,1.545959,0
171902,918,0.843246,0
171912,913,0.140556,0
171922,925,1.827042,0
171932,920,1.124329,0
171942,917,0.702721,0
171952,924,1.686508,0
171962,915,0.421638,0
171972,915,0.421638,0
171982,913,0.140556,0
171992,915,0.421638,0
172002,911,-0.140541,0
172012,913,0.140556,0
172022,915,0.421638,0
172032,916,0.562164,0
172042,921,1.264877,0
172052,914,0.28109,0
172062,907,-0.702698,0
172072,926,1.96759,0
172082,924,1.686508,0
172092,924,1.686508,0
172102,918,0.843246,0
172112,914,0.28109,0
172122,918,0.843246,0
172132,909,-0.421616,0
172142,922,1.405434,0
172152,919,0.983803,0
172162,914,0.28109,0
172172,920,1.124329,0
172182,906,-0.843239,0
172192,924,1.686508,0
172202,918,0.843246,0
172212,912,0,0
172222,929,2.389198,0
172232,917,0.702721,0
172242,915,0.421638,0
172252,918,0.843246,0
172262,916,0.562164,0
172272,926,1.96759,0
172282,916,0.562164,0
172292,929,2.389198,0
172302,926,1.96759,0
172312,916,0.562164,0
172322,915,0.421638,0
172332,925,1.827042,0
172342,919,0.983803,0
172352,917,0.702721,0
172362,915,0.421638,0
172372,921,1.264877,0
172382,912,0,0
172392,917,0.702721,0
172402,909,-0.421616,0
172412,910,-0.281075,0
172422,917,0.702721,0
172432,920,1.124329,0
172442,921,1.264877,0
172452,921,1.264877,0
172462,915,0.421638,0
172472,920,1.124329,0
172482,924,1.686508,0
172492,919,0.983803,0
172502,918,0.843246,0
172512,915,0.421638,0
172522,922,1.405434,0
172532,918,0.843246,0
172542,919,0.983803,0
172552,920,1.124329,0
172562,919,0.983803,0
172572,917,0.702721,0
172582,923,1.545959,0
172592,921,1.264877,0
172602,919,0.983803,0
172612,913,0.140556,0
172622,908,-0.562157,0
172632,912,0,0
172642,909,-0.421616,0
172652,913,0.140556,0
172662,914,0.28109,0
172672,916,0.562164,0
172682,911,-0.140541,0
172692,911,-0.140541,0
172702,921,1.264877,0
172712,915,0.421638,0
172722,923,1.545959,0
172732,919,0.983803,0
172742,922,1.405434,0
172752,922,1.405434,0
172762,917,0.702721,0
172772,924,1.686508,0
172782,917,0.702721,0
172792,921,1.264877,0
172802,922,1.405434,0
172812,914,0.28109,0
172822,920,1.124329,0
172832,923,1.545959,0
172842,920,1.124329,0
172852,913,0.140556,0
172862,914,0.28109,0
172872,918,0.843246,0
172882,918,0.843246,0
172892,917,0.702721,0
172902,921,1.264877,0
172912,914,0.28109,0
172922,912,0,0
172932,926,1.96759,0
172942,920,1.124329,0
172952,922,1.405434,0
172962,913,0.140556,0
172972,925,1.827042,0
172982,914,0.28109,0
172992,921,1.264877,0
173002,919,0.983803,0
173012,919,0.983803,0
173022,926,1.96759,0
173032,914,0.28109,0
173042,921,1.264877,0
173052,922,1.405434,0
173062,918,0.843246,0
173072,917,0.702721,0
173082,921,1.264877,0
173092,915,0.421638,0
173102,916,0.562164,0
173112,918,0.843246,0
173122,922,1.405434,0
173132,915,0.421638,0
173142,919,0.983803,0
173152,919,0.983803,0
173162,915,0.421638,0
173172,919,0.983803,0
173182,923,1.545959,0
173192,923,1.545959,0
173202,925,1.827042,0
173212,912,0,0
173222,922,1.405434,0
173232,925,1.827042,0
173242,921,1.264877,0
173252,928,2.248672,0
173262,910,-0.281075,0
173272,921,1.264877,0
173282,919,0.983803,0
173292,923,1.545959,0
173302,922,1.405434,0
173312,919,0.983803,0
173322,922,1.405434,0
173332,925,1.827042,0
173342,922,1.405434,0
173352,917,0.702721,0
173362,911,-0.140541,0
173372,922,1.405434,0
173382,917,0.702721,0
173392,923,1.545959,0
173402,917,0.702721,0
173412,910,-0.281075,0
173422,912,0,0
173432,917,0.702721,0
173442,928,2.248672,0
173452,922,1.405434,0
173462,917,0.702721,0
173472,917,0.702721,0
173482,914,0.28109,0
173492,921,1.264877,0
173502,918,0.843246,0
173512,916,0.562164,0
173522,921,1.264877,0
173532,921,1.264877,0
173542,921,1.264877,0
173552,925,1.827042,0
173562,913,0.140556,0
173572,927,2.108147,0
173582,918,0.843246,0
173592,923,1.545959,0
173602,922,1.405434,0
173612,915,0.421638,0
173622,918,0.843246,0
173632,924,1.686508,0
173642,921,1.264877,0
173652,927,2.108147,0
173662,918,0.843246,0
173672,919,0.983803,0
173682,921,1.264877,0
173692,922,1.405434,0
173702,925,1.827042,0
173712,919,0.983803,0
173722,919,0.983803,0
173732,923,1.545959,0
173742,913,0.140556,0
173752,920,1.124329,0
173762,921,1.264877,0
173772,916,0.562164,0
173782,918,0.843246,0
173792,928,2.248672,0
173802,922,1.405434,0
173812,919,0.983803,0
173822,917,0.702721,0
173832,923,1.545959,0
173842,918,0.843246,0
173852,922,1.405434,0
173862,914,0.28109,0
173872,910,-0.281075,0
173882,914,0.28109,0
173892,913,0.140556,0
173902,914,0.28109,0
173912,923,1.545959,0
173922,922,1.405434,0
173932,918,0.843246,0
173942,912,0,0
173952,918,0.843246,0
173962,913,0.140556,0
173972,918,0.843246,0
173982,910,-0.281075,0
173992,921,1.264877,0
174002,924,1.686508,0
174012,918,0.843246,0
174022,925,1.827042,0
174032,919,0.983803,0
174042,927,2.108147,0
174052,916,0.562164,0
174062,916,0.562164,0
174072,917,0.702721,0
174082,917,0.702721,0
174092,915,0.421638,0
174102,915,0.421638,0
174112,921,1.264877,0
174122,914,0.28109,0
174132,917,0.702721,0
174142,912,0,0
174152,914,0.28109,0
174162,917,0.702721,0
174172,920,1.124329,0
174182,914,0.28109,0
174192,916,0.562164,0
174202,915,0.421638,0
174212,905,-0.98378,0
174222,920,1.124329,0
174232,920,1.124329,0
174242,922,1.405434,0
174252,911,-0.140541,0
174262,909,-0.421616,0
174272,919,0.983803,0
174282,913,0.140556,0
174292,913,0.140556,0
174302,911,-0.140541,0
174312,914,0.28109,0
174322,923,1.545959,0
174332,911,-0.140541,0
174342,911,-0.140541,0
174352,913,0.140556,0
174362,907,-0.702698,0
174372,919,0.983803,0
174382,919,0.983803,0
174392,920,1.124329,0
174402,920,1.124329,0
174412,917,0.702721,0
174422,916,0.562164,0
174432,910,-0.281075,0
174442,916,0.562164,0
174452,909,-0.421616,0
174462,914,0.28109,0
174472,916,0.562164,0
174482,919,0.983803,0
174492,915,0.421638,0
174502,922,1.405434,0
174512,925,1.827042,0
174522,928,2.248672,0
174532,917,0.702721,0
174542,924,1.686508,0
174552,922,1.405434,0
174562,926,1.96759,0
174572,921,1.264877,0
174582,922,1.405434,0
174592,914,0.28109,0
174602,911,-0.140541,0
174612,917,0.702721,0
174622,905,-0.98378,0
174632,913,0.140556,0
174642,919,0.983803,0
174652,912,0,0
174662,912,0,0
174672,908,-0.562157,0
174682,919,0.983803,0
174692,914,0.28109,0
174702,922,1.405434,0
174712,918,0.843246,0
174722,917,0.702721,0
174732,913,0.140556,0
174742,921,1.264877,0
174752,916,0.562164,0
174762,913,0.140556,0
174772,918,0.843246,0
174782,912,0,0
174792,916,0.562164,0
174802,914,0.28109,0
174812,917,0.702721,0
174822,914,0.28109,0
174832,915,0.421638,0
174842,925,1.827042,0
174852,913,0.140556,0
174862,916,0.562164,0
174872,914,0.28109,0
174882,915,0.421638,0
174892,912,0,0
174902,920,1.124329,0
174912,924,1.686508,0
174922,921,1.264877,0
174932,913,0.140556,0
174942,916,0.562164,0
174952,921,1.264877,0
174962,918,0.843246,0
174972,914,0.28109,0
174982,909,-0.421616,0
174992,916,0.562164,0
175002,920,1.124329,0
175012,916,0.562164,0
175022,927,2.108147,0
175032,919,0.983803,0
175042,918,0.843246,0
175052,915,0.421638,0
175062,925,1.827042,0
175072,925,1.827042,0
175082,909,-0.421616,0
175092,927,2.108147,0
175102,911,-0.140541,0
175112,911,-0.140541,0
175122,908,-0.562157,0
175132,911,-0.140541,0
175142,917,0.702721,0
175152,919,0.983803,0
175162,925,1.827042,0
175172,917,0.702721,0
175182,920,1.124329,0
175192,919,0.983803,0
175202,921,1.264877,0
175212,922,1.405434,0
175222,911,-0.140541,0
175232,912,0,0
175242,918,0.843246,0
175252,915,0.421638,0
175262,919,0.983803,0
175272,909,-0.421616,0
175282,914,0.28109,0
175292,920,1.124329,0
175302,920,1.124329,0
175312,918,0.843246,0
175322,915,0.421638,0
175332,915,0.421638,0
175342,920,1.124329,0
175352,922,1.405434,0
175362,921,1.264877,0
175372,915,0.421638,0
175382,912,0,0
175392,922,1.405434,0
175402,929,2.389198,0
175412,921,1.264877,0
175422,913,0.140556,0
175432,916,0.562164,0
175442,915,0.421638,0
175452,923,1.545959,0
175462,920,1.124329,0
175472,923,1.545959,0
175482,921,1.264877,0
175492,918,0.843246,0
175502,918,0.843246,0
175512,918,0.843246,0
175522,920,1.124329,0
175532,916,0.562164,0
175542,925,1.827042,0
175552,919,0.983803,0
175562,922,1.405434,0
175572,921,1.264877,0
175582,923,1.545959,0
175592,915,0.421638,0
175602,916,0.562164,0
175612,918,0.843246,0
175622,921,1.264877,0
175632,918,0.843246,0
175642,921,1.264877,0
175652,913,0.140556,0
175662,913,0.140556,0
175672,915,0.421638,0
175682,913,0.140556,0
175692,922,1.405434,0
175702,915,0.421638,0
175712,918,0.843246,0
175722,923,1.545959,0
175732,914,0.28109,0
175742,916,0.562164,0
175752,919,0.983803,0
175762,923,1.545959,0
175772,924,1.686508,0
175782,918,0.843246,0
175792,916,0.562164,0
175802,923,1.545959,0
175812,919,0.983803,0
175822,920,1.124329,0
175832,907,-0.702698,0
175842,922,1.405434,0
175852,914,0.28109,0
175862,919,0.983803,0
175872,916,0.562164,0
175882,914,0.28109,0
175892,918,0.843246,0
175902,921,1.264877,0
175912,926,1.96759,0
175922,924,1.686508,0
175932,916,0.562164,0
175942,913,0.140556,0
175952,913,0.140556,0
175962,920,1.124329,0
175972,918,0.843246,0
175982,911,-0.140541,0
175992,918,0.843246,0
176002,919,0.983803,0
176012,920,1.124329,0
176022,921,1.264877,0
176032,913,0.140556,0
176042,915,0.421638,0
176052,913,0.140556,0
176062,923,1.545959,0
176072,917,0.702721,0
176082,915,0.421638,0
176092,922,1.405434,0
176102,920,1.124329,0
176112,921,1.264877,0
176122,918,0.843246,0
176132,914,0.28109,0
176142,922,1.405434,0
176152,915,0.421638,0
176162,915,0.421638,0
176172,913,0.140556,0
176182,911,-0.140541,0
176192,917,0.702721,0
176202,923,1.545959,0
176212,921,1.264877,0
176222,920,1.124329,0
176232,911,-0.140541,0
176242,917,0.702721,0
176252,925,1.827042,0
176262,918,0.843246,0
176272,920,1.124329,0
176282,910,-0.281075,0
176292,916,0.562164,0
176302,916,0.562164,0
176312,921,1.264877,0
176322,920,1.124329,0
176332,917,0.702721,0
176342,919,0.983803,0
176352,918,0.843246,0
176362,922,1.405434,0
176372,917,0.702721,0
176382,924,1.686508,0
176392,917,0.702721,0
176402,925,1.827042,0
176412,917,0.702721,0
176422,922,1.405434,0
176432,913,0.140556,0
176442,925,1.827042,0
176452,923,1.545959,0
176462,918,0.843246,0
176472,922,1.405434,0
176482,915,0.421638,0
176492,922,1.405434,0
176502,922,1.405434,0
176512,920,1.124329,0
176522,920,1.124329,0
176532,909,-0.421616,0
176542,918,0.843246,0
176552,922,1.405434,0
176562,925,1.827042,0
176572,918,0.843246,0
176582,921,1.264877,0
176592,921,1.264877,0
176602,917,0.702721,0
176612,925,1.827042,0
176622,922,1.405434,0
176632,912,0,0
176642,915,0.421638,0
176652,920,1.124329,0
176662,924,1.686508,0
176672,928,2.248672,0
176682,917,0.702721,0
176692,921,1.264877,0
176702,920,1.124329,0
176712,920,1.124329,0
176722,914,0.28109,0
176732,911,-0.140541,0
176742,919,0.983803,0
176752,921,1.264877,0
176762,920,1.124329,0
176772,920,1.124329,0
176782,909,-0.421616,0
176792,921,1.264877,0
176802,917,0.702721,0
176812,921,1.264877,0
176822,919,0.983803,0
176832,909,-0.421616,0
176842,922,1.405434,0
176852,918,0.843246,0
176862,923,1.545959,0
176872,916,0.562164,0
176882,913,0.140556,0
176892,918,0.843246,0
176902,923,1.545959,0
176912,921,1.264877,0
176922,916,0.562164,0
176932,913,0.140556,0
176942,908,-0.562157,0
176952,920,1.124329,0
176962,929,2.389198,0
176972,923,1.545959,0
176982,915,0.421638,0
176992,920,1.124329,0
177002,921,1.264877,0
177012,922,1.405434,0
177022,923,1.545959,0
177032,917,0.702721,0
177042,923,1.545959,0
177052,920,1.124329,0
177062,923,1.545959,0
177072,916,0.562164,0
177082,913,0.140556,0
177092,921,1.264877,0
177102,914,0.28109,0
177112,917,0.702721,0
177122,913,0.140556,0
177132,913,0.140556,0
177142,911,-0.140541,0
177152,916,0.562164,0
177162,910,-0.281075,0
177172,911,-0.140541,0
177182,918,0.843246,0
177192,915,0.421638,0
177202,912,0,0
177212,910,-0.281075,0
177222,921,1.264877,0
177232,910,-0.281075,0
177242,920,1.124329,0
177252,918,0.843246,0
177262,915,0.421638,0
177272,922,1.405434,0
177282,915,0.421638,0
177292,917,0.702721,0
177302,922,1.405434,0
177312,919,0.983803,0
177322,916,0.562164,0
177332,920,1.124329,0
177342,917,0.702721,0
177352,921,1.264877,0
177362,928,2.248672,0
177372,922,1.405434,0
177382,919,0.983803,0
177392,915,0.421638,0
177402,923,1.545959,0
177412,923,1.545959,0
177422,921,1.264877,0
177432,914,0.28109,0
177442,920,1.124329,0
177452,914,0.28109,0
177462,925,1.827042,0
177472,919,0.983803,0
177482,914,0.28109,0
177492,924,1.686508,0
177502,916,0.562164,0
177512,922,1.405434,0
177522,914,0.28109,0
177532,914,0.28109,0
177542,929,2.389198,0
177552,923,1.545959,0
177562,927,2.108147,0
177572,923,1.545959,0
177582,921,1.264877,0
177592,919,0.983803,0
177602,916,0.562164,0
177612,921,1.264877,0
177622,923,1.545959,0
177632,914,0.28109,0
177642,914,0.28109,0
177652,919,0.983803,0
177662,914,0.28109,0
177672,913,0.140556,0
177682,920,1.124329,0
177692,918,0.843246,0
177702,916,0.562164,0
177712,917,0.702721,0
177722,917,0.702721,0
177732,918,0.843246,0
177742,921,1.264877,0
177752,924,1.686508,0
177762,922,1.405434,0
177772,927,2.108147,0
177782,915,0.421638,0
177792,920,1.124329,0
177802,921,1.264877,0
177812,921,1.264877,0
177822,920,1.124329,0
177832,917,0.702721,0
177842,926,1.96759,0
177852,914,0.28109,0
177862,916,0.562164,0
177872,915,0.421638,0
177882,918,0.843246,0
177892,918,0.843246,0
177902,927,2.108147,0
177912,922,1.405434,0
177922,917,0.702721,0
177932,923,1.545959,0
177942,923,1.545959,0
177952,916,0.562164,0
177962,922,1.405434,0
177972,919,0.983803,0
177982,917,0.702721,0
177992,916,0.562164,0
178002,920,1.124329,0
178012,918,0.843246,0
178022,923,1.545959,0
178032,918,0.843246,0
178042,922,1.405434,0
178052,919,0.983803,0
178062,921,1.264877,0
178072,920,1.124329,0
178082,920,1.124329,0
178092,919,0.983803,0
178102,913,0.140556,0
178112,909,-0.421616,0
178122,922,1.405434,0
178132,916,0.562164,0
178142,907,-0.702698,0
178152,922,1.405434,0
178162,913,0.140556,0
178172,922,1.405434,0
178182,930,2.529755,0
178192,916,0.562164,0
178202,916,0.562164,0
178212,925,1.827042,0
178222,920,1.124329,0
178232,918,0.843246,0
178242,926,1.96759,0
178252,918,0.843246,0
178262,924,1.686508,0
178272,922,1.405434,0
178282,917,0.702721,0
178292,922,1.405434,0
178302,910,-0.281075,0
178312,901,-1.545952,0
178322,881,-4.356773,0
178332,881,-4.356773,0
178342,897,-2.108109,0
178352,860,-7.308151,0
178362,868,-6.183815,0
178372,861,-7.16761,0
178382,856,-7.870308,0
178392,869,-6.043274,0
178402,874,-5.340569,0
178412,864,-6.745979,0
178422,866,-6.464897,0
178432,919,0.983803,0
178442,918,0.843246,0
178452,927,2.108147,0
178462,909,-0.421616,0
178472,907,-0.702698,0
178482,926,1.96759,0
178492,932,2.810829,0
178502,932,2.810829,0
178512,932,2.810829,0
178522,930,2.529755,0
178532,925,1.827042,0
178542,932,2.810829,0
178552,927,2.108147,0
178562,937,3.513542,0
178572,933,2.951385,0
178582,930,2.529755,0
178592,929,2.389198,0
178602,933,2.951385,0
178612,939,3.794624,0
178622,935,3.23246,0
178632,938,3.654076,0
178642,933,2.951385,0
178652,929,2.389198,0
178662,923,1.545959,0
178672,926,1.96759,0
178682,926,1.96759,0
178692,930,2.529755,0
178702,930,2.529755,0
178712,929,2.389198,0
178722,940,3.935173,0
178732,933,2.951385,0
178742,937,3.513542,0
178752,931,2.670303,0
178762,930,2.529755,0
178772,938,3.654076,0
178782,934,3.091911,0
178792,936,3.373016,0
178802,925,1.827042,0
178812,935,3.23246,0
178822,936,3.373016,0
178832,931,2.670303,0
178842,933,2.951385,0
178852,928,2.248672,0
178862,930,2.529755,0
178872,936,3.373016,0
178882,934,3.091911,0
178892,933,2.951385,0
178902,932,2.810829,0
178912,930,2.529755,0
178922,930,2.529755,0
178932,933,2.951385,0
178942,937,3.513542,0
178952,929,2.389198,0
178962,938,3.654076,0
178972,934,3.091911,0
178982,937,3.513542,0
178992,935,3.23246,0
179002,937,3.513542,0
179012,931,2.670303,0
179022,938,3.654076,0
179032,934,3.091911,0
179042,933,2.951385,0
179052,933,2.951385,0
179062,940,3.935173,0
179072,930,2.529755,0
179082,935,3.23246,0
179092,934,3.091911,0
179102,927,2.108147,0
179112,937,3.513542,0
179122,931,2.670303,0
179132,927,2.108147,0
179142,933,2.951385,0
179152,938,3.654076,0
179162,933,2.951385,0
179172,936,3.373016,0
179182,934,3.091911,0
179192,929,2.389198,0
179202,925,1.827042,0
179212,934,3.091911,0
179222,932,2.810829,0
179232,936,3.373016,0
179242,930,2.529755,0
179252,934,3.091911,0
179262,939,3.794624,0
179272,931,2.670303,0
179282,928,2.248672,0
179292,936,3.373016,0
179302,924,1.686508,0
179312,931,2.670303,0
179322,931,2.670303,0
179332,935,3.23246,0
179342,937,3.513542,0
179352,935,3.23246,0
179362,940,3.935173,0
179372,932,2.810829,0
179382,920,1.124329,0
179392,933,2.951385,0
179402,929,2.389198,0
179412,939,3.794624,0
179422,929,2.389198,0
179432,938,3.654076,0
179442,931,2.670303,0
179452,923,1.545959,0
179462,934,3.091911,0
179472,941,4.075706,0
179482,933,2.951385,0
179492,941,4.075706,0
179502,926,1.96759,0
179512,929,2.389198,0
179522,936,3.373016,0
179532,936,3.373016,0
179542,941,4.075706,0
179552,926,1.96759,0
179562,934,3.091911,0
179572,938,3.654076,0
179582,943,4.356781,0
179592,932,2.810829,0
179602,934,3.091911,0
179612,936,3.373016,0
179622,931,2.670303,0
179632,935,3.23246,0
179642,927,2.108147,0
179652,930,2.529755,0
179662,939,3.794624,0
179672,934,3.091911,0
179682,936,3.373016,0
179692,927,2.108147,0
179702,936,3.373016,0
179712,937,3.513542,0
179722,933,2.951385,0
179732,935,3.23246,0
179742,938,3.654076,0
179752,929,2.389198,0
179762,932,2.810829,0
179772,937,3.513542,0
179782,931,2.670303,0
179792,939,3.794624,0
179802,936,3.373016,0
179812,933,2.951385,0
179822,929,2.389198,0
179832,939,3.794624,0
179842,931,2.670303,0
179852,925,1.827042,0
179862,932,2.810829,0
179872,934,3.091911,0
179882,938,3.654076,0
179892,933,2.951385,0
179902,932,2.810829,0
179912,934,3.091911,0
179922,935,3.23246,0
179932,936,3.373016,0
179942,937,3.513542,0
179952,934,3.091911,0
179962,938,3.654076,0
179972,943,4.356781,0
179982,939,3.794624,0
179992,933,2.951385,0
180002,927,2.108147,0
180012,935,3.23246,0
180022,933,2.951385,0
180032,935,3.23246,0
180042,937,3.513542,0
180052,935,3.23246,0
180062,925,1.827042,0
180072,937,3.513542,0
180082,928,2.248672,0
180092,934,3.091911,0
180102,926,1.96759,0
180112,925,1.827042,0
180122,924,1.686508,0
180132,936,3.373016,0
180142,935,3.23246,0
180152,929,2.389198,0
180162,933,2.951385,0
180172,939,3.794624,0
180182,932,2.810829,0
180192,933,2.951385,0
180202,930,2.529755,0
180212,932,2.810829,0
180222,933,2.951385,0
180232,936,3.373016,0
180242,941,4.075706,0
180252,930,2.529755,0
180262,931,2.670303,0
180272,931,2.670303,0
180282,939,3.794624,0
180292,933,2.951385,0
180302,935,3.23246,0
180312,932,2.810829,0
180322,932,2.810829,0
180332,935,3.23246,0
180342,936,3.373016,0
180352,925,1.827042,0
180362,927,2.108147,0
180372,932,2.810829,0
180382,935,3.23246,0
180392,925,1.827042,0
180402,929,2.389198,0
180412,931,2.670303,0
180422,935,3.23246,0
180432,935,3.23246,0
180442,928,2.248672,0
180452,930,2.529755,0
180462,928,2.248672,0
180472,935,3.23246,0
180482,935,3.23246,0
180492,936,3.373016,0
180502,925,1.827042,0
180512,929,2.389198,0
180522,934,3.091911,0
180532,925,1.827042,0
180542,932,2.810829,0
180552,931,2.670303,0
180562,940,3.935173,0
180572,935,3.23246,1
180582,936,3.373016,1
180592,931,2.670303,1
180602,929,2.389198,1
180612,943,4.356781,1
180622,941,4.075706,1
180632,934,3.091911,1
180642,930,2.529755,1
180652,930,2.529755,1
180662,935,3.23246,1
180672,928,2.248672,1
180682,934,3.091911,1
180692,934,3.091911,1
180702,932,2.810829,1
180712,926,1.96759,1
180722,927,2.108147,1
180732,933,2.951385,1
180742,933,2.951385,1
180752,927,2.108147,1
180762,928,2.248672,1
180772,941,4.075706,1
180782,934,3.091911,1
180792,942,4.216255,1
180802,927,2.108147,1
180812,937,3.513542,1
180822,933,2.951385,1
180832,934,3.091911,1
180842,932,2.810829,1
180852,929,2.389198,1
180862,932,2.810829,1
180872,937,3.513542,1
180882,937,3.513542,1
180892,932,2.810829,1
180902,934,3.091911,1
180912,931,2.670303,1
180922,931,2.670303,1
180932,932,2.810829,1
180942,934,3.091911,1
180952,924,1.686508,1
180962,929,2.389198,1
180972,936,3.373016,1
180982,937,3.513542,1
180992,933,2.951385,1
181002,931,2.670303,1
181012,934,3.091911,1
181022,930,2.529755,1
181032,931,2.670303,1
181042,936,3.373016,1
181052,927,2.108147,1
181062,933,2.951385,1
181072,930,2.529755,1
181082,942,4.216255,1
181092,941,4.075706,1
181102,927,2.108147,1
181112,933,2.951385,1
181122,935,3.23246,1
181132,937,3.513542,1
181142,933,2.951385,1
181152,926,1.96759,1
181162,929,2.389198,1
181172,937,3.513542,1
181182,935,3.23246,1
181192,930,2.529755,1
181202,924,1.686508,1
181212,937,3.513542,1
181222,933,2.951385,1
181232,936,3.373016,1
181242,941,4.075706,1
181252,930,2.529755,1
181262,931,2.670303,1
181272,941,4.075706,1
181282,932,2.810829,1
181292,943,4.356781,1
181302,928,2.248672,1
181312,931,2.670303,1
181322,932,2.810829,1
181332,936,3.373016,1
181342,933,2.951385,1
181352,930,2.529755,1
181362,933,2.951385,1
181372,928,2.248672,1
181382,934,3.091911,1
181392,936,3.373016,1
181402,931,2.670303,1
181412,933,2.951385,1
181422,927,2.108147,1
181432,932,2.810829,1
181442,931,2.670303,1
181452,937,3.513542,1
181462,927,2.108147,1
181472,937,3.513542,1
181482,930,2.529755,1
181492,930,2.529755,1
181502,929,2.389198,1
181512,934,3.091911,1
181522,935,3.23246,1
181532,929,2.389198,1
181542,939,3.794624,1
181552,934,3.091911,1
181562,934,3.091911,1
181572,934,3.091911,1
181582,925,1.827042,1
181592,933,2.951385,1
181602,922,1.405434,1
181612,922,1.405434,1
181622,895,-2.389191,1
181632,880,-4.497322,1
181642,870,-5.90274,1
181652,868,-6.183815,1
181662,859,-7.448692,1
181672,854,-8.15139,1
181682,849,-8.854103,1
181692,864,-6.745979,1
181702,859,-7.448692,1
181712,857,-7.729782,1
181722,851,-8.573021,1
181732,855,-8.010849,1
181742,870,-5.90274,1
181752,858,-7.589226,1
181762,857,-7.729782,1
181772,854,-8.15139,1
181782,854,-8.15139,1
181792,856,-7.870308,1
181802,859,-7.448692,1
181812,866,-6.464897,1
181822,852,-8.43248,1
181832,855,-8.010849,1
181842,858,-7.589226,1
181852,866,-6.464897,1
181862,868,-6.183815,1
181872,855,-8.010849,1
181882,853,-8.291939,1
181892,854,-8.15139,1
181902,868,-6.183815,1
181912,855,-8.010849,1
181922,849,-8.854103,1
181932,858,-7.589226,1
181942,854,-8.15139,1
181952,859,-7.448692,1
181962,860,-7.308151,1
181972,853,-8.291939,1
181982,847,-9.135193,1
181992,853,-8.291939,1
182002,858,-7.589226,1
182012,863,-6.88652,1
182022,858,-7.589226,1
182032,848,-8.994652,1
182042,860,-7.308151,1
182052,858,-7.589226,1
182062,853,-8.291939,1
182072,856,-7.870308,1
182082,853,-8.291939,1
182092,851,-8.573021,1
182102,858,-7.589226,1
182112,860,-7.308151,1
182122,850,-8.713562,1
182132,853,-8.291939,1
182142,857,-7.729782,1
182152,863,-6.88652,1
182162,862,-7.027069,1
182172,855,-8.010849,1
182182,858,-7.589226,1
182192,854,-8.15139,1
182202,855,-8.010849,1
182212,866,-6.464897,1
182222,860,-7.308151,1
182232,857,-7.729782,1
182242,854,-8.15139,1
182252,861,-7.16761,1
182262,861,-7.16761,1
182272,858,-7.589226,1
182282,852,-8.43248,1
182292,854,-8.15139,1
182302,857,-7.729782,1
182312,862,-7.027069,1
182322,847,-9.135193,1
182332,859,-7.448692,1
182342,849,-8.854103,1
182352,859,-7.448692,1
182362,863,-6.88652,1
182372,861,-7.16761,1
182382,857,-7.729782,1
182392,847,-9.135193,1
182402,860,-7.308151,1
182412,866,-6.464897,1
182422,856,-7.870308,1
182432,841,-9.978432,1
182442,846,-9.275719,1
182452,853,-8.291939,1
182462,864,-6.745979,1
182472,848,-8.994652,1
182482,850,-8.713562,1
182492,853,-8.291939,1
182502,850,-8.713562,1
182512,856,-7.870308,1
182522,857,-7.729782,1
182532,848,-8.994652,1
182542,848,-8.994652,1
182552,850,-8.713562,1
182562,861,-7.16761,1
182572,855,-8.010849,1
182582,856,-7.870308,1
182592,854,-8.15139,1
182602,856,-7.870308,1
182612,870,-5.90274,1
182622,860,-7.308151,1
182632,860,-7.308151,1
182642,856,-7.870308,1
182652,851,-8.573021,1
182662,863,-6.88652,1
182672,852,-8.43248,1
182682,853,-8.291939,1
182692,856,-7.870308,1
182702,860,-7.308151,1
182712,862,-7.027069,1
182722,860,-7.308151,1
182732,863,-6.88652,1
182742,854,-8.15139,1
182752,854,-8.15139,1
182762,863,-6.88652,1
182772,858,-7.589226,1
182782,847,-9.135193,1
182792,858,-7.589226,1
182802,858,-7.589226,1
182812,855,-8.010849,1
182822,858,-7.589226,1
182832,857,-7.729782,1
182842,854,-8.15139,1
182852,849,-8.854103,1
182862,868,-6.183815,1
182872,860,-7.308151,1
182882,860,-7.308151,1
182892,855,-8.010849,1
182902,857,-7.729782,1
182912,862,-7.027069,1
182922,868,-6.183815,1
182932,853,-8.291939,1
182942,848,-8.994652,1
182952,849,-8.854103,1
182962,856,-7.870308,1
182972,868,-6.183815,1
182982,862,-7.027069,1
182992,848,-8.994652,1
183002,848,-8.994652,1
183012,858,-7.589226,1
183022,868,-6.183815,1
183032,856,-7.870308,1
183042,857,-7.729782,1
183052,857,-7.729782,1
183062,857,-7.729782,1
183072,865,-6.605438,1
183082,855,-8.010849,1
183092,854,-8.15139,1
183102,851,-8.573021,1
183112,853,-8.291939,1
183122,864,-6.745979,1
183132,860,-7.308151,1
183142,855,-8.010849,1
183152,853,-8.291939,1
183162,858,-7.589226,1
183172,855,-8.010849,1
183182,852,-8.43248,1
183192,848,-8.994652,1
183202,846,-9.275719,1
183212,850,-8.713562,1
183222,859,-7.448692,1
183232,857,-7.729782,1
183242,852,-8.43248,1
183252,847,-9.135193,1
183262,861,-7.16761,1
183272,863,-6.88652,1
183282,853,-8.291939,1
183292,851,-8.573021,1
183302,852,-8.43248,1
183312,857,-7.729782,1
183322,863,-6.88652,1
183332,855,-8.010849,1
183342,858,-7.589226,1
183352,854,-8.15139,1
183362,854,-8.15139,1
183372,854,-8.15139,1
183382,861,-7.16761,1
183392,856,-7.870308,1
183402,856,-7.870308,1
183412,854,-8.15139,1
183422,866,-6.464897,1
183432,856,-7.870308,1
183442,853,-8.291939,1
183452,852,-8.43248,1
183462,852,-8.43248,1
183472,858,-7.589226,1
183482,863,-6.88652,1
183492,857,-7.729782,1
183502,860,-7.308151,1
183512,852,-8.43248,1
183522,864,-6.745979,1
183532,861,-7.16761,1
183542,854,-8.15139,1
183552,851,-8.573021,1
183562,859,-7.448692,1
183572,853,-8.291939,1
183582,863,-6.88652,1
183592,860,-7.308151,1
183602,857,-7.729782,1
183612,855,-8.010849,1
183622,860,-7.308151,1
183632,867,-6.324356,1
183642,854,-8.15139,1
183652,858,-7.589226,1
183662,844,-9.556816,1
183672,855,-8.010849,1
183682,865,-6.605438,1
183692,857,-7.729782,1
183702,858,-7.589226,1
183712,852,-8.43248,1
183722,854,-8.15139,1
183732,861,-7.16761,1
183742,852,-8.43248,1
183752,849,-8.854103,1
183762,854,-8.15139,1
183772,852,-8.43248,1
183782,869,-6.043274,1
183792,853,-8.291939,1
183802,859,-7.448692,1
183812,848,-8.994652,1
183822,854,-8.15139,1
183832,870,-5.90274,1
183842,856,-7.870308,1
183852,856,-7.870308,1
183862,849,-8.854103,1
183872,857,-7.729782,1
183882,867,-6.324356,1
183892,855,-8.010849,1
183902,863,-6.88652,1
183912,860,-7.308151,1
183922,858,-7.589226,1
183932,868,-6.183815,1
183942,857,-7.729782,1
183952,854,-8.15139,1
183962,849,-8.854103,1
183972,853,-8.291939,1
183982,864,-6.745979,1
183992,858,-7.589226,1
184002,861,-7.16761,1
184012,856,-7.870308,1
184022,853,-8.291939,1
184032,868,-6.183815,1
184042,860,-7.308151,1
184052,855,-8.010849,1
184062,859,-7.448692,1
184072,856,-7.870308,1
184082,865,-6.605438,1
184092,863,-6.88652,1
184102,854,-8.15139,1
184112,852,-8.43248,1
184122,846,-9.275719,1
184132,863,-6.88652,1
184142,855,-8.010849,1
184152,856,-7.870308,1
184162,854,-8.15139,1
184172,853,-8.291939,1
184182,864,-6.745979,1
184192,846,-9.275719,1
184202,850,-8.713562,1
184212,843,-9.69735,1
184222,848,-8.994652,1
184232,862,-7.027069,1
184242,861,-7.16761,1
184252,860,-7.308151,1
184262,851,-8.573021,1
184272,851,-8.573021,1
184282,865,-6.605438,1
184292,859,-7.448692,1
184302,858,-7.589226,1
184312,858,-7.589226,1
184322,853,-8.291939,1
184332,869,-6.043274,1
184342,860,-7.308151,1
184352,856,-7.870308,1
184362,852,-8.43248,1
184372,846,-9.275719,1
184382,866,-6.464897,1
184392,861,-7.16761,1
184402,857,-7.729782,1
184412,849,-8.854103,1
184422,848,-8.994652,1
184432,860,-7.308151,1
184442,854,-8.15139,1
184452,857,-7.729782,1
184462,855,-8.010849,1
184472,855,-8.010849,1
184482,861,-7.16761,1
184492,872,-5.621643,1
184502,857,-7.729782,1
184512,857,-7.729782,1
184522,856,-7.870308,1
184532,863,-6.88652,1
184542,865,-6.605438,1
184552,863,-6.88652,1
184562,857,-7.729782,1
184572,847,-9.135193,1
184582,862,-7.027069,1
184592,861,-7.16761,1
184602,860,-7.308151,1
184612,856,-7.870308,1
184622,850,-8.713562,1
184632,862,-7.027069,1
184642,861,-7.16761,1
184652,852,-8.43248,1
184662,859,-7.448692,1
184672,849,-8.854103,1
184682,848,-8.994652,1
184692,861,-7.16761,1
184702,854,-8.15139,1
184712,851,-8.573021,1
184722,843,-9.69735,1
184732,865,-6.605438,1
184742,872,-5.621643,1
184752,865,-6.605438,1
184762,859,-7.448692,1
184772,855,-8.010849,1
184782,859,-7.448692,1
184792,860,-7.308151,1
184802,854,-8.15139,1
184812,860,-7.308151,1
184822,846,-9.275719,1
184832,858,-7.589226,1
184842,869,-6.043274,1
184852,856,-7.870308,1
184862,861,-7.16761,1
184872,852,-8.43248,1
184882,858,-7.589226,1
184892,867,-6.324356,1
184902,858,-7.589226,1
184912,857,-7.729782,1
184922,849,-8.854103,1
184932,855,-8.010849,1
184942,861,-7.16761,1
184952,859,-7.448692,1
184962,848,-8.994652,1
184972,850,-8.713562,1
184982,855,-8.010849,1
184992,867,-6.324356,1
185002,866,-6.464897,1
185012,854,-8.15139,1
185022,847,-9.135193,1
185032,853,-8.291939,1
185042,861,-7.16761,1
185052,862,-7.027069,1
185062,851,-8.573021,1
185072,847,-9.135193,1
185082,850,-8.713562,1
185092,866,-6.464897,1
185102,853,-8.291939,1
185112,856,-7.870308,1
185122,846,-9.275719,1
185132,859,-7.448692,1
185142,860,-7.308151,1
185152,855,-8.010849,1
185162,856,-7.870308,1
185172,854,-8.15139,1
185182,849,-8.854103,1
185192,859,-7.448692,1
185202,867,-6.324356,1
185212,856,-7.870308,1
185222,848,-8.994652,1
185232,852,-8.43248,1
185242,860,-7.308151,1
185252,859,-7.448692,1
185262,864,-6.745979,1
185272,846,-9.275719,1
185282,851,-8.573021,1
185292,858,-7.589226,1
185302,860,-7.308151,1
185312,852,-8.43248,1
185322,849,-8.854103,1
185332,855,-8.010849,1
185342,858,-7.589226,1
185352,867,-6.324356,1
185362,853,-8.291939,1
185372,851,-8.573021,1
185382,853,-8.291939,1
185392,856,-7.870308,1
185402,861,-7.16761,1
185412,858,-7.589226,1
185422,847,-9.135193,1
185432,851,-8.573021,1
185442,860,-7.308151,1
185452,857,-7.729782,1
185462,859,-7.448692,1
185472,851,-8.573021,1
185482,854,-8.15139,1
185492,855,-8.010849,1
185502,867,-6.324356,1
185512,861,-7.16761,1
185522,851,-8.573021,1
185532,850,-8.713562,1
185542,860,-7.308151,1
185552,868,-6.183815,1
185562,864,-6.745979,1
185572,855,-8.010849,1
185582,861,-7.16761,1
185592,853,-8.291939,1
185602,862,-7.027069,1
185612,858,-7.589226,1
185622,850,-8.713562,1
185632,860,-7.308151,1
185642,860,-7.308151,1
185652,869,-6.043274,1
185662,856,-7.870308,1
185672,849,-8.854103,1
185682,854,-8.15139,1
185692,855,-8.010849,1
185702,874,-5.340569,1
185712,851,-8.573021,1
185722,848,-8.994652,1
185732,849,-8.854103,1
185742,855,-8.010849,1
185752,858,-7.589226,1
185762,851,-8.573021,1
185772,849,-8.854103,1
185782,848,-8.994652,1
185792,845,-9.41626,1
185802,870,-5.90274,1
185812,865,-6.605438,1
185822,859,-7.448692,1
185832,850,-8.713562,1
185842,859,-7.448692,1
185852,861,-7.16761,1
185862,851,-8.573021,1
185872,858,-7.589226,1
185882,850,-8.713562,1
185892,841,-9.978432,1
185902,869,-6.043274,1
185912,863,-6.88652,1
185922,856,-7.870308,1
185932,860,-7.308151,1
185942,855,-8.010849,1
185952,872,-5.621643,1
185962,851,-8.573021,1
185972,848,-8.994652,1
185982,860,-7.308151,1
185992,861,-7.16761,1
186002,869,-6.043274,1
186012,859,-7.448692,1
186022,863,-6.88652,1
186032,858,-7.589226,1
186042,846,-9.275719,1
186052,864,-6.745979,1
186062,859,-7.448692,1
186072,858,-7.589226,1
186082,863,-6.88652,1
186092,851,-8.573021,1
186102,863,-6.88652,1
186112,868,-6.183815,1
186122,855,-8.010849,1
186132,853,-8.291939,1
186142,849,-8.854103,1
186152,862,-7.027069,1
186162,860,-7.308151,1
186172,853,-8.291939,1
186182,854,-8.15139,1
186192,858,-7.589226,1
186202,865,-6.605438,1
186212,863,-6.88652,1
186222,856,-7.870308,1
186232,856,-7.870308,1
186242,850,-8.713562,1
186252,857,-7.729782,1
186262,860,-7.308151,1
186272,857,-7.729782,1
186282,857,-7.729782,1
186292,855,-8.010849,1
186302,860,-7.308151,1
186312,857,-7.729782,1
186322,853,-8.291939,1
186332,853,-8.291939,1
186342,850,-8.713562,1
186352,859,-7.448692,1
186362,863,-6.88652,1
186372,861,-7.16761,1
186382,855,-8.010849,1
186392,857,-7.729782,1
186402,852,-8.43248,1
186412,871,-5.762199,1
186422,847,-9.135193,1
186432,846,-9.275719,1
186442,842,-9.837891,1
186452,851,-8.573021,1
186462,860,-7.308151,1
186472,867,-6.324356,1
186482,853,-8.291939,1
186492,854,-8.15139,1
186502,860,-7.308151,1
186512,857,-7.729782,1
186522,863,-6.88652,1
186532,857,-7.729782,1
186542,862,-7.027069,1
186552,855,-8.010849,1
186562,866,-6.464897,1
186572,858,-7.589226,1
186582,861,-7.16761,1
186592,861,-7.16761,1
186602,857,-7.729782,1
186612,870,-5.90274,1
186622,858,-7.589226,1
186632,860,-7.308151,1
186642,850,-8.713562,1
186652,865,-6.605438,1
186662,863,-6.88652,1
186672,856,-7.870308,1
186682,853,-8.291939,1
186692,853,-8.291939,1
186702,841,-9.978432,1
186712,858,-7.589226,1
186722,868,-6.183815,1
186732,856,-7.870308,1
186742,859,-7.448692,1
186752,854,-8.15139,1
186762,863,-6.88652,1
186772,863,-6.88652,1
186782,851,-8.573021,1
186792,843,-9.69735,1
186802,854,-8.15139,1
186812,862,-7.027069,1
186822,865,-6.605438,1
186832,860,-7.308151,1
186842,856,-7.870308,1
186852,856,-7.870308,1
186862,869,-6.043274,1
186872,861,-7.16761,1
186882,864,-6.745979,1
186892,859,-7.448692,1
186902,846,-9.275719,1
186912,866,-6.464897,1
186922,865,-6.605438,1
186932,861,-7.16761,1
186942,854,-8.15139,1
186952,856,-7.870308,1
186962,859,-7.448692,1
186972,860,-7.308151,1
186982,853,-8.291939,1
186992,847,-9.135193,1
187002,854,-8.15139,1
187012,861,-7.16761,1
187022,862,-7.027069,1
187032,857,-7.729782,1
187042,861,-7.16761,1
187052,857,-7.729782,1
187062,861,-7.16761,1
187072,860,-7.308151,1
187082,854,-8.15139,1
187092,856,-7.870308,1
187102,856,-7.870308,1
187112,851,-8.573021,1
187122,868,-6.183815,1
187132,853,-8.291939,1
187142,849,-8.854103,1
187152,851,-8.573021,1
187162,858,-7.589226,1
187172,866,-6.464897,1
187182,859,-7.448692,1
187192,856,-7.870308,1
187202,854,-8.15139,1
187212,851,-8.573021,1
187222,856,-7.870308,1
187232,858,-7.589226,1
187242,855,-8.010849,1
187252,861,-7.16761,1
187262,859,-7.448692,1
187272,865,-6.605438,1
187282,864,-6.745979,1
187292,858,-7.589226,1
187302,854,-8.15139,1
187312,860,-7.308151,1
187322,862,-7.027069,1
187332,862,-7.027069,1
187342,854,-8.15139,1
187352,851,-8.573021,1
187362,857,-7.729782,1
187372,866,-6.464897,1
187382,858,-7.589226,1
187392,855,-8.010849,1
187402,853,-8.291939,1
187412,857,-7.729782,1
187422,862,-7.027069,1
187432,862,-7.027069,1
187442,862,-7.027069,1
187452,859,-7.448692,1
187462,855,-8.010849,1
187472,859,-7.448692,1
187482,862,-7.027069,1
187492,856,-7.870308,1
187502,852,-8.43248,1
187512,856,-7.870308,1
187522,862,-7.027069,1
187532,854,-8.15139,1
187542,862,-7.027069,1
187552,853,-8.291939,1
187562,860,-7.308151,1
187572,863,-6.88652,1
187582,860,-7.308151,1
187592,852,-8.43248,1
187602,858,-7.589226,1
187612,861,-7.16761,1
187622,867,-6.324356,1
187632,859,-7.448692,1
187642,851,-8.573021,1
187652,858,-7.589226,1
187662,853,-8.291939,1
187672,869,-6.043274,1
187682,861,-7.16761,1
187692,849,-8.854103,1
187702,842,-9.837891,1
187712,851,-8.573021,1
187722,862,-7.027069,1
187732,857,-7.729782,1
187742,855,-8.010849,1
187752,864,-6.745979,1
187762,856,-7.870308,1
187772,871,-5.762199,1
187782,857,-7.729782,1
187792,860,-7.308151,1
187802,849,-8.854103,1
187812,865,-6.605438,1
187822,862,-7.027069,1
187832,861,-7.16761,1
187842,849,-8.854103,1
187852,849,-8.854103,1
187862,856,-7.870308,1
187872,860,-7.308151,1
187882,857,-7.729782,1
187892,849,-8.854103,1
187902,857,-7.729782,1
187912,860,-7.308151,1
187922,861,-7.16761,1
187932,858,-7.589226,1
187942,860,-7.308151,1
187952,855,-8.010849,1
187962,856,-7.870308,1
187972,863,-6.88652,1
187982,864,-6.745979,1
187992,849,-8.854103,1
188002,855,-8.010849,1
188012,852,-8.43248,1
188022,863,-6.88652,1
188032,859,-7.448692,1
188042,846,-9.275719,1
188052,851,-8.573021,1
188062,857,-7.729782,1
188072,861,-7.16761,1
188082,864,-6.745979,1
188092,849,-8.854103,1
188102,851,-8.573021,1
188112,855,-8.010849,1
188122,862,-7.027069,1
188132,858,-7.589226,1
188142,856,-7.870308,1
188152,855,-8.010849,1
188162,851,-8.573021,1
188172,862,-7.027069,1
188182,858,-7.589226,1
188192,858,-7.589226,1
188202,854,-8.15139,1
188212,851,-8.573021,1
188222,859,-7.448692,1
188232,861,-7.16761,1
188242,863,-6.88652,1
188252,845,-9.41626,1
188262,854,-8.15139,1
188272,863,-6.88652,1
188282,862,-7.027069,1
188292,860,-7.308151,1
188302,852,-8.43248,1
188312,857,-7.729782,1
188322,862,-7.027069,1
188332,859,-7.448692,1
188342,852,-8.43248,1
188352,858,-7.589226,1
188362,846,-9.275719,1
188372,857,-7.729782,1
188382,866,-6.464897,1
188392,854,-8.15139,1
188402,861,-7.16761,1
188412,855,-8.010849,1
188422,855,-8.010849,1
188432,869,-6.043274,1
188442,847,-9.135193,1
188452,858,-7.589226,1
188462,850,-8.713562,1
188472,857,-7.729782,1
188482,866,-6.464897,1
188492,856,-7.870308,1
188502,847,-9.135193,1
188512,845,-9.41626,1
188522,859,-7.448692,1
188532,856,-7.870308,1
188542,862,-7.027069,1
188552,856,-7.870308,1
188562,861,-7.16761,1
188572,853,-8.291939,1
188582,863,-6.88652,1
188592,856,-7.870308,1
188602,860,-7.308151,1
188612,851,-8.573021,1
188622,854,-8.15139,1
188632,855,-8.010849,1
188642,855,-8.010849,1
188652,856,-7.870308,1
188662,849,-8.854103,1
188672,854,-8.15139,1
188682,864,-6.745979,1
188692,849,-8.854103,1
188702,845,-9.41626,1
188712,852,-8.43248,1
188722,850,-8.713562,1
188732,855,-8.010849,1
188742,855,-8.010849,1
188752,847,-9.135193,1
188762,850,-8.713562,1
188772,848,-8.994652,1
188782,866,-6.464897,1
188792,858,-7.589226,1
188802,858,-7.589226,1
188812,851,-8.573021,1
188822,856,-7.870308,1
188832,861,-7.16761,1
188842,855,-8.010849,1
188852,855,-8.010849,1
188862,857,-7.729782,1
188872,857,-7.729782,1
188882,864,-6.745979,1
188892,858,-7.589226,1
188902,862,-7.027069,1
188912,854,-8.15139,1
188922,853,-8.291939,1
188932,865,-6.605438,1
188942,853,-8.291939,1
188952,846,-9.275719,1
188962,844,-9.556816,1
188972,854,-8.15139,1
188982,860,-7.308151,1
188992,854,-8.15139,1
189002,853,-8.291939,1
189012,856,-7.870308,1
189022,856,-7.870308,1
189032,863,-6.88652,1
189042,856,-7.870308,1
189052,857,-7.729782,1
189062,850,-8.713562,1
189072,850,-8.713562,1
189082,861,-7.16761,1
189092,851,-8.573021,1
189102,854,-8.15139,1
189112,847,-9.135193,1
189122,845,-9.41626,1
189132,854,-8.15139,1
189142,856,-7.870308,1
189152,865,-6.605438,1
189162,850,-8.713562,1
189172,847,-9.135193,1
189182,854,-8.15139,1
189192,856,-7.870308,1
189202,855,-8.010849,1
189212,853,-8.291939,1
189222,855,-8.010849,1
189232,859,-7.448692,1
189242,863,-6.88652,1
189252,855,-8.010849,1
189262,858,-7.589226,1
189272,846,-9.275719,1
189282,858,-7.589226,1
189292,862,-7.027069,1
189302,863,-6.88652,1
189312,855,-8.010849,1
189322,855,-8.010849,1
189332,853,-8.291939,1
189342,857,-7.729782,1
189352,855,-8.010849,1
189362,855,-8.010849,1
189372,851,-8.573021,1
189382,857,-7.729782,1
189392,856,-7.870308,1
189402,856,-7.870308,1
189412,848,-8.994652,1
189422,851,-8.573021,1
189432,858,-7.589226,1
189442,856,-7.870308,1
189452,859,-7.448692,1
189462,861,-7.16761,1
189472,857,-7.729782,1
189482,855,-8.010849,1
189492,862,-7.027069,1
189502,854,-8.15139,1
189512,855,-8.010849,1
189522,858,-7.589226,1
189532,855,-8.010849,1
189542,861,-7.16761,1
189552,860,-7.308151,1
189562,862,-7.027069,1
189572,850,-8.713562,1
189582,858,-7.589226,1
189592,862,-7.027069,1
189602,856,-7.870308,1
189612,861,-7.16761,1
189622,851,-8.573021,1
189632,852,-8.43248,1
189642,860,-7.308151,1
189652,862,-7.027069,1
189662,858,-7.589226,1
189672,853,-8.291939,1
189682,856,-7.870308,1
189692,859,-7.448692,1
189702,861,-7.16761,1
189712,857,-7.729782,1
189722,856,-7.870308,1
189732,857,-7.729782,1
189742,860,-7.308151,1
189752,858,-7.589226,1
189762,859,-7.448692,1
189772,855,-8.010849,1
189782,852,-8.43248,1
189792,869,-6.043274,1
189802,854,-8.15139,1
189812,855,-8.010849,1
189822,849,-8.854103,1
189832,860,-7.308151,1
189842,861,-7.16761,1
189852,856,-7.870308,1
189862,855,-8.010849,1
189872,853,-8.291939,1
189882,856,-7.870308,1
189892,862,-7.027069,1
189902,855,-8.010849,1
189912,860,-7.308151,1
189922,852,-8.43248,1
189932,857,-7.729782,1
189942,859,-7.448692,1
189952,861,-7.16761,1
189962,853,-8.291939,1
189972,859,-7.448692,1
189982,850,-8.713562,1
189992,861,-7.16761,1
190002,864,-6.745979,1
190012,856,-7.870308,1
190022,858,-7.589226,1
190032,854,-8.15139,1
190042,860,-7.308151,1
190052,864,-6.745979,1
190062,855,-8.010849,1
190072,853,-8.291939,1
190082,851,-8.573021,1
190092,867,-6.324356,1
190102,867,-6.324356,1
190112,858,-7.589226,1
190122,849,-8.854103,1
190132,859,-7.448692,1
190142,860,-7.308151,1
190152,859,-7.448692,1
190162,850,-8.713562,1
190172,850,-8.713562,1
190182,854,-8.15139,1
190192,863,-6.88652,1
190202,861,-7.16761,1
190212,852,-8.43248,1
190222,856,-7.870308,1
190232,851,-8.573021,1
190242,870,-5.90274,1
190252,860,-7.308151,1
190262,854,-8.15139,1
190272,855,-8.010849,1
190282,851,-8.573021,1
190292,858,-7.589226,1
190302,865,-6.605438,1
190312,856,-7.870308,1
190322,854,-8.15139,1
190332,851,-8.573021,1
190342,859,-7.448692,1
190352,859,-7.448692,1
190362,860,-7.308151,1
190372,858,-7.589226,1
190382,859,-7.448692,1
190392,868,-6.183815,1
190402,863,-6.88652,1
190412,860,-7.308151,1
190422,861,-7.16761,1
190432,846,-9.275719,1
190442,859,-7.448692,1
190452,863,-6.88652,1
190462,856,-7.870308,1
190472,849,-8.854103,1
190482,847,-9.135193,1
190492,854,-8.15139,1
190502,868,-6.183815,1
190512,852,-8.43248,1
190522,855,-8.010849,1
190532,861,-7.16761,1
190542,857,-7.729782,1
190552,856,-7.870308,1
190562,868,-6.183815,1
190572,855,-8.010849,1
190582,852,-8.43248,1
190592,858,-7.589226,1
190602,863,-6.88652,1
190612,854,-8.15139,1
190622,851,-8.573021,1
190632,855,-8.010849,1
190642,855,-8.010849,1
190652,868,-6.183815,1
190662,858,-7.589226,1
190672,861,-7.16761,1
190682,856,-7.870308,1
190692,859,-7.448692,1
190702,856,-7.870308,1
190712,855,-8.010849,1
190722,846,-9.275719,1
190732,848,-8.994652,1
190742,860,-7.308151,1
190752,869,-6.043274,1
190762,849,-8.854103,1
190772,858,-7.589226,1
190782,857,-7.729782,1
190792,855,-8.010849,1
190802,863,-6.88652,1
190812,857,-7.729782,1
190822,855,-8.010849,1
190832,859,-7.448692,1
190842,860,-7.308151,1
190852,870,-5.90274,1
190862,869,-6.043274,1
190872,858,-7.589226,1
190882,848,-8.994652,1
190892,853,-8.291939,1
190902,865,-6.605438,1
190912,861,-7.16761,1
190922,855,-8.010849,1
190932,857,-7.729782,1
190942,859,-7.448692,1
190952,869,-6.043274,1
190962,857,-7.729782,1
190972,857,-7.729782,1
190982,848,-8.994652,1
190992,856,-7.870308,1
191002,866,-6.464897,1
191012,852,-8.43248,1
191022,858,-7.589226,1
191032,858,-7.589226,1
191042,859,-7.448692,1
191052,863,-6.88652,1
191062,854,-8.15139,1
191072,858,-7.589226,1
191082,852,-8.43248,1
191092,861,-7.16761,1
191102,862,-7.027069,1
191112,858,-7.589226,1
191122,853,-8.291939,1
191132,853,-8.291939,1
191142,853,-8.291939,1
191152,867,-6.324356,1
191162,858,-7.589226,1
191172,858,-7.589226,1
191182,855,-8.010849,1
191192,854,-8.15139,1
191202,862,-7.027069,1
191212,856,-7.870308,1
191222,854,-8.15139,1
191232,852,-8.43248,1
191242,855,-8.010849,1
191252,865,-6.605438,1
191262,864,-6.745979,1
191272,861,-7.16761,1
191282,851,-8.573021,1
191292,863,-6.88652,1
191302,865,-6.605438,1
191312,857,-7.729782,1
191322,855,-8.010849,1
191332,856,-7.870308,1
191342,857,-7.729782,1
191352,862,-7.027069,1
191362,858,-7.589226,1
191372,855,-8.010849,1
191382,853,-8.291939,1
191392,854,-8.15139,1
191402,863,-6.88652,1
191412,859,-7.448692,1
191422,861,-7.16761,1
191432,850,-8.713562,1
191442,857,-7.729782,1
191452,869,-6.043274,1
191462,863,-6.88652,1
191472,862,-7.027069,1
191482,849,-8.854103,1
191492,861,-7.16761,1
191502,860,-7.308151,1
191512,862,-7.027069,1
191522,865,-6.605438,1
191532,858,-7.589226,1
191542,851,-8.573021,1
191552,854,-8.15139,1
191562,855,-8.010849,1
191572,848,-8.994652,1
191582,850,-8.713562,1
191592,850,-8.713562,1
191602,861,-7.16761,1
191612,858,-7.589226,1
191622,862,-7.027069,1
191632,863,-6.88652,1
191642,855,-8.010849,1
191652,855,-8.010849,1
191662,859,-7.448692,1
191672,857,-7.729782,1
191682,849,-8.854103,1
191692,846,-9.275719,1
191702,851,-8.573021,1
191712,859,-7.448692,1
191722,851,-8.573021,1
191732,852,-8.43248,1
191742,845,-9.41626,1
191752,854,-8.15139,1
191762,859,-7.448692,1
191772,861,-7.16761,1
191782,854,-8.15139,1
191792,856,-7.870308,1
191802,859,-7.448692,1
191812,870,-5.90274,1
191822,859,-7.448692,1
191832,853,-8.291939,1
191842,855,-8.010849,1
191852,856,-7.870308,1
191862,863,-6.88652,1
191872,861,-7.16761,1
191882,855,-8.010849,1
191892,849,-8.854103,1
191902,856,-7.870308,1
191912,856,-7.870308,1
191922,865,-6.605438,1
191932,853,-8.291939,1
191942,851,-8.573021,1
191952,855,-8.010849,1
191962,862,-7.027069,1
191972,862,-7.027069,1
191982,852,-8.43248,1
191992,851,-8.573021,1
192002,855,-8.010849,1
192012,861,-7.16761,1
192022,857,-7.729782,1
192032,855,-8.010849,1
192042,860,-7.308151,1
192052,858,-7.589226,1
192062,865,-6.605438,1
192072,856,-7.870308,1
192082,857,-7.729782,1
192092,855,-8.010849,1
192102,850,-8.713562,1
192112,856,-7.870308,1
192122,859,-7.448692,1
192132,856,-7.870308,1
192142,859,-7.448692,1
192152,856,-7.870308,1
192162,864,-6.745979,1
192172,861,-7.16761,1
192182,854,-8.15139,1
192192,857,-7.729782,1
192202,849,-8.854103,1
192212,860,-7.308151,1
192222,854,-8.15139,1
192232,848,-8.994652,1
192242,853,-8.291939,1
192252,851,-8.573021,1
192262,863,-6.88652,1
192272,863,-6.88652,1
192282,848,-8.994652,1
192292,855,-8.010849,1
192302,859,-7.448692,1
192312,854,-8.15139,1
192322,860,-7.308151,1
192332,861,-7.16761,1
192342,853,-8.291939,1
192352,855,-8.010849,1
192362,863,-6.88652,1
192372,860,-7.308151,1
192382,852,-8.43248,1
192392,852,-8.43248,1
192402,852,-8.43248,1
192412,860,-7.308151,1
192422,864,-6.745979,1
192432,858,-7.589226,1
192442,855,-8.010849,1
192452,856,-7.870308,1
192462,861,-7.16761,1
192472,867,-6.324356,1
192482,853,-8.291939,1
192492,854,-8.15139,1
192502,856,-7.870308,1
192512,856,-7.870308,1
192522,856,-7.870308,1
192532,858,-7.589226,1
192542,852,-8.43248,1
192552,849,-8.854103,1
192562,860,-7.308151,1
192572,856,-7.870308,1
192582,863,-6.88652,1
192592,854,-8.15139,1
192602,849,-8.854103,1
192612,859,-7.448692,1
192622,858,-7.589226,1
192632,863,-6.88652,1
192642,849,-8.854103,1
192652,853,-8.291939,1
192662,857,-7.729782,1
192672,865,-6.605438,1
192682,854,-8.15139,1
192692,853,-8.291939,1
192702,853,-8.291939,1
192712,858,-7.589226,1
192722,853,-8.291939,1
192732,849,-8.854103,1
192742,854,-8.15139,1
192752,850,-8.713562,1
192762,854,-8.15139,1
192772,864,-6.745979,1
192782,860,-7.308151,1
192792,850,-8.713562,1
192802,854,-8.15139,1
192812,859,-7.448692,1
192822,859,-7.448692,1
192832,859,-7.448692,1
192842,847,-9.135193,1
192852,859,-7.448692,1
192862,856,-7.870308,1
192872,858,-7.589226,1
192882,861,-7.16761,1
192892,850,-8.713562,1
192902,857,-7.729782,1
192912,849,-8.854103,1
192922,864,-6.745979,1
192932,858,-7.589226,1
192942,853,-8.291939,1
192952,862,-7.027069,1
192962,851,-8.573021,1
192972,860,-7.308151,1
192982,858,-7.589226,1
192992,856,-7.870308,1
193002,850,-8.713562,1
193012,856,-7.870308,1
193022,865,-6.605438,1
193032,855,-8.010849,1
193042,852,-8.43248,1
193052,851,-8.573021,1
193062,853,-8.291939,1
193072,863,-6.88652,1
193082,860,-7.308151,1
193092,856,-7.870308,1
193102,849,-8.854103,1
193112,854,-8.15139,1
193122,863,-6.88652,1
193132,853,-8.291939,1
193142,859,-7.448692,1
193152,856,-7.870308,1
193162,849,-8.854103,1
193172,860,-7.308151,1
193182,855,-8.010849,1
193192,855,-8.010849,1
193202,855,-8.010849,1
193212,857,-7.729782,1
193222,865,-6.605438,1
193232,855,-8.010849,1
193242,853,-8.291939,1
193252,852,-8.43248,1
193262,848,-8.994652,1
193272,859,-7.448692,1
193282,859,-7.448692,1
193292,855,-8.010849,1
193302,852,-8.43248,1
193312,857,-7.729782,1
193322,864,-6.745979,1
193332,865,-6.605438,1
193342,850,-8.713562,1
193352,853,-8.291939,1
193362,851,-8.573021,1
193372,866,-6.464897,1
193382,864,-6.745979,1
193392,855,-8.010849,1
193402,848,-8.994652,1
193412,853,-8.291939,1
193422,867,-6.324356,1
193432,862,-7.027069,1
193442,863,-6.88652,1
193452,848,-8.994652,1
193462,849,-8.854103,1
193472,866,-6.464897,1
193482,857,-7.729782,1
193492,863,-6.88652,1
193502,852,-8.43248,1
193512,845,-9.41626,1
193522,865,-6.605438,1
193532,856,-7.870308,1
193542,858,-7.589226,1
193552,859,-7.448692,1
193562,849,-8.854103,1
193572,868,-6.183815,1
193582,856,-7.870308,1
193592,861,-7.16761,1
193602,856,-7.870308,1
193612,851,-8.573021,1
193622,867,-6.324356,1
193632,867,-6.324356,1
193642,857,-7.729782,1
193652,851,-8.573021,1
193662,854,-8.15139,1
193672,868,-6.183815,1
193682,858,-7.589226,1
193692,858,-7.589226,1
193702,855,-8.010849,1
193712,847,-9.135193,1
193722,867,-6.324356,1
193732,853,-8.291939,1
193742,846,-9.275719,1
193752,849,-8.854103,1
193762,849,-8.854103,1
193772,867,-6.324356,1
193782,861,-7.16761,1
193792,856,-7.870308,1
193802,859,-7.448692,1
193812,848,-8.994652,1
193822,865,-6.605438,1
193832,864,-6.745979,1
193842,859,-7.448692,1
193852,854,-8.15139,1
193862,859,-7.448692,1
193872,861,-7.16761,1
193882,858,-7.589226,1
193892,854,-8.15139,1
193902,859,-7.448692,1
193912,853,-8.291939,1
193922,865,-6.605438,1
193932,859,-7.448692,1
193942,861,-7.16761,1
193952,855,-8.010849,1
193962,847,-9.135193,1
193972,854,-8.15139,1
193982,858,-7.589226,1
193992,858,-7.589226,1
194002,850,-8.713562,1
194012,851,-8.573021,1
194022,868,-6.183815,1
194032,865,-6.605438,1
194042,860,-7.308151,1
194052,857,-7.729782,1
194062,845,-9.41626,1
194072,860,-7.308151,1
194082,862,-7.027069,1
194092,859,-7.448692,1
194102,853,-8.291939,1
194112,850,-8.713562,1
194122,859,-7.448692,1
194132,867,-6.324356,1
194142,858,-7.589226,1
194152,854,-8.15139,1
194162,855,-8.010849,1
194172,861,-7.16761,1
194182,860,-7.308151,1
194192,852,-8.43248,1
194202,851,-8.573021,1
194212,857,-7.729782,1
194222,853,-8.291939,1
194232,865,-6.605438,1
194242,857,-7.729782,1
194252,854,-8.15139,1
194262,858,-7.589226,1
194272,863,-6.88652,1
194282,858,-7.589226,1
194292,863,-6.88652,1
194302,858,-7.589226,1
194312,856,-7.870308,1
194322,862,-7.027069,1
194332,869,-6.043274,1
194342,851,-8.573021,1
194352,849,-8.854103,1
194362,850,-8.713562,1
194372,863,-6.88652,1
194382,865,-6.605438,1
194392,854,-8.15139,1
194402,854,-8.15139,1
194412,848,-8.994652,1
194422,856,-7.870308,1
194432,858,-7.589226,1
194442,859,-7.448692,1
194452,862,-7.027069,1
194462,851,-8.573021,1
194472,851,-8.573021,1
194482,859,-7.448692,1
194492,852,-8.43248,1
194502,854,-8.15139,1
194512,851,-8.573021,1
194522,861,-7.16761,1
194532,860,-7.308151,1
194542,851,-8.573021,1
194552,851,-8.573021,1
194562,858,-7.589226,1
194572,858,-7.589226,1
194582,866,-6.464897,1
194592,864,-6.745979,1
194602,864,-6.745979,1
194612,853,-8.291939,1
194622,856,-7.870308,1
194632,868,-6.183815,1
194642,860,-7.308151,1
194652,865,-6.605438,1
194662,851,-8.573021,1
194672,863,-6.88652,1
194682,857,-7.729782,1
194692,859,-7.448692,1
194702,861,-7.16761,1
194712,857,-7.729782,1
194722,849,-8.854103,1
194732,860,-7.308151,1
194742,864,-6.745979,1
194752,858,-7.589226,1
194762,853,-8.291939,1
194772,855,-8.010849,1
194782,864,-6.745979,1
194792,864,-6.745979,1
194802,856,-7.870308,1
194812,862,-7.027069,1
194822,860,-7.308151,1
194832,867,-6.324356,1
194842,855,-8.010849,1
194852,848,-8.994652,1
194862,847,-9.135193,1
194872,858,-7.589226,1
194882,869,-6.043274,1
194892,858,-7.589226,1
194902,855,-8.010849,1
194912,849,-8.854103,1
194922,857,-7.729782,1
194932,862,-7.027069,1
194942,855,-8.010849,1
194952,848,-8.994652,1
194962,850,-8.713562,1
194972,861,-7.16761,1
194982,869,-6.043274,1
194992,850,-8.713562,1
195002,861,-7.16761,1
195012,855,-8.010849,1
195022,861,-7.16761,1
195032,861,-7.16761,1
195042,862,-7.027069,1
195052,852,-8.43248,1
195062,862,-7.027069,1
195072,861,-7.16761,1
195082,864,-6.745979,1
195092,852,-8.43248,1
195102,855,-8.010849,1
195112,851,-8.573021,1
195122,859,-7.448692,1
195132,871,-5.762199,1
195142,857,-7.729782,1
195152,856,-7.870308,1
195162,851,-8.573021,1
195172,859,-7.448692,1
195182,869,-6.043274,1
195192,863,-6.88652,1
195202,851,-8.573021,1
195212,847,-9.135193,1
195222,855,-8.010849,1
195232,862,-7.027069,1
195242,856,-7.870308,1
195252,863,-6.88652,1
195262,853,-8.291939,1
195272,856,-7.870308,1
195282,866,-6.464897,1
195292,858,-7.589226,1
195302,859,-7.448692,1
195312,861,-7.16761,1
195322,853,-8.291939,1
195332,857,-7.729782,1
195342,856,-7.870308,1
195352,857,-7.729782,1
195362,854,-8.15139,1
195372,854,-8.15139,1
195382,864,-6.745979,1
195392,861,-7.16761,1
195402,860,-7.308151,1
195412,852,-8.43248,1
195422,856,-7.870308,1
195432,863,-6.88652,1
195442,863,-6.88652,1
195452,856,-7.870308,1
195462,856,-7.870308,1
195472,858,-7.589226,1
195482,864,-6.745979,1
195492,865,-6.605438,1
195502,858,-7.589226,1
195512,854,-8.15139,1
195522,863,-6.88652,1
195532,862,-7.027069,1
195542,862,-7.027069,1
195552,853,-8.291939,1
195562,851,-8.573021,1
195572,851,-8.573021,1
195582,868,-6.183815,1
195592,857,-7.729782,1
195602,860,-7.308151,1
195612,852,-8.43248,1
195622,860,-7.308151,1
195632,872,-5.621643,1
195642,863,-6.88652,1
195652,865,-6.605438,1
195662,851,-8.573021,1
195672,849,-8.854103,1
195682,864,-6.745979,1
195692,862,-7.027069,1
195702,860,-7.308151,1
195712,852,-8.43248,1
195722,864,-6.745979,1
195732,858,-7.589226,1
195742,867,-6.324356,1
195752,858,-7.589226,1
195762,854,-8.15139,1
195772,860,-7.308151,1
195782,864,-6.745979,1
195792,862,-7.027069,1
195802,860,-7.308151,1
195812,854,-8.15139,1
195822,854,-8.15139,1
195832,859,-7.448692,1
195842,866,-6.464897,1
195852,860,-7.308151,1
195862,862,-7.027069,1
195872,860,-7.308151,1
195882,860,-7.308151,1
195892,861,-7.16761,1
195902,860,-7.308151,1
195912,857,-7.729782,1
195922,858,-7.589226,1
195932,856,-7.870308,1
195942,861,-7.16761,1
195952,860,-7.308151,1
195962,852,-8.43248,1
195972,855,-8.010849,1
195982,856,-7.870308,1
195992,853,-8.291939,1
196002,864,-6.745979,1
196012,855,-8.010849,1
196022,860,-7.308151,1
196032,856,-7.870308,1
196042,854,-8.15139,1
196052,859,-7.448692,1
196062,850,-8.713562,1
196072,849,-8.854103,1
196082,862,-7.027069,1
196092,859,-7.448692,1
196102,852,-8.43248,1
196112,853,-8.291939,1
196122,857,-7.729782,1
196132,861,-7.16761,1
196142,865,-6.605438,1
196152,861,-7.16761,1
196162,852,-8.43248,1
196172,857,-7.729782,1
196182,859,-7.448692,1
196192,865,-6.605438,1
196202,861,-7.16761,1
196212,850,-8.713562,1
196222,859,-7.448692,1
196232,857,-7.729782,1
196242,865,-6.605438,1
196252,859,-7.448692,1
196262,857,-7.729782,1
196272,856,-7.870308,1
196282,853,-8.291939,1
196292,870,-5.90274,1
196302,852,-8.43248,1
196312,863,-6.88652,1
196322,851,-8.573021,1
196332,856,-7.870308,1
196342,865,-6.605438,1
196352,850,-8.713562,1
196362,857,-7.729782,1
196372,859,-7.448692,1
196382,859,-7.448692,1
196392,866,-6.464897,1
196402,865,-6.605438,1
196412,855,-8.010849,1
196422,849,-8.854103,1
196432,853,-8.291939,1
196442,858,-7.589226,1
196452,860,-7.308151,1
196462,857,-7.729782,1
196472,852,-8.43248,1
196482,855,-8.010849,1
196492,861,-7.16761,1
196502,855,-8.010849,1
196512,858,-7.589226,1
196522,856,-7.870308,1
196532,848,-8.994652,1
196542,869,-6.043274,1
196552,860,-7.308151,1
196562,854,-8.15139,1
196572,859,-7.448692,1
196582,859,-7.448692,1
196592,871,-5.762199,1
196602,855,-8.010849,1
196612,862,-7.027069,1
196622,848,-8.994652,1
196632,853,-8.291939,1
196642,866,-6.464897,1
196652,852,-8.43248,1
196662,855,-8.010849,1
196672,852,-8.43248,1
196682,850,-8.713562,1
196692,863,-6.88652,1
196702,851,-8.573021,1
196712,854,-8.15139,1
196722,846,-9.275719,1
196732,847,-9.135193,1
196742,859,-7.448692,1
196752,857,-7.729782,1
196762,850,-8.713562,1
196772,857,-7.729782,1
196782,852,-8.43248,1
196792,866,-6.464897,1
196802,855,-8.010849,1
196812,856,-7.870308,1
196822,855,-8.010849,1
196832,856,-7.870308,1
196842,867,-6.324356,1
196852,865,-6.605438,1
196862,854,-8.15139,1
196872,851,-8.573021,1
196882,847,-9.135193,1
196892,867,-6.324356,1
196902,853,-8.291939,1
196912,856,-7.870308,1
196922,855,-8.010849,1
196932,847,-9.135193,1
196942,866,-6.464897,1
196952,860,-7.308151,1
196962,857,-7.729782,1
196972,861,-7.16761,1
196982,855,-8.010849,1
196992,874,-5.340569,1
197002,860,-7.308151,1
197012,850,-8.713562,1
197022,848,-8.994652,1
197032,847,-9.135193,1
197042,868,-6.183815,1
197052,854,-8.15139,1
197062,853,-8.291939,1
197072,852,-8.43248,1
197082,855,-8.010849,1
197092,867,-6.324356,1
197102,854,-8.15139,1
197112,859,-7.448692,1
197122,837,-10.5406,1
197132,851,-8.573021,1
197142,866,-6.464897,1
197152,863,-6.88652,1
197162,849,-8.854103,1
197172,858,-7.589226,1
197182,848,-8.994652,1
197192,859,-7.448692,1
197202,857,-7.729782,1
197212,858,-7.589226,1
197222,850,-8.713562,1
197232,848,-8.994652,1
197242,865,-6.605438,1
197252,859,-7.448692,1
197262,853,-8.291939,1
197272,857,-7.729782,1
197282,851,-8.573021,1
197292,871,-5.762199,1
197302,859,-7.448692,1
197312,855,-8.010849,1
197322,850,-8.713562,1
197332,846,-9.275719,1
197342,864,-6.745979,1
197352,862,-7.027069,1
197362,858,-7.589226,1
197372,847,-9.135193,1
197382,855,-8.010849,1
197392,863,-6.88652,1
197402,861,-7.16761,1
197412,859,-7.448692,1
197422,853,-8.291939,1
197432,852,-8.43248,1
197442,860,-7.308151,1
197452,857,-7.729782,1
197462,858,-7.589226,1
197472,851,-8.573021,1
197482,852,-8.43248,1
197492,866,-6.464897,1
197502,868,-6.183815,1
197512,852,-8.43248,1
197522,856,-7.870308,1
197532,851,-8.573021,1
197542,863,-6.88652,1
197552,859,-7.448692,1
197562,861,-7.16761,1
197572,851,-8.573021,1
197582,842,-9.837891,1
197592,863,-6.88652,1
197602,864,-6.745979,1
197612,858,-7.589226,1
197622,851,-8.573021,1
197632,857,-7.729782,1
197642,867,-6.324356,1
197652,865,-6.605438,1
197662,858,-7.589226,1
197672,850,-8.713562,1
197682,850,-8.713562,1
197692,859,-7.448692,1
197702,862,-7.027069,1
197712,859,-7.448692,1
197722,855,-8.010849,1
197732,844,-9.556816,1
197742,869,-6.043274,1
197752,862,-7.027069,1
197762,860,-7.308151,1
197772,854,-8.15139,1
197782,845,-9.41626,1
197792,864,-6.745979,1
197802,862,-7.027069,1
197812,858,-7.589226,1
197822,853,-8.291939,1
197832,847,-9.135193,1
197842,868,-6.183815,1
197852,858,-7.589226,1
197862,864,-6.745979,1
197872,859,-7.448692,1
197882,848,-8.994652,1
197892,855,-8.010849,1
197902,863,-6.88652,1
197912,852,-8.43248,1
197922,852,-8.43248,1
197932,846,-9.275719,1
197942,864,-6.745979,1
197952,860,-7.308151,1
197962,856,-7.870308,1
197972,861,-7.16761,1
197982,852,-8.43248,1
197992,859,-7.448692,1
198002,855,-8.010849,1
198012,857,-7.729782,1
198022,853,-8.291939,1
198032,849,-8.854103,1
198042,857,-7.729782,1
198052,864,-6.745979,1
198062,858,-7.589226,1
198072,856,-7.870308,1
198082,846,-9.275719,1
198092,850,-8.713562,1
198102,855,-8.010849,1
198112,855,-8.010849,1
198122,851,-8.573021,1
198132,856,-7.870308,1
198142,854,-8.15139,1
198152,869,-6.043274,1
198162,853,-8.291939,1
198172,848,-8.994652,1
198182,847,-9.135193,1
198192,851,-8.573021,1
198202,857,-7.729782,1
198212,858,-7.589226,1
198222,851,-8.573021,1
198232,855,-8.010849,1
198242,865,-6.605438,1
198252,857,-7.729782,1
198262,856,-7.870308,1
198272,862,-7.027069,1
198282,849,-8.854103,1
198292,858,-7.589226,1
198302,861,-7.16761,1
198312,861,-7.16761,1
198322,853,-8.291939,1
198332,853,-8.291939,1
198342,859,-7.448692,1
198352,862,-7.027069,1
198362,851,-8.573021,1
198372,858,-7.589226,1
198382,852,-8.43248,1
198392,856,-7.870308,1
198402,858,-7.589226,1
198412,860,-7.308151,1
198422,860,-7.308151,1
198432,852,-8.43248,1
198442,855,-8.010849,1
198452,864,-6.745979,1
198462,857,-7.729782,1
198472,860,-7.308151,1
198482,857,-7.729782,1
198492,866,-6.464897,1
198502,864,-6.745979,1
198512,861,-7.16761,1
198522,851,-8.573021,1
198532,850,-8.713562,1
198542,854,-8.15139,1
198552,862,-7.027069,1
198562,860,-7.308151,1
198572,850,-8.713562,1
198582,852,-8.43248,1
198592,857,-7.729782,1
198602,869,-6.043274,1
198612,856,-7.870308,1
198622,853,-8.291939,1
198632,855,-8.010849,1
198642,863,-6.88652,1
198652,867,-6.324356,1
198662,858,-7.589226,1
198672,857,-7.729782,1
198682,853,-8.291939,1
198692,853,-8.291939,1
198702,860,-7.308151,1
198712,858,-7.589226,1
198722,858,-7.589226,1
198732,842,-9.837891,1
198742,855,-8.010849,1
198752,867,-6.324356,1
198762,860,-7.308151,1
198772,857,-7.729782,1
198782,855,-8.010849,1
198792,854,-8.15139,1
198802,867,-6.324356,1
198812,861,-7.16761,1
198822,860,-7.308151,1
198832,856,-7.870308,1
198842,853,-8.291939,1
198852,864,-6.745979,1
198862,862,-7.027069,1
198872,858,-7.589226,1
198882,859,-7.448692,1
198892,855,-8.010849,1
198902,864,-6.745979,1
198912,861,-7.16761,1
198922,856,-7.870308,1
198932,857,-7.729782,1
198942,856,-7.870308,1
198952,863,-6.88652,1
198962,852,-8.43248,1
198972,861,-7.16761,1
198982,852,-8.43248,1
198992,853,-8.291939,1
199002,857,-7.729782,1
199012,859,-7.448692,1
199022,853,-8.291939,1
199032,856,-7.870308,1
199042,858,-7.589226,1
199052,865,-6.605438,1
199062,861,-7.16761,1
199072,852,-8.43248,1
199082,848,-8.994652,1
199092,854,-8.15139,1
199102,857,-7.729782,1
199112,867,-6.324356,1
199122,852,-8.43248,1
199132,857,-7.729782,1
199142,852,-8.43248,1
199152,868,-6.183815,1
199162,856,-7.870308,1
199172,855,-8.010849,1
199182,858,-7.589226,1
199192,859,-7.448692,1
199202,862,-7.027069,1
199212,860,-7.308151,1
199222,856,-7.870308,1
199232,849,-8.854103,1
199242,863,-6.88652,1
199252,866,-6.464897,1
199262,857,-7.729782,1
199272,862,-7.027069,1
199282,849,-8.854103,1
199292,852,-8.43248,1
199302,863,-6.88652,1
199312,856,-7.870308,1
199322,865,-6.605438,1
199332,856,-7.870308,1
199342,855,-8.010849,1
199352,858,-7.589226,1
199362,860,-7.308151,1
199372,851,-8.573021,1
199382,856,-7.870308,1
199392,847,-9.135193,1
199402,864,-6.745979,1
199412,858,-7.589226,1
199422,857,-7.729782,1
199432,858,-7.589226,1
199442,848,-8.994652,1
199452,859,-7.448692,1
199462,853,-8.291939,1
199472,855,-8.010849,1
199482,847,-9.135193,1
199492,853,-8.291939,1
199502,866,-6.464897,1
199512,861,-7.16761,1
199522,850,-8.713562,1
199532,845,-9.41626,1
199542,862,-7.027069,1
199552,863,-6.88652,1
199562,854,-8.15139,1
199572,861,-7.16761,1
199582,852,-8.43248,1
199592,858,-7.589226,1
199602,859,-7.448692,1
199612,855,-8.010849,1
199622,853,-8.291939,1
199632,852,-8.43248,1
199642,856,-7.870308,1
199652,865,-6.605438,1
199662,859,-7.448692,1
199672,858,-7.589226,1
199682,846,-9.275719,1
199692,856,-7.870308,1
199702,870,-5.90274,1
199712,854,-8.15139,1
199722,861,-7.16761,1
199732,852,-8.43248,1
199742,849,-8.854103,1
199752,861,-7.16761,1
199762,860,-7.308151,1
199772,858,-7.589226,1
199782,854,-8.15139,1
199792,846,-9.275719,1
199802,862,-7.027069,1
199812,859,-7.448692,1
199822,860,-7.308151,1
199832,858,-7.589226,1
199842,860,-7.308151,1
199852,862,-7.027069,1
199862,863,-6.88652,1
199872,861,-7.16761,1
199882,853,-8.291939,1
199892,856,-7.870308,1
199902,853,-8.291939,1
199912,865,-6.605438,1
199922,860,-7.308151,1
199932,866,-6.464897,1
199942,855,-8.010849,1
199952,863,-6.88652,1
199962,856,-7.870308,1
199972,863,-6.88652,1
199982,854,-8.15139,1
199992,861,-7.16761,1
200002,867,-6.324356,1
200012,857,-7.729782,1
200022,857,-7.729782,1
200032,853,-8.291939,1
200042,863,-6.88652,1
200052,859,-7.448692,1
200062,854,-8.15139,1
200072,861,-7.16761,1
200082,847,-9.135193,1
200092,863,-6.88652,1
200102,855,-8.010849,1
200112,859,-7.448692,1
200122,852,-8.43248,1
200132,844,-9.556816,1
200142,853,-8.291939,1
200152,860,-7.308151,1
200162,866,-6.464897,1
200172,851,-8.573021,1
200182,856,-7.870308,1
200192,851,-8.573021,1
200202,849,-8.854103,1
200212,850,-8.713562,1
200222,853,-8.291939,1
200232,852,-8.43248,1
200242,856,-7.870308,1
200252,858,-7.589226,1
200262,867,-6.324356,1
200272,862,-7.027069,1
200282,853,-8.291939,1
200292,857,-7.729782,1
200302,859,-7.448692,1
200312,862,-7.027069,1
200322,862,-7.027069,1
200332,856,-7.870308,1
200342,855,-8.010849,1
200352,849,-8.854103,1
200362,860,-7.308151,1
200372,859,-7.448692,1
200382,852,-8.43248,1
200392,856,-7.870308,1
200402,860,-7.308151,1
200412,865,-6.605438,1
200422,860,-7.308151,1
200432,853,-8.291939,1
200442,859,-7.448692,1
200452,859,-7.448692,1
200462,861,-7.16761,1
200472,863,-6.88652,1
200482,855,-8.010849,1
200492,858,-7.589226,1
200502,858,-7.589226,1
200512,862,-7.027069,1
200522,857,-7.729782,1
200532,850,-8.713562,1
200542,854,-8.15139,1
200552,855,-8.010849,1
200562,865,-6.605438,1
200572,854,-8.15139,1
200582,857,-7.729782,1
200592,858,-7.589226,1
200602,851,-8.573021,1
200612,869,-6.043274,1
200622,848,-8.994652,1
200632,861,-7.16761,1
200642,859,-7.448692,1
200652,861,-7.16761,1
200662,864,-6.745979,1
200672,855,-8.010849,1
200682,861,-7.16761,1
200692,849,-8.854103,1
200702,854,-8.15139,1
200712,861,-7.16761,1
200722,863,-6.88652,1
200732,849,-8.854103,1
200742,857,-7.729782,1
200752,851,-8.573021,1
200762,860,-7.308151,1
200772,858,-7.589226,1
200782,850,-8.713562,1
200792,856,-7.870308,1
200802,852,-8.43248,1
200812,862,-7.027069,1
200822,856,-7.870308,1
200832,855,-8.010849,1
200842,852,-8.43248,1
200852,854,-8.15139,1
200862,863,-6.88652,1
200872,853,-8.291939,1
200882,855,-8.010849,1
200892,852,-8.43248,1
200902,862,-7.027069,1
200912,865,-6.605438,1
200922,861,-7.16761,1
200932,860,-7.308151,1
200942,850,-8.713562,1
200952,853,-8.291939,1
200962,852,-8.43248,1
200972,856,-7.870308,1
200982,850,-8.713562,1
200992,846,-9.275719,1
201002,854,-8.15139,1
201012,862,-7.027069,1
201022,860,-7.308151,1
201032,850,-8.713562,1
201042,852,-8.43248,1
201052,851,-8.573021,1
201062,869,-6.043274,1
201072,860,-7.308151,1
201082,859,-7.448692,1
201092,853,-8.291939,1
201102,849,-8.854103,1
201112,867,-6.324356,1
201122,852,-8.43248,1
201132,853,-8.291939,1
201142,846,-9.275719,1
201152,845,-9.41626,1
201162,865,-6.605438,1
201172,853,-8.291939,1
201182,856,-7.870308,1
201192,855,-8.010849,1
201202,853,-8.291939,1
201212,858,-7.589226,1
201222,859,-7.448692,1
201232,859,-7.448692,1
201242,852,-8.43248,1
201252,849,-8.854103,1
201262,866,-6.464897,1
201272,859,-7.448692,1
201282,850,-8.713562,1
201292,853,-8.291939,1
201302,853,-8.291939,1
201312,859,-7.448692,1
201322,855,-8.010849,1
201332,857,-7.729782,1
201342,853,-8.291939,1
201352,853,-8.291939,1
201362,869,-6.043274,1
201372,852,-8.43248,1
201382,849,-8.854103,1
201392,844,-9.556816,1
201402,854,-8.15139,1
201412,860,-7.308151,1
201422,859,-7.448692,1
201432,858,-7.589226,1
201442,852,-8.43248,1
201452,852,-8.43248,1
201462,867,-6.324356,1
201472,856,-7.870308,1
201482,849,-8.854103,1
201492,854,-8.15139,1
201502,853,-8.291939,1
201512,866,-6.464897,1
201522,859,-7.448692,1
201532,858,-7.589226,1
201542,853,-8.291939,1
201552,852,-8.43248,1
201562,863,-6.88652,1
201572,861,-7.16761,1
201582,864,-6.745979,1
201592,852,-8.43248,1
201602,851,-8.573021,1
201612,866,-6.464897,1
201622,858,-7.589226,1
201632,857,-7.729782,1
201642,853,-8.291939,1
201652,856,-7.870308,1
201662,864,-6.745979,1
201672,859,-7.448692,1
201682,856,-7.870308,1
201692,856,-7.870308,1
201702,855,-8.010849,1
201712,860,-7.308151,1
201722,858,-7.589226,1
201732,849,-8.854103,1
201742,857,-7.729782,1
201752,845,-9.41626,1
201762,860,-7.308151,1
201772,851,-8.573021,1
201782,860,-7.308151,1
201792,849,-8.854103,1
201802,849,-8.854103,1
201812,868,-6.183815,1
201822,857,-7.729782,1
201832,857,-7.729782,1
201842,849,-8.854103,1
201852,843,-9.69735,1
201862,872,-5.621643,1
201872,864,-6.745979,1
201882,858,-7.589226,1
201892,857,-7.729782,1
201902,853,-8.291939,1
201912,868,-6.183815,1
201922,856,-7.870308,1
201932,853,-8.291939,1
201942,849,-8.854103,1
201952,848,-8.994652,1
201962,863,-6.88652,1
201972,859,-7.448692,1
201982,859,-7.448692,1
201992,851,-8.573021,1
202002,854,-8.15139,1
202012,863,-6.88652,1
202022,862,-7.027069,1
202032,849,-8.854103,1
202042,856,-7.870308,1
202052,845,-9.41626,1
202062,865,-6.605438,1
202072,861,-7.16761,1
202082,860,-7.308151,1
202092,852,-8.43248,1
202102,851,-8.573021,1
202112,860,-7.308151,1
202122,860,-7.308151,1
202132,861,-7.16761,1
202142,850,-8.713562,1
202152,855,-8.010849,1
202162,864,-6.745979,1
202172,857,-7.729782,1
202182,855,-8.010849,1
202192,855,-8.010849,1
202202,856,-7.870308,1
202212,866,-6.464897,1
202222,862,-7.027069,1
202232,854,-8.15139,1
202242,851,-8.573021,1
202252,855,-8.010849,1
202262,863,-6.88652,1
202272,862,-7.027069,1
202282,858,-7.589226,1
202292,850,-8.713562,1
202302,855,-8.010849,1
202312,863,-6.88652,1
202322,865,-6.605438,1
202332,859,-7.448692,1
202342,855,-8.010849,1
202352,853,-8.291939,1
202362,863,-6.88652,1
202372,856,-7.870308,1
202382,858,-7.589226,1
202392,861,-7.16761,1
202402,854,-8.15139,1
202412,867,-6.324356,1
202422,860,-7.308151,1
202432,860,-7.308151,1
202442,853,-8.291939,1
202452,859,-7.448692,1
202462,869,-6.043274,1
202472,864,-6.745979,1
202482,857,-7.729782,1
202492,858,-7.589226,1
202502,848,-8.994652,1
202512,865,-6.605438,1
202522,861,-7.16761,1
202532,855,-8.010849,1
202542,850,-8.713562,1
202552,849,-8.854103,1
202562,862,-7.027069,1
202572,858,-7.589226,1
202582,850,-8.713562,1
202592,857,-7.729782,1
202602,847,-9.135193,1
202612,857,-7.729782,1
202622,855,-8.010849,1
202632,854,-8.15139,1
202642,850,-8.713562,1
202652,856,-7.870308,1
202662,859,-7.448692,1
202672,859,-7.448692,1
202682,858,-7.589226,1
202692,853,-8.291939,1
202702,859,-7.448692,1
202712,860,-7.308151,1
202722,854,-8.15139,1
202732,858,-7.589226,1
202742,852,-8.43248,1
202752,849,-8.854103,1
202762,860,-7.308151,1
202772,860,-7.308151,1
202782,853,-8.291939,1
202792,862,-7.027069,1
202802,852,-8.43248,1
202812,864,-6.745979,1
202822,855,-8.010849,1
202832,856,-7.870308,1
202842,857,-7.729782,1
202852,854,-8.15139,1
202862,869,-6.043274,1
202872,861,-7.16761,1
202882,858,-7.589226,1
202892,857,-7.729782,1
202902,848,-8.994652,1
202912,859,-7.448692,1
202922,855,-8.010849,1
202932,853,-8.291939,1
202942,851,-8.573021,1
202952,857,-7.729782,1
202962,861,-7.16761,1
202972,867,-6.324356,1
202982,862,-7.027069,1
202992,851,-8.573021,1
203002,858,-7.589226,1
203012,858,-7.589226,1
203022,863,-6.88652,1
203032,860,-7.308151,1
203042,855,-8.010849,1
203052,850,-8.713562,1
203062,857,-7.729782,1
203072,859,-7.448692,1
203082,858,-7.589226,1
203092,849,-8.854103,1
203102,852,-8.43248,1
203112,852,-8.43248,1
203122,858,-7.589226,1
203132,861,-7.16761,1
203142,857,-7.729782,1
203152,857,-7.729782,1
203162,857,-7.729782,1
203172,862,-7.027069,1
203182,862,-7.027069,1
203192,851,-8.573021,1
203202,848,-8.994652,1
203212,861,-7.16761,1
203222,862,-7.027069,1
203232,862,-7.027069,1
203242,853,-8.291939,1
203252,847,-9.135193,1
203262,863,-6.88652,1
203272,860,-7.308151,1
203282,854,-8.15139,1
203292,850,-8.713562,1
203302,854,-8.15139,1
203312,857,-7.729782,1
203322,866,-6.464897,1
203332,861,-7.16761,1
203342,856,-7.870308,1
203352,854,-8.15139,1
203362,859,-7.448692,1
203372,854,-8.15139,1
203382,857,-7.729782,1
203392,854,-8.15139,1
203402,848,-8.994652,1
203412,858,-7.589226,1
203422,863,-6.88652,1
203432,855,-8.010849,1
203442,849,-8.854103,1
203452,852,-8.43248,1
203462,855,-8.010849,1
203472,863,-6.88652,1
203482,856,-7.870308,1
203492,859,-7.448692,1
203502,859,-7.448692,1
203512,858,-7.589226,1
203522,865,-6.605438,1
203532,855,-8.010849,1
203542,853,-8.291939,1
203552,856,-7.870308,1
203562,862,-7.027069,1
203572,864,-6.745979,1
203582,859,-7.448692,1
203592,856,-7.870308,1
203602,852,-8.43248,1
203612,862,-7.027069,1
203622,864,-6.745979,1
203632,855,-8.010849,1
203642,860,-7.308151,1
203652,856,-7.870308,1
203662,856,-7.870308,1
203672,861,-7.16761,1
203682,865,-6.605438,1
203692,855,-8.010849,1
203702,857,-7.729782,1
203712,857,-7.729782,1
203722,866,-6.464897,1
203732,856,-7.870308,1
203742,853,-8.291939,1
203752,863,-6.88652,1
203762,852,-8.43248,1
203772,866,-6.464897,1
203782,857,-7.729782,1
203792,858,-7.589226,1
203802,857,-7.729782,1
203812,861,-7.16761,1
203822,857,-7.729782,1
203832,865,-6.605438,1
203842,858,-7.589226,1
203852,850,-8.713562,1
203862,859,-7.448692,1
203872,863,-6.88652,1
203882,858,-7.589226,1
203892,856,-7.870308,1
203902,847,-9.135193,1
203912,863,-6.88652,1
203922,858,-7.589226,1
203932,860,-7.308151,1
203942,846,-9.275719,1
203952,857,-7.729782,1
203962,860,-7.308151,1
203972,856,-7.870308,1
203982,852,-8.43248,1
203992,863,-6.88652,1
204002,856,-7.870308,1
204012,856,-7.870308,1
204022,866,-6.464897,1
204032,858,-7.589226,1
204042,860,-7.308151,1
204052,849,-8.854103,1
204062,860,-7.308151,1
204072,859,-7.448692,1
204082,859,-7.448692,1
204092,861,-7.16761,1
204102,852,-8.43248,1
204112,850,-8.713562,1
204122,859,-7.448692,1
204132,862,-7.027069,1
204142,853,-8.291939,1
204152,858,-7.589226,1
204162,853,-8.291939,1
204172,866,-6.464897,1
204182,857,-7.729782,1
204192,855,-8.010849,1
204202,857,-7.729782,1
204212,851,-8.573021,1
204222,863,-6.88652,1
204232,854,-8.15139,1
204242,856,-7.870308,1
204252,850,-8.713562,1
204262,854,-8.15139,1
204272,865,-6.605438,1
204282,859,-7.448692,1
204292,860,-7.308151,1
204302,849,-8.854103,1
204312,858,-7.589226,1
204322,868,-6.183815,1
204332,858,-7.589226,1
204342,856,-7.870308,1
204352,857,-7.729782,1
204362,855,-8.010849,1
204372,867,-6.324356,1
204382,858,-7.589226,1
204392,858,-7.589226,1
204402,854,-8.15139,1
204412,857,-7.729782,1
204422,863,-6.88652,1
204432,863,-6.88652,1
204442,850,-8.713562,1
204452,859,-7.448692,1
204462,855,-8.010849,1
204472,868,-6.183815,1
204482,858,-7.589226,1
204492,860,-7.308151,1
204502,842,-9.837891,1
204512,850,-8.713562,1
204522,861,-7.16761,1
204532,862,-7.027069,1
204542,853,-8.291939,1
204552,857,-7.729782,1
204562,856,-7.870308,1
204572,864,-6.745979,1
204582,857,-7.729782,1
204592,853,-8.291939,1
204602,846,-9.275719,1
204612,859,-7.448692,1
204622,857,-7.729782,1
204632,857,-7.729782,1
204642,854,-8.15139,1
204652,861,-7.16761,1
204662,860,-7.308151,1
204672,865,-6.605438,1
204682,868,-6.183815,1
204692,857,-7.729782,1
204702,853,-8.291939,1
204712,858,-7.589226,1
204722,860,-7.308151,1
204732,859,-7.448692,1
204742,861,-7.16761,1
204752,850,-8.713562,1
204762,847,-9.135193,1
204772,864,-6.745979,1
204782,849,-8.854103,1
204792,858,-7.589226,1
204802,850,-8.713562,1
204812,858,-7.589226,1
204822,858,-7.589226,1
204832,859,-7.448692,1
204842,850,-8.713562,1
204852,854,-8.15139,1
204862,859,-7.448692,1
204872,860,-7.308151,1
204882,864,-6.745979,1
204892,859,-7.448692,1
204902,851,-8.573021,1
204912,856,-7.870308,1
204922,857,-7.729782,1
204932,863,-6.88652,1
204942,861,-7.16761,1
204952,854,-8.15139,1
204962,859,-7.448692,1
204972,856,-7.870308,1
204982,855,-8.010849,1
204992,852,-8.43248,1
205002,850,-8.713562,1
205012,855,-8.010849,1
205022,864,-6.745979,1
205032,857,-7.729782,1
205042,851,-8.573021,1
205052,852,-8.43248,1
205062,861,-7.16761,1
205072,854,-8.15139,1
205082,859,-7.448692,1
205092,855,-8.010849,1
205102,845,-9.41626,1
205112,855,-8.010849,1
205122,857,-7.729782,1
205132,857,-7.729782,1
205142,849,-8.854103,1
205152,853,-8.291939,1
205162,853,-8.291939,1
205172,861,-7.16761,1
205182,854,-8.15139,1
205192,849,-8.854103,1
205202,857,-7.729782,1
205212,852,-8.43248,1
205222,860,-7.308151,1
205232,861,-7.16761,1
205242,861,-7.16761,1
205252,846,-9.275719,1
205262,853,-8.291939,1
205272,854,-8.15139,1
205282,862,-7.027069,1
205292,867,-6.324356,1
205302,846,-9.275719,1
205312,851,-8.573021,1
205322,853,-8.291939,1
205332,862,-7.027069,1
205342,860,-7.308151,1
205352,852,-8.43248,1
205362,858,-7.589226,1
205372,855,-8.010849,1
205382,857,-7.729782,1
205392,855,-8.010849,1
205402,859,-7.448692,1
205412,851,-8.573021,1
205422,854,-8.15139,1
205432,862,-7.027069,1
205442,858,-7.589226,1
205452,854,-8.15139,1
205462,856,-7.870308,1
205472,868,-6.183815,1
205482,863,-6.88652,1
205492,853,-8.291939,1
205502,858,-7.589226,1
205512,858,-7.589226,1
205522,861,-7.16761,1
205532,858,-7.589226,1
205542,857,-7.729782,1
205552,857,-7.729782,1
205562,851,-8.573021,1
205572,854,-8.15139,1
205582,862,-7.027069,1
205592,858,-7.589226,1
205602,854,-8.15139,1
205612,846,-9.275719,1
205622,857,-7.729782,1
205632,859,-7.448692,1
205642,854,-8.15139,1
205652,861,-7.16761,1
205662,857,-7.729782,1
205672,864,-6.745979,1
205682,862,-7.027069,1
205692,862,-7.027069,1
205702,847,-9.135193,1
205712,854,-8.15139,1
205722,868,-6.183815,1
205732,858,-7.589226,1
205742,860,-7.308151,1
205752,857,-7.729782,1
205762,852,-8.43248,1
205772,861,-7.16761,1
205782,858,-7.589226,1
205792,868,-6.183815,1
205802,850,-8.713562,1
205812,866,-6.464897,1
205822,859,-7.448692,1
205832,852,-8.43248,1
205842,859,-7.448692,1
205852,845,-9.41626,1
205862,848,-8.994652,1
205872,855,-8.010849,1
205882,861,-7.16761,1
205892,850,-8.713562,1
205902,851,-8.573021,1
205912,849,-8.854103,1
205922,853,-8.291939,1
205932,858,-7.589226,1
205942,853,-8.291939,1
205952,860,-7.308151,1
205962,857,-7.729782,1
205972,856,-7.870308,1
205982,851,-8.573021,1
205992,852,-8.43248,1
206002,851,-8.573021,1
206012,854,-8.15139,1
206022,854,-8.15139,1
206032,862,-7.027069,1
206042,861,-7.16761,1
206052,852,-8.43248,1
206062,854,-8.15139,1
206072,860,-7.308151,1
206082,867,-6.324356,1
206092,856,-7.870308,1
206102,842,-9.837891,1
206112,843,-9.69735,1
206122,855,-8.010849,1
206132,854,-8.15139,1
206142,849,-8.854103,1
206152,855,-8.010849,1
206162,854,-8.15139,1
206172,857,-7.729782,1
206182,865,-6.605438,1
206192,851,-8.573021,1
206202,850,-8.713562,1
206212,850,-8.713562,1
206222,858,-7.589226,1
206232,854,-8.15139,1
206242,866,-6.464897,1
206252,853,-8.291939,1
206262,858,-7.589226,1
206272,861,-7.16761,1
206282,865,-6.605438,1
206292,853,-8.291939,1
206302,856,-7.870308,1
206312,843,-9.69735,1
206322,858,-7.589226,1
206332,862,-7.027069,1
206342,864,-6.745979,1
206352,853,-8.291939,1
206362,847,-9.135193,1
206372,864,-6.745979,1
206382,867,-6.324356,1
206392,863,-6.88652,1
206402,854,-8.15139,1
206412,860,-7.308151,1
206422,858,-7.589226,1
206432,861,-7.16761,1
206442,856,-7.870308,1
206452,857,-7.729782,1
206462,851,-8.573021,1
206472,866,-6.464897,1
206482,860,-7.308151,1
206492,854,-8.15139,1
206502,849,-8.854103,1
206512,845,-9.41626,1
206522,856,-7.870308,1
206532,854,-8.15139,1
206542,856,-7.870308,1
206552,848,-8.994652,1
206562,851,-8.573021,1
206572,850,-8.713562,1
206582,861,-7.16761,1
206592,857,-7.729782,1
206602,852,-8.43248,1
206612,852,-8.43248,1
206622,857,-7.729782,1
206632,863,-6.88652,1
206642,851,-8.573021,1
206652,856,-7.870308,1
206662,856,-7.870308,1
206672,862,-7.027069,1
206682,865,-6.605438,1
206692,859,-7.448692,1
206702,856,-7.870308,1
206712,855,-8.010849,1
206722,870,-5.90274,1
206732,866,-6.464897,1
206742,854,-8.15139,1
206752,861,-7.16761,1
206762,846,-9.275719,1
206772,853,-8.291939,1
206782,857,-7.729782,1
206792,855,-8.010849,1
206802,857,-7.729782,1
206812,859,-7.448692,1
206822,862,-7.027069,1
206832,869,-6.043274,1
206842,852,-8.43248,1
206852,848,-8.994652,1
206862,846,-9.275719,1
206872,863,-6.88652,1
206882,864,-6.745979,1
206892,859,-7.448692,1
206902,863,-6.88652,1
206912,851,-8.573021,1
206922,860,-7.308151,1
206932,868,-6.183815,1
206942,858,-7.589226,1
206952,855,-8.010849,1
206962,852,-8.43248,1
206972,856,-7.870308,1
206982,863,-6.88652,1
206992,854,-8.15139,1
207002,858,-7.589226,1
207012,846,-9.275719,1
207022,856,-7.870308,1
207032,866,-6.464897,1
207042,859,-7.448692,1
207052,851,-8.573021,1
207062,850,-8.713562,1
207072,858,-7.589226,1
207082,866,-6.464897,1
207092,843,-9.69735,1
207102,852,-8.43248,1
207112,848,-8.994652,1
207122,859,-7.448692,1
207132,867,-6.324356,1
207142,854,-8.15139,1
207152,851,-8.573021,1
207162,850,-8.713562,1
207172,862,-7.027069,1
207182,867,-6.324356,1
207192,851,-8.573021,1
207202,850,-8.713562,1
207212,852,-8.43248,1
207222,858,-7.589226,1
207232,863,-6.88652,1
207242,863,-6.88652,1
207252,853,-8.291939,1
207262,848,-8.994652,1
207272,862,-7.027069,1
207282,864,-6.745979,1
207292,859,-7.448692,1
207302,857,-7.729782,1
207312,854,-8.15139,1
207322,861,-7.16761,1
207332,861,-7.16761,1
207342,866,-6.464897,1
207352,856,-7.870308,1
207362,853,-8.291939,1
207372,855,-8.010849,1
207382,873,-5.481102,1
207392,850,-8.713562,1
207402,860,-7.308151,1
207412,857,-7.729782,1
207422,860,-7.308151,1
207432,865,-6.605438,1
207442,863,-6.88652,1
207452,848,-8.994652,1
207462,852,-8.43248,1
207472,858,-7.589226,1
207482,868,-6.183815,1
207492,855,-8.010849,1
207502,860,-7.308151,1
207512,850,-8.713562,1
207522,850,-8.713562,1
207532,859,-7.448692,1
207542,863,-6.88652,1
207552,853,-8.291939,1
207562,851,-8.573021,1
207572,851,-8.573021,1
207582,869,-6.043274,1
207592,854,-8.15139,1
207602,857,-7.729782,1
207612,857,-7.729782,1
207622,859,-7.448692,1
207632,862,-7.027069,1
207642,848,-8.994652,1
207652,852,-8.43248,1
207662,849,-8.854103,1
207672,856,-7.870308,1
207682,863,-6.88652,1
207692,858,-7.589226,1
207702,858,-7.589226,1
207712,855,-8.010849,1
207722,857,-7.729782,1
207732,865,-6.605438,1
207742,854,-8.15139,1
207752,854,-8.15139,1
207762,850,-8.713562,1
207772,862,-7.027069,1
207782,862,-7.027069,1
207792,849,-8.854103,1
207802,849,-8.854103,1
207812,859,-7.448692,1
207822,850,-8.713562,1
207832,859,-7.448692,1
207842,847,-9.135193,1
207852,857,-7.729782,1
207862,852,-8.43248,1
207872,854,-8.15139,1
207882,871,-5.762199,1
207892,862,-7.027069,1
207902,859,-7.448692,1
207912,859,-7.448692,1
207922,852,-8.43248,1
207932,868,-6.183815,1
207942,860,-7.308151,1
207952,853,-8.291939,1
207962,846,-9.275719,1
207972,846,-9.275719,1
207982,863,-6.88652,1
207992,853,-8.291939,1
208002,847,-9.135193,1
208012,852,-8.43248,1
208022,861,-7.16761,1
208032,858,-7.589226,1
208042,862,-7.027069,1
208052,854,-8.15139,1
208062,850,-8.713562,1
208072,860,-7.308151,1
208082,866,-6.464897,1
208092,864,-6.745979,1
208102,859,-7.448692,1
208112,846,-9.275719,1
208122,853,-8.291939,1
208132,874,-5.340569,1
208142,853,-8.291939,1
208152,857,-7.729782,1
208162,855,-8.010849,1
208172,844,-9.556816,1
208182,864,-6.745979,1
208192,857,-7.729782,1
208202,859,-7.448692,1
208212,850,-8.713562,1
208222,855,-8.010849,1
208232,867,-6.324356,1
208242,858,-7.589226,1
208252,858,-7.589226,1
208262,856,-7.870308,1
208272,865,-6.605438,1
208282,863,-6.88652,1
208292,862,-7.027069,1
208302,855,-8.010849,1
208312,862,-7.027069,1
208322,857,-7.729782,1
208332,857,-7.729782,1
208342,852,-8.43248,1
208352,862,-7.027069,1
208362,847,-9.135193,1
208372,859,-7.448692,1
208382,858,-7.589226,1
208392,857,-7.729782,1
208402,853,-8.291939,1
208412,849,-8.854103,1
208422,858,-7.589226,1
208432,863,-6.88652,1
208442,852,-8.43248,1
208452,858,-7.589226,1
208462,851,-8.573021,1
208472,853,-8.291939,1
208482,866,-6.464897,1
208492,864,-6.745979,1
208502,855,-8.010849,1
208512,856,-7.870308,1
208522,851,-8.573021,1
208532,871,-5.762199,1
208542,857,-7.729782,1
208552,858,-7.589226,1
208562,850,-8.713562,1
208572,857,-7.729782,1
208582,863,-6.88652,1
208592,854,-8.15139,1
208602,853,-8.291939,1
208612,850,-8.713562,1
208622,853,-8.291939,1
208632,869,-6.043274,1
208642,848,-8.994652,1
208652,863,-6.88652,1
208662,847,-9.135193,1
208672,853,-8.291939,1
208682,864,-6.745979,1
208692,850,-8.713562,1
208702,859,-7.448692,1
208712,856,-7.870308,1
208722,861,-7.16761,1
208732,869,-6.043274,1
208742,852,-8.43248,1
208752,851,-8.573021,1
208762,850,-8.713562,1
208772,860,-7.308151,1
208782,854,-8.15139,1
208792,854,-8.15139,1
208802,855,-8.010849,1
208812,851,-8.573021,1
208822,852,-8.43248,1
208832,864,-6.745979,1
208842,850,-8.713562,1
208852,860,-7.308151,1
208862,860,-7.308151,1
208872,852,-8.43248,1
208882,863,-6.88652,1
208892,853,-8.291939,1
208902,853,-8.291939,1
208912,854,-8.15139,1
208922,859,-7.448692,1
208932,868,-6.183815,1
208942,853,-8.291939,1
208952,860,-7.308151,1
208962,854,-8.15139,1
208972,851,-8.573021,1
208982,855,-8.010849,1
208992,856,-7.870308,1
209002,863,-6.88652,1
209012,850,-8.713562,1
209022,855,-8.010849,1
209032,865,-6.605438,1
209042,861,-7.16761,1
209052,856,-7.870308,1
209062,849,-8.854103,1
209072,852,-8.43248,1
209082,869,-6.043274,1
209092,858,-7.589226,1
209102,851,-8.573021,1
209112,853,-8.291939,1
209122,848,-8.994652,1
209132,860,-7.308151,1
209142,850,-8.713562,1
209152,849,-8.854103,1
209162,847,-9.135193,1
209172,841,-9.978432,1
209182,861,-7.16761,1
209192,850,-8.713562,1
209202,848,-8.994652,1
209212,855,-8.010849,1
209222,861,-7.16761,1
209232,866,-6.464897,1
209242,860,-7.308151,1
209252,858,-7.589226,1
209262,856,-7.870308,1
209272,855,-8.010849,1
209282,868,-6.183815,1
209292,850,-8.713562,1
209302,857,-7.729782,1
209312,853,-8.291939,1
209322,857,-7.729782,1
209332,871,-5.762199,1
209342,855,-8.010849,1
209352,858,-7.589226,1
209362,860,-7.308151,1
209372,857,-7.729782,1
209382,857,-7.729782,1
209392,862,-7.027069,1
209402,859,-7.448692,1
209412,852,-8.43248,1
209422,848,-8.994652,1
209432,864,-6.745979,1
209442,855,-8.010849,1
209452,855,-8.010849,1
209462,851,-8.573021,1
209472,854,-8.15139,1
209482,862,-7.027069,1
209492,856,-7.870308,1
209502,859,-7.448692,1
209512,861,-7.16761,1
209522,849,-8.854103,1
209532,859,-7.448692,1
209542,858,-7.589226,1
209552,862,-7.027069,1
209562,858,-7.589226,1
209572,853,-8.291939,1
209582,871,-5.762199,1
209592,858,-7.589226,1
209602,853,-8.291939,1
209612,849,-8.854103,1
209622,858,-7.589226,1
209632,865,-6.605438,1
209642,854,-8.15139,1
209652,860,-7.308151,1
209662,860,-7.308151,1
209672,855,-8.010849,1
209682,866,-6.464897,1
209692,859,-7.448692,1
209702,858,-7.589226,1
209712,853,-8.291939,1
209722,854,-8.15139,1
209732,869,-6.043274,1
209742,852,-8.43248,1
209752,859,-7.448692,1
209762,854,-8.15139,1
209772,847,-9.135193,1
209782,852,-8.43248,1
209792,856,-7.870308,1
209802,855,-8.010849,1
209812,854,-8.15139,1
209822,861,-7.16761,1
209832,868,-6.183815,1
209842,853,-8.291939,1
209852,858,-7.589226,1
209862,861,-7.16761,1
209872,852,-8.43248,1
209882,863,-6.88652,1
209892,851,-8.573021,1
209902,848,-8.994652,1
209912,849,-8.854103,1
209922,860,-7.308151,1
209932,866,-6.464897,1
209942,857,-7.729782,1
209952,857,-7.729782,1
209962,858,-7.589226,1
209972,857,-7.729782,1
209982,861,-7.16761,1
209992,858,-7.589226,1
210002,855,-8.010849,1
210012,853,-8.291939,1
210022,854,-8.15139,1
210032,862,-7.027069,1
210042,858,-7.589226,1
210052,854,-8.15139,1
210062,861,-7.16761,1
210072,855,-8.010849,1
210082,866,-6.464897,1
210092,858,-7.589226,1
210102,860,-7.308151,1
210112,852,-8.43248,1
210122,854,-8.15139,1
210132,868,-6.183815,1
210142,853,-8.291939,1
210152,861,-7.16761,1
210162,856,-7.870308,1
210172,856,-7.870308,1
210182,866,-6.464897,1
210192,857,-7.729782,1
210202,863,-6.88652,1
210212,851,-8.573021,1
210222,855,-8.010849,1
210232,858,-7.589226,1
210242,863,-6.88652,1
210252,860,-7.308151,1
210262,857,-7.729782,1
210272,859,-7.448692,1
210282,867,-6.324356,1
210292,864,-6.745979,1
210302,858,-7.589226,1
210312,860,-7.308151,1
210322,859,-7.448692,1
210332,864,-6.745979,1
210342,855,-8.010849,1
210352,856,-7.870308,1
210362,857,-7.729782,1
210372,860,-7.308151,1
210382,861,-7.16761,1
210392,860,-7.308151,1
210402,863,-6.88652,1
210412,855,-8.010849,1
210422,855,-8.010849,1
210432,864,-6.745979,1
210442,858,-7.589226,1
210452,857,-7.729782,1
210462,853,-8.291939,1
210472,845,-9.41626,1
210482,857,-7.729782,1
210492,855,-8.010849,1
210502,867,-6.324356,1
210512,856,-7.870308,1
210522,858,-7.589226,1
210532,858,-7.589226,1
210542,860,-7.308151,1
210552,859,-7.448692,1
210562,846,-9.275719,1
210572,863,-6.88652,1
210582,864,-6.745979,1
210592,859,-7.448692,1
210602,858,-7.589226,1
210612,858,-7.589226,1
210622,852,-8.43248,1
210632,857,-7.729782,1
210642,860,-7.308151,1
210652,863,-6.88652,1
210662,860,-7.308151,1
210672,853,-8.291939,1
210682,871,-5.762199,1
210692,853,-8.291939,1
210702,853,-8.291939,1
210712,852,-8.43248,1
210722,861,-7.16761,1
210732,855,-8.010849,1
210742,869,-6.043274,1
210752,858,-7.589226,1
210762,859,-7.448692,1
210772,845,-9.41626,1
210782,858,-7.589226,1
210792,854,-8.15139,1
210802,854,-8.15139,1
210812,864,-6.745979,1
210822,858,-7.589226,1
210832,862,-7.027069,1
210842,855,-8.010849,1
210852,858,-7.589226,1
210862,857,-7.729782,1
210872,849,-8.854103,1
210882,857,-7.729782,1
210892,866,-6.464897,1
210902,859,-7.448692,1
210912,843,-9.69735,1
210922,853,-8.291939,1
210932,865,-6.605438,1
210942,859,-7.448692,1
210952,858,-7.589226,1
210962,857,-7.729782,1
210972,847,-9.135193,1
210982,860,-7.308151,1
210992,854,-8.15139,1
211002,861,-7.16761,1
211012,858,-7.589226,1
211022,863,-6.88652,1
211032,864,-6.745979,1
211042,859,-7.448692,1
211052,859,-7.448692,1
211062,851,-8.573021,1
211072,853,-8.291939,1
211082,863,-6.88652,1
211092,862,-7.027069,1
211102,860,-7.308151,1
211112,847,-9.135193,1
211122,843,-9.69735,1
211132,854,-8.15139,1
211142,846,-9.275719,1
211152,853,-8.291939,1
211162,850,-8.713562,1
211172,851,-8.573021,1
211182,866,-6.464897,1
211192,858,-7.589226,1
211202,855,-8.010849,1
211212,857,-7.729782,1
211222,849,-8.854103,1
211232,861,-7.16761,1
211242,859,-7.448692,1
211252,855,-8.010849,1
211262,859,-7.448692,1
211272,849,-8.854103,1
211282,862,-7.027069,1
211292,863,-6.88652,1
211302,860,-7.308151,1
211312,858,-7.589226,1
211322,856,-7.870308,1
211332,863,-6.88652,1
211342,857,-7.729782,1
211352,854,-8.15139,1
211362,845,-9.41626,1
211372,853,-8.291939,1
211382,860,-7.308151,1
211392,860,-7.308151,1
211402,850,-8.713562,1
211412,853,-8.291939,1
211422,853,-8.291939,1
211432,860,-7.308151,1
211442,864,-6.745979,1
211452,865,-6.605438,1
211462,848,-8.994652,1
211472,857,-7.729782,1
211482,856,-7.870308,1
211492,869,-6.043274,1
211502,862,-7.027069,1
211512,853,-8.291939,1
211522,858,-7.589226,1
211532,852,-8.43248,1
211542,865,-6.605438,1
211552,858,-7.589226,1
211562,851,-8.573021,1
211572,850,-8.713562,1
211582,860,-7.308151,1
211592,863,-6.88652,1
211602,854,-8.15139,1
211612,853,-8.291939,1
211622,854,-8.15139,1
211632,860,-7.308151,1
211642,864,-6.745979,1
211652,854,-8.15139,1
211662,852,-8.43248,1
211672,854,-8.15139,1
211682,851,-8.573021,1
211692,863,-6.88652,1
211702,853,-8.291939,1
211712,851,-8.573021,1
211722,856,-7.870308,1
211732,861,-7.16761,1
211742,867,-6.324356,1
211752,864,-6.745979,1
211762,857,-7.729782,1
211772,848,-8.994652,1
211782,860,-7.308151,1
211792,860,-7.308151,1
211802,851,-8.573021,1
211812,849,-8.854103,1
211822,846,-9.275719,1
211832,859,-7.448692,1
211842,863,-6.88652,1
211852,855,-8.010849,1
211862,855,-8.010849,1
211872,853,-8.291939,1
211882,865,-6.605438,1
211892,861,-7.16761,1
211902,849,-8.854103,1
211912,850,-8.713562,1
211922,848,-8.994652,1
211932,861,-7.16761,1
211942,861,-7.16761,1
211952,865,-6.605438,1
211962,856,-7.870308,1
211972,854,-8.15139,1
211982,847,-9.135193,1
211992,861,-7.16761,1
212002,851,-8.573021,1
212012,850,-8.713562,1
212022,859,-7.448692,1
212032,857,-7.729782,1
212042,859,-7.448692,1
212052,856,-7.870308,1
212062,849,-8.854103,1
212072,851,-8.573021,1
212082,853,-8.291939,1
212092,863,-6.88652,1
212102,854,-8.15139,1
212112,843,-9.69735,1
212122,852,-8.43248,1
212132,860,-7.308151,1
212142,859,-7.448692,1
212152,858,-7.589226,1
212162,852,-8.43248,1
212172,852,-8.43248,1
212182,865,-6.605438,1
212192,860,-7.308151,1
212202,857,-7.729782,1
212212,845,-9.41626,1
212222,855,-8.010849,1
212232,854,-8.15139,1
212242,856,-7.870308,1
212252,862,-7.027069,1
212262,850,-8.713562,1
212272,858,-7.589226,1
212282,861,-7.16761,1
212292,863,-6.88652,1
212302,859,-7.448692,1
212312,852,-8.43248,1
212322,854,-8.15139,1
212332,855,-8.010849,1
212342,858,-7.589226,1
212352,859,-7.448692,1
212362,850,-8.713562,1
212372,854,-8.15139,1
212382,859,-7.448692,1
212392,864,-6.745979,1
212402,856,-7.870308,1
212412,858,-7.589226,1
212422,855,-8.010849,1
212432,867,-6.324356,1
212442,860,-7.308151,1
212452,860,-7.308151,1
212462,855,-8.010849,1
212472,849,-8.854103,1
212482,848,-8.994652,1
212492,861,-7.16761,1
212502,857,-7.729782,1
212512,851,-8.573021,1
212522,856,-7.870308,1
212532,859,-7.448692,1
212542,864,-6.745979,1
212552,859,-7.448692,1
212562,850,-8.713562,1
212572,859,-7.448692,1
212582,861,-7.16761,1
212592,859,-7.448692,1
212602,856,-7.870308,1
212612,855,-8.010849,1
212622,855,-8.010849,1
212632,851,-8.573021,1
212642,856,-7.870308,1
212652,856,-7.870308,1
212662,847,-9.135193,1
212672,856,-7.870308,1
212682,864,-6.745979,1
212692,868,-6.183815,1
212702,854,-8.15139,1
212712,859,-7.448692,1
212722,854,-8.15139,1
212732,861,-7.16761,1
212742,864,-6.745979,1
212752,857,-7.729782,1
212762,845,-9.41626,1
212772,846,-9.275719,1
212782,859,-7.448692,1
212792,865,-6.605438,1
212802,847,-9.135193,1
212812,848,-8.994652,1
212822,857,-7.729782,1
212832,854,-8.15139,1
212842,866,-6.464897,1
212852,861,-7.16761,1
212862,860,-7.308151,1
212872,850,-8.713562,1
212882,854,-8.15139,1
212892,855,-8.010849,1
212902,861,-7.16761,1
212912,853,-8.291939,1
212922,854,-8.15139,1
212932,857,-7.729782,1
212942,866,-6.464897,1
212952,860,-7.308151,1
212962,844,-9.556816,1
212972,845,-9.41626,1
212982,857,-7.729782,1
212992,866,-6.464897,1
213002,864,-6.745979,1
213012,853,-8.291939,1
213022,853,-8.291939,1
213032,852,-8.43248,1
213042,865,-6.605438,1
213052,851,-8.573021,1
213062,859,-7.448692,1
213072,848,-8.994652,1
213082,854,-8.15139,1
213092,861,-7.16761,1
213102,854,-8.15139,1
213112,853,-8.291939,1
213122,855,-8.010849,1
213132,851,-8.573021,1
213142,862,-7.027069,1
213152,866,-6.464897,1
213162,844,-9.556816,1
213172,856,-7.870308,1
213182,858,-7.589226,1
213192,858,-7.589226,1
213202,863,-6.88652,1
213212,849,-8.854103,1
213222,853,-8.291939,1
213232,852,-8.43248,1
213242,869,-6.043274,1
213252,864,-6.745979,1
213262,847,-9.135193,1
213272,863,-6.88652,1
213282,859,-7.448692,1
213292,859,-7.448692,1
213302,858,-7.589226,1
213312,855,-8.010849,1
213322,856,-7.870308,1
213332,854,-8.15139,1
213342,864,-6.745979,1
213352,860,-7.308151,1
213362,852,-8.43248,1
213372,852,-8.43248,1
213382,859,-7.448692,1
213392,862,-7.027069,1
213402,858,-7.589226,1
213412,849,-8.854103,1
213422,851,-8.573021,1
213432,855,-8.010849,1
213442,862,-7.027069,1
213452,853,-8.291939,1
213462,849,-8.854103,1
213472,854,-8.15139,1
213482,858,-7.589226,1
213492,861,-7.16761,1
213502,858,-7.589226,1
213512,847,-9.135193,1
213522,852,-8.43248,1
213532,852,-8.43248,1
213542,861,-7.16761,1
213552,850,-8.713562,1
213562,851,-8.573021,1
213572,853,-8.291939,1
213582,854,-8.15139,1
213592,863,-6.88652,1
213602,854,-8.15139,1
213612,844,-9.556816,1
213622,854,-8.15139,1
213632,856,-7.870308,1
213642,863,-6.88652,1
213652,859,-7.448692,1
213662,851,-8.573021,1
213672,859,-7.448692,1
213682,856,-7.870308,1
213692,861,-7.16761,1
213702,846,-9.275719,1
213712,848,-8.994652,1
213722,856,-7.870308,1
213732,854,-8.15139,1
213742,861,-7.16761,1
213752,856,-7.870308,1
213762,852,-8.43248,1
213772,855,-8.010849,1
213782,859,-7.448692,1
213792,862,-7.027069,1
213802,852,-8.43248,1
213812,853,-8.291939,1
213822,853,-8.291939,1
213832,860,-7.308151,1
213842,861,-7.16761,1
213852,861,-7.16761,1
213862,849,-8.854103,1
213872,847,-9.135193,1
213882,857,-7.729782,1
213892,868,-6.183815,1
213902,858,-7.589226,1
213912,848,-8.994652,1
213922,855,-8.010849,1
213932,861,-7.16761,1
213942,868,-6.183815,1
213952,859,-7.448692,1
213962,850,-8.713562,1
213972,859,-7.448692,1
213982,851,-8.573021,1
213992,867,-6.324356,1
214002,859,-7.448692,1
214012,848,-8.994652,1
214022,856,-7.870308,1
214032,856,-7.870308,1
214042,866,-6.464897,1
214052,853,-8.291939,1
214062,850,-8.713562,1
214072,857,-7.729782,1
214082,854,-8.15139,1
214092,868,-6.183815,1
214102,849,-8.854103,1
214112,854,-8.15139,1
214122,849,-8.854103,1
214132,853,-8.291939,1
214142,868,-6.183815,1
214152,853,-8.291939,1
214162,847,-9.135193,1
214172,843,-9.69735,1
214182,853,-8.291939,1
214192,860,-7.308151,1
214202,851,-8.573021,1
214212,846,-9.275719,1
214222,864,-6.745979,1
214232,863,-6.88652,1
214242,864,-6.745979,1
214252,857,-7.729782,1
214262,854,-8.15139,1
214272,844,-9.556816,1
214282,849,-8.854103,1
214292,862,-7.027069,1
214302,860,-7.308151,1
214312,849,-8.854103,1
214322,850,-8.713562,1
214332,859,-7.448692,1
214342,864,-6.745979,1
214352,860,-7.308151,1
214362,855,-8.010849,1
214372,854,-8.15139,1
214382,857,-7.729782,1
214392,862,-7.027069,1
214402,859,-7.448692,1
214412,851,-8.573021,1
214422,852,-8.43248,1
214432,853,-8.291939,1
214442,861,-7.16761,1
214452,859,-7.448692,1
214462,845,-9.41626,1
214472,857,-7.729782,1
214482,850,-8.713562,1
214492,863,-6.88652,1
214502,855,-8.010849,1
214512,846,-9.275719,1
214522,856,-7.870308,1
214532,857,-7.729782,1
214542,870,-5.90274,1
214552,856,-7.870308,1
214562,857,-7.729782,1
214572,852,-8.43248,1
214582,858,-7.589226,1
214592,863,-6.88652,1
214602,858,-7.589226,1
214612,846,-9.275719,1
214622,848,-8.994652,1
214632,855,-8.010849,1
214642,861,-7.16761,1
214652,857,-7.729782,1
214662,853,-8.291939,1
214672,853,-8.291939,1
214682,853,-8.291939,1
214692,856,-7.870308,1
214702,855,-8.010849,1
214712,854,-8.15139,1
214722,856,-7.870308,1
214732,859,-7.448692,1
214742,866,-6.464897,1
214752,856,-7.870308,1
214762,856,-7.870308,1
214772,850,-8.713562,1
214782,859,-7.448692,1
214792,861,-7.16761,1
214802,853,-8.291939,1
214812,850,-8.713562,1
214822,860,-7.308151,1
214832,853,-8.291939,1
214842,866,-6.464897,1
214852,860,-7.308151,1
214862,851,-8.573021,1
214872,858,-7.589226,1
214882,860,-7.308151,1
214892,860,-7.308151,1
214902,860,-7.308151,1
214912,854,-8.15139,1
214922,860,-7.308151,1
214932,862,-7.027069,1
214942,865,-6.605438,1
214952,860,-7.308151,1
214962,855,-8.010849,1
214972,851,-8.573021,1
214982,846,-9.275719,1
214992,864,-6.745979,1
215002,866,-6.464897,1
215012,852,-8.43248,1
215022,854,-8.15139,1
215032,855,-8.010849,1
215042,861,-7.16761,1
215052,863,-6.88652,1
215062,852,-8.43248,1
215072,851,-8.573021,1
215082,861,-7.16761,1
215092,866,-6.464897,1
215102,852,-8.43248,1
215112,862,-7.027069,1
215122,855,-8.010849,1
215132,855,-8.010849,1
215142,867,-6.324356,1
215152,861,-7.16761,1
215162,853,-8.291939,1
215172,856,-7.870308,1
215182,859,-7.448692,1
215192,861,-7.16761,1
215202,863,-6.88652,1
215212,858,-7.589226,1
215222,855,-8.010849,1
215232,853,-8.291939,1
215242,855,-8.010849,1
215252,860,-7.308151,1
215262,852,-8.43248,1
215272,845,-9.41626,1
215282,862,-7.027069,1
215292,866,-6.464897,1
215302,857,-7.729782,1
215312,852,-8.43248,1
215322,850,-8.713562,1
215332,855,-8.010849,1
215342,864,-6.745979,1
215352,858,-7.589226,1
215362,859,-7.448692,1
215372,852,-8.43248,1
215382,855,-8.010849,1
215392,862,-7.027069,1
215402,859,-7.448692,1
215412,863,-6.88652,1
215422,853,-8.291939,1
215432,856,-7.870308,1
215442,864,-6.745979,1
215452,862,-7.027069,1
215462,853,-8.291939,1
215472,854,-8.15139,1
215482,862,-7.027069,1
215492,864,-6.745979,1
215502,856,-7.870308,1
215512,857,-7.729782,1
215522,847,-9.135193,1
215532,854,-8.15139,1
215542,867,-6.324356,1
215552,856,-7.870308,1
215562,853,-8.291939,1
215572,855,-8.010849,1
215582,857,-7.729782,1
215592,865,-6.605438,1
215602,860,-7.308151,1
215612,859,-7.448692,1
215622,858,-7.589226,1
215632,850,-8.713562,1
215642,863,-6.88652,1
215652,858,-7.589226,1
215662,849,-8.854103,1
215672,857,-7.729782,1
215682,859,-7.448692,1
215692,865,-6.605438,1
215702,858,-7.589226,1
215712,851,-8.573021,1
215722,860,-7.308151,1
215732,849,-8.854103,1
215742,854,-8.15139,1
215752,853,-8.291939,1
215762,852,-8.43248,1
215772,855,-8.010849,1
215782,860,-7.308151,1
215792,871,-5.762199,1
215802,845,-9.41626,1
215812,851,-8.573021,1
215822,859,-7.448692,1
215832,853,-8.291939,1
215842,867,-6.324356,1
215852,854,-8.15139,1
215862,854,-8.15139,1
215872,850,-8.713562,1
215882,856,-7.870308,1
215892,860,-7.308151,1
215902,854,-8.15139,1
215912,855,-8.010849,1
215922,847,-9.135193,1
215932,849,-8.854103,1
215942,865,-6.605438,1
215952,860,-7.308151,1
215962,854,-8.15139,1
215972,849,-8.854103,1
215982,857,-7.729782,1
215992,866,-6.464897,1
216002,856,-7.870308,1
216012,848,-8.994652,1
216022,856,-7.870308,1
216032,854,-8.15139,1
216042,869,-6.043274,1
216052,860,-7.308151,1
216062,846,-9.275719,1
216072,848,-8.994652,1
216082,853,-8.291939,1
216092,864,-6.745979,1
216102,850,-8.713562,1
216112,851,-8.573021,1
216122,851,-8.573021,1
216132,855,-8.010849,1
216142,855,-8.010849,1
216152,860,-7.308151,1
216162,859,-7.448692,1
216172,857,-7.729782,1
216182,855,-8.010849,1
216192,860,-7.308151,1
216202,865,-6.605438,1
216212,851,-8.573021,1
216222,853,-8.291939,1
216232,853,-8.291939,1
216242,861,-7.16761,1
216252,858,-7.589226,1
216262,851,-8.573021,1
216272,851,-8.573021,1
216282,857,-7.729782,1
216292,868,-6.183815,1
216302,852,-8.43248,1
216312,854,-8.15139,1
216322,853,-8.291939,1
216332,859,-7.448692,1
216342,870,-5.90274,1
216352,862,-7.027069,1
216362,854,-8.15139,1
216372,850,-8.713562,1
216382,849,-8.854103,1
216392,862,-7.027069,1
216402,853,-8.291939,1
216412,855,-8.010849,1
216422,852,-8.43248,1
216432,849,-8.854103,1
216442,861,-7.16761,1
216452,858,-7.589226,1
216462,852,-8.43248,1
216472,846,-9.275719,1
216482,847,-9.135193,1
216492,871,-5.762199,1
216502,860,-7.308151,1
216512,846,-9.275719,1
216522,857,-7.729782,1
216532,852,-8.43248,1
216542,863,-6.88652,1
216552,861,-7.16761,1
216562,857,-7.729782,1
216572,853,-8.291939,1
216582,851,-8.573021,1
216592,869,-6.043274,1
216602,856,-7.870308,1
216612,859,-7.448692,1
216622,848,-8.994652,1
216632,856,-7.870308,1
216642,861,-7.16761,1
216652,861,-7.16761,1
216662,859,-7.448692,1
216672,857,-7.729782,1
216682,861,-7.16761,1
216692,864,-6.745979,1
216702,861,-7.16761,1
216712,855,-8.010849,1
216722,854,-8.15139,1
216732,847,-9.135193,1
216742,860,-7.308151,1
216752,860,-7.308151,1
216762,852,-8.43248,1
216772,854,-8.15139,1
216782,853,-8.291939,1
216792,864,-6.745979,1
216802,858,-7.589226,1
216812,854,-8.15139,1
216822,861,-7.16761,1
216832,852,-8.43248,1
216842,866,-6.464897,1
216852,853,-8.291939,1
216862,857,-7.729782,1
216872,853,-8.291939,1
216882,853,-8.291939,1
216892,860,-7.308151,1
216902,857,-7.729782,1
216912,859,-7.448692,1
216922,853,-8.291939,1
216932,852,-8.43248,1
216942,856,-7.870308,1
216952,850,-8.713562,1
216962,849,-8.854103,1
216972,859,-7.448692,1
216982,857,-7.729782,1
216992,861,-7.16761,1
217002,855,-8.010849,1
217012,855,-8.010849,1
217022,859,-7.448692,1
217032,856,-7.870308,1
217042,861,-7.16761,1
217052,855,-8.010849,1
217062,848,-8.994652,1
217072,847,-9.135193,1
217082,853,-8.291939,1
217092,864,-6.745979,1
217102,852,-8.43248,1
217112,853,-8.291939,1
217122,850,-8.713562,1
217132,852,-8.43248,1
217142,868,-6.183815,1
217152,857,-7.729782,1
217162,857,-7.729782,1
217172,855,-8.010849,1
217182,857,-7.729782,1
217192,858,-7.589226,1
217202,853,-8.291939,1
217212,849,-8.854103,1
217222,854,-8.15139,1
217232,850,-8.713562,1
217242,862,-7.027069,1
217252,858,-7.589226,1
217262,853,-8.291939,1
217272,848,-8.994652,1
217282,850,-8.713562,1
217292,865,-6.605438,1
217302,859,-7.448692,1
217312,848,-8.994652,1
217322,858,-7.589226,1
217332,857,-7.729782,1
217342,855,-8.010849,1
217352,852,-8.43248,1
217362,862,-7.027069,1
217372,852,-8.43248,1
217382,859,-7.448692,1
217392,857,-7.729782,1
217402,856,-7.870308,1
217412,854,-8.15139,1
217422,860,-7.308151,1
217432,860,-7.308151,1
217442,858,-7.589226,1
217452,862,-7.027069,1
217462,855,-8.010849,1
217472,856,-7.870308,1
217482,854,-8.15139,1
217492,862,-7.027069,1
217502,865,-6.605438,1
217512,852,-8.43248,1
217522,849,-8.854103,1
217532,851,-8.573021,1
217542,859,-7.448692,1
217552,857,-7.729782,1
217562,857,-7.729782,1
217572,860,-7.308151,1
217582,854,-8.15139,1
217592,863,-6.88652,1
217602,857,-7.729782,1
217612,863,-6.88652,1
217622,856,-7.870308,1
217632,858,-7.589226,1
217642,856,-7.870308,1
217652,854,-8.15139,1
217662,858,-7.589226,1
217672,848,-8.994652,1
217682,851,-8.573021,1
217692,863,-6.88652,1
217702,852,-8.43248,1
217712,850,-8.713562,1
217722,853,-8.291939,1
217732,850,-8.713562,1
217742,865,-6.605438,1
217752,866,-6.464897,1
217762,849,-8.854103,1
217772,854,-8.15139,1
217782,856,-7.870308,1
217792,865,-6.605438,1
217802,861,-7.16761,1
217812,858,-7.589226,1
217822,846,-9.275719,1
217832,849,-8.854103,1
217842,862,-7.027069,1
217852,859,-7.448692,1
217862,817,-13.35143,1
217872,854,-8.15139,1
217882,862,-7.027069,1
217892,858,-7.589226,1
217902,846,-9.275719,1
217912,846,-9.275719,1
217922,835,-10.82169,1
217932,812,-14.05414,1
217942,843,-9.69735,1
217952,839,-10.25952,1
217962,843,-9.69735,1
217972,841,-9.978432,1
217982,835,-10.82169,1
217992,846,-9.275719,1
218002,842,-9.837891,1
218012,818,-13.21089,1
218022,823,-12.50818,1
218032,818,-13.21089,1
218042,830,-11.5244,1
218052,824,-12.36764,1
218062,836,-10.68114,1
218072,834,-10.96223,1
218082,828,-11.80547,1
218092,834,-10.96223,1
218102,828,-11.80547,1
218112,819,-13.07035,1
218122,823,-12.50818,1
218132,835,-10.82169,1
218142,836,-10.68114,1
218152,830,-11.5244,1
218162,834,-10.96223,1
218172,826,-12.08656,1
218182,837,-10.5406,1
218192,838,-10.40006,1
218202,830,-11.5244,1
218212,835,-10.82169,1
218222,840,-10.11897,1
218232,833,-11.10277,1
218242,842,-9.837891,1
218252,840,-10.11897,1
218262,836,-10.68114,1
218272,834,-10.96223,1
218282,831,-11.38384,1
218292,836,-10.68114,1
218302,821,-12.78927,1
218312,827,-11.94601,1
218322,827,-11.94601,1
218332,828,-11.80547,1
218342,829,-11.66494,1
218352,818,-13.21089,1
218362,825,-12.2271,1
218372,823,-12.50818,1
218382,820,-12.92981,1
218392,827,-11.94601,1
218402,825,-12.2271,1
218412,823,-12.50818,1
218422,821,-12.78927,1
218432,825,-12.2271,1
218442,833,-11.10277,1
218452,828,-11.80547,1
218462,823,-12.50818,1
218472,824,-12.36764,1
218482,827,-11.94601,1
218492,829,-11.66494,1
218502,832,-11.24331,1
218512,825,-12.2271,1
218522,819,-13.07035,1
218532,833,-11.10277,1
218542,838,-10.40006,1
218552,826,-12.08656,1
218562,822,-12.64872,1
218572,827,-11.94601,1
218582,828,-11.80547,1
218592,830,-11.5244,1
218602,827,-11.94601,1
218612,829,-11.66494,1
218622,825,-12.2271,1
218632,840,-10.11897,1
218642,832,-11.24331,1
218652,827,-11.94601,1
218662,816,-13.49197,1
218672,808,-14.6163,1
218682,826,-12.08656,1
218692,824,-12.36764,1
218702,823,-12.50818,1
218712,819,-13.07035,1
218722,812,-14.05414,1
218732,827,-11.94601,1
218742,824,-12.36764,1
218752,822,-12.64872,1
218762,820,-12.92981,1
218772,816,-13.49197,1
218782,828,-11.80547,1
218792,827,-11.94601,1
218802,818,-13.21089,1
218812,819,-13.07035,1
218822,816,-13.49197,1
218832,828,-11.80547,1
218842,826,-12.08656,1
218852,820,-12.92981,1
218862,822,-12.64872,1
218872,816,-13.49197,1
218882,819,-13.07035,1
218892,823,-12.50818,1
218902,823,-12.50818,1
218912,817,-13.35143,1
218922,810,-14.33522,1
218932,825,-12.2271,1
218942,821,-12.78927,1
218952,818,-13.21089,1
218962,816,-13.49197,1
218972,818,-13.21089,1
218982,822,-12.64872,1
218992,820,-12.92981,1
219002,820,-12.92981,1
219012,817,-13.35143,1
219022,817,-13.35143,1
219032,823,-12.50818,1
219042,825,-12.2271,1
219052,812,-14.05414,1
219062,821,-12.78927,1
219072,820,-12.92981,1
219082,827,-11.94601,1
219092,830,-11.5244,1
219102,813,-13.91359,1
219112,821,-12.78927,1
219122,814,-13.77305,1
219132,819,-13.07035,1
219142,821,-12.78927,1
219152,822,-12.64872,1
219162,820,-12.92981,1
219172,811,-14.19468,1
219182,830,-11.5244,1
219192,829,-11.66494,1
219202,816,-13.49197,1
219212,821,-12.78927,1
219222,816,-13.49197,1
219232,826,-12.08656,1
219242,830,-11.5244,1
219252,832,-11.24331,1
219262,819,-13.07035,1
219272,822,-12.64872,1
219282,823,-12.50818,1
219292,834,-10.96223,1
219302,820,-12.92981,1
219312,822,-12.64872,1
219322,823,-12.50818,1
219332,825,-12.2271,1
219342,827,-11.94601,1
219352,820,-12.92981,1
219362,824,-12.36764,1
219372,818,-13.21089,1
219382,825,-12.2271,1
219392,814,-13.77305,1
219402,819,-13.07035,1
219412,815,-13.63251,1
219422,817,-13.35143,1
219432,825,-12.2271,1
219442,817,-13.35143,1
219452,833,-11.10277,1
219462,815,-13.63251,1
219472,817,-13.35143,1
219482,814,-13.77305,1
219492,814,-13.77305,1
219502,800,-15.74063,1
219512,804,-15.17846,1
219522,824,-12.36764,1
219532,828,-11.80547,1
219542,843,-9.69735,1
219552,827,-11.94601,1
219562,825,-12.2271,1
219572,833,-11.10277,1
219582,838,-10.40006,1
219592,845,-9.41626,1
219602,832,-11.24331,1
219612,825,-12.2271,1
219622,820,-12.92981,1
219632,825,-12.2271,1
219642,836,-10.68114,1
219652,829,-11.66494,1
219662,824,-12.36764,1
219672,819,-13.07035,1
219682,829,-11.66494,1
219692,831,-11.38384,1
219702,827,-11.94601,1
219712,833,-11.10277,1
219722,830,-11.5244,1
219732,840,-10.11897,1
219742,845,-9.41626,1
219752,833,-11.10277,1
219762,832,-11.24331,1
219772,833,-11.10277,1
219782,837,-10.5406,1
219792,845,-9.41626,1
219802,837,-10.5406,1
219812,825,-12.2271,1
219822,833,-11.10277,1
219832,838,-10.40006,1
219842,836,-10.68114,1
219852,825,-12.2271,1
219862,835,-10.82169,1
219872,830,-11.5244,1
219882,849,-8.854103,1
219892,833,-11.10277,1
219902,834,-10.96223,1
219912,834,-10.96223,1
219922,834,-10.96223,1
219932,841,-9.978432,1
219942,841,-9.978432,1
219952,832,-11.24331,1
219962,832,-11.24331,1
219972,834,-10.96223,1
219982,842,-9.837891,1
219992,837,-10.5406,1
220002,835,-10.82169,1
220012,836,-10.68114,1
220022,828,-11.80547,1
220032,835,-10.82169,1
220042,833,-11.10277,1
220052,832,-11.24331,1
220062,835,-10.82169,1
220072,829,-11.66494,1
220082,848,-8.994652,1
220092,850,-8.713562,1
220102,837,-10.5406,1
220112,829,-11.66494,1
220122,825,-12.2271,1
220132,839,-10.25952,1
220142,833,-11.10277,1
220152,828,-11.80547,1
220162,834,-10.96223,1
220172,831,-11.38384,1
220182,844,-9.556816,1
220192,837,-10.5406,1
220202,834,-10.96223,1
220212,832,-11.24331,1
220222,834,-10.96223,1
220232,839,-10.25952,1
220242,847,-9.135193,1
220252,835,-10.82169,1
220262,839,-10.25952,1
220272,840,-10.11897,1
220282,845,-9.41626,1
220292,847,-9.135193,1
220302,838,-10.40006,1
220312,839,-10.25952,1
220322,836,-10.68114,1
220332,847,-9.135193,1
220342,843,-9.69735,1
220352,840,-10.11897,1
220362,837,-10.5406,1
220372,834,-10.96223,1
220382,855,-8.010849,1
220392,849,-8.854103,1
220402,847,-9.135193,1
220412,845,-9.41626,1
220422,840,-10.11897,1
220432,846,-9.275719,1
220442,847,-9.135193,1
220452,842,-9.837891,1
220462,839,-10.25952,1
220472,842,-9.837891,1
220482,847,-9.135193,1
220492,841,-9.978432,1
220502,843,-9.69735,1
220512,839,-10.25952,1
220522,846,-9.275719,1
220532,848,-8.994652,1
220542,847,-9.135193,1
220552,840,-10.11897,1
220562,838,-10.40006,1
220572,841,-9.978432,1
220582,851,-8.573021,1
220592,842,-9.837891,1
220602,832,-11.24331,1
220612,838,-10.40006,1
220622,829,-11.66494,1
220632,847,-9.135193,1
220642,847,-9.135193,1
220652,829,-11.66494,1
220662,835,-10.82169,1
220672,831,-11.38384,1
220682,837,-10.5406,1
220692,844,-9.556816,1
220702,833,-11.10277,1
220712,834,-10.96223,1
220722,840,-10.11897,1
220732,847,-9.135193,1
220742,846,-9.275719,1
220752,844,-9.556816,1
220762,841,-9.978432,1
220772,827,-11.94601,1
220782,845,-9.41626,1
220792,848,-8.994652,1
220802,828,-11.80547,1
220812,829,-11.66494,1
220822,841,-9.978432,1
220832,846,-9.275719,1
220842,842,-9.837891,1
220852,832,-11.24331,1
220862,843,-9.69735,1
220872,836,-10.68114,1
220882,847,-9.135193,1
220892,844,-9.556816,1
220902,841,-9.978432,1
220912,838,-10.40006,1
220922,832,-11.24331,1
220932,852,-8.43248,1
220942,847,-9.135193,1
220952,845,-9.41626,1
220962,837,-10.5406,1
220972,839,-10.25952,1
220982,841,-9.978432,1
220992,840,-10.11897,1
221002,839,-10.25952,1
221012,832,-11.24331,1
221022,839,-10.25952,1
221032,842,-9.837891,1
221042,838,-10.40006,1
221052,841,-9.978432,1
221062,844,-9.556816,1
221072,834,-10.96223,1
221082,845,-9.41626,1
221092,848,-8.994652,1
221102,831,-11.38384,1
221112,838,-10.40006,1
221122,829,-11.66494,1
221132,849,-8.854103,1
221142,844,-9.556816,1
221152,833,-11.10277,1
221162,831,-11.38384,1
221172,838,-10.40006,1
221182,848,-8.994652,1
221192,844,-9.556816,1
221202,834,-10.96223,1
221212,833,-11.10277,1
221222,841,-9.978432,1
221232,848,-8.994652,1
221242,838,-10.40006,1
221252,835,-10.82169,1
221262,833,-11.10277,1
221272,842,-9.837891,1
221282,845,-9.41626,1
221292,844,-9.556816,1
221302,835,-10.82169,1
221312,844,-9.556816,1
221322,840,-10.11897,1
221332,846,-9.275719,1
221342,848,-8.994652,1
221352,834,-10.96223,1
221362,843,-9.69735,1
221372,841,-9.978432,1
221382,857,-7.729782,1
221392,843,-9.69735,1
221402,839,-10.25952,1
221412,840,-10.11897,1
221422,840,-10.11897,1
221432,854,-8.15139,1
221442,844,-9.556816,1
221452,832,-11.24331,1
221462,832,-11.24331,1
221472,841,-9.978432,1
221482,844,-9.556816,1
221492,840,-10.11897,1
221502,836,-10.68114,1
221512,837,-10.5406,1
221522,848,-8.994652,1
221532,848,-8.994652,1
221542,844,-9.556816,1
221552,837,-10.5406,1
221562,841,-9.978432,1
221572,837,-10.5406,1
221582,844,-9.556816,1
221592,841,-9.978432,1
221602,830,-11.5244,1
221612,840,-10.11897,1
221622,836,-10.68114,1
221632,853,-8.291939,1
221642,844,-9.556816,1
221652,835,-10.82169,1
221662,836,-10.68114,1
221672,848,-8.994652,1
221682,846,-9.275719,1
221692,849,-8.854103,1
221702,837,-10.5406,1
221712,840,-10.11897,1
221722,842,-9.837891,1
221732,856,-7.870308,1
221742,846,-9.275719,1
221752,837,-10.5406,1
221762,834,-10.96223,1
221772,853,-8.291939,1
221782,851,-8.573021,1
221792,845,-9.41626,1
221802,832,-11.24331,1
221812,844,-9.556816,1
221822,847,-9.135193,1
221832,853,-8.291939,1
221842,839,-10.25952,1
221852,836,-10.68114,1
221862,841,-9.978432,1
221872,844,-9.556816,1
221882,842,-9.837891,1
221892,847,-9.135193,1
221902,835,-10.82169,1
221912,836,-10.68114,1
221922,842,-9.837891,1
221932,848,-8.994652,1
221942,844,-9.556816,1
221952,842,-9.837891,1
221962,835,-10.82169,1
221972,846,-9.275719,1
221982,841,-9.978432,1
221992,839,-10.25952,1
222002,834,-10.96223,1
222012,834,-10.96223,1
222022,840,-10.11897,1
222032,853,-8.291939,1
222042,855,-8.010849,1
222052,838,-10.40006,1
222062,842,-9.837891,1
222072,843,-9.69735,1
222082,849,-8.854103,1
222092,842,-9.837891,1
222102,838,-10.40006,1
222112,834,-10.96223,1
222122,842,-9.837891,1
222132,853,-8.291939,1
222142,845,-9.41626,1
222152,840,-10.11897,1
222162,831,-11.38384,1
222172,840,-10.11897,1
222182,854,-8.15139,1
222192,848,-8.994652,1
222202,841,-9.978432,1
222212,834,-10.96223,1
222222,845,-9.41626,1
222232,849,-8.854103,1
222242,838,-10.40006,1
222252,835,-10.82169,1
222262,838,-10.40006,1
222272,844,-9.556816,1
222282,848,-8.994652,1
222292,845,-9.41626,1
222302,834,-10.96223,1
222312,835,-10.82169,1
222322,837,-10.5406,1
222332,846,-9.275719,1
222342,838,-10.40006,1
222352,835,-10.82169,1
222362,830,-11.5244,1
222372,838,-10.40006,1
222382,850,-8.713562,1
222392,840,-10.11897,1
222402,845,-9.41626,1
222412,841,-9.978432,1
