t_ms,adc,p_kpa,pump
1566654,911,-4.637878,0
1566664,911,-4.637878,0
1566674,907,-5.200035,0
1566684,915,-4.075699,0
1566694,908,-5.059494,0
1566704,908,-5.059494,0
1566714,913,-4.356781,0
1566724,909,-4.918953,0
1566734,912,-4.497337,0
1566744,912,-4.497337,0
1566754,905,-5.481117,0
1566764,913,-4.356781,0
1566774,911,-4.637878,0
1566784,912,-4.497337,0
1566794,921,-3.23246,0
1566804,910,-4.778412,0
1566814,917,-3.794617,0
1566824,909,-4.918953,0
1566834,919,-3.513535,0
1566844,912,-4.497337,0
1566854,914,-4.216248,0
1566864,913,-4.356781,0
1566874,907,-5.200035,0
1566884,909,-4.918953,0
1566894,909,-4.918953,0
1566904,902,-5.902748,0
1566914,911,-4.637878,0
1566924,900,-6.18383,0
1566934,907,-5.200035,0
1566944,907,-5.200035,0
1566954,900,-6.18383,0
1566964,907,-5.200035,0
1566974,909,-4.918953,0
1566984,905,-5.481117,0
1566994,905,-5.481117,0
1567004,911,-4.637878,0
1567014,906,-5.340576,0
1567024,911,-4.637878,0
1567034,908,-5.059494,0
1567044,907,-5.200035,0
1567054,907,-5.200035,0
1567064,903,-5.762207,0
1567074,914,-4.216248,0
1567084,912,-4.497337,0
1567094,911,-4.637878,0
1567104,908,-5.059494,0
1567114,912,-4.497337,0
1567124,909,-4.918953,0
1567134,915,-4.075699,0
1567144,910,-4.778412,0
1567154,909,-4.918953,0
1567164,917,-3.794617,0
1567174,908,-5.059494,0
1567184,911,-4.637878,0
1567194,910,-4.778412,0
1567204,910,-4.778412,0
1567214,911,-4.637878,0
1567224,916,-3.935173,0
1567234,914,-4.216248,0
1567244,911,-4.637878,0
1567254,910,-4.778412,0
1567264,910,-4.778412,0
1567274,911,-4.637878,0
1567284,917,-3.794617,0
1567294,917,-3.794617,0
1567304,913,-4.356781,0
1567314,916,-3.935173,0
1567324,909,-4.918953,0
1567334,905,-5.481117,0
1567344,914,-4.216248,0
1567354,905,-5.481117,0
1567364,917,-3.794617,0
1567374,914,-4.216248,0
1567384,920,-3.373009,0
1567394,916,-3.935173,0
1567404,912,-4.497337,0
1567414,921,-3.23246,0
1567424,912,-4.497337,0
1567434,909,-4.918953,0
1567444,915,-4.075699,0
1567454,916,-3.935173,0
1567464,910,-4.778412,0
1567474,908,-5.059494,0
1567484,911,-4.637878,0
1567494,902,-5.902748,0
1567504,908,-5.059494,0
1567514,921,-3.23246,0
1567524,912,-4.497337,0
1567534,906,-5.340576,0
1567544,915,-4.075699,0
1567554,905,-5.481117,0
1567564,918,-3.654091,0
1567574,918,-3.654091,0
1567584,920,-3.373009,0
1567594,914,-4.216248,0
1567604,905,-5.481117,0
1567614,920,-3.373009,0
1567624,908,-5.059494,0
1567634,922,-3.091904,0
1567644,917,-3.794617,0
1567654,899,-6.324364,0
1567664,908,-5.059494,0
1567674,902,-5.902748,0
1567684,908,-5.059494,0
1567694,915,-4.075699,0
1567704,906,-5.340576,0
1567714,908,-5.059494,0
1567724,915,-4.075699,0
1567734,911,-4.637878,0
1567744,921,-3.23246,0
1567754,907,-5.200035,0
1567764,914,-4.216248,0
1567774,908,-5.059494,0
1567784,914,-4.216248,0
1567794,915,-4.075699,0
1567804,912,-4.497337,0
1567814,905,-5.481117,0
1567824,916,-3.935173,0
1567834,912,-4.497337,0
1567844,912,-4.497337,0
1567854,909,-4.918953,0
1567864,919,-3.513535,0
1567874,913,-4.356781,0
1567884,916,-3.935173,0
1567894,918,-3.654091,0
1567904,908,-5.059494,0
1567914,918,-3.654091,0
1567924,913,-4.356781,0
1567934,909,-4.918953,0
1567944,913,-4.356781,0
1567954,913,-4.356781,0
1567964,913,-4.356781,0
1567974,909,-4.918953,0
1567984,915,-4.075699,0
1567994,916,-3.935173,0
1568004,909,-4.918953,0
1568014,921,-3.23246,0
1568024,913,-4.356781,0
1568034,918,-3.654091,0
1568044,914,-4.216248,0
1568054,903,-5.762207,0
1568064,908,-5.059494,0
1568074,912,-4.497337,0
1568084,910,-4.778412,0
1568094,911,-4.637878,0
1568104,912,-4.497337,0
1568114,910,-4.778412,0
1568124,906,-5.340576,0
1568134,907,-5.200035,0
1568144,906,-5.340576,0
1568154,906,-5.340576,0
1568164,909,-4.918953,0
1568174,907,-5.200035,0
1568184,909,-4.918953,0
1568194,905,-5.481117,0
1568204,912,-4.497337,0
1568214,918,-3.654091,0
1568224,913,-4.356781,0
1568234,914,-4.216248,0
1568244,920,-3.373009,0
1568254,908,-5.059494,0
1568264,905,-5.481117,0
1568274,913,-4.356781,0
1568284,905,-5.481117,0
1568294,909,-4.918953,0
1568304,912,-4.497337,0
1568314,915,-4.075699,0
1568324,910,-4.778412,0
1568334,907,-5.200035,0
1568344,912,-4.497337,0
1568354,907,-5.200035,0
1568364,918,-3.654091,0
1568374,907,-5.200035,0
1568384,917,-3.794617,0
1568394,910,-4.778412,0
1568404,909,-4.918953,0
1568414,908,-5.059494,0
1568424,913,-4.356781,0
1568434,915,-4.075699,0
1568444,909,-4.918953,0
1568454,911,-4.637878,0
1568464,920,-3.373009,0
1568474,916,-3.935173,0
1568484,912,-4.497337,0
1568494,914,-4.216248,0
1568504,913,-4.356781,0
1568514,922,-3.091904,0
1568524,905,-5.481117,0
1568534,909,-4.918953,0
1568544,917,-3.794617,0
1568554,907,-5.200035,0
1568564,919,-3.513535,0
1568574,908,-5.059494,0
1568584,912,-4.497337,0
1568594,910,-4.778412,0
1568604,912,-4.497337,0
1568614,906,-5.340576,0
1568624,909,-4.918953,0
1568634,913,-4.356781,0
1568644,904,-5.621658,0
1568654,906,-5.340576,0
1568664,918,-3.654091,0
1568674,913,-4.356781,0
1568684,916,-3.935173,0
1568694,915,-4.075699,0
1568704,914,-4.216248,0
1568714,906,-5.340576,0
1568724,920,-3.373009,0
1568734,910,-4.778412,0
1568744,909,-4.918953,0
1568754,893,-7.167618,0
1568764,906,-5.340576,0
1568774,873,-9.978439,0
1568784,880,-8.994659,0
1568794,872,-10.11898,0
1568804,833,-15.60011,0
1568814,872,-10.11898,0
1568824,829,-16.16228,0
1568834,832,-15.74065,0
1568844,835,-15.31902,0
1568854,794,-21.08122,0
1568864,828,-16.30281,0
1568874,797,-20.6596,0
1568884,800,-20.23797,0
1568894,796,-20.80014,0
1568904,764,-25.29745,0
1568914,799,-20.37851,0
1568924,766,-25.01639,0
1568934,757,-26.28126,0
1568944,764,-25.29745,0
1568954,736,-29.23263,0
1568964,758,-26.14071,0
1568974,736,-29.23263,0
1568984,734,-29.5137,0
1568994,731,-29.93533,0
1569004,704,-33.72994,0
1569014,732,-29.79478,0
1569024,709,-33.02724,0
1569034,712,-32.60562,0
1569044,710,-32.8867,0
1569054,681,-36.9624,0
1569064,701,-34.15157,0
1569074,672,-38.22728,0
1569084,688,-35.97861,0
1569094,673,-38.08673,0
1569104,652,-41.03811,0
1569114,670,-38.50836,0
1569124,639,-42.86514,0
1569134,667,-38.92999,0
1569144,635,-43.42731,0
1569154,642,-42.44352,0
1569164,641,-42.58406,0
1569174,624,-44.97327,0
1569184,635,-43.42731,0
1569194,609,-47.08138,0
1569204,627,-44.55164,0
1569214,603,-47.92463,0
1569224,615,-46.23814,0
1569234,601,-48.20572,0
1569244,607,-47.36247,0
1569254,596,-48.90843,0
1569264,599,-48.4868,0
1569274,597,-48.76789,0
1569284,586,-50.31384,0
1569294,584,-50.59492,0
1569304,570,-52.5625,0
1569314,591,-49.61113,0
1569324,562,-53.68683,0
1569334,573,-52.14088,0
1569344,553,-54.95171,0
1569354,566,-53.12467,0
1569364,547,-55.79496,0
1569374,563,-53.5463,0
1569384,554,-54.81117,0
1569394,553,-54.95171,0
1569404,540,-56.77875,0
1569414,556,-54.53009,0
1569424,535,-57.48146,0
1569434,545,-56.07604,0
1569444,534,-57.62199,0
1569454,535,-57.48146,0
1569464,528,-58.46524,0
1569474,525,-58.88687,0
1569484,518,-59.87066,0
1569494,506,-61.55716,0
1569504,510,-60.99499,0
1569514,497,-62.82203,0
1569524,514,-60.43282,0
1569534,506,-61.55716,0
1569544,503,-61.97878,0
1569554,492,-63.52473,0
1569564,495,-63.10311,0
1569574,489,-63.94636,0
1569584,499,-62.54094,0
1569594,480,-65.21124,0
1569604,478,-65.49231,0
1569614,477,-65.63286,0
1569624,470,-66.61665,0
1569634,476,-65.7734,0
1569644,478,-65.49231,0
1569654,473,-66.19502,0
1569664,470,-66.61665,0
1569674,464,-67.4599,0
1569684,464,-67.4599,0
1569694,465,-67.31936,0
1569704,464,-67.4599,0
1569714,454,-68.86531,0
1569724,450,-69.42747,0
1569734,447,-69.84911,0
1569744,449,-69.56802,0
1569754,443,-70.41126,0
1569764,442,-70.5518,0
1569774,439,-70.97343,0
1569784,437,-71.25452,0
1569794,430,-72.2383,0
1569804,428,-72.51939,0
1569814,436,-71.39505,0
1569824,424,-73.08156,0
1569834,429,-72.37885,0
1569844,420,-73.64371,0
1569854,418,-73.9248,0
1569864,424,-73.08156,0
1569874,424,-73.08156,0
1569884,412,-74.76805,0
1569894,417,-74.06535,0
1569904,414,-74.48697,0
1569914,418,-73.9248,0
1569924,405,-75.75184,0
1569934,408,-75.33022,0
1569944,401,-76.31401,0
1569954,398,-76.73563,0
1569964,403,-76.03292,0
1569974,399,-76.59509,0
1569984,393,-77.43834,0
1569994,386,-78.42213,0
1570004,390,-77.85996,0
1570014,392,-77.57888,0
1570024,391,-77.71942,0
1570034,384,-78.70321,0
1570044,389,-78.0005,0
1570054,380,-79.26538,0
1570064,377,-79.687,0
1570074,374,-80.10863,0
1570084,377,-79.687,0
1570094,375,-79.96808,0
1570104,378,-79.54646,0
1570114,366,-81.23296,0
1570124,364,-81.51404,0
1570134,368,-80.95187,0
1570144,363,-81.65458,0
1570154,368,-80.95187,0
1570164,372,-80.38971,0
1570174,357,-82.49783,0
1570184,359,-82.21675,0
1570194,357,-82.49783,0
1570204,362,-81.79512,0
1570214,356,-82.63837,0
1570224,346,-84.04379,0
1570234,354,-82.91945,0
1570244,353,-83.06,0
1570254,353,-83.06,0
1570264,349,-83.62216,0
1570274,347,-83.90324,0
1570284,344,-84.32487,0
1570294,351,-83.34108,0
1570304,346,-84.04379,0
1570314,344,-84.32487,0
1570324,338,-85.16812,0
1570334,347,-83.90324,0
1570344,339,-85.02757,0
1570354,339,-85.02757,0
1570364,332,-86.01136,0
1570374,339,-85.02757,0
1570384,339,-85.02757,0
1570394,335,-85.58974,0
1570404,333,-85.87083,0
1570414,326,-86.85461,0
1570424,329,-86.43299,0
1570434,329,-86.43299,0
1570444,326,-86.85461,0
1570454,334,-85.73029,0
1570464,327,-86.71407,0
1570474,325,-86.99516,0
1570484,320,-87.69786,0
1570494,322,-87.41679,0
1570504,318,-87.97894,0
1570514,326,-86.85461,0
1570524,317,-88.11949,0
1570534,318,-87.97894,0
1570544,319,-87.83841,0
1570554,315,-88.40057,0
1570564,322,-87.41679,0
1570574,319,-87.83841,0
1570584,313,-88.68166,0
1570594,311,-88.96274,0
1570604,311,-88.96274,0
1570614,308,-89.38436,0
1570624,308,-89.38436,0
1570634,313,-88.68166,0
1570644,312,-88.8222,0
1570654,313,-88.68166,0
1570664,304,-89.94653,0
1570674,307,-89.5249,0
1570684,312,-88.8222,0
1570694,304,-89.94653,0
1570704,302,-90.22761,0
1570714,308,-89.38436,0
1570724,304,-89.94653,0
1570734,304,-89.94653,0
1570744,303,-90.08707,0
1570754,307,-89.5249,0
1570764,299,-90.64923,0
1570774,298,-90.78978,0
1570784,302,-90.22761,0
1570794,296,-91.07085,0
1570804,299,-90.64923,0
1570814,300,-90.50869,0
1570824,295,-91.2114,0
1570834,291,-91.77356,0
1570844,300,-90.50869,0
1570854,298,-90.78978,0
1570864,294,-91.35194,0
1570874,295,-91.2114,0
1570884,294,-91.35194,0
1570894,300,-90.50869,0
1570904,293,-91.49249,0
1570914,298,-90.78978,0
1570924,294,-91.35194,0
1570934,293,-91.49249,0
1570944,292,-91.63303,0
1570954,294,-91.35194,0
1570964,296,-91.07085,0
1570974,293,-91.49249,0
1570984,298,-90.78978,0
1570994,295,-91.2114,0
1571004,295,-91.2114,0
1571014,298,-90.78978,0
1571024,295,-91.2114,0
1571034,299,-90.64923,0
1571044,298,-90.78978,0
1571054,296,-91.07085,0
1571064,297,-90.93032,0
1571074,296,-91.07085,0
1571084,299,-90.64923,0
1571094,299,-90.64923,0
1571104,296,-91.07085,0
1571114,298,-90.78978,0
1571124,294,-91.35194,0
1571134,299,-90.64923,0
1571144,294,-91.35194,0
1571154,296,-91.07085,0
1571164,295,-91.2114,0
1571174,294,-91.35194,0
1571184,294,-91.35194,0
1571194,292,-91.63303,0
1571204,294,-91.35194,0
1571214,297,-90.93032,0
1571224,301,-90.36815,0
1571234,301,-90.36815,0
1571244,295,-91.2114,0
1571254,300,-90.50869,0
1571264,291,-91.77356,0
1571274,297,-90.93032,0
1571284,298,-90.78978,0
1571294,298,-90.78978,0
1571304,301,-90.36815,0
1571314,297,-90.93032,0
1571324,294,-91.35194,0
1571334,298,-90.78978,0
1571344,297,-90.93032,0
1571354,294,-91.35194,0
1571364,291,-91.77356,0
1571374,295,-91.2114,0
1571384,298,-90.78978,0
1571394,295,-91.2114,0
1571404,294,-91.35194,0
1571414,290,-91.91411,0
1571424,301,-90.36815,0
1571434,295,-91.2114,0
1571444,296,-91.07085,0
1571454,294,-91.35194,0
1571464,292,-91.63303,0
1571474,295,-91.2114,0
1571484,295,-91.2114,0
1571494,294,-91.35194,0
1571504,292,-91.63303,0
1571514,296,-91.07085,0
1571524,296,-91.07085,0
1571534,293,-91.49249,0
1571544,291,-91.77356,0
1571554,295,-91.2114,0
1571564,299,-90.64923,0
1571574,298,-90.78978,0
1571584,295,-91.2114,0
1571594,299,-90.64923,0
1571604,293,-91.49249,0
1571614,292,-91.63303,0
1571624,290,-91.91411,0
1571634,296,-91.07085,0
1571644,301,-90.36815,0
1571654,292,-91.63303,0
1571664,289,-92.05465,0
1571674,298,-90.78978,0
1571684,294,-91.35194,0
1571694,294,-91.35194,0
1571704,294,-91.35194,0
1571714,293,-91.49249,0
1571724,296,-91.07085,0
1571734,293,-91.49249,0
1571744,292,-91.63303,0
1571754,285,-92.61681,0
1571764,294,-91.35194,0
1571774,294,-91.35194,0
1571784,294,-91.35194,0
1571794,291,-91.77356,0
1571804,299,-90.64923,0
1571814,297,-90.93032,0
1571824,288,-92.19519,0
1571834,293,-91.49249,0
1571844,295,-91.2114,0
1571854,298,-90.78978,0
1571864,300,-90.50869,0
1571874,293,-91.49249,0
1571884,295,-91.2114,0
1571894,294,-91.35194,0
1571904,295,-91.2114,0
1571914,295,-91.2114,0
1571924,293,-91.49249,0
1571934,298,-90.78978,0
1571944,297,-90.93032,0
1571954,296,-91.07085,0
1571964,299,-90.64923,0
1571974,293,-91.49249,0
1571984,299,-90.64923,0
1571994,297,-90.93032,0
1572004,297,-90.93032,0
1572014,297,-90.93032,0
1572024,294,-91.35194,0
1572034,294,-91.35194,0
1572044,293,-91.49249,0
1572054,294,-91.35194,0
1572064,296,-91.07085,0
1572074,301,-90.36815,0
1572084,294,-91.35194,0
1572094,292,-91.63303,0
1572104,299,-90.64923,0
1572114,297,-90.93032,0
1572124,294,-91.35194,0
1572134,294,-91.35194,0
1572144,296,-91.07085,0
1572154,301,-90.36815,0
1572164,297,-90.93032,0
1572174,293,-91.49249,0
1572184,297,-90.93032,0
1572194,298,-90.78978,0
1572204,299,-90.64923,0
1572214,299,-90.64923,0
1572224,298,-90.78978,0
1572234,288,-92.19519,0
1572244,297,-90.93032,0
1572254,294,-91.35194,0
1572264,298,-90.78978,0
1572274,297,-90.93032,0
1572284,303,-90.08707,0
1572294,293,-91.49249,0
1572304,296,-91.07085,0
1572314,290,-91.91411,0
1572324,291,-91.77356,0
1572334,300,-90.50869,0
1572344,299,-90.64923,0
1572354,299,-90.64923,0
1572364,295,-91.2114,0
1572374,297,-90.93032,0
1572384,291,-91.77356,0
1572394,298,-90.78978,0
1572404,299,-90.64923,0
1572414,296,-91.07085,0
1572424,296,-91.07085,0
1572434,295,-91.2114,0
1572444,298,-90.78978,0
1572454,301,-90.36815,0
1572464,298,-90.78978,0
1572474,298,-90.78978,0
1572484,299,-90.64923,0
1572494,298,-90.78978,0
1572504,292,-91.63303,0
1572514,302,-90.22761,0
1572524,296,-91.07085,0
1572534,296,-91.07085,0
1572544,300,-90.50869,0
1572554,299,-90.64923,0
1572564,292,-91.63303,0
1572574,296,-91.07085,0
1572584,301,-90.36815,0
1572594,291,-91.77356,0
1572604,300,-90.50869,0
1572614,296,-91.07085,0
1572624,294,-91.35194,0
1572634,302,-90.22761,0
1572644,297,-90.93032,0
1572654,298,-90.78978,0
1572664,299,-90.64923,0
1572674,294,-91.35194,0
1572684,301,-90.36815,0
1572694,302,-90.22761,0
1572704,304,-89.94653,0
1572714,298,-90.78978,0
1572724,294,-91.35194,0
1572734,294,-91.35194,0
1572744,301,-90.36815,0
1572754,296,-91.07085,0
1572764,294,-91.35194,0
1572774,295,-91.2114,0
1572784,291,-91.77356,0
1572794,298,-90.78978,0
1572804,296,-91.07085,0
1572814,297,-90.93032,0
1572824,292,-91.63303,0
1572834,295,-91.2114,0
1572844,299,-90.64923,0
1572854,296,-91.07085,0
1572864,294,-91.35194,0
1572874,295,-91.2114,0
1572884,298,-90.78978,0
1572894,292,-91.63303,0
1572904,295,-91.2114,0
1572914,295,-91.2114,0
1572924,297,-90.93032,0
1572934,298,-90.78978,0
1572944,296,-91.07085,0
1572954,297,-90.93032,0
1572964,300,-90.50869,0
1572974,295,-91.2114,0
1572984,300,-90.50869,0
1572994,294,-91.35194,0
1573004,295,-91.2114,0
1573014,294,-91.35194,0
1573024,301,-90.36815,0
1573034,295,-91.2114,0
1573044,298,-90.78978,0
1573054,296,-91.07085,0
1573064,297,-90.93032,0
1573074,298,-90.78978,0
1573084,296,-91.07085,0
1573094,292,-91.63303,0
1573104,296,-91.07085,0
1573114,297,-90.93032,0
1573124,300,-90.50869,0
1573134,300,-90.50869,0
1573144,293,-91.49249,0
1573154,302,-90.22761,0
1573164,297,-90.93032,0
1573174,298,-90.78978,0
1573184,298,-90.78978,0
1573194,293,-91.49249,0
1573204,299,-90.64923,0
1573214,295,-91.2114,0
1573224,299,-90.64923,0
1573234,298,-90.78978,0
1573244,296,-91.07085,0
1573254,297,-90.93032,0
1573264,294,-91.35194,0
1573274,299,-90.64923,0
1573284,299,-90.64923,0
1573294,301,-90.36815,0
1573304,295,-91.2114,0
1573314,294,-91.35194,0
1573324,300,-90.50869,0
1573334,295,-91.2114,0
1573344,298,-90.78978,0
1573354,298,-90.78978,0
1573364,294,-91.35194,0
1573374,301,-90.36815,0
1573384,297,-90.93032,0
1573394,297,-90.93032,0
1573404,295,-91.2114,0
1573414,304,-89.94653,0
1573424,299,-90.64923,0
1573434,296,-91.07085,0
1573444,298,-90.78978,0
1573454,295,-91.2114,0
1573464,296,-91.07085,0
1573474,301,-90.36815,0
1573484,294,-91.35194,0
1573494,293,-91.49249,0
1573504,298,-90.78978,0
1573514,297,-90.93032,0
1573524,304,-89.94653,0
1573534,292,-91.63303,0
1573544,297,-90.93032,0
1573554,296,-91.07085,0
1573564,296,-91.07085,0
1573574,295,-91.2114,0
1573584,300,-90.50869,0
1573594,298,-90.78978,0
1573604,292,-91.63303,0
1573614,296,-91.07085,0
1573624,295,-91.2114,0
1573634,299,-90.64923,0
1573644,296,-91.07085,0
1573654,297,-90.93032,0
1573664,298,-90.78978,0
1573674,295,-91.2114,0
1573684,296,-91.07085,0
1573694,303,-90.08707,0
1573704,299,-90.64923,0
1573714,299,-90.64923,0
1573724,303,-90.08707,0
1573734,294,-91.35194,0
1573744,296,-91.07085,0
1573754,300,-90.50869,0
1573764,297,-90.93032,0
1573774,301,-90.36815,0
1573784,298,-90.78978,0
1573794,295,-91.2114,0
1573804,296,-91.07085,0
1573814,295,-91.2114,0
1573824,300,-90.50869,0
1573834,297,-90.93032,0
1573844,299,-90.64923,0
1573854,300,-90.50869,0
1573864,300,-90.50869,0
1573874,295,-91.2114,0
1573884,301,-90.36815,0
1573894,294,-91.35194,0
1573904,303,-90.08707,0
1573914,301,-90.36815,0
1573924,300,-90.50869,0
1573934,296,-91.07085,0
1573944,296,-91.07085,0
1573954,303,-90.08707,0
1573964,298,-90.78978,0
1573974,294,-91.35194,0
1573984,301,-90.36815,0
1573994,295,-91.2114,0
1574004,300,-90.50869,0
1574014,299,-90.64923,0
1574024,297,-90.93032,0
1574034,294,-91.35194,0
1574044,296,-91.07085,0
1574054,302,-90.22761,0
1574064,299,-90.64923,0
1574074,295,-91.2114,0
1574084,299,-90.64923,0
1574094,298,-90.78978,0
1574104,300,-90.50869,0
1574114,300,-90.50869,0
1574124,302,-90.22761,0
1574134,298,-90.78978,0
1574144,299,-90.64923,0
1574154,303,-90.08707,0
1574164,297,-90.93032,0
1574174,296,-91.07085,0
1574184,303,-90.08707,0
1574194,297,-90.93032,0
1574204,302,-90.22761,0
1574214,296,-91.07085,0
1574224,302,-90.22761,0
1574234,300,-90.50869,0
1574244,296,-91.07085,0
1574254,298,-90.78978,0
1574264,298,-90.78978,0
1574274,299,-90.64923,0
1574284,291,-91.77356,0
1574294,298,-90.78978,0
1574304,299,-90.64923,0
1574314,295,-91.2114,0
1574324,299,-90.64923,0
1574334,293,-91.49249,0
1574344,300,-90.50869,0
1574354,299,-90.64923,0
1574364,300,-90.50869,0
1574374,300,-90.50869,0
1574384,299,-90.64923,0
1574394,294,-91.35194,0
1574404,296,-91.07085,0
1574414,292,-91.63303,0
1574424,297,-90.93032,0
1574434,296,-91.07085,0
1574444,299,-90.64923,0
1574454,292,-91.63303,0
1574464,294,-91.35194,0
1574474,303,-90.08707,0
1574484,300,-90.50869,0
1574494,297,-90.93032,0
1574504,298,-90.78978,0
1574514,299,-90.64923,0
1574524,303,-90.08707,0
1574534,297,-90.93032,0
1574544,292,-91.63303,0
1574554,300,-90.50869,0
1574564,295,-91.2114,0
1574574,297,-90.93032,0
1574584,301,-90.36815,0
1574594,302,-90.22761,0
1574604,297,-90.93032,0
1574614,301,-90.36815,0
1574624,300,-90.50869,0
1574634,301,-90.36815,0
1574644,294,-91.35194,0
1574654,297,-90.93032,0
1574664,294,-91.35194,0
1574674,300,-90.50869,0
1574684,290,-91.91411,0
1574694,300,-90.50869,0
1574704,299,-90.64923,0
1574714,301,-90.36815,0
1574724,294,-91.35194,0
1574734,304,-89.94653,0
1574744,300,-90.50869,0
1574754,299,-90.64923,0
1574764,298,-90.78978,0
1574774,300,-90.50869,0
1574784,297,-90.93032,0
1574794,298,-90.78978,0
1574804,302,-90.22761,0
1574814,299,-90.64923,0
1574824,302,-90.22761,0
1574834,305,-89.80598,0
1574844,298,-90.78978,0
1574854,301,-90.36815,0
1574864,300,-90.50869,0
1574874,302,-90.22761,0
1574884,296,-91.07085,0
1574894,297,-90.93032,0
1574904,299,-90.64923,0
1574914,295,-91.2114,0
1574924,301,-90.36815,0
1574934,299,-90.64923,0
1574944,297,-90.93032,0
1574954,303,-90.08707,0
1574964,299,-90.64923,0
1574974,301,-90.36815,0
1574984,302,-90.22761,0
1574994,300,-90.50869,0
1575004,306,-89.66544,0
1575014,304,-89.94653,0
1575024,297,-90.93032,0
1575034,301,-90.36815,0
1575044,288,-92.19519,0
1575054,292,-91.63303,0
1575064,298,-90.78978,0
1575074,299,-90.64923,0
1575084,301,-90.36815,0
1575094,301,-90.36815,0
1575104,304,-89.94653,0
1575114,298,-90.78978,0
1575124,300,-90.50869,0
1575134,304,-89.94653,0
1575144,292,-91.63303,0
1575154,294,-91.35194,0
1575164,296,-91.07085,0
1575174,297,-90.93032,0
1575184,298,-90.78978,0
1575194,298,-90.78978,0
1575204,307,-89.5249,0
1575214,298,-90.78978,0
1575224,299,-90.64923,0
1575234,302,-90.22761,0
1575244,299,-90.64923,0
1575254,302,-90.22761,0
1575264,292,-91.63303,0
1575274,299,-90.64923,0
1575284,300,-90.50869,0
1575294,296,-91.07085,0
1575304,301,-90.36815,0
1575314,301,-90.36815,0
1575324,301,-90.36815,0
1575334,302,-90.22761,0
1575344,299,-90.64923,0
1575354,301,-90.36815,0
1575364,296,-91.07085,0
1575374,300,-90.50869,0
1575384,299,-90.64923,0
1575394,299,-90.64923,0
1575404,304,-89.94653,0
1575414,296,-91.07085,0
1575424,295,-91.2114,0
1575434,303,-90.08707,0
1575444,298,-90.78978,0
1575454,299,-90.64923,0
1575464,296,-91.07085,0
1575474,301,-90.36815,0
1575484,296,-91.07085,0
1575494,294,-91.35194,0
1575504,305,-89.80598,0
1575514,296,-91.07085,0
1575524,298,-90.78978,0
1575534,292,-91.63303,0
1575544,298,-90.78978,0
1575554,299,-90.64923,0
1575564,298,-90.78978,0
1575574,296,-91.07085,0
1575584,298,-90.78978,0
1575594,300,-90.50869,0
1575604,300,-90.50869,0
1575614,293,-91.49249,0
1575624,302,-90.22761,0
1575634,303,-90.08707,0
1575644,297,-90.93032,0
1575654,293,-91.49249,0
1575664,293,-91.49249,0
1575674,296,-91.07085,0
1575684,304,-89.94653,0
1575694,295,-91.2114,0
1575704,299,-90.64923,0
1575714,300,-90.50869,0
1575724,301,-90.36815,0
1575734,297,-90.93032,0
1575744,303,-90.08707,0
1575754,296,-91.07085,0
1575764,295,-91.2114,0
1575774,300,-90.50869,0
1575784,296,-91.07085,0
1575794,299,-90.64923,0
1575804,299,-90.64923,0
1575814,298,-90.78978,0
1575824,298,-90.78978,0
1575834,294,-91.35194,0
1575844,295,-91.2114,0
1575854,290,-91.91411,0
1575864,298,-90.78978,0
1575874,297,-90.93032,0
1575884,297,-90.93032,0
1575894,293,-91.49249,0
1575904,297,-90.93032,0
1575914,300,-90.50869,0
1575924,296,-91.07085,0
1575934,303,-90.08707,0
1575944,299,-90.64923,0
1575954,301,-90.36815,0
1575964,298,-90.78978,0
1575974,303,-90.08707,0
1575984,301,-90.36815,0
1575994,298,-90.78978,0
1576004,300,-90.50869,0
1576014,300,-90.50869,0
1576024,296,-91.07085,0
1576034,300,-90.50869,0
1576044,298,-90.78978,0
1576054,299,-90.64923,0
1576064,297,-90.93032,0
1576074,296,-91.07085,0
1576084,297,-90.93032,0
1576094,297,-90.93032,0
1576104,305,-89.80598,0
1576114,298,-90.78978,0
1576124,293,-91.49249,0
1576134,301,-90.36815,0
1576144,303,-90.08707,0
1576154,296,-91.07085,0
1576164,297,-90.93032,0
1576174,301,-90.36815,0
1576184,297,-90.93032,0
1576194,294,-91.35194,0
1576204,299,-90.64923,0
1576214,300,-90.50869,0
1576224,298,-90.78978,0
1576234,301,-90.36815,0
1576244,297,-90.93032,0
1576254,302,-90.22761,0
1576264,300,-90.50869,0
1576274,302,-90.22761,0
1576284,303,-90.08707,0
1576294,296,-91.07085,0
1576304,296,-91.07085,0
1576314,303,-90.08707,0
1576324,301,-90.36815,0
1576334,295,-91.2114,0
1576344,291,-91.77356,0
1576354,298,-90.78978,0
1576364,292,-91.63303,0
1576374,297,-90.93032,0
1576384,299,-90.64923,0
1576394,300,-90.50869,0
1576404,301,-90.36815,0
1576414,296,-91.07085,0
1576424,298,-90.78978,0
1576434,291,-91.77356,0
1576444,297,-90.93032,0
1576454,291,-91.77356,0
1576464,299,-90.64923,0
1576474,296,-91.07085,0
1576484,298,-90.78978,0
1576494,301,-90.36815,0
1576504,298,-90.78978,0
1576514,297,-90.93032,0
1576524,298,-90.78978,0
1576534,301,-90.36815,0
1576544,302,-90.22761,0
1576554,302,-90.22761,0
1576564,297,-90.93032,0
1576574,302,-90.22761,0
1576584,304,-89.94653,0
1576594,294,-91.35194,0
1576604,296,-91.07085,0
1576614,294,-91.35194,0
1576624,299,-90.64923,0
1576634,302,-90.22761,0
1576644,298,-90.78978,0
1576654,299,-90.64923,0
1576664,299,-90.64923,0
1576674,304,-89.94653,0
1576684,298,-90.78978,0
1576694,298,-90.78978,0
1576704,299,-90.64923,0
1576714,292,-91.63303,0
1576724,295,-91.2114,0
1576734,299,-90.64923,0
1576744,299,-90.64923,0
1576754,303,-90.08707,0
1576764,301,-90.36815,0
1576774,304,-89.94653,0
1576784,299,-90.64923,0
1576794,298,-90.78978,0
1576804,293,-91.49249,0
1576814,298,-90.78978,0
1576824,293,-91.49249,0
1576834,299,-90.64923,0
1576844,298,-90.78978,0
1576854,303,-90.08707,0
1576864,296,-91.07085,0
1576874,298,-90.78978,0
1576884,298,-90.78978,0
1576894,301,-90.36815,0
1576904,302,-90.22761,0
1576914,299,-90.64923,0
1576924,301,-90.36815,0
1576934,300,-90.50869,0
1576944,299,-90.64923,0
1576954,306,-89.66544,0
1576964,305,-89.80598,0
1576974,298,-90.78978,0
1576984,300,-90.50869,0
1576994,297,-90.93032,0
1577004,299,-90.64923,0
1577014,294,-91.35194,0
1577024,301,-90.36815,0
1577034,303,-90.08707,0
1577044,295,-91.2114,0
1577054,296,-91.07085,0
1577064,299,-90.64923,0
1577074,300,-90.50869,0
1577084,302,-90.22761,0
1577094,297,-90.93032,0
1577104,298,-90.78978,0
1577114,296,-91.07085,0
1577124,296,-91.07085,0
1577134,301,-90.36815,0
1577144,293,-91.49249,0
1577154,302,-90.22761,0
1577164,295,-91.2114,0
1577174,299,-90.64923,0
1577184,296,-91.07085,0
1577194,301,-90.36815,0
1577204,300,-90.50869,0
1577214,298,-90.78978,0
1577224,303,-90.08707,0
1577234,301,-90.36815,0
1577244,297,-90.93032,0
1577254,296,-91.07085,0
1577264,296,-91.07085,0
1577274,294,-91.35194,0
1577284,301,-90.36815,0
1577294,299,-90.64923,0
1577304,296,-91.07085,0
1577314,297,-90.93032,0
1577324,296,-91.07085,0
1577334,299,-90.64923,0
1577344,302,-90.22761,0
1577354,304,-89.94653,0
1577364,302,-90.22761,0
1577374,300,-90.50869,0
1577384,297,-90.93032,0
1577394,297,-90.93032,0
1577404,303,-90.08707,0
1577414,295,-91.2114,0
1577424,298,-90.78978,0
1577434,300,-90.50869,0
1577444,300,-90.50869,0
1577454,293,-91.49249,0
1577464,303,-90.08707,0
1577474,298,-90.78978,0
1577484,298,-90.78978,0
1577494,297,-90.93032,0
1577504,297,-90.93032,0
1577514,300,-90.50869,0
1577524,297,-90.93032,0
1577534,302,-90.22761,0
1577544,297,-90.93032,0
1577554,297,-90.93032,0
1577564,298,-90.78978,0
1577574,299,-90.64923,0
1577584,300,-90.50869,0
1577594,296,-91.07085,0
1577604,299,-90.64923,0
1577614,294,-91.35194,0
1577624,296,-91.07085,0
1577634,303,-90.08707,0
1577644,297,-90.93032,0
1577654,298,-90.78978,0
1577664,296,-91.07085,0
1577674,306,-89.66544,0
1577684,298,-90.78978,0
1577694,297,-90.93032,0
1577704,297,-90.93032,0
1577714,306,-89.66544,0
1577724,300,-90.50869,0
1577734,297,-90.93032,0
1577744,300,-90.50869,0
1577754,289,-92.05465,0
1577764,302,-90.22761,0
1577774,300,-90.50869,0
1577784,300,-90.50869,0
1577794,294,-91.35194,0
1577804,302,-90.22761,0
1577814,298,-90.78978,0
1577824,295,-91.2114,0
1577834,301,-90.36815,0
1577844,295,-91.2114,0
1577854,295,-91.2114,0
1577864,300,-90.50869,0
1577874,304,-89.94653,0
1577884,298,-90.78978,0
1577894,301,-90.36815,0
1577904,301,-90.36815,0
1577914,301,-90.36815,0
1577924,302,-90.22761,0
1577934,298,-90.78978,0
1577944,300,-90.50869,0
1577954,297,-90.93032,0
1577964,299,-90.64923,0
1577974,301,-90.36815,0
1577984,302,-90.22761,0
1577994,298,-90.78978,0
1578004,304,-89.94653,0
1578014,305,-89.80598,0
1578024,295,-91.2114,0
1578034,297,-90.93032,0
1578044,300,-90.50869,0
1578054,299,-90.64923,0
1578064,298,-90.78978,0
1578074,302,-90.22761,0
1578084,297,-90.93032,0
1578094,302,-90.22761,0
1578104,305,-89.80598,0
1578114,301,-90.36815,0
1578124,303,-90.08707,0
1578134,301,-90.36815,0
1578144,304,-89.94653,0
1578154,301,-90.36815,0
1578164,298,-90.78978,0
1578174,299,-90.64923,0
1578184,301,-90.36815,0
1578194,305,-89.80598,0
1578204,304,-89.94653,0
1578214,297,-90.93032,0
1578224,294,-91.35194,0
1578234,296,-91.07085,0
1578244,302,-90.22761,0
1578254,296,-91.07085,0
1578264,300,-90.50869,0
1578274,303,-90.08707,0
1578284,300,-90.50869,0
1578294,300,-90.50869,0
1578304,298,-90.78978,0
1578314,302,-90.22761,0
1578324,298,-90.78978,0
1578334,305,-89.80598,0
1578344,298,-90.78978,0
1578354,296,-91.07085,0
1578364,296,-91.07085,0
1578374,297,-90.93032,0
1578384,296,-91.07085,0
1578394,297,-90.93032,0
1578404,301,-90.36815,0
1578414,300,-90.50869,0
1578424,296,-91.07085,0
1578434,299,-90.64923,0
1578444,297,-90.93032,0
1578454,301,-90.36815,0
1578464,299,-90.64923,0
1578474,302,-90.22761,0
1578484,296,-91.07085,0
1578494,300,-90.50869,0
1578504,295,-91.2114,0
1578514,299,-90.64923,0
1578524,301,-90.36815,0
1578534,300,-90.50869,0
1578544,296,-91.07085,0
1578554,300,-90.50869,0
1578564,300,-90.50869,0
1578574,302,-90.22761,0
1578584,292,-91.63303,0
1578594,295,-91.2114,0
1578604,294,-91.35194,0
1578614,296,-91.07085,0
1578624,299,-90.64923,0
1578634,301,-90.36815,0
1578644,298,-90.78978,0
1578654,298,-90.78978,0
1578664,294,-91.35194,0
1578674,299,-90.64923,0
1578684,300,-90.50869,0
1578694,302,-90.22761,0
1578704,305,-89.80598,0
1578714,300,-90.50869,0
1578724,303,-90.08707,0
1578734,298,-90.78978,0
1578744,302,-90.22761,0
1578754,295,-91.2114,0
1578764,288,-92.19519,0
1578774,300,-90.50869,0
1578784,296,-91.07085,0
1578794,300,-90.50869,0
1578804,302,-90.22761,0
1578814,302,-90.22761,0
1578824,293,-91.49249,0
1578834,300,-90.50869,0
1578844,297,-90.93032,0
1578854,296,-91.07085,0
1578864,296,-91.07085,0
1578874,295,-91.2114,0
1578884,303,-90.08707,0
1578894,300,-90.50869,0
1578904,301,-90.36815,0
1578914,301,-90.36815,0
1578924,296,-91.07085,0
1578934,302,-90.22761,0
1578944,298,-90.78978,0
1578954,298,-90.78978,0
1578964,301,-90.36815,0
1578974,296,-91.07085,0
1578984,295,-91.2114,0
1578994,294,-91.35194,0
1579004,299,-90.64923,0
1579014,297,-90.93032,0
1579024,300,-90.50869,0
1579034,301,-90.36815,0
1579044,303,-90.08707,0
1579054,298,-90.78978,0
1579064,298,-90.78978,0
1579074,299,-90.64923,0
1579084,299,-90.64923,0
1579094,303,-90.08707,0
1579104,305,-89.80598,0
1579114,294,-91.35194,0
1579124,304,-89.94653,0
1579134,302,-90.22761,0
1579144,301,-90.36815,0
1579154,305,-89.80598,0
1579164,301,-90.36815,0
1579174,299,-90.64923,0
1579184,304,-89.94653,0
1579194,299,-90.64923,0
1579204,296,-91.07085,0
1579214,299,-90.64923,0
1579224,301,-90.36815,0
1579234,300,-90.50869,0
1579244,294,-91.35194,0
1579254,297,-90.93032,0
1579264,300,-90.50869,0
1579274,302,-90.22761,0
1579284,300,-90.50869,0
1579294,294,-91.35194,0
1579304,304,-89.94653,0
1579314,298,-90.78978,0
1579324,299,-90.64923,0
1579334,306,-89.66544,0
1579344,298,-90.78978,0
1579354,301,-90.36815,0
1579364,289,-92.05465,0
1579374,298,-90.78978,0
1579384,300,-90.50869,0
1579394,303,-90.08707,0
1579404,298,-90.78978,0
1579414,295,-91.2114,0
1579424,295,-91.2114,0
1579434,300,-90.50869,0
1579444,299,-90.64923,0
1579454,299,-90.64923,0
1579464,299,-90.64923,0
1579474,302,-90.22761,0
1579484,296,-91.07085,0
1579494,298,-90.78978,0
1579504,298,-90.78978,0
1579514,305,-89.80598,0
1579524,301,-90.36815,0
1579534,299,-90.64923,0
1579544,299,-90.64923,0
1579554,297,-90.93032,0
1579564,299,-90.64923,0
1579574,302,-90.22761,0
1579584,298,-90.78978,0
1579594,298,-90.78978,0
1579604,298,-90.78978,0
1579614,298,-90.78978,0
1579624,300,-90.50869,0
1579634,301,-90.36815,0
1579644,292,-91.63303,0
1579654,299,-90.64923,0
1579664,297,-90.93032,0
1579674,298,-90.78978,0
1579684,295,-91.2114,0
1579694,302,-90.22761,0
1579704,297,-90.93032,0
1579714,298,-90.78978,0
1579724,299,-90.64923,0
1579734,300,-90.50869,0
1579744,302,-90.22761,0
1579754,297,-90.93032,0
1579764,299,-90.64923,0
1579774,297,-90.93032,0
1579784,301,-90.36815,0
1579794,304,-89.94653,0
1579804,301,-90.36815,0
1579814,297,-90.93032,0
1579824,301,-90.36815,0
1579834,301,-90.36815,0
1579844,300,-90.50869,0
1579854,297,-90.93032,0
1579864,302,-90.22761,0
1579874,292,-91.63303,0
1579884,300,-90.50869,0
1579894,303,-90.08707,0
1579904,306,-89.66544,0
1579914,294,-91.35194,0
1579924,304,-89.94653,0
1579934,303,-90.08707,0
1579944,300,-90.50869,0
1579954,298,-90.78978,0
1579964,300,-90.50869,0
1579974,299,-90.64923,0
1579984,299,-90.64923,0
1579994,298,-90.78978,0
1580004,302,-90.22761,0
1580014,301,-90.36815,0
1580024,304,-89.94653,0
1580034,301,-90.36815,0
1580044,299,-90.64923,0
1580054,298,-90.78978,0
1580064,301,-90.36815,0
1580074,304,-89.94653,0
1580084,300,-90.50869,0
1580094,306,-89.66544,0
1580104,304,-89.94653,0
1580114,299,-90.64923,0
1580124,294,-91.35194,0
1580134,292,-91.63303,0
1580144,307,-89.5249,0
1580154,303,-90.08707,0
1580164,295,-91.2114,0
1580174,300,-90.50869,0
1580184,300,-90.50869,0
1580194,303,-90.08707,0
1580204,295,-91.2114,0
1580214,295,-91.2114,0
1580224,305,-89.80598,0
1580234,305,-89.80598,0
1580244,295,-91.2114,0
1580254,301,-90.36815,0
1580264,300,-90.50869,0
1580274,300,-90.50869,0
1580284,304,-89.94653,0
1580294,302,-90.22761,0
1580304,298,-90.78978,0
1580314,300,-90.50869,0
1580324,301,-90.36815,0
1580334,298,-90.78978,0
1580344,306,-89.66544,0
1580354,297,-90.93032,0
1580364,304,-89.94653,0
1580374,302,-90.22761,0
1580384,295,-91.2114,0
1580394,302,-90.22761,0
1580404,304,-89.94653,0
1580414,296,-91.07085,0
1580424,298,-90.78978,0
1580434,303,-90.08707,0
1580444,306,-89.66544,0
1580454,300,-90.50869,0
1580464,302,-90.22761,0
1580474,297,-90.93032,0
1580484,300,-90.50869,0
1580494,300,-90.50869,0
1580504,301,-90.36815,0
1580514,301,-90.36815,0
1580524,299,-90.64923,0
1580534,300,-90.50869,0
1580544,304,-89.94653,0
1580554,306,-89.66544,0
1580564,301,-90.36815,0
1580574,303,-90.08707,0
1580584,300,-90.50869,0
1580594,302,-90.22761,0
1580604,298,-90.78978,0
1580614,302,-90.22761,0
1580624,294,-91.35194,0
1580634,302,-90.22761,0
1580644,300,-90.50869,0
1580654,300,-90.50869,0
1580664,295,-91.2114,0
1580674,301,-90.36815,0
1580684,302,-90.22761,0
1580694,303,-90.08707,0
1580704,304,-89.94653,0
1580714,298,-90.78978,0
1580724,296,-91.07085,0
1580734,295,-91.2114,0
1580744,301,-90.36815,0
1580754,298,-90.78978,0
1580764,301,-90.36815,0
1580774,299,-90.64923,0
1580784,296,-91.07085,0
1580794,297,-90.93032,0
1580804,308,-89.38436,0
1580814,303,-90.08707,0
1580824,299,-90.64923,0
1580834,297,-90.93032,0
1580844,308,-89.38436,0
1580854,302,-90.22761,0
1580864,293,-91.49249,0
1580874,302,-90.22761,0
1580884,299,-90.64923,0
1580894,298,-90.78978,0
1580904,300,-90.50869,0
1580914,297,-90.93032,0
1580924,305,-89.80598,0
1580934,297,-90.93032,0
1580944,300,-90.50869,0
1580954,301,-90.36815,0
1580964,299,-90.64923,0
1580974,298,-90.78978,0
1580984,296,-91.07085,0
1580994,299,-90.64923,0
1581004,299,-90.64923,0
1581014,300,-90.50869,0
1581024,301,-90.36815,0
1581034,302,-90.22761,0
1581044,303,-90.08707,0
1581054,304,-89.94653,0
1581064,296,-91.07085,0
1581074,294,-91.35194,0
1581084,304,-89.94653,0
1581094,298,-90.78978,0
1581104,299,-90.64923,0
1581114,298,-90.78978,0
1581124,303,-90.08707,0
1581134,300,-90.50869,0
1581144,296,-91.07085,0
1581154,298,-90.78978,0
1581164,301,-90.36815,0
1581174,298,-90.78978,0
1581184,299,-90.64923,0
1581194,299,-90.64923,0
1581204,301,-90.36815,0
1581214,300,-90.50869,0
1581224,299,-90.64923,0
1581234,295,-91.2114,0
1581244,296,-91.07085,0
1581254,298,-90.78978,0
1581264,294,-91.35194,0
1581274,298,-90.78978,0
1581284,301,-90.36815,0
1581294,300,-90.50869,0
1581304,305,-89.80598,0
1581314,298,-90.78978,0
1581324,303,-90.08707,0
1581334,298,-90.78978,0
1581344,300,-90.50869,0
1581354,304,-89.94653,0
1581364,296,-91.07085,0
1581374,299,-90.64923,0
1581384,294,-91.35194,0
1581394,302,-90.22761,0
1581404,302,-90.22761,0
1581414,302,-90.22761,0
1581424,301,-90.36815,0
1581434,303,-90.08707,0
1581444,297,-90.93032,0
1581454,294,-91.35194,0
1581464,296,-91.07085,0
1581474,301,-90.36815,0
1581484,303,-90.08707,0
1581494,301,-90.36815,0
1581504,298,-90.78978,0
1581514,308,-89.38436,0
1581524,303,-90.08707,0
1581534,307,-89.5249,0
1581544,302,-90.22761,0
1581554,294,-91.35194,0
1581564,303,-90.08707,0
1581574,299,-90.64923,0
1581584,303,-90.08707,0
1581594,300,-90.50869,0
1581604,298,-90.78978,0
1581614,298,-90.78978,0
1581624,300,-90.50869,0
1581634,292,-91.63303,0
1581644,302,-90.22761,0
1581654,298,-90.78978,0
1581664,303,-90.08707,0
1581674,303,-90.08707,0
1581684,300,-90.50869,0
1581694,300,-90.50869,0
1581704,299,-90.64923,0
1581714,301,-90.36815,0
1581724,303,-90.08707,0
1581734,302,-90.22761,0
1581744,298,-90.78978,0
1581754,295,-91.2114,0
1581764,301,-90.36815,0
1581774,296,-91.07085,0
1581784,297,-90.93032,0
1581794,294,-91.35194,0
1581804,300,-90.50869,0
1581814,305,-89.80598,0
1581824,303,-90.08707,0
1581834,302,-90.22761,0
1581844,301,-90.36815,0
1581854,301,-90.36815,0
1581864,298,-90.78978,0
1581874,304,-89.94653,0
1581884,300,-90.50869,0
1581894,310,-89.10328,0
1581904,295,-91.2114,0
1581914,299,-90.64923,0
1581924,307,-89.5249,0
1581934,299,-90.64923,0
1581944,299,-90.64923,0
1581954,295,-91.2114,0
1581964,302,-90.22761,0
1581974,299,-90.64923,0
1581984,303,-90.08707,0
1581994,296,-91.07085,0
1582004,301,-90.36815,0
1582014,300,-90.50869,0
1582024,292,-91.63303,0
1582034,293,-91.49249,0
1582044,301,-90.36815,0
1582054,297,-90.93032,0
1582064,301,-90.36815,0
1582074,295,-91.2114,0
1582084,301,-90.36815,0
1582094,301,-90.36815,0
1582104,302,-90.22761,0
1582114,298,-90.78978,0
1582124,298,-90.78978,0
1582134,300,-90.50869,0
1582144,301,-90.36815,0
1582154,300,-90.50869,0
1582164,303,-90.08707,0
1582174,300,-90.50869,0
1582184,298,-90.78978,0
1582194,305,-89.80598,0
1582204,300,-90.50869,0
1582214,302,-90.22761,0
1582224,306,-89.66544,0
1582234,294,-91.35194,0
1582244,300,-90.50869,0
1582254,306,-89.66544,0
1582264,298,-90.78978,0
1582274,297,-90.93032,0
1582284,294,-91.35194,0
1582294,304,-89.94653,0
1582304,300,-90.50869,0
1582314,299,-90.64923,0
1582324,299,-90.64923,0
1582334,305,-89.80598,0
1582344,301,-90.36815,0
1582354,305,-89.80598,0
1582364,303,-90.08707,0
1582374,301,-90.36815,0
1582384,305,-89.80598,0
1582394,303,-90.08707,0
1582404,299,-90.64923,0
1582414,297,-90.93032,0
1582424,306,-89.66544,0
1582434,300,-90.50869,0
1582444,303,-90.08707,0
1582454,300,-90.50869,0
1582464,303,-90.08707,0
1582474,300,-90.50869,0
1582484,298,-90.78978,0
1582494,298,-90.78978,0
1582504,301,-90.36815,0
1582514,304,-89.94653,0
1582524,300,-90.50869,0
1582534,302,-90.22761,0
1582544,296,-91.07085,0
1582554,303,-90.08707,0
1582564,299,-90.64923,0
1582574,302,-90.22761,0
1582584,300,-90.50869,0
1582594,296,-91.07085,0
1582604,302,-90.22761,0
1582614,302,-90.22761,0
1582624,303,-90.08707,0
1582634,296,-91.07085,0
1582644,297,-90.93032,0
1582654,300,-90.50869,0
1582664,302,-90.22761,0
1582674,301,-90.36815,0
1582684,291,-91.77356,0
1582694,304,-89.94653,0
1582704,298,-90.78978,0
1582714,303,-90.08707,0
1582724,298,-90.78978,0
1582734,301,-90.36815,0
1582744,297,-90.93032,0
1582754,302,-90.22761,0
1582764,296,-91.07085,0
1582774,302,-90.22761,0
1582784,298,-90.78978,0
1582794,295,-91.2114,0
1582804,299,-90.64923,0
1582814,301,-90.36815,0
1582824,296,-91.07085,0
1582834,300,-90.50869,0
1582844,301,-90.36815,0
1582854,303,-90.08707,0
1582864,303,-90.08707,0
1582874,298,-90.78978,0
1582884,294,-91.35194,0
1582894,306,-89.66544,0
1582904,301,-90.36815,0
1582914,298,-90.78978,0
1582924,299,-90.64923,0
1582934,298,-90.78978,0
1582944,303,-90.08707,0
1582954,300,-90.50869,0
1582964,295,-91.2114,0
1582974,295,-91.2114,0
1582984,300,-90.50869,0
1582994,303,-90.08707,0
1583004,297,-90.93032,0
1583014,302,-90.22761,0
1583024,301,-90.36815,0
1583034,297,-90.93032,0
1583044,302,-90.22761,0
1583054,302,-90.22761,0
1583064,300,-90.50869,0
1583074,303,-90.08707,0
1583084,306,-89.66544,0
1583094,299,-90.64923,0
1583104,298,-90.78978,0
1583114,298,-90.78978,0
1583124,301,-90.36815,0
1583134,295,-91.2114,0
1583144,304,-89.94653,0
1583154,303,-90.08707,0
1583164,304,-89.94653,0
1583174,301,-90.36815,0
1583184,298,-90.78978,0
1583194,298,-90.78978,0
1583204,299,-90.64923,0
1583214,304,-89.94653,0
1583224,300,-90.50869,0
1583234,301,-90.36815,0
1583244,301,-90.36815,0
1583254,299,-90.64923,0
1583264,295,-91.2114,0
1583274,305,-89.80598,0
1583284,299,-90.64923,0
1583294,303,-90.08707,0
1583304,303,-90.08707,0
1583314,298,-90.78978,0
1583324,300,-90.50869,0
1583334,299,-90.64923,0
1583344,301,-90.36815,0
1583354,300,-90.50869,0
1583364,302,-90.22761,0
1583374,300,-90.50869,0
1583384,302,-90.22761,0
1583394,302,-90.22761,0
1583404,305,-89.80598,0
1583414,302,-90.22761,0
1583424,299,-90.64923,0
1583434,298,-90.78978,0
1583444,299,-90.64923,0
1583454,302,-90.22761,0
1583464,299,-90.64923,0
1583474,302,-90.22761,0
1583484,302,-90.22761,0
1583494,301,-90.36815,0
1583504,301,-90.36815,0
1583514,301,-90.36815,0
1583524,296,-91.07085,0
1583534,301,-90.36815,0
1583544,303,-90.08707,0
1583554,301,-90.36815,0
1583564,303,-90.08707,0
1583574,306,-89.66544,0
1583584,296,-91.07085,0
1583594,301,-90.36815,0
1583604,299,-90.64923,0
1583614,294,-91.35194,0
1583624,296,-91.07085,0
1583634,301,-90.36815,0
1583644,304,-89.94653,0
1583654,298,-90.78978,0
1583664,301,-90.36815,0
1583674,299,-90.64923,0
1583684,298,-90.78978,0
1583694,299,-90.64923,0
1583704,302,-90.22761,0
1583714,301,-90.36815,0
1583724,304,-89.94653,0
1583734,301,-90.36815,0
1583744,303,-90.08707,0
1583754,299,-90.64923,0
1583764,304,-89.94653,0
1583774,300,-90.50869,0
1583784,302,-90.22761,0
1583794,302,-90.22761,0
1583804,298,-90.78978,0
1583814,303,-90.08707,0
1583824,301,-90.36815,0
1583834,300,-90.50869,0
1583844,307,-89.5249,0
1583854,302,-90.22761,0
1583864,298,-90.78978,0
1583874,306,-89.66544,0
1583884,297,-90.93032,0
1583894,307,-89.5249,0
1583904,296,-91.07085,0
1583914,300,-90.50869,0
1583924,299,-90.64923,0
1583934,296,-91.07085,0
1583944,303,-90.08707,0
1583954,298,-90.78978,0
1583964,295,-91.2114,0
1583974,297,-90.93032,0
1583984,302,-90.22761,0
1583994,294,-91.35194,0
1584004,297,-90.93032,0
1584014,303,-90.08707,0
1584024,294,-91.35194,0
1584034,299,-90.64923,0
1584044,303,-90.08707,0
1584054,305,-89.80598,0
1584064,303,-90.08707,0
1584074,304,-89.94653,0
1584084,299,-90.64923,0
1584094,295,-91.2114,0
1584104,296,-91.07085,0
1584114,299,-90.64923,0
1584124,297,-90.93032,0
1584134,303,-90.08707,0
1584144,306,-89.66544,0
1584154,301,-90.36815,0
1584164,303,-90.08707,0
1584174,299,-90.64923,0
1584184,295,-91.2114,0
1584194,303,-90.08707,0
1584204,297,-90.93032,0
1584214,295,-91.2114,0
1584224,301,-90.36815,0
1584234,299,-90.64923,0
1584244,300,-90.50869,0
1584254,306,-89.66544,0
1584264,302,-90.22761,0
1584274,298,-90.78978,0
1584284,303,-90.08707,0
1584294,303,-90.08707,0
1584304,305,-89.80598,0
1584314,303,-90.08707,0
1584324,300,-90.50869,0
1584334,297,-90.93032,0
1584344,301,-90.36815,0
1584354,300,-90.50869,0
1584364,302,-90.22761,0
1584374,306,-89.66544,0
1584384,294,-91.35194,0
1584394,309,-89.24382,0
1584404,300,-90.50869,0
1584414,302,-90.22761,0
1584424,297,-90.93032,0
1584434,299,-90.64923,0
1584444,306,-89.66544,0
1584454,301,-90.36815,0
1584464,304,-89.94653,0
1584474,297,-90.93032,0
1584484,298,-90.78978,0
1584494,306,-89.66544,0
1584504,299,-90.64923,0
1584514,296,-91.07085,0
1584524,302,-90.22761,0
1584534,299,-90.64923,0
1584544,306,-89.66544,0
1584554,300,-90.50869,0
1584564,296,-91.07085,0
1584574,301,-90.36815,0
1584584,300,-90.50869,0
1584594,301,-90.36815,0
1584604,298,-90.78978,0
1584614,303,-90.08707,0
1584624,299,-90.64923,0
1584634,299,-90.64923,0
1584644,310,-89.10328,0
1584654,304,-89.94653,0
1584664,299,-90.64923,0
1584674,301,-90.36815,0
1584684,294,-91.35194,0
1584694,302,-90.22761,0
1584704,297,-90.93032,0
1584714,301,-90.36815,0
1584724,299,-90.64923,0
1584734,304,-89.94653,0
1584744,299,-90.64923,0
1584754,298,-90.78978,0
1584764,302,-90.22761,0
1584774,308,-89.38436,0
1584784,299,-90.64923,0
1584794,303,-90.08707,0
1584804,299,-90.64923,0
1584814,301,-90.36815,0
1584824,304,-89.94653,0
1584834,299,-90.64923,0
1584844,303,-90.08707,0
1584854,300,-90.50869,0
1584864,303,-90.08707,0
1584874,301,-90.36815,0
1584884,299,-90.64923,0
1584894,299,-90.64923,0
1584904,299,-90.64923,0
1584914,301,-90.36815,0
1584924,304,-89.94653,0
1584934,296,-91.07085,0
1584944,300,-90.50869,0
1584954,304,-89.94653,0
1584964,307,-89.5249,0
1584974,301,-90.36815,0
1584984,304,-89.94653,0
1584994,306,-89.66544,0
1585004,295,-91.2114,0
1585014,303,-90.08707,0
1585024,290,-91.91411,0
1585034,304,-89.94653,0
1585044,302,-90.22761,0
1585054,301,-90.36815,0
1585064,302,-90.22761,0
1585074,300,-90.50869,0
1585084,296,-91.07085,0
1585094,295,-91.2114,0
1585104,299,-90.64923,0
1585114,299,-90.64923,0
1585124,301,-90.36815,0
1585134,300,-90.50869,0
1585144,297,-90.93032,0
1585154,296,-91.07085,0
1585164,299,-90.64923,0
1585174,295,-91.2114,0
1585184,303,-90.08707,0
1585194,296,-91.07085,0
1585204,305,-89.80598,0
1585214,301,-90.36815,0
1585224,304,-89.94653,0
1585234,293,-91.49249,0
1585244,298,-90.78978,0
1585254,299,-90.64923,0
1585264,300,-90.50869,0
1585274,303,-90.08707,0
1585284,299,-90.64923,0
1585294,296,-91.07085,0
1585304,295,-91.2114,0
1585314,293,-91.49249,0
1585324,292,-91.63303,0
1585334,301,-90.36815,0
1585344,297,-90.93032,0
1585354,301,-90.36815,0
1585364,296,-91.07085,0
1585374,295,-91.2114,0
1585384,301,-90.36815,0
1585394,297,-90.93032,0
1585404,303,-90.08707,0
1585414,296,-91.07085,0
1585424,302,-90.22761,0
1585434,297,-90.93032,0
1585444,304,-89.94653,0
1585454,300,-90.50869,0
1585464,305,-89.80598,0
1585474,307,-89.5249,0
1585484,298,-90.78978,0
1585494,300,-90.50869,0
1585504,304,-89.94653,0
1585514,299,-90.64923,0
1585524,298,-90.78978,0
1585534,298,-90.78978,0
1585544,303,-90.08707,0
1585554,303,-90.08707,0
1585564,299,-90.64923,0
1585574,300,-90.50869,0
1585584,305,-89.80598,0
1585594,302,-90.22761,0
1585604,302,-90.22761,0
1585614,294,-91.35194,0
1585624,297,-90.93032,0
1585634,296,-91.07085,0
1585644,300,-90.50869,0
1585654,301,-90.36815,0
1585664,301,-90.36815,0
1585674,301,-90.36815,0
1585684,304,-89.94653,0
1585694,303,-90.08707,0
1585704,297,-90.93032,0
1585714,299,-90.64923,0
1585724,295,-91.2114,0
1585734,301,-90.36815,0
1585744,302,-90.22761,0
1585754,304,-89.94653,0
1585764,296,-91.07085,0
1585774,298,-90.78978,0
1585784,299,-90.64923,0
1585794,291,-91.77356,0
1585804,295,-91.2114,0
1585814,296,-91.07085,0
1585824,304,-89.94653,0
1585834,303,-90.08707,0
1585844,304,-89.94653,0
1585854,296,-91.07085,0
1585864,300,-90.50869,0
1585874,299,-90.64923,0
1585884,298,-90.78978,0
1585894,299,-90.64923,0
1585904,303,-90.08707,0
1585914,299,-90.64923,0
1585924,301,-90.36815,0
1585934,297,-90.93032,0
1585944,297,-90.93032,0
1585954,297,-90.93032,0
1585964,298,-90.78978,0
1585974,293,-91.49249,0
1585984,300,-90.50869,0
1585994,303,-90.08707,0
1586004,301,-90.36815,0
1586014,300,-90.50869,0
1586024,303,-90.08707,0
1586034,299,-90.64923,0
1586044,302,-90.22761,0
1586054,300,-90.50869,0
1586064,297,-90.93032,0
1586074,302,-90.22761,0
1586084,294,-91.35194,0
1586094,303,-90.08707,0
1586104,306,-89.66544,0
1586114,300,-90.50869,0
1586124,303,-90.08707,0
1586134,297,-90.93032,0
1586144,298,-90.78978,0
1586154,295,-91.2114,0
1586164,300,-90.50869,0
1586174,298,-90.78978,0
1586184,295,-91.2114,0
1586194,302,-90.22761,0
1586204,300,-90.50869,0
1586214,300,-90.50869,0
1586224,302,-90.22761,0
1586234,294,-91.35194,0
1586244,304,-89.94653,0
1586254,297,-90.93032,0
1586264,298,-90.78978,0
1586274,294,-91.35194,0
1586284,305,-89.80598,0
1586294,300,-90.50869,0
1586304,298,-90.78978,0
1586314,298,-90.78978,0
1586324,298,-90.78978,0
1586334,295,-91.2114,0
1586344,298,-90.78978,0
1586354,295,-91.2114,0
1586364,298,-90.78978,0
1586374,296,-91.07085,0
1586384,300,-90.50869,0
1586394,302,-90.22761,0
1586404,298,-90.78978,0
1586414,295,-91.2114,0
1586424,301,-90.36815,0
1586434,305,-89.80598,0
1586444,303,-90.08707,0
1586454,301,-90.36815,0
1586464,296,-91.07085,0
1586474,306,-89.66544,0
1586484,302,-90.22761,0
1586494,300,-90.50869,0
1586504,304,-89.94653,0
1586514,301,-90.36815,0
1586524,299,-90.64923,0
1586534,305,-89.80598,0
1586544,299,-90.64923,0
1586554,304,-89.94653,0
1586564,299,-90.64923,0
1586574,301,-90.36815,0
1586584,303,-90.08707,0
1586594,301,-90.36815,0
1586604,300,-90.50869,0
1586614,299,-90.64923,0
1586624,307,-89.5249,0
1586634,301,-90.36815,0
1586644,301,-90.36815,0
1586654,297,-90.93032,0
1586664,302,-90.22761,0
1586674,297,-90.93032,0
1586684,300,-90.50869,0
1586694,300,-90.50869,0
1586704,304,-89.94653,0
1586714,301,-90.36815,0
1586724,307,-89.5249,0
1586734,303,-90.08707,0
1586744,299,-90.64923,0
1586754,297,-90.93032,0
1586764,295,-91.2114,0
1586774,295,-91.2114,0
1586784,298,-90.78978,0
1586794,300,-90.50869,0
1586804,301,-90.36815,0
1586814,302,-90.22761,0
1586824,304,-89.94653,0
1586834,302,-90.22761,0
1586844,301,-90.36815,0
1586854,302,-90.22761,0
1586864,302,-90.22761,0
1586874,303,-90.08707,0
1586884,298,-90.78978,0
1586894,301,-90.36815,0
1586904,297,-90.93032,0
1586914,301,-90.36815,0
1586924,303,-90.08707,0
1586934,299,-90.64923,0
1586944,299,-90.64923,0
1586954,299,-90.64923,0
1586964,304,-89.94653,0
1586974,302,-90.22761,0
1586984,303,-90.08707,0
1586994,298,-90.78978,0
1587004,299,-90.64923,0
1587014,303,-90.08707,0
1587024,303,-90.08707,0
1587034,298,-90.78978,0
1587044,301,-90.36815,0
1587054,297,-90.93032,0
1587064,298,-90.78978,0
1587074,298,-90.78978,0
1587084,301,-90.36815,0
1587094,300,-90.50869,0
1587104,298,-90.78978,0
1587114,301,-90.36815,0
1587124,302,-90.22761,0
1587134,297,-90.93032,0
1587144,303,-90.08707,0
1587154,294,-91.35194,0
1587164,300,-90.50869,0
1587174,299,-90.64923,0
1587184,311,-88.96274,0
1587194,300,-90.50869,0
1587204,303,-90.08707,0
1587214,301,-90.36815,0
1587224,300,-90.50869,0
1587234,298,-90.78978,0
1587244,305,-89.80598,0
1587254,302,-90.22761,0
1587264,304,-89.94653,0
1587274,303,-90.08707,0
1587284,304,-89.94653,0
1587294,299,-90.64923,0
1587304,300,-90.50869,0
1587314,301,-90.36815,0
1587324,304,-89.94653,0
1587334,295,-91.2114,0
1587344,300,-90.50869,0
1587354,293,-91.49249,0
1587364,302,-90.22761,0
1587374,301,-90.36815,0
1587384,299,-90.64923,0
1587394,299,-90.64923,0
1587404,304,-89.94653,0
1587414,294,-91.35194,0
1587424,305,-89.80598,0
1587434,299,-90.64923,0
1587444,306,-89.66544,0
1587454,293,-91.49249,0
1587464,297,-90.93032,0
1587474,297,-90.93032,0
1587484,304,-89.94653,0
1587494,299,-90.64923,0
1587504,302,-90.22761,0
1587514,302,-90.22761,0
1587524,304,-89.94653,0
1587534,301,-90.36815,0
1587544,298,-90.78978,0
1587554,299,-90.64923,0
1587564,299,-90.64923,0
1587574,301,-90.36815,0
1587584,304,-89.94653,0
1587594,299,-90.64923,0
1587604,296,-91.07085,0
1587614,301,-90.36815,0
1587624,302,-90.22761,0
1587634,300,-90.50869,0
1587644,300,-90.50869,0
1587654,299,-90.64923,0
1587664,303,-90.08707,0
1587674,302,-90.22761,0
1587684,302,-90.22761,0
1587694,297,-90.93032,0
1587704,302,-90.22761,0
1587714,297,-90.93032,0
1587724,300,-90.50869,0
1587734,302,-90.22761,0
1587744,297,-90.93032,0
1587754,299,-90.64923,0
1587764,297,-90.93032,0
1587774,300,-90.50869,0
1587784,302,-90.22761,0
1587794,302,-90.22761,0
1587804,301,-90.36815,0
1587814,296,-91.07085,0
1587824,299,-90.64923,0
1587834,296,-91.07085,0
1587844,305,-89.80598,0
1587854,301,-90.36815,0
1587864,300,-90.50869,0
1587874,303,-90.08707,0
1587884,297,-90.93032,0
1587894,301,-90.36815,0
1587904,303,-90.08707,0
1587914,300,-90.50869,0
1587924,297,-90.93032,0
1587934,297,-90.93032,0
1587944,298,-90.78978,0
1587954,299,-90.64923,0
1587964,306,-89.66544,0
1587974,301,-90.36815,0
1587984,302,-90.22761,0
1587994,301,-90.36815,0
1588004,298,-90.78978,0
1588014,297,-90.93032,0
1588024,299,-90.64923,0
1588034,303,-90.08707,0
1588044,295,-91.2114,0
1588054,300,-90.50869,0
1588064,298,-90.78978,0
1588074,300,-90.50869,0
1588084,297,-90.93032,0
1588094,305,-89.80598,0
1588104,301,-90.36815,0
1588114,298,-90.78978,0
1588124,300,-90.50869,0
1588134,298,-90.78978,0
1588144,302,-90.22761,0
1588154,296,-91.07085,0
1588164,298,-90.78978,0
1588174,304,-89.94653,0
1588184,297,-90.93032,0
1588194,301,-90.36815,0
1588204,297,-90.93032,0
1588214,304,-89.94653,0
1588224,299,-90.64923,0
1588234,302,-90.22761,0
1588244,301,-90.36815,0
1588254,302,-90.22761,0
1588264,304,-89.94653,0
1588274,300,-90.50869,0
1588284,296,-91.07085,0
1588294,301,-90.36815,0
1588304,300,-90.50869,0
1588314,300,-90.50869,0
1588324,299,-90.64923,0
1588334,298,-90.78978,0
1588344,300,-90.50869,0
1588354,296,-91.07085,0
1588364,304,-89.94653,0
1588374,306,-89.66544,0
1588384,303,-90.08707,0
1588394,304,-89.94653,0
1588404,302,-90.22761,0
1588414,301,-90.36815,0
1588424,311,-88.96274,0
1588434,295,-91.2114,0
1588444,295,-91.2114,0
1588454,301,-90.36815,0
1588464,300,-90.50869,0
1588474,300,-90.50869,0
1588484,302,-90.22761,0
1588494,297,-90.93032,0
1588504,299,-90.64923,0
1588514,304,-89.94653,0
1588524,302,-90.22761,0
1588534,290,-91.91411,0
1588544,298,-90.78978,0
1588554,297,-90.93032,0
1588564,299,-90.64923,0
1588574,296,-91.07085,0
1588584,296,-91.07085,0
1588594,299,-90.64923,0
1588604,300,-90.50869,0
1588614,298,-90.78978,0
1588624,299,-90.64923,0
1588634,299,-90.64923,0
1588644,300,-90.50869,0
1588654,297,-90.93032,0
1588664,298,-90.78978,0
1588674,297,-90.93032,0
1588684,306,-89.66544,0
1588694,296,-91.07085,0
1588704,299,-90.64923,0
1588714,306,-89.66544,0
1588724,302,-90.22761,0
1588734,296,-91.07085,0
1588744,299,-90.64923,0
1588754,298,-90.78978,0
1588764,303,-90.08707,0
1588774,305,-89.80598,0
1588784,298,-90.78978,0
1588794,304,-89.94653,0
1588804,298,-90.78978,0
1588814,303,-90.08707,0
1588824,303,-90.08707,0
1588834,298,-90.78978,0
1588844,302,-90.22761,0
1588854,301,-90.36815,0
1588864,305,-89.80598,0
1588874,302,-90.22761,0
1588884,303,-90.08707,0
1588894,298,-90.78978,0
1588904,303,-90.08707,0
1588914,302,-90.22761,0
1588924,301,-90.36815,0
1588934,300,-90.50869,0
1588944,299,-90.64923,0
1588954,302,-90.22761,0
1588964,296,-91.07085,0
1588974,301,-90.36815,0
1588984,297,-90.93032,0
1588994,291,-91.77356,0
1589004,301,-90.36815,0
1589014,301,-90.36815,0
1589024,295,-91.2114,0
1589034,299,-90.64923,0
1589044,300,-90.50869,0
1589054,303,-90.08707,0
1589064,294,-91.35194,0
1589074,298,-90.78978,0
1589084,296,-91.07085,0
1589094,296,-91.07085,0
1589104,294,-91.35194,0
1589114,298,-90.78978,0
1589124,301,-90.36815,0
1589134,299,-90.64923,0
1589144,304,-89.94653,0
1589154,298,-90.78978,0
1589164,302,-90.22761,0
1589174,302,-90.22761,0
1589184,299,-90.64923,0
1589194,302,-90.22761,0
1589204,298,-90.78978,0
1589214,302,-90.22761,0
1589224,304,-89.94653,0
1589234,296,-91.07085,0
1589244,302,-90.22761,0
1589254,302,-90.22761,0
1589264,302,-90.22761,0
1589274,302,-90.22761,0
1589284,300,-90.50869,0
1589294,303,-90.08707,0
1589304,297,-90.93032,0
1589314,302,-90.22761,0
1589324,298,-90.78978,0
1589334,300,-90.50869,0
1589344,307,-89.5249,0
1589354,298,-90.78978,0
1589364,300,-90.50869,0
1589374,301,-90.36815,0
1589384,305,-89.80598,0
1589394,304,-89.94653,0
1589404,302,-90.22761,0
1589414,300,-90.50869,0
1589424,302,-90.22761,0
1589434,303,-90.08707,0
1589444,303,-90.08707,0
1589454,304,-89.94653,0
1589464,300,-90.50869,0
1589474,303,-90.08707,0
1589484,302,-90.22761,0
1589494,301,-90.36815,0
1589504,298,-90.78978,0
1589514,307,-89.5249,0
1589524,299,-90.64923,0
1589534,302,-90.22761,0
1589544,304,-89.94653,0
1589554,305,-89.80598,0
1589564,301,-90.36815,0
1589574,297,-90.93032,0
1589584,301,-90.36815,0
1589594,297,-90.93032,0
1589604,301,-90.36815,0
1589614,304,-89.94653,0
1589624,299,-90.64923,0
1589634,302,-90.22761,0
1589644,301,-90.36815,0
1589654,305,-89.80598,0
1589664,303,-90.08707,0
1589674,303,-90.08707,0
1589684,303,-90.08707,0
1589694,302,-90.22761,0
1589704,298,-90.78978,0
1589714,303,-90.08707,0
1589724,303,-90.08707,0
1589734,300,-90.50869,0
1589744,304,-89.94653,0
1589754,303,-90.08707,0
1589764,305,-89.80598,0
1589774,302,-90.22761,0
1589784,300,-90.50869,0
1589794,304,-89.94653,0
1589804,309,-89.24382,0
1589814,296,-91.07085,0
1589824,300,-90.50869,0
1589834,303,-90.08707,0
1589844,301,-90.36815,0
1589854,298,-90.78978,0
1589864,302,-90.22761,0
1589874,296,-91.07085,0
1589884,301,-90.36815,0
1589894,301,-90.36815,0
1589904,301,-90.36815,0
1589914,308,-89.38436,0
1589924,299,-90.64923,0
1589934,302,-90.22761,0
1589944,302,-90.22761,0
1589954,298,-90.78978,0
1589964,301,-90.36815,0
1589974,300,-90.50869,0
1589984,300,-90.50869,0
1589994,304,-89.94653,0
1590004,296,-91.07085,0
1590014,305,-89.80598,0
1590024,294,-91.35194,0
1590034,301,-90.36815,0
1590044,300,-90.50869,0
1590054,302,-90.22761,0
1590064,308,-89.38436,0
1590074,303,-90.08707,0
1590084,299,-90.64923,0
1590094,302,-90.22761,0
1590104,303,-90.08707,0
1590114,298,-90.78978,0
1590124,301,-90.36815,0
1590134,301,-90.36815,0
1590144,300,-90.50869,0
1590154,305,-89.80598,0
1590164,300,-90.50869,0
1590174,303,-90.08707,0
1590184,302,-90.22761,0
1590194,302,-90.22761,0
1590204,298,-90.78978,0
1590214,304,-89.94653,0
1590224,299,-90.64923,0
1590234,299,-90.64923,0
1590244,301,-90.36815,0
1590254,299,-90.64923,0
1590264,300,-90.50869,0
1590274,300,-90.50869,0
1590284,301,-90.36815,0
1590294,294,-91.35194,0
1590304,298,-90.78978,0
1590314,309,-89.24382,0
1590324,305,-89.80598,0
1590334,298,-90.78978,0
1590344,301,-90.36815,0
1590354,301,-90.36815,0
1590364,297,-90.93032,0
1590374,298,-90.78978,0
1590384,303,-90.08707,0
1590394,300,-90.50869,0
1590404,299,-90.64923,0
1590414,302,-90.22761,0
1590424,291,-91.77356,0
1590434,296,-91.07085,0
1590444,302,-90.22761,0
1590454,304,-89.94653,0
1590464,303,-90.08707,0
1590474,294,-91.35194,0
1590484,298,-90.78978,0
1590494,303,-90.08707,0
1590504,297,-90.93032,0
1590514,298,-90.78978,0
1590524,299,-90.64923,0
1590534,305,-89.80598,0
1590544,304,-89.94653,0
1590554,296,-91.07085,0
1590564,305,-89.80598,0
1590574,303,-90.08707,0
1590584,299,-90.64923,0
1590594,302,-90.22761,0
1590604,298,-90.78978,0
1590614,302,-90.22761,0
1590624,302,-90.22761,0
1590634,300,-90.50869,0
1590644,305,-89.80598,0
1590654,308,-89.38436,0
1590664,298,-90.78978,0
1590674,294,-91.35194,0
1590684,298,-90.78978,0
1590694,308,-89.38436,0
1590704,300,-90.50869,0
1590714,297,-90.93032,0
1590724,298,-90.78978,0
1590734,298,-90.78978,0
1590744,307,-89.5249,0
1590754,302,-90.22761,0
1590764,302,-90.22761,0
1590774,301,-90.36815,0
1590784,298,-90.78978,0
1590794,306,-89.66544,0
1590804,302,-90.22761,0
1590814,297,-90.93032,0
1590824,302,-90.22761,0
1590834,297,-90.93032,0
1590844,302,-90.22761,0
1590854,299,-90.64923,0
1590864,306,-89.66544,0
1590874,296,-91.07085,0
1590884,296,-91.07085,0
1590894,303,-90.08707,0
1590904,305,-89.80598,0
1590914,297,-90.93032,0
1590924,302,-90.22761,0
1590934,304,-89.94653,0
1590944,300,-90.50869,0
1590954,302,-90.22761,0
1590964,300,-90.50869,0
1590974,302,-90.22761,0
1590984,302,-90.22761,0
1590994,305,-89.80598,0
1591004,305,-89.80598,0
1591014,301,-90.36815,0
1591024,300,-90.50869,0
1591034,303,-90.08707,0
1591044,301,-90.36815,0
1591054,303,-90.08707,0
1591064,303,-90.08707,0
1591074,304,-89.94653,0
1591084,305,-89.80598,0
1591094,301,-90.36815,0
1591104,300,-90.50869,0
1591114,304,-89.94653,0
1591124,304,-89.94653,0
1591134,304,-89.94653,0
1591144,306,-89.66544,0
1591154,297,-90.93032,0
1591164,301,-90.36815,0
1591174,303,-90.08707,0
1591184,307,-89.5249,0
1591194,306,-89.66544,0
1591204,307,-89.5249,0
1591214,303,-90.08707,0
1591224,302,-90.22761,0
1591234,299,-90.64923,0
1591244,304,-89.94653,0
1591254,307,-89.5249,0
1591264,300,-90.50869,0
1591274,300,-90.50869,0
1591284,303,-90.08707,0
1591294,300,-90.50869,0
1591304,305,-89.80598,0
1591314,305,-89.80598,0
1591324,303,-90.08707,0
1591334,302,-90.22761,0
1591344,295,-91.2114,0
1591354,304,-89.94653,0
1591364,304,-89.94653,0
1591374,305,-89.80598,0
1591384,304,-89.94653,0
1591394,297,-90.93032,0
1591404,304,-89.94653,0
1591414,303,-90.08707,0
1591424,306,-89.66544,0
1591434,306,-89.66544,0
1591444,306,-89.66544,0
1591454,303,-90.08707,0
1591464,305,-89.80598,0
1591474,301,-90.36815,0
1591484,298,-90.78978,0
1591494,297,-90.93032,0
1591504,300,-90.50869,0
1591514,299,-90.64923,0
1591524,299,-90.64923,0
1591534,303,-90.08707,0
1591544,308,-89.38436,0
1591554,303,-90.08707,0
1591564,303,-90.08707,0
1591574,308,-89.38436,0
1591584,300,-90.50869,0
1591594,298,-90.78978,0
1591604,304,-89.94653,0
1591614,300,-90.50869,0
1591624,301,-90.36815,0
1591634,305,-89.80598,0
1591644,306,-89.66544,0
1591654,306,-89.66544,0
1591664,311,-88.96274,0
1591674,302,-90.22761,0
1591684,299,-90.64923,0
1591694,302,-90.22761,0
1591704,305,-89.80598,0
1591714,309,-89.24382,0
1591724,302,-90.22761,0
1591734,305,-89.80598,0
1591744,301,-90.36815,0
1591754,305,-89.80598,0
1591764,301,-90.36815,0
1591774,306,-89.66544,0
1591784,306,-89.66544,0
1591794,302,-90.22761,0
1591804,302,-90.22761,0
1591814,300,-90.50869,0
1591824,305,-89.80598,0
1591834,302,-90.22761,0
1591844,299,-90.64923,0
1591854,303,-90.08707,0
1591864,302,-90.22761,0
1591874,302,-90.22761,0
1591884,309,-89.24382,0
1591894,306,-89.66544,0
1591904,305,-89.80598,0
1591914,300,-90.50869,0
1591924,300,-90.50869,0
1591934,304,-89.94653,0
1591944,305,-89.80598,0
1591954,303,-90.08707,0
1591964,301,-90.36815,0
1591974,300,-90.50869,0
1591984,302,-90.22761,0
1591994,299,-90.64923,0
1592004,305,-89.80598,0
1592014,303,-90.08707,0
1592024,306,-89.66544,0
1592034,309,-89.24382,0
1592044,309,-89.24382,0
1592054,306,-89.66544,0
1592064,300,-90.50869,0
1592074,295,-91.2114,0
1592084,302,-90.22761,0
1592094,302,-90.22761,0
1592104,305,-89.80598,0
1592114,308,-89.38436,0
1592124,302,-90.22761,0
1592134,302,-90.22761,0
1592144,303,-90.08707,0
1592154,302,-90.22761,0
1592164,306,-89.66544,0
1592174,305,-89.80598,0
1592184,303,-90.08707,0
1592194,303,-90.08707,0
1592204,301,-90.36815,0
1592214,304,-89.94653,0
1592224,299,-90.64923,0
1592234,306,-89.66544,0
1592244,304,-89.94653,0
1592254,295,-91.2114,0
1592264,303,-90.08707,0
1592274,305,-89.80598,0
1592284,311,-88.96274,0
1592294,301,-90.36815,0
1592304,304,-89.94653,0
1592314,303,-90.08707,0
1592324,295,-91.2114,0
1592334,304,-89.94653,0
1592344,305,-89.80598,0
1592354,304,-89.94653,0
1592364,305,-89.80598,0
1592374,306,-89.66544,0
1592384,305,-89.80598,0
1592394,306,-89.66544,0
1592404,301,-90.36815,0
1592414,300,-90.50869,0
1592424,300,-90.50869,0
1592434,306,-89.66544,0
1592444,305,-89.80598,0
1592454,298,-90.78978,0
1592464,301,-90.36815,0
1592474,311,-88.96274,0
1592484,307,-89.5249,0
1592494,301,-90.36815,0
1592504,309,-89.24382,0
1592514,304,-89.94653,0
1592524,304,-89.94653,0
1592534,299,-90.64923,0
1592544,304,-89.94653,0
1592554,301,-90.36815,0
1592564,302,-90.22761,0
1592574,305,-89.80598,0
1592584,303,-90.08707,0
1592594,298,-90.78978,0
1592604,303,-90.08707,0
1592614,302,-90.22761,0
1592624,299,-90.64923,0
1592634,304,-89.94653,0
1592644,302,-90.22761,0
1592654,303,-90.08707,0
1592664,305,-89.80598,0
1592674,305,-89.80598,0
1592684,305,-89.80598,0
1592694,304,-89.94653,0
1592704,305,-89.80598,0
1592714,303,-90.08707,0
1592724,298,-90.78978,0
1592734,304,-89.94653,0
1592744,306,-89.66544,0
1592754,301,-90.36815,0
1592764,295,-91.2114,0
1592774,299,-90.64923,0
1592784,298,-90.78978,0
1592794,303,-90.08707,0
1592804,305,-89.80598,0
1592814,302,-90.22761,0
1592824,306,-89.66544,0
1592834,306,-89.66544,0
1592844,309,-89.24382,0
1592854,297,-90.93032,0
1592864,300,-90.50869,0
1592874,302,-90.22761,0
1592884,303,-90.08707,0
1592894,299,-90.64923,0
1592904,307,-89.5249,0
1592914,311,-88.96274,0
1592924,298,-90.78978,0
1592934,305,-89.80598,0
1592944,301,-90.36815,0
1592954,299,-90.64923,0
1592964,303,-90.08707,0
1592974,298,-90.78978,0
1592984,304,-89.94653,0
1592994,311,-88.96274,0
1593004,310,-89.10328,0
1593014,307,-89.5249,0
1593024,301,-90.36815,0
1593034,303,-90.08707,0
1593044,304,-89.94653,0
1593054,303,-90.08707,0
1593064,302,-90.22761,0
1593074,302,-90.22761,0
1593084,297,-90.93032,0
1593094,299,-90.64923,0
1593104,308,-89.38436,0
1593114,295,-91.2114,0
1593124,303,-90.08707,0
1593134,300,-90.50869,0
1593144,301,-90.36815,0
1593154,298,-90.78978,0
1593164,307,-89.5249,0
1593174,305,-89.80598,0
1593184,306,-89.66544,0
1593194,297,-90.93032,0
1593204,301,-90.36815,0
1593214,303,-90.08707,0
1593224,305,-89.80598,0
1593234,302,-90.22761,0
1593244,297,-90.93032,0
1593254,303,-90.08707,0
1593264,304,-89.94653,0
1593274,308,-89.38436,0
1593284,304,-89.94653,0
1593294,302,-90.22761,0
1593304,300,-90.50869,0
1593314,303,-90.08707,0
1593324,303,-90.08707,0
1593334,305,-89.80598,0
1593344,305,-89.80598,0
1593354,304,-89.94653,0
1593364,304,-89.94653,0
1593374,299,-90.64923,0
1593384,308,-89.38436,0
1593394,302,-90.22761,0
1593404,307,-89.5249,0
1593414,307,-89.5249,0
1593424,298,-90.78978,0
1593434,307,-89.5249,0
1593444,300,-90.50869,0
1593454,306,-89.66544,0
1593464,301,-90.36815,0
1593474,300,-90.50869,0
1593484,306,-89.66544,0
1593494,305,-89.80598,0
1593504,307,-89.5249,0
1593514,297,-90.93032,0
1593524,304,-89.94653,0
1593534,301,-90.36815,0
1593544,302,-90.22761,0
1593554,308,-89.38436,0
1593564,303,-90.08707,0
1593574,302,-90.22761,0
1593584,304,-89.94653,0
1593594,301,-90.36815,0
1593604,302,-90.22761,0
1593614,300,-90.50869,0
1593624,307,-89.5249,0
1593634,306,-89.66544,0
1593644,303,-90.08707,0
1593654,301,-90.36815,0
1593664,306,-89.66544,0
1593674,301,-90.36815,0
1593684,303,-90.08707,0
1593694,306,-89.66544,0
1593704,307,-89.5249,0
1593714,300,-90.50869,0
1593724,310,-89.10328,0
1593734,302,-90.22761,0
1593744,304,-89.94653,0
1593754,306,-89.66544,0
1593764,304,-89.94653,0
1593774,298,-90.78978,0
1593784,302,-90.22761,0
1593794,301,-90.36815,0
1593804,299,-90.64923,0
1593814,304,-89.94653,0
1593824,308,-89.38436,0
1593834,310,-89.10328,0
1593844,303,-90.08707,0
1593854,307,-89.5249,0
1593864,302,-90.22761,0
1593874,302,-90.22761,0
1593884,301,-90.36815,0
1593894,300,-90.50869,0
1593904,305,-89.80598,0
1593914,308,-89.38436,0
1593924,302,-90.22761,0
1593934,308,-89.38436,0
1593944,303,-90.08707,0
1593954,305,-89.80598,0
1593964,305,-89.80598,0
1593974,304,-89.94653,0
1593984,301,-90.36815,0
1593994,298,-90.78978,0
1594004,309,-89.24382,0
1594014,301,-90.36815,0
1594024,301,-90.36815,0
1594034,301,-90.36815,0
1594044,299,-90.64923,0
1594054,306,-89.66544,0
1594064,301,-90.36815,0
1594074,305,-89.80598,0
1594084,305,-89.80598,0
1594094,305,-89.80598,0
1594104,302,-90.22761,0
1594114,296,-91.07085,0
1594124,302,-90.22761,0
1594134,305,-89.80598,0
1594144,299,-90.64923,0
1594154,302,-90.22761,0
1594164,304,-89.94653,0
1594174,301,-90.36815,0
1594184,304,-89.94653,0
1594194,304,-89.94653,0
1594204,296,-91.07085,0
1594214,301,-90.36815,0
1594224,310,-89.10328,0
1594234,308,-89.38436,0
1594244,308,-89.38436,0
1594254,304,-89.94653,0
1594264,304,-89.94653,0
1594274,297,-90.93032,0
1594284,307,-89.5249,0
1594294,302,-90.22761,0
1594304,306,-89.66544,0
1594314,303,-90.08707,0
1594324,301,-90.36815,0
1594334,304,-89.94653,0
1594344,306,-89.66544,0
1594354,305,-89.80598,0
1594364,300,-90.50869,0
1594374,302,-90.22761,0
1594384,303,-90.08707,0
1594394,302,-90.22761,0
1594404,303,-90.08707,0
1594414,308,-89.38436,0
1594424,305,-89.80598,0
1594434,301,-90.36815,0
1594444,302,-90.22761,0
1594454,303,-90.08707,0
1594464,304,-89.94653,0
1594474,301,-90.36815,0
1594484,301,-90.36815,0
1594494,308,-89.38436,0
1594504,305,-89.80598,0
1594514,298,-90.78978,0
1594524,305,-89.80598,0
1594534,306,-89.66544,0
1594544,302,-90.22761,0
1594554,308,-89.38436,0
1594564,300,-90.50869,0
1594574,302,-90.22761,0
1594584,303,-90.08707,0
1594594,306,-89.66544,0
1594604,305,-89.80598,0
1594614,309,-89.24382,0
1594624,305,-89.80598,0
1594634,302,-90.22761,0
1594644,306,-89.66544,0
1594654,308,-89.38436,0
1594664,302,-90.22761,0
1594674,304,-89.94653,0
1594684,302,-90.22761,0
1594694,298,-90.78978,0
1594704,310,-89.10328,0
1594714,307,-89.5249,0
1594724,304,-89.94653,0
1594734,304,-89.94653,0
1594744,305,-89.80598,0
1594754,296,-91.07085,0
1594764,303,-90.08707,0
1594774,302,-90.22761,0
1594784,293,-91.49249,0
1594794,299,-90.64923,0
1594804,307,-89.5249,0
1594814,304,-89.94653,0
1594824,307,-89.5249,0
1594834,307,-89.5249,0
1594844,304,-89.94653,0
1594854,304,-89.94653,0
1594864,304,-89.94653,0
1594874,300,-90.50869,0
1594884,295,-91.2114,0
1594894,295,-91.2114,0
1594904,294,-91.35194,0
1594914,299,-90.64923,0
1594924,306,-89.66544,0
1594934,309,-89.24382,0
1594944,303,-90.08707,0
1594954,299,-90.64923,0
1594964,304,-89.94653,0
1594974,305,-89.80598,0
1594984,303,-90.08707,0
1594994,303,-90.08707,0
1595004,311,-88.96274,0
1595014,301,-90.36815,0
1595024,306,-89.66544,0
1595034,306,-89.66544,0
1595044,306,-89.66544,0
1595054,302,-90.22761,0
1595064,300,-90.50869,0
1595074,303,-90.08707,0
1595084,302,-90.22761,0
1595094,311,-88.96274,0
1595104,304,-89.94653,0
1595114,299,-90.64923,0
1595124,298,-90.78978,0
1595134,302,-90.22761,0
1595144,300,-90.50869,0
1595154,307,-89.5249,0
1595164,306,-89.66544,0
1595174,304,-89.94653,0
1595184,302,-90.22761,0
1595194,302,-90.22761,0
1595204,305,-89.80598,0
1595214,301,-90.36815,0
1595224,303,-90.08707,0
1595234,301,-90.36815,0
1595244,301,-90.36815,0
1595254,304,-89.94653,0
1595264,306,-89.66544,0
1595274,307,-89.5249,0
1595284,302,-90.22761,0
1595294,309,-89.24382,0
1595304,306,-89.66544,0
1595314,302,-90.22761,0
1595324,304,-89.94653,0
1595334,297,-90.93032,0
1595344,300,-90.50869,0
1595354,304,-89.94653,0
1595364,301,-90.36815,0
1595374,303,-90.08707,0
1595384,304,-89.94653,0
1595394,304,-89.94653,0
1595404,310,-89.10328,0
1595414,300,-90.50869,0
1595424,303,-90.08707,0
1595434,306,-89.66544,0
1595444,302,-90.22761,0
1595454,302,-90.22761,0
1595464,301,-90.36815,0
1595474,308,-89.38436,0
1595484,305,-89.80598,0
1595494,302,-90.22761,0
1595504,306,-89.66544,0
1595514,305,-89.80598,0
1595524,308,-89.38436,0
1595534,300,-90.50869,0
1595544,306,-89.66544,0
1595554,304,-89.94653,0
1595564,308,-89.38436,0
1595574,305,-89.80598,0
1595584,304,-89.94653,0
1595594,299,-90.64923,0
1595604,307,-89.5249,0
1595614,309,-89.24382,0
1595624,304,-89.94653,0
1595634,304,-89.94653,0
1595644,305,-89.80598,0
1595654,305,-89.80598,0
1595664,302,-90.22761,0
1595674,306,-89.66544,0
1595684,303,-90.08707,0
1595694,300,-90.50869,0
1595704,307,-89.5249,0
1595714,302,-90.22761,0
1595724,305,-89.80598,0
1595734,304,-89.94653,0
1595744,306,-89.66544,0
1595754,303,-90.08707,0
1595764,299,-90.64923,0
1595774,307,-89.5249,0
1595784,305,-89.80598,0
1595794,302,-90.22761,0
1595804,304,-89.94653,0
1595814,296,-91.07085,0
1595824,304,-89.94653,0
1595834,300,-90.50869,0
1595844,301,-90.36815,0
1595854,307,-89.5249,0
1595864,305,-89.80598,0
1595874,307,-89.5249,0
1595884,307,-89.5249,0
1595894,304,-89.94653,0
1595904,303,-90.08707,0
1595914,305,-89.80598,0
1595924,303,-90.08707,0
1595934,305,-89.80598,0
1595944,304,-89.94653,0
1595954,303,-90.08707,0
1595964,306,-89.66544,0
1595974,305,-89.80598,0
1595984,301,-90.36815,0
1595994,301,-90.36815,0
1596004,307,-89.5249,0
1596014,302,-90.22761,0
1596024,295,-91.2114,0
1596034,304,-89.94653,0
1596044,304,-89.94653,0
1596054,296,-91.07085,0
1596064,302,-90.22761,0
1596074,306,-89.66544,0
1596084,303,-90.08707,0
1596094,307,-89.5249,0
1596104,304,-89.94653,0
1596114,303,-90.08707,0
1596124,296,-91.07085,0
1596134,295,-91.2114,0
1596144,303,-90.08707,0
1596154,307,-89.5249,0
1596164,305,-89.80598,0
1596174,306,-89.66544,0
1596184,305,-89.80598,0
1596194,304,-89.94653,0
1596204,307,-89.5249,0
1596214,303,-90.08707,0
1596224,305,-89.80598,0
1596234,298,-90.78978,0
1596244,303,-90.08707,0
1596254,302,-90.22761,0
1596264,300,-90.50869,0
1596274,305,-89.80598,0
1596284,305,-89.80598,0
1596294,304,-89.94653,0
1596304,303,-90.08707,0
1596314,303,-90.08707,0
1596324,301,-90.36815,0
1596334,302,-90.22761,0
1596344,306,-89.66544,0
1596354,305,-89.80598,0
1596364,303,-90.08707,0
1596374,308,-89.38436,0
1596384,299,-90.64923,0
1596394,305,-89.80598,0
1596404,306,-89.66544,0
1596414,298,-90.78978,0
1596424,304,-89.94653,0
1596434,308,-89.38436,0
1596444,304,-89.94653,0
1596454,306,-89.66544,0
1596464,308,-89.38436,0
1596474,302,-90.22761,0
1596484,300,-90.50869,0
1596494,303,-90.08707,0
1596504,304,-89.94653,0
1596514,297,-90.93032,0
1596524,306,-89.66544,0
1596534,302,-90.22761,0
1596544,304,-89.94653,0
1596554,304,-89.94653,0
1596564,312,-88.8222,0
1596574,304,-89.94653,0
1596584,302,-90.22761,0
1596594,305,-89.80598,0
1596604,305,-89.80598,0
1596614,306,-89.66544,0
1596624,303,-90.08707,0
1596634,306,-89.66544,0
1596644,305,-89.80598,0
1596654,306,-89.66544,0
1596664,308,-89.38436,0
1596674,302,-90.22761,0
1596684,305,-89.80598,0
1596694,305,-89.80598,0
1596704,300,-90.50869,0
1596714,305,-89.80598,0
1596724,297,-90.93032,0
1596734,307,-89.5249,0
1596744,306,-89.66544,0
1596754,305,-89.80598,0
1596764,308,-89.38436,0
1596774,309,-89.24382,0
1596784,305,-89.80598,0
1596794,300,-90.50869,0
1596804,300,-90.50869,0
1596814,301,-90.36815,0
1596824,310,-89.10328,0
1596834,303,-90.08707,0
1596844,304,-89.94653,0
1596854,305,-89.80598,0
1596864,297,-90.93032,0
1596874,305,-89.80598,0
1596884,311,-88.96274,0
1596894,308,-89.38436,0
1596904,298,-90.78978,0
1596914,305,-89.80598,0
1596924,302,-90.22761,0
1596934,306,-89.66544,0
1596944,302,-90.22761,0
1596954,307,-89.5249,0
1596964,305,-89.80598,0
1596974,295,-91.2114,0
1596984,302,-90.22761,0
1596994,305,-89.80598,0
1597004,306,-89.66544,0
1597014,307,-89.5249,0
1597024,301,-90.36815,0
1597034,310,-89.10328,0
1597044,298,-90.78978,0
1597054,303,-90.08707,0
1597064,304,-89.94653,0
1597074,306,-89.66544,0
1597084,310,-89.10328,0
1597094,307,-89.5249,0
1597104,308,-89.38436,0
1597114,305,-89.80598,0
1597124,302,-90.22761,0
1597134,307,-89.5249,0
1597144,302,-90.22761,0
1597154,304,-89.94653,0
1597164,303,-90.08707,0
1597174,310,-89.10328,0
1597184,309,-89.24382,0
1597194,299,-90.64923,0
1597204,305,-89.80598,0
1597214,300,-90.50869,0
1597224,305,-89.80598,0
1597234,304,-89.94653,0
1597244,305,-89.80598,0
1597254,301,-90.36815,0
1597264,300,-90.50869,0
1597274,304,-89.94653,0
1597284,300,-90.50869,0
1597294,300,-90.50869,0
1597304,307,-89.5249,0
1597314,302,-90.22761,0
1597324,304,-89.94653,0
1597334,304,-89.94653,0
1597344,306,-89.66544,0
1597354,301,-90.36815,0
1597364,300,-90.50869,0
1597374,307,-89.5249,0
1597384,303,-90.08707,0
1597394,296,-91.07085,0
1597404,302,-90.22761,0
1597414,303,-90.08707,0
1597424,301,-90.36815,0
1597434,303,-90.08707,0
1597444,302,-90.22761,0
1597454,309,-89.24382,0
1597464,301,-90.36815,0
1597474,303,-90.08707,0
1597484,303,-90.08707,0
1597494,302,-90.22761,0
1597504,299,-90.64923,0
1597514,304,-89.94653,0
1597524,303,-90.08707,0
1597534,299,-90.64923,0
1597544,306,-89.66544,0
1597554,308,-89.38436,0
1597564,304,-89.94653,0
1597574,304,-89.94653,0
1597584,304,-89.94653,0
1597594,300,-90.50869,0
1597604,303,-90.08707,0
1597614,304,-89.94653,0
1597624,303,-90.08707,0
1597634,311,-88.96274,0
1597644,299,-90.64923,0
1597654,307,-89.5249,0
1597664,304,-89.94653,0
1597674,300,-90.50869,0
1597684,304,-89.94653,0
1597694,303,-90.08707,0
1597704,308,-89.38436,0
1597714,304,-89.94653,0
1597724,304,-89.94653,0
1597734,303,-90.08707,0
1597744,300,-90.50869,0
1597754,308,-89.38436,0
1597764,304,-89.94653,0
1597774,299,-90.64923,0
1597784,306,-89.66544,0
1597794,300,-90.50869,0
1597804,305,-89.80598,0
1597814,300,-90.50869,0
1597824,305,-89.80598,0
1597834,296,-91.07085,0
1597844,303,-90.08707,0
1597854,305,-89.80598,0
1597864,303,-90.08707,0
1597874,301,-90.36815,0
1597884,299,-90.64923,0
1597894,300,-90.50869,0
1597904,302,-90.22761,0
1597914,298,-90.78978,0
1597924,301,-90.36815,0
1597934,302,-90.22761,0
1597944,305,-89.80598,0
1597954,303,-90.08707,0
1597964,299,-90.64923,0
1597974,302,-90.22761,0
1597984,298,-90.78978,0
1597994,298,-90.78978,0
1598004,303,-90.08707,0
1598014,306,-89.66544,0
1598024,304,-89.94653,0
1598034,300,-90.50869,0
1598044,300,-90.50869,0
1598054,302,-90.22761,0
1598064,302,-90.22761,0
1598074,305,-89.80598,0
1598084,303,-90.08707,0
1598094,300,-90.50869,0
1598104,299,-90.64923,0
1598114,300,-90.50869,0
1598124,306,-89.66544,0
1598134,302,-90.22761,0
1598144,295,-91.2114,0
1598154,305,-89.80598,0
1598164,300,-90.50869,0
1598174,300,-90.50869,0
1598184,298,-90.78978,0
1598194,301,-90.36815,0
1598204,300,-90.50869,0
1598214,304,-89.94653,0
1598224,299,-90.64923,0
1598234,301,-90.36815,0
1598244,303,-90.08707,0
1598254,298,-90.78978,0
1598264,305,-89.80598,0
1598274,296,-91.07085,0
1598284,300,-90.50869,0
1598294,303,-90.08707,0
1598304,305,-89.80598,0
1598314,308,-89.38436,0
1598324,305,-89.80598,0
1598334,304,-89.94653,0
1598344,308,-89.38436,0
1598354,308,-89.38436,0
1598364,306,-89.66544,0
1598374,308,-89.38436,0
1598384,305,-89.80598,0
1598394,297,-90.93032,0
1598404,303,-90.08707,0
1598414,298,-90.78978,0
1598424,301,-90.36815,0
1598434,302,-90.22761,0
1598444,304,-89.94653,0
1598454,307,-89.5249,0
1598464,305,-89.80598,0
1598474,307,-89.5249,0
1598484,302,-90.22761,0
1598494,307,-89.5249,0
1598504,305,-89.80598,0
1598514,303,-90.08707,0
1598524,310,-89.10328,0
1598534,303,-90.08707,0
1598544,306,-89.66544,0
1598554,309,-89.24382,0
1598564,310,-89.10328,0
1598574,301,-90.36815,0
1598584,302,-90.22761,0
1598594,303,-90.08707,0
1598604,308,-89.38436,0
1598614,305,-89.80598,0
1598624,303,-90.08707,0
1598634,297,-90.93032,0
1598644,301,-90.36815,0
1598654,300,-90.50869,0
1598664,300,-90.50869,0
1598674,307,-89.5249,0
1598684,300,-90.50869,0
1598694,308,-89.38436,0
1598704,308,-89.38436,0
1598714,298,-90.78978,0
1598724,297,-90.93032,0
1598734,305,-89.80598,0
1598744,302,-90.22761,0
1598754,304,-89.94653,0
1598764,303,-90.08707,0
1598774,305,-89.80598,0
1598784,307,-89.5249,0
1598794,306,-89.66544,0
1598804,298,-90.78978,0
1598814,304,-89.94653,0
1598824,301,-90.36815,0
1598834,301,-90.36815,0
1598844,307,-89.5249,0
1598854,305,-89.80598,0
1598864,305,-89.80598,0
1598874,303,-90.08707,0
1598884,305,-89.80598,0
1598894,308,-89.38436,0
1598904,310,-89.10328,0
1598914,298,-90.78978,0
1598924,308,-89.38436,0
1598934,298,-90.78978,0
1598944,303,-90.08707,0
1598954,304,-89.94653,0
1598964,306,-89.66544,0
1598974,302,-90.22761,0
1598984,304,-89.94653,0
1598994,307,-89.5249,0
1599004,303,-90.08707,0
1599014,301,-90.36815,0
1599024,307,-89.5249,0
1599034,302,-90.22761,0
1599044,304,-89.94653,0
1599054,305,-89.80598,0
1599064,303,-90.08707,0
1599074,304,-89.94653,0
1599084,299,-90.64923,0
1599094,301,-90.36815,0
1599104,305,-89.80598,0
1599114,303,-90.08707,0
1599124,306,-89.66544,0
1599134,304,-89.94653,0
1599144,307,-89.5249,0
1599154,308,-89.38436,0
1599164,301,-90.36815,0
1599174,303,-90.08707,0
1599184,303,-90.08707,0
1599194,297,-90.93032,0
1599204,306,-89.66544,0
1599214,299,-90.64923,0
1599224,305,-89.80598,0
1599234,304,-89.94653,0
1599244,314,-88.54111,0
1599254,304,-89.94653,0
1599264,309,-89.24382,0
1599274,301,-90.36815,0
1599284,306,-89.66544,0
1599294,307,-89.5249,0
1599304,297,-90.93032,0
1599314,299,-90.64923,0
1599324,307,-89.5249,0
1599334,304,-89.94653,0
1599344,305,-89.80598,0
1599354,302,-90.22761,0
1599364,300,-90.50869,0
1599374,306,-89.66544,0
1599384,310,-89.10328,0
1599394,305,-89.80598,0
1599404,303,-90.08707,0
1599414,298,-90.78978,0
1599424,306,-89.66544,0
1599434,306,-89.66544,0
1599444,308,-89.38436,0
1599454,301,-90.36815,0
1599464,304,-89.94653,0
1599474,304,-89.94653,0
1599484,304,-89.94653,0
1599494,311,-88.96274,0
1599504,303,-90.08707,0
1599514,300,-90.50869,0
1599524,304,-89.94653,0
1599534,300,-90.50869,0
1599544,305,-89.80598,0
1599554,307,-89.5249,0
1599564,305,-89.80598,0
1599574,295,-91.2114,0
1599584,305,-89.80598,0
1599594,307,-89.5249,0
1599604,302,-90.22761,0
1599614,300,-90.50869,0
1599624,307,-89.5249,0
1599634,306,-89.66544,0
1599644,298,-90.78978,0
1599654,309,-89.24382,0
1599664,306,-89.66544,0
1599674,310,-89.10328,0
1599684,310,-89.10328,0
1599694,305,-89.80598,0
1599704,311,-88.96274,0
1599714,303,-90.08707,0
1599724,309,-89.24382,0
1599734,306,-89.66544,0
1599744,306,-89.66544,0
1599754,302,-90.22761,0
1599764,301,-90.36815,0
1599774,304,-89.94653,0
1599784,307,-89.5249,0
1599794,307,-89.5249,0
1599804,304,-89.94653,0
1599814,303,-90.08707,0
1599824,305,-89.80598,0
1599834,311,-88.96274,0
1599844,305,-89.80598,0
1599854,305,-89.80598,0
1599864,300,-90.50869,0
1599874,297,-90.93032,0
1599884,305,-89.80598,0
1599894,306,-89.66544,0
1599904,308,-89.38436,0
1599914,305,-89.80598,0
1599924,302,-90.22761,0
1599934,303,-90.08707,0
1599944,304,-89.94653,0
1599954,303,-90.08707,0
1599964,303,-90.08707,0
1599974,304,-89.94653,0
1599984,308,-89.38436,0
1599994,297,-90.93032,0
1600004,306,-89.66544,0
1600014,301,-90.36815,0
1600024,308,-89.38436,0
1600034,302,-90.22761,0
1600044,307,-89.5249,0
1600054,306,-89.66544,0
1600064,304,-89.94653,0
1600074,304,-89.94653,0
1600084,307,-89.5249,0
1600094,301,-90.36815,0
1600104,300,-90.50869,0
1600114,302,-90.22761,0
1600124,299,-90.64923,0
1600134,303,-90.08707,0
1600144,308,-89.38436,0
1600154,307,-89.5249,0
1600164,307,-89.5249,0
1600174,305,-89.80598,0
1600184,307,-89.5249,0
1600194,305,-89.80598,0
1600204,306,-89.66544,0
1600214,300,-90.50869,0
1600224,302,-90.22761,0
1600234,306,-89.66544,0
1600244,307,-89.5249,0
1600254,304,-89.94653,0
1600264,312,-88.8222,0
1600274,308,-89.38436,0
1600284,304,-89.94653,0
1600294,304,-89.94653,0
1600304,303,-90.08707,0
1600314,301,-90.36815,0
1600324,301,-90.36815,0
1600334,301,-90.36815,0
1600344,305,-89.80598,0
1600354,303,-90.08707,0
1600364,307,-89.5249,0
1600374,307,-89.5249,0
1600384,309,-89.24382,0
1600394,307,-89.5249,0
1600404,305,-89.80598,0
1600414,302,-90.22761,0
1600424,305,-89.80598,0
1600434,299,-90.64923,0
1600444,299,-90.64923,0
1600454,304,-89.94653,0
1600464,304,-89.94653,0
1600474,305,-89.80598,0
1600484,309,-89.24382,0
1600494,309,-89.24382,0
1600504,307,-89.5249,0
1600514,308,-89.38436,0
1600524,302,-90.22761,0
1600534,308,-89.38436,0
1600544,311,-88.96274,0
1600554,298,-90.78978,0
1600564,305,-89.80598,0
1600574,306,-89.66544,0
1600584,303,-90.08707,0
1600594,305,-89.80598,0
1600604,298,-90.78978,0
1600614,308,-89.38436,0
1600624,306,-89.66544,0
1600634,306,-89.66544,0
1600644,302,-90.22761,0
1600654,305,-89.80598,0
1600664,304,-89.94653,0
1600674,307,-89.5249,0
1600684,302,-90.22761,0
1600694,300,-90.50869,0
1600704,302,-90.22761,0
1600714,303,-90.08707,0
1600724,299,-90.64923,0
1600734,305,-89.80598,0
1600744,308,-89.38436,0
1600754,310,-89.10328,0
1600764,302,-90.22761,0
1600774,298,-90.78978,0
1600784,303,-90.08707,0
1600794,309,-89.24382,0
1600804,307,-89.5249,0
1600814,301,-90.36815,0
1600824,309,-89.24382,0
1600834,308,-89.38436,0
1600844,305,-89.80598,0
1600854,307,-89.5249,0
1600864,301,-90.36815,0
1600874,303,-90.08707,0
1600884,305,-89.80598,0
1600894,299,-90.64923,0
1600904,304,-89.94653,0
1600914,302,-90.22761,0
1600924,305,-89.80598,0
1600934,299,-90.64923,0
1600944,310,-89.10328,0
1600954,307,-89.5249,0
1600964,308,-89.38436,0
1600974,305,-89.80598,0
1600984,302,-90.22761,0
1600994,305,-89.80598,0
1601004,301,-90.36815,0
1601014,304,-89.94653,0
1601024,304,-89.94653,0
1601034,308,-89.38436,0
1601044,308,-89.38436,0
1601054,304,-89.94653,0
1601064,304,-89.94653,0
1601074,307,-89.5249,0
1601084,305,-89.80598,0
1601094,305,-89.80598,0
1601104,300,-90.50869,0
1601114,302,-90.22761,0
1601124,301,-90.36815,0
1601134,303,-90.08707,0
1601144,307,-89.5249,0
1601154,303,-90.08707,0
1601164,302,-90.22761,0
1601174,299,-90.64923,0
1601184,305,-89.80598,0
1601194,306,-89.66544,0
1601204,304,-89.94653,0
1601214,303,-90.08707,0
1601224,301,-90.36815,0
1601234,302,-90.22761,0
1601244,306,-89.66544,0
1601254,305,-89.80598,0
1601264,306,-89.66544,0
1601274,304,-89.94653,0
1601284,301,-90.36815,0
1601294,305,-89.80598,0
1601304,303,-90.08707,0
1601314,314,-88.54111,0
1601324,302,-90.22761,0
1601334,308,-89.38436,0
1601344,302,-90.22761,0
1601354,307,-89.5249,0
1601364,297,-90.93032,0
1601374,305,-89.80598,0
1601384,299,-90.64923,0
1601394,301,-90.36815,0
1601404,309,-89.24382,0
1601414,305,-89.80598,0
1601424,308,-89.38436,0
1601434,298,-90.78978,0
1601444,303,-90.08707,0
1601454,302,-90.22761,0
1601464,301,-90.36815,0
1601474,301,-90.36815,0
1601484,301,-90.36815,0
1601494,308,-89.38436,0
1601504,302,-90.22761,0
1601514,299,-90.64923,0
1601524,307,-89.5249,0
1601534,302,-90.22761,0
1601544,310,-89.10328,0
1601554,305,-89.80598,0
1601564,301,-90.36815,0
1601574,305,-89.80598,0
1601584,308,-89.38436,0
1601594,306,-89.66544,0
1601604,309,-89.24382,0
1601614,303,-90.08707,0
1601624,307,-89.5249,0
1601634,306,-89.66544,0
1601644,307,-89.5249,0
1601654,305,-89.80598,0
1601664,301,-90.36815,0
1601674,299,-90.64923,0
1601684,302,-90.22761,0
1601694,306,-89.66544,0
1601704,309,-89.24382,0
1601714,302,-90.22761,0
1601724,307,-89.5249,0
1601734,304,-89.94653,0
1601744,306,-89.66544,0
1601754,307,-89.5249,0
1601764,302,-90.22761,0
1601774,299,-90.64923,0
1601784,298,-90.78978,0
1601794,299,-90.64923,0
1601804,306,-89.66544,0
1601814,300,-90.50869,0
1601824,308,-89.38436,0
1601834,300,-90.50869,0
1601844,302,-90.22761,0
1601854,303,-90.08707,0
1601864,300,-90.50869,0
1601874,307,-89.5249,0
1601884,304,-89.94653,0
1601894,307,-89.5249,0
1601904,300,-90.50869,0
1601914,302,-90.22761,0
1601924,308,-89.38436,0
1601934,304,-89.94653,0
1601944,305,-89.80598,0
1601954,303,-90.08707,0
1601964,305,-89.80598,0
1601974,304,-89.94653,0
1601984,300,-90.50869,0
1601994,297,-90.93032,0
1602004,308,-89.38436,0
1602014,304,-89.94653,0
1602024,299,-90.64923,0
1602034,300,-90.50869,0
1602044,309,-89.24382,0
1602054,299,-90.64923,0
1602064,306,-89.66544,0
1602074,307,-89.5249,0
1602084,302,-90.22761,0
1602094,305,-89.80598,0
1602104,306,-89.66544,0
1602114,306,-89.66544,0
1602124,306,-89.66544,0
1602134,303,-90.08707,0
1602144,306,-89.66544,0
1602154,306,-89.66544,0
1602164,306,-89.66544,0
1602174,303,-90.08707,0
1602184,304,-89.94653,0
1602194,304,-89.94653,0
1602204,305,-89.80598,0
1602214,308,-89.38436,0
1602224,299,-90.64923,0
1602234,298,-90.78978,0
1602244,302,-90.22761,0
1602254,302,-90.22761,0
1602264,301,-90.36815,0
1602274,304,-89.94653,0
1602284,304,-89.94653,0
1602294,310,-89.10328,0
1602304,305,-89.80598,0
1602314,306,-89.66544,0
1602324,300,-90.50869,0
1602334,304,-89.94653,0
1602344,307,-89.5249,0
1602354,300,-90.50869,0
1602364,299,-90.64923,0
1602374,306,-89.66544,0
1602384,303,-90.08707,0
1602394,304,-89.94653,0
1602404,304,-89.94653,0
1602414,306,-89.66544,0
1602424,304,-89.94653,0
1602434,305,-89.80598,0
1602444,300,-90.50869,0
1602454,309,-89.24382,0
1602464,309,-89.24382,0
1602474,299,-90.64923,0
1602484,303,-90.08707,0
1602494,306,-89.66544,0
1602504,303,-90.08707,0
1602514,309,-89.24382,0
1602524,305,-89.80598,0
1602534,305,-89.80598,0
1602544,302,-90.22761,0
1602554,305,-89.80598,0
1602564,303,-90.08707,0
1602574,304,-89.94653,0
1602584,302,-90.22761,0
1602594,299,-90.64923,0
1602604,305,-89.80598,0
1602614,304,-89.94653,0
1602624,307,-89.5249,0
1602634,300,-90.50869,0
1602644,304,-89.94653,0
1602654,307,-89.5249,0
1602664,307,-89.5249,0
1602674,305,-89.80598,0
1602684,307,-89.5249,0
1602694,306,-89.66544,0
1602704,302,-90.22761,0
1602714,312,-88.8222,0
1602724,307,-89.5249,0
1602734,301,-90.36815,0
1602744,302,-90.22761,0
1602754,302,-90.22761,0
1602764,310,-89.10328,0
1602774,307,-89.5249,0
1602784,302,-90.22761,0
1602794,302,-90.22761,0
1602804,309,-89.24382,0
1602814,302,-90.22761,0
1602824,301,-90.36815,0
1602834,303,-90.08707,0
1602844,298,-90.78978,0
1602854,308,-89.38436,0
1602864,306,-89.66544,0
1602874,307,-89.5249,0
1602884,307,-89.5249,0
1602894,307,-89.5249,0
1602904,306,-89.66544,0
1602914,309,-89.24382,0
1602924,301,-90.36815,0
1602934,297,-90.93032,0
1602944,305,-89.80598,0
1602954,308,-89.38436,0
1602964,311,-88.96274,0
1602974,304,-89.94653,0
1602984,305,-89.80598,0
1602994,309,-89.24382,0
1603004,300,-90.50869,0
1603014,300,-90.50869,0
1603024,305,-89.80598,0
1603034,307,-89.5249,0
1603044,303,-90.08707,0
1603054,303,-90.08707,0
1603064,303,-90.08707,0
1603074,302,-90.22761,0
1603084,308,-89.38436,0
1603094,303,-90.08707,0
1603104,303,-90.08707,0
1603114,304,-89.94653,0
1603124,305,-89.80598,0
1603134,302,-90.22761,0
1603144,306,-89.66544,0
1603154,303,-90.08707,0
1603164,307,-89.5249,0
1603174,309,-89.24382,0
1603184,299,-90.64923,0
1603194,307,-89.5249,0
1603204,306,-89.66544,0
1603214,306,-89.66544,0
1603224,308,-89.38436,0
1603234,305,-89.80598,0
1603244,304,-89.94653,0
1603254,300,-90.50869,0
1603264,302,-90.22761,0
1603274,306,-89.66544,0
1603284,309,-89.24382,0
1603294,295,-91.2114,0
1603304,307,-89.5249,0
1603314,306,-89.66544,0
1603324,302,-90.22761,0
1603334,309,-89.24382,0
1603344,302,-90.22761,0
1603354,301,-90.36815,0
1603364,305,-89.80598,0
1603374,305,-89.80598,0
1603384,302,-90.22761,0
1603394,303,-90.08707,0
1603404,303,-90.08707,0
1603414,308,-89.38436,0
1603424,301,-90.36815,0
1603434,299,-90.64923,0
1603444,299,-90.64923,0
1603454,308,-89.38436,0
1603464,309,-89.24382,0
1603474,306,-89.66544,0
1603484,301,-90.36815,0
1603494,297,-90.93032,0
1603504,305,-89.80598,0
1603514,308,-89.38436,0
1603524,309,-89.24382,0
1603534,306,-89.66544,0
1603544,303,-90.08707,0
1603554,305,-89.80598,0
1603564,298,-90.78978,0
1603574,305,-89.80598,0
1603584,308,-89.38436,0
1603594,307,-89.5249,0
1603604,304,-89.94653,0
1603614,301,-90.36815,0
1603624,301,-90.36815,0
1603634,300,-90.50869,0
1603644,303,-90.08707,0
1603654,301,-90.36815,0
1603664,306,-89.66544,0
1603674,304,-89.94653,0
1603684,304,-89.94653,0
1603694,305,-89.80598,0
1603704,302,-90.22761,0
1603714,307,-89.5249,0
1603724,304,-89.94653,0
1603734,296,-91.07085,0
1603744,305,-89.80598,0
1603754,309,-89.24382,0
1603764,308,-89.38436,0
1603774,305,-89.80598,0
1603784,301,-90.36815,0
1603794,305,-89.80598,0
1603804,305,-89.80598,0
1603814,302,-90.22761,0
1603824,304,-89.94653,0
1603834,303,-90.08707,0
1603844,304,-89.94653,0
1603854,310,-89.10328,0
1603864,308,-89.38436,0
1603874,300,-90.50869,0
1603884,297,-90.93032,0
1603894,310,-89.10328,0
1603904,305,-89.80598,0
1603914,309,-89.24382,0
1603924,304,-89.94653,0
1603934,299,-90.64923,0
1603944,301,-90.36815,0
1603954,301,-90.36815,0
1603964,308,-89.38436,0
1603974,304,-89.94653,0
1603984,305,-89.80598,0
1603994,306,-89.66544,0
1604004,306,-89.66544,0
1604014,308,-89.38436,0
1604024,305,-89.80598,0
1604034,297,-90.93032,0
1604044,300,-90.50869,0
1604054,305,-89.80598,0
1604064,304,-89.94653,0
1604074,301,-90.36815,0
1604084,304,-89.94653,0
1604094,306,-89.66544,0
1604104,304,-89.94653,0
1604114,308,-89.38436,0
1604124,302,-90.22761,0
1604134,303,-90.08707,0
1604144,302,-90.22761,0
1604154,298,-90.78978,0
1604164,306,-89.66544,0
1604174,302,-90.22761,0
1604184,299,-90.64923,0
1604194,304,-89.94653,0
1604204,306,-89.66544,0
1604214,303,-90.08707,0
1604224,312,-88.8222,0
1604234,311,-88.96274,0
1604244,303,-90.08707,0
1604254,304,-89.94653,0
1604264,305,-89.80598,0
1604274,301,-90.36815,0
1604284,305,-89.80598,0
1604294,298,-90.78978,0
1604304,304,-89.94653,0
1604314,304,-89.94653,0
1604324,303,-90.08707,0
1604334,311,-88.96274,0
1604344,303,-90.08707,0
1604354,307,-89.5249,0
1604364,309,-89.24382,0
1604374,303,-90.08707,0
1604384,307,-89.5249,0
1604394,302,-90.22761,0
1604404,306,-89.66544,0
1604414,301,-90.36815,0
1604424,308,-89.38436,0
1604434,306,-89.66544,0
1604444,306,-89.66544,0
1604454,308,-89.38436,0
1604464,306,-89.66544,0
1604474,308,-89.38436,0
1604484,304,-89.94653,0
1604494,306,-89.66544,0
1604504,299,-90.64923,0
1604514,301,-90.36815,0
1604524,304,-89.94653,0
1604534,304,-89.94653,0
1604544,307,-89.5249,0
1604554,308,-89.38436,0
1604564,305,-89.80598,0
1604574,301,-90.36815,0
1604584,300,-90.50869,0
1604594,306,-89.66544,0
1604604,306,-89.66544,0
1604614,305,-89.80598,0
1604624,303,-90.08707,0
1604634,309,-89.24382,0
1604644,305,-89.80598,0
1604654,303,-90.08707,0
1604664,312,-88.8222,0
1604674,309,-89.24382,0
1604684,299,-90.64923,0
1604694,308,-89.38436,0
1604704,310,-89.10328,0
1604714,305,-89.80598,0
1604724,307,-89.5249,0
1604734,306,-89.66544,0
1604744,307,-89.5249,0
1604754,296,-91.07085,0
1604764,307,-89.5249,0
1604774,310,-89.10328,0
1604784,313,-88.68166,0
1604794,304,-89.94653,0
1604804,303,-90.08707,0
1604814,303,-90.08707,0
1604824,309,-89.24382,0
1604834,305,-89.80598,0
1604844,309,-89.24382,0
1604854,303,-90.08707,0
1604864,305,-89.80598,0
1604874,304,-89.94653,0
1604884,296,-91.07085,0
1604894,307,-89.5249,0
1604904,304,-89.94653,0
1604914,302,-90.22761,0
1604924,308,-89.38436,0
1604934,300,-90.50869,0
1604944,305,-89.80598,0
1604954,306,-89.66544,0
1604964,305,-89.80598,0
1604974,308,-89.38436,0
1604984,306,-89.66544,0
1604994,304,-89.94653,0
1605004,306,-89.66544,0
1605014,298,-90.78978,0
1605024,308,-89.38436,0
1605034,302,-90.22761,0
1605044,301,-90.36815,0
1605054,304,-89.94653,0
1605064,303,-90.08707,0
1605074,307,-89.5249,0
1605084,304,-89.94653,0
1605094,304,-89.94653,0
1605104,304,-89.94653,0
1605114,295,-91.2114,0
1605124,304,-89.94653,0
1605134,301,-90.36815,0
1605144,303,-90.08707,0
1605154,302,-90.22761,0
1605164,302,-90.22761,0
1605174,310,-89.10328,0
1605184,303,-90.08707,0
1605194,306,-89.66544,0
1605204,306,-89.66544,0
1605214,305,-89.80598,0
1605224,309,-89.24382,0
1605234,304,-89.94653,0
1605244,305,-89.80598,0
1605254,303,-90.08707,0
1605264,310,-89.10328,0
1605274,306,-89.66544,0
1605284,310,-89.10328,0
1605294,301,-90.36815,0
1605304,305,-89.80598,0
1605314,301,-90.36815,0
1605324,304,-89.94653,0
1605334,301,-90.36815,0
1605344,305,-89.80598,0
1605354,308,-89.38436,0
1605364,307,-89.5249,0
1605374,309,-89.24382,0
1605384,303,-90.08707,0
1605394,307,-89.5249,0
1605404,308,-89.38436,0
1605414,306,-89.66544,0
1605424,307,-89.5249,0
1605434,301,-90.36815,0
1605444,301,-90.36815,0
1605454,306,-89.66544,0
1605464,305,-89.80598,0
1605474,295,-91.2114,0
1605484,305,-89.80598,0
1605494,307,-89.5249,0
1605504,306,-89.66544,0
1605514,304,-89.94653,0
1605524,305,-89.80598,0
1605534,305,-89.80598,0
1605544,302,-90.22761,0
1605554,302,-90.22761,0
1605564,300,-90.50869,0
1605574,303,-90.08707,0
1605584,305,-89.80598,0
1605594,307,-89.5249,0
1605604,305,-89.80598,0
1605614,312,-88.8222,0
1605624,301,-90.36815,0
1605634,302,-90.22761,0
1605644,309,-89.24382,0
1605654,302,-90.22761,0
1605664,300,-90.50869,0
1605674,305,-89.80598,0
1605684,303,-90.08707,0
1605694,302,-90.22761,0
1605704,300,-90.50869,0
1605714,305,-89.80598,0
1605724,308,-89.38436,0
1605734,306,-89.66544,0
1605744,310,-89.10328,0
1605754,300,-90.50869,0
1605764,304,-89.94653,0
1605774,304,-89.94653,0
1605784,304,-89.94653,0
1605794,305,-89.80598,0
1605804,302,-90.22761,0
1605814,301,-90.36815,0
1605824,295,-91.2114,0
1605834,306,-89.66544,0
1605844,306,-89.66544,0
1605854,303,-90.08707,0
1605864,313,-88.68166,0
1605874,303,-90.08707,0
1605884,297,-90.93032,0
1605894,301,-90.36815,0
1605904,300,-90.50869,0
1605914,300,-90.50869,0
1605924,306,-89.66544,0
1605934,305,-89.80598,0
1605944,309,-89.24382,0
1605954,303,-90.08707,0
1605964,308,-89.38436,0
1605974,304,-89.94653,0
1605984,304,-89.94653,0
1605994,307,-89.5249,0
1606004,307,-89.5249,0
1606014,306,-89.66544,0
1606024,306,-89.66544,0
1606034,302,-90.22761,0
1606044,297,-90.93032,0
1606054,306,-89.66544,0
1606064,305,-89.80598,0
1606074,309,-89.24382,0
1606084,309,-89.24382,0
1606094,307,-89.5249,0
1606104,303,-90.08707,0
1606114,303,-90.08707,0
1606124,301,-90.36815,0
1606134,301,-90.36815,0
1606144,303,-90.08707,0
1606154,303,-90.08707,0
1606164,304,-89.94653,0
1606174,304,-89.94653,0
1606184,299,-90.64923,0
1606194,303,-90.08707,0
1606204,301,-90.36815,0
1606214,302,-90.22761,0
1606224,302,-90.22761,0
1606234,306,-89.66544,0
1606244,304,-89.94653,0
1606254,305,-89.80598,0
1606264,303,-90.08707,0
1606274,298,-90.78978,0
1606284,305,-89.80598,0
1606294,303,-90.08707,0
1606304,310,-89.10328,0
1606314,306,-89.66544,0
1606324,310,-89.10328,0
1606334,304,-89.94653,0
1606344,303,-90.08707,0
1606354,304,-89.94653,0
1606364,311,-88.96274,0
1606374,303,-90.08707,0
1606384,310,-89.10328,0
1606394,302,-90.22761,0
1606404,307,-89.5249,0
1606414,307,-89.5249,0
1606424,308,-89.38436,0
1606434,306,-89.66544,0
1606444,298,-90.78978,0
1606454,304,-89.94653,0
1606464,301,-90.36815,0
1606474,304,-89.94653,0
1606484,306,-89.66544,0
1606494,300,-90.50869,0
1606504,306,-89.66544,0
1606514,299,-90.64923,0
1606524,301,-90.36815,0
1606534,305,-89.80598,0
1606544,306,-89.66544,0
1606554,300,-90.50869,0
1606564,304,-89.94653,0
1606574,306,-89.66544,0
1606584,299,-90.64923,0
1606594,306,-89.66544,0
1606604,306,-89.66544,0
1606614,303,-90.08707,0
1606624,303,-90.08707,0
1606634,307,-89.5249,0
1606644,305,-89.80598,0
1606654,303,-90.08707,0
1606664,306,-89.66544,0
1606674,303,-90.08707,0
1606684,301,-90.36815,0
1606694,307,-89.5249,0
1606704,298,-90.78978,0
1606714,304,-89.94653,0
1606724,302,-90.22761,0
1606734,309,-89.24382,0
1606744,309,-89.24382,0
1606754,306,-89.66544,0
1606764,303,-90.08707,0
1606774,302,-90.22761,0
1606784,309,-89.24382,0
1606794,307,-89.5249,0
1606804,305,-89.80598,0
1606814,306,-89.66544,0
1606824,302,-90.22761,0
1606834,305,-89.80598,0
1606844,302,-90.22761,0
1606854,309,-89.24382,0
1606864,309,-89.24382,0
1606874,304,-89.94653,0
1606884,305,-89.80598,0
1606894,304,-89.94653,0
1606904,305,-89.80598,0
1606914,302,-90.22761,0
1606924,304,-89.94653,0
1606934,305,-89.80598,0
1606944,304,-89.94653,0
1606954,298,-90.78978,0
1606964,310,-89.10328,0
1606974,307,-89.5249,0
1606984,309,-89.24382,0
1606994,307,-89.5249,0
1607004,298,-90.78978,0
1607014,307,-89.5249,0
1607024,298,-90.78978,0
1607034,303,-90.08707,0
1607044,305,-89.80598,0
1607054,299,-90.64923,0
1607064,310,-89.10328,0
1607074,303,-90.08707,0
1607084,303,-90.08707,0
1607094,308,-89.38436,0
1607104,300,-90.50869,0
1607114,303,-90.08707,0
1607124,303,-90.08707,0
1607134,305,-89.80598,0
1607144,299,-90.64923,0
1607154,302,-90.22761,0
1607164,301,-90.36815,0
1607174,309,-89.24382,0
1607184,306,-89.66544,0
1607194,305,-89.80598,0
1607204,301,-90.36815,0
1607214,308,-89.38436,0
1607224,308,-89.38436,0
1607234,302,-90.22761,0
1607244,301,-90.36815,0
1607254,305,-89.80598,0
1607264,302,-90.22761,0
1607274,308,-89.38436,0
1607284,308,-89.38436,0
1607294,302,-90.22761,0
1607304,307,-89.5249,0
1607314,306,-89.66544,0
1607324,306,-89.66544,0
1607334,309,-89.24382,0
1607344,307,-89.5249,0
1607354,302,-90.22761,0
1607364,301,-90.36815,0
1607374,307,-89.5249,0
1607384,310,-89.10328,0
1607394,306,-89.66544,0
1607404,306,-89.66544,0
1607414,307,-89.5249,0
1607424,307,-89.5249,0
1607434,306,-89.66544,0
1607444,301,-90.36815,0
1607454,310,-89.10328,0
1607464,306,-89.66544,0
1607474,298,-90.78978,0
1607484,301,-90.36815,0
1607494,306,-89.66544,0
1607504,305,-89.80598,0
1607514,305,-89.80598,0
1607524,302,-90.22761,0
1607534,307,-89.5249,0
1607544,307,-89.5249,0
1607554,306,-89.66544,0
1607564,305,-89.80598,0
1607574,307,-89.5249,0
1607584,304,-89.94653,0
1607594,301,-90.36815,0
1607604,299,-90.64923,0
1607614,308,-89.38436,0
1607624,308,-89.38436,0
1607634,307,-89.5249,0
1607644,306,-89.66544,0
1607654,305,-89.80598,0
1607664,302,-90.22761,0
1607674,305,-89.80598,0
1607684,303,-90.08707,0
1607694,306,-89.66544,0
1607704,297,-90.93032,0
1607714,311,-88.96274,0
1607724,307,-89.5249,0
1607734,303,-90.08707,0
1607744,299,-90.64923,0
1607754,306,-89.66544,0
1607764,304,-89.94653,0
1607774,307,-89.5249,0
1607784,305,-89.80598,0
1607794,305,-89.80598,0
1607804,308,-89.38436,0
1607814,307,-89.5249,0
1607824,306,-89.66544,0
1607834,306,-89.66544,0
1607844,306,-89.66544,0
1607854,308,-89.38436,0
1607864,308,-89.38436,0
1607874,307,-89.5249,0
1607884,305,-89.80598,0
1607894,307,-89.5249,0
1607904,305,-89.80598,0
1607914,299,-90.64923,0
1607924,302,-90.22761,0
1607934,309,-89.24382,0
1607944,308,-89.38436,0
1607954,296,-91.07085,0
1607964,304,-89.94653,0
1607974,305,-89.80598,0
1607984,306,-89.66544,0
1607994,307,-89.5249,0
1608004,308,-89.38436,0
1608014,303,-90.08707,0
1608024,305,-89.80598,0
1608034,304,-89.94653,0
1608044,299,-90.64923,0
1608054,302,-90.22761,0
1608064,306,-89.66544,0
1608074,305,-89.80598,0
1608084,306,-89.66544,0
1608094,309,-89.24382,0
1608104,311,-88.96274,0
1608114,306,-89.66544,0
1608124,303,-90.08707,0
1608134,307,-89.5249,0
1608144,302,-90.22761,0
1608154,303,-90.08707,0
1608164,303,-90.08707,0
1608174,302,-90.22761,0
1608184,305,-89.80598,0
1608194,309,-89.24382,0
1608204,308,-89.38436,0
1608214,306,-89.66544,0
1608224,306,-89.66544,0
1608234,304,-89.94653,0
1608244,307,-89.5249,0
1608254,307,-89.5249,0
1608264,304,-89.94653,0
1608274,305,-89.80598,0
1608284,306,-89.66544,0
1608294,305,-89.80598,0
1608304,309,-89.24382,0
1608314,305,-89.80598,0
1608324,308,-89.38436,0
1608334,308,-89.38436,0
1608344,303,-90.08707,0
1608354,305,-89.80598,0
1608364,306,-89.66544,0
1608374,305,-89.80598,0
1608384,307,-89.5249,0
1608394,300,-90.50869,0
1608404,300,-90.50869,0
1608414,307,-89.5249,0
1608424,309,-89.24382,0
1608434,306,-89.66544,0
1608444,305,-89.80598,0
1608454,309,-89.24382,0
1608464,306,-89.66544,0
1608474,304,-89.94653,0
1608484,306,-89.66544,0
1608494,301,-90.36815,0
1608504,303,-90.08707,0
1608514,305,-89.80598,0
1608524,299,-90.64923,0
1608534,298,-90.78978,0
1608544,306,-89.66544,0
1608554,303,-90.08707,0
1608564,303,-90.08707,0
1608574,303,-90.08707,0
1608584,305,-89.80598,0
1608594,305,-89.80598,0
1608604,306,-89.66544,0
1608614,303,-90.08707,0
1608624,308,-89.38436,0
1608634,305,-89.80598,0
1608644,310,-89.10328,0
1608654,309,-89.24382,0
1608664,308,-89.38436,0
1608674,304,-89.94653,0
1608684,304,-89.94653,0
1608694,309,-89.24382,0
1608704,303,-90.08707,0
1608714,304,-89.94653,0
1608724,304,-89.94653,0
1608734,301,-90.36815,0
1608744,302,-90.22761,0
1608754,304,-89.94653,0
1608764,302,-90.22761,0
1608774,303,-90.08707,0
1608784,310,-89.10328,0
1608794,308,-89.38436,0
1608804,301,-90.36815,0
1608814,307,-89.5249,0
1608824,302,-90.22761,0
1608834,305,-89.80598,0
1608844,306,-89.66544,0
1608854,308,-89.38436,0
1608864,309,-89.24382,0
1608874,296,-91.07085,0
1608884,307,-89.5249,0
1608894,307,-89.5249,0
1608904,304,-89.94653,0
1608914,306,-89.66544,0
1608924,307,-89.5249,0
1608934,309,-89.24382,0
1608944,303,-90.08707,0
1608954,308,-89.38436,0
1608964,309,-89.24382,0
1608974,307,-89.5249,0
1608984,298,-90.78978,0
1608994,308,-89.38436,0
1609004,303,-90.08707,0
1609014,305,-89.80598,0
1609024,298,-90.78978,0
1609034,305,-89.80598,0
1609044,303,-90.08707,0
1609054,305,-89.80598,0
1609064,305,-89.80598,0
1609074,306,-89.66544,0
1609084,310,-89.10328,0
1609094,303,-90.08707,0
1609104,303,-90.08707,0
1609114,303,-90.08707,0
1609124,309,-89.24382,0
1609134,309,-89.24382,0
1609144,312,-88.8222,0
1609154,302,-90.22761,0
1609164,304,-89.94653,0
1609174,303,-90.08707,0
1609184,306,-89.66544,0
1609194,298,-90.78978,0
1609204,306,-89.66544,0
1609214,303,-90.08707,0
1609224,307,-89.5249,0
1609234,306,-89.66544,0
1609244,304,-89.94653,0
1609254,303,-90.08707,0
1609264,309,-89.24382,0
1609274,304,-89.94653,0
1609284,302,-90.22761,0
1609294,307,-89.5249,0
1609304,310,-89.10328,0
1609314,307,-89.5249,0
1609324,311,-88.96274,0
1609334,297,-90.93032,0
1609344,303,-90.08707,0
1609354,309,-89.24382,0
1609364,311,-88.96274,0
1609374,309,-89.24382,0
1609384,300,-90.50869,0
1609394,303,-90.08707,0
1609404,303,-90.08707,0
1609414,293,-91.49249,0
1609424,302,-90.22761,0
1609434,307,-89.5249,0
1609444,305,-89.80598,0
1609454,305,-89.80598,0
1609464,305,-89.80598,0
1609474,304,-89.94653,0
1609484,305,-89.80598,0
1609494,306,-89.66544,0
1609504,301,-90.36815,0
1609514,300,-90.50869,0
1609524,301,-90.36815,0
1609534,310,-89.10328,0
1609544,300,-90.50869,0
1609554,310,-89.10328,0
1609564,306,-89.66544,0
1609574,305,-89.80598,0
1609584,307,-89.5249,0
1609594,307,-89.5249,0
1609604,309,-89.24382,0
1609614,301,-90.36815,0
1609624,303,-90.08707,0
1609634,308,-89.38436,0
1609644,299,-90.64923,0
1609654,305,-89.80598,0
1609664,309,-89.24382,0
1609674,308,-89.38436,0
1609684,311,-88.96274,0
1609694,306,-89.66544,0
1609704,309,-89.24382,0
1609714,305,-89.80598,0
1609724,304,-89.94653,0
1609734,299,-90.64923,0
1609744,305,-89.80598,0
1609754,304,-89.94653,0
1609764,311,-88.96274,0
1609774,307,-89.5249,0
1609784,306,-89.66544,0
1609794,305,-89.80598,0
1609804,299,-90.64923,0
1609814,306,-89.66544,0
1609824,309,-89.24382,0
1609834,309,-89.24382,0
1609844,299,-90.64923,0
1609854,303,-90.08707,0
1609864,303,-90.08707,0
1609874,307,-89.5249,0
1609884,303,-90.08707,0
1609894,305,-89.80598,0
1609904,306,-89.66544,0
1609914,313,-88.68166,0
1609924,307,-89.5249,0
1609934,303,-90.08707,0
1609944,300,-90.50869,0
1609954,299,-90.64923,0
1609964,307,-89.5249,0
1609974,302,-90.22761,0
1609984,301,-90.36815,0
1609994,311,-88.96274,0
1610004,304,-89.94653,0
1610014,306,-89.66544,0
1610024,302,-90.22761,0
1610034,300,-90.50869,0
1610044,307,-89.5249,0
1610054,304,-89.94653,0
1610064,298,-90.78978,0
1610074,303,-90.08707,0
1610084,301,-90.36815,0
1610094,311,-88.96274,0
1610104,301,-90.36815,0
1610114,312,-88.8222,0
1610124,303,-90.08707,0
1610134,304,-89.94653,0
1610144,307,-89.5249,0
1610154,307,-89.5249,0
1610164,306,-89.66544,0
1610174,302,-90.22761,0
1610184,302,-90.22761,0
1610194,304,-89.94653,0
1610204,302,-90.22761,0
1610214,307,-89.5249,0
1610224,301,-90.36815,0
1610234,299,-90.64923,0
1610244,308,-89.38436,0
1610254,309,-89.24382,0
1610264,307,-89.5249,0
1610274,311,-88.96274,0
1610284,310,-89.10328,0
1610294,304,-89.94653,0
1610304,304,-89.94653,0
1610314,308,-89.38436,0
1610324,306,-89.66544,0
1610334,306,-89.66544,0
1610344,308,-89.38436,0
1610354,307,-89.5249,0
1610364,307,-89.5249,0
1610374,309,-89.24382,0
1610384,307,-89.5249,0
1610394,309,-89.24382,0
1610404,302,-90.22761,0
1610414,297,-90.93032,0
1610424,305,-89.80598,0
1610434,310,-89.10328,0
1610444,305,-89.80598,0
1610454,311,-88.96274,0
1610464,306,-89.66544,0
1610474,299,-90.64923,0
1610484,308,-89.38436,0
1610494,306,-89.66544,0
1610504,303,-90.08707,0
1610514,303,-90.08707,0
1610524,305,-89.80598,0
1610534,306,-89.66544,0
1610544,306,-89.66544,0
1610554,306,-89.66544,0
1610564,307,-89.5249,0
1610574,310,-89.10328,0
1610584,306,-89.66544,0
1610594,313,-88.68166,0
1610604,307,-89.5249,0
1610614,307,-89.5249,0
1610624,306,-89.66544,0
1610634,306,-89.66544,0
1610644,303,-90.08707,0
1610654,311,-88.96274,0
1610664,314,-88.54111,0
1610674,309,-89.24382,0
1610684,308,-89.38436,0
1610694,307,-89.5249,0
1610704,311,-88.96274,0
1610714,305,-89.80598,0
1610724,305,-89.80598,0
1610734,298,-90.78978,0
1610744,303,-90.08707,0
1610754,304,-89.94653,0
1610764,301,-90.36815,0
1610774,303,-90.08707,0
1610784,308,-89.38436,0
1610794,306,-89.66544,0
1610804,306,-89.66544,0
1610814,306,-89.66544,0
1610824,310,-89.10328,0
1610834,300,-90.50869,0
1610844,307,-89.5249,0
1610854,307,-89.5249,0
1610864,305,-89.80598,0
1610874,303,-90.08707,0
1610884,308,-89.38436,0
1610894,305,-89.80598,0
1610904,306,-89.66544,0
1610914,298,-90.78978,0
1610924,305,-89.80598,0
1610934,307,-89.5249,0
1610944,308,-89.38436,0
1610954,305,-89.80598,0
1610964,302,-90.22761,0
1610974,303,-90.08707,0
1610984,305,-89.80598,0
1610994,300,-90.50869,0
1611004,306,-89.66544,0
1611014,305,-89.80598,0
1611024,303,-90.08707,0
1611034,304,-89.94653,0
1611044,307,-89.5249,0
1611054,307,-89.5249,0
1611064,301,-90.36815,0
1611074,299,-90.64923,0
1611084,304,-89.94653,0
1611094,300,-90.50869,0
1611104,305,-89.80598,0
1611114,298,-90.78978,0
1611124,304,-89.94653,0
1611134,302,-90.22761,0
1611144,308,-89.38436,0
1611154,308,-89.38436,0
1611164,302,-90.22761,0
1611174,306,-89.66544,0
1611184,306,-89.66544,0
1611194,306,-89.66544,0
1611204,301,-90.36815,0
1611214,305,-89.80598,0
1611224,306,-89.66544,0
1611234,308,-89.38436,0
1611244,307,-89.5249,0
1611254,312,-88.8222,0
1611264,308,-89.38436,0
1611274,306,-89.66544,0
1611284,301,-90.36815,0
1611294,306,-89.66544,0
1611304,309,-89.24382,0
1611314,301,-90.36815,0
1611324,304,-89.94653,0
1611334,302,-90.22761,0
1611344,306,-89.66544,0
1611354,306,-89.66544,0
1611364,306,-89.66544,0
1611374,303,-90.08707,0
1611384,307,-89.5249,0
1611394,303,-90.08707,0
1611404,306,-89.66544,0
1611414,306,-89.66544,0
1611424,304,-89.94653,0
1611434,300,-90.50869,0
1611444,297,-90.93032,0
1611454,312,-88.8222,0
1611464,301,-90.36815,0
1611474,307,-89.5249,0
1611484,300,-90.50869,0
1611494,310,-89.10328,0
1611504,311,-88.96274,0
1611514,307,-89.5249,0
1611524,304,-89.94653,0
1611534,301,-90.36815,0
1611544,301,-90.36815,0
1611554,307,-89.5249,0
1611564,302,-90.22761,0
1611574,304,-89.94653,0
1611584,310,-89.10328,0
1611594,310,-89.10328,0
1611604,306,-89.66544,0
1611614,305,-89.80598,0
1611624,308,-89.38436,0
1611634,308,-89.38436,0
1611644,303,-90.08707,0
1611654,305,-89.80598,0
1611664,297,-90.93032,0
1611674,299,-90.64923,0
1611684,309,-89.24382,0
1611694,304,-89.94653,0
1611704,312,-88.8222,0
1611714,304,-89.94653,0
1611724,304,-89.94653,0
1611734,303,-90.08707,0
1611744,304,-89.94653,0
1611754,310,-89.10328,0
1611764,301,-90.36815,0
1611774,303,-90.08707,0
1611784,304,-89.94653,0
1611794,306,-89.66544,0
1611804,305,-89.80598,0
1611814,307,-89.5249,0
1611824,301,-90.36815,0
1611834,307,-89.5249,0
1611844,307,-89.5249,0
1611854,305,-89.80598,0
1611864,312,-88.8222,0
1611874,306,-89.66544,0
1611884,299,-90.64923,0
1611894,308,-89.38436,0
1611904,302,-90.22761,0
1611914,304,-89.94653,0
1611924,307,-89.5249,0
1611934,296,-91.07085,0
1611944,304,-89.94653,0
1611954,302,-90.22761,0
1611964,313,-88.68166,0
1611974,304,-89.94653,0
1611984,309,-89.24382,0
1611994,300,-90.50869,0
1612004,303,-90.08707,0
1612014,305,-89.80598,0
1612024,300,-90.50869,0
1612034,313,-88.68166,0
1612044,306,-89.66544,0
1612054,308,-89.38436,0
1612064,307,-89.5249,0
1612074,303,-90.08707,0
1612084,301,-90.36815,0
1612094,309,-89.24382,0
1612104,299,-90.64923,0
1612114,306,-89.66544,0
1612124,300,-90.50869,0
1612134,305,-89.80598,0
1612144,308,-89.38436,0
1612154,308,-89.38436,0
1612164,307,-89.5249,0
1612174,308,-89.38436,0
1612184,307,-89.5249,0
1612194,303,-90.08707,0
1612204,309,-89.24382,0
1612214,309,-89.24382,0
1612224,302,-90.22761,0
1612234,311,-88.96274,0
1612244,308,-89.38436,0
1612254,307,-89.5249,0
1612264,309,-89.24382,0
1612274,303,-90.08707,0
1612284,306,-89.66544,0
1612294,310,-89.10328,0
1612304,302,-90.22761,0
1612314,304,-89.94653,0
1612324,303,-90.08707,0
1612334,297,-90.93032,0
1612344,304,-89.94653,0
1612354,307,-89.5249,0
1612364,303,-90.08707,0
1612374,312,-88.8222,0
1612384,308,-89.38436,0
1612394,310,-89.10328,0
1612404,307,-89.5249,0
1612414,317,-88.11949,0
1612424,306,-89.66544,0
1612434,304,-89.94653,0
1612444,303,-90.08707,0
1612454,302,-90.22761,0
1612464,305,-89.80598,0
1612474,303,-90.08707,0
1612484,303,-90.08707,0
1612494,304,-89.94653,0
1612504,306,-89.66544,0
1612514,305,-89.80598,0
1612524,303,-90.08707,0
1612534,306,-89.66544,0
1612544,304,-89.94653,0
1612554,303,-90.08707,0
1612564,306,-89.66544,0
1612574,301,-90.36815,0
1612584,303,-90.08707,0
1612594,310,-89.10328,0
1612604,304,-89.94653,0
1612614,306,-89.66544,0
1612624,310,-89.10328,0
1612634,309,-89.24382,0
1612644,309,-89.24382,0
1612654,305,-89.80598,0
1612664,304,-89.94653,0
1612674,302,-90.22761,0
1612684,310,-89.10328,0
1612694,307,-89.5249,0
1612704,305,-89.80598,0
1612714,306,-89.66544,0
1612724,309,-89.24382,0
1612734,303,-90.08707,0
1612744,309,-89.24382,0
1612754,312,-88.8222,0
1612764,307,-89.5249,0
1612774,297,-90.93032,0
1612784,304,-89.94653,0
1612794,308,-89.38436,0
1612804,304,-89.94653,0
1612814,303,-90.08707,0
1612824,302,-90.22761,0
1612834,310,-89.10328,0
1612844,308,-89.38436,0
1612854,306,-89.66544,0
1612864,304,-89.94653,0
1612874,304,-89.94653,0
1612884,298,-90.78978,0
1612894,303,-90.08707,0
1612904,301,-90.36815,0
1612914,303,-90.08707,0
1612924,307,-89.5249,0
1612934,311,-88.96274,0
1612944,308,-89.38436,0
1612954,306,-89.66544,0
1612964,308,-89.38436,0
1612974,298,-90.78978,0
1612984,308,-89.38436,0
1612994,307,-89.5249,0
1613004,301,-90.36815,0
1613014,303,-90.08707,0
1613024,304,-89.94653,0
1613034,304,-89.94653,0
1613044,302,-90.22761,0
1613054,302,-90.22761,0
1613064,304,-89.94653,0
1613074,303,-90.08707,0
1613084,307,-89.5249,0
1613094,306,-89.66544,0
1613104,308,-89.38436,0
1613114,305,-89.80598,0
1613124,305,-89.80598,0
1613134,307,-89.5249,0
1613144,302,-90.22761,0
1613154,305,-89.80598,0
1613164,309,-89.24382,0
1613174,302,-90.22761,0
1613184,314,-88.54111,0
1613194,305,-89.80598,0
1613204,305,-89.80598,0
1613214,308,-89.38436,0
1613224,303,-90.08707,0
1613234,302,-90.22761,0
1613244,301,-90.36815,0
1613254,309,-89.24382,0
1613264,302,-90.22761,0
1613274,305,-89.80598,0
1613284,306,-89.66544,0
1613294,307,-89.5249,0
1613304,303,-90.08707,0
1613314,307,-89.5249,0
1613324,308,-89.38436,0
1613334,307,-89.5249,0
1613344,306,-89.66544,0
1613354,309,-89.24382,0
1613364,306,-89.66544,0
1613374,308,-89.38436,0
1613384,307,-89.5249,0
1613394,309,-89.24382,0
1613404,306,-89.66544,0
1613414,305,-89.80598,0
1613424,302,-90.22761,0
1613434,303,-90.08707,0
1613444,306,-89.66544,0
1613454,307,-89.5249,0
1613464,303,-90.08707,0
1613474,300,-90.50869,0
1613484,306,-89.66544,0
1613494,306,-89.66544,0
1613504,305,-89.80598,0
1613514,303,-90.08707,0
1613524,305,-89.80598,0
1613534,301,-90.36815,0
1613544,303,-90.08707,0
1613554,302,-90.22761,0
1613564,305,-89.80598,0
1613574,298,-90.78978,0
1613584,305,-89.80598,0
1613594,304,-89.94653,0
1613604,311,-88.96274,0
1613614,311,-88.96274,0
1613624,308,-89.38436,0
1613634,304,-89.94653,0
1613644,309,-89.24382,0
1613654,306,-89.66544,0
1613664,306,-89.66544,0
1613674,308,-89.38436,0
1613684,310,-89.10328,0
1613694,302,-90.22761,0
1613704,303,-90.08707,0
1613714,309,-89.24382,0
1613724,307,-89.5249,0
1613734,312,-88.8222,0
1613744,303,-90.08707,0
1613754,312,-88.8222,0
1613764,308,-89.38436,0
1613774,308,-89.38436,0
1613784,302,-90.22761,0
1613794,300,-90.50869,0
1613804,309,-89.24382,0
1613814,306,-89.66544,0
1613824,302,-90.22761,0
1613834,304,-89.94653,0
1613844,303,-90.08707,0
1613854,308,-89.38436,0
1613864,306,-89.66544,0
1613874,306,-89.66544,0
1613884,309,-89.24382,0
1613894,302,-90.22761,0
1613904,303,-90.08707,0
1613914,303,-90.08707,0
1613924,306,-89.66544,0
1613934,312,-88.8222,0
1613944,310,-89.10328,0
1613954,303,-90.08707,0
1613964,303,-90.08707,0
1613974,305,-89.80598,0
1613984,310,-89.10328,0
1613994,307,-89.5249,0
1614004,303,-90.08707,0
1614014,307,-89.5249,0
1614024,312,-88.8222,0
1614034,304,-89.94653,0
1614044,303,-90.08707,0
1614054,305,-89.80598,0
1614064,304,-89.94653,0
1614074,303,-90.08707,0
1614084,303,-90.08707,0
1614094,312,-88.8222,0
1614104,305,-89.80598,0
1614114,303,-90.08707,0
1614124,307,-89.5249,0
1614134,298,-90.78978,0
1614144,304,-89.94653,0
1614154,306,-89.66544,0
1614164,311,-88.96274,0
1614174,308,-89.38436,0
1614184,310,-89.10328,0
1614194,309,-89.24382,0
1614204,304,-89.94653,0
1614214,298,-90.78978,0
1614224,305,-89.80598,0
1614234,303,-90.08707,0
1614244,305,-89.80598,0
1614254,306,-89.66544,0
1614264,306,-89.66544,0
1614274,306,-89.66544,0
1614284,306,-89.66544,0
1614294,308,-89.38436,0
1614304,312,-88.8222,0
1614314,306,-89.66544,0
1614324,305,-89.80598,0
1614334,306,-89.66544,0
1614344,311,-88.96274,0
1614354,300,-90.50869,0
1614364,314,-88.54111,0
1614374,306,-89.66544,0
1614384,305,-89.80598,0
1614394,301,-90.36815,0
1614404,310,-89.10328,0
1614414,308,-89.38436,0
1614424,308,-89.38436,0
1614434,309,-89.24382,0
1614444,306,-89.66544,0
1614454,309,-89.24382,0
1614464,306,-89.66544,0
1614474,304,-89.94653,0
1614484,305,-89.80598,0
1614494,299,-90.64923,0
1614504,303,-90.08707,0
1614514,300,-90.50869,0
1614524,303,-90.08707,0
1614534,307,-89.5249,0
1614544,311,-88.96274,0
1614554,307,-89.5249,0
1614564,304,-89.94653,0
1614574,302,-90.22761,0
1614584,305,-89.80598,0
1614594,300,-90.50869,0
1614604,303,-90.08707,0
1614614,301,-90.36815,0
1614624,304,-89.94653,0
1614634,310,-89.10328,0
1614644,307,-89.5249,0
1614654,309,-89.24382,0
1614664,308,-89.38436,0
1614674,301,-90.36815,0
1614684,301,-90.36815,0
1614694,305,-89.80598,0
1614704,306,-89.66544,0
1614714,307,-89.5249,0
1614724,310,-89.10328,0
1614734,304,-89.94653,0
1614744,305,-89.80598,0
1614754,313,-88.68166,0
1614764,305,-89.80598,0
1614774,307,-89.5249,0
1614784,309,-89.24382,0
1614794,306,-89.66544,0
1614804,301,-90.36815,0
1614814,304,-89.94653,0
1614824,306,-89.66544,0
1614834,307,-89.5249,0
1614844,301,-90.36815,0
1614854,304,-89.94653,0
1614864,300,-90.50869,0
1614874,310,-89.10328,0
1614884,304,-89.94653,0
1614894,306,-89.66544,0
1614904,305,-89.80598,0
1614914,306,-89.66544,0
1614924,301,-90.36815,0
1614934,300,-90.50869,0
1614944,300,-90.50869,0
1614954,306,-89.66544,0
1614964,305,-89.80598,0
1614974,303,-90.08707,0
1614984,303,-90.08707,0
1614994,308,-89.38436,0
1615004,310,-89.10328,0
1615014,307,-89.5249,0
1615024,307,-89.5249,0
1615034,303,-90.08707,0
1615044,299,-90.64923,0
1615054,303,-90.08707,0
1615064,304,-89.94653,0
1615074,303,-90.08707,0
1615084,305,-89.80598,0
1615094,302,-90.22761,0
1615104,304,-89.94653,0
1615114,307,-89.5249,0
1615124,303,-90.08707,0
1615134,306,-89.66544,0
1615144,304,-89.94653,0
1615154,308,-89.38436,0
1615164,303,-90.08707,0
1615174,304,-89.94653,0
1615184,308,-89.38436,0
1615194,308,-89.38436,0
1615204,314,-88.54111,0
1615214,308,-89.38436,0
1615224,306,-89.66544,0
1615234,304,-89.94653,0
1615244,301,-90.36815,0
1615254,308,-89.38436,0
1615264,304,-89.94653,0
1615274,304,-89.94653,0
1615284,305,-89.80598,0
1615294,309,-89.24382,0
1615304,312,-88.8222,0
1615314,305,-89.80598,0
1615324,310,-89.10328,0
1615334,300,-90.50869,0
1615344,303,-90.08707,0
1615354,305,-89.80598,0
1615364,304,-89.94653,0
1615374,303,-90.08707,0
1615384,305,-89.80598,0
1615394,308,-89.38436,0
1615404,302,-90.22761,0
1615414,307,-89.5249,0
1615424,309,-89.24382,0
1615434,308,-89.38436,0
1615444,304,-89.94653,0
1615454,312,-88.8222,0
1615464,306,-89.66544,0
1615474,305,-89.80598,0
1615484,300,-90.50869,0
1615494,307,-89.5249,0
1615504,306,-89.66544,0
1615514,310,-89.10328,0
1615524,306,-89.66544,0
1615534,306,-89.66544,0
1615544,309,-89.24382,0
1615554,306,-89.66544,0
1615564,303,-90.08707,0
1615574,304,-89.94653,0
1615584,302,-90.22761,0
1615594,307,-89.5249,0
1615604,302,-90.22761,0
1615614,306,-89.66544,0
1615624,307,-89.5249,0
1615634,314,-88.54111,0
1615644,310,-89.10328,0
1615654,305,-89.80598,0
1615664,308,-89.38436,0
1615674,311,-88.96274,0
1615684,307,-89.5249,0
1615694,305,-89.80598,0
1615704,301,-90.36815,0
1615714,298,-90.78978,0
1615724,306,-89.66544,0
1615734,310,-89.10328,0
1615744,309,-89.24382,0
1615754,307,-89.5249,0
1615764,304,-89.94653,0
1615774,306,-89.66544,0
1615784,309,-89.24382,0
1615794,308,-89.38436,0
1615804,310,-89.10328,0
1615814,303,-90.08707,0
1615824,299,-90.64923,0
1615834,306,-89.66544,0
1615844,299,-90.64923,0
1615854,309,-89.24382,0
1615864,302,-90.22761,0
1615874,303,-90.08707,0
1615884,300,-90.50869,0
1615894,305,-89.80598,0
1615904,305,-89.80598,0
1615914,308,-89.38436,0
1615924,310,-89.10328,0
1615934,306,-89.66544,0
1615944,301,-90.36815,0
1615954,309,-89.24382,0
1615964,303,-90.08707,0
1615974,306,-89.66544,0
1615984,306,-89.66544,0
1615994,301,-90.36815,0
1616004,308,-89.38436,0
1616014,307,-89.5249,0
1616024,303,-90.08707,0
1616034,304,-89.94653,0
1616044,305,-89.80598,0
1616054,302,-90.22761,0
1616064,306,-89.66544,0
1616074,307,-89.5249,0
1616084,304,-89.94653,0
1616094,310,-89.10328,0
1616104,301,-90.36815,0
1616114,302,-90.22761,0
1616124,309,-89.24382,0
1616134,312,-88.8222,0
1616144,309,-89.24382,0
1616154,304,-89.94653,0
1616164,303,-90.08707,0
1616174,308,-89.38436,0
1616184,300,-90.50869,0
1616194,303,-90.08707,0
1616204,307,-89.5249,0
1616214,301,-90.36815,0
1616224,303,-90.08707,0
1616234,308,-89.38436,0
1616244,305,-89.80598,0
1616254,310,-89.10328,0
1616264,305,-89.80598,0
1616274,307,-89.5249,0
1616284,302,-90.22761,0
1616294,303,-90.08707,0
1616304,306,-89.66544,0
1616314,310,-89.10328,0
1616324,309,-89.24382,0
1616334,309,-89.24382,0
1616344,307,-89.5249,0
1616354,300,-90.50869,0
1616364,312,-88.8222,0
1616374,307,-89.5249,0
1616384,300,-90.50869,0
1616394,306,-89.66544,0
1616404,303,-90.08707,0
1616414,305,-89.80598,0
1616424,308,-89.38436,0
1616434,309,-89.24382,0
1616444,302,-90.22761,0
1616454,305,-89.80598,0
1616464,309,-89.24382,0
1616474,302,-90.22761,0
1616484,312,-88.8222,0
1616494,301,-90.36815,0
1616504,303,-90.08707,0
1616514,302,-90.22761,0
1616524,315,-88.40057,0
1616534,310,-89.10328,0
1616544,314,-88.54111,0
1616554,304,-89.94653,0
1616564,308,-89.38436,0
1616574,302,-90.22761,0
1616584,310,-89.10328,0
1616594,304,-89.94653,0
1616604,301,-90.36815,0
1616614,305,-89.80598,0
1616624,297,-90.93032,0
1616634,303,-90.08707,0
1616644,308,-89.38436,0
1616654,303,-90.08707,0
1616664,305,-89.80598,0
1616674,304,-89.94653,0
1616684,306,-89.66544,0
1616694,307,-89.5249,0
1616704,308,-89.38436,0
1616714,303,-90.08707,0
1616724,303,-90.08707,0
1616734,304,-89.94653,0
1616744,305,-89.80598,0
1616754,310,-89.10328,0
1616764,304,-89.94653,0
1616774,307,-89.5249,0
1616784,305,-89.80598,0
1616794,304,-89.94653,0
1616804,306,-89.66544,0
1616814,311,-88.96274,0
1616824,308,-89.38436,0
1616834,298,-90.78978,0
1616844,307,-89.5249,0
1616854,303,-90.08707,0
1616864,305,-89.80598,0
1616874,299,-90.64923,0
1616884,308,-89.38436,0
1616894,303,-90.08707,0
1616904,302,-90.22761,0
1616914,305,-89.80598,0
1616924,305,-89.80598,0
1616934,304,-89.94653,0
1616944,302,-90.22761,0
1616954,306,-89.66544,0
1616964,306,-89.66544,0
1616974,305,-89.80598,0
1616984,316,-88.26003,0
1616994,309,-89.24382,0
1617004,311,-88.96274,0
1617014,303,-90.08707,0
1617024,306,-89.66544,0
1617034,306,-89.66544,0
1617044,309,-89.24382,0
1617054,303,-90.08707,0
1617064,305,-89.80598,0
1617074,306,-89.66544,0
1617084,311,-88.96274,0
1617094,300,-90.50869,0
1617104,300,-90.50869,0
1617114,305,-89.80598,0
1617124,303,-90.08707,0
1617134,306,-89.66544,0
1617144,311,-88.96274,0
1617154,307,-89.5249,0
1617164,307,-89.5249,0
1617174,299,-90.64923,0
1617184,308,-89.38436,0
1617194,300,-90.50869,0
1617204,309,-89.24382,0
1617214,306,-89.66544,0
1617224,310,-89.10328,0
1617234,316,-88.26003,0
1617244,304,-89.94653,0
1617254,307,-89.5249,0
1617264,305,-89.80598,0
1617274,309,-89.24382,0
1617284,307,-89.5249,0
1617294,306,-89.66544,0
1617304,304,-89.94653,0
1617314,309,-89.24382,0
1617324,302,-90.22761,0
1617334,304,-89.94653,0
1617344,306,-89.66544,0
1617354,309,-89.24382,0
1617364,303,-90.08707,0
1617374,306,-89.66544,0
1617384,309,-89.24382,0
1617394,300,-90.50869,0
1617404,299,-90.64923,0
1617414,307,-89.5249,0
1617424,305,-89.80598,0
1617434,304,-89.94653,0
1617444,307,-89.5249,0
1617454,306,-89.66544,0
1617464,302,-90.22761,0
1617474,313,-88.68166,0
1617484,310,-89.10328,0
1617494,308,-89.38436,0
1617504,304,-89.94653,0
1617514,306,-89.66544,0
1617524,304,-89.94653,0
1617534,304,-89.94653,0
1617544,307,-89.5249,0
1617554,306,-89.66544,0
1617564,311,-88.96274,0
1617574,307,-89.5249,0
1617584,311,-88.96274,0
1617594,302,-90.22761,0
1617604,305,-89.80598,0
1617614,303,-90.08707,0
1617624,303,-90.08707,0
1617634,309,-89.24382,0
1617644,306,-89.66544,0
1617654,314,-88.54111,0
1617664,305,-89.80598,0
1617674,305,-89.80598,0
1617684,306,-89.66544,0
1617694,304,-89.94653,0
1617704,307,-89.5249,0
1617714,310,-89.10328,0
1617724,308,-89.38436,0
1617734,301,-90.36815,0
1617744,302,-90.22761,0
1617754,303,-90.08707,0
1617764,308,-89.38436,0
1617774,303,-90.08707,0
1617784,307,-89.5249,0
1617794,316,-88.26003,0
1617804,309,-89.24382,0
1617814,308,-89.38436,0
1617824,308,-89.38436,0
1617834,311,-88.96274,0
1617844,303,-90.08707,0
1617854,311,-88.96274,0
1617864,301,-90.36815,0
1617874,302,-90.22761,0
1617884,302,-90.22761,0
1617894,309,-89.24382,0
1617904,308,-89.38436,0
1617914,307,-89.5249,0
1617924,306,-89.66544,0
1617934,310,-89.10328,0
1617944,306,-89.66544,0
1617954,308,-89.38436,0
1617964,301,-90.36815,0
1617974,306,-89.66544,0
1617984,304,-89.94653,0
1617994,303,-90.08707,0
1618004,308,-89.38436,0
1618014,304,-89.94653,0
1618024,308,-89.38436,0
1618034,304,-89.94653,0
1618044,308,-89.38436,0
1618054,309,-89.24382,0
1618064,307,-89.5249,0
1618074,303,-90.08707,0
1618084,312,-88.8222,0
1618094,299,-90.64923,0
1618104,308,-89.38436,0
1618114,302,-90.22761,0
1618124,306,-89.66544,0
1618134,308,-89.38436,0
1618144,308,-89.38436,0
1618154,305,-89.80598,0
1618164,310,-89.10328,0
1618174,303,-90.08707,0
1618184,299,-90.64923,0
1618194,302,-90.22761,0
1618204,305,-89.80598,0
1618214,300,-90.50869,0
1618224,307,-89.5249,0
1618234,306,-89.66544,0
1618244,305,-89.80598,0
1618254,310,-89.10328,0
1618264,307,-89.5249,0
1618274,306,-89.66544,0
1618284,305,-89.80598,0
1618294,306,-89.66544,0
1618304,301,-90.36815,0
1618314,305,-89.80598,0
1618324,303,-90.08707,0
1618334,308,-89.38436,0
1618344,312,-88.8222,0
1618354,300,-90.50869,0
1618364,307,-89.5249,0
1618374,310,-89.10328,0
1618384,308,-89.38436,0
1618394,309,-89.24382,0
1618404,304,-89.94653,0
1618414,304,-89.94653,0
1618424,299,-90.64923,0
1618434,306,-89.66544,0
1618444,307,-89.5249,0
1618454,307,-89.5249,0
1618464,303,-90.08707,0
1618474,304,-89.94653,0
1618484,308,-89.38436,0
1618494,312,-88.8222,0
1618504,303,-90.08707,0
1618514,306,-89.66544,0
1618524,309,-89.24382,0
1618534,309,-89.24382,0
1618544,305,-89.80598,0
1618554,300,-90.50869,0
1618564,308,-89.38436,0
1618574,303,-90.08707,0
1618584,298,-90.78978,0
1618594,311,-88.96274,0
1618604,308,-89.38436,0
1618614,308,-89.38436,0
1618624,308,-89.38436,0
1618634,301,-90.36815,0
1618644,303,-90.08707,0
1618654,306,-89.66544,0
1618664,307,-89.5249,0
1618674,307,-89.5249,0
1618684,310,-89.10328,0
1618694,306,-89.66544,0
1618704,309,-89.24382,0
1618714,302,-90.22761,0
1618724,304,-89.94653,0
1618734,302,-90.22761,0
1618744,308,-89.38436,0
1618754,303,-90.08707,0
1618764,300,-90.50869,0
1618774,312,-88.8222,0
1618784,308,-89.38436,0
1618794,304,-89.94653,0
1618804,307,-89.5249,0
1618814,300,-90.50869,0
1618824,307,-89.5249,0
1618834,306,-89.66544,0
1618844,309,-89.24382,0
1618854,308,-89.38436,0
1618864,307,-89.5249,0
1618874,301,-90.36815,0
1618884,308,-89.38436,0
1618894,310,-89.10328,0
1618904,305,-89.80598,0
1618914,310,-89.10328,0
1618924,308,-89.38436,0
1618934,312,-88.8222,0
1618944,311,-88.96274,0
1618954,308,-89.38436,0
1618964,307,-89.5249,0
1618974,309,-89.24382,0
1618984,304,-89.94653,0
1618994,306,-89.66544,0
1619004,303,-90.08707,0
1619014,305,-89.80598,0
1619024,311,-88.96274,0
1619034,304,-89.94653,0
1619044,303,-90.08707,0
1619054,307,-89.5249,0
1619064,303,-90.08707,0
1619074,303,-90.08707,0
1619084,308,-89.38436,0
1619094,302,-90.22761,0
1619104,306,-89.66544,0
1619114,307,-89.5249,0
1619124,304,-89.94653,0
1619134,301,-90.36815,0
1619144,307,-89.5249,0
1619154,312,-88.8222,0
1619164,305,-89.80598,0
1619174,304,-89.94653,0
1619184,304,-89.94653,0
1619194,303,-90.08707,0
1619204,305,-89.80598,0
1619214,301,-90.36815,0
1619224,309,-89.24382,0
1619234,308,-89.38436,0
1619244,308,-89.38436,0
1619254,309,-89.24382,0
1619264,313,-88.68166,0
1619274,313,-88.68166,0
1619284,309,-89.24382,0
1619294,302,-90.22761,0
1619304,302,-90.22761,0
1619314,300,-90.50869,0
1619324,307,-89.5249,0
1619334,305,-89.80598,0
1619344,312,-88.8222,0
1619354,312,-88.8222,0
1619364,310,-89.10328,0
1619374,308,-89.38436,0
1619384,305,-89.80598,0
1619394,309,-89.24382,0
1619404,300,-90.50869,0
1619414,307,-89.5249,0
1619424,306,-89.66544,0
1619434,299,-90.64923,0
1619444,303,-90.08707,0
1619454,310,-89.10328,0
1619464,301,-90.36815,0
1619474,313,-88.68166,0
1619484,309,-89.24382,0
1619494,311,-88.96274,0
1619504,305,-89.80598,0
1619514,305,-89.80598,0
1619524,312,-88.8222,0
1619534,303,-90.08707,0
1619544,303,-90.08707,0
1619554,305,-89.80598,0
1619564,302,-90.22761,0
1619574,307,-89.5249,0
1619584,310,-89.10328,0
1619594,306,-89.66544,0
1619604,310,-89.10328,0
1619614,308,-89.38436,0
1619624,308,-89.38436,0
1619634,316,-88.26003,0
1619644,306,-89.66544,0
1619654,305,-89.80598,0
1619664,302,-90.22761,0
1619674,307,-89.5249,0
1619684,305,-89.80598,0
1619694,303,-90.08707,0
1619704,314,-88.54111,0
1619714,307,-89.5249,0
1619724,306,-89.66544,0
1619734,310,-89.10328,0
1619744,302,-90.22761,0
1619754,305,-89.80598,0
1619764,304,-89.94653,0
1619774,306,-89.66544,0
1619784,304,-89.94653,0
1619794,307,-89.5249,0
1619804,309,-89.24382,0
1619814,313,-88.68166,0
1619824,300,-90.50869,0
1619834,300,-90.50869,0
1619844,308,-89.38436,0
1619854,309,-89.24382,0
1619864,310,-89.10328,0
1619874,304,-89.94653,0
1619884,309,-89.24382,0
1619894,306,-89.66544,0
1619904,305,-89.80598,0
1619914,300,-90.50869,0
1619924,310,-89.10328,0
1619934,302,-90.22761,0
1619944,306,-89.66544,0
1619954,303,-90.08707,0
1619964,311,-88.96274,0
1619974,310,-89.10328,0
1619984,303,-90.08707,0
1619994,305,-89.80598,0
1620004,302,-90.22761,0
1620014,306,-89.66544,0
1620024,308,-89.38436,0
1620034,306,-89.66544,0
1620044,307,-89.5249,0
1620054,302,-90.22761,0
1620064,307,-89.5249,0
1620074,308,-89.38436,0
1620084,304,-89.94653,0
1620094,311,-88.96274,0
1620104,307,-89.5249,0
1620114,307,-89.5249,0
1620124,304,-89.94653,0
1620134,313,-88.68166,0
1620144,311,-88.96274,0
1620154,308,-89.38436,0
1620164,306,-89.66544,0
1620174,308,-89.38436,0
1620184,313,-88.68166,0
1620194,306,-89.66544,0
1620204,310,-89.10328,0
1620214,306,-89.66544,0
1620224,304,-89.94653,0
1620234,305,-89.80598,0
1620244,308,-89.38436,0
1620254,303,-90.08707,0
1620264,312,-88.8222,0
1620274,308,-89.38436,0
1620284,310,-89.10328,0
1620294,312,-88.8222,0
1620304,306,-89.66544,0
1620314,309,-89.24382,0
1620324,301,-90.36815,0
1620334,307,-89.5249,0
1620344,312,-88.8222,0
1620354,305,-89.80598,0
1620364,302,-90.22761,0
1620374,309,-89.24382,0
1620384,305,-89.80598,0
1620394,305,-89.80598,0
1620404,310,-89.10328,0
1620414,307,-89.5249,0
1620424,307,-89.5249,0
1620434,307,-89.5249,0
1620444,313,-88.68166,0
1620454,307,-89.5249,0
1620464,298,-90.78978,0
1620474,309,-89.24382,0
1620484,307,-89.5249,0
1620494,307,-89.5249,0
1620504,307,-89.5249,0
1620514,308,-89.38436,0
1620524,308,-89.38436,0
1620534,303,-90.08707,0
1620544,307,-89.5249,0
1620554,305,-89.80598,0
1620564,304,-89.94653,0
1620574,307,-89.5249,0
1620584,303,-90.08707,0
1620594,303,-90.08707,0
1620604,308,-89.38436,0
1620614,308,-89.38436,0
1620624,307,-89.5249,0
1620634,311,-88.96274,0
1620644,308,-89.38436,0
1620654,298,-90.78978,0
1620664,303,-90.08707,0
1620674,305,-89.80598,0
1620684,308,-89.38436,0
1620694,304,-89.94653,0
1620704,303,-90.08707,0
1620714,299,-90.64923,0
1620724,306,-89.66544,0
1620734,304,-89.94653,0
1620744,311,-88.96274,0
1620754,310,-89.10328,0
1620764,307,-89.5249,0
1620774,308,-89.38436,0
1620784,301,-90.36815,0
1620794,304,-89.94653,0
1620804,306,-89.66544,0
1620814,303,-90.08707,0
1620824,302,-90.22761,0
1620834,309,-89.24382,0
1620844,303,-90.08707,0
1620854,305,-89.80598,0
1620864,303,-90.08707,0
1620874,306,-89.66544,0
1620884,310,-89.10328,0
1620894,303,-90.08707,0
1620904,304,-89.94653,0
1620914,299,-90.64923,0
1620924,306,-89.66544,0
1620934,305,-89.80598,0
1620944,308,-89.38436,0
1620954,307,-89.5249,0
1620964,304,-89.94653,0
1620974,308,-89.38436,0
1620984,302,-90.22761,0
1620994,306,-89.66544,0
1621004,307,-89.5249,0
1621014,303,-90.08707,0
1621024,308,-89.38436,0
1621034,301,-90.36815,0
1621044,305,-89.80598,0
1621054,307,-89.5249,0
1621064,303,-90.08707,0
1621074,301,-90.36815,0
1621084,301,-90.36815,0
1621094,307,-89.5249,0
1621104,305,-89.80598,0
1621114,299,-90.64923,0
1621124,301,-90.36815,0
1621134,301,-90.36815,0
1621144,303,-90.08707,0
1621154,313,-88.68166,0
1621164,304,-89.94653,0
1621174,308,-89.38436,0
1621184,308,-89.38436,0
1621194,301,-90.36815,0
1621204,306,-89.66544,0
1621214,303,-90.08707,0
1621224,301,-90.36815,0
1621234,303,-90.08707,0
1621244,306,-89.66544,0
1621254,305,-89.80598,0
1621264,309,-89.24382,0
1621274,301,-90.36815,0
1621284,305,-89.80598,0
1621294,309,-89.24382,0
1621304,306,-89.66544,0
1621314,304,-89.94653,0
1621324,309,-89.24382,0
1621334,311,-88.96274,0
1621344,302,-90.22761,0
1621354,303,-90.08707,0
1621364,305,-89.80598,0
1621374,305,-89.80598,0
1621384,309,-89.24382,0
1621394,307,-89.5249,0
1621404,311,-88.96274,0
1621414,303,-90.08707,0
1621424,309,-89.24382,0
1621434,307,-89.5249,0
1621444,309,-89.24382,0
1621454,305,-89.80598,0
1621464,308,-89.38436,0
1621474,311,-88.96274,0
1621484,303,-90.08707,0
1621494,300,-90.50869,0
1621504,304,-89.94653,0
1621514,309,-89.24382,0
1621524,314,-88.54111,0
1621534,311,-88.96274,0
1621544,306,-89.66544,0
1621554,306,-89.66544,0
1621564,312,-88.8222,0
1621574,311,-88.96274,0
1621584,309,-89.24382,0
1621594,303,-90.08707,0
1621604,304,-89.94653,0
1621614,307,-89.5249,0
1621624,311,-88.96274,0
1621634,308,-89.38436,0
1621644,308,-89.38436,0
1621654,311,-88.96274,0
1621664,308,-89.38436,0
1621674,309,-89.24382,0
1621684,302,-90.22761,0
1621694,297,-90.93032,0
1621704,307,-89.5249,0
1621714,308,-89.38436,0
1621724,311,-88.96274,0
1621734,312,-88.8222,0
1621744,304,-89.94653,0
1621754,304,-89.94653,0
1621764,308,-89.38436,0
1621774,304,-89.94653,0
1621784,300,-90.50869,0
1621794,303,-90.08707,0
1621804,301,-90.36815,0
1621814,306,-89.66544,0
1621824,305,-89.80598,0
1621834,303,-90.08707,0
1621844,307,-89.5249,0
1621854,303,-90.08707,0
1621864,310,-89.10328,0
1621874,302,-90.22761,0
1621884,313,-88.68166,0
1621894,304,-89.94653,0
1621904,301,-90.36815,0
1621914,302,-90.22761,0
1621924,306,-89.66544,0
1621934,308,-89.38436,0
1621944,309,-89.24382,0
1621954,312,-88.8222,0
1621964,307,-89.5249,0
1621974,305,-89.80598,0
1621984,312,-88.8222,0
1621994,305,-89.80598,0
1622004,307,-89.5249,0
1622014,307,-89.5249,0
1622024,307,-89.5249,0
1622034,306,-89.66544,0
1622044,307,-89.5249,0
1622054,308,-89.38436,0
1622064,308,-89.38436,0
1622074,309,-89.24382,0
1622084,311,-88.96274,0
1622094,307,-89.5249,0
1622104,306,-89.66544,0
1622114,298,-90.78978,0
1622124,304,-89.94653,0
1622134,305,-89.80598,0
1622144,305,-89.80598,0
1622154,308,-89.38436,0
1622164,309,-89.24382,0
1622174,305,-89.80598,0
1622184,303,-90.08707,0
1622194,307,-89.5249,0
1622204,312,-88.8222,0
1622214,306,-89.66544,0
1622224,305,-89.80598,0
1622234,307,-89.5249,0
1622244,306,-89.66544,0
1622254,305,-89.80598,0
1622264,306,-89.66544,0
1622274,313,-88.68166,0
1622284,309,-89.24382,0
1622294,308,-89.38436,0
1622304,313,-88.68166,0
1622314,307,-89.5249,0
1622324,305,-89.80598,0
1622334,301,-90.36815,0
1622344,303,-90.08707,0
1622354,305,-89.80598,0
1622364,308,-89.38436,0
1622374,308,-89.38436,0
1622384,302,-90.22761,0
1622394,307,-89.5249,0
1622404,312,-88.8222,0
1622414,306,-89.66544,0
1622424,303,-90.08707,0
1622434,310,-89.10328,0
1622444,315,-88.40057,0
1622454,311,-88.96274,0
1622464,299,-90.64923,0
1622474,303,-90.08707,0
1622484,300,-90.50869,0
1622494,306,-89.66544,0
1622504,308,-89.38436,0
1622514,305,-89.80598,0
1622524,314,-88.54111,0
1622534,304,-89.94653,0
1622544,307,-89.5249,0
1622554,302,-90.22761,0
1622564,311,-88.96274,0
1622574,305,-89.80598,0
1622584,303,-90.08707,0
1622594,301,-90.36815,0
1622604,307,-89.5249,0
1622614,304,-89.94653,0
1622624,308,-89.38436,0
1622634,305,-89.80598,0
1622644,310,-89.10328,0
1622654,307,-89.5249,0
1622664,308,-89.38436,0
1622674,311,-88.96274,0
1622684,304,-89.94653,0
1622694,305,-89.80598,0
1622704,308,-89.38436,0
1622714,306,-89.66544,0
1622724,307,-89.5249,0
1622734,307,-89.5249,0
1622744,306,-89.66544,0
1622754,312,-88.8222,0
1622764,313,-88.68166,0
1622774,303,-90.08707,0
1622784,308,-89.38436,0
1622794,304,-89.94653,0
1622804,304,-89.94653,0
1622814,309,-89.24382,0
1622824,302,-90.22761,0
1622834,302,-90.22761,0
1622844,303,-90.08707,0
1622854,307,-89.5249,0
1622864,316,-88.26003,0
1622874,307,-89.5249,0
1622884,305,-89.80598,0
1622894,306,-89.66544,0
1622904,306,-89.66544,0
1622914,300,-90.50869,0
1622924,306,-89.66544,0
1622934,305,-89.80598,0
1622944,303,-90.08707,0
1622954,306,-89.66544,0
1622964,309,-89.24382,0
1622974,309,-89.24382,0
1622984,307,-89.5249,0
1622994,313,-88.68166,0
1623004,306,-89.66544,0
1623014,305,-89.80598,0
1623024,303,-90.08707,0
1623034,307,-89.5249,0
1623044,301,-90.36815,0
1623054,307,-89.5249,0
1623064,308,-89.38436,0
1623074,305,-89.80598,0
1623084,302,-90.22761,0
1623094,310,-89.10328,0
1623104,305,-89.80598,0
1623114,305,-89.80598,0
1623124,307,-89.5249,0
1623134,305,-89.80598,0
1623144,303,-90.08707,0
1623154,301,-90.36815,0
1623164,303,-90.08707,0
1623174,310,-89.10328,0
1623184,303,-90.08707,0
1623194,305,-89.80598,0
1623204,306,-89.66544,0
1623214,305,-89.80598,0
1623224,298,-90.78978,0
1623234,303,-90.08707,0
1623244,305,-89.80598,0
1623254,301,-90.36815,0
1623264,300,-90.50869,0
1623274,306,-89.66544,0
1623284,310,-89.10328,0
1623294,305,-89.80598,0
1623304,302,-90.22761,0
1623314,304,-89.94653,0
1623324,306,-89.66544,0
1623334,304,-89.94653,0
1623344,307,-89.5249,0
1623354,305,-89.80598,0
1623364,301,-90.36815,0
1623374,307,-89.5249,0
1623384,302,-90.22761,0
1623394,297,-90.93032,0
1623404,305,-89.80598,0
1623414,309,-89.24382,0
1623424,309,-89.24382,0
1623434,302,-90.22761,0
1623444,303,-90.08707,0
1623454,304,-89.94653,0
1623464,307,-89.5249,0
1623474,303,-90.08707,0
1623484,301,-90.36815,0
1623494,306,-89.66544,0
1623504,300,-90.50869,0
1623514,301,-90.36815,0
1623524,305,-89.80598,0
1623534,306,-89.66544,0
1623544,297,-90.93032,0
1623554,300,-90.50869,0
1623564,307,-89.5249,0
1623574,305,-89.80598,0
1623584,303,-90.08707,0
1623594,304,-89.94653,0
1623604,309,-89.24382,0
1623614,302,-90.22761,0
1623624,303,-90.08707,0
1623634,300,-90.50869,0
1623644,298,-90.78978,0
1623654,301,-90.36815,0
1623664,306,-89.66544,0
1623674,306,-89.66544,0
1623684,305,-89.80598,0
1623694,301,-90.36815,0
1623704,305,-89.80598,0
1623714,300,-90.50869,0
1623724,309,-89.24382,0
1623734,308,-89.38436,0
1623744,304,-89.94653,0
1623754,306,-89.66544,0
1623764,302,-90.22761,0
1623774,302,-90.22761,0
1623784,308,-89.38436,0
1623794,304,-89.94653,0
1623804,305,-89.80598,0
1623814,306,-89.66544,0
1623824,302,-90.22761,0
1623834,301,-90.36815,0
1623844,306,-89.66544,0
1623854,305,-89.80598,0
1623864,306,-89.66544,0
1623874,305,-89.80598,0
1623884,306,-89.66544,0
1623894,303,-90.08707,0
1623904,306,-89.66544,0
1623914,307,-89.5249,0
1623924,303,-90.08707,0
1623934,298,-90.78978,0
1623944,304,-89.94653,0
1623954,305,-89.80598,0
1623964,297,-90.93032,0
1623974,309,-89.24382,0
1623984,310,-89.10328,0
1623994,307,-89.5249,0
1624004,304,-89.94653,0
1624014,308,-89.38436,0
1624024,309,-89.24382,0
1624034,305,-89.80598,0
1624044,300,-90.50869,0
1624054,305,-89.80598,0
1624064,310,-89.10328,0
1624074,305,-89.80598,0
1624084,306,-89.66544,0
1624094,308,-89.38436,0
1624104,307,-89.5249,0
1624114,307,-89.5249,0
1624124,307,-89.5249,0
1624134,303,-90.08707,0
1624144,307,-89.5249,0
1624154,302,-90.22761,0
1624164,303,-90.08707,0
1624174,307,-89.5249,0
1624184,306,-89.66544,0
1624194,306,-89.66544,0
1624204,318,-87.97894,0
1624214,311,-88.96274,0
1624224,311,-88.96274,0
1624234,307,-89.5249,0
1624244,312,-88.8222,0
1624254,306,-89.66544,0
1624264,309,-89.24382,0
1624274,297,-90.93032,0
1624284,300,-90.50869,0
1624294,305,-89.80598,0
1624304,304,-89.94653,0
1624314,309,-89.24382,0
1624324,307,-89.5249,0
1624334,306,-89.66544,0
1624344,313,-88.68166,0
1624354,308,-89.38436,0
1624364,306,-89.66544,0
1624374,309,-89.24382,0
1624384,304,-89.94653,0
1624394,307,-89.5249,0
1624404,307,-89.5249,0
1624414,308,-89.38436,0
1624424,312,-88.8222,0
1624434,302,-90.22761,0
1624444,308,-89.38436,0
1624454,310,-89.10328,0
1624464,309,-89.24382,0
1624474,313,-88.68166,0
1624484,310,-89.10328,0
1624494,302,-90.22761,0
1624504,296,-91.07085,0
1624514,301,-90.36815,0
1624524,307,-89.5249,0
1624534,306,-89.66544,0
1624544,305,-89.80598,0
1624554,312,-88.8222,0
1624564,307,-89.5249,0
1624574,302,-90.22761,0
1624584,310,-89.10328,0
1624594,308,-89.38436,0
1624604,304,-89.94653,0
1624614,302,-90.22761,0
1624624,305,-89.80598,0
1624634,304,-89.94653,0
1624644,308,-89.38436,0
1624654,313,-88.68166,0
1624664,307,-89.5249,0
1624674,308,-89.38436,0
1624684,309,-89.24382,0
1624694,303,-90.08707,0
1624704,307,-89.5249,0
1624714,306,-89.66544,0
1624724,302,-90.22761,0
1624734,310,-89.10328,0
1624744,309,-89.24382,0
1624754,305,-89.80598,0
1624764,307,-89.5249,0
1624774,308,-89.38436,0
1624784,308,-89.38436,0
1624794,305,-89.80598,0
1624804,310,-89.10328,0
1624814,309,-89.24382,0
1624824,309,-89.24382,0
1624834,303,-90.08707,0
1624844,308,-89.38436,0
1624854,304,-89.94653,0
1624864,304,-89.94653,0
1624874,308,-89.38436,0
1624884,307,-89.5249,0
1624894,310,-89.10328,0
1624904,306,-89.66544,0
1624914,310,-89.10328,0
1624924,305,-89.80598,0
1624934,306,-89.66544,0
1624944,303,-90.08707,0
1624954,304,-89.94653,0
1624964,309,-89.24382,0
1624974,307,-89.5249,0
1624984,305,-89.80598,0
1624994,312,-88.8222,0
1625004,307,-89.5249,0
1625014,306,-89.66544,0
1625024,309,-89.24382,0
1625034,310,-89.10328,0
1625044,310,-89.10328,0
1625054,310,-89.10328,0
1625064,302,-90.22761,0
1625074,308,-89.38436,0
1625084,301,-90.36815,0
1625094,306,-89.66544,0
1625104,301,-90.36815,0
1625114,310,-89.10328,0
1625124,307,-89.5249,0
1625134,302,-90.22761,0
1625144,309,-89.24382,0
1625154,308,-89.38436,0
1625164,310,-89.10328,0
1625174,302,-90.22761,0
1625184,302,-90.22761,0
1625194,306,-89.66544,0
1625204,305,-89.80598,0
1625214,308,-89.38436,0
1625224,309,-89.24382,0
1625234,307,-89.5249,0
1625244,307,-89.5249,0
1625254,300,-90.50869,0
1625264,308,-89.38436,0
1625274,310,-89.10328,0
1625284,302,-90.22761,0
1625294,306,-89.66544,0
1625304,303,-90.08707,0
1625314,306,-89.66544,0
1625324,302,-90.22761,0
1625334,302,-90.22761,0
1625344,308,-89.38436,0
1625354,310,-89.10328,0
1625364,307,-89.5249,0
1625374,313,-88.68166,0
1625384,306,-89.66544,0
1625394,305,-89.80598,0
1625404,302,-90.22761,0
1625414,308,-89.38436,0
1625424,306,-89.66544,0
1625434,306,-89.66544,0
1625444,311,-88.96274,0
1625454,305,-89.80598,0
1625464,307,-89.5249,0
1625474,308,-89.38436,0
1625484,310,-89.10328,0
1625494,312,-88.8222,0
1625504,303,-90.08707,0
1625514,306,-89.66544,0
1625524,304,-89.94653,0
1625534,307,-89.5249,0
1625544,309,-89.24382,0
1625554,307,-89.5249,0
1625564,304,-89.94653,0
1625574,307,-89.5249,0
1625584,305,-89.80598,0
1625594,308,-89.38436,0
1625604,311,-88.96274,0
1625614,305,-89.80598,0
1625624,305,-89.80598,0
1625634,304,-89.94653,0
1625644,309,-89.24382,0
1625654,298,-90.78978,0
1625664,305,-89.80598,0
1625674,306,-89.66544,0
1625684,309,-89.24382,0
1625694,305,-89.80598,0
1625704,306,-89.66544,0
1625714,302,-90.22761,0
1625724,314,-88.54111,0
1625734,300,-90.50869,0
1625744,304,-89.94653,0
1625754,307,-89.5249,0
1625764,310,-89.10328,0
1625774,304,-89.94653,0
1625784,309,-89.24382,0
1625794,313,-88.68166,0
1625804,314,-88.54111,0
1625814,307,-89.5249,0
1625824,308,-89.38436,0
1625834,304,-89.94653,0
1625844,303,-90.08707,0
1625854,304,-89.94653,0
1625864,311,-88.96274,0
1625874,305,-89.80598,0
1625884,306,-89.66544,0
1625894,309,-89.24382,0
1625904,310,-89.10328,0
1625914,309,-89.24382,0
1625924,304,-89.94653,0
1625934,309,-89.24382,0
1625944,305,-89.80598,0
1625954,301,-90.36815,0
1625964,305,-89.80598,0
1625974,307,-89.5249,0
1625984,307,-89.5249,0
1625994,312,-88.8222,0
1626004,303,-90.08707,0
1626014,304,-89.94653,0
1626024,307,-89.5249,0
1626034,311,-88.96274,0
1626044,306,-89.66544,0
1626054,304,-89.94653,0
1626064,306,-89.66544,0
1626074,302,-90.22761,0
1626084,306,-89.66544,0
1626094,309,-89.24382,0
1626104,305,-89.80598,0
1626114,304,-89.94653,0
1626124,302,-90.22761,0
1626134,312,-88.8222,0
1626144,308,-89.38436,0
1626154,308,-89.38436,0
1626164,309,-89.24382,0
1626174,307,-89.5249,0
1626184,305,-89.80598,0
1626194,301,-90.36815,0
1626204,308,-89.38436,0
1626214,298,-90.78978,0
1626224,305,-89.80598,0
1626234,305,-89.80598,0
1626244,307,-89.5249,0
1626254,305,-89.80598,0
1626264,307,-89.5249,0
1626274,312,-88.8222,0
1626284,308,-89.38436,0
1626294,305,-89.80598,0
1626304,309,-89.24382,0
1626314,308,-89.38436,0
1626324,303,-90.08707,0
1626334,315,-88.40057,0
1626344,310,-89.10328,0
1626354,308,-89.38436,0
1626364,308,-89.38436,0
1626374,306,-89.66544,0
1626384,305,-89.80598,0
1626394,305,-89.80598,0
1626404,308,-89.38436,0
1626414,306,-89.66544,0
1626424,304,-89.94653,0
1626434,304,-89.94653,0
1626444,307,-89.5249,0
1626454,308,-89.38436,0
1626464,312,-88.8222,0
1626474,302,-90.22761,0
1626484,309,-89.24382,0
1626494,309,-89.24382,0
1626504,305,-89.80598,0
1626514,312,-88.8222,0
1626524,303,-90.08707,0
1626534,303,-90.08707,0
1626544,306,-89.66544,0
1626554,305,-89.80598,0
1626564,307,-89.5249,0
1626574,310,-89.10328,0
1626584,307,-89.5249,0
1626594,307,-89.5249,0
1626604,306,-89.66544,0
1626614,307,-89.5249,0
1626624,309,-89.24382,0
1626634,305,-89.80598,0
1626644,305,-89.80598,0
1626654,307,-89.5249,0
1626664,309,-89.24382,0
1626674,309,-89.24382,0
1626684,301,-90.36815,0
1626694,308,-89.38436,0
1626704,310,-89.10328,0
1626714,308,-89.38436,0
1626724,303,-90.08707,0
1626734,313,-88.68166,0
1626744,304,-89.94653,0
1626754,299,-90.64923,0
1626764,312,-88.8222,0
1626774,306,-89.66544,0
1626784,303,-90.08707,0
1626794,303,-90.08707,0
1626804,307,-89.5249,0
1626814,312,-88.8222,0
1626824,308,-89.38436,0
1626834,308,-89.38436,0
1626844,306,-89.66544,0
1626854,307,-89.5249,0
1626864,307,-89.5249,0
1626874,313,-88.68166,0
1626884,311,-88.96274,0
1626894,311,-88.96274,0
1626904,305,-89.80598,0
1626914,310,-89.10328,0
1626924,304,-89.94653,0
1626934,303,-90.08707,0
1626944,302,-90.22761,0
1626954,305,-89.80598,0
1626964,304,-89.94653,0
1626974,302,-90.22761,0
1626984,304,-89.94653,0
1626994,308,-89.38436,0
1627004,307,-89.5249,0
1627014,304,-89.94653,0
1627024,308,-89.38436,0
1627034,303,-90.08707,0
1627044,310,-89.10328,0
1627054,312,-88.8222,0
1627064,307,-89.5249,0
1627074,305,-89.80598,0
1627084,307,-89.5249,0
1627094,298,-90.78978,0
1627104,304,-89.94653,0
1627114,301,-90.36815,0
1627124,310,-89.10328,0
1627134,304,-89.94653,0
1627144,307,-89.5249,0
1627154,315,-88.40057,0
1627164,305,-89.80598,0
1627174,302,-90.22761,0
1627184,307,-89.5249,0
1627194,306,-89.66544,0
1627204,307,-89.5249,0
1627214,309,-89.24382,0
1627224,303,-90.08707,0
1627234,311,-88.96274,0
1627244,308,-89.38436,0
1627254,304,-89.94653,0
1627264,305,-89.80598,0
1627274,304,-89.94653,0
1627284,309,-89.24382,0
1627294,309,-89.24382,0
1627304,307,-89.5249,0
1627314,303,-90.08707,0
1627324,309,-89.24382,0
1627334,307,-89.5249,0
1627344,309,-89.24382,0
1627354,306,-89.66544,0
1627364,309,-89.24382,0
1627374,306,-89.66544,0
1627384,304,-89.94653,0
1627394,301,-90.36815,0
1627404,309,-89.24382,0
1627414,305,-89.80598,0
1627424,304,-89.94653,0
1627434,307,-89.5249,0
1627444,308,-89.38436,0
1627454,307,-89.5249,0
1627464,309,-89.24382,0
1627474,308,-89.38436,0
1627484,310,-89.10328,0
1627494,320,-87.69786,0
1627504,307,-89.5249,0
1627514,309,-89.24382,0
1627524,306,-89.66544,0
1627534,304,-89.94653,0
1627544,308,-89.38436,0
1627554,308,-89.38436,0
1627564,312,-88.8222,0
1627574,316,-88.26003,0
1627584,307,-89.5249,0
1627594,303,-90.08707,0
1627604,302,-90.22761,0
1627614,311,-88.96274,0
1627624,307,-89.5249,0
1627634,307,-89.5249,0
1627644,303,-90.08707,0
1627654,309,-89.24382,0
1627664,308,-89.38436,0
1627674,306,-89.66544,0
1627684,306,-89.66544,0
1627694,300,-90.50869,0
1627704,311,-88.96274,0
1627714,303,-90.08707,0
1627724,306,-89.66544,0
1627734,308,-89.38436,0
1627744,304,-89.94653,0
1627754,303,-90.08707,0
1627764,302,-90.22761,0
1627774,303,-90.08707,0
1627784,311,-88.96274,0
1627794,305,-89.80598,0
1627804,311,-88.96274,0
1627814,305,-89.80598,0
1627824,311,-88.96274,0
1627834,312,-88.8222,0
1627844,311,-88.96274,0
1627854,304,-89.94653,0
1627864,306,-89.66544,0
1627874,303,-90.08707,0
1627884,303,-90.08707,0
1627894,307,-89.5249,0
1627904,306,-89.66544,0
1627914,314,-88.54111,0
1627924,310,-89.10328,0
1627934,308,-89.38436,0
1627944,303,-90.08707,0
1627954,310,-89.10328,0
1627964,299,-90.64923,0
1627974,307,-89.5249,0
1627984,306,-89.66544,0
1627994,308,-89.38436,0
1628004,309,-89.24382,0
1628014,305,-89.80598,0
1628024,306,-89.66544,0
1628034,309,-89.24382,0
1628044,308,-89.38436,0
1628054,308,-89.38436,0
1628064,310,-89.10328,0
1628074,307,-89.5249,0
1628084,309,-89.24382,0
1628094,305,-89.80598,0
1628104,307,-89.5249,0
1628114,304,-89.94653,0
1628124,307,-89.5249,0
1628134,308,-89.38436,0
1628144,302,-90.22761,0
1628154,311,-88.96274,0
1628164,313,-88.68166,0
1628174,306,-89.66544,0
1628184,311,-88.96274,0
1628194,301,-90.36815,0
1628204,305,-89.80598,0
1628214,307,-89.5249,0
1628224,304,-89.94653,0
1628234,308,-89.38436,0
1628244,307,-89.5249,0
1628254,303,-90.08707,0
1628264,305,-89.80598,0
1628274,309,-89.24382,0
1628284,317,-88.11949,0
1628294,305,-89.80598,0
1628304,307,-89.5249,0
1628314,308,-89.38436,0
1628324,298,-90.78978,0
1628334,304,-89.94653,0
1628344,306,-89.66544,0
1628354,308,-89.38436,0
1628364,311,-88.96274,0
1628374,305,-89.80598,0
1628384,309,-89.24382,0
1628394,315,-88.40057,0
1628404,307,-89.5249,0
1628414,307,-89.5249,0
1628424,305,-89.80598,0
1628434,304,-89.94653,0
1628444,308,-89.38436,0
1628454,306,-89.66544,0
1628464,313,-88.68166,0
1628474,311,-88.96274,0
1628484,309,-89.24382,0
1628494,304,-89.94653,0
1628504,307,-89.5249,0
1628514,306,-89.66544,0
1628524,307,-89.5249,0
1628534,310,-89.10328,0
1628544,304,-89.94653,0
1628554,299,-90.64923,0
1628564,309,-89.24382,0
1628574,306,-89.66544,0
1628584,310,-89.10328,0
1628594,298,-90.78978,0
1628604,310,-89.10328,0
1628614,306,-89.66544,0
1628624,311,-88.96274,0
1628634,303,-90.08707,0
1628644,305,-89.80598,0
1628654,314,-88.54111,0
1628664,308,-89.38436,0
1628674,305,-89.80598,0
1628684,309,-89.24382,0
1628694,303,-90.08707,0
1628704,305,-89.80598,0
1628714,307,-89.5249,0
1628724,302,-90.22761,0
1628734,307,-89.5249,0
1628744,313,-88.68166,0
1628754,308,-89.38436,0
1628764,307,-89.5249,0
1628774,302,-90.22761,0
1628784,303,-90.08707,0
1628794,308,-89.38436,0
1628804,312,-88.8222,0
1628814,310,-89.10328,0
1628824,304,-89.94653,0
1628834,307,-89.5249,0
1628844,307,-89.5249,0
1628854,304,-89.94653,0
1628864,311,-88.96274,0
1628874,304,-89.94653,0
1628884,308,-89.38436,0
1628894,302,-90.22761,0
1628904,310,-89.10328,0
1628914,311,-88.96274,0
1628924,309,-89.24382,0
1628934,305,-89.80598,0
1628944,313,-88.68166,0
1628954,311,-88.96274,0
1628964,303,-90.08707,0
1628974,298,-90.78978,0
1628984,298,-90.78978,0
1628994,308,-89.38436,0
1629004,303,-90.08707,0
1629014,311,-88.96274,0
1629024,307,-89.5249,0
1629034,308,-89.38436,0
1629044,306,-89.66544,0
1629054,302,-90.22761,0
1629064,310,-89.10328,0
1629074,309,-89.24382,0
1629084,308,-89.38436,0
1629094,309,-89.24382,0
1629104,302,-90.22761,0
1629114,303,-90.08707,0
1629124,306,-89.66544,0
1629134,307,-89.5249,0
1629144,309,-89.24382,0
1629154,314,-88.54111,0
1629164,309,-89.24382,0
1629174,306,-89.66544,0
1629184,311,-88.96274,0
1629194,306,-89.66544,0
1629204,313,-88.68166,0
1629214,305,-89.80598,0
1629224,299,-90.64923,0
1629234,309,-89.24382,0
1629244,313,-88.68166,0
1629254,301,-90.36815,0
1629264,309,-89.24382,0
1629274,302,-90.22761,0
1629284,308,-89.38436,0
1629294,309,-89.24382,0
1629304,307,-89.5249,0
1629314,311,-88.96274,0
1629324,306,-89.66544,0
1629334,301,-90.36815,0
1629344,302,-90.22761,0
1629354,302,-90.22761,0
1629364,306,-89.66544,0
1629374,307,-89.5249,0
1629384,309,-89.24382,0
1629394,315,-88.40057,0
1629404,309,-89.24382,0
1629414,303,-90.08707,0
1629424,312,-88.8222,0
1629434,307,-89.5249,0
1629444,303,-90.08707,0
1629454,307,-89.5249,0
1629464,314,-88.54111,0
1629474,303,-90.08707,0
1629484,299,-90.64923,0
1629494,306,-89.66544,0
1629504,309,-89.24382,0
1629514,307,-89.5249,0
1629524,309,-89.24382,0
1629534,308,-89.38436,0
1629544,307,-89.5249,0
1629554,315,-88.40057,0
1629564,303,-90.08707,0
1629574,306,-89.66544,0
1629584,304,-89.94653,0
1629594,314,-88.54111,0
1629604,312,-88.8222,0
1629614,312,-88.8222,0
1629624,310,-89.10328,0
1629634,306,-89.66544,0
1629644,308,-89.38436,0
1629654,310,-89.10328,0
1629664,311,-88.96274,0
1629674,305,-89.80598,0
1629684,306,-89.66544,0
1629694,305,-89.80598,0
1629704,308,-89.38436,0
1629714,309,-89.24382,0
1629724,301,-90.36815,0
1629734,310,-89.10328,0
1629744,309,-89.24382,0
1629754,306,-89.66544,0
1629764,310,-89.10328,0
1629774,306,-89.66544,0
1629784,309,-89.24382,0
1629794,302,-90.22761,0
1629804,304,-89.94653,0
1629814,306,-89.66544,0
1629824,307,-89.5249,0
1629834,312,-88.8222,0
1629844,304,-89.94653,0
1629854,310,-89.10328,0
1629864,305,-89.80598,0
1629874,309,-89.24382,0
1629884,310,-89.10328,0
1629894,302,-90.22761,0
1629904,304,-89.94653,0
1629914,302,-90.22761,0
1629924,309,-89.24382,0
1629934,305,-89.80598,0
1629944,304,-89.94653,0
1629954,309,-89.24382,0
1629964,306,-89.66544,0
1629974,306,-89.66544,0
1629984,308,-89.38436,0
1629994,308,-89.38436,0
1630004,301,-90.36815,0
1630014,300,-90.50869,0
1630024,307,-89.5249,0
1630034,299,-90.64923,0
1630044,309,-89.24382,0
1630054,315,-88.40057,0
1630064,311,-88.96274,0
1630074,309,-89.24382,0
1630084,304,-89.94653,0
1630094,306,-89.66544,0
1630104,308,-89.38436,0
1630114,312,-88.8222,0
1630124,307,-89.5249,0
1630134,304,-89.94653,0
1630144,309,-89.24382,0
1630154,307,-89.5249,0
1630164,312,-88.8222,0
1630174,306,-89.66544,0
1630184,310,-89.10328,0
1630194,311,-88.96274,0
1630204,307,-89.5249,0
1630214,306,-89.66544,0
1630224,313,-88.68166,0
1630234,305,-89.80598,0
1630244,302,-90.22761,0
1630254,310,-89.10328,0
1630264,309,-89.24382,0
1630274,302,-90.22761,0
1630284,315,-88.40057,0
1630294,308,-89.38436,0
1630304,309,-89.24382,0
1630314,310,-89.10328,0
1630324,309,-89.24382,0
1630334,307,-89.5249,0
1630344,307,-89.5249,0
1630354,305,-89.80598,0
1630364,307,-89.5249,0
1630374,310,-89.10328,0
1630384,304,-89.94653,0
1630394,307,-89.5249,0
1630404,308,-89.38436,0
1630414,306,-89.66544,0
1630424,305,-89.80598,0
1630434,306,-89.66544,0
1630444,308,-89.38436,0
1630454,313,-88.68166,0
1630464,304,-89.94653,0
1630474,302,-90.22761,0
1630484,308,-89.38436,0
1630494,302,-90.22761,0
1630504,313,-88.68166,0
1630514,304,-89.94653,0
1630524,305,-89.80598,0
1630534,315,-88.40057,0
1630544,309,-89.24382,0
1630554,308,-89.38436,0
1630564,311,-88.96274,0
1630574,308,-89.38436,0
1630584,308,-89.38436,0
1630594,308,-89.38436,0
1630604,304,-89.94653,0
1630614,307,-89.5249,0
1630624,307,-89.5249,0
1630634,312,-88.8222,0
1630644,312,-88.8222,0
1630654,307,-89.5249,0
1630664,311,-88.96274,0
1630674,306,-89.66544,0
1630684,304,-89.94653,0
1630694,304,-89.94653,0
1630704,303,-90.08707,0
1630714,310,-89.10328,0
1630724,302,-90.22761,0
1630734,308,-89.38436,0
1630744,313,-88.68166,0
1630754,306,-89.66544,0
1630764,311,-88.96274,0
1630774,302,-90.22761,0
1630784,312,-88.8222,0
1630794,304,-89.94653,0
1630804,306,-89.66544,0
1630814,307,-89.5249,0
1630824,302,-90.22761,0
1630834,307,-89.5249,0
1630844,306,-89.66544,0
1630854,312,-88.8222,0
1630864,308,-89.38436,0
1630874,307,-89.5249,0
1630884,310,-89.10328,0
1630894,309,-89.24382,0
1630904,301,-90.36815,0
1630914,300,-90.50869,0
1630924,303,-90.08707,0
1630934,309,-89.24382,0
1630944,311,-88.96274,0
1630954,308,-89.38436,0
1630964,314,-88.54111,0
1630974,306,-89.66544,0
1630984,311,-88.96274,0
1630994,303,-90.08707,0
1631004,306,-89.66544,0
1631014,310,-89.10328,0
1631024,304,-89.94653,0
1631034,309,-89.24382,0
1631044,312,-88.8222,0
1631054,311,-88.96274,0
1631064,308,-89.38436,0
1631074,301,-90.36815,0
1631084,304,-89.94653,0
1631094,307,-89.5249,0
1631104,313,-88.68166,0
1631114,301,-90.36815,0
1631124,301,-90.36815,0
1631134,305,-89.80598,0
1631144,305,-89.80598,0
1631154,308,-89.38436,0
1631164,309,-89.24382,0
1631174,305,-89.80598,0
1631184,314,-88.54111,0
1631194,311,-88.96274,0
1631204,303,-90.08707,0
1631214,307,-89.5249,0
1631224,303,-90.08707,0
1631234,314,-88.54111,0
1631244,305,-89.80598,0
1631254,308,-89.38436,0
1631264,306,-89.66544,0
1631274,305,-89.80598,0
1631284,305,-89.80598,0
1631294,306,-89.66544,0
1631304,309,-89.24382,0
1631314,311,-88.96274,0
1631324,306,-89.66544,0
1631334,301,-90.36815,0
1631344,307,-89.5249,0
1631354,306,-89.66544,0
1631364,306,-89.66544,0
1631374,306,-89.66544,0
1631384,306,-89.66544,0
1631394,310,-89.10328,0
1631404,306,-89.66544,0
1631414,310,-89.10328,0
1631424,304,-89.94653,0
1631434,313,-88.68166,0
1631444,310,-89.10328,0
1631454,308,-89.38436,0
1631464,311,-88.96274,0
1631474,311,-88.96274,0
1631484,303,-90.08707,0
1631494,305,-89.80598,0
1631504,302,-90.22761,0
1631514,306,-89.66544,0
1631524,305,-89.80598,0
1631534,310,-89.10328,0
1631544,307,-89.5249,0
1631554,303,-90.08707,0
1631564,312,-88.8222,0
1631574,306,-89.66544,0
1631584,313,-88.68166,0
1631594,305,-89.80598,0
1631604,304,-89.94653,0
1631614,311,-88.96274,0
1631624,309,-89.24382,0
1631634,308,-89.38436,0
1631644,311,-88.96274,0
1631654,312,-88.8222,0
1631664,309,-89.24382,0
1631674,304,-89.94653,0
1631684,308,-89.38436,0
1631694,311,-88.96274,0
1631704,312,-88.8222,0
1631714,303,-90.08707,0
1631724,300,-90.50869,0
1631734,310,-89.10328,0
1631744,302,-90.22761,0
1631754,307,-89.5249,0
1631764,308,-89.38436,0
1631774,307,-89.5249,0
1631784,311,-88.96274,0
1631794,313,-88.68166,0
1631804,311,-88.96274,0
1631814,311,-88.96274,0
1631824,309,-89.24382,0
1631834,309,-89.24382,0
1631844,306,-89.66544,0
1631854,309,-89.24382,0
1631864,305,-89.80598,0
1631874,300,-90.50869,0
1631884,299,-90.64923,0
1631894,307,-89.5249,0
1631904,310,-89.10328,0
1631914,311,-88.96274,0
1631924,309,-89.24382,0
1631934,296,-91.07085,0
1631944,308,-89.38436,0
1631954,305,-89.80598,0
1631964,305,-89.80598,0
1631974,307,-89.5249,0
1631984,316,-88.26003,0
1631994,312,-88.8222,0
1632004,318,-87.97894,0
1632014,304,-89.94653,0
1632024,306,-89.66544,0
1632034,310,-89.10328,0
1632044,305,-89.80598,0
1632054,312,-88.8222,0
1632064,307,-89.5249,0
1632074,307,-89.5249,0
1632084,305,-89.80598,0
1632094,311,-88.96274,0
1632104,310,-89.10328,0
1632114,310,-89.10328,0
1632124,317,-88.11949,0
1632134,306,-89.66544,0
1632144,318,-87.97894,0
1632154,303,-90.08707,0
1632164,308,-89.38436,0
1632174,305,-89.80598,0
1632184,305,-89.80598,0
1632194,309,-89.24382,0
1632204,308,-89.38436,0
1632214,303,-90.08707,0
1632224,308,-89.38436,0
1632234,302,-90.22761,0
1632244,303,-90.08707,0
1632254,311,-88.96274,0
1632264,308,-89.38436,0
1632274,303,-90.08707,0
1632284,303,-90.08707,0
1632294,302,-90.22761,0
1632304,302,-90.22761,0
1632314,307,-89.5249,0
1632324,309,-89.24382,0
1632334,308,-89.38436,0
1632344,298,-90.78978,0
1632354,299,-90.64923,0
1632364,300,-90.50869,0
1632374,306,-89.66544,0
1632384,305,-89.80598,0
1632394,305,-89.80598,0
1632404,306,-89.66544,0
1632414,307,-89.5249,0
1632424,302,-90.22761,0
1632434,305,-89.80598,0
1632444,306,-89.66544,0
1632454,304,-89.94653,0
1632464,306,-89.66544,0
1632474,296,-91.07085,0
1632484,312,-88.8222,0
1632494,305,-89.80598,0
1632504,302,-90.22761,0
1632514,303,-90.08707,0
1632524,301,-90.36815,0
1632534,307,-89.5249,0
1632544,305,-89.80598,0
1632554,304,-89.94653,0
1632564,302,-90.22761,0
1632574,304,-89.94653,0
1632584,306,-89.66544,0
1632594,307,-89.5249,0
1632604,314,-88.54111,0
1632614,306,-89.66544,0
1632624,305,-89.80598,0
1632634,301,-90.36815,0
1632644,306,-89.66544,0
1632654,307,-89.5249,0
1632664,303,-90.08707,0
1632674,308,-89.38436,0
1632684,304,-89.94653,0
1632694,306,-89.66544,0
1632704,311,-88.96274,0
1632714,308,-89.38436,0
1632724,305,-89.80598,0
1632734,305,-89.80598,0
1632744,309,-89.24382,0
1632754,312,-88.8222,0
1632764,308,-89.38436,0
1632774,308,-89.38436,0
1632784,308,-89.38436,0
1632794,307,-89.5249,0
1632804,311,-88.96274,0
1632814,303,-90.08707,0
1632824,316,-88.26003,0
1632834,304,-89.94653,0
1632844,301,-90.36815,0
1632854,306,-89.66544,0
1632864,307,-89.5249,0
1632874,305,-89.80598,0
1632884,308,-89.38436,0
1632894,304,-89.94653,0
1632904,309,-89.24382,0
1632914,304,-89.94653,0
1632924,310,-89.10328,0
1632934,309,-89.24382,0
1632944,301,-90.36815,0
1632954,307,-89.5249,0
1632964,303,-90.08707,0
1632974,300,-90.50869,0
1632984,311,-88.96274,0
1632994,307,-89.5249,0
1633004,307,-89.5249,0
1633014,311,-88.96274,0
1633024,305,-89.80598,0
1633034,308,-89.38436,0
1633044,309,-89.24382,0
1633054,312,-88.8222,0
1633064,303,-90.08707,0
1633074,305,-89.80598,0
1633084,314,-88.54111,0
1633094,307,-89.5249,0
1633104,311,-88.96274,0
1633114,308,-89.38436,0
1633124,303,-90.08707,0
1633134,308,-89.38436,0
1633144,309,-89.24382,0
1633154,312,-88.8222,0
1633164,308,-89.38436,0
1633174,306,-89.66544,0
1633184,308,-89.38436,0
1633194,309,-89.24382,0
1633204,308,-89.38436,0
1633214,306,-89.66544,0
1633224,302,-90.22761,0
1633234,306,-89.66544,0
1633244,308,-89.38436,0
1633254,307,-89.5249,0
1633264,311,-88.96274,0
1633274,307,-89.5249,0
1633284,305,-89.80598,0
1633294,306,-89.66544,0
1633304,309,-89.24382,0
1633314,304,-89.94653,0
1633324,310,-89.10328,0
1633334,311,-88.96274,0
1633344,310,-89.10328,0
1633354,310,-89.10328,0
1633364,304,-89.94653,0
1633374,307,-89.5249,0
1633384,310,-89.10328,0
1633394,304,-89.94653,0
1633404,303,-90.08707,0
1633414,312,-88.8222,0
1633424,310,-89.10328,0
1633434,309,-89.24382,0
1633444,310,-89.10328,0
1633454,305,-89.80598,0
1633464,308,-89.38436,0
1633474,310,-89.10328,0
1633484,311,-88.96274,0
1633494,309,-89.24382,0
1633504,307,-89.5249,0
1633514,308,-89.38436,0
1633524,299,-90.64923,0
1633534,310,-89.10328,0
1633544,304,-89.94653,0
1633554,310,-89.10328,0
1633564,308,-89.38436,0
1633574,305,-89.80598,0
1633584,307,-89.5249,0
1633594,308,-89.38436,0
1633604,309,-89.24382,0
1633614,303,-90.08707,0
1633624,310,-89.10328,0
1633634,303,-90.08707,0
1633644,303,-90.08707,0
1633654,309,-89.24382,0
1633664,313,-88.68166,0
1633674,308,-89.38436,0
1633684,308,-89.38436,0
1633694,311,-88.96274,0
1633704,306,-89.66544,0
1633714,309,-89.24382,0
1633724,309,-89.24382,0
1633734,308,-89.38436,0
1633744,306,-89.66544,0
1633754,309,-89.24382,0
1633764,306,-89.66544,0
1633774,307,-89.5249,0
1633784,304,-89.94653,0
1633794,305,-89.80598,0
1633804,315,-88.40057,0
1633814,308,-89.38436,0
1633824,309,-89.24382,0
1633834,306,-89.66544,0
1633844,301,-90.36815,0
1633854,308,-89.38436,0
1633864,307,-89.5249,0
1633874,308,-89.38436,0
1633884,308,-89.38436,0
1633894,304,-89.94653,0
1633904,315,-88.40057,0
1633914,314,-88.54111,0
1633924,313,-88.68166,0
1633934,311,-88.96274,0
1633944,306,-89.66544,0
1633954,302,-90.22761,0
1633964,307,-89.5249,0
1633974,304,-89.94653,0
1633984,314,-88.54111,0
1633994,308,-89.38436,0
1634004,308,-89.38436,0
1634014,309,-89.24382,0
1634024,309,-89.24382,0
1634034,314,-88.54111,0
1634044,304,-89.94653,0
1634054,308,-89.38436,0
1634064,308,-89.38436,0
1634074,308,-89.38436,0
1634084,303,-90.08707,0
1634094,306,-89.66544,0
1634104,307,-89.5249,0
1634114,309,-89.24382,0
1634124,310,-89.10328,0
1634134,310,-89.10328,0
1634144,302,-90.22761,0
1634154,313,-88.68166,0
1634164,306,-89.66544,0
1634174,309,-89.24382,0
1634184,303,-90.08707,0
1634194,311,-88.96274,0
1634204,307,-89.5249,0
1634214,303,-90.08707,0
1634224,307,-89.5249,0
1634234,308,-89.38436,0
1634244,313,-88.68166,0
1634254,310,-89.10328,0
1634264,312,-88.8222,0
1634274,305,-89.80598,0
1634284,309,-89.24382,0
1634294,306,-89.66544,0
1634304,307,-89.5249,0
1634314,309,-89.24382,0
1634324,310,-89.10328,0
1634334,308,-89.38436,0
1634344,309,-89.24382,0
1634354,310,-89.10328,0
1634364,308,-89.38436,0
1634374,304,-89.94653,0
1634384,309,-89.24382,0
1634394,304,-89.94653,0
1634404,300,-90.50869,0
1634414,300,-90.50869,0
1634424,303,-90.08707,0
1634434,310,-89.10328,0
1634444,311,-88.96274,0
1634454,306,-89.66544,0
1634464,311,-88.96274,0
1634474,309,-89.24382,0
1634484,310,-89.10328,0
1634494,309,-89.24382,0
1634504,310,-89.10328,0
1634514,306,-89.66544,0
1634524,303,-90.08707,0
1634534,307,-89.5249,0
1634544,310,-89.10328,0
1634554,306,-89.66544,0
1634564,306,-89.66544,0
1634574,299,-90.64923,0
1634584,303,-90.08707,0
1634594,309,-89.24382,0
1634604,309,-89.24382,0
1634614,310,-89.10328,0
1634624,307,-89.5249,0
1634634,300,-90.50869,0
1634644,304,-89.94653,0
1634654,312,-88.8222,0
1634664,310,-89.10328,0
1634674,310,-89.10328,0
1634684,310,-89.10328,0
1634694,311,-88.96274,0
1634704,307,-89.5249,0
1634714,311,-88.96274,0
1634724,312,-88.8222,0
1634734,304,-89.94653,0
1634744,306,-89.66544,0
1634754,306,-89.66544,0
1634764,307,-89.5249,0
1634774,299,-90.64923,0
1634784,309,-89.24382,0
1634794,311,-88.96274,0
1634804,310,-89.10328,0
1634814,306,-89.66544,0
1634824,310,-89.10328,0
1634834,312,-88.8222,0
1634844,308,-89.38436,0
1634854,304,-89.94653,0
1634864,309,-89.24382,0
1634874,310,-89.10328,0
1634884,305,-89.80598,0
1634894,304,-89.94653,0
1634904,309,-89.24382,0
1634914,306,-89.66544,0
1634924,314,-88.54111,0
1634934,303,-90.08707,0
1634944,306,-89.66544,0
1634954,309,-89.24382,0
1634964,313,-88.68166,0
1634974,308,-89.38436,0
1634984,305,-89.80598,0
1634994,305,-89.80598,0
1635004,308,-89.38436,0
1635014,308,-89.38436,0
1635024,310,-89.10328,0
1635034,309,-89.24382,0
1635044,309,-89.24382,0
1635054,308,-89.38436,0
1635064,308,-89.38436,0
1635074,308,-89.38436,0
1635084,301,-90.36815,0
1635094,308,-89.38436,0
1635104,309,-89.24382,0
1635114,310,-89.10328,0
1635124,308,-89.38436,0
1635134,316,-88.26003,0
1635144,304,-89.94653,0
1635154,309,-89.24382,0
1635164,312,-88.8222,0
1635174,307,-89.5249,0
1635184,308,-89.38436,0
1635194,307,-89.5249,0
1635204,307,-89.5249,0
1635214,310,-89.10328,0
1635224,307,-89.5249,0
1635234,306,-89.66544,0
1635244,309,-89.24382,0
1635254,305,-89.80598,0
1635264,311,-88.96274,0
1635274,304,-89.94653,0
1635284,318,-87.97894,0
1635294,308,-89.38436,0
1635304,301,-90.36815,0
1635314,306,-89.66544,0
1635324,304,-89.94653,0
1635334,306,-89.66544,0
1635344,309,-89.24382,0
1635354,307,-89.5249,0
1635364,308,-89.38436,0
1635374,309,-89.24382,0
1635384,307,-89.5249,0
1635394,305,-89.80598,0
1635404,309,-89.24382,0
1635414,304,-89.94653,0
1635424,308,-89.38436,0
1635434,312,-88.8222,0
1635444,301,-90.36815,0
1635454,309,-89.24382,0
1635464,307,-89.5249,0
1635474,311,-88.96274,0
1635484,310,-89.10328,0
1635494,308,-89.38436,0
1635504,306,-89.66544,0
1635514,308,-89.38436,0
1635524,303,-90.08707,0
1635534,303,-90.08707,0
1635544,304,-89.94653,0
1635554,308,-89.38436,0
1635564,308,-89.38436,0
1635574,306,-89.66544,0
1635584,309,-89.24382,0
1635594,306,-89.66544,0
1635604,310,-89.10328,0
1635614,309,-89.24382,0
1635624,307,-89.5249,0
1635634,306,-89.66544,0
1635644,305,-89.80598,0
1635654,306,-89.66544,0
1635664,309,-89.24382,0
1635674,310,-89.10328,0
1635684,311,-88.96274,0
1635694,309,-89.24382,0
1635704,311,-88.96274,0
1635714,308,-89.38436,0
1635724,311,-88.96274,0
1635734,305,-89.80598,0
1635744,308,-89.38436,0
1635754,309,-89.24382,0
1635764,309,-89.24382,0
1635774,310,-89.10328,0
1635784,307,-89.5249,0
1635794,302,-90.22761,0
1635804,308,-89.38436,0
1635814,310,-89.10328,0
1635824,303,-90.08707,0
1635834,304,-89.94653,0
1635844,306,-89.66544,0
1635854,309,-89.24382,0
1635864,308,-89.38436,0
1635874,306,-89.66544,0
1635884,307,-89.5249,0
1635894,311,-88.96274,0
1635904,313,-88.68166,0
1635914,311,-88.96274,0
1635924,308,-89.38436,0
1635934,306,-89.66544,0
1635944,309,-89.24382,0
1635954,306,-89.66544,0
1635964,310,-89.10328,0
1635974,299,-90.64923,0
1635984,305,-89.80598,0
1635994,312,-88.8222,0
1636004,308,-89.38436,0
1636014,305,-89.80598,0
1636024,305,-89.80598,0
1636034,305,-89.80598,0
1636044,308,-89.38436,0
1636054,309,-89.24382,0
1636064,309,-89.24382,0
1636074,309,-89.24382,0
1636084,308,-89.38436,0
1636094,305,-89.80598,0
1636104,302,-90.22761,0
1636114,309,-89.24382,0
1636124,309,-89.24382,0
1636134,305,-89.80598,0
1636144,311,-88.96274,0
1636154,312,-88.8222,0
1636164,307,-89.5249,0
1636174,310,-89.10328,0
1636184,307,-89.5249,0
1636194,305,-89.80598,0
1636204,309,-89.24382,0
1636214,306,-89.66544,0
1636224,309,-89.24382,0
1636234,304,-89.94653,0
1636244,311,-88.96274,0
1636254,306,-89.66544,0
1636264,308,-89.38436,0
1636274,312,-88.8222,0
1636284,307,-89.5249,0
1636294,310,-89.10328,0
1636304,313,-88.68166,0
1636314,305,-89.80598,0
1636324,307,-89.5249,0
1636334,298,-90.78978,0
1636344,305,-89.80598,0
1636354,308,-89.38436,0
1636364,309,-89.24382,0
1636374,307,-89.5249,0
1636384,306,-89.66544,0
1636394,307,-89.5249,0
1636404,315,-88.40057,0
1636414,308,-89.38436,0
1636424,307,-89.5249,0
1636434,306,-89.66544,0
1636444,307,-89.5249,0
1636454,314,-88.54111,0
1636464,307,-89.5249,0
1636474,308,-89.38436,0
1636484,308,-89.38436,0
1636494,308,-89.38436,0
1636504,311,-88.96274,0
1636514,306,-89.66544,0
1636524,310,-89.10328,0
1636534,310,-89.10328,0
1636544,302,-90.22761,0
1636554,310,-89.10328,0
1636564,301,-90.36815,0
1636574,308,-89.38436,0
1636584,311,-88.96274,0
1636594,313,-88.68166,0
1636604,307,-89.5249,0
1636614,314,-88.54111,0
1636624,308,-89.38436,0
1636634,307,-89.5249,0
1636644,309,-89.24382,0
1636654,302,-90.22761,0
1636664,309,-89.24382,0
1636674,305,-89.80598,0
1636684,310,-89.10328,0
1636694,308,-89.38436,0
1636704,310,-89.10328,0
1636714,310,-89.10328,0
1636724,310,-89.10328,0
1636734,308,-89.38436,0
1636744,311,-88.96274,0
1636754,304,-89.94653,0
1636764,303,-90.08707,0
1636774,304,-89.94653,0
1636784,308,-89.38436,0
1636794,300,-90.50869,0
1636804,307,-89.5249,0
1636814,310,-89.10328,0
1636824,308,-89.38436,0
1636834,307,-89.5249,0
1636844,309,-89.24382,0
1636854,307,-89.5249,0
1636864,306,-89.66544,0
1636874,308,-89.38436,0
1636884,308,-89.38436,0
1636894,304,-89.94653,0
1636904,312,-88.8222,0
1636914,307,-89.5249,0
1636924,303,-90.08707,0
1636934,309,-89.24382,0
1636944,310,-89.10328,0
1636954,306,-89.66544,0
1636964,310,-89.10328,0
1636974,305,-89.80598,0
1636984,307,-89.5249,0
1636994,304,-89.94653,0
1637004,314,-88.54111,0
1637014,314,-88.54111,0
1637024,316,-88.26003,0
1637034,311,-88.96274,0
1637044,309,-89.24382,0
1637054,304,-89.94653,0
1637064,309,-89.24382,0
1637074,309,-89.24382,0
1637084,310,-89.10328,0
1637094,303,-90.08707,0
1637104,303,-90.08707,0
1637114,306,-89.66544,0
1637124,308,-89.38436,0
1637134,309,-89.24382,0
1637144,305,-89.80598,0
1637154,307,-89.5249,0
1637164,305,-89.80598,0
1637174,309,-89.24382,0
1637184,311,-88.96274,0
1637194,312,-88.8222,0
1637204,312,-88.8222,0
1637214,301,-90.36815,0
1637224,309,-89.24382,0
1637234,306,-89.66544,0
1637244,302,-90.22761,0
1637254,310,-89.10328,0
1637264,310,-89.10328,0
1637274,311,-88.96274,0
1637284,307,-89.5249,0
1637294,304,-89.94653,0
1637304,308,-89.38436,0
1637314,306,-89.66544,0
1637324,311,-88.96274,0
1637334,307,-89.5249,0
1637344,306,-89.66544,0
1637354,305,-89.80598,0
1637364,309,-89.24382,0
1637374,309,-89.24382,0
1637384,310,-89.10328,0
1637394,310,-89.10328,0
1637404,306,-89.66544,0
1637414,308,-89.38436,0
1637424,310,-89.10328,0
1637434,311,-88.96274,0
1637444,306,-89.66544,0
1637454,307,-89.5249,0
1637464,302,-90.22761,0
1637474,310,-89.10328,0
1637484,309,-89.24382,0
1637494,311,-88.96274,0
1637504,311,-88.96274,0
1637514,306,-89.66544,0
1637524,312,-88.8222,0
1637534,309,-89.24382,0
1637544,305,-89.80598,0
1637554,305,-89.80598,0
1637564,311,-88.96274,0
1637574,310,-89.10328,0
1637584,310,-89.10328,0
1637594,307,-89.5249,0
1637604,307,-89.5249,0
1637614,310,-89.10328,0
1637624,308,-89.38436,0
1637634,308,-89.38436,0
1637644,313,-88.68166,0
1637654,309,-89.24382,0
1637664,309,-89.24382,0
1637674,308,-89.38436,0
1637684,311,-88.96274,0
1637694,304,-89.94653,0
1637704,304,-89.94653,0
1637714,310,-89.10328,0
1637724,307,-89.5249,0
1637734,309,-89.24382,0
1637744,306,-89.66544,0
1637754,311,-88.96274,0
1637764,308,-89.38436,0
1637774,307,-89.5249,0
1637784,309,-89.24382,0
1637794,303,-90.08707,0
1637804,311,-88.96274,0
1637814,304,-89.94653,0
1637824,311,-88.96274,0
1637834,314,-88.54111,0
1637844,303,-90.08707,0
1637854,308,-89.38436,0
1637864,310,-89.10328,0
1637874,308,-89.38436,0
1637884,304,-89.94653,0
1637894,303,-90.08707,0
1637904,311,-88.96274,0
1637914,306,-89.66544,0
1637924,311,-88.96274,0
1637934,309,-89.24382,0
1637944,309,-89.24382,0
1637954,316,-88.26003,0
1637964,309,-89.24382,0
1637974,307,-89.5249,0
1637984,316,-88.26003,0
1637994,309,-89.24382,0
1638004,307,-89.5249,0
1638014,307,-89.5249,0
1638024,303,-90.08707,0
1638034,302,-90.22761,0
1638044,307,-89.5249,0
1638054,313,-88.68166,0
1638064,310,-89.10328,0
1638074,304,-89.94653,0
1638084,313,-88.68166,0
1638094,306,-89.66544,0
1638104,309,-89.24382,0
1638114,307,-89.5249,0
1638124,304,-89.94653,0
1638134,309,-89.24382,0
1638144,314,-88.54111,0
1638154,308,-89.38436,0
1638164,309,-89.24382,0
1638174,310,-89.10328,0
1638184,314,-88.54111,0
1638194,309,-89.24382,0
1638204,310,-89.10328,0
1638214,310,-89.10328,0
1638224,304,-89.94653,0
1638234,305,-89.80598,0
1638244,304,-89.94653,0
1638254,312,-88.8222,0
1638264,308,-89.38436,0
1638274,315,-88.40057,0
1638284,308,-89.38436,0
1638294,318,-87.97894,0
1638304,313,-88.68166,0
1638314,307,-89.5249,0
1638324,307,-89.5249,0
1638334,304,-89.94653,0
1638344,302,-90.22761,0
1638354,302,-90.22761,0
1638364,306,-89.66544,0
1638374,312,-88.8222,0
1638384,312,-88.8222,0
1638394,310,-89.10328,0
1638404,309,-89.24382,0
1638414,307,-89.5249,0
1638424,308,-89.38436,0
1638434,316,-88.26003,0
1638444,308,-89.38436,0
1638454,306,-89.66544,0
1638464,307,-89.5249,0
1638474,305,-89.80598,0
1638484,306,-89.66544,0
1638494,306,-89.66544,0
1638504,319,-87.83841,0
1638514,309,-89.24382,0
1638524,314,-88.54111,0
1638534,306,-89.66544,0
1638544,305,-89.80598,0
1638554,306,-89.66544,0
1638564,304,-89.94653,0
1638574,313,-88.68166,0
1638584,310,-89.10328,0
1638594,309,-89.24382,0
1638604,311,-88.96274,0
1638614,302,-90.22761,0
1638624,309,-89.24382,0
1638634,309,-89.24382,0
1638644,307,-89.5249,0
1638654,312,-88.8222,0
1638664,307,-89.5249,0
1638674,307,-89.5249,0
1638684,305,-89.80598,0
1638694,306,-89.66544,0
1638704,312,-88.8222,0
1638714,304,-89.94653,0
1638724,318,-87.97894,0
1638734,307,-89.5249,0
1638744,309,-89.24382,0
1638754,305,-89.80598,0
1638764,309,-89.24382,0
1638774,308,-89.38436,0
1638784,306,-89.66544,0
1638794,303,-90.08707,0
1638804,303,-90.08707,0
1638814,305,-89.80598,0
1638824,306,-89.66544,0
1638834,305,-89.80598,0
1638844,309,-89.24382,0
1638854,310,-89.10328,0
1638864,312,-88.8222,0
1638874,308,-89.38436,0
1638884,311,-88.96274,0
1638894,308,-89.38436,0
1638904,302,-90.22761,0
1638914,307,-89.5249,0
1638924,306,-89.66544,0
1638934,308,-89.38436,0
1638944,309,-89.24382,0
1638954,303,-90.08707,0
1638964,309,-89.24382,0
1638974,309,-89.24382,0
1638984,306,-89.66544,0
1638994,312,-88.8222,0
1639004,305,-89.80598,0
1639014,302,-90.22761,0
1639024,305,-89.80598,0
1639034,313,-88.68166,0
1639044,312,-88.8222,0
1639054,308,-89.38436,0
1639064,315,-88.40057,0
1639074,309,-89.24382,0
1639084,308,-89.38436,0
1639094,304,-89.94653,0
1639104,304,-89.94653,0
1639114,311,-88.96274,0
1639124,311,-88.96274,0
1639134,309,-89.24382,0
1639144,309,-89.24382,0
1639154,308,-89.38436,0
1639164,305,-89.80598,0
1639174,304,-89.94653,0
1639184,307,-89.5249,0
1639194,309,-89.24382,0
1639204,303,-90.08707,0
1639214,311,-88.96274,0
1639224,316,-88.26003,0
1639234,298,-90.78978,0
1639244,305,-89.80598,0
1639254,305,-89.80598,0
1639264,305,-89.80598,0
1639274,307,-89.5249,0
1639284,311,-88.96274,0
1639294,303,-90.08707,0
1639304,311,-88.96274,0
1639314,317,-88.11949,0
1639324,303,-90.08707,0
1639334,307,-89.5249,0
1639344,317,-88.11949,0
1639354,306,-89.66544,0
1639364,307,-89.5249,0
1639374,308,-89.38436,0
1639384,309,-89.24382,0
1639394,308,-89.38436,0
1639404,318,-87.97894,0
1639414,311,-88.96274,0
1639424,310,-89.10328,0
1639434,313,-88.68166,0
1639444,310,-89.10328,0
1639454,309,-89.24382,0
1639464,305,-89.80598,0
1639474,301,-90.36815,0
1639484,312,-88.8222,0
1639494,306,-89.66544,0
1639504,310,-89.10328,0
1639514,306,-89.66544,0
1639524,313,-88.68166,0
1639534,309,-89.24382,0
1639544,313,-88.68166,0
1639554,307,-89.5249,0
1639564,315,-88.40057,0
1639574,307,-89.5249,0
1639584,302,-90.22761,0
1639594,309,-89.24382,0
1639604,306,-89.66544,0
1639614,308,-89.38436,0
1639624,305,-89.80598,0
1639634,311,-88.96274,0
1639644,311,-88.96274,0
1639654,313,-88.68166,0
1639664,308,-89.38436,0
1639674,309,-89.24382,0
1639684,309,-89.24382,0
1639694,307,-89.5249,0
1639704,307,-89.5249,0
1639714,300,-90.50869,0
1639724,311,-88.96274,0
1639734,305,-89.80598,0
1639744,311,-88.96274,0
1639754,309,-89.24382,0
1639764,308,-89.38436,0
1639774,308,-89.38436,0
1639784,311,-88.96274,0
1639794,307,-89.5249,0
1639804,305,-89.80598,0
1639814,303,-90.08707,0
1639824,310,-89.10328,0
1639834,307,-89.5249,0
1639844,307,-89.5249,0
1639854,306,-89.66544,0
1639864,309,-89.24382,0
1639874,307,-89.5249,0
1639884,308,-89.38436,0
1639894,309,-89.24382,0
1639904,301,-90.36815,0
1639914,305,-89.80598,0
1639924,306,-89.66544,0
1639934,307,-89.5249,0
1639944,304,-89.94653,0
1639954,310,-89.10328,0
1639964,307,-89.5249,0
1639974,309,-89.24382,0
1639984,302,-90.22761,0
1639994,306,-89.66544,0
1640004,310,-89.10328,0
1640014,307,-89.5249,0
1640024,305,-89.80598,0
1640034,308,-89.38436,0
1640044,309,-89.24382,0
1640054,308,-89.38436,0
1640064,312,-88.8222,0
1640074,307,-89.5249,0
1640084,309,-89.24382,0
1640094,307,-89.5249,0
1640104,308,-89.38436,0
1640114,314,-88.54111,0
1640124,303,-90.08707,0
1640134,312,-88.8222,0
1640144,306,-89.66544,0
1640154,306,-89.66544,0
1640164,301,-90.36815,0
1640174,312,-88.8222,0
1640184,306,-89.66544,0
1640194,310,-89.10328,0
1640204,308,-89.38436,0
1640214,304,-89.94653,0
1640224,302,-90.22761,0
1640234,307,-89.5249,0
1640244,315,-88.40057,0
1640254,303,-90.08707,0
1640264,308,-89.38436,0
1640274,307,-89.5249,0
1640284,307,-89.5249,0
1640294,311,-88.96274,0
1640304,309,-89.24382,0
1640314,312,-88.8222,0
1640324,311,-88.96274,0
1640334,303,-90.08707,0
1640344,312,-88.8222,0
1640354,311,-88.96274,0
1640364,306,-89.66544,0
1640374,305,-89.80598,0
1640384,304,-89.94653,0
1640394,310,-89.10328,0
1640404,299,-90.64923,0
1640414,312,-88.8222,0
1640424,315,-88.40057,0
1640434,316,-88.26003,0
1640444,306,-89.66544,0
1640454,302,-90.22761,0
1640464,307,-89.5249,0
1640474,308,-89.38436,0
1640484,307,-89.5249,0
1640494,306,-89.66544,0
1640504,310,-89.10328,0
1640514,310,-89.10328,0
1640524,307,-89.5249,0
1640534,310,-89.10328,0
1640544,309,-89.24382,0
1640554,311,-88.96274,0
1640564,311,-88.96274,0
1640574,316,-88.26003,0
1640584,304,-89.94653,0
1640594,308,-89.38436,0
1640604,297,-90.93032,0
1640614,306,-89.66544,0
1640624,308,-89.38436,0
1640634,314,-88.54111,0
1640644,307,-89.5249,0
1640654,310,-89.10328,0
1640664,301,-90.36815,0
1640674,305,-89.80598,0
1640684,305,-89.80598,0
1640694,311,-88.96274,0
1640704,310,-89.10328,0
1640714,307,-89.5249,0
1640724,310,-89.10328,0
1640734,308,-89.38436,0
1640744,313,-88.68166,0
1640754,312,-88.8222,0
1640764,302,-90.22761,0
1640774,309,-89.24382,0
1640784,312,-88.8222,0
1640794,309,-89.24382,0
1640804,309,-89.24382,0
1640814,308,-89.38436,0
1640824,304,-89.94653,0
1640834,308,-89.38436,0
1640844,310,-89.10328,0
1640854,310,-89.10328,0
1640864,309,-89.24382,0
1640874,308,-89.38436,0
1640884,310,-89.10328,0
1640894,313,-88.68166,0
1640904,303,-90.08707,0
1640914,307,-89.5249,0
1640924,308,-89.38436,0
1640934,312,-88.8222,0
1640944,310,-89.10328,0
1640954,313,-88.68166,0
1640964,309,-89.24382,0
1640974,308,-89.38436,0
1640984,309,-89.24382,0
1640994,310,-89.10328,0
1641004,314,-88.54111,0
1641014,313,-88.68166,0
1641024,312,-88.8222,0
1641034,311,-88.96274,0
1641044,305,-89.80598,0
1641054,303,-90.08707,0
1641064,312,-88.8222,0
1641074,320,-87.69786,0
1641084,310,-89.10328,0
1641094,313,-88.68166,0
1641104,311,-88.96274,0
1641114,303,-90.08707,0
1641124,309,-89.24382,0
1641134,309,-89.24382,0
1641144,313,-88.68166,0
1641154,308,-89.38436,0
1641164,303,-90.08707,0
1641174,307,-89.5249,0
1641184,307,-89.5249,0
1641194,307,-89.5249,0
1641204,314,-88.54111,0
1641214,308,-89.38436,0
1641224,308,-89.38436,0
1641234,307,-89.5249,0
1641244,312,-88.8222,0
1641254,308,-89.38436,0
1641264,312,-88.8222,0
1641274,309,-89.24382,0
1641284,306,-89.66544,0
1641294,314,-88.54111,0
1641304,298,-90.78978,0
1641314,315,-88.40057,0
1641324,315,-88.40057,0
1641334,305,-89.80598,0
1641344,311,-88.96274,0
1641354,309,-89.24382,0
1641364,312,-88.8222,0
1641374,310,-89.10328,0
1641384,303,-90.08707,0
1641394,306,-89.66544,0
1641404,308,-89.38436,0
1641414,307,-89.5249,0
1641424,305,-89.80598,0
1641434,314,-88.54111,0
1641444,311,-88.96274,0
1641454,309,-89.24382,0
1641464,312,-88.8222,0
1641474,310,-89.10328,0
1641484,308,-89.38436,0
1641494,310,-89.10328,0
1641504,310,-89.10328,0
1641514,306,-89.66544,0
1641524,315,-88.40057,0
1641534,304,-89.94653,0
1641544,313,-88.68166,0
1641554,308,-89.38436,0
1641564,301,-90.36815,0
1641574,307,-89.5249,0
1641584,315,-88.40057,0
1641594,305,-89.80598,0
1641604,305,-89.80598,0
1641614,307,-89.5249,0
1641624,308,-89.38436,0
1641634,309,-89.24382,0
1641644,310,-89.10328,0
1641654,310,-89.10328,0
1641664,305,-89.80598,0
1641674,303,-90.08707,0
1641684,303,-90.08707,0
1641694,312,-88.8222,0
1641704,306,-89.66544,0
1641714,307,-89.5249,0
1641724,305,-89.80598,0
1641734,306,-89.66544,0
1641744,304,-89.94653,0
1641754,306,-89.66544,0
1641764,305,-89.80598,0
1641774,306,-89.66544,0
1641784,310,-89.10328,0
1641794,303,-90.08707,0
1641804,306,-89.66544,0
1641814,311,-88.96274,0
1641824,309,-89.24382,0
1641834,300,-90.50869,0
1641844,304,-89.94653,0
1641854,308,-89.38436,0
1641864,306,-89.66544,0
1641874,308,-89.38436,0
1641884,313,-88.68166,0
1641894,310,-89.10328,0
1641904,314,-88.54111,0
1641914,309,-89.24382,0
1641924,309,-89.24382,0
1641934,311,-88.96274,0
1641944,300,-90.50869,0
1641954,303,-90.08707,0
1641964,302,-90.22761,0
1641974,305,-89.80598,0
1641984,304,-89.94653,0
1641994,311,-88.96274,0
1642004,306,-89.66544,0
1642014,311,-88.96274,0
1642024,309,-89.24382,0
1642034,314,-88.54111,0
1642044,310,-89.10328,0
1642054,303,-90.08707,0
1642064,302,-90.22761,0
1642074,310,-89.10328,0
1642084,313,-88.68166,0
1642094,307,-89.5249,0
1642104,306,-89.66544,0
1642114,312,-88.8222,0
1642124,314,-88.54111,0
1642134,308,-89.38436,0
1642144,308,-89.38436,0
1642154,309,-89.24382,0
1642164,303,-90.08707,0
1642174,309,-89.24382,0
1642184,307,-89.5249,0
1642194,311,-88.96274,0
1642204,307,-89.5249,0
1642214,310,-89.10328,0
1642224,310,-89.10328,0
1642234,305,-89.80598,0
1642244,311,-88.96274,0
1642254,305,-89.80598,0
1642264,310,-89.10328,0
1642274,315,-88.40057,0
1642284,302,-90.22761,0
1642294,307,-89.5249,0
1642304,309,-89.24382,0
1642314,310,-89.10328,0
1642324,306,-89.66544,0
1642334,311,-88.96274,0
1642344,311,-88.96274,0
1642354,310,-89.10328,0
1642364,308,-89.38436,0
1642374,309,-89.24382,0
1642384,307,-89.5249,0
1642394,306,-89.66544,0
1642404,307,-89.5249,0
1642414,300,-90.50869,0
1642424,310,-89.10328,0
1642434,307,-89.5249,0
1642444,308,-89.38436,0
1642454,312,-88.8222,0
1642464,309,-89.24382,0
1642474,305,-89.80598,0
1642484,314,-88.54111,0
1642494,315,-88.40057,0
1642504,301,-90.36815,0
1642514,306,-89.66544,0
1642524,307,-89.5249,0
1642534,309,-89.24382,0
1642544,306,-89.66544,0
1642554,310,-89.10328,0
1642564,312,-88.8222,0
1642574,309,-89.24382,0
1642584,305,-89.80598,0
1642594,308,-89.38436,0
1642604,306,-89.66544,0
1642614,311,-88.96274,0
1642624,303,-90.08707,0
1642634,307,-89.5249,0
1642644,305,-89.80598,0
1642654,312,-88.8222,0
1642664,315,-88.40057,0
1642674,312,-88.8222,0
1642684,308,-89.38436,0
1642694,308,-89.38436,0
1642704,307,-89.5249,0
1642714,311,-88.96274,0
1642724,306,-89.66544,0
1642734,302,-90.22761,0
1642744,309,-89.24382,0
1642754,309,-89.24382,0
1642764,303,-90.08707,0
1642774,307,-89.5249,0
1642784,309,-89.24382,0
1642794,309,-89.24382,0
1642804,307,-89.5249,0
1642814,304,-89.94653,0
1642824,313,-88.68166,0
1642834,310,-89.10328,0
1642844,310,-89.10328,0
1642854,301,-90.36815,0
1642864,309,-89.24382,0
1642874,306,-89.66544,0
1642884,307,-89.5249,0
1642894,303,-90.08707,0
1642904,311,-88.96274,0
1642914,307,-89.5249,0
1642924,313,-88.68166,0
1642934,306,-89.66544,0
1642944,307,-89.5249,0
1642954,305,-89.80598,0
1642964,307,-89.5249,0
1642974,307,-89.5249,0
1642984,309,-89.24382,0
1642994,311,-88.96274,0
1643004,308,-89.38436,0
1643014,310,-89.10328,0
1643024,313,-88.68166,0
1643034,305,-89.80598,0
1643044,312,-88.8222,0
1643054,309,-89.24382,0
1643064,310,-89.10328,0
1643074,304,-89.94653,0
1643084,308,-89.38436,0
1643094,308,-89.38436,0
1643104,312,-88.8222,0
1643114,311,-88.96274,0
1643124,308,-89.38436,0
1643134,311,-88.96274,0
1643144,312,-88.8222,0
1643154,301,-90.36815,0
1643164,302,-90.22761,0
1643174,305,-89.80598,0
1643184,306,-89.66544,0
1643194,305,-89.80598,0
1643204,312,-88.8222,0
1643214,305,-89.80598,0
1643224,307,-89.5249,0
1643234,307,-89.5249,0
1643244,308,-89.38436,0
1643254,311,-88.96274,0
1643264,312,-88.8222,0
1643274,310,-89.10328,0
1643284,301,-90.36815,0
1643294,310,-89.10328,0
1643304,313,-88.68166,0
1643314,308,-89.38436,0
1643324,307,-89.5249,0
1643334,306,-89.66544,0
1643344,308,-89.38436,0
1643354,312,-88.8222,0
1643364,311,-88.96274,0
1643374,313,-88.68166,0
1643384,314,-88.54111,0
1643394,308,-89.38436,0
1643404,308,-89.38436,0
1643414,309,-89.24382,0
1643424,309,-89.24382,0
1643434,300,-90.50869,0
1643444,303,-90.08707,0
1643454,311,-88.96274,0
1643464,311,-88.96274,0
1643474,314,-88.54111,0
1643484,309,-89.24382,0
1643494,307,-89.5249,0
1643504,304,-89.94653,0
1643514,304,-89.94653,0
1643524,310,-89.10328,0
1643534,310,-89.10328,0
1643544,318,-87.97894,0
1643554,305,-89.80598,0
1643564,314,-88.54111,0
1643574,306,-89.66544,0
1643584,314,-88.54111,0
1643594,309,-89.24382,0
1643604,306,-89.66544,0
1643614,304,-89.94653,0
1643624,310,-89.10328,0
1643634,306,-89.66544,0
1643644,308,-89.38436,0
1643654,310,-89.10328,0
1643664,315,-88.40057,0
1643674,308,-89.38436,0
1643684,306,-89.66544,0
1643694,306,-89.66544,0
1643704,307,-89.5249,0
1643714,314,-88.54111,0
1643724,310,-89.10328,0
1643734,306,-89.66544,0
1643744,304,-89.94653,0
1643754,311,-88.96274,0
1643764,309,-89.24382,0
1643774,313,-88.68166,0
1643784,309,-89.24382,0
1643794,311,-88.96274,0
1643804,308,-89.38436,0
1643814,311,-88.96274,0
1643824,310,-89.10328,0
1643834,312,-88.8222,0
1643844,309,-89.24382,0
1643854,307,-89.5249,0
1643864,307,-89.5249,0
1643874,308,-89.38436,0
1643884,304,-89.94653,0
1643894,308,-89.38436,0
1643904,311,-88.96274,0
1643914,307,-89.5249,0
1643924,307,-89.5249,0
1643934,304,-89.94653,0
1643944,309,-89.24382,0
1643954,306,-89.66544,0
1643964,303,-90.08707,0
1643974,314,-88.54111,0
1643984,305,-89.80598,0
1643994,312,-88.8222,0
1644004,305,-89.80598,0
1644014,309,-89.24382,0
1644024,309,-89.24382,0
1644034,306,-89.66544,0
1644044,310,-89.10328,0
1644054,313,-88.68166,0
1644064,304,-89.94653,0
1644074,302,-90.22761,0
1644084,306,-89.66544,0
1644094,309,-89.24382,0
1644104,306,-89.66544,0
1644114,310,-89.10328,0
1644124,309,-89.24382,0
1644134,312,-88.8222,0
1644144,313,-88.68166,0
1644154,308,-89.38436,0
1644164,313,-88.68166,0
1644174,307,-89.5249,0
1644184,305,-89.80598,0
1644194,306,-89.66544,0
1644204,302,-90.22761,0
1644214,303,-90.08707,0
1644224,306,-89.66544,0
1644234,308,-89.38436,0
1644244,309,-89.24382,0
1644254,306,-89.66544,0
1644264,317,-88.11949,0
1644274,311,-88.96274,0
1644284,309,-89.24382,0
1644294,302,-90.22761,0
1644304,306,-89.66544,0
1644314,306,-89.66544,0
1644324,307,-89.5249,0
1644334,302,-90.22761,0
1644344,306,-89.66544,0
1644354,308,-89.38436,0
1644364,307,-89.5249,0
1644374,309,-89.24382,0
1644384,307,-89.5249,0
1644394,306,-89.66544,0
1644404,303,-90.08707,0
1644414,307,-89.5249,0
1644424,313,-88.68166,0
1644434,302,-90.22761,0
1644444,310,-89.10328,0
1644454,315,-88.40057,0
1644464,311,-88.96274,0
1644474,307,-89.5249,0
1644484,310,-89.10328,0
1644494,307,-89.5249,0
1644504,307,-89.5249,0
1644514,313,-88.68166,0
1644524,309,-89.24382,0
1644534,307,-89.5249,0
1644544,307,-89.5249,0
1644554,300,-90.50869,0
1644564,310,-89.10328,0
1644574,307,-89.5249,0
1644584,306,-89.66544,0
1644594,308,-89.38436,0
1644604,311,-88.96274,0
1644614,312,-88.8222,0
1644624,308,-89.38436,0
1644634,307,-89.5249,0
1644644,306,-89.66544,0
1644654,304,-89.94653,0
1644664,311,-88.96274,0
1644674,302,-90.22761,0
1644684,311,-88.96274,0
1644694,314,-88.54111,0
1644704,312,-88.8222,0
1644714,313,-88.68166,0
1644724,307,-89.5249,0
1644734,307,-89.5249,0
1644744,308,-89.38436,0
1644754,306,-89.66544,0
1644764,316,-88.26003,0
1644774,309,-89.24382,0
1644784,312,-88.8222,0
1644794,315,-88.40057,0
1644804,308,-89.38436,0
1644814,308,-89.38436,0
1644824,311,-88.96274,0
1644834,310,-89.10328,0
1644844,311,-88.96274,0
1644854,300,-90.50869,0
1644864,312,-88.8222,0
1644874,309,-89.24382,0
1644884,308,-89.38436,0
1644894,308,-89.38436,0
1644904,305,-89.80598,0
1644914,306,-89.66544,0
1644924,310,-89.10328,0
1644934,304,-89.94653,0
1644944,309,-89.24382,0
1644954,311,-88.96274,0
1644964,305,-89.80598,0
1644974,301,-90.36815,0
1644984,304,-89.94653,0
1644994,310,-89.10328,0
1645004,309,-89.24382,0
1645014,305,-89.80598,0
1645024,310,-89.10328,0
1645034,303,-90.08707,0
1645044,312,-88.8222,0
1645054,308,-89.38436,0
1645064,309,-89.24382,0
1645074,309,-89.24382,0
1645084,311,-88.96274,0
1645094,305,-89.80598,0
1645104,304,-89.94653,0
1645114,313,-88.68166,0
1645124,306,-89.66544,0
1645134,313,-88.68166,0
1645144,314,-88.54111,0
1645154,306,-89.66544,0
1645164,307,-89.5249,0
1645174,310,-89.10328,0
1645184,308,-89.38436,0
1645194,304,-89.94653,0
1645204,305,-89.80598,0
1645214,307,-89.5249,0
1645224,305,-89.80598,0
1645234,314,-88.54111,0
1645244,308,-89.38436,0
1645254,311,-88.96274,0
1645264,306,-89.66544,0
1645274,305,-89.80598,0
1645284,309,-89.24382,0
1645294,306,-89.66544,0
1645304,303,-90.08707,0
1645314,310,-89.10328,0
1645324,313,-88.68166,0
1645334,312,-88.8222,0
1645344,306,-89.66544,0
1645354,309,-89.24382,0
1645364,308,-89.38436,0
1645374,311,-88.96274,0
1645384,304,-89.94653,0
1645394,309,-89.24382,0
1645404,309,-89.24382,0
1645414,308,-89.38436,0
1645424,308,-89.38436,0
1645434,308,-89.38436,0
1645444,306,-89.66544,0
1645454,309,-89.24382,0
1645464,307,-89.5249,0
1645474,315,-88.40057,0
1645484,310,-89.10328,0
1645494,314,-88.54111,0
1645504,311,-88.96274,0
1645514,311,-88.96274,0
1645524,313,-88.68166,0
1645534,307,-89.5249,0
1645544,310,-89.10328,0
1645554,306,-89.66544,0
1645564,309,-89.24382,0
1645574,308,-89.38436,0
1645584,310,-89.10328,0
1645594,306,-89.66544,0
1645604,311,-88.96274,0
1645614,313,-88.68166,0
1645624,309,-89.24382,0
1645634,308,-89.38436,0
1645644,308,-89.38436,0
1645654,308,-89.38436,0
1645664,306,-89.66544,0
1645674,312,-88.8222,0
1645684,310,-89.10328,0
1645694,308,-89.38436,0
1645704,315,-88.40057,0
1645714,310,-89.10328,0
1645724,314,-88.54111,0
1645734,305,-89.80598,0
1645744,306,-89.66544,0
1645754,305,-89.80598,0
1645764,312,-88.8222,0
1645774,312,-88.8222,0
1645784,308,-89.38436,0
1645794,312,-88.8222,0
1645804,311,-88.96274,0
1645814,309,-89.24382,0
1645824,308,-89.38436,0
1645834,311,-88.96274,0
1645844,315,-88.40057,0
1645854,310,-89.10328,0
1645864,305,-89.80598,0
1645874,308,-89.38436,0
1645884,307,-89.5249,0
1645894,305,-89.80598,0
1645904,309,-89.24382,0
1645914,311,-88.96274,0
1645924,307,-89.5249,0
1645934,308,-89.38436,0
1645944,316,-88.26003,0
1645954,314,-88.54111,0
1645964,317,-88.11949,0
1645974,303,-90.08707,0
1645984,303,-90.08707,0
1645994,311,-88.96274,0
1646004,302,-90.22761,0
1646014,302,-90.22761,0
1646024,308,-89.38436,0
1646034,309,-89.24382,0
1646044,307,-89.5249,0
1646054,306,-89.66544,0
1646064,315,-88.40057,0
1646074,308,-89.38436,0
1646084,307,-89.5249,0
1646094,307,-89.5249,0
1646104,306,-89.66544,0
1646114,307,-89.5249,0
1646124,310,-89.10328,0
1646134,309,-89.24382,0
1646144,306,-89.66544,0
1646154,311,-88.96274,0
1646164,312,-88.8222,0
1646174,311,-88.96274,0
1646184,307,-89.5249,0
1646194,303,-90.08707,0
1646204,306,-89.66544,0
1646214,310,-89.10328,0
1646224,313,-88.68166,0
1646234,306,-89.66544,0
1646244,310,-89.10328,0
1646254,304,-89.94653,0
1646264,308,-89.38436,0
1646274,307,-89.5249,0
1646284,306,-89.66544,0
1646294,308,-89.38436,0
1646304,316,-88.26003,0
1646314,308,-89.38436,0
1646324,311,-88.96274,0
1646334,307,-89.5249,0
1646344,312,-88.8222,0
1646354,312,-88.8222,0
1646364,305,-89.80598,0
1646374,308,-89.38436,0
1646384,313,-88.68166,0
1646394,306,-89.66544,0
1646404,306,-89.66544,0
1646414,302,-90.22761,0
1646424,312,-88.8222,0
1646434,306,-89.66544,0
1646444,312,-88.8222,0
1646454,308,-89.38436,0
1646464,311,-88.96274,0
1646474,311,-88.96274,0
1646484,312,-88.8222,0
1646494,305,-89.80598,0
1646504,307,-89.5249,0
1646514,312,-88.8222,0
1646524,312,-88.8222,0
1646534,299,-90.64923,0
1646544,306,-89.66544,0
1646554,310,-89.10328,0
1646564,313,-88.68166,0
1646574,308,-89.38436,0
1646584,310,-89.10328,0
1646594,307,-89.5249,0
1646604,313,-88.68166,0
1646614,311,-88.96274,0
1646624,308,-89.38436,0
1646634,311,-88.96274,0
1646644,306,-89.66544,0
1646654,314,-88.54111,0
1646664,311,-88.96274,0
1646674,306,-89.66544,0
1646684,309,-89.24382,0
1646694,308,-89.38436,0
1646704,301,-90.36815,0
1646714,313,-88.68166,0
1646724,309,-89.24382,0
1646734,312,-88.8222,0
1646744,312,-88.8222,0
1646754,306,-89.66544,0
1646764,308,-89.38436,0
1646774,309,-89.24382,0
1646784,305,-89.80598,0
1646794,310,-89.10328,0
1646804,308,-89.38436,0
1646814,305,-89.80598,0
1646824,303,-90.08707,0
1646834,316,-88.26003,0
1646844,302,-90.22761,0
1646854,309,-89.24382,0
1646864,309,-89.24382,0
1646874,304,-89.94653,0
1646884,311,-88.96274,0
1646894,308,-89.38436,0
1646904,308,-89.38436,0
1646914,297,-90.93032,0
1646924,309,-89.24382,0
1646934,309,-89.24382,0
1646944,309,-89.24382,0
1646954,308,-89.38436,0
1646964,313,-88.68166,0
1646974,313,-88.68166,0
1646984,302,-90.22761,0
1646994,308,-89.38436,0
1647004,307,-89.5249,0
1647014,310,-89.10328,0
1647024,313,-88.68166,0
1647034,311,-88.96274,0
1647044,308,-89.38436,0
1647054,307,-89.5249,0
1647064,315,-88.40057,0
1647074,310,-89.10328,0
1647084,310,-89.10328,0
1647094,304,-89.94653,0
1647104,304,-89.94653,0
1647114,313,-88.68166,0
1647124,306,-89.66544,0
1647134,311,-88.96274,0
1647144,310,-89.10328,0
1647154,308,-89.38436,0
1647164,314,-88.54111,0
1647174,312,-88.8222,0
1647184,313,-88.68166,0
1647194,308,-89.38436,0
1647204,310,-89.10328,0
1647214,308,-89.38436,0
1647224,307,-89.5249,0
1647234,316,-88.26003,0
1647244,308,-89.38436,0
1647254,301,-90.36815,0
1647264,306,-89.66544,0
1647274,302,-90.22761,0
1647284,308,-89.38436,0
1647294,313,-88.68166,0
1647304,315,-88.40057,0
1647314,309,-89.24382,0
1647324,307,-89.5249,0
1647334,307,-89.5249,0
1647344,302,-90.22761,0
1647354,309,-89.24382,0
1647364,314,-88.54111,0
1647374,308,-89.38436,0
1647384,315,-88.40057,0
1647394,312,-88.8222,0
1647404,312,-88.8222,0
1647414,308,-89.38436,0
1647424,307,-89.5249,0
1647434,304,-89.94653,0
1647444,305,-89.80598,0
1647454,305,-89.80598,0
1647464,309,-89.24382,0
1647474,303,-90.08707,0
1647484,302,-90.22761,0
1647494,312,-88.8222,0
1647504,310,-89.10328,0
1647514,312,-88.8222,0
1647524,305,-89.80598,0
1647534,312,-88.8222,0
1647544,304,-89.94653,0
1647554,301,-90.36815,0
1647564,310,-89.10328,0
1647574,313,-88.68166,0
1647584,312,-88.8222,0
1647594,311,-88.96274,0
1647604,307,-89.5249,0
1647614,309,-89.24382,0
1647624,309,-89.24382,0
1647634,311,-88.96274,0
1647644,312,-88.8222,0
1647654,306,-89.66544,0
1647664,304,-89.94653,0
1647674,306,-89.66544,0
1647684,311,-88.96274,0
1647694,309,-89.24382,0
1647704,308,-89.38436,0
1647714,311,-88.96274,0
1647724,312,-88.8222,0
1647734,310,-89.10328,0
1647744,308,-89.38436,0
1647754,309,-89.24382,0
1647764,309,-89.24382,0
1647774,309,-89.24382,0
1647784,307,-89.5249,0
1647794,317,-88.11949,0
1647804,309,-89.24382,0
1647814,314,-88.54111,0
1647824,306,-89.66544,0
1647834,309,-89.24382,0
1647844,308,-89.38436,0
1647854,313,-88.68166,0
1647864,306,-89.66544,0
1647874,306,-89.66544,0
1647884,306,-89.66544,0
1647894,311,-88.96274,0
1647904,307,-89.5249,0
1647914,312,-88.8222,0
1647924,311,-88.96274,0
1647934,307,-89.5249,0
1647944,310,-89.10328,0
1647954,305,-89.80598,0
1647964,311,-88.96274,0
1647974,307,-89.5249,0
1647984,304,-89.94653,0
1647994,309,-89.24382,0
1648004,309,-89.24382,0
1648014,311,-88.96274,0
1648024,308,-89.38436,0
1648034,309,-89.24382,0
1648044,312,-88.8222,0
1648054,313,-88.68166,0
1648064,308,-89.38436,0
1648074,319,-87.83841,0
1648084,311,-88.96274,0
1648094,315,-88.40057,0
1648104,310,-89.10328,0
1648114,311,-88.96274,0
1648124,313,-88.68166,0
1648134,310,-89.10328,0
1648144,309,-89.24382,0
1648154,303,-90.08707,0
1648164,314,-88.54111,0
1648174,315,-88.40057,0
1648184,313,-88.68166,0
1648194,308,-89.38436,0
1648204,307,-89.5249,0
1648214,312,-88.8222,0
1648224,307,-89.5249,0
1648234,308,-89.38436,0
1648244,315,-88.40057,0
1648254,300,-90.50869,0
1648264,302,-90.22761,0
1648274,302,-90.22761,0
1648284,307,-89.5249,0
1648294,306,-89.66544,0
1648304,308,-89.38436,0
1648314,313,-88.68166,0
1648324,305,-89.80598,0
1648334,304,-89.94653,0
1648344,303,-90.08707,0
1648354,306,-89.66544,0
1648364,305,-89.80598,0
1648374,304,-89.94653,0
1648384,316,-88.26003,0
1648394,309,-89.24382,0
1648404,305,-89.80598,0
1648414,309,-89.24382,0
1648424,308,-89.38436,0
1648434,320,-87.69786,0
1648444,305,-89.80598,0
1648454,310,-89.10328,0
1648464,306,-89.66544,0
1648474,312,-88.8222,0
1648484,318,-87.97894,0
1648494,311,-88.96274,0
1648504,310,-89.10328,0
1648514,303,-90.08707,0
1648524,314,-88.54111,0
1648534,313,-88.68166,0
1648544,311,-88.96274,0
1648554,306,-89.66544,0
1648564,304,-89.94653,0
1648574,311,-88.96274,0
1648584,310,-89.10328,0
1648594,308,-89.38436,0
1648604,308,-89.38436,0
1648614,314,-88.54111,0
1648624,308,-89.38436,0
1648634,307,-89.5249,0
1648644,309,-89.24382,0
1648654,307,-89.5249,0
1648664,310,-89.10328,0
1648674,304,-89.94653,0
1648684,302,-90.22761,0
1648694,311,-88.96274,0
1648704,314,-88.54111,0
1648714,310,-89.10328,0
1648724,320,-87.69786,0
1648734,307,-89.5249,0
1648744,311,-88.96274,0
1648754,312,-88.8222,0
1648764,311,-88.96274,0
1648774,305,-89.80598,0
1648784,307,-89.5249,0
1648794,308,-89.38436,0
1648804,307,-89.5249,0
1648814,309,-89.24382,0
1648824,303,-90.08707,0
1648834,309,-89.24382,0
1648844,312,-88.8222,0
1648854,311,-88.96274,0
1648864,315,-88.40057,0
1648874,308,-89.38436,0
1648884,315,-88.40057,0
1648894,301,-90.36815,0
1648904,302,-90.22761,0
1648914,310,-89.10328,0
1648924,309,-89.24382,0
1648934,306,-89.66544,0
1648944,308,-89.38436,0
1648954,310,-89.10328,0
1648964,311,-88.96274,0
1648974,313,-88.68166,0
1648984,309,-89.24382,0
1648994,321,-87.55732,0
1649004,302,-90.22761,0
1649014,302,-90.22761,0
1649024,310,-89.10328,0
1649034,310,-89.10328,0
1649044,313,-88.68166,0
1649054,312,-88.8222,0
1649064,311,-88.96274,0
1649074,311,-88.96274,0
1649084,313,-88.68166,0
1649094,314,-88.54111,0
1649104,310,-89.10328,0
1649114,318,-87.97894,0
1649124,300,-90.50869,0
1649134,309,-89.24382,0
1649144,308,-89.38436,0
1649154,308,-89.38436,0
1649164,308,-89.38436,0
1649174,306,-89.66544,0
1649184,309,-89.24382,0
1649194,307,-89.5249,0
1649204,301,-90.36815,0
1649214,309,-89.24382,0
1649224,303,-90.08707,0
1649234,306,-89.66544,0
1649244,310,-89.10328,0
1649254,306,-89.66544,0
1649264,307,-89.5249,0
1649274,309,-89.24382,0
1649284,309,-89.24382,0
1649294,315,-88.40057,0
1649304,304,-89.94653,0
1649314,315,-88.40057,0
1649324,311,-88.96274,0
1649334,307,-89.5249,0
1649344,306,-89.66544,0
1649354,303,-90.08707,0
1649364,305,-89.80598,0
1649374,309,-89.24382,0
1649384,308,-89.38436,0
1649394,310,-89.10328,0
1649404,308,-89.38436,0
1649414,308,-89.38436,0
1649424,307,-89.5249,0
1649434,308,-89.38436,0
1649444,304,-89.94653,0
1649454,305,-89.80598,0
1649464,302,-90.22761,0
1649474,303,-90.08707,0
1649484,314,-88.54111,0
1649494,309,-89.24382,0
1649504,312,-88.8222,0
1649514,311,-88.96274,0
1649524,306,-89.66544,0
1649534,309,-89.24382,0
1649544,312,-88.8222,0
1649554,311,-88.96274,0
1649564,315,-88.40057,0
1649574,302,-90.22761,0
1649584,307,-89.5249,0
1649594,314,-88.54111,0
1649604,309,-89.24382,0
1649614,311,-88.96274,0
1649624,309,-89.24382,0
1649634,309,-89.24382,0
1649644,316,-88.26003,0
1649654,313,-88.68166,0
1649664,308,-89.38436,0
1649674,307,-89.5249,0
1649684,306,-89.66544,0
1649694,306,-89.66544,0
1649704,302,-90.22761,0
1649714,309,-89.24382,0
1649724,308,-89.38436,0
1649734,309,-89.24382,0
1649744,312,-88.8222,0
1649754,312,-88.8222,0
1649764,311,-88.96274,0
1649774,308,-89.38436,0
1649784,312,-88.8222,0
1649794,307,-89.5249,0
1649804,304,-89.94653,0
1649814,313,-88.68166,0
1649824,310,-89.10328,0
1649834,308,-89.38436,0
1649844,311,-88.96274,0
1649854,308,-89.38436,0
1649864,312,-88.8222,0
1649874,309,-89.24382,0
1649884,311,-88.96274,0
1649894,309,-89.24382,0
1649904,306,-89.66544,0
1649914,306,-89.66544,0
1649924,308,-89.38436,0
1649934,320,-87.69786,0
1649944,304,-89.94653,0
1649954,313,-88.68166,0
1649964,311,-88.96274,0
1649974,315,-88.40057,0
1649984,308,-89.38436,0
1649994,318,-87.97894,0
1650004,313,-88.68166,0
1650014,311,-88.96274,0
1650024,310,-89.10328,0
1650034,312,-88.8222,0
1650044,306,-89.66544,0
1650054,301,-90.36815,0
1650064,308,-89.38436,0
1650074,312,-88.8222,0
1650084,308,-89.38436,0
1650094,311,-88.96274,0
1650104,305,-89.80598,0
1650114,310,-89.10328,0
1650124,313,-88.68166,0
1650134,305,-89.80598,0
1650144,305,-89.80598,0
1650154,308,-89.38436,0
1650164,315,-88.40057,0
1650174,309,-89.24382,0
1650184,313,-88.68166,0
1650194,310,-89.10328,0
1650204,309,-89.24382,0
1650214,306,-89.66544,0
1650224,308,-89.38436,0
1650234,304,-89.94653,0
1650244,302,-90.22761,0
1650254,305,-89.80598,0
1650264,310,-89.10328,0
1650274,301,-90.36815,0
1650284,309,-89.24382,0
1650294,308,-89.38436,0
1650304,308,-89.38436,0
1650314,314,-88.54111,0
1650324,309,-89.24382,0
1650334,312,-88.8222,0
1650344,305,-89.80598,0
1650354,303,-90.08707,0
1650364,312,-88.8222,0
1650374,304,-89.94653,0
1650384,309,-89.24382,0
1650394,308,-89.38436,0
1650404,309,-89.24382,0
1650414,310,-89.10328,0
1650424,311,-88.96274,0
1650434,314,-88.54111,0
1650444,311,-88.96274,0
1650454,309,-89.24382,0
1650464,301,-90.36815,0
1650474,306,-89.66544,0
1650484,307,-89.5249,0
1650494,303,-90.08707,0
1650504,307,-89.5249,0
1650514,309,-89.24382,0
1650524,313,-88.68166,0
1650534,309,-89.24382,0
1650544,312,-88.8222,0
1650554,312,-88.8222,0
1650564,308,-89.38436,0
1650574,303,-90.08707,0
1650584,309,-89.24382,0
1650594,307,-89.5249,0
1650604,310,-89.10328,0
1650614,313,-88.68166,0
1650624,311,-88.96274,0
1650634,312,-88.8222,0
1650644,314,-88.54111,0
1650654,309,-89.24382,0
1650664,306,-89.66544,0
1650674,310,-89.10328,0
1650684,308,-89.38436,0
1650694,307,-89.5249,0
1650704,309,-89.24382,0
1650714,310,-89.10328,0
1650724,309,-89.24382,0
1650734,306,-89.66544,0
1650744,311,-88.96274,0
1650754,319,-87.83841,0
1650764,311,-88.96274,0
1650774,314,-88.54111,0
1650784,311,-88.96274,0
1650794,314,-88.54111,0
1650804,305,-89.80598,0
1650814,308,-89.38436,0
1650824,310,-89.10328,0
1650834,302,-90.22761,0
1650844,311,-88.96274,0
1650854,312,-88.8222,0
1650864,315,-88.40057,0
1650874,309,-89.24382,0
1650884,306,-89.66544,0
1650894,307,-89.5249,0
1650904,311,-88.96274,0
1650914,305,-89.80598,0
1650924,309,-89.24382,0
1650934,313,-88.68166,0
1650944,308,-89.38436,0
1650954,312,-88.8222,0
1650964,309,-89.24382,0
1650974,304,-89.94653,0
1650984,310,-89.10328,0
1650994,306,-89.66544,0
1651004,311,-88.96274,0
1651014,308,-89.38436,0
1651024,306,-89.66544,0
1651034,305,-89.80598,0
1651044,312,-88.8222,0
1651054,312,-88.8222,0
1651064,309,-89.24382,0
1651074,312,-88.8222,0
1651084,306,-89.66544,0
1651094,307,-89.5249,0
1651104,310,-89.10328,0
1651114,308,-89.38436,0
1651124,312,-88.8222,0
1651134,304,-89.94653,0
1651144,304,-89.94653,0
1651154,307,-89.5249,0
1651164,313,-88.68166,0
1651174,311,-88.96274,0
1651184,313,-88.68166,0
1651194,313,-88.68166,0
1651204,312,-88.8222,0
1651214,318,-87.97894,0
1651224,306,-89.66544,0
1651234,304,-89.94653,0
1651244,302,-90.22761,0
1651254,305,-89.80598,0
1651264,307,-89.5249,0
1651274,305,-89.80598,0
1651284,310,-89.10328,0
1651294,309,-89.24382,0
1651304,314,-88.54111,0
1651314,310,-89.10328,0
1651324,312,-88.8222,0
1651334,311,-88.96274,0
1651344,314,-88.54111,0
1651354,304,-89.94653,0
1651364,310,-89.10328,0
1651374,307,-89.5249,0
1651384,306,-89.66544,0
1651394,307,-89.5249,0
1651404,311,-88.96274,0
1651414,311,-88.96274,0
1651424,311,-88.96274,0
1651434,315,-88.40057,0
1651444,306,-89.66544,0
1651454,309,-89.24382,0
1651464,311,-88.96274,0
1651474,309,-89.24382,0
1651484,307,-89.5249,0
1651494,309,-89.24382,0
1651504,306,-89.66544,0
1651514,309,-89.24382,0
1651524,311,-88.96274,0
1651534,310,-89.10328,0
1651544,315,-88.40057,0
1651554,308,-89.38436,0
1651564,310,-89.10328,0
1651574,309,-89.24382,0
1651584,307,-89.5249,0
1651594,307,-89.5249,0
1651604,308,-89.38436,0
1651614,309,-89.24382,0
1651624,306,-89.66544,0
1651634,307,-89.5249,0
1651644,307,-89.5249,0
1651654,312,-88.8222,0
1651664,311,-88.96274,0
1651674,306,-89.66544,0
1651684,311,-88.96274,0
1651694,309,-89.24382,0
1651704,313,-88.68166,0
1651714,311,-88.96274,0
1651724,307,-89.5249,0
1651734,310,-89.10328,0
1651744,312,-88.8222,0
1651754,311,-88.96274,0
1651764,308,-89.38436,0
1651774,307,-89.5249,0
1651784,308,-89.38436,0
1651794,313,-88.68166,0
1651804,312,-88.8222,0
1651814,305,-89.80598,0
1651824,309,-89.24382,0
1651834,314,-88.54111,0
1651844,312,-88.8222,0
1651854,303,-90.08707,0
1651864,312,-88.8222,0
1651874,305,-89.80598,0
1651884,312,-88.8222,0
1651894,308,-89.38436,0
1651904,311,-88.96274,0
1651914,304,-89.94653,0
1651924,307,-89.5249,0
1651934,307,-89.5249,0
1651944,313,-88.68166,0
1651954,313,-88.68166,0
1651964,309,-89.24382,0
1651974,314,-88.54111,0
1651984,304,-89.94653,0
1651994,315,-88.40057,0
1652004,312,-88.8222,0
1652014,317,-88.11949,0
1652024,307,-89.5249,0
1652034,310,-89.10328,0
1652044,313,-88.68166,0
1652054,313,-88.68166,0
1652064,304,-89.94653,0
1652074,310,-89.10328,0
1652084,307,-89.5249,0
1652094,312,-88.8222,0
1652104,309,-89.24382,0
1652114,316,-88.26003,0
1652124,305,-89.80598,0
1652134,312,-88.8222,0
1652144,303,-90.08707,0
1652154,313,-88.68166,0
1652164,305,-89.80598,0
1652174,311,-88.96274,0
1652184,307,-89.5249,0
1652194,304,-89.94653,0
1652204,308,-89.38436,0
1652214,305,-89.80598,0
1652224,310,-89.10328,0
1652234,313,-88.68166,0
1652244,311,-88.96274,0
1652254,305,-89.80598,0
1652264,309,-89.24382,0
1652274,306,-89.66544,0
1652284,313,-88.68166,0
1652294,316,-88.26003,0
1652304,309,-89.24382,0
1652314,313,-88.68166,0
1652324,307,-89.5249,0
1652334,311,-88.96274,0
1652344,315,-88.40057,0
1652354,307,-89.5249,0
1652364,303,-90.08707,0
1652374,309,-89.24382,0
1652384,312,-88.8222,0
1652394,315,-88.40057,0
1652404,309,-89.24382,0
1652414,305,-89.80598,0
1652424,310,-89.10328,0
1652434,309,-89.24382,0
1652444,310,-89.10328,0
1652454,310,-89.10328,0
1652464,313,-88.68166,0
1652474,308,-89.38436,0
1652484,307,-89.5249,0
1652494,306,-89.66544,0
1652504,310,-89.10328,0
1652514,306,-89.66544,0
1652524,309,-89.24382,0
1652534,315,-88.40057,0
1652544,311,-88.96274,0
1652554,309,-89.24382,0
1652564,306,-89.66544,0
1652574,311,-88.96274,0
1652584,310,-89.10328,0
1652594,309,-89.24382,0
1652604,310,-89.10328,0
1652614,311,-88.96274,0
1652624,310,-89.10328,0
1652634,308,-89.38436,0
1652644,314,-88.54111,0
1652654,315,-88.40057,0
1652664,321,-87.55732,0
1652674,311,-88.96274,0
1652684,314,-88.54111,0
1652694,302,-90.22761,0
1652704,311,-88.96274,0
1652714,309,-89.24382,0
1652724,307,-89.5249,0
1652734,309,-89.24382,0
1652744,308,-89.38436,0
1652754,309,-89.24382,0
1652764,313,-88.68166,0
1652774,312,-88.8222,0
1652784,312,-88.8222,0
1652794,314,-88.54111,0
1652804,307,-89.5249,0
1652814,304,-89.94653,0
1652824,306,-89.66544,0
1652834,306,-89.66544,0
1652844,305,-89.80598,0
1652854,316,-88.26003,0
1652864,309,-89.24382,0
1652874,307,-89.5249,0
1652884,308,-89.38436,0
1652894,310,-89.10328,0
1652904,314,-88.54111,0
1652914,302,-90.22761,0
1652924,305,-89.80598,0
1652934,306,-89.66544,0
1652944,311,-88.96274,0
1652954,309,-89.24382,0
1652964,312,-88.8222,0
1652974,310,-89.10328,0
1652984,308,-89.38436,0
1652994,314,-88.54111,0
1653004,309,-89.24382,0
1653014,313,-88.68166,0
1653024,312,-88.8222,0
1653034,303,-90.08707,0
1653044,307,-89.5249,0
1653054,308,-89.38436,0
1653064,314,-88.54111,0
1653074,314,-88.54111,0
1653084,308,-89.38436,0
1653094,306,-89.66544,0
1653104,311,-88.96274,0
1653114,313,-88.68166,0
1653124,311,-88.96274,0
1653134,308,-89.38436,0
1653144,311,-88.96274,0
1653154,309,-89.24382,0
1653164,309,-89.24382,0
1653174,304,-89.94653,0
1653184,307,-89.5249,0
1653194,305,-89.80598,0
1653204,314,-88.54111,0
1653214,303,-90.08707,0
1653224,306,-89.66544,0
1653234,317,-88.11949,0
1653244,305,-89.80598,0
1653254,303,-90.08707,0
1653264,304,-89.94653,0
1653274,306,-89.66544,0
1653284,307,-89.5249,0
1653294,312,-88.8222,0
1653304,313,-88.68166,0
1653314,314,-88.54111,0
1653324,312,-88.8222,0
1653334,315,-88.40057,0
1653344,308,-89.38436,0
1653354,311,-88.96274,0
1653364,308,-89.38436,0
1653374,305,-89.80598,0
1653384,307,-89.5249,0
1653394,309,-89.24382,0
1653404,308,-89.38436,0
1653414,310,-89.10328,0
1653424,309,-89.24382,0
1653434,318,-87.97894,0
1653444,312,-88.8222,0
1653454,309,-89.24382,0
1653464,307,-89.5249,0
1653474,308,-89.38436,0
1653484,308,-89.38436,0
1653494,311,-88.96274,0
1653504,315,-88.40057,0
1653514,311,-88.96274,0
1653524,314,-88.54111,0
1653534,308,-89.38436,0
1653544,310,-89.10328,0
1653554,312,-88.8222,0
1653564,312,-88.8222,0
1653574,316,-88.26003,0
1653584,305,-89.80598,0
1653594,310,-89.10328,0
1653604,311,-88.96274,0
1653614,312,-88.8222,0
1653624,306,-89.66544,0
1653634,311,-88.96274,0
1653644,314,-88.54111,0
1653654,304,-89.94653,0
1653664,309,-89.24382,0
1653674,308,-89.38436,0
1653684,306,-89.66544,0
1653694,317,-88.11949,0
1653704,309,-89.24382,0
1653714,306,-89.66544,0
1653724,306,-89.66544,0
1653734,311,-88.96274,0
1653744,305,-89.80598,0
1653754,311,-88.96274,0
1653764,310,-89.10328,0
1653774,313,-88.68166,0
1653784,304,-89.94653,0
1653794,309,-89.24382,0
1653804,314,-88.54111,0
1653814,302,-90.22761,0
1653824,309,-89.24382,0
1653834,309,-89.24382,0
1653844,308,-89.38436,0
1653854,304,-89.94653,0
1653864,323,-87.27624,0
1653874,312,-88.8222,0
1653884,313,-88.68166,0
1653894,313,-88.68166,0
1653904,310,-89.10328,0
1653914,314,-88.54111,0
1653924,301,-90.36815,0
1653934,309,-89.24382,0
1653944,308,-89.38436,0
1653954,311,-88.96274,0
1653964,308,-89.38436,0
1653974,313,-88.68166,0
1653984,317,-88.11949,0
1653994,306,-89.66544,0
1654004,307,-89.5249,0
1654014,310,-89.10328,0
1654024,311,-88.96274,0
1654034,311,-88.96274,0
1654044,307,-89.5249,0
1654054,312,-88.8222,0
1654064,311,-88.96274,0
1654074,311,-88.96274,0
1654084,307,-89.5249,0
1654094,310,-89.10328,0
1654104,310,-89.10328,0
1654114,322,-87.41679,0
1654124,313,-88.68166,0
1654134,308,-89.38436,0
1654144,310,-89.10328,0
1654154,307,-89.5249,0
1654164,316,-88.26003,0
1654174,309,-89.24382,0
1654184,315,-88.40057,0
1654194,309,-89.24382,0
1654204,313,-88.68166,0
1654214,310,-89.10328,0
1654224,312,-88.8222,0
1654234,313,-88.68166,0
1654244,308,-89.38436,0
1654254,311,-88.96274,0
1654264,302,-90.22761,0
1654274,307,-89.5249,0
1654284,316,-88.26003,0
1654294,309,-89.24382,0
1654304,309,-89.24382,0
1654314,308,-89.38436,0
1654324,315,-88.40057,0
1654334,311,-88.96274,0
1654344,312,-88.8222,0
1654354,312,-88.8222,0
1654364,314,-88.54111,0
1654374,306,-89.66544,0
1654384,306,-89.66544,0
1654394,306,-89.66544,0
1654404,310,-89.10328,0
1654414,308,-89.38436,0
1654424,314,-88.54111,0
1654434,311,-88.96274,0
1654444,313,-88.68166,0
1654454,313,-88.68166,0
1654464,310,-89.10328,0
1654474,309,-89.24382,0
1654484,309,-89.24382,0
1654494,307,-89.5249,0
1654504,312,-88.8222,0
1654514,304,-89.94653,0
1654524,309,-89.24382,0
1654534,312,-88.8222,0
1654544,305,-89.80598,0
1654554,318,-87.97894,0
1654564,307,-89.5249,0
1654574,312,-88.8222,0
1654584,307,-89.5249,0
1654594,306,-89.66544,0
1654604,303,-90.08707,0
1654614,308,-89.38436,0
1654624,306,-89.66544,0
1654634,315,-88.40057,0
1654644,309,-89.24382,0
1654654,317,-88.11949,0
1654664,313,-88.68166,0
1654674,309,-89.24382,0
1654684,314,-88.54111,0
1654694,312,-88.8222,0
1654704,313,-88.68166,0
1654714,312,-88.8222,0
1654724,309,-89.24382,0
1654734,311,-88.96274,0
1654744,304,-89.94653,0
1654754,309,-89.24382,0
1654764,306,-89.66544,0
1654774,307,-89.5249,0
1654784,310,-89.10328,0
1654794,307,-89.5249,0
1654804,314,-88.54111,0
1654814,306,-89.66544,0
1654824,307,-89.5249,0
1654834,309,-89.24382,0
1654844,314,-88.54111,0
1654854,313,-88.68166,0
1654864,315,-88.40057,0
1654874,311,-88.96274,0
1654884,307,-89.5249,0
1654894,309,-89.24382,0
1654904,312,-88.8222,0
1654914,306,-89.66544,0
1654924,307,-89.5249,0
1654934,310,-89.10328,0
1654944,309,-89.24382,0
1654954,312,-88.8222,0
1654964,315,-88.40057,0
1654974,310,-89.10328,0
1654984,299,-90.64923,0
1654994,313,-88.68166,0
1655004,304,-89.94653,0
1655014,308,-89.38436,0
1655024,308,-89.38436,0
1655034,314,-88.54111,0
1655044,311,-88.96274,0
1655054,307,-89.5249,0
1655064,310,-89.10328,0
1655074,306,-89.66544,0
1655084,308,-89.38436,0
1655094,306,-89.66544,0
1655104,308,-89.38436,0
1655114,311,-88.96274,0
1655124,312,-88.8222,0
1655134,315,-88.40057,0
1655144,309,-89.24382,0
1655154,306,-89.66544,0
1655164,312,-88.8222,0
1655174,311,-88.96274,0
1655184,313,-88.68166,0
1655194,311,-88.96274,0
1655204,312,-88.8222,0
1655214,309,-89.24382,0
1655224,306,-89.66544,0
1655234,314,-88.54111,0
1655244,305,-89.80598,0
1655254,308,-89.38436,0
1655264,308,-89.38436,0
1655274,309,-89.24382,0
1655284,309,-89.24382,0
1655294,306,-89.66544,0
1655304,318,-87.97894,0
1655314,307,-89.5249,0
1655324,307,-89.5249,0
1655334,309,-89.24382,0
1655344,308,-89.38436,0
1655354,312,-88.8222,0
1655364,310,-89.10328,0
1655374,312,-88.8222,0
1655384,302,-90.22761,0
1655394,307,-89.5249,0
1655404,308,-89.38436,0
1655414,321,-87.55732,0
1655424,311,-88.96274,0
1655434,314,-88.54111,0
1655444,313,-88.68166,0
1655454,306,-89.66544,0
1655464,306,-89.66544,0
1655474,308,-89.38436,0
1655484,308,-89.38436,0
1655494,307,-89.5249,0
1655504,311,-88.96274,0
1655514,308,-89.38436,0
1655524,306,-89.66544,0
1655534,313,-88.68166,0
1655544,306,-89.66544,0
1655554,313,-88.68166,0
1655564,310,-89.10328,0
1655574,313,-88.68166,0
1655584,307,-89.5249,0
1655594,305,-89.80598,0
1655604,305,-89.80598,0
1655614,309,-89.24382,0
1655624,305,-89.80598,0
1655634,310,-89.10328,0
1655644,312,-88.8222,0
1655654,310,-89.10328,0
1655664,311,-88.96274,0
1655674,310,-89.10328,0
1655684,322,-87.41679,0
1655694,306,-89.66544,0
1655704,311,-88.96274,0
1655714,306,-89.66544,0
1655724,311,-88.96274,0
1655734,310,-89.10328,0
1655744,303,-90.08707,0
1655754,320,-87.69786,0
1655764,310,-89.10328,0
1655774,317,-88.11949,0
1655784,312,-88.8222,0
1655794,309,-89.24382,0
1655804,304,-89.94653,0
1655814,313,-88.68166,0
1655824,314,-88.54111,0
1655834,307,-89.5249,0
1655844,309,-89.24382,0
1655854,308,-89.38436,0
1655864,310,-89.10328,0
1655874,315,-88.40057,0
1655884,304,-89.94653,0
1655894,310,-89.10328,0
1655904,310,-89.10328,0
1655914,311,-88.96274,0
1655924,311,-88.96274,0
1655934,308,-89.38436,0
1655944,308,-89.38436,0
1655954,310,-89.10328,0
1655964,306,-89.66544,0
1655974,306,-89.66544,0
1655984,311,-88.96274,0
1655994,313,-88.68166,0
1656004,313,-88.68166,0
1656014,302,-90.22761,0
1656024,308,-89.38436,0
1656034,312,-88.8222,0
1656044,306,-89.66544,0
1656054,305,-89.80598,0
1656064,307,-89.5249,0
1656074,314,-88.54111,0
1656084,316,-88.26003,0
1656094,309,-89.24382,0
1656104,316,-88.26003,0
1656114,313,-88.68166,0
1656124,310,-89.10328,0
1656134,305,-89.80598,0
1656144,312,-88.8222,0
1656154,313,-88.68166,0
1656164,306,-89.66544,0
1656174,314,-88.54111,0
1656184,312,-88.8222,0
1656194,309,-89.24382,0
1656204,311,-88.96274,0
1656214,313,-88.68166,0
1656224,312,-88.8222,0
1656234,311,-88.96274,0
1656244,310,-89.10328,0
1656254,311,-88.96274,0
1656264,315,-88.40057,0
1656274,309,-89.24382,0
1656284,307,-89.5249,0
1656294,302,-90.22761,0
1656304,309,-89.24382,0
1656314,310,-89.10328,0
1656324,304,-89.94653,0
1656334,313,-88.68166,0
1656344,307,-89.5249,0
1656354,309,-89.24382,0
1656364,309,-89.24382,0
1656374,305,-89.80598,0
1656384,307,-89.5249,0
1656394,305,-89.80598,0
1656404,315,-88.40057,0
1656414,310,-89.10328,0
1656424,313,-88.68166,0
1656434,308,-89.38436,0
1656444,310,-89.10328,0
1656454,311,-88.96274,0
1656464,313,-88.68166,0
1656474,312,-88.8222,0
1656484,315,-88.40057,0
1656494,307,-89.5249,0
1656504,307,-89.5249,0
1656514,306,-89.66544,0
1656524,311,-88.96274,0
1656534,313,-88.68166,0
1656544,312,-88.8222,0
1656554,309,-89.24382,0
1656564,310,-89.10328,0
1656574,314,-88.54111,0
1656584,316,-88.26003,0
1656594,308,-89.38436,0
1656604,303,-90.08707,0
1656614,308,-89.38436,0
1656624,314,-88.54111,0
1656634,312,-88.8222,0
1656644,321,-87.55732,0
1656654,310,-89.10328,0
1656664,315,-88.40057,0
1656674,310,-89.10328,0
1656684,313,-88.68166,0
1656694,313,-88.68166,0
1656704,311,-88.96274,0
1656714,304,-89.94653,0
1656724,309,-89.24382,0
1656734,311,-88.96274,0
1656744,306,-89.66544,0
1656754,314,-88.54111,0
1656764,310,-89.10328,0
1656774,309,-89.24382,0
1656784,303,-90.08707,0
1656794,312,-88.8222,0
1656804,313,-88.68166,0
1656814,314,-88.54111,0
1656824,317,-88.11949,0
1656834,303,-90.08707,0
1656844,306,-89.66544,0
1656854,310,-89.10328,0
1656864,312,-88.8222,0
1656874,305,-89.80598,0
1656884,313,-88.68166,0
1656894,311,-88.96274,0
1656904,310,-89.10328,0
1656914,309,-89.24382,0
1656924,313,-88.68166,0
1656934,321,-87.55732,0
1656944,308,-89.38436,0
1656954,313,-88.68166,0
1656964,311,-88.96274,0
1656974,316,-88.26003,0
1656984,310,-89.10328,0
1656994,313,-88.68166,0
1657004,308,-89.38436,0
1657014,305,-89.80598,0
1657024,311,-88.96274,0
1657034,308,-89.38436,0
1657044,316,-88.26003,0
1657054,304,-89.94653,0
1657064,307,-89.5249,0
1657074,316,-88.26003,0
1657084,311,-88.96274,0
1657094,311,-88.96274,0
1657104,309,-89.24382,0
1657114,309,-89.24382,0
1657124,309,-89.24382,0
1657134,313,-88.68166,0
1657144,308,-89.38436,0
1657154,312,-88.8222,0
1657164,309,-89.24382,0
1657174,307,-89.5249,0
1657184,310,-89.10328,0
1657194,308,-89.38436,0
1657204,313,-88.68166,0
1657214,308,-89.38436,0
1657224,307,-89.5249,0
1657234,307,-89.5249,0
1657244,304,-89.94653,0
1657254,310,-89.10328,0
1657264,304,-89.94653,0
1657274,307,-89.5249,0
1657284,303,-90.08707,0
1657294,307,-89.5249,0
1657304,309,-89.24382,0
1657314,311,-88.96274,0
1657324,310,-89.10328,0
1657334,315,-88.40057,0
1657344,315,-88.40057,0
1657354,309,-89.24382,0
1657364,316,-88.26003,0
1657374,312,-88.8222,0
1657384,309,-89.24382,0
1657394,309,-89.24382,0
1657404,310,-89.10328,0
1657414,303,-90.08707,0
1657424,313,-88.68166,0
1657434,305,-89.80598,0
1657444,311,-88.96274,0
1657454,308,-89.38436,0
1657464,312,-88.8222,0
1657474,311,-88.96274,0
1657484,315,-88.40057,0
1657494,305,-89.80598,0
1657504,310,-89.10328,0
1657514,306,-89.66544,0
1657524,314,-88.54111,0
1657534,312,-88.8222,0
1657544,313,-88.68166,0
1657554,309,-89.24382,0
1657564,305,-89.80598,0
1657574,315,-88.40057,0
1657584,310,-89.10328,0
1657594,309,-89.24382,0
1657604,310,-89.10328,0
1657614,308,-89.38436,0
1657624,307,-89.5249,0
1657634,315,-88.40057,0
1657644,309,-89.24382,0
1657654,315,-88.40057,0
1657664,307,-89.5249,0
1657674,315,-88.40057,0
1657684,313,-88.68166,0
1657694,308,-89.38436,0
1657704,309,-89.24382,0
1657714,312,-88.8222,0
1657724,306,-89.66544,0
1657734,309,-89.24382,0
1657744,307,-89.5249,0
1657754,304,-89.94653,0
1657764,310,-89.10328,0
1657774,308,-89.38436,0
1657784,313,-88.68166,0
1657794,313,-88.68166,0
1657804,315,-88.40057,0
1657814,313,-88.68166,0
1657824,309,-89.24382,0
1657834,306,-89.66544,0
1657844,303,-90.08707,0
1657854,317,-88.11949,0
1657864,309,-89.24382,0
1657874,306,-89.66544,0
1657884,315,-88.40057,0
1657894,310,-89.10328,0
1657904,307,-89.5249,0
1657914,312,-88.8222,0
1657924,311,-88.96274,0
1657934,311,-88.96274,0
1657944,306,-89.66544,0
1657954,306,-89.66544,0
1657964,307,-89.5249,0
1657974,307,-89.5249,0
1657984,322,-87.41679,0
1657994,309,-89.24382,0
1658004,314,-88.54111,0
1658014,309,-89.24382,0
1658024,309,-89.24382,0
1658034,312,-88.8222,0
1658044,306,-89.66544,0
1658054,318,-87.97894,0
1658064,308,-89.38436,0
1658074,306,-89.66544,0
1658084,310,-89.10328,0
1658094,307,-89.5249,0
1658104,318,-87.97894,0
1658114,307,-89.5249,0
1658124,308,-89.38436,0
1658134,308,-89.38436,0
1658144,316,-88.26003,0
1658154,314,-88.54111,0
1658164,307,-89.5249,0
1658174,302,-90.22761,0
1658184,308,-89.38436,0
1658194,307,-89.5249,0
1658204,313,-88.68166,0
1658214,314,-88.54111,0
1658224,316,-88.26003,0
1658234,315,-88.40057,0
1658244,316,-88.26003,0
1658254,306,-89.66544,0
1658264,311,-88.96274,0
1658274,309,-89.24382,0
1658284,304,-89.94653,0
1658294,310,-89.10328,0
1658304,315,-88.40057,0
1658314,309,-89.24382,0
1658324,312,-88.8222,0
1658334,307,-89.5249,0
1658344,313,-88.68166,0
1658354,314,-88.54111,0
1658364,309,-89.24382,0
1658374,315,-88.40057,0
1658384,317,-88.11949,0
1658394,312,-88.8222,0
1658404,309,-89.24382,0
1658414,308,-89.38436,0
1658424,310,-89.10328,0
1658434,314,-88.54111,0
1658444,309,-89.24382,0
1658454,307,-89.5249,0
1658464,313,-88.68166,0
1658474,311,-88.96274,0
1658484,313,-88.68166,0
1658494,312,-88.8222,0
1658504,313,-88.68166,0
1658514,306,-89.66544,0
1658524,306,-89.66544,0
1658534,307,-89.5249,0
1658544,320,-87.69786,0
1658554,311,-88.96274,0
1658564,315,-88.40057,0
1658574,313,-88.68166,0
1658584,316,-88.26003,0
1658594,312,-88.8222,0
1658604,314,-88.54111,0
1658614,312,-88.8222,0
1658624,303,-90.08707,0
1658634,312,-88.8222,0
1658644,308,-89.38436,0
1658654,311,-88.96274,0
1658664,313,-88.68166,0
1658674,314,-88.54111,0
1658684,313,-88.68166,0
1658694,309,-89.24382,0
1658704,308,-89.38436,0
1658714,313,-88.68166,0
1658724,311,-88.96274,0
1658734,308,-89.38436,0
1658744,309,-89.24382,0
1658754,309,-89.24382,0
1658764,307,-89.5249,0
1658774,309,-89.24382,0
1658784,312,-88.8222,0
1658794,310,-89.10328,0
1658804,304,-89.94653,0
1658814,311,-88.96274,0
1658824,308,-89.38436,0
1658834,311,-88.96274,0
1658844,314,-88.54111,0
1658854,307,-89.5249,0
1658864,308,-89.38436,0
1658874,305,-89.80598,0
1658884,310,-89.10328,0
1658894,310,-89.10328,0
1658904,312,-88.8222,0
1658914,308,-89.38436,0
1658924,308,-89.38436,0
1658934,314,-88.54111,0
1658944,318,-87.97894,0
1658954,309,-89.24382,0
1658964,314,-88.54111,0
1658974,312,-88.8222,0
1658984,308,-89.38436,0
1658994,310,-89.10328,0
1659004,309,-89.24382,0
1659014,309,-89.24382,0
1659024,310,-89.10328,0
1659034,315,-88.40057,0
1659044,314,-88.54111,0
1659054,307,-89.5249,0
1659064,307,-89.5249,0
1659074,309,-89.24382,0
1659084,311,-88.96274,0
1659094,314,-88.54111,0
1659104,311,-88.96274,0
1659114,311,-88.96274,0
1659124,313,-88.68166,0
1659134,313,-88.68166,0
1659144,313,-88.68166,0
1659154,310,-89.10328,0
1659164,306,-89.66544,0
1659174,313,-88.68166,0
1659184,307,-89.5249,0
1659194,312,-88.8222,0
1659204,310,-89.10328,0
1659214,307,-89.5249,0
1659224,310,-89.10328,0
1659234,310,-89.10328,0
1659244,310,-89.10328,0
1659254,305,-89.80598,0
1659264,306,-89.66544,0
1659274,311,-88.96274,0
1659284,313,-88.68166,0
1659294,310,-89.10328,0
1659304,311,-88.96274,0
1659314,310,-89.10328,0
1659324,313,-88.68166,0
1659334,313,-88.68166,0
1659344,306,-89.66544,0
1659354,314,-88.54111,0
1659364,310,-89.10328,0
1659374,311,-88.96274,0
1659384,311,-88.96274,0
1659394,314,-88.54111,0
1659404,302,-90.22761,0
1659414,306,-89.66544,0
1659424,312,-88.8222,0
1659434,314,-88.54111,0
1659444,312,-88.8222,0
1659454,315,-88.40057,0
1659464,314,-88.54111,0
1659474,316,-88.26003,0
1659484,313,-88.68166,0
1659494,312,-88.8222,0
1659504,314,-88.54111,0
1659514,310,-89.10328,0
1659524,309,-89.24382,0
1659534,312,-88.8222,0
1659544,310,-89.10328,0
1659554,314,-88.54111,0
1659564,310,-89.10328,0
1659574,312,-88.8222,0
1659584,310,-89.10328,0
1659594,316,-88.26003,0
1659604,312,-88.8222,0
1659614,315,-88.40057,0
1659624,309,-89.24382,0
1659634,310,-89.10328,0
1659644,316,-88.26003,0
1659654,313,-88.68166,0
1659664,309,-89.24382,0
1659674,314,-88.54111,0
1659684,306,-89.66544,0
1659694,309,-89.24382,0
1659704,306,-89.66544,0
1659714,309,-89.24382,0
1659724,309,-89.24382,0
1659734,324,-87.1357,0
1659744,306,-89.66544,0
1659754,311,-88.96274,0
1659764,309,-89.24382,0
1659774,315,-88.40057,0
1659784,305,-89.80598,0
1659794,310,-89.10328,0
1659804,305,-89.80598,0
1659814,310,-89.10328,0
1659824,311,-88.96274,0
1659834,313,-88.68166,0
1659844,319,-87.83841,0
1659854,304,-89.94653,0
1659864,309,-89.24382,0
1659874,311,-88.96274,0
1659884,313,-88.68166,0
1659894,311,-88.96274,0
1659904,310,-89.10328,0
1659914,309,-89.24382,0
1659924,318,-87.97894,0
1659934,316,-88.26003,0
1659944,309,-89.24382,0
1659954,316,-88.26003,0
1659964,306,-89.66544,0
1659974,307,-89.5249,0
1659984,306,-89.66544,0
1659994,312,-88.8222,0
1660004,312,-88.8222,0
1660014,310,-89.10328,0
1660024,309,-89.24382,0
1660034,312,-88.8222,0
1660044,309,-89.24382,0
1660054,311,-88.96274,0
1660064,311,-88.96274,0
1660074,307,-89.5249,0
1660084,314,-88.54111,0
1660094,312,-88.8222,0
1660104,311,-88.96274,0
1660114,311,-88.96274,0
1660124,308,-89.38436,0
1660134,312,-88.8222,0
1660144,311,-88.96274,0
1660154,315,-88.40057,0
1660164,314,-88.54111,0
1660174,305,-89.80598,0
1660184,307,-89.5249,0
1660194,309,-89.24382,0
1660204,307,-89.5249,0
1660214,308,-89.38436,0
1660224,313,-88.68166,0
1660234,311,-88.96274,0
1660244,301,-90.36815,0
1660254,312,-88.8222,0
1660264,308,-89.38436,0
1660274,315,-88.40057,0
1660284,311,-88.96274,0
1660294,315,-88.40057,0
1660304,306,-89.66544,0
1660314,305,-89.80598,0
1660324,310,-89.10328,0
1660334,313,-88.68166,0
1660344,311,-88.96274,0
1660354,308,-89.38436,0
1660364,307,-89.5249,0
1660374,307,-89.5249,0
1660384,312,-88.8222,0
1660394,309,-89.24382,0
1660404,308,-89.38436,0
1660414,304,-89.94653,0
1660424,311,-88.96274,0
1660434,309,-89.24382,0
1660444,315,-88.40057,0
1660454,305,-89.80598,0
1660464,309,-89.24382,0
1660474,308,-89.38436,0
1660484,306,-89.66544,0
1660494,311,-88.96274,0
1660504,316,-88.26003,0
1660514,316,-88.26003,0
1660524,317,-88.11949,0
1660534,306,-89.66544,0
1660544,308,-89.38436,0
1660554,315,-88.40057,0
1660564,311,-88.96274,0
1660574,313,-88.68166,0
1660584,311,-88.96274,0
1660594,310,-89.10328,0
1660604,305,-89.80598,0
1660614,308,-89.38436,0
1660624,315,-88.40057,0
1660634,305,-89.80598,0
1660644,307,-89.5249,0
1660654,309,-89.24382,0
1660664,304,-89.94653,0
1660674,312,-88.8222,0
1660684,313,-88.68166,0
1660694,310,-89.10328,0
1660704,311,-88.96274,0
1660714,311,-88.96274,0
1660724,310,-89.10328,0
1660734,316,-88.26003,0
1660744,310,-89.10328,0
1660754,312,-88.8222,0
1660764,306,-89.66544,0
1660774,318,-87.97894,0
1660784,307,-89.5249,0
1660794,311,-88.96274,0
1660804,306,-89.66544,0
1660814,313,-88.68166,0
1660824,312,-88.8222,0
1660834,317,-88.11949,0
1660844,312,-88.8222,0
1660854,305,-89.80598,0
1660864,309,-89.24382,0
1660874,304,-89.94653,0
1660884,306,-89.66544,0
1660894,314,-88.54111,0
1660904,317,-88.11949,0
1660914,314,-88.54111,0
1660924,310,-89.10328,0
1660934,317,-88.11949,0
1660944,305,-89.80598,0
1660954,311,-88.96274,0
1660964,310,-89.10328,0
1660974,308,-89.38436,0
1660984,314,-88.54111,0
1660994,317,-88.11949,0
1661004,318,-87.97894,0
1661014,310,-89.10328,0
1661024,313,-88.68166,0
1661034,300,-90.50869,0
1661044,311,-88.96274,0
1661054,312,-88.8222,0
1661064,312,-88.8222,0
1661074,313,-88.68166,0
1661084,308,-89.38436,0
1661094,308,-89.38436,0
1661104,314,-88.54111,0
1661114,309,-89.24382,0
1661124,310,-89.10328,0
1661134,316,-88.26003,0
1661144,311,-88.96274,0
1661154,310,-89.10328,0
1661164,311,-88.96274,0
1661174,314,-88.54111,0
1661184,317,-88.11949,0
1661194,304,-89.94653,0
1661204,307,-89.5249,0
1661214,308,-89.38436,0
1661224,308,-89.38436,0
1661234,306,-89.66544,0
1661244,305,-89.80598,0
1661254,309,-89.24382,0
1661264,303,-90.08707,0
1661274,316,-88.26003,0
1661284,310,-89.10328,0
1661294,315,-88.40057,0
1661304,307,-89.5249,0
1661314,310,-89.10328,0
1661324,313,-88.68166,0
1661334,314,-88.54111,0
1661344,311,-88.96274,0
1661354,309,-89.24382,0
1661364,310,-89.10328,0
1661374,312,-88.8222,0
1661384,312,-88.8222,0
1661394,322,-87.41679,0
1661404,314,-88.54111,0
1661414,313,-88.68166,0
1661424,314,-88.54111,0
1661434,306,-89.66544,0
1661444,305,-89.80598,0
1661454,310,-89.10328,0
1661464,303,-90.08707,0
1661474,311,-88.96274,0
1661484,303,-90.08707,0
1661494,310,-89.10328,0
1661504,306,-89.66544,0
1661514,309,-89.24382,0
1661524,311,-88.96274,0
1661534,306,-89.66544,0
1661544,311,-88.96274,0
1661554,315,-88.40057,0
1661564,308,-89.38436,0
1661574,312,-88.8222,0
1661584,313,-88.68166,0
1661594,306,-89.66544,0
1661604,308,-89.38436,0
1661614,308,-89.38436,0
1661624,311,-88.96274,0
1661634,311,-88.96274,0
1661644,304,-89.94653,0
1661654,313,-88.68166,0
1661664,311,-88.96274,0
1661674,311,-88.96274,0
1661684,314,-88.54111,0
1661694,312,-88.8222,0
1661704,309,-89.24382,0
1661714,307,-89.5249,0
1661724,314,-88.54111,0
1661734,310,-89.10328,0
1661744,311,-88.96274,0
1661754,311,-88.96274,0
1661764,310,-89.10328,0
1661774,312,-88.8222,0
1661784,310,-89.10328,0
1661794,317,-88.11949,0
1661804,311,-88.96274,0
1661814,311,-88.96274,0
1661824,312,-88.8222,0
1661834,313,-88.68166,0
1661844,314,-88.54111,0
1661854,310,-89.10328,0
1661864,306,-89.66544,0
1661874,308,-89.38436,0
1661884,308,-89.38436,0
1661894,311,-88.96274,0
1661904,306,-89.66544,0
1661914,311,-88.96274,0
1661924,307,-89.5249,0
1661934,314,-88.54111,0
1661944,312,-88.8222,0
1661954,312,-88.8222,0
1661964,311,-88.96274,0
1661974,313,-88.68166,0
1661984,310,-89.10328,0
1661994,309,-89.24382,0
1662004,313,-88.68166,0
1662014,310,-89.10328,0
1662024,304,-89.94653,0
1662034,310,-89.10328,0
1662044,310,-89.10328,0
1662054,315,-88.40057,0
1662064,312,-88.8222,0
1662074,313,-88.68166,0
1662084,309,-89.24382,0
1662094,308,-89.38436,0
1662104,305,-89.80598,0
1662114,306,-89.66544,0
1662124,312,-88.8222,0
1662134,305,-89.80598,0
1662144,311,-88.96274,0
1662154,313,-88.68166,0
1662164,316,-88.26003,0
1662174,313,-88.68166,0
1662184,315,-88.40057,0
1662194,311,-88.96274,0
1662204,310,-89.10328,0
1662214,307,-89.5249,0
1662224,307,-89.5249,0
1662234,310,-89.10328,0
1662244,308,-89.38436,0
1662254,308,-89.38436,0
1662264,313,-88.68166,0
1662274,313,-88.68166,0
1662284,312,-88.8222,0
1662294,309,-89.24382,0
1662304,313,-88.68166,0
1662314,310,-89.10328,0
1662324,308,-89.38436,0
1662334,310,-89.10328,0
1662344,315,-88.40057,0
1662354,304,-89.94653,0
1662364,317,-88.11949,0
1662374,312,-88.8222,0
1662384,315,-88.40057,0
1662394,316,-88.26003,0
1662404,311,-88.96274,0
1662414,306,-89.66544,0
1662424,302,-90.22761,0
1662434,313,-88.68166,0
1662444,313,-88.68166,0
1662454,316,-88.26003,0
1662464,308,-89.38436,0
1662474,308,-89.38436,0
1662484,312,-88.8222,0
1662494,318,-87.97894,0
1662504,307,-89.5249,0
1662514,311,-88.96274,0
1662524,306,-89.66544,0
1662534,309,-89.24382,0
1662544,305,-89.80598,0
1662554,306,-89.66544,0
1662564,306,-89.66544,0
1662574,311,-88.96274,0
1662584,314,-88.54111,0
1662594,312,-88.8222,0
1662604,312,-88.8222,0
1662614,308,-89.38436,0
1662624,310,-89.10328,0
1662634,311,-88.96274,0
1662644,311,-88.96274,0
1662654,311,-88.96274,0
1662664,309,-89.24382,0
1662674,307,-89.5249,0
1662684,315,-88.40057,0
1662694,306,-89.66544,0
1662704,313,-88.68166,0
1662714,310,-89.10328,0
1662724,310,-89.10328,0
1662734,310,-89.10328,0
1662744,312,-88.8222,0
1662754,307,-89.5249,0
1662764,310,-89.10328,0
1662774,309,-89.24382,0
1662784,310,-89.10328,0
1662794,309,-89.24382,0
1662804,304,-89.94653,0
1662814,309,-89.24382,0
1662824,311,-88.96274,0
1662834,307,-89.5249,0
1662844,313,-88.68166,0
1662854,314,-88.54111,0
1662864,313,-88.68166,0
1662874,315,-88.40057,0
1662884,308,-89.38436,0
1662894,310,-89.10328,0
1662904,311,-88.96274,0
1662914,318,-87.97894,0
1662924,313,-88.68166,0
1662934,310,-89.10328,0
1662944,312,-88.8222,0
1662954,321,-87.55732,0
1662964,308,-89.38436,0
1662974,312,-88.8222,0
1662984,304,-89.94653,0
1662994,310,-89.10328,0
1663004,307,-89.5249,0
1663014,311,-88.96274,0
1663024,313,-88.68166,0
1663034,305,-89.80598,0
1663044,317,-88.11949,0
1663054,311,-88.96274,0
1663064,309,-89.24382,0
1663074,311,-88.96274,0
1663084,304,-89.94653,0
1663094,308,-89.38436,0
1663104,311,-88.96274,0
1663114,307,-89.5249,0
1663124,312,-88.8222,0
1663134,315,-88.40057,0
1663144,318,-87.97894,0
1663154,311,-88.96274,0
1663164,311,-88.96274,0
1663174,312,-88.8222,0
1663184,309,-89.24382,0
1663194,310,-89.10328,0
1663204,307,-89.5249,0
1663214,308,-89.38436,0
1663224,321,-87.55732,0
1663234,305,-89.80598,0
1663244,314,-88.54111,0
1663254,309,-89.24382,0
1663264,309,-89.24382,0
1663274,309,-89.24382,0
1663284,312,-88.8222,0
1663294,307,-89.5249,0
1663304,310,-89.10328,0
1663314,307,-89.5249,0
1663324,312,-88.8222,0
1663334,312,-88.8222,0
1663344,305,-89.80598,0
1663354,314,-88.54111,0
1663364,317,-88.11949,0
1663374,312,-88.8222,0
1663384,311,-88.96274,0
1663394,312,-88.8222,0
1663404,308,-89.38436,0
1663414,319,-87.83841,0
1663424,312,-88.8222,0
1663434,310,-89.10328,0
1663444,310,-89.10328,0
1663454,311,-88.96274,0
1663464,313,-88.68166,0
1663474,320,-87.69786,0
1663484,315,-88.40057,0
1663494,312,-88.8222,0
1663504,312,-88.8222,0
1663514,314,-88.54111,0
1663524,308,-89.38436,0
1663534,315,-88.40057,0
1663544,306,-89.66544,0
1663554,304,-89.94653,0
1663564,308,-89.38436,0
1663574,314,-88.54111,0
1663584,312,-88.8222,0
1663594,311,-88.96274,0
1663604,310,-89.10328,0
1663614,313,-88.68166,0
1663624,317,-88.11949,0
1663634,313,-88.68166,0
1663644,315,-88.40057,0
1663654,310,-89.10328,0
1663664,308,-89.38436,0
1663674,312,-88.8222,0
1663684,312,-88.8222,0
1663694,310,-89.10328,0
1663704,311,-88.96274,0
1663714,314,-88.54111,0
1663724,313,-88.68166,0
1663734,304,-89.94653,0
1663744,314,-88.54111,0
1663754,314,-88.54111,0
1663764,306,-89.66544,0
1663774,308,-89.38436,0
1663784,312,-88.8222,0
1663794,304,-89.94653,0
1663804,312,-88.8222,0
1663814,307,-89.5249,0
1663824,310,-89.10328,0
1663834,312,-88.8222,0
1663844,305,-89.80598,0
1663854,312,-88.8222,0
1663864,314,-88.54111,0
1663874,308,-89.38436,0
1663884,306,-89.66544,0
1663894,312,-88.8222,0
1663904,309,-89.24382,0
1663914,316,-88.26003,0
1663924,309,-89.24382,0
1663934,313,-88.68166,0
1663944,316,-88.26003,0
1663954,303,-90.08707,0
1663964,311,-88.96274,0
1663974,313,-88.68166,0
1663984,309,-89.24382,0
1663994,311,-88.96274,0
1664004,312,-88.8222,0
1664014,313,-88.68166,0
1664024,313,-88.68166,0
1664034,306,-89.66544,0
1664044,312,-88.8222,0
1664054,309,-89.24382,0
1664064,314,-88.54111,0
1664074,315,-88.40057,0
1664084,312,-88.8222,0
1664094,307,-89.5249,0
1664104,312,-88.8222,0
1664114,310,-89.10328,0
1664124,309,-89.24382,0
1664134,309,-89.24382,0
1664144,313,-88.68166,0
1664154,307,-89.5249,0
1664164,314,-88.54111,0
1664174,311,-88.96274,0
1664184,315,-88.40057,0
1664194,318,-87.97894,0
1664204,306,-89.66544,0
1664214,311,-88.96274,0
1664224,309,-89.24382,0
1664234,310,-89.10328,0
1664244,309,-89.24382,0
1664254,312,-88.8222,0
1664264,311,-88.96274,0
1664274,311,-88.96274,0
1664284,317,-88.11949,0
1664294,318,-87.97894,0
1664304,315,-88.40057,0
1664314,307,-89.5249,0
1664324,317,-88.11949,0
1664334,309,-89.24382,0
1664344,310,-89.10328,0
1664354,311,-88.96274,0
1664364,309,-89.24382,0
1664374,312,-88.8222,0
1664384,311,-88.96274,0
1664394,317,-88.11949,0
1664404,318,-87.97894,0
1664414,306,-89.66544,0
1664424,305,-89.80598,0
1664434,316,-88.26003,0
1664444,313,-88.68166,0
1664454,307,-89.5249,0
1664464,311,-88.96274,0
1664474,314,-88.54111,0
1664484,315,-88.40057,0
1664494,309,-89.24382,0
1664504,313,-88.68166,0
1664514,311,-88.96274,0
1664524,311,-88.96274,0
1664534,311,-88.96274,0
1664544,314,-88.54111,0
1664554,309,-89.24382,0
1664564,304,-89.94653,0
1664574,311,-88.96274,0
1664584,305,-89.80598,0
1664594,314,-88.54111,0
1664604,310,-89.10328,0
1664614,309,-89.24382,0
1664624,312,-88.8222,0
1664634,316,-88.26003,0
1664644,309,-89.24382,0
1664654,315,-88.40057,0
1664664,311,-88.96274,0
1664674,312,-88.8222,0
1664684,306,-89.66544,0
1664694,309,-89.24382,0
1664704,313,-88.68166,0
1664714,313,-88.68166,0
1664724,313,-88.68166,0
1664734,309,-89.24382,0
1664744,308,-89.38436,0
1664754,315,-88.40057,0
1664764,314,-88.54111,0
1664774,310,-89.10328,0
1664784,306,-89.66544,0
1664794,315,-88.40057,0
1664804,305,-89.80598,0
1664814,306,-89.66544,0
1664824,312,-88.8222,0
1664834,306,-89.66544,0
1664844,312,-88.8222,0
1664854,311,-88.96274,0
1664864,314,-88.54111,0
1664874,314,-88.54111,0
1664884,310,-89.10328,0
1664894,310,-89.10328,0
1664904,311,-88.96274,0
1664914,312,-88.8222,0
1664924,312,-88.8222,0
1664934,307,-89.5249,0
1664944,310,-89.10328,0
1664954,309,-89.24382,0
1664964,309,-89.24382,0
1664974,310,-89.10328,0
1664984,315,-88.40057,0
1664994,316,-88.26003,0
1665004,311,-88.96274,0
1665014,308,-89.38436,0
1665024,313,-88.68166,0
1665034,312,-88.8222,0
1665044,308,-89.38436,0
1665054,310,-89.10328,0
1665064,317,-88.11949,0
1665074,313,-88.68166,0
1665084,307,-89.5249,0
1665094,317,-88.11949,0
1665104,304,-89.94653,0
1665114,308,-89.38436,0
1665124,320,-87.69786,0
1665134,310,-89.10328,0
1665144,312,-88.8222,0
1665154,313,-88.68166,0
1665164,311,-88.96274,0
1665174,316,-88.26003,0
1665184,308,-89.38436,0
1665194,313,-88.68166,0
1665204,313,-88.68166,0
1665214,312,-88.8222,0
1665224,308,-89.38436,0
1665234,310,-89.10328,0
1665244,303,-90.08707,0
1665254,314,-88.54111,0
1665264,311,-88.96274,0
1665274,310,-89.10328,0
1665284,310,-89.10328,0
1665294,307,-89.5249,0
1665304,305,-89.80598,0
1665314,311,-88.96274,0
1665324,314,-88.54111,0
1665334,308,-89.38436,0
1665344,311,-88.96274,0
1665354,313,-88.68166,0
1665364,319,-87.83841,0
1665374,308,-89.38436,0
1665384,313,-88.68166,0
1665394,311,-88.96274,0
1665404,316,-88.26003,0
1665414,313,-88.68166,0
1665424,313,-88.68166,0
1665434,315,-88.40057,0
1665444,308,-89.38436,0
1665454,310,-89.10328,0
1665464,308,-89.38436,0
1665474,313,-88.68166,0
1665484,313,-88.68166,0
1665494,308,-89.38436,0
1665504,314,-88.54111,0
1665514,311,-88.96274,0
1665524,312,-88.8222,0
1665534,310,-89.10328,0
1665544,311,-88.96274,0
1665554,304,-89.94653,0
1665564,311,-88.96274,0
1665574,319,-87.83841,0
1665584,307,-89.5249,0
1665594,315,-88.40057,0
1665604,313,-88.68166,0
1665614,312,-88.8222,0
1665624,308,-89.38436,0
1665634,315,-88.40057,0
1665644,312,-88.8222,0
1665654,314,-88.54111,0
1665664,315,-88.40057,0
1665674,306,-89.66544,0
1665684,308,-89.38436,0
1665694,318,-87.97894,0
1665704,316,-88.26003,0
1665714,314,-88.54111,0
1665724,311,-88.96274,0
1665734,310,-89.10328,0
1665744,308,-89.38436,0
1665754,309,-89.24382,0
1665764,314,-88.54111,0
1665774,309,-89.24382,0
1665784,307,-89.5249,0
1665794,309,-89.24382,0
1665804,306,-89.66544,0
1665814,312,-88.8222,0
1665824,314,-88.54111,0
1665834,308,-89.38436,0
1665844,311,-88.96274,0
1665854,314,-88.54111,0
1665864,318,-87.97894,0
1665874,315,-88.40057,0
1665884,308,-89.38436,0
1665894,301,-90.36815,0
1665904,314,-88.54111,0
1665914,305,-89.80598,0
1665924,308,-89.38436,0
1665934,313,-88.68166,0
1665944,311,-88.96274,0
1665954,309,-89.24382,0
1665964,312,-88.8222,0
1665974,314,-88.54111,0
1665984,315,-88.40057,0
1665994,317,-88.11949,0
1666004,308,-89.38436,0
1666014,306,-89.66544,0
1666024,308,-89.38436,0
1666034,298,-90.78978,0
1666044,315,-88.40057,0
1666054,302,-90.22761,0
1666064,313,-88.68166,0
1666074,310,-89.10328,0
1666084,307,-89.5249,0
1666094,316,-88.26003,0
1666104,317,-88.11949,0
1666114,309,-89.24382,0
1666124,306,-89.66544,0
1666134,308,-89.38436,0
1666144,310,-89.10328,0
1666154,303,-90.08707,0
1666164,309,-89.24382,0
1666174,305,-89.80598,0
1666184,309,-89.24382,0
1666194,313,-88.68166,0
1666204,311,-88.96274,0
1666214,320,-87.69786,0
1666224,312,-88.8222,0
1666234,309,-89.24382,0
1666244,309,-89.24382,0
1666254,307,-89.5249,0
1666264,313,-88.68166,0
1666274,317,-88.11949,0
1666284,307,-89.5249,0
1666294,311,-88.96274,0
1666304,314,-88.54111,0
1666314,307,-89.5249,0
1666324,308,-89.38436,0
1666334,308,-89.38436,0
1666344,309,-89.24382,0
1666354,307,-89.5249,0
1666364,308,-89.38436,0
1666374,310,-89.10328,0
1666384,313,-88.68166,0
1666394,312,-88.8222,0
1666404,310,-89.10328,0
1666414,305,-89.80598,0
1666424,312,-88.8222,0
1666434,311,-88.96274,0
1666444,307,-89.5249,0
1666454,309,-89.24382,0
1666464,312,-88.8222,0
1666474,311,-88.96274,0
1666484,307,-89.5249,0
1666494,311,-88.96274,0
1666504,311,-88.96274,0
1666514,314,-88.54111,0
1666524,310,-89.10328,0
1666534,311,-88.96274,0
1666544,309,-89.24382,0
1666554,311,-88.96274,0
1666564,310,-89.10328,0
1666574,307,-89.5249,0
1666584,304,-89.94653,0
1666594,313,-88.68166,0
1666604,310,-89.10328,0
1666614,314,-88.54111,0
1666624,315,-88.40057,0
1666634,315,-88.40057,0
1666644,313,-88.68166,0
1666654,302,-90.22761,0
1666664,312,-88.8222,0
1666674,305,-89.80598,0
1666684,306,-89.66544,0
1666694,309,-89.24382,0
1666704,308,-89.38436,0
1666714,311,-88.96274,0
1666724,316,-88.26003,0
1666734,316,-88.26003,0
1666744,310,-89.10328,0
1666754,311,-88.96274,0
1666764,312,-88.8222,0
1666774,316,-88.26003,0
1666784,313,-88.68166,0
1666794,305,-89.80598,0
1666804,308,-89.38436,0
1666814,314,-88.54111,0
1666824,310,-89.10328,0
1666834,311,-88.96274,0
1666844,314,-88.54111,0
1666854,311,-88.96274,0
1666864,310,-89.10328,0
1666874,313,-88.68166,0
1666884,315,-88.40057,0
1666894,309,-89.24382,0
1666904,310,-89.10328,0
1666914,313,-88.68166,0
1666924,309,-89.24382,0
1666934,315,-88.40057,0
1666944,318,-87.97894,0
1666954,316,-88.26003,0
1666964,312,-88.8222,0
1666974,314,-88.54111,0
1666984,310,-89.10328,0
1666994,311,-88.96274,0
1667004,309,-89.24382,0
1667014,307,-89.5249,0
1667024,313,-88.68166,0
1667034,311,-88.96274,0
1667044,311,-88.96274,0
1667054,303,-90.08707,0
1667064,311,-88.96274,0
1667074,315,-88.40057,0
1667084,313,-88.68166,0
1667094,311,-88.96274,0
1667104,311,-88.96274,0
1667114,309,-89.24382,0
1667124,308,-89.38436,0
1667134,314,-88.54111,0
1667144,315,-88.40057,0
1667154,305,-89.80598,0
1667164,312,-88.8222,0
1667174,313,-88.68166,0
1667184,310,-89.10328,0
1667194,308,-89.38436,0
1667204,316,-88.26003,0
1667214,313,-88.68166,0
1667224,310,-89.10328,0
1667234,305,-89.80598,0
1667244,308,-89.38436,0
1667254,314,-88.54111,0
1667264,312,-88.8222,0
1667274,311,-88.96274,0
1667284,313,-88.68166,0
1667294,314,-88.54111,0
1667304,310,-89.10328,0
1667314,314,-88.54111,0
1667324,305,-89.80598,0
1667334,312,-88.8222,0
1667344,311,-88.96274,0
1667354,313,-88.68166,0
1667364,311,-88.96274,0
1667374,308,-89.38436,0
1667384,314,-88.54111,0
1667394,310,-89.10328,0
1667404,305,-89.80598,0
1667414,317,-88.11949,0
1667424,310,-89.10328,0
1667434,310,-89.10328,0
1667444,307,-89.5249,0
1667454,311,-88.96274,0
1667464,309,-89.24382,0
1667474,308,-89.38436,0
1667484,312,-88.8222,0
1667494,308,-89.38436,0
1667504,314,-88.54111,0
1667514,308,-89.38436,0
1667524,305,-89.80598,0
1667534,314,-88.54111,0
1667544,311,-88.96274,0
1667554,316,-88.26003,0
1667564,308,-89.38436,0
1667574,306,-89.66544,0
1667584,312,-88.8222,0
1667594,308,-89.38436,0
1667604,305,-89.80598,0
1667614,314,-88.54111,0
1667624,312,-88.8222,0
1667634,312,-88.8222,0
1667644,311,-88.96274,0
1667654,309,-89.24382,0
1667664,302,-90.22761,0
1667674,305,-89.80598,0
1667684,314,-88.54111,0
1667694,315,-88.40057,0
1667704,307,-89.5249,0
1667714,313,-88.68166,0
1667724,307,-89.5249,0
1667734,312,-88.8222,0
1667744,311,-88.96274,0
1667754,306,-89.66544,0
1667764,315,-88.40057,0
1667774,311,-88.96274,0
1667784,305,-89.80598,0
1667794,307,-89.5249,0
1667804,311,-88.96274,0
1667814,312,-88.8222,0
1667824,308,-89.38436,0
1667834,311,-88.96274,0
1667844,307,-89.5249,0
1667854,311,-88.96274,0
1667864,309,-89.24382,0
1667874,307,-89.5249,0
1667884,316,-88.26003,0
1667894,319,-87.83841,0
1667904,311,-88.96274,0
1667914,307,-89.5249,0
1667924,311,-88.96274,0
1667934,312,-88.8222,0
1667944,311,-88.96274,0
1667954,310,-89.10328,0
1667964,310,-89.10328,0
1667974,314,-88.54111,0
1667984,311,-88.96274,0
1667994,312,-88.8222,0
1668004,310,-89.10328,0
1668014,304,-89.94653,0
1668024,309,-89.24382,0
1668034,316,-88.26003,0
1668044,311,-88.96274,0
1668054,308,-89.38436,0
1668064,309,-89.24382,0
1668074,315,-88.40057,0
1668084,312,-88.8222,0
1668094,313,-88.68166,0
1668104,312,-88.8222,0
1668114,314,-88.54111,0
1668124,310,-89.10328,0
1668134,309,-89.24382,0
1668144,308,-89.38436,0
1668154,308,-89.38436,0
1668164,308,-89.38436,0
1668174,310,-89.10328,0
1668184,311,-88.96274,0
1668194,309,-89.24382,0
1668204,304,-89.94653,0
1668214,304,-89.94653,0
1668224,310,-89.10328,0
1668234,316,-88.26003,0
1668244,307,-89.5249,0
1668254,308,-89.38436,0
1668264,308,-89.38436,0
1668274,310,-89.10328,0
1668284,314,-88.54111,0
1668294,314,-88.54111,0
1668304,313,-88.68166,0
1668314,316,-88.26003,0
1668324,314,-88.54111,0
1668334,308,-89.38436,0
1668344,309,-89.24382,0
1668354,310,-89.10328,0
1668364,310,-89.10328,0
1668374,313,-88.68166,0
1668384,302,-90.22761,0
1668394,320,-87.69786,0
1668404,308,-89.38436,0
1668414,313,-88.68166,0
1668424,310,-89.10328,0
1668434,313,-88.68166,0
1668444,314,-88.54111,0
1668454,314,-88.54111,0
1668464,310,-89.10328,0
1668474,314,-88.54111,0
1668484,308,-89.38436,0
1668494,312,-88.8222,0
1668504,308,-89.38436,0
1668514,314,-88.54111,0
1668524,311,-88.96274,0
1668534,316,-88.26003,0
1668544,308,-89.38436,0
1668554,309,-89.24382,0
1668564,308,-89.38436,0
1668574,313,-88.68166,0
1668584,307,-89.5249,0
1668594,310,-89.10328,0
1668604,310,-89.10328,0
1668614,311,-88.96274,0
1668624,312,-88.8222,0
1668634,312,-88.8222,0
1668644,314,-88.54111,0
1668654,308,-89.38436,0
1668664,317,-88.11949,0
1668674,309,-89.24382,0
1668684,311,-88.96274,0
1668694,314,-88.54111,0
1668704,306,-89.66544,0
1668714,312,-88.8222,0
1668724,313,-88.68166,0
1668734,315,-88.40057,0
1668744,308,-89.38436,0
1668754,312,-88.8222,0
1668764,311,-88.96274,0
1668774,314,-88.54111,0
1668784,313,-88.68166,0
1668794,314,-88.54111,0
1668804,313,-88.68166,0
1668814,311,-88.96274,0
1668824,305,-89.80598,0
1668834,312,-88.8222,0
1668844,312,-88.8222,0
1668854,313,-88.68166,0
1668864,316,-88.26003,0
1668874,310,-89.10328,0
1668884,312,-88.8222,0
1668894,314,-88.54111,0
1668904,306,-89.66544,0
1668914,313,-88.68166,0
1668924,309,-89.24382,0
1668934,313,-88.68166,0
1668944,311,-88.96274,0
1668954,304,-89.94653,0
1668964,313,-88.68166,0
1668974,317,-88.11949,0
1668984,310,-89.10328,0
1668994,309,-89.24382,0
1669004,313,-88.68166,0
1669014,320,-87.69786,0
1669024,317,-88.11949,0
1669034,302,-90.22761,0
1669044,309,-89.24382,0
1669054,303,-90.08707,0
1669064,305,-89.80598,0
1669074,309,-89.24382,0
1669084,307,-89.5249,0
1669094,317,-88.11949,0
1669104,308,-89.38436,0
1669114,312,-88.8222,0
1669124,309,-89.24382,0
1669134,310,-89.10328,0
1669144,304,-89.94653,0
1669154,307,-89.5249,0
1669164,307,-89.5249,0
1669174,311,-88.96274,0
1669184,316,-88.26003,0
1669194,309,-89.24382,0
1669204,313,-88.68166,0
1669214,311,-88.96274,0
1669224,309,-89.24382,0
1669234,308,-89.38436,0
1669244,311,-88.96274,0
1669254,307,-89.5249,0
1669264,305,-89.80598,0
1669274,306,-89.66544,0
1669284,309,-89.24382,0
1669294,310,-89.10328,0
1669304,310,-89.10328,0
1669314,311,-88.96274,0
1669324,310,-89.10328,0
1669334,309,-89.24382,0
1669344,308,-89.38436,0
1669354,303,-90.08707,0
1669364,308,-89.38436,0
1669374,310,-89.10328,0
1669384,310,-89.10328,0
1669394,317,-88.11949,0
1669404,312,-88.8222,0
1669414,317,-88.11949,0
1669424,311,-88.96274,0
1669434,312,-88.8222,0
1669444,312,-88.8222,0
1669454,314,-88.54111,0
1669464,308,-89.38436,0
1669474,311,-88.96274,0
1669484,312,-88.8222,0
1669494,308,-89.38436,0
1669504,307,-89.5249,0
1669514,313,-88.68166,0
1669524,311,-88.96274,0
1669534,308,-89.38436,0
1669544,320,-87.69786,0
1669554,306,-89.66544,0
1669564,312,-88.8222,0
1669574,312,-88.8222,0
1669584,310,-89.10328,0
1669594,310,-89.10328,0
1669604,310,-89.10328,0
1669614,312,-88.8222,0
1669624,313,-88.68166,0
1669634,313,-88.68166,0
1669644,318,-87.97894,0
1669654,310,-89.10328,0
1669664,310,-89.10328,0
1669674,316,-88.26003,0
1669684,314,-88.54111,0
1669694,315,-88.40057,0
1669704,304,-89.94653,0
1669714,307,-89.5249,0
1669724,309,-89.24382,0
1669734,311,-88.96274,0
1669744,315,-88.40057,0
1669754,316,-88.26003,0
1669764,308,-89.38436,0
1669774,307,-89.5249,0
1669784,308,-89.38436,0
1669794,311,-88.96274,0
1669804,312,-88.8222,0
1669814,307,-89.5249,0
1669824,305,-89.80598,0
1669834,302,-90.22761,0
1669844,320,-87.69786,0
1669854,307,-89.5249,0
1669864,315,-88.40057,0
1669874,311,-88.96274,0
1669884,318,-87.97894,0
1669894,308,-89.38436,0
1669904,312,-88.8222,0
1669914,316,-88.26003,0
1669924,311,-88.96274,0
1669934,308,-89.38436,0
1669944,310,-89.10328,0
1669954,305,-89.80598,0
1669964,310,-89.10328,0
1669974,311,-88.96274,0
1669984,315,-88.40057,0
1669994,313,-88.68166,0
1670004,314,-88.54111,0
1670014,317,-88.11949,0
1670024,312,-88.8222,0
1670034,312,-88.8222,0
1670044,315,-88.40057,0
1670054,310,-89.10328,0
1670064,305,-89.80598,0
1670074,307,-89.5249,0
1670084,314,-88.54111,0
1670094,308,-89.38436,0
1670104,314,-88.54111,0
1670114,316,-88.26003,0
1670124,312,-88.8222,0
1670134,309,-89.24382,0
1670144,317,-88.11949,0
1670154,310,-89.10328,0
1670164,312,-88.8222,0
1670174,306,-89.66544,0
1670184,311,-88.96274,0
1670194,310,-89.10328,0
1670204,305,-89.80598,0
1670214,311,-88.96274,0
1670224,312,-88.8222,0
1670234,311,-88.96274,0
1670244,308,-89.38436,0
1670254,310,-89.10328,0
1670264,307,-89.5249,0
1670274,313,-88.68166,0
1670284,312,-88.8222,0
1670294,319,-87.83841,0
1670304,316,-88.26003,0
1670314,313,-88.68166,0
1670324,315,-88.40057,0
1670334,311,-88.96274,0
1670344,318,-87.97894,0
1670354,314,-88.54111,0
1670364,307,-89.5249,0
1670374,311,-88.96274,0
1670384,307,-89.5249,0
1670394,309,-89.24382,0
1670404,302,-90.22761,0
1670414,318,-87.97894,0
1670424,312,-88.8222,0
1670434,309,-89.24382,0
1670444,312,-88.8222,0
1670454,314,-88.54111,0
1670464,314,-88.54111,0
1670474,314,-88.54111,0
1670484,317,-88.11949,0
1670494,314,-88.54111,0
1670504,308,-89.38436,0
1670514,311,-88.96274,0
1670524,312,-88.8222,0
1670534,315,-88.40057,0
1670544,319,-87.83841,0
1670554,311,-88.96274,0
1670564,305,-89.80598,0
1670574,307,-89.5249,0
1670584,311,-88.96274,0
1670594,319,-87.83841,0
1670604,308,-89.38436,0
1670614,304,-89.94653,0
1670624,313,-88.68166,0
1670634,311,-88.96274,0
1670644,310,-89.10328,0
1670654,309,-89.24382,0
1670664,311,-88.96274,0
1670674,317,-88.11949,0
1670684,312,-88.8222,0
1670694,311,-88.96274,0
1670704,314,-88.54111,0
1670714,313,-88.68166,0
1670724,306,-89.66544,0
1670734,310,-89.10328,0
1670744,314,-88.54111,0
1670754,309,-89.24382,0
1670764,310,-89.10328,0
1670774,311,-88.96274,0
1670784,310,-89.10328,0
1670794,305,-89.80598,0
1670804,312,-88.8222,0
1670814,316,-88.26003,0
1670824,311,-88.96274,0
1670834,307,-89.5249,0
1670844,308,-89.38436,0
1670854,310,-89.10328,0
1670864,312,-88.8222,0
1670874,306,-89.66544,0
1670884,322,-87.41679,0
1670894,313,-88.68166,0
1670904,309,-89.24382,0
1670914,309,-89.24382,0
1670924,312,-88.8222,0
1670934,315,-88.40057,0
1670944,310,-89.10328,0
1670954,309,-89.24382,0
1670964,313,-88.68166,0
1670974,311,-88.96274,0
1670984,314,-88.54111,0
1670994,312,-88.8222,0
1671004,314,-88.54111,0
1671014,311,-88.96274,0
1671024,315,-88.40057,0
1671034,313,-88.68166,0
1671044,317,-88.11949,0
1671054,309,-89.24382,0
1671064,307,-89.5249,0
1671074,310,-89.10328,0
1671084,309,-89.24382,0
1671094,311,-88.96274,0
1671104,314,-88.54111,0
1671114,302,-90.22761,0
1671124,312,-88.8222,0
1671134,308,-89.38436,0
1671144,316,-88.26003,0
1671154,308,-89.38436,0
1671164,317,-88.11949,0
1671174,310,-89.10328,0
1671184,310,-89.10328,0
1671194,315,-88.40057,0
1671204,308,-89.38436,0
1671214,316,-88.26003,0
1671224,307,-89.5249,0
1671234,309,-89.24382,0
1671244,315,-88.40057,0
1671254,321,-87.55732,0
1671264,314,-88.54111,0
1671274,310,-89.10328,0
1671284,309,-89.24382,0
1671294,308,-89.38436,0
1671304,308,-89.38436,0
1671314,312,-88.8222,0
1671324,311,-88.96274,0
1671334,313,-88.68166,0
1671344,315,-88.40057,0
1671354,315,-88.40057,0
1671364,311,-88.96274,0
1671374,315,-88.40057,0
1671384,316,-88.26003,0
1671394,307,-89.5249,0
1671404,312,-88.8222,0
1671414,311,-88.96274,0
1671424,308,-89.38436,0
1671434,317,-88.11949,0
1671444,312,-88.8222,0
1671454,310,-89.10328,0
1671464,312,-88.8222,0
1671474,315,-88.40057,0
1671484,314,-88.54111,0
1671494,309,-89.24382,0
1671504,310,-89.10328,0
1671514,311,-88.96274,0
1671524,312,-88.8222,0
1671534,314,-88.54111,0
1671544,314,-88.54111,0
1671554,317,-88.11949,0
1671564,314,-88.54111,0
1671574,312,-88.8222,0
1671584,311,-88.96274,0
1671594,312,-88.8222,0
1671604,309,-89.24382,0
1671614,317,-88.11949,0
1671624,307,-89.5249,0
1671634,311,-88.96274,0
1671644,311,-88.96274,0
1671654,312,-88.8222,0
1671664,315,-88.40057,0
1671674,317,-88.11949,0
1671684,312,-88.8222,0
1671694,313,-88.68166,0
1671704,313,-88.68166,0
1671714,312,-88.8222,0
1671724,314,-88.54111,0
1671734,307,-89.5249,0
1671744,306,-89.66544,0
1671754,312,-88.8222,0
1671764,313,-88.68166,0
1671774,312,-88.8222,0
1671784,316,-88.26003,0
1671794,309,-89.24382,0
1671804,310,-89.10328,0
1671814,318,-87.97894,0
1671824,314,-88.54111,0
1671834,318,-87.97894,0
1671844,305,-89.80598,0
1671854,309,-89.24382,0
1671864,316,-88.26003,0
1671874,307,-89.5249,0
1671884,319,-87.83841,0
1671894,311,-88.96274,0
1671904,316,-88.26003,0
1671914,313,-88.68166,0
1671924,318,-87.97894,0
1671934,304,-89.94653,0
1671944,314,-88.54111,0
1671954,312,-88.8222,0
1671964,311,-88.96274,0
1671974,308,-89.38436,0
1671984,312,-88.8222,0
1671994,311,-88.96274,0
1672004,323,-87.27624,0
1672014,315,-88.40057,0
1672024,316,-88.26003,0
1672034,312,-88.8222,0
1672044,311,-88.96274,0
1672054,308,-89.38436,0
1672064,312,-88.8222,0
1672074,308,-89.38436,0
1672084,314,-88.54111,0
1672094,315,-88.40057,0
1672104,314,-88.54111,0
1672114,312,-88.8222,0
1672124,311,-88.96274,0
1672134,313,-88.68166,0
1672144,311,-88.96274,0
1672154,310,-89.10328,0
1672164,312,-88.8222,0
1672174,312,-88.8222,0
1672184,310,-89.10328,0
1672194,308,-89.38436,0
1672204,309,-89.24382,0
1672214,311,-88.96274,0
1672224,305,-89.80598,0
1672234,318,-87.97894,0
1672244,306,-89.66544,0
1672254,315,-88.40057,0
1672264,309,-89.24382,0
1672274,313,-88.68166,0
1672284,317,-88.11949,0
1672294,308,-89.38436,0
1672304,306,-89.66544,0
1672314,315,-88.40057,0
1672324,306,-89.66544,0
1672334,314,-88.54111,0
1672344,319,-87.83841,0
1672354,317,-88.11949,0
1672364,313,-88.68166,0
1672374,313,-88.68166,0
1672384,317,-88.11949,0
1672394,314,-88.54111,0
1672404,318,-87.97894,0
1672414,311,-88.96274,0
1672424,303,-90.08707,0
1672434,316,-88.26003,0
1672444,314,-88.54111,0
1672454,312,-88.8222,0
1672464,315,-88.40057,0
1672474,315,-88.40057,0
1672484,313,-88.68166,0
1672494,314,-88.54111,0
1672504,315,-88.40057,0
1672514,314,-88.54111,0
1672524,310,-89.10328,0
1672534,305,-89.80598,0
1672544,314,-88.54111,0
1672554,310,-89.10328,0
1672564,312,-88.8222,0
1672574,308,-89.38436,0
1672584,315,-88.40057,0
1672594,313,-88.68166,0
1672604,308,-89.38436,0
1672614,314,-88.54111,0
1672624,309,-89.24382,0
1672634,306,-89.66544,0
1672644,312,-88.8222,0
1672654,311,-88.96274,0
1672664,313,-88.68166,0
1672674,310,-89.10328,0
1672684,315,-88.40057,0
1672694,311,-88.96274,0
1672704,314,-88.54111,0
1672714,313,-88.68166,0
1672724,312,-88.8222,0
1672734,311,-88.96274,0
1672744,307,-89.5249,0
1672754,306,-89.66544,0
1672764,308,-89.38436,0
1672774,310,-89.10328,0
1672784,313,-88.68166,0
1672794,308,-89.38436,0
1672804,318,-87.97894,0
1672814,315,-88.40057,0
1672824,315,-88.40057,0
1672834,310,-89.10328,0
1672844,314,-88.54111,0
1672854,314,-88.54111,0
1672864,306,-89.66544,0
1672874,303,-90.08707,0
1672884,311,-88.96274,0
1672894,314,-88.54111,0
1672904,308,-89.38436,0
1672914,312,-88.8222,0
1672924,313,-88.68166,0
1672934,311,-88.96274,0
1672944,308,-89.38436,0
1672954,309,-89.24382,0
1672964,310,-89.10328,0
1672974,312,-88.8222,0
1672984,310,-89.10328,0
1672994,315,-88.40057,0
1673004,315,-88.40057,0
1673014,310,-89.10328,0
1673024,308,-89.38436,0
1673034,311,-88.96274,0
1673044,312,-88.8222,0
1673054,310,-89.10328,0
1673064,313,-88.68166,0
1673074,314,-88.54111,0
1673084,305,-89.80598,0
1673094,305,-89.80598,0
1673104,308,-89.38436,0
1673114,313,-88.68166,0
1673124,307,-89.5249,0
1673134,319,-87.83841,0
1673144,310,-89.10328,0
1673154,314,-88.54111,0
1673164,318,-87.97894,0
1673174,310,-89.10328,0
1673184,312,-88.8222,0
1673194,313,-88.68166,0
1673204,310,-89.10328,0
1673214,308,-89.38436,0
1673224,310,-89.10328,0
1673234,311,-88.96274,0
1673244,304,-89.94653,0
1673254,316,-88.26003,0
1673264,317,-88.11949,0
1673274,311,-88.96274,0
1673284,314,-88.54111,0
1673294,307,-89.5249,0
1673304,307,-89.5249,0
1673314,317,-88.11949,0
1673324,307,-89.5249,0
1673334,308,-89.38436,0
1673344,309,-89.24382,0
1673354,312,-88.8222,0
1673364,316,-88.26003,0
1673374,314,-88.54111,0
1673384,312,-88.8222,0
1673394,315,-88.40057,0
1673404,312,-88.8222,0
1673414,306,-89.66544,0
1673424,308,-89.38436,0
1673434,319,-87.83841,0
1673444,311,-88.96274,0
1673454,309,-89.24382,0
1673464,314,-88.54111,0
1673474,316,-88.26003,0
1673484,315,-88.40057,0
1673494,313,-88.68166,0
1673504,310,-89.10328,0
1673514,312,-88.8222,0
1673524,314,-88.54111,0
1673534,310,-89.10328,0
1673544,310,-89.10328,0
1673554,316,-88.26003,0
1673564,314,-88.54111,0
1673574,313,-88.68166,0
1673584,310,-89.10328,0
1673594,313,-88.68166,0
1673604,304,-89.94653,0
1673614,314,-88.54111,0
1673624,312,-88.8222,0
1673634,313,-88.68166,0
1673644,304,-89.94653,0
1673654,312,-88.8222,0
1673664,310,-89.10328,0
1673674,303,-90.08707,0
1673684,305,-89.80598,0
1673694,306,-89.66544,0
1673704,312,-88.8222,0
1673714,314,-88.54111,0
1673724,313,-88.68166,0
1673734,313,-88.68166,0
1673744,311,-88.96274,0
1673754,306,-89.66544,0
1673764,313,-88.68166,0
1673774,310,-89.10328,0
1673784,313,-88.68166,0
1673794,307,-89.5249,0
1673804,309,-89.24382,0
1673814,309,-89.24382,0
1673824,318,-87.97894,0
1673834,317,-88.11949,0
1673844,315,-88.40057,0
1673854,319,-87.83841,0
1673864,306,-89.66544,0
1673874,308,-89.38436,0
1673884,310,-89.10328,0
1673894,311,-88.96274,0
1673904,315,-88.40057,0
1673914,317,-88.11949,0
1673924,312,-88.8222,0
1673934,308,-89.38436,0
1673944,309,-89.24382,0
1673954,315,-88.40057,0
1673964,307,-89.5249,0
1673974,317,-88.11949,0
1673984,311,-88.96274,0
1673994,309,-89.24382,0
1674004,312,-88.8222,0
1674014,316,-88.26003,0
1674024,314,-88.54111,0
1674034,315,-88.40057,0
1674044,310,-89.10328,0
1674054,308,-89.38436,0
1674064,318,-87.97894,0
1674074,318,-87.97894,0
1674084,316,-88.26003,0
1674094,306,-89.66544,0
1674104,312,-88.8222,0
1674114,312,-88.8222,0
1674124,311,-88.96274,0
1674134,321,-87.55732,0
1674144,315,-88.40057,0
1674154,308,-89.38436,0
1674164,314,-88.54111,0
1674174,312,-88.8222,0
1674184,316,-88.26003,0
1674194,311,-88.96274,0
1674204,315,-88.40057,0
1674214,307,-89.5249,0
1674224,309,-89.24382,0
1674234,312,-88.8222,0
1674244,312,-88.8222,0
1674254,307,-89.5249,0
1674264,316,-88.26003,0
1674274,310,-89.10328,0
1674284,315,-88.40057,0
1674294,310,-89.10328,0
1674304,306,-89.66544,0
1674314,304,-89.94653,0
1674324,308,-89.38436,0
1674334,312,-88.8222,0
1674344,316,-88.26003,0
1674354,312,-88.8222,0
1674364,317,-88.11949,0
1674374,313,-88.68166,0
1674384,310,-89.10328,0
1674394,312,-88.8222,0
1674404,315,-88.40057,0
1674414,313,-88.68166,0
1674424,312,-88.8222,0
1674434,313,-88.68166,0
1674444,312,-88.8222,0
1674454,311,-88.96274,0
1674464,314,-88.54111,0
1674474,304,-89.94653,0
1674484,314,-88.54111,0
1674494,311,-88.96274,0
1674504,315,-88.40057,0
1674514,316,-88.26003,0
1674524,322,-87.41679,0
1674534,307,-89.5249,0
1674544,303,-90.08707,0
1674554,315,-88.40057,0
1674564,307,-89.5249,0
1674574,308,-89.38436,0
1674584,312,-88.8222,0
1674594,313,-88.68166,0
1674604,310,-89.10328,0
1674614,317,-88.11949,0
1674624,315,-88.40057,0
1674634,311,-88.96274,0
1674644,312,-88.8222,0
1674654,308,-89.38436,0
1674664,317,-88.11949,0
1674674,309,-89.24382,0
1674684,318,-87.97894,0
1674694,304,-89.94653,0
1674704,313,-88.68166,0
1674714,309,-89.24382,0
1674724,317,-88.11949,0
1674734,314,-88.54111,0
1674744,311,-88.96274,0
1674754,307,-89.5249,0
1674764,301,-90.36815,0
1674774,312,-88.8222,0
1674784,314,-88.54111,0
1674794,314,-88.54111,0
1674804,298,-90.78978,0
1674814,311,-88.96274,0
1674824,311,-88.96274,0
1674834,313,-88.68166,0
1674844,313,-88.68166,0
1674854,314,-88.54111,0
1674864,312,-88.8222,0
1674874,310,-89.10328,0
1674884,305,-89.80598,0
1674894,312,-88.8222,0
1674904,317,-88.11949,0
1674914,305,-89.80598,0
1674924,298,-90.78978,0
1674934,310,-89.10328,0
1674944,309,-89.24382,0
1674954,311,-88.96274,0
1674964,315,-88.40057,0
1674974,318,-87.97894,0
1674984,314,-88.54111,0
1674994,308,-89.38436,0
1675004,307,-89.5249,0
1675014,314,-88.54111,0
1675024,307,-89.5249,0
1675034,307,-89.5249,0
1675044,316,-88.26003,0
1675054,314,-88.54111,0
1675064,316,-88.26003,0
1675074,317,-88.11949,0
1675084,316,-88.26003,0
1675094,306,-89.66544,0
1675104,311,-88.96274,0
1675114,311,-88.96274,0
1675124,314,-88.54111,0
1675134,312,-88.8222,0
1675144,311,-88.96274,0
1675154,315,-88.40057,0
1675164,318,-87.97894,0
1675174,312,-88.8222,0
1675184,315,-88.40057,0
1675194,314,-88.54111,0
1675204,309,-89.24382,0
1675214,308,-89.38436,0
1675224,306,-89.66544,0
1675234,309,-89.24382,0
1675244,309,-89.24382,0
1675254,316,-88.26003,0
1675264,310,-89.10328,0
1675274,308,-89.38436,0
1675284,307,-89.5249,0
1675294,312,-88.8222,0
1675304,311,-88.96274,0
1675314,311,-88.96274,0
1675324,308,-89.38436,0
1675334,309,-89.24382,0
1675344,306,-89.66544,0
1675354,307,-89.5249,0
1675364,308,-89.38436,0
1675374,314,-88.54111,0
1675384,313,-88.68166,0
1675394,317,-88.11949,0
1675404,318,-87.97894,0
1675414,314,-88.54111,0
1675424,308,-89.38436,0
1675434,311,-88.96274,0
1675444,303,-90.08707,0
1675454,309,-89.24382,0
1675464,312,-88.8222,0
1675474,315,-88.40057,0
1675484,316,-88.26003,0
1675494,308,-89.38436,0
1675504,310,-89.10328,0
1675514,316,-88.26003,0
1675524,316,-88.26003,0
1675534,310,-89.10328,0
1675544,312,-88.8222,0
1675554,304,-89.94653,0
1675564,311,-88.96274,0
1675574,316,-88.26003,0
1675584,310,-89.10328,0
1675594,308,-89.38436,0
1675604,311,-88.96274,0
1675614,314,-88.54111,0
1675624,313,-88.68166,0
1675634,309,-89.24382,0
1675644,309,-89.24382,0
1675654,305,-89.80598,0
1675664,312,-88.8222,0
1675674,317,-88.11949,0
1675684,311,-88.96274,0
1675694,312,-88.8222,0
1675704,319,-87.83841,0
1675714,307,-89.5249,0
1675724,313,-88.68166,0
1675734,310,-89.10328,0
1675744,311,-88.96274,0
1675754,315,-88.40057,0
1675764,318,-87.97894,0
1675774,309,-89.24382,0
1675784,315,-88.40057,0
1675794,311,-88.96274,0
1675804,313,-88.68166,0
1675814,311,-88.96274,0
1675824,311,-88.96274,0
1675834,309,-89.24382,0
1675844,303,-90.08707,0
1675854,312,-88.8222,0
1675864,314,-88.54111,0
1675874,311,-88.96274,0
1675884,306,-89.66544,0
1675894,311,-88.96274,0
1675904,313,-88.68166,0
1675914,301,-90.36815,0
1675924,315,-88.40057,0
1675934,306,-89.66544,0
1675944,318,-87.97894,0
1675954,313,-88.68166,0
1675964,312,-88.8222,0
1675974,313,-88.68166,0
1675984,306,-89.66544,0
1675994,315,-88.40057,0
1676004,312,-88.8222,0
1676014,309,-89.24382,0
1676024,309,-89.24382,0
1676034,311,-88.96274,0
1676044,309,-89.24382,0
1676054,313,-88.68166,0
1676064,315,-88.40057,0
1676074,313,-88.68166,0
1676084,307,-89.5249,0
1676094,318,-87.97894,0
1676104,305,-89.80598,0
1676114,310,-89.10328,0
1676124,310,-89.10328,0
1676134,310,-89.10328,0
1676144,311,-88.96274,0
1676154,312,-88.8222,0
1676164,319,-87.83841,0
1676174,309,-89.24382,0
1676184,313,-88.68166,0
1676194,313,-88.68166,0
1676204,314,-88.54111,0
1676214,309,-89.24382,0
1676224,311,-88.96274,0
1676234,313,-88.68166,0
1676244,312,-88.8222,0
1676254,311,-88.96274,0
1676264,312,-88.8222,0
1676274,315,-88.40057,0
1676284,311,-88.96274,0
1676294,315,-88.40057,0
1676304,313,-88.68166,0
1676314,314,-88.54111,0
1676324,306,-89.66544,0
1676334,309,-89.24382,0
1676344,312,-88.8222,0
1676354,316,-88.26003,0
1676364,311,-88.96274,0
1676374,314,-88.54111,0
1676384,320,-87.69786,0
1676394,312,-88.8222,0
1676404,313,-88.68166,0
1676414,318,-87.97894,0
1676424,310,-89.10328,0
1676434,313,-88.68166,0
1676444,320,-87.69786,0
1676454,307,-89.5249,0
1676464,313,-88.68166,0
1676474,309,-89.24382,0
1676484,307,-89.5249,0
1676494,303,-90.08707,0
1676504,316,-88.26003,0
1676514,308,-89.38436,0
1676524,319,-87.83841,0
1676534,315,-88.40057,0
1676544,317,-88.11949,0
1676554,312,-88.8222,0
1676564,309,-89.24382,0
1676574,313,-88.68166,0
1676584,313,-88.68166,0
1676594,313,-88.68166,0
1676604,316,-88.26003,0
1676614,313,-88.68166,0
1676624,314,-88.54111,0
1676634,322,-87.41679,0
1676644,314,-88.54111,0
1676654,318,-87.97894,0
1676664,319,-87.83841,0
1676674,314,-88.54111,0
1676684,310,-89.10328,0
1676694,309,-89.24382,0
1676704,315,-88.40057,0
1676714,315,-88.40057,0
1676724,310,-89.10328,0
1676734,318,-87.97894,0
1676744,307,-89.5249,0
1676754,310,-89.10328,0
1676764,309,-89.24382,0
1676774,307,-89.5249,0
1676784,311,-88.96274,0
1676794,306,-89.66544,0
1676804,311,-88.96274,0
1676814,318,-87.97894,0
1676824,313,-88.68166,0
1676834,316,-88.26003,0
1676844,305,-89.80598,0
1676854,312,-88.8222,0
1676864,318,-87.97894,0
1676874,309,-89.24382,0
1676884,314,-88.54111,0
1676894,310,-89.10328,0
1676904,307,-89.5249,0
1676914,312,-88.8222,0
1676924,314,-88.54111,0
1676934,311,-88.96274,0
1676944,312,-88.8222,0
1676954,318,-87.97894,0
1676964,313,-88.68166,0
1676974,318,-87.97894,0
1676984,313,-88.68166,0
1676994,315,-88.40057,0
1677004,314,-88.54111,0
1677014,312,-88.8222,0
1677024,309,-89.24382,0
1677034,309,-89.24382,0
1677044,313,-88.68166,0
1677054,315,-88.40057,0
1677064,316,-88.26003,0
1677074,313,-88.68166,0
1677084,311,-88.96274,0
1677094,317,-88.11949,0
1677104,312,-88.8222,0
1677114,313,-88.68166,0
1677124,306,-89.66544,0
1677134,313,-88.68166,0
1677144,313,-88.68166,0
1677154,315,-88.40057,0
1677164,312,-88.8222,0
1677174,312,-88.8222,0
1677184,320,-87.69786,0
1677194,312,-88.8222,0
1677204,317,-88.11949,0
1677214,319,-87.83841,0
1677224,316,-88.26003,0
1677234,309,-89.24382,0
1677244,307,-89.5249,0
1677254,312,-88.8222,0
1677264,311,-88.96274,0
1677274,315,-88.40057,0
1677284,316,-88.26003,0
1677294,311,-88.96274,0
1677304,309,-89.24382,0
1677314,306,-89.66544,0
1677324,306,-89.66544,0
1677334,313,-88.68166,0
1677344,312,-88.8222,0
1677354,306,-89.66544,0
1677364,309,-89.24382,0
1677374,312,-88.8222,0
1677384,313,-88.68166,0
1677394,314,-88.54111,0
1677404,315,-88.40057,0
1677414,313,-88.68166,0
1677424,313,-88.68166,0
1677434,308,-89.38436,0
1677444,303,-90.08707,0
1677454,309,-89.24382,0
1677464,312,-88.8222,0
1677474,308,-89.38436,0
1677484,313,-88.68166,0
1677494,312,-88.8222,0
1677504,308,-89.38436,0
1677514,307,-89.5249,0
1677524,310,-89.10328,0
1677534,307,-89.5249,0
1677544,309,-89.24382,0
1677554,313,-88.68166,0
1677564,309,-89.24382,0
1677574,315,-88.40057,0
1677584,313,-88.68166,0
1677594,307,-89.5249,0
1677604,312,-88.8222,0
1677614,312,-88.8222,0
1677624,312,-88.8222,0
1677634,310,-89.10328,0
1677644,313,-88.68166,0
1677654,312,-88.8222,0
1677664,311,-88.96274,0
1677674,308,-89.38436,0
1677684,310,-89.10328,0
1677694,304,-89.94653,0
1677704,310,-89.10328,0
1677714,313,-88.68166,0
1677724,314,-88.54111,0
1677734,313,-88.68166,0
1677744,313,-88.68166,0
1677754,317,-88.11949,0
1677764,308,-89.38436,0
1677774,318,-87.97894,0
1677784,312,-88.8222,0
1677794,305,-89.80598,0
1677804,312,-88.8222,0
1677814,317,-88.11949,0
1677824,314,-88.54111,0
1677834,306,-89.66544,0
1677844,313,-88.68166,0
1677854,311,-88.96274,0
1677864,316,-88.26003,0
1677874,308,-89.38436,0
1677884,311,-88.96274,0
1677894,308,-89.38436,0
1677904,309,-89.24382,0
1677914,314,-88.54111,0
1677924,310,-89.10328,0
1677934,311,-88.96274,0
1677944,314,-88.54111,0
1677954,320,-87.69786,0
1677964,313,-88.68166,0
1677974,314,-88.54111,0
1677984,308,-89.38436,0
1677994,312,-88.8222,0
1678004,308,-89.38436,0
1678014,310,-89.10328,0
1678024,310,-89.10328,0
1678034,315,-88.40057,0
1678044,315,-88.40057,0
1678054,311,-88.96274,0
1678064,310,-89.10328,0
1678074,322,-87.41679,0
1678084,313,-88.68166,0
1678094,314,-88.54111,0
1678104,312,-88.8222,0
1678114,316,-88.26003,0
1678124,313,-88.68166,0
1678134,310,-89.10328,0
1678144,308,-89.38436,0
1678154,320,-87.69786,0
1678164,307,-89.5249,0
1678174,310,-89.10328,0
1678184,316,-88.26003,0
1678194,316,-88.26003,0
1678204,314,-88.54111,0
1678214,315,-88.40057,0
1678224,317,-88.11949,0
1678234,312,-88.8222,0
1678244,312,-88.8222,0
1678254,308,-89.38436,0
1678264,309,-89.24382,0
1678274,313,-88.68166,0
1678284,309,-89.24382,0
1678294,309,-89.24382,0
1678304,314,-88.54111,0
1678314,310,-89.10328,0
1678324,305,-89.80598,0
1678334,309,-89.24382,0
1678344,311,-88.96274,0
1678354,312,-88.8222,0
1678364,311,-88.96274,0
1678374,310,-89.10328,0
1678384,310,-89.10328,0
1678394,315,-88.40057,0
1678404,311,-88.96274,0
1678414,311,-88.96274,0
1678424,320,-87.69786,0
1678434,319,-87.83841,0
1678444,314,-88.54111,0
1678454,310,-89.10328,0
1678464,308,-89.38436,0
1678474,312,-88.8222,0
1678484,313,-88.68166,0
1678494,313,-88.68166,0
1678504,308,-89.38436,0
1678514,313,-88.68166,0
1678524,317,-88.11949,0
1678534,314,-88.54111,0
1678544,314,-88.54111,0
1678554,306,-89.66544,0
1678564,307,-89.5249,0
1678574,312,-88.8222,0
1678584,306,-89.66544,0
1678594,312,-88.8222,0
1678604,323,-87.27624,0
1678614,314,-88.54111,0
1678624,314,-88.54111,0
1678634,315,-88.40057,0
1678644,310,-89.10328,0
1678654,318,-87.97894,0
1678664,312,-88.8222,0
1678674,308,-89.38436,0
1678684,309,-89.24382,0
1678694,310,-89.10328,0
1678704,313,-88.68166,0
1678714,315,-88.40057,0
1678724,308,-89.38436,0
1678734,311,-88.96274,0
1678744,314,-88.54111,0
1678754,308,-89.38436,0
1678764,312,-88.8222,0
1678774,314,-88.54111,0
1678784,316,-88.26003,0
1678794,310,-89.10328,0
1678804,307,-89.5249,0
1678814,309,-89.24382,0
1678824,319,-87.83841,0
1678834,316,-88.26003,0
1678844,310,-89.10328,0
1678854,313,-88.68166,0
1678864,312,-88.8222,0
1678874,311,-88.96274,0
1678884,305,-89.80598,0
1678894,311,-88.96274,0
1678904,303,-90.08707,0
1678914,313,-88.68166,0
1678924,320,-87.69786,0
1678934,317,-88.11949,0
1678944,315,-88.40057,0
1678954,315,-88.40057,0
1678964,312,-88.8222,0
1678974,315,-88.40057,0
1678984,315,-88.40057,0
1678994,314,-88.54111,0
1679004,309,-89.24382,0
1679014,311,-88.96274,0
1679024,314,-88.54111,0
1679034,314,-88.54111,0
1679044,319,-87.83841,0
1679054,314,-88.54111,0
1679064,315,-88.40057,0
1679074,322,-87.41679,0
1679084,312,-88.8222,0
1679094,312,-88.8222,0
1679104,315,-88.40057,0
1679114,314,-88.54111,0
1679124,308,-89.38436,0
1679134,318,-87.97894,0
1679144,312,-88.8222,0
1679154,309,-89.24382,0
1679164,311,-88.96274,0
1679174,311,-88.96274,0
1679184,311,-88.96274,0
1679194,312,-88.8222,0
1679204,323,-87.27624,0
1679214,313,-88.68166,0
1679224,314,-88.54111,0
1679234,307,-89.5249,0
1679244,307,-89.5249,0
1679254,307,-89.5249,0
1679264,304,-89.94653,0
1679274,310,-89.10328,0
1679284,314,-88.54111,0
1679294,316,-88.26003,0
1679304,308,-89.38436,0
1679314,306,-89.66544,0
1679324,311,-88.96274,0
1679334,310,-89.10328,0
1679344,308,-89.38436,0
1679354,309,-89.24382,0
1679364,309,-89.24382,0
1679374,317,-88.11949,0
1679384,313,-88.68166,0
1679394,313,-88.68166,0
1679404,313,-88.68166,0
1679414,313,-88.68166,0
1679424,311,-88.96274,0
1679434,308,-89.38436,0
1679444,310,-89.10328,0
1679454,313,-88.68166,0
1679464,307,-89.5249,0
1679474,314,-88.54111,0
1679484,309,-89.24382,0
1679494,315,-88.40057,0
1679504,316,-88.26003,0
1679514,314,-88.54111,0
1679524,317,-88.11949,0
1679534,310,-89.10328,0
1679544,312,-88.8222,0
1679554,306,-89.66544,0
1679564,305,-89.80598,0
1679574,313,-88.68166,0
1679584,313,-88.68166,0
1679594,316,-88.26003,0
1679604,313,-88.68166,0
1679614,311,-88.96274,0
1679624,316,-88.26003,0
1679634,316,-88.26003,0
1679644,310,-89.10328,0
1679654,310,-89.10328,0
1679664,323,-87.27624,0
1679674,307,-89.5249,0
1679684,318,-87.97894,0
1679694,316,-88.26003,0
1679704,316,-88.26003,0
1679714,315,-88.40057,0
1679724,305,-89.80598,0
1679734,311,-88.96274,0
1679744,316,-88.26003,0
1679754,321,-87.55732,0
1679764,311,-88.96274,0
1679774,312,-88.8222,0
1679784,315,-88.40057,0
1679794,317,-88.11949,0
1679804,317,-88.11949,0
1679814,316,-88.26003,0
1679824,313,-88.68166,0
1679834,314,-88.54111,0
1679844,313,-88.68166,0
1679854,322,-87.41679,0
1679864,316,-88.26003,0
1679874,315,-88.40057,0
1679884,318,-87.97894,0
1679894,305,-89.80598,0
1679904,309,-89.24382,0
1679914,307,-89.5249,0
1679924,319,-87.83841,0
1679934,314,-88.54111,0
1679944,309,-89.24382,0
1679954,314,-88.54111,0
1679964,313,-88.68166,0
1679974,313,-88.68166,0
1679984,312,-88.8222,0
1679994,311,-88.96274,0
1680004,311,-88.96274,0
1680014,314,-88.54111,0
1680024,315,-88.40057,0
1680034,319,-87.83841,0
1680044,316,-88.26003,0
1680054,316,-88.26003,0
1680064,311,-88.96274,0
1680074,311,-88.96274,0
1680084,315,-88.40057,0
1680094,316,-88.26003,0
1680104,313,-88.68166,0
1680114,316,-88.26003,0
1680124,309,-89.24382,0
1680134,312,-88.8222,0
1680144,310,-89.10328,0
1680154,310,-89.10328,0
1680164,314,-88.54111,0
1680174,316,-88.26003,0
1680184,313,-88.68166,0
1680194,311,-88.96274,0
1680204,310,-89.10328,0
1680214,313,-88.68166,0
1680224,317,-88.11949,0
1680234,316,-88.26003,0
1680244,301,-90.36815,0
1680254,311,-88.96274,0
1680264,312,-88.8222,0
1680274,310,-89.10328,0
1680284,313,-88.68166,0
1680294,320,-87.69786,0
1680304,314,-88.54111,0
1680314,311,-88.96274,0
1680324,313,-88.68166,0
1680334,316,-88.26003,0
1680344,314,-88.54111,0
1680354,312,-88.8222,0
1680364,310,-89.10328,0
1680374,308,-89.38436,0
1680384,314,-88.54111,0
1680394,315,-88.40057,0
1680404,316,-88.26003,0
1680414,313,-88.68166,0
1680424,317,-88.11949,0
1680434,316,-88.26003,0
1680444,316,-88.26003,0
1680454,309,-89.24382,0
1680464,313,-88.68166,0
1680474,312,-88.8222,0
1680484,310,-89.10328,0
1680494,313,-88.68166,0
1680504,314,-88.54111,0
1680514,314,-88.54111,0
1680524,313,-88.68166,0
1680534,313,-88.68166,0
1680544,318,-87.97894,0
1680554,312,-88.8222,0
1680564,312,-88.8222,0
1680574,316,-88.26003,0
1680584,312,-88.8222,0
1680594,315,-88.40057,0
1680604,310,-89.10328,0
1680614,312,-88.8222,0
1680624,314,-88.54111,0
1680634,316,-88.26003,0
1680644,309,-89.24382,0
1680654,317,-88.11949,0
1680664,313,-88.68166,0
1680674,307,-89.5249,0
1680684,306,-89.66544,0
1680694,311,-88.96274,0
1680704,309,-89.24382,0
1680714,307,-89.5249,0
1680724,313,-88.68166,0
1680734,313,-88.68166,0
1680744,315,-88.40057,0
1680754,311,-88.96274,0
1680764,310,-89.10328,0
1680774,314,-88.54111,0
1680784,314,-88.54111,0
1680794,316,-88.26003,0
1680804,309,-89.24382,0
1680814,312,-88.8222,0
1680824,314,-88.54111,0
1680834,311,-88.96274,0
1680844,310,-89.10328,0
1680854,311,-88.96274,0
1680864,316,-88.26003,0
1680874,310,-89.10328,0
1680884,315,-88.40057,0
1680894,314,-88.54111,0
1680904,311,-88.96274,0
1680914,310,-89.10328,0
1680924,302,-90.22761,0
1680934,317,-88.11949,0
1680944,312,-88.8222,0
1680954,320,-87.69786,0
1680964,316,-88.26003,0
1680974,320,-87.69786,0
1680984,311,-88.96274,0
1680994,309,-89.24382,0
1681004,310,-89.10328,0
1681014,307,-89.5249,0
1681024,308,-89.38436,0
1681034,310,-89.10328,0
1681044,308,-89.38436,0
1681054,305,-89.80598,0
1681064,314,-88.54111,0
1681074,310,-89.10328,0
1681084,313,-88.68166,0
1681094,321,-87.55732,0
1681104,312,-88.8222,0
1681114,314,-88.54111,0
1681124,311,-88.96274,0
1681134,311,-88.96274,0
1681144,312,-88.8222,0
1681154,303,-90.08707,0
1681164,309,-89.24382,0
1681174,316,-88.26003,0
1681184,308,-89.38436,0
1681194,321,-87.55732,0
1681204,311,-88.96274,0
1681214,310,-89.10328,0
1681224,316,-88.26003,0
1681234,312,-88.8222,0
1681244,315,-88.40057,0
1681254,311,-88.96274,0
1681264,309,-89.24382,0
1681274,317,-88.11949,0
1681284,318,-87.97894,0
1681294,314,-88.54111,0
1681304,317,-88.11949,0
1681314,308,-89.38436,0
1681324,308,-89.38436,0
1681334,311,-88.96274,0
1681344,320,-87.69786,0
1681354,309,-89.24382,0
1681364,324,-87.1357,0
1681374,306,-89.66544,0
1681384,316,-88.26003,0
1681394,318,-87.97894,0
1681404,317,-88.11949,0
1681414,307,-89.5249,0
1681424,312,-88.8222,0
1681434,312,-88.8222,0
1681444,314,-88.54111,0
1681454,313,-88.68166,0
1681464,312,-88.8222,0
1681474,317,-88.11949,0
1681484,311,-88.96274,0
1681494,311,-88.96274,0
1681504,316,-88.26003,0
1681514,314,-88.54111,0
1681524,316,-88.26003,0
1681534,313,-88.68166,0
1681544,309,-89.24382,0
1681554,309,-89.24382,0
1681564,311,-88.96274,0
1681574,314,-88.54111,0
1681584,310,-89.10328,0
1681594,315,-88.40057,0
1681604,308,-89.38436,0
1681614,311,-88.96274,0
1681624,313,-88.68166,0
1681634,318,-87.97894,0
1681644,314,-88.54111,0
1681654,309,-89.24382,0
1681664,322,-87.41679,0
1681674,313,-88.68166,0
1681684,310,-89.10328,0
1681694,311,-88.96274,0
1681704,309,-89.24382,0
1681714,309,-89.24382,0
1681724,314,-88.54111,0
1681734,314,-88.54111,0
1681744,316,-88.26003,0
1681754,320,-87.69786,0
1681764,313,-88.68166,0
1681774,312,-88.8222,0
1681784,311,-88.96274,0
1681794,320,-87.69786,0
1681804,319,-87.83841,0
1681814,322,-87.41679,0
1681824,310,-89.10328,0
1681834,310,-89.10328,0
1681844,309,-89.24382,0
1681854,311,-88.96274,0
1681864,309,-89.24382,0
1681874,317,-88.11949,0
1681884,312,-88.8222,0
1681894,309,-89.24382,0
1681904,316,-88.26003,0
1681914,314,-88.54111,0
1681924,307,-89.5249,0
1681934,310,-89.10328,0
1681944,309,-89.24382,0
1681954,313,-88.68166,0
1681964,306,-89.66544,0
1681974,322,-87.41679,0
1681984,319,-87.83841,0
1681994,313,-88.68166,0
1682004,311,-88.96274,0
1682014,314,-88.54111,0
1682024,318,-87.97894,0
1682034,314,-88.54111,0
1682044,316,-88.26003,0
1682054,310,-89.10328,0
1682064,307,-89.5249,0
1682074,316,-88.26003,0
1682084,307,-89.5249,0
1682094,315,-88.40057,0
1682104,321,-87.55732,0
1682114,312,-88.8222,0
1682124,312,-88.8222,0
1682134,317,-88.11949,0
1682144,311,-88.96274,0
1682154,318,-87.97894,0
1682164,311,-88.96274,0
1682174,318,-87.97894,0
1682184,311,-88.96274,0
1682194,310,-89.10328,0
1682204,311,-88.96274,0
1682214,314,-88.54111,0
1682224,313,-88.68166,0
1682234,320,-87.69786,0
1682244,318,-87.97894,0
1682254,313,-88.68166,0
1682264,315,-88.40057,0
1682274,316,-88.26003,0
1682284,304,-89.94653,0
1682294,316,-88.26003,0
1682304,316,-88.26003,0
1682314,308,-89.38436,0
1682324,313,-88.68166,0
1682334,313,-88.68166,0
1682344,311,-88.96274,0
1682354,307,-89.5249,0
1682364,313,-88.68166,0
1682374,312,-88.8222,0
1682384,312,-88.8222,0
1682394,311,-88.96274,0
1682404,319,-87.83841,0
1682414,310,-89.10328,0
1682424,313,-88.68166,0
1682434,314,-88.54111,0
1682444,316,-88.26003,0
1682454,315,-88.40057,0
1682464,318,-87.97894,0
1682474,314,-88.54111,0
1682484,314,-88.54111,0
1682494,305,-89.80598,0
1682504,312,-88.8222,0
1682514,306,-89.66544,0
1682524,315,-88.40057,0
1682534,312,-88.8222,0
1682544,315,-88.40057,0
1682554,310,-89.10328,0
1682564,308,-89.38436,0
1682574,320,-87.69786,0
1682584,316,-88.26003,0
1682594,313,-88.68166,0
1682604,313,-88.68166,0
1682614,310,-89.10328,0
1682624,310,-89.10328,0
1682634,306,-89.66544,0
1682644,316,-88.26003,0
1682654,316,-88.26003,0
1682664,319,-87.83841,0
1682674,313,-88.68166,0
1682684,319,-87.83841,0
1682694,313,-88.68166,0
1682704,308,-89.38436,0
1682714,316,-88.26003,0
1682724,310,-89.10328,0
1682734,313,-88.68166,0
1682744,314,-88.54111,0
1682754,317,-88.11949,0
1682764,315,-88.40057,0
1682774,316,-88.26003,0
1682784,309,-89.24382,0
1682794,319,-87.83841,0
1682804,307,-89.5249,0
1682814,308,-89.38436,0
1682824,310,-89.10328,0
1682834,308,-89.38436,0
1682844,310,-89.10328,0
1682854,313,-88.68166,0
1682864,309,-89.24382,0
1682874,309,-89.24382,0
1682884,311,-88.96274,0
1682894,316,-88.26003,0
1682904,320,-87.69786,0
1682914,311,-88.96274,0
1682924,315,-88.40057,0
1682934,312,-88.8222,0
1682944,312,-88.8222,0
1682954,312,-88.8222,0
1682964,309,-89.24382,0
1682974,315,-88.40057,0
1682984,313,-88.68166,0
1682994,317,-88.11949,0
1683004,315,-88.40057,0
1683014,314,-88.54111,0
1683024,310,-89.10328,0
1683034,313,-88.68166,0
1683044,315,-88.40057,0
1683054,316,-88.26003,0
1683064,308,-89.38436,0
1683074,310,-89.10328,0
1683084,311,-88.96274,0
1683094,316,-88.26003,0
1683104,314,-88.54111,0
1683114,319,-87.83841,0
1683124,314,-88.54111,0
1683134,307,-89.5249,0
1683144,317,-88.11949,0
1683154,311,-88.96274,0
1683164,315,-88.40057,0
1683174,313,-88.68166,0
1683184,316,-88.26003,0
1683194,310,-89.10328,0
1683204,308,-89.38436,0
1683214,313,-88.68166,0
1683224,315,-88.40057,0
1683234,319,-87.83841,0
1683244,310,-89.10328,0
1683254,308,-89.38436,0
1683264,312,-88.8222,0
1683274,320,-87.69786,0
1683284,308,-89.38436,0
1683294,306,-89.66544,0
1683304,303,-90.08707,0
1683314,308,-89.38436,0
1683324,309,-89.24382,0
1683334,309,-89.24382,0
1683344,317,-88.11949,0
1683354,311,-88.96274,0
1683364,305,-89.80598,0
1683374,311,-88.96274,0
1683384,314,-88.54111,0
1683394,307,-89.5249,0
1683404,307,-89.5249,0
1683414,308,-89.38436,0
1683424,311,-88.96274,0
1683434,310,-89.10328,0
1683444,311,-88.96274,0
1683454,315,-88.40057,0
1683464,310,-89.10328,0
1683474,318,-87.97894,0
1683484,313,-88.68166,0
1683494,316,-88.26003,0
1683504,310,-89.10328,0
1683514,308,-89.38436,0
1683524,311,-88.96274,0
1683534,310,-89.10328,0
1683544,314,-88.54111,0
1683554,311,-88.96274,0
1683564,315,-88.40057,0
1683574,313,-88.68166,0
1683584,312,-88.8222,0
1683594,320,-87.69786,0
1683604,315,-88.40057,0
1683614,304,-89.94653,0
1683624,311,-88.96274,0
1683634,313,-88.68166,0
1683644,313,-88.68166,0
1683654,315,-88.40057,0
1683664,323,-87.27624,0
1683674,313,-88.68166,0
1683684,313,-88.68166,0
1683694,309,-89.24382,0
1683704,312,-88.8222,0
1683714,309,-89.24382,0
1683724,311,-88.96274,0
1683734,313,-88.68166,0
1683744,318,-87.97894,0
1683754,312,-88.8222,0
1683764,314,-88.54111,0
1683774,321,-87.55732,0
1683784,310,-89.10328,0
1683794,316,-88.26003,0
1683804,312,-88.8222,0
1683814,310,-89.10328,0
1683824,317,-88.11949,0
1683834,314,-88.54111,0
1683844,312,-88.8222,0
1683854,313,-88.68166,0
1683864,313,-88.68166,0
1683874,314,-88.54111,0
1683884,308,-89.38436,0
1683894,309,-89.24382,0
1683904,310,-89.10328,0
1683914,308,-89.38436,0
1683924,317,-88.11949,0
1683934,306,-89.66544,0
1683944,313,-88.68166,0
1683954,309,-89.24382,0
1683964,309,-89.24382,0
1683974,306,-89.66544,0
1683984,312,-88.8222,0
1683994,313,-88.68166,0
1684004,319,-87.83841,0
1684014,316,-88.26003,0
1684024,315,-88.40057,0
1684034,312,-88.8222,0
1684044,312,-88.8222,0
1684054,313,-88.68166,0
1684064,310,-89.10328,0
1684074,314,-88.54111,0
1684084,315,-88.40057,0
1684094,313,-88.68166,0
1684104,311,-88.96274,0
1684114,314,-88.54111,0
1684124,315,-88.40057,0
1684134,307,-89.5249,0
1684144,318,-87.97894,0
1684154,314,-88.54111,0
1684164,316,-88.26003,0
1684174,316,-88.26003,0
1684184,309,-89.24382,0
1684194,308,-89.38436,0
1684204,314,-88.54111,0
1684214,314,-88.54111,0
1684224,309,-89.24382,0
1684234,316,-88.26003,0
1684244,316,-88.26003,0
1684254,314,-88.54111,0
1684264,306,-89.66544,0
1684274,311,-88.96274,0
1684284,310,-89.10328,0
1684294,310,-89.10328,0
1684304,307,-89.5249,0
1684314,315,-88.40057,0
1684324,309,-89.24382,0
1684334,305,-89.80598,0
1684344,320,-87.69786,0
1684354,314,-88.54111,0
1684364,318,-87.97894,0
1684374,310,-89.10328,0
1684384,313,-88.68166,0
1684394,307,-89.5249,0
1684404,312,-88.8222,0
1684414,315,-88.40057,0
1684424,312,-88.8222,0
1684434,315,-88.40057,0
1684444,319,-87.83841,0
1684454,317,-88.11949,0
1684464,312,-88.8222,0
1684474,313,-88.68166,0
1684484,314,-88.54111,0
1684494,308,-89.38436,0
1684504,312,-88.8222,0
1684514,308,-89.38436,0
1684524,309,-89.24382,0
1684534,311,-88.96274,0
1684544,307,-89.5249,0
1684554,319,-87.83841,0
1684564,317,-88.11949,0
1684574,310,-89.10328,0
1684584,312,-88.8222,0
1684594,312,-88.8222,0
1684604,313,-88.68166,0
1684614,319,-87.83841,0
1684624,307,-89.5249,0
1684634,310,-89.10328,0
1684644,302,-90.22761,0
1684654,314,-88.54111,0
1684664,317,-88.11949,0
1684674,314,-88.54111,0
1684684,317,-88.11949,0
1684694,308,-89.38436,0
1684704,318,-87.97894,0
1684714,312,-88.8222,0
1684724,315,-88.40057,0
1684734,314,-88.54111,0
1684744,315,-88.40057,0
1684754,314,-88.54111,0
1684764,311,-88.96274,0
1684774,311,-88.96274,0
1684784,314,-88.54111,0
1684794,310,-89.10328,0
1684804,312,-88.8222,0
1684814,317,-88.11949,0
1684824,310,-89.10328,0
1684834,315,-88.40057,0
1684844,315,-88.40057,0
1684854,313,-88.68166,0
1684864,314,-88.54111,0
1684874,314,-88.54111,0
1684884,316,-88.26003,0
1684894,316,-88.26003,0
1684904,316,-88.26003,0
1684914,320,-87.69786,0
1684924,313,-88.68166,0
1684934,311,-88.96274,0
1684944,309,-89.24382,0
1684954,310,-89.10328,0
1684964,308,-89.38436,0
1684974,321,-87.55732,0
1684984,314,-88.54111,0
1684994,315,-88.40057,0
1685004,307,-89.5249,0
1685014,311,-88.96274,0
1685024,311,-88.96274,0
1685034,321,-87.55732,0
1685044,316,-88.26003,0
1685054,316,-88.26003,0
1685064,316,-88.26003,0
1685074,307,-89.5249,0
1685084,311,-88.96274,0
1685094,315,-88.40057,0
1685104,309,-89.24382,0
1685114,314,-88.54111,0
1685124,312,-88.8222,0
1685134,315,-88.40057,0
1685144,311,-88.96274,0
1685154,314,-88.54111,0
1685164,318,-87.97894,0
1685174,310,-89.10328,0
1685184,309,-89.24382,0
1685194,314,-88.54111,0
1685204,312,-88.8222,0
1685214,314,-88.54111,0
1685224,314,-88.54111,0
1685234,313,-88.68166,0
1685244,307,-89.5249,0
1685254,325,-86.99516,0
1685264,315,-88.40057,0
1685274,318,-87.97894,0
1685284,314,-88.54111,0
1685294,308,-89.38436,0
1685304,318,-87.97894,0
1685314,310,-89.10328,0
1685324,312,-88.8222,0
1685334,313,-88.68166,0
1685344,312,-88.8222,0
1685354,306,-89.66544,0
1685364,314,-88.54111,0
1685374,308,-89.38436,0
1685384,313,-88.68166,0
1685394,318,-87.97894,0
1685404,310,-89.10328,0
1685414,305,-89.80598,0
1685424,315,-88.40057,0
1685434,309,-89.24382,0
1685444,319,-87.83841,0
1685454,312,-88.8222,0
1685464,313,-88.68166,0
1685474,313,-88.68166,0
1685484,308,-89.38436,0
1685494,316,-88.26003,0
1685504,315,-88.40057,0
1685514,316,-88.26003,0
1685524,310,-89.10328,0
1685534,312,-88.8222,0
1685544,312,-88.8222,0
1685554,308,-89.38436,0
1685564,309,-89.24382,0
1685574,311,-88.96274,0
1685584,315,-88.40057,0
1685594,319,-87.83841,0
1685604,315,-88.40057,0
1685614,315,-88.40057,0
1685624,312,-88.8222,0
1685634,312,-88.8222,0
1685644,312,-88.8222,0
1685654,307,-89.5249,0
1685664,317,-88.11949,0
1685674,315,-88.40057,0
1685684,319,-87.83841,0
1685694,309,-89.24382,0
1685704,314,-88.54111,0
1685714,312,-88.8222,0
1685724,318,-87.97894,0
1685734,317,-88.11949,0
1685744,306,-89.66544,0
1685754,317,-88.11949,0
1685764,310,-89.10328,0
1685774,315,-88.40057,0
1685784,313,-88.68166,0
1685794,320,-87.69786,0
1685804,317,-88.11949,0
1685814,314,-88.54111,0
1685824,317,-88.11949,0
1685834,317,-88.11949,0
1685844,315,-88.40057,0
1685854,311,-88.96274,0
1685864,312,-88.8222,0
1685874,311,-88.96274,0
1685884,316,-88.26003,0
1685894,311,-88.96274,0
1685904,312,-88.8222,0
1685914,313,-88.68166,0
1685924,318,-87.97894,0
1685934,314,-88.54111,0
1685944,315,-88.40057,0
1685954,315,-88.40057,0
1685964,316,-88.26003,0
1685974,318,-87.97894,0
1685984,306,-89.66544,0
1685994,307,-89.5249,0
1686004,314,-88.54111,0
1686014,313,-88.68166,0
1686024,307,-89.5249,0
1686034,316,-88.26003,0
1686044,310,-89.10328,0
1686054,313,-88.68166,0
1686064,322,-87.41679,0
1686074,311,-88.96274,0
1686084,314,-88.54111,0
1686094,309,-89.24382,0
1686104,305,-89.80598,0
1686114,312,-88.8222,0
1686124,318,-87.97894,0
1686134,318,-87.97894,0
1686144,316,-88.26003,0
1686154,318,-87.97894,0
1686164,308,-89.38436,0
1686174,315,-88.40057,0
1686184,315,-88.40057,0
1686194,315,-88.40057,0
1686204,311,-88.96274,0
1686214,313,-88.68166,0
1686224,317,-88.11949,0
1686234,309,-89.24382,0
1686244,312,-88.8222,0
1686254,316,-88.26003,0
1686264,315,-88.40057,0
1686274,316,-88.26003,0
1686284,317,-88.11949,0
1686294,319,-87.83841,0
1686304,318,-87.97894,0
1686314,312,-88.8222,0
1686324,312,-88.8222,0
1686334,310,-89.10328,0
1686344,314,-88.54111,0
1686354,310,-89.10328,0
1686364,310,-89.10328,0
1686374,309,-89.24382,0
1686384,308,-89.38436,0
1686394,316,-88.26003,0
1686404,321,-87.55732,0
1686414,316,-88.26003,0
1686424,313,-88.68166,0
1686434,313,-88.68166,0
1686444,308,-89.38436,0
1686454,313,-88.68166,0
1686464,318,-87.97894,0
1686474,309,-89.24382,0
1686484,316,-88.26003,0
1686494,311,-88.96274,0
1686504,314,-88.54111,0
1686514,312,-88.8222,0
1686524,318,-87.97894,0
1686534,309,-89.24382,0
1686544,311,-88.96274,0
1686554,308,-89.38436,0
1686564,312,-88.8222,0
1686574,315,-88.40057,0
1686584,309,-89.24382,0
1686594,314,-88.54111,0
1686604,318,-87.97894,0
1686614,314,-88.54111,0
1686624,313,-88.68166,0
1686634,314,-88.54111,0
1686644,321,-87.55732,0
1686654,317,-88.11949,0
1686664,309,-89.24382,0
1686674,310,-89.10328,0
1686684,315,-88.40057,0
1686694,321,-87.55732,0
1686704,310,-89.10328,0
1686714,316,-88.26003,0
1686724,316,-88.26003,0
1686734,312,-88.8222,0
1686744,313,-88.68166,0
1686754,315,-88.40057,0
1686764,309,-89.24382,0
1686774,306,-89.66544,0
1686784,312,-88.8222,0
1686794,314,-88.54111,0
1686804,302,-90.22761,0
1686814,317,-88.11949,0
1686824,319,-87.83841,0
1686834,314,-88.54111,0
1686844,320,-87.69786,0
1686854,313,-88.68166,0
1686864,310,-89.10328,0
1686874,312,-88.8222,0
1686884,309,-89.24382,0
1686894,309,-89.24382,0
1686904,309,-89.24382,0
1686914,316,-88.26003,0
1686924,320,-87.69786,0
1686934,316,-88.26003,0
1686944,312,-88.8222,0
1686954,318,-87.97894,0
1686964,318,-87.97894,0
1686974,316,-88.26003,0
1686984,313,-88.68166,0
1686994,311,-88.96274,0
1687004,310,-89.10328,0
1687014,317,-88.11949,0
1687024,322,-87.41679,0
1687034,319,-87.83841,0
1687044,316,-88.26003,0
1687054,316,-88.26003,0
1687064,315,-88.40057,0
1687074,315,-88.40057,0
1687084,310,-89.10328,0
1687094,312,-88.8222,0
1687104,318,-87.97894,0
1687114,307,-89.5249,0
1687124,309,-89.24382,0
1687134,311,-88.96274,0
1687144,315,-88.40057,0
1687154,311,-88.96274,0
1687164,313,-88.68166,0
1687174,314,-88.54111,0
1687184,315,-88.40057,0
1687194,320,-87.69786,0
1687204,312,-88.8222,0
1687214,314,-88.54111,0
1687224,317,-88.11949,0
1687234,315,-88.40057,0
1687244,307,-89.5249,0
1687254,315,-88.40057,0
1687264,313,-88.68166,0
1687274,316,-88.26003,0
1687284,312,-88.8222,0
1687294,316,-88.26003,0
1687304,315,-88.40057,0
1687314,310,-89.10328,0
1687324,313,-88.68166,0
1687334,312,-88.8222,0
1687344,311,-88.96274,0
1687354,314,-88.54111,0
1687364,308,-89.38436,0
1687374,312,-88.8222,0
1687384,316,-88.26003,0
1687394,305,-89.80598,0
1687404,313,-88.68166,0
1687414,307,-89.5249,0
1687424,314,-88.54111,0
1687434,306,-89.66544,0
1687444,314,-88.54111,0
1687454,317,-88.11949,0
1687464,311,-88.96274,0
1687474,315,-88.40057,0
1687484,309,-89.24382,0
1687494,318,-87.97894,0
1687504,312,-88.8222,0
1687514,315,-88.40057,0
1687524,309,-89.24382,0
1687534,313,-88.68166,0
1687544,315,-88.40057,0
1687554,307,-89.5249,0
1687564,308,-89.38436,0
1687574,311,-88.96274,0
1687584,312,-88.8222,0
1687594,311,-88.96274,0
1687604,317,-88.11949,0
1687614,318,-87.97894,0
1687624,316,-88.26003,0
1687634,309,-89.24382,0
1687644,310,-89.10328,0
1687654,314,-88.54111,0
1687664,311,-88.96274,0
1687674,316,-88.26003,0
1687684,323,-87.27624,0
1687694,312,-88.8222,0
1687704,309,-89.24382,0
1687714,309,-89.24382,0
1687724,314,-88.54111,0
1687734,316,-88.26003,0
1687744,319,-87.83841,0
1687754,312,-88.8222,0
1687764,317,-88.11949,0
1687774,312,-88.8222,0
1687784,312,-88.8222,0
1687794,312,-88.8222,0
1687804,309,-89.24382,0
1687814,324,-87.1357,0
1687824,317,-88.11949,0
1687834,317,-88.11949,0
1687844,311,-88.96274,0
1687854,316,-88.26003,0
1687864,315,-88.40057,0
1687874,313,-88.68166,0
1687884,315,-88.40057,0
1687894,303,-90.08707,0
1687904,313,-88.68166,0
1687914,318,-87.97894,0
1687924,313,-88.68166,0
1687934,316,-88.26003,0
1687944,316,-88.26003,0
1687954,312,-88.8222,0
1687964,313,-88.68166,0
1687974,319,-87.83841,0
1687984,315,-88.40057,0
1687994,311,-88.96274,0
1688004,311,-88.96274,0
1688014,305,-89.80598,0
1688024,316,-88.26003,0
1688034,313,-88.68166,0
1688044,317,-88.11949,0
1688054,310,-89.10328,0
1688064,311,-88.96274,0
1688074,312,-88.8222,0
1688084,321,-87.55732,0
1688094,318,-87.97894,0
1688104,317,-88.11949,0
1688114,311,-88.96274,0
1688124,311,-88.96274,0
1688134,318,-87.97894,0
1688144,314,-88.54111,0
1688154,317,-88.11949,0
1688164,319,-87.83841,0
1688174,322,-87.41679,0
1688184,319,-87.83841,0
1688194,313,-88.68166,0
1688204,315,-88.40057,0
1688214,315,-88.40057,0
1688224,311,-88.96274,0
1688234,313,-88.68166,0
1688244,311,-88.96274,0
1688254,308,-89.38436,0
1688264,318,-87.97894,0
1688274,313,-88.68166,0
1688284,311,-88.96274,0
1688294,312,-88.8222,0
1688304,310,-89.10328,0
1688314,316,-88.26003,0
1688324,312,-88.8222,0
1688334,311,-88.96274,0
1688344,317,-88.11949,0
1688354,313,-88.68166,0
1688364,308,-89.38436,0
1688374,314,-88.54111,0
1688384,316,-88.26003,0
1688394,315,-88.40057,0
1688404,314,-88.54111,0
1688414,319,-87.83841,0
1688424,314,-88.54111,0
1688434,314,-88.54111,0
1688444,318,-87.97894,0
1688454,316,-88.26003,0
1688464,318,-87.97894,0
1688474,313,-88.68166,0
1688484,313,-88.68166,0
1688494,316,-88.26003,0
1688504,311,-88.96274,0
1688514,312,-88.8222,0
1688524,321,-87.55732,0
1688534,318,-87.97894,0
1688544,312,-88.8222,0
1688554,316,-88.26003,0
1688564,307,-89.5249,0
1688574,315,-88.40057,0
1688584,310,-89.10328,0
1688594,319,-87.83841,0
1688604,306,-89.66544,0
1688614,316,-88.26003,0
1688624,318,-87.97894,0
1688634,322,-87.41679,0
1688644,309,-89.24382,0
1688654,312,-88.8222,0
1688664,316,-88.26003,0
1688674,314,-88.54111,0
1688684,316,-88.26003,0
1688694,306,-89.66544,0
1688704,304,-89.94653,0
1688714,305,-89.80598,0
1688724,317,-88.11949,0
1688734,319,-87.83841,0
1688744,314,-88.54111,0
1688754,312,-88.8222,0
1688764,311,-88.96274,0
1688774,316,-88.26003,0
1688784,309,-89.24382,0
1688794,316,-88.26003,0
1688804,314,-88.54111,0
1688814,313,-88.68166,0
1688824,318,-87.97894,0
1688834,312,-88.8222,0
1688844,320,-87.69786,0
1688854,312,-88.8222,0
1688864,314,-88.54111,0
1688874,317,-88.11949,0
1688884,323,-87.27624,0
1688894,316,-88.26003,0
1688904,311,-88.96274,0
1688914,314,-88.54111,0
1688924,319,-87.83841,0
1688934,318,-87.97894,0
1688944,315,-88.40057,0
1688954,321,-87.55732,0
1688964,318,-87.97894,0
1688974,316,-88.26003,0
1688984,316,-88.26003,0
1688994,318,-87.97894,0
1689004,315,-88.40057,0
1689014,311,-88.96274,0
1689024,315,-88.40057,0
1689034,311,-88.96274,0
1689044,315,-88.40057,0
1689054,306,-89.66544,0
1689064,312,-88.8222,0
1689074,312,-88.8222,0
1689084,309,-89.24382,0
1689094,322,-87.41679,0
1689104,314,-88.54111,0
1689114,306,-89.66544,0
1689124,312,-88.8222,0
1689134,316,-88.26003,0
1689144,314,-88.54111,0
1689154,312,-88.8222,0
1689164,307,-89.5249,0
1689174,312,-88.8222,0
1689184,306,-89.66544,0
1689194,313,-88.68166,0
1689204,315,-88.40057,0
1689214,314,-88.54111,0
1689224,316,-88.26003,0
1689234,322,-87.41679,0
1689244,310,-89.10328,0
1689254,314,-88.54111,0
1689264,308,-89.38436,0
1689274,308,-89.38436,0
1689284,312,-88.8222,0
1689294,318,-87.97894,0
1689304,314,-88.54111,0
1689314,312,-88.8222,0
1689324,317,-88.11949,0
1689334,317,-88.11949,0
1689344,320,-87.69786,0
1689354,307,-89.5249,0
1689364,311,-88.96274,0
1689374,312,-88.8222,0
1689384,314,-88.54111,0
1689394,314,-88.54111,0
1689404,314,-88.54111,0
1689414,312,-88.8222,0
1689424,319,-87.83841,0
1689434,319,-87.83841,0
1689444,316,-88.26003,0
1689454,314,-88.54111,0
1689464,314,-88.54111,0
1689474,306,-89.66544,0
1689484,308,-89.38436,0
1689494,315,-88.40057,0
1689504,314,-88.54111,0
1689514,318,-87.97894,0
1689524,310,-89.10328,0
1689534,310,-89.10328,0
1689544,311,-88.96274,0
1689554,309,-89.24382,0
1689564,315,-88.40057,0
1689574,314,-88.54111,0
1689584,312,-88.8222,0
1689594,313,-88.68166,0
1689604,316,-88.26003,0
1689614,313,-88.68166,0
1689624,311,-88.96274,0
1689634,315,-88.40057,0
1689644,313,-88.68166,0
1689654,313,-88.68166,0
1689664,318,-87.97894,0
1689674,313,-88.68166,0
1689684,315,-88.40057,0
1689694,311,-88.96274,0
1689704,315,-88.40057,0
1689714,313,-88.68166,0
1689724,315,-88.40057,0
1689734,317,-88.11949,0
1689744,314,-88.54111,0
1689754,309,-89.24382,0
1689764,311,-88.96274,0
1689774,318,-87.97894,0
1689784,314,-88.54111,0
1689794,319,-87.83841,0
1689804,314,-88.54111,0
1689814,310,-89.10328,0
1689824,310,-89.10328,0
1689834,311,-88.96274,0
1689844,315,-88.40057,0
1689854,310,-89.10328,0
1689864,325,-86.99516,0
1689874,313,-88.68166,0
1689884,314,-88.54111,0
1689894,316,-88.26003,0
1689904,316,-88.26003,0
1689914,313,-88.68166,0
1689924,303,-90.08707,0
1689934,313,-88.68166,0
1689944,313,-88.68166,0
1689954,315,-88.40057,0
1689964,315,-88.40057,0
1689974,314,-88.54111,0
1689984,315,-88.40057,0
1689994,312,-88.8222,0
1690004,311,-88.96274,0
1690014,313,-88.68166,0
1690024,311,-88.96274,0
1690034,320,-87.69786,0
1690044,309,-89.24382,0
1690054,311,-88.96274,0
1690064,312,-88.8222,0
1690074,313,-88.68166,0
1690084,315,-88.40057,0
1690094,314,-88.54111,0
1690104,311,-88.96274,0
1690114,319,-87.83841,0
1690124,315,-88.40057,0
1690134,319,-87.83841,0
1690144,313,-88.68166,0
1690154,308,-89.38436,0
1690164,308,-89.38436,0
1690174,315,-88.40057,0
1690184,309,-89.24382,0
1690194,314,-88.54111,0
1690204,315,-88.40057,0
1690214,317,-88.11949,0
1690224,313,-88.68166,0
1690234,314,-88.54111,0
1690244,314,-88.54111,0
1690254,315,-88.40057,0
1690264,309,-89.24382,0
1690274,309,-89.24382,0
1690284,313,-88.68166,0
1690294,317,-88.11949,0
1690304,313,-88.68166,0
1690314,320,-87.69786,0
1690324,313,-88.68166,0
1690334,306,-89.66544,0
1690344,321,-87.55732,0
1690354,315,-88.40057,0
1690364,317,-88.11949,0
1690374,310,-89.10328,0
1690384,315,-88.40057,0
1690394,313,-88.68166,0
1690404,310,-89.10328,0
1690414,315,-88.40057,0
1690424,321,-87.55732,0
1690434,316,-88.26003,0
1690444,316,-88.26003,0
1690454,311,-88.96274,0
1690464,319,-87.83841,0
1690474,309,-89.24382,0
1690484,312,-88.8222,0
1690494,309,-89.24382,0
1690504,315,-88.40057,0
1690514,315,-88.40057,0
1690524,312,-88.8222,0
1690534,315,-88.40057,0
1690544,311,-88.96274,0
1690554,308,-89.38436,0
1690564,318,-87.97894,0
1690574,312,-88.8222,0
1690584,313,-88.68166,0
1690594,307,-89.5249,0
1690604,309,-89.24382,0
1690614,312,-88.8222,0
1690624,313,-88.68166,0
1690634,315,-88.40057,0
1690644,316,-88.26003,0
1690654,321,-87.55732,0
1690664,317,-88.11949,0
1690674,315,-88.40057,0
1690684,320,-87.69786,0
1690694,317,-88.11949,0
1690704,313,-88.68166,0
1690714,312,-88.8222,0
1690724,318,-87.97894,0
1690734,315,-88.40057,0
1690744,312,-88.8222,0
1690754,318,-87.97894,0
1690764,316,-88.26003,0
1690774,319,-87.83841,0
1690784,312,-88.8222,0
1690794,313,-88.68166,0
1690804,316,-88.26003,0
1690814,309,-89.24382,0
1690824,314,-88.54111,0
1690834,309,-89.24382,0
1690844,317,-88.11949,0
1690854,313,-88.68166,0
1690864,325,-86.99516,0
1690874,311,-88.96274,0
1690884,313,-88.68166,0
1690894,314,-88.54111,0
1690904,314,-88.54111,0
1690914,310,-89.10328,0
1690924,307,-89.5249,0
1690934,309,-89.24382,0
1690944,309,-89.24382,0
1690954,306,-89.66544,0
1690964,315,-88.40057,0
1690974,307,-89.5249,0
1690984,308,-89.38436,0
1690994,318,-87.97894,0
1691004,316,-88.26003,0
1691014,313,-88.68166,0
1691024,318,-87.97894,0
1691034,310,-89.10328,0
1691044,310,-89.10328,0
1691054,309,-89.24382,0
1691064,310,-89.10328,0
1691074,314,-88.54111,0
1691084,313,-88.68166,0
1691094,315,-88.40057,0
1691104,309,-89.24382,0
1691114,318,-87.97894,0
1691124,311,-88.96274,0
1691134,315,-88.40057,0
1691144,317,-88.11949,0
1691154,316,-88.26003,0
1691164,313,-88.68166,0
1691174,307,-89.5249,0
1691184,317,-88.11949,0
1691194,313,-88.68166,0
1691204,316,-88.26003,0
1691214,317,-88.11949,0
1691224,315,-88.40057,0
1691234,315,-88.40057,0
1691244,317,-88.11949,0
1691254,314,-88.54111,0
1691264,313,-88.68166,0
1691274,315,-88.40057,0
1691284,311,-88.96274,0
1691294,316,-88.26003,0
1691304,306,-89.66544,0
1691314,313,-88.68166,0
1691324,314,-88.54111,0
1691334,310,-89.10328,0
1691344,315,-88.40057,0
1691354,320,-87.69786,0
1691364,310,-89.10328,0
1691374,315,-88.40057,0
1691384,313,-88.68166,0
1691394,305,-89.80598,0
1691404,306,-89.66544,0
1691414,315,-88.40057,0
1691424,311,-88.96274,0
1691434,313,-88.68166,0
1691444,315,-88.40057,0
1691454,310,-89.10328,0
1691464,316,-88.26003,0
1691474,317,-88.11949,0
1691484,314,-88.54111,0
1691494,311,-88.96274,0
1691504,312,-88.8222,0
1691514,316,-88.26003,0
1691524,307,-89.5249,0
1691534,320,-87.69786,0
1691544,314,-88.54111,0
1691554,313,-88.68166,0
1691564,312,-88.8222,0
1691574,316,-88.26003,0
1691584,317,-88.11949,0
1691594,314,-88.54111,0
1691604,308,-89.38436,0
1691614,314,-88.54111,0
1691624,313,-88.68166,0
1691634,313,-88.68166,0
1691644,310,-89.10328,0
1691654,315,-88.40057,0
1691664,314,-88.54111,0
1691674,307,-89.5249,0
1691684,316,-88.26003,0
1691694,315,-88.40057,0
1691704,315,-88.40057,0
1691714,314,-88.54111,0
1691724,311,-88.96274,0
1691734,312,-88.8222,0
1691744,310,-89.10328,0
1691754,309,-89.24382,0
1691764,315,-88.40057,0
1691774,316,-88.26003,0
1691784,315,-88.40057,0
1691794,318,-87.97894,0
1691804,320,-87.69786,0
1691814,313,-88.68166,0
1691824,308,-89.38436,0
1691834,306,-89.66544,0
1691844,313,-88.68166,0
1691854,311,-88.96274,0
1691864,314,-88.54111,0
1691874,306,-89.66544,0
1691884,308,-89.38436,0
1691894,309,-89.24382,0
1691904,313,-88.68166,0
1691914,310,-89.10328,0
1691924,310,-89.10328,0
1691934,318,-87.97894,0
1691944,311,-88.96274,0
1691954,305,-89.80598,0
1691964,309,-89.24382,0
1691974,309,-89.24382,0
1691984,313,-88.68166,0
1691994,314,-88.54111,0
1692004,318,-87.97894,0
1692014,317,-88.11949,0
1692024,316,-88.26003,0
1692034,309,-89.24382,0
1692044,318,-87.97894,0
1692054,312,-88.8222,0
1692064,313,-88.68166,0
1692074,310,-89.10328,0
1692084,318,-87.97894,0
1692094,319,-87.83841,0
1692104,317,-88.11949,0
1692114,315,-88.40057,0
1692124,316,-88.26003,0
1692134,325,-86.99516,0
1692144,308,-89.38436,0
1692154,310,-89.10328,0
1692164,319,-87.83841,0
1692174,314,-88.54111,0
1692184,311,-88.96274,0
1692194,317,-88.11949,0
1692204,315,-88.40057,0
1692214,313,-88.68166,0
1692224,311,-88.96274,0
1692234,314,-88.54111,0
1692244,318,-87.97894,0
1692254,316,-88.26003,0
1692264,314,-88.54111,0
1692274,316,-88.26003,0
1692284,313,-88.68166,0
1692294,306,-89.66544,0
1692304,311,-88.96274,0
1692314,314,-88.54111,0
1692324,314,-88.54111,0
1692334,315,-88.40057,0
1692344,312,-88.8222,0
1692354,311,-88.96274,0
1692364,315,-88.40057,0
1692374,314,-88.54111,0
1692384,317,-88.11949,0
1692394,313,-88.68166,0
1692404,310,-89.10328,0
1692414,313,-88.68166,0
1692424,303,-90.08707,0
1692434,313,-88.68166,0
1692444,316,-88.26003,0
1692454,312,-88.8222,0
1692464,315,-88.40057,0
1692474,318,-87.97894,0
1692484,320,-87.69786,0
1692494,316,-88.26003,0
1692504,316,-88.26003,0
1692514,318,-87.97894,0
1692524,307,-89.5249,0
1692534,317,-88.11949,0
1692544,320,-87.69786,0
1692554,313,-88.68166,0
1692564,316,-88.26003,0
1692574,316,-88.26003,0
1692584,317,-88.11949,0
1692594,322,-87.41679,0
1692604,316,-88.26003,0
1692614,313,-88.68166,0
1692624,308,-89.38436,0
1692634,309,-89.24382,0
1692644,314,-88.54111,0
1692654,313,-88.68166,0
1692664,317,-88.11949,0
1692674,309,-89.24382,0
1692684,311,-88.96274,0
1692694,307,-89.5249,0
1692704,310,-89.10328,0
1692714,311,-88.96274,0
1692724,314,-88.54111,0
1692734,308,-89.38436,0
1692744,309,-89.24382,0
1692754,313,-88.68166,0
1692764,319,-87.83841,0
1692774,315,-88.40057,0
1692784,317,-88.11949,0
1692794,309,-89.24382,0
1692804,310,-89.10328,0
1692814,310,-89.10328,0
1692824,311,-88.96274,0
1692834,311,-88.96274,0
1692844,312,-88.8222,0
1692854,308,-89.38436,0
1692864,309,-89.24382,0
1692874,310,-89.10328,0
1692884,311,-88.96274,0
1692894,310,-89.10328,0
1692904,313,-88.68166,0
1692914,312,-88.8222,0
1692924,308,-89.38436,0
1692934,311,-88.96274,0
1692944,311,-88.96274,0
1692954,311,-88.96274,0
1692964,312,-88.8222,0
1692974,312,-88.8222,0
1692984,305,-89.80598,0
1692994,309,-89.24382,0
1693004,311,-88.96274,0
1693014,310,-89.10328,0
1693024,313,-88.68166,0
1693034,313,-88.68166,0
1693044,319,-87.83841,0
1693054,313,-88.68166,0
1693064,310,-89.10328,0
1693074,306,-89.66544,0
1693084,315,-88.40057,0
1693094,317,-88.11949,0
1693104,308,-89.38436,0
1693114,311,-88.96274,0
1693124,313,-88.68166,0
1693134,312,-88.8222,0
1693144,312,-88.8222,0
1693154,311,-88.96274,0
1693164,321,-87.55732,0
1693174,309,-89.24382,0
1693184,318,-87.97894,0
1693194,317,-88.11949,0
1693204,312,-88.8222,0
1693214,313,-88.68166,0
1693224,314,-88.54111,0
1693234,313,-88.68166,0
1693244,319,-87.83841,0
1693254,314,-88.54111,0
1693264,312,-88.8222,0
1693274,315,-88.40057,0
1693284,310,-89.10328,0
1693294,303,-90.08707,0
1693304,313,-88.68166,0
1693314,313,-88.68166,0
1693324,308,-89.38436,0
1693334,320,-87.69786,0
1693344,315,-88.40057,0
1693354,314,-88.54111,0
1693364,313,-88.68166,0
1693374,314,-88.54111,0
1693384,314,-88.54111,0
1693394,309,-89.24382,0
1693404,312,-88.8222,0
1693414,311,-88.96274,0
1693424,308,-89.38436,0
1693434,309,-89.24382,0
1693444,310,-89.10328,0
1693454,309,-89.24382,0
1693464,320,-87.69786,0
1693474,314,-88.54111,0
1693484,313,-88.68166,0
1693494,321,-87.55732,0
1693504,311,-88.96274,0
1693514,304,-89.94653,0
1693524,312,-88.8222,0
1693534,314,-88.54111,0
1693544,313,-88.68166,0
1693554,319,-87.83841,0
1693564,317,-88.11949,0
1693574,313,-88.68166,0
1693584,315,-88.40057,0
1693594,313,-88.68166,0
1693604,316,-88.26003,0
1693614,307,-89.5249,0
1693624,307,-89.5249,0
1693634,319,-87.83841,0
1693644,314,-88.54111,0
1693654,313,-88.68166,0
1693664,311,-88.96274,0
1693674,308,-89.38436,0
1693684,316,-88.26003,0
1693694,313,-88.68166,0
1693704,311,-88.96274,0
1693714,312,-88.8222,0
1693724,312,-88.8222,0
1693734,312,-88.8222,0
1693744,316,-88.26003,0
1693754,317,-88.11949,0
1693764,322,-87.41679,0
1693774,313,-88.68166,0
1693784,315,-88.40057,0
1693794,314,-88.54111,0
1693804,315,-88.40057,0
1693814,313,-88.68166,0
1693824,319,-87.83841,0
1693834,320,-87.69786,0
1693844,312,-88.8222,0
1693854,317,-88.11949,0
1693864,313,-88.68166,0
1693874,311,-88.96274,0
1693884,314,-88.54111,0
1693894,313,-88.68166,0
1693904,314,-88.54111,0
1693914,321,-87.55732,0
1693924,315,-88.40057,0
1693934,317,-88.11949,0
1693944,305,-89.80598,0
1693954,309,-89.24382,0
1693964,307,-89.5249,0
1693974,311,-88.96274,0
1693984,310,-89.10328,0
1693994,319,-87.83841,0
1694004,318,-87.97894,0
1694014,311,-88.96274,0
1694024,324,-87.1357,0
1694034,314,-88.54111,0
1694044,320,-87.69786,0
1694054,314,-88.54111,0
1694064,305,-89.80598,0
1694074,307,-89.5249,0
1694084,314,-88.54111,0
1694094,314,-88.54111,0
1694104,315,-88.40057,0
1694114,313,-88.68166,0
1694124,314,-88.54111,0
1694134,319,-87.83841,0
1694144,315,-88.40057,0
1694154,311,-88.96274,0
1694164,318,-87.97894,0
1694174,304,-89.94653,0
1694184,317,-88.11949,0
1694194,315,-88.40057,0
1694204,320,-87.69786,0
1694214,320,-87.69786,0
1694224,310,-89.10328,0
1694234,314,-88.54111,0
1694244,313,-88.68166,0
1694254,314,-88.54111,0
1694264,317,-88.11949,0
1694274,317,-88.11949,0
1694284,309,-89.24382,0
1694294,311,-88.96274,0
1694304,318,-87.97894,0
1694314,315,-88.40057,0
1694324,314,-88.54111,0
1694334,315,-88.40057,0
1694344,315,-88.40057,0
1694354,310,-89.10328,0
1694364,318,-87.97894,0
1694374,315,-88.40057,0
1694384,307,-89.5249,0
1694394,323,-87.27624,0
1694404,313,-88.68166,0
1694414,314,-88.54111,0
1694424,314,-88.54111,0
1694434,315,-88.40057,0
1694444,308,-89.38436,0
1694454,309,-89.24382,0
1694464,315,-88.40057,0
1694474,316,-88.26003,0
1694484,313,-88.68166,0
1694494,317,-88.11949,0
1694504,308,-89.38436,0
1694514,311,-88.96274,0
1694524,316,-88.26003,0
1694534,308,-89.38436,0
1694544,312,-88.8222,0
1694554,316,-88.26003,0
1694564,315,-88.40057,0
1694574,311,-88.96274,0
1694584,318,-87.97894,0
1694594,311,-88.96274,0
1694604,317,-88.11949,0
1694614,310,-89.10328,0
1694624,313,-88.68166,0
1694634,314,-88.54111,0
1694644,310,-89.10328,0
1694654,319,-87.83841,0
1694664,315,-88.40057,0
1694674,317,-88.11949,0
1694684,314,-88.54111,0
1694694,304,-89.94653,0
1694704,312,-88.8222,0
1694714,321,-87.55732,0
1694724,316,-88.26003,0
1694734,315,-88.40057,0
1694744,313,-88.68166,0
1694754,315,-88.40057,0
1694764,317,-88.11949,0
1694774,314,-88.54111,0
1694784,316,-88.26003,0
1694794,323,-87.27624,0
1694804,310,-89.10328,0
1694814,312,-88.8222,0
1694824,312,-88.8222,0
1694834,314,-88.54111,0
1694844,318,-87.97894,0
1694854,311,-88.96274,0
1694864,317,-88.11949,0
1694874,308,-89.38436,0
1694884,317,-88.11949,0
1694894,309,-89.24382,0
1694904,318,-87.97894,0
1694914,312,-88.8222,0
1694924,316,-88.26003,0
1694934,313,-88.68166,0
1694944,317,-88.11949,0
1694954,321,-87.55732,0
1694964,310,-89.10328,0
1694974,316,-88.26003,0
1694984,315,-88.40057,0
1694994,312,-88.8222,0
1695004,316,-88.26003,0
1695014,314,-88.54111,0
1695024,313,-88.68166,0
1695034,316,-88.26003,0
1695044,320,-87.69786,0
1695054,322,-87.41679,0
1695064,312,-88.8222,0
1695074,310,-89.10328,0
1695084,307,-89.5249,0
1695094,312,-88.8222,0
1695104,320,-87.69786,0
1695114,321,-87.55732,0
1695124,320,-87.69786,0
1695134,318,-87.97894,0
1695144,312,-88.8222,0
1695154,312,-88.8222,0
1695164,310,-89.10328,0
1695174,317,-88.11949,0
1695184,323,-87.27624,0
1695194,314,-88.54111,0
1695204,315,-88.40057,0
1695214,309,-89.24382,0
1695224,320,-87.69786,0
1695234,314,-88.54111,0
1695244,310,-89.10328,0
1695254,312,-88.8222,0
1695264,319,-87.83841,0
1695274,309,-89.24382,0
1695284,315,-88.40057,0
1695294,313,-88.68166,0
1695304,313,-88.68166,0
1695314,311,-88.96274,0
1695324,308,-89.38436,0
1695334,313,-88.68166,0
1695344,305,-89.80598,0
1695354,311,-88.96274,0
1695364,313,-88.68166,0
1695374,323,-87.27624,0
1695384,313,-88.68166,0
1695394,317,-88.11949,0
1695404,313,-88.68166,0
1695414,311,-88.96274,0
1695424,316,-88.26003,0
1695434,311,-88.96274,0
1695444,311,-88.96274,0
1695454,317,-88.11949,0
1695464,315,-88.40057,0
1695474,318,-87.97894,0
1695484,317,-88.11949,0
1695494,311,-88.96274,0
1695504,308,-89.38436,0
1695514,313,-88.68166,0
1695524,321,-87.55732,0
1695534,311,-88.96274,0
1695544,314,-88.54111,0
1695554,315,-88.40057,0
1695564,317,-88.11949,0
1695574,315,-88.40057,0
1695584,315,-88.40057,0
1695594,311,-88.96274,0
1695604,316,-88.26003,0
1695614,317,-88.11949,0
1695624,316,-88.26003,0
1695634,316,-88.26003,0
1695644,312,-88.8222,0
1695654,312,-88.8222,0
1695664,311,-88.96274,0
1695674,314,-88.54111,0
1695684,314,-88.54111,0
1695694,309,-89.24382,0
1695704,311,-88.96274,0
1695714,308,-89.38436,0
1695724,316,-88.26003,0
1695734,307,-89.5249,0
1695744,315,-88.40057,0
1695754,312,-88.8222,0
1695764,315,-88.40057,0
1695774,313,-88.68166,0
1695784,314,-88.54111,0
1695794,311,-88.96274,0
1695804,312,-88.8222,0
1695814,319,-87.83841,0
1695824,312,-88.8222,0
1695834,321,-87.55732,0
1695844,317,-88.11949,0
1695854,311,-88.96274,0
1695864,315,-88.40057,0
1695874,314,-88.54111,0
1695884,311,-88.96274,0
1695894,314,-88.54111,0
1695904,325,-86.99516,0
1695914,312,-88.8222,0
1695924,308,-89.38436,0
1695934,319,-87.83841,0
1695944,316,-88.26003,0
1695954,313,-88.68166,0
1695964,315,-88.40057,0
1695974,321,-87.55732,0
1695984,316,-88.26003,0
1695994,317,-88.11949,0
1696004,314,-88.54111,0
1696014,313,-88.68166,0
1696024,318,-87.97894,0
1696034,317,-88.11949,0
1696044,319,-87.83841,0
1696054,318,-87.97894,0
1696064,313,-88.68166,0
1696074,313,-88.68166,0
1696084,313,-88.68166,0
1696094,319,-87.83841,0
1696104,319,-87.83841,0
1696114,314,-88.54111,0
1696124,310,-89.10328,0
1696134,316,-88.26003,0
1696144,307,-89.5249,0
1696154,314,-88.54111,0
1696164,314,-88.54111,0
1696174,316,-88.26003,0
1696184,315,-88.40057,0
1696194,309,-89.24382,0
1696204,320,-87.69786,0
1696214,311,-88.96274,0
1696224,313,-88.68166,0
1696234,312,-88.8222,0
1696244,310,-89.10328,0
1696254,310,-89.10328,0
1696264,312,-88.8222,0
1696274,317,-88.11949,0
1696284,316,-88.26003,0
1696294,310,-89.10328,0
1696304,315,-88.40057,0
1696314,325,-86.99516,0
1696324,310,-89.10328,0
1696334,317,-88.11949,0
1696344,312,-88.8222,0
1696354,312,-88.8222,0
1696364,317,-88.11949,0
1696374,319,-87.83841,0
1696384,315,-88.40057,0
1696394,312,-88.8222,0
1696404,317,-88.11949,0
1696414,318,-87.97894,0
1696424,316,-88.26003,0
1696434,313,-88.68166,0
1696444,311,-88.96274,0
1696454,309,-89.24382,0
1696464,311,-88.96274,0
1696474,317,-88.11949,0
1696484,314,-88.54111,0
1696494,313,-88.68166,0
1696504,316,-88.26003,0
1696514,312,-88.8222,0
1696524,314,-88.54111,0
1696534,311,-88.96274,0
1696544,312,-88.8222,0
1696554,316,-88.26003,0
1696564,310,-89.10328,0
1696574,309,-89.24382,0
1696584,313,-88.68166,0
1696594,317,-88.11949,0
1696604,310,-89.10328,0
1696614,309,-89.24382,0
1696624,309,-89.24382,0
1696634,315,-88.40057,0
1696644,311,-88.96274,0
1696654,322,-87.41679,0
1696664,315,-88.40057,0
1696674,310,-89.10328,0
1696684,308,-89.38436,0
1696694,310,-89.10328,0
1696704,315,-88.40057,0
1696714,314,-88.54111,0
1696724,319,-87.83841,0
1696734,317,-88.11949,0
1696744,316,-88.26003,0
1696754,317,-88.11949,0
1696764,318,-87.97894,0
1696774,304,-89.94653,0
1696784,312,-88.8222,0
1696794,312,-88.8222,0
1696804,315,-88.40057,0
1696814,320,-87.69786,0
1696824,310,-89.10328,0
1696834,320,-87.69786,0
1696844,311,-88.96274,0
1696854,319,-87.83841,0
1696864,315,-88.40057,0
1696874,313,-88.68166,0
1696884,312,-88.8222,0
1696894,313,-88.68166,0
1696904,307,-89.5249,0
1696914,310,-89.10328,0
1696924,316,-88.26003,0
1696934,319,-87.83841,0
1696944,316,-88.26003,0
1696954,313,-88.68166,0
1696964,319,-87.83841,0
1696974,311,-88.96274,0
1696984,316,-88.26003,0
1696994,313,-88.68166,0
1697004,313,-88.68166,0
1697014,309,-89.24382,0
1697024,321,-87.55732,0
1697034,317,-88.11949,0
1697044,317,-88.11949,0
1697054,311,-88.96274,0
1697064,317,-88.11949,0
1697074,318,-87.97894,0
1697084,315,-88.40057,0
1697094,315,-88.40057,0
1697104,314,-88.54111,0
1697114,320,-87.69786,0
1697124,313,-88.68166,0
1697134,312,-88.8222,0
1697144,314,-88.54111,0
1697154,314,-88.54111,0
1697164,314,-88.54111,0
1697174,315,-88.40057,0
1697184,312,-88.8222,0
1697194,315,-88.40057,0
1697204,318,-87.97894,0
1697214,316,-88.26003,0
1697224,311,-88.96274,0
1697234,303,-90.08707,0
1697244,315,-88.40057,0
1697254,314,-88.54111,0
1697264,314,-88.54111,0
1697274,319,-87.83841,0
1697284,315,-88.40057,0
1697294,319,-87.83841,0
1697304,315,-88.40057,0
1697314,317,-88.11949,0
1697324,318,-87.97894,0
1697334,316,-88.26003,0
1697344,306,-89.66544,0
1697354,313,-88.68166,0
1697364,312,-88.8222,0
1697374,309,-89.24382,0
1697384,317,-88.11949,0
1697394,312,-88.8222,0
1697404,318,-87.97894,0
1697414,308,-89.38436,0
1697424,312,-88.8222,0
1697434,317,-88.11949,0
1697444,313,-88.68166,0
1697454,309,-89.24382,0
1697464,308,-89.38436,0
1697474,313,-88.68166,0
1697484,317,-88.11949,0
1697494,315,-88.40057,0
1697504,318,-87.97894,0
1697514,314,-88.54111,0
1697524,319,-87.83841,0
1697534,310,-89.10328,0
1697544,320,-87.69786,0
1697554,320,-87.69786,0
1697564,317,-88.11949,0
1697574,311,-88.96274,0
1697584,316,-88.26003,0
1697594,310,-89.10328,0
1697604,316,-88.26003,0
1697614,319,-87.83841,0
1697624,311,-88.96274,0
1697634,317,-88.11949,0
1697644,313,-88.68166,0
1697654,318,-87.97894,0
1697664,316,-88.26003,0
1697674,314,-88.54111,0
1697684,314,-88.54111,0
1697694,311,-88.96274,0
1697704,318,-87.97894,0
1697714,314,-88.54111,0
1697724,306,-89.66544,0
1697734,313,-88.68166,0
1697744,310,-89.10328,0
1697754,319,-87.83841,0
1697764,313,-88.68166,0
1697774,314,-88.54111,0
1697784,313,-88.68166,0
1697794,314,-88.54111,0
1697804,309,-89.24382,0
1697814,313,-88.68166,0
1697824,317,-88.11949,0
1697834,314,-88.54111,0
1697844,310,-89.10328,0
1697854,320,-87.69786,0
1697864,313,-88.68166,0
1697874,321,-87.55732,0
1697884,317,-88.11949,0
1697894,309,-89.24382,0
1697904,314,-88.54111,0
1697914,315,-88.40057,0
1697924,314,-88.54111,0
1697934,321,-87.55732,0
1697944,314,-88.54111,0
1697954,321,-87.55732,0
1697964,316,-88.26003,0
1697974,317,-88.11949,0
1697984,314,-88.54111,0
1697994,305,-89.80598,0
1698004,312,-88.8222,0
1698014,310,-89.10328,0
1698024,310,-89.10328,0
1698034,316,-88.26003,0
1698044,311,-88.96274,0
1698054,314,-88.54111,0
1698064,314,-88.54111,0
1698074,314,-88.54111,0
1698084,315,-88.40057,0
1698094,320,-87.69786,0
1698104,320,-87.69786,0
1698114,320,-87.69786,0
1698124,313,-88.68166,0
1698134,313,-88.68166,0
1698144,311,-88.96274,0
1698154,315,-88.40057,0
1698164,314,-88.54111,0
1698174,318,-87.97894,0
1698184,318,-87.97894,0
1698194,316,-88.26003,0
1698204,305,-89.80598,0
1698214,315,-88.40057,0
1698224,314,-88.54111,0
1698234,315,-88.40057,0
1698244,309,-89.24382,0
1698254,312,-88.8222,0
1698264,314,-88.54111,0
1698274,319,-87.83841,0
1698284,314,-88.54111,0
1698294,315,-88.40057,0
1698304,316,-88.26003,0
1698314,315,-88.40057,0
1698324,314,-88.54111,0
1698334,316,-88.26003,0
1698344,321,-87.55732,0
1698354,308,-89.38436,0
1698364,307,-89.5249,0
1698374,313,-88.68166,0
1698384,315,-88.40057,0
1698394,315,-88.40057,0
1698404,317,-88.11949,0
1698414,312,-88.8222,0
1698424,315,-88.40057,0
1698434,311,-88.96274,0
1698444,319,-87.83841,0
1698454,316,-88.26003,0
1698464,311,-88.96274,0
1698474,316,-88.26003,0
1698484,317,-88.11949,0
1698494,314,-88.54111,0
1698504,314,-88.54111,0
1698514,315,-88.40057,0
1698524,319,-87.83841,0
1698534,313,-88.68166,0
1698544,310,-89.10328,0
1698554,317,-88.11949,0
1698564,316,-88.26003,0
1698574,309,-89.24382,0
1698584,314,-88.54111,0
1698594,316,-88.26003,0
1698604,314,-88.54111,0
1698614,315,-88.40057,0
1698624,315,-88.40057,0
1698634,313,-88.68166,0
1698644,318,-87.97894,0
1698654,319,-87.83841,0
1698664,314,-88.54111,0
1698674,312,-88.8222,0
1698684,317,-88.11949,0
1698694,312,-88.8222,0
1698704,315,-88.40057,0
1698714,313,-88.68166,0
1698724,316,-88.26003,0
1698734,316,-88.26003,0
1698744,314,-88.54111,0
1698754,313,-88.68166,0
1698764,315,-88.40057,0
1698774,311,-88.96274,0
1698784,317,-88.11949,0
1698794,316,-88.26003,0
1698804,315,-88.40057,0
1698814,310,-89.10328,0
1698824,316,-88.26003,0
1698834,312,-88.8222,0
1698844,309,-89.24382,0
1698854,318,-87.97894,0
1698864,317,-88.11949,0
1698874,316,-88.26003,0
1698884,309,-89.24382,0
1698894,311,-88.96274,0
1698904,317,-88.11949,0
1698914,317,-88.11949,0
1698924,314,-88.54111,0
1698934,312,-88.8222,0
1698944,314,-88.54111,0
1698954,322,-87.41679,0
1698964,312,-88.8222,0
1698974,311,-88.96274,0
1698984,313,-88.68166,0
1698994,320,-87.69786,0
1699004,319,-87.83841,0
1699014,312,-88.8222,0
1699024,309,-89.24382,0
1699034,312,-88.8222,0
1699044,313,-88.68166,0
1699054,310,-89.10328,0
1699064,305,-89.80598,0
1699074,316,-88.26003,0
1699084,313,-88.68166,0
1699094,309,-89.24382,0
1699104,315,-88.40057,0
1699114,316,-88.26003,0
1699124,309,-89.24382,0
1699134,307,-89.5249,0
1699144,315,-88.40057,0
1699154,317,-88.11949,0
1699164,318,-87.97894,0
1699174,317,-88.11949,0
1699184,319,-87.83841,0
1699194,313,-88.68166,0
1699204,307,-89.5249,0
1699214,317,-88.11949,0
1699224,314,-88.54111,0
1699234,316,-88.26003,0
1699244,313,-88.68166,0
1699254,312,-88.8222,0
1699264,313,-88.68166,0
1699274,307,-89.5249,0
1699284,311,-88.96274,0
1699294,313,-88.68166,0
1699304,311,-88.96274,0
1699314,317,-88.11949,0
1699324,316,-88.26003,0
1699334,303,-90.08707,0
1699344,314,-88.54111,0
1699354,313,-88.68166,0
1699364,316,-88.26003,0
1699374,311,-88.96274,0
1699384,316,-88.26003,0
1699394,316,-88.26003,0
1699404,309,-89.24382,0
1699414,311,-88.96274,0
1699424,321,-87.55732,0
1699434,315,-88.40057,0
1699444,314,-88.54111,0
1699454,317,-88.11949,0
1699464,315,-88.40057,0
1699474,310,-89.10328,0
1699484,311,-88.96274,0
1699494,312,-88.8222,0
1699504,314,-88.54111,0
1699514,314,-88.54111,0
1699524,314,-88.54111,0
1699534,317,-88.11949,0
1699544,318,-87.97894,0
1699554,312,-88.8222,0
1699564,310,-89.10328,0
1699574,316,-88.26003,0
1699584,310,-89.10328,0
1699594,313,-88.68166,0
1699604,312,-88.8222,0
1699614,313,-88.68166,0
1699624,316,-88.26003,0
1699634,312,-88.8222,0
1699644,310,-89.10328,0
1699654,322,-87.41679,0
1699664,308,-89.38436,0
1699674,321,-87.55732,0
1699684,314,-88.54111,0
1699694,318,-87.97894,0
1699704,314,-88.54111,0
1699714,306,-89.66544,0
1699724,313,-88.68166,0
1699734,314,-88.54111,0
1699744,325,-86.99516,0
1699754,307,-89.5249,0
1699764,312,-88.8222,0
1699774,320,-87.69786,0
1699784,318,-87.97894,0
1699794,317,-88.11949,0
1699804,313,-88.68166,0
1699814,317,-88.11949,0
1699824,319,-87.83841,0
1699834,314,-88.54111,0
1699844,313,-88.68166,0
1699854,312,-88.8222,0
1699864,317,-88.11949,0
1699874,311,-88.96274,0
1699884,317,-88.11949,0
1699894,306,-89.66544,0
1699904,312,-88.8222,0
1699914,308,-89.38436,0
1699924,308,-89.38436,0
1699934,309,-89.24382,0
1699944,316,-88.26003,0
1699954,321,-87.55732,0
1699964,313,-88.68166,0
1699974,319,-87.83841,0
1699984,316,-88.26003,0
1699994,320,-87.69786,0
1700004,316,-88.26003,0
1700014,314,-88.54111,0
1700024,316,-88.26003,0
1700034,312,-88.8222,0
1700044,312,-88.8222,0
1700054,315,-88.40057,0
1700064,308,-89.38436,0
1700074,315,-88.40057,0
1700084,317,-88.11949,0
1700094,317,-88.11949,0
1700104,322,-87.41679,0
1700114,309,-89.24382,0
1700124,317,-88.11949,0
1700134,317,-88.11949,0
1700144,315,-88.40057,0
1700154,314,-88.54111,0
1700164,313,-88.68166,0
1700174,319,-87.83841,0
1700184,312,-88.8222,0
1700194,314,-88.54111,0
1700204,318,-87.97894,0
1700214,321,-87.55732,0
1700224,316,-88.26003,0
1700234,313,-88.68166,0
1700244,324,-87.1357,0
1700254,309,-89.24382,0
1700264,313,-88.68166,0
1700274,315,-88.40057,0
1700284,314,-88.54111,0
1700294,311,-88.96274,0
1700304,319,-87.83841,0
1700314,316,-88.26003,0
1700324,314,-88.54111,0
1700334,317,-88.11949,0
1700344,312,-88.8222,0
1700354,316,-88.26003,0
1700364,322,-87.41679,0
1700374,314,-88.54111,0
1700384,315,-88.40057,0
1700394,315,-88.40057,0
1700404,313,-88.68166,0
1700414,316,-88.26003,0
1700424,316,-88.26003,0
1700434,313,-88.68166,0
1700444,319,-87.83841,0
1700454,314,-88.54111,0
1700464,317,-88.11949,0
1700474,309,-89.24382,0
1700484,308,-89.38436,0
1700494,315,-88.40057,0
1700504,314,-88.54111,0
1700514,317,-88.11949,0
1700524,312,-88.8222,0
1700534,317,-88.11949,0
1700544,315,-88.40057,0
1700554,314,-88.54111,0
1700564,313,-88.68166,0
1700574,314,-88.54111,0
1700584,314,-88.54111,0
1700594,318,-87.97894,0
1700604,314,-88.54111,0
1700614,313,-88.68166,0
1700624,310,-89.10328,0
1700634,319,-87.83841,0
1700644,318,-87.97894,0
1700654,319,-87.83841,0
1700664,319,-87.83841,0
1700674,309,-89.24382,0
1700684,317,-88.11949,0
1700694,314,-88.54111,0
1700704,317,-88.11949,0
1700714,306,-89.66544,0
1700724,313,-88.68166,0
1700734,320,-87.69786,0
1700744,314,-88.54111,0
1700754,313,-88.68166,0
1700764,317,-88.11949,0
1700774,312,-88.8222,0
1700784,318,-87.97894,0
1700794,313,-88.68166,0
1700804,314,-88.54111,0
1700814,314,-88.54111,0
1700824,309,-89.24382,0
1700834,314,-88.54111,0
1700844,306,-89.66544,0
1700854,318,-87.97894,0
1700864,312,-88.8222,0
1700874,317,-88.11949,0
1700884,314,-88.54111,0
1700894,320,-87.69786,0
1700904,312,-88.8222,0
1700914,305,-89.80598,0
1700924,317,-88.11949,0
1700934,309,-89.24382,0
1700944,314,-88.54111,0
1700954,311,-88.96274,0
1700964,314,-88.54111,0
1700974,315,-88.40057,0
1700984,314,-88.54111,0
1700994,312,-88.8222,0
1701004,312,-88.8222,0
1701014,314,-88.54111,0
1701024,314,-88.54111,0
1701034,314,-88.54111,0
1701044,320,-87.69786,0
1701054,313,-88.68166,0
1701064,310,-89.10328,0
1701074,320,-87.69786,0
1701084,324,-87.1357,0
1701094,316,-88.26003,0
1701104,319,-87.83841,0
1701114,316,-88.26003,0
1701124,309,-89.24382,0
1701134,316,-88.26003,0
1701144,322,-87.41679,0
1701154,316,-88.26003,0
1701164,319,-87.83841,0
1701174,316,-88.26003,0
1701184,318,-87.97894,0
1701194,312,-88.8222,0
1701204,307,-89.5249,0
1701214,311,-88.96274,0
1701224,315,-88.40057,0
1701234,310,-89.10328,0
1701244,321,-87.55732,0
1701254,319,-87.83841,0
1701264,310,-89.10328,0
1701274,318,-87.97894,0
1701284,309,-89.24382,0
1701294,317,-88.11949,0
1701304,313,-88.68166,0
1701314,313,-88.68166,0
1701324,310,-89.10328,0
1701334,313,-88.68166,0
1701344,318,-87.97894,0
1701354,316,-88.26003,0
1701364,315,-88.40057,0
1701374,320,-87.69786,0
1701384,311,-88.96274,0
1701394,313,-88.68166,0
1701404,312,-88.8222,0
1701414,314,-88.54111,0
1701424,315,-88.40057,0
1701434,307,-89.5249,0
1701444,318,-87.97894,0
1701454,313,-88.68166,0
1701464,311,-88.96274,0
1701474,316,-88.26003,0
1701484,317,-88.11949,0
1701494,315,-88.40057,0
1701504,313,-88.68166,0
1701514,313,-88.68166,0
1701524,312,-88.8222,0
1701534,315,-88.40057,0
1701544,318,-87.97894,0
1701554,313,-88.68166,0
1701564,321,-87.55732,0
1701574,317,-88.11949,0
1701584,310,-89.10328,0
1701594,316,-88.26003,0
1701604,316,-88.26003,0
1701614,311,-88.96274,0
1701624,315,-88.40057,0
1701634,316,-88.26003,0
1701644,320,-87.69786,0
1701654,314,-88.54111,0
1701664,312,-88.8222,0
1701674,313,-88.68166,0
1701684,315,-88.40057,0
1701694,319,-87.83841,0
1701704,316,-88.26003,0
1701714,315,-88.40057,0
1701724,318,-87.97894,0
1701734,310,-89.10328,0
1701744,313,-88.68166,0
1701754,315,-88.40057,0
1701764,309,-89.24382,0
1701774,315,-88.40057,0
1701784,320,-87.69786,0
1701794,316,-88.26003,0
1701804,314,-88.54111,0
1701814,313,-88.68166,0
1701824,316,-88.26003,0
1701834,316,-88.26003,0
1701844,313,-88.68166,0
1701854,313,-88.68166,0
1701864,310,-89.10328,0
1701874,312,-88.8222,0
1701884,312,-88.8222,0
1701894,316,-88.26003,0
1701904,312,-88.8222,0
1701914,316,-88.26003,0
1701924,319,-87.83841,0
1701934,311,-88.96274,0
1701944,306,-89.66544,0
1701954,312,-88.8222,0
1701964,303,-90.08707,0
1701974,323,-87.27624,0
1701984,319,-87.83841,0
1701994,322,-87.41679,0
1702004,319,-87.83841,0
1702014,315,-88.40057,0
1702024,316,-88.26003,0
1702034,323,-87.27624,0
1702044,312,-88.8222,0
1702054,321,-87.55732,0
1702064,318,-87.97894,0
1702074,305,-89.80598,0
1702084,313,-88.68166,0
1702094,315,-88.40057,0
1702104,311,-88.96274,0
1702114,323,-87.27624,0
1702124,321,-87.55732,0
1702134,315,-88.40057,0
1702144,320,-87.69786,0
1702154,320,-87.69786,0
1702164,318,-87.97894,0
1702174,319,-87.83841,0
1702184,311,-88.96274,0
1702194,311,-88.96274,0
1702204,316,-88.26003,0
1702214,314,-88.54111,0
1702224,321,-87.55732,0
1702234,317,-88.11949,0
1702244,316,-88.26003,0
1702254,315,-88.40057,0
1702264,313,-88.68166,0
1702274,315,-88.40057,0
1702284,318,-87.97894,0
1702294,313,-88.68166,0
1702304,308,-89.38436,0
1702314,313,-88.68166,0
1702324,317,-88.11949,0
1702334,313,-88.68166,0
1702344,313,-88.68166,0
1702354,320,-87.69786,0
1702364,308,-89.38436,0
1702374,315,-88.40057,0
1702384,319,-87.83841,0
1702394,319,-87.83841,0
1702404,313,-88.68166,0
1702414,312,-88.8222,0
1702424,310,-89.10328,0
1702434,311,-88.96274,0
1702444,323,-87.27624,0
1702454,317,-88.11949,0
1702464,314,-88.54111,0
1702474,314,-88.54111,0
1702484,321,-87.55732,0
1702494,316,-88.26003,0
1702504,319,-87.83841,0
1702514,316,-88.26003,0
1702524,315,-88.40057,0
1702534,314,-88.54111,0
1702544,319,-87.83841,0
1702554,312,-88.8222,0
1702564,316,-88.26003,0
1702574,309,-89.24382,0
1702584,316,-88.26003,0
1702594,318,-87.97894,0
1702604,319,-87.83841,0
1702614,316,-88.26003,0
1702624,306,-89.66544,0
1702634,310,-89.10328,0
1702644,315,-88.40057,0
1702654,318,-87.97894,0
1702664,318,-87.97894,0
1702674,315,-88.40057,0
1702684,316,-88.26003,0
1702694,321,-87.55732,0
1702704,315,-88.40057,0
1702714,319,-87.83841,0
1702724,319,-87.83841,0
1702734,310,-89.10328,0
1702744,312,-88.8222,0
1702754,315,-88.40057,0
1702764,316,-88.26003,0
1702774,324,-87.1357,0
1702784,315,-88.40057,0
1702794,313,-88.68166,0
1702804,313,-88.68166,0
1702814,308,-89.38436,0
1702824,324,-87.1357,0
1702834,313,-88.68166,0
1702844,314,-88.54111,0
1702854,314,-88.54111,0
1702864,318,-87.97894,0
1702874,323,-87.27624,0
1702884,313,-88.68166,0
1702894,317,-88.11949,0
1702904,317,-88.11949,0
1702914,315,-88.40057,0
1702924,319,-87.83841,0
1702934,311,-88.96274,0
1702944,320,-87.69786,0
1702954,316,-88.26003,0
1702964,309,-89.24382,0
1702974,312,-88.8222,0
1702984,314,-88.54111,0
1702994,314,-88.54111,0
1703004,322,-87.41679,0
1703014,319,-87.83841,0
1703024,310,-89.10328,0
1703034,318,-87.97894,0
1703044,318,-87.97894,0
1703054,313,-88.68166,0
1703064,312,-88.8222,0
1703074,307,-89.5249,0
1703084,310,-89.10328,0
1703094,309,-89.24382,0
1703104,320,-87.69786,0
1703114,308,-89.38436,0
1703124,319,-87.83841,0
1703134,318,-87.97894,0
1703144,319,-87.83841,0
1703154,321,-87.55732,0
1703164,317,-88.11949,0
1703174,313,-88.68166,0
1703184,319,-87.83841,0
1703194,312,-88.8222,0
1703204,318,-87.97894,0
1703214,311,-88.96274,0
1703224,315,-88.40057,0
1703234,318,-87.97894,0
1703244,319,-87.83841,0
1703254,314,-88.54111,0
1703264,313,-88.68166,0
1703274,309,-89.24382,0
1703284,315,-88.40057,0
1703294,319,-87.83841,0
1703304,307,-89.5249,0
1703314,320,-87.69786,0
1703324,314,-88.54111,0
1703334,309,-89.24382,0
1703344,320,-87.69786,0
1703354,321,-87.55732,0
1703364,316,-88.26003,0
1703374,311,-88.96274,0
1703384,314,-88.54111,0
1703394,315,-88.40057,0
1703404,309,-89.24382,0
1703414,308,-89.38436,0
1703424,312,-88.8222,0
1703434,310,-89.10328,0
1703444,307,-89.5249,0
1703454,314,-88.54111,0
1703464,318,-87.97894,0
1703474,313,-88.68166,0
1703484,308,-89.38436,0
1703494,314,-88.54111,0
1703504,315,-88.40057,0
1703514,323,-87.27624,0
1703524,316,-88.26003,0
1703534,319,-87.83841,0
1703544,313,-88.68166,0
1703554,315,-88.40057,0
1703564,319,-87.83841,0
1703574,316,-88.26003,0
1703584,326,-86.85461,0
1703594,321,-87.55732,0
1703604,312,-88.8222,0
1703614,316,-88.26003,0
1703624,312,-88.8222,0
1703634,314,-88.54111,0
1703644,310,-89.10328,0
1703654,317,-88.11949,0
1703664,311,-88.96274,0
1703674,320,-87.69786,0
1703684,309,-89.24382,0
1703694,307,-89.5249,0
1703704,316,-88.26003,0
1703714,318,-87.97894,0
1703724,321,-87.55732,0
1703734,318,-87.97894,0
1703744,315,-88.40057,0
1703754,311,-88.96274,0
1703764,316,-88.26003,0
1703774,319,-87.83841,0
1703784,308,-89.38436,0
1703794,317,-88.11949,0
1703804,309,-89.24382,0
1703814,319,-87.83841,0
1703824,314,-88.54111,0
1703834,317,-88.11949,0
1703844,314,-88.54111,0
1703854,312,-88.8222,0
1703864,314,-88.54111,0
1703874,312,-88.8222,0
1703884,310,-89.10328,0
1703894,314,-88.54111,0
1703904,318,-87.97894,0
1703914,321,-87.55732,0
1703924,311,-88.96274,0
1703934,314,-88.54111,0
1703944,319,-87.83841,0
1703954,314,-88.54111,0
1703964,314,-88.54111,0
1703974,310,-89.10328,0
1703984,317,-88.11949,0
1703994,318,-87.97894,0
1704004,315,-88.40057,0
1704014,312,-88.8222,0
1704024,309,-89.24382,0
1704034,318,-87.97894,0
1704044,312,-88.8222,0
1704054,311,-88.96274,0
1704064,307,-89.5249,0
1704074,314,-88.54111,0
1704084,312,-88.8222,0
1704094,316,-88.26003,0
1704104,319,-87.83841,0
1704114,316,-88.26003,0
1704124,319,-87.83841,0
1704134,319,-87.83841,0
1704144,313,-88.68166,0
1704154,316,-88.26003,0
1704164,318,-87.97894,0
1704174,315,-88.40057,0
1704184,314,-88.54111,0
1704194,316,-88.26003,0
1704204,314,-88.54111,0
1704214,317,-88.11949,0
1704224,309,-89.24382,0
1704234,320,-87.69786,0
1704244,319,-87.83841,0
1704254,311,-88.96274,0
1704264,317,-88.11949,0
1704274,313,-88.68166,0
1704284,318,-87.97894,0
1704294,315,-88.40057,0
1704304,315,-88.40057,0
1704314,312,-88.8222,0
1704324,315,-88.40057,0
1704334,315,-88.40057,0
1704344,316,-88.26003,0
1704354,316,-88.26003,0
1704364,318,-87.97894,0
1704374,318,-87.97894,0
1704384,313,-88.68166,0
1704394,321,-87.55732,0
1704404,316,-88.26003,0
1704414,312,-88.8222,0
1704424,312,-88.8222,0
1704434,313,-88.68166,0
1704444,315,-88.40057,0
1704454,314,-88.54111,0
1704464,321,-87.55732,0
1704474,313,-88.68166,0
1704484,316,-88.26003,0
1704494,315,-88.40057,0
1704504,319,-87.83841,0
1704514,318,-87.97894,0
1704524,314,-88.54111,0
1704534,317,-88.11949,0
1704544,315,-88.40057,0
1704554,320,-87.69786,0
1704564,323,-87.27624,0
1704574,312,-88.8222,0
1704584,314,-88.54111,0
1704594,321,-87.55732,0
1704604,315,-88.40057,0
1704614,315,-88.40057,0
1704624,313,-88.68166,0
1704634,309,-89.24382,0
1704644,310,-89.10328,0
1704654,317,-88.11949,0
1704664,316,-88.26003,0
1704674,317,-88.11949,0
1704684,309,-89.24382,0
1704694,315,-88.40057,0
1704704,313,-88.68166,0
1704714,317,-88.11949,0
1704724,313,-88.68166,0
1704734,314,-88.54111,0
1704744,318,-87.97894,0
1704754,307,-89.5249,0
1704764,313,-88.68166,0
1704774,311,-88.96274,0
1704784,313,-88.68166,0
1704794,311,-88.96274,0
1704804,313,-88.68166,0
1704814,315,-88.40057,0
1704824,317,-88.11949,0
1704834,314,-88.54111,0
1704844,314,-88.54111,0
1704854,311,-88.96274,0
1704864,315,-88.40057,0
1704874,311,-88.96274,0
1704884,317,-88.11949,0
1704894,321,-87.55732,0
1704904,317,-88.11949,0
1704914,315,-88.40057,0
1704924,318,-87.97894,0
1704934,314,-88.54111,0
1704944,315,-88.40057,0
1704954,316,-88.26003,0
1704964,323,-87.27624,0
1704974,314,-88.54111,0
1704984,317,-88.11949,0
1704994,307,-89.5249,0
1705004,316,-88.26003,0
1705014,317,-88.11949,0
1705024,317,-88.11949,0
1705034,310,-89.10328,0
1705044,310,-89.10328,0
1705054,312,-88.8222,0
1705064,317,-88.11949,0
1705074,306,-89.66544,0
1705084,318,-87.97894,0
1705094,306,-89.66544,0
1705104,315,-88.40057,0
1705114,317,-88.11949,0
1705124,323,-87.27624,0
1705134,323,-87.27624,0
1705144,318,-87.97894,0
1705154,313,-88.68166,0
1705164,318,-87.97894,0
1705174,315,-88.40057,0
1705184,315,-88.40057,0
1705194,321,-87.55732,0
1705204,308,-89.38436,0
1705214,310,-89.10328,0
1705224,318,-87.97894,0
1705234,314,-88.54111,0
1705244,320,-87.69786,0
1705254,316,-88.26003,0
1705264,320,-87.69786,0
1705274,313,-88.68166,0
1705284,312,-88.8222,0
1705294,315,-88.40057,0
1705304,313,-88.68166,0
1705314,315,-88.40057,0
1705324,318,-87.97894,0
1705334,309,-89.24382,0
1705344,310,-89.10328,0
1705354,313,-88.68166,0
1705364,318,-87.97894,0
1705374,319,-87.83841,0
1705384,313,-88.68166,0
1705394,314,-88.54111,0
1705404,315,-88.40057,0
1705414,313,-88.68166,0
1705424,310,-89.10328,0
1705434,311,-88.96274,0
1705444,317,-88.11949,0
1705454,305,-89.80598,0
1705464,315,-88.40057,0
1705474,321,-87.55732,0
1705484,317,-88.11949,0
1705494,309,-89.24382,0
1705504,326,-86.85461,0
1705514,311,-88.96274,0
1705524,311,-88.96274,0
1705534,313,-88.68166,0
1705544,308,-89.38436,0
1705554,313,-88.68166,0
1705564,313,-88.68166,0
1705574,312,-88.8222,0
1705584,314,-88.54111,0
1705594,313,-88.68166,0
1705604,319,-87.83841,0
1705614,316,-88.26003,0
1705624,316,-88.26003,0
1705634,308,-89.38436,0
1705644,307,-89.5249,0
1705654,314,-88.54111,0
1705664,320,-87.69786,0
1705674,319,-87.83841,0
1705684,310,-89.10328,0
1705694,314,-88.54111,0
1705704,313,-88.68166,0
1705714,313,-88.68166,0
1705724,313,-88.68166,0
1705734,321,-87.55732,0
1705744,317,-88.11949,0
1705754,312,-88.8222,0
1705764,315,-88.40057,0
1705774,319,-87.83841,0
1705784,319,-87.83841,0
1705794,314,-88.54111,0
1705804,314,-88.54111,0
1705814,324,-87.1357,0
1705824,320,-87.69786,0
1705834,320,-87.69786,0
1705844,316,-88.26003,0
1705854,318,-87.97894,0
1705864,317,-88.11949,0
1705874,313,-88.68166,0
1705884,307,-89.5249,0
1705894,317,-88.11949,0
1705904,314,-88.54111,0
1705914,317,-88.11949,0
1705924,319,-87.83841,0
1705934,312,-88.8222,0
1705944,318,-87.97894,0
1705954,311,-88.96274,0
1705964,317,-88.11949,0
1705974,319,-87.83841,0
1705984,316,-88.26003,0
1705994,309,-89.24382,0
1706004,312,-88.8222,0
1706014,314,-88.54111,0
1706024,319,-87.83841,0
1706034,312,-88.8222,0
1706044,311,-88.96274,0
1706054,315,-88.40057,0
1706064,313,-88.68166,0
1706074,314,-88.54111,0
1706084,321,-87.55732,0
1706094,311,-88.96274,0
1706104,311,-88.96274,0
1706114,301,-90.36815,0
1706124,312,-88.8222,0
1706134,319,-87.83841,0
1706144,320,-87.69786,0
1706154,322,-87.41679,0
1706164,309,-89.24382,0
1706174,320,-87.69786,0
1706184,317,-88.11949,0
1706194,316,-88.26003,0
1706204,318,-87.97894,0
1706214,310,-89.10328,0
1706224,312,-88.8222,0
1706234,312,-88.8222,0
1706244,312,-88.8222,0
1706254,312,-88.8222,0
1706264,319,-87.83841,0
1706274,317,-88.11949,0
1706284,320,-87.69786,0
1706294,322,-87.41679,0
1706304,313,-88.68166,0
1706314,319,-87.83841,0
1706324,310,-89.10328,0
1706334,315,-88.40057,0
1706344,311,-88.96274,0
1706354,311,-88.96274,0
1706364,314,-88.54111,0
1706374,319,-87.83841,0
1706384,319,-87.83841,0
1706394,317,-88.11949,0
1706404,322,-87.41679,0
1706414,320,-87.69786,0
1706424,317,-88.11949,0
1706434,311,-88.96274,0
1706444,313,-88.68166,0
1706454,309,-89.24382,0
1706464,307,-89.5249,0
1706474,314,-88.54111,0
1706484,318,-87.97894,0
1706494,320,-87.69786,0
1706504,314,-88.54111,0
1706514,311,-88.96274,0
1706524,317,-88.11949,0
1706534,318,-87.97894,0
1706544,310,-89.10328,0
1706554,309,-89.24382,0
1706564,316,-88.26003,0
1706574,311,-88.96274,0
1706584,312,-88.8222,0
1706594,314,-88.54111,0
1706604,320,-87.69786,0
1706614,319,-87.83841,0
1706624,315,-88.40057,0
1706634,319,-87.83841,0
1706644,318,-87.97894,0
1706654,310,-89.10328,0
1706664,321,-87.55732,0
1706674,311,-88.96274,0
1706684,318,-87.97894,0
1706694,311,-88.96274,0
1706704,323,-87.27624,0
1706714,315,-88.40057,0
1706724,320,-87.69786,0
1706734,316,-88.26003,0
1706744,317,-88.11949,0
1706754,316,-88.26003,0
1706764,318,-87.97894,0
1706774,311,-88.96274,0
1706784,313,-88.68166,0
1706794,313,-88.68166,0
1706804,309,-89.24382,0
1706814,311,-88.96274,0
1706824,309,-89.24382,0
1706834,316,-88.26003,0
1706844,312,-88.8222,0
1706854,320,-87.69786,0
1706864,320,-87.69786,0
1706874,315,-88.40057,0
1706884,313,-88.68166,0
1706894,318,-87.97894,0
1706904,317,-88.11949,0
1706914,315,-88.40057,0
1706924,320,-87.69786,0
1706934,313,-88.68166,0
1706944,310,-89.10328,0
1706954,312,-88.8222,0
1706964,310,-89.10328,0
1706974,313,-88.68166,0
1706984,312,-88.8222,0
1706994,317,-88.11949,0
1707004,312,-88.8222,0
1707014,317,-88.11949,0
1707024,312,-88.8222,0
1707034,309,-89.24382,0
1707044,319,-87.83841,0
1707054,315,-88.40057,0
1707064,310,-89.10328,0
1707074,318,-87.97894,0
1707084,320,-87.69786,0
1707094,317,-88.11949,0
1707104,309,-89.24382,0
1707114,313,-88.68166,0
1707124,319,-87.83841,0
1707134,313,-88.68166,0
1707144,314,-88.54111,0
1707154,316,-88.26003,0
1707164,316,-88.26003,0
1707174,311,-88.96274,0
1707184,319,-87.83841,0
1707194,312,-88.8222,0
1707204,307,-89.5249,0
1707214,319,-87.83841,0
1707224,315,-88.40057,0
1707234,308,-89.38436,0
1707244,313,-88.68166,0
1707254,309,-89.24382,0
1707264,316,-88.26003,0
1707274,309,-89.24382,0
1707284,313,-88.68166,0
1707294,313,-88.68166,0
1707304,317,-88.11949,0
1707314,312,-88.8222,0
1707324,313,-88.68166,0
1707334,316,-88.26003,0
1707344,313,-88.68166,0
1707354,314,-88.54111,0
1707364,309,-89.24382,0
1707374,314,-88.54111,0
1707384,314,-88.54111,0
1707394,318,-87.97894,0
1707404,315,-88.40057,0
1707414,310,-89.10328,0
1707424,317,-88.11949,0
1707434,314,-88.54111,0
1707444,319,-87.83841,0
1707454,310,-89.10328,0
1707464,308,-89.38436,0
1707474,314,-88.54111,0
1707484,313,-88.68166,0
1707494,310,-89.10328,0
1707504,306,-89.66544,0
1707514,314,-88.54111,0
1707524,313,-88.68166,0
1707534,318,-87.97894,0
1707544,315,-88.40057,0
1707554,306,-89.66544,0
1707564,309,-89.24382,0
1707574,323,-87.27624,0
1707584,315,-88.40057,0
1707594,315,-88.40057,0
1707604,320,-87.69786,0
1707614,316,-88.26003,0
1707624,316,-88.26003,0
1707634,321,-87.55732,0
1707644,315,-88.40057,0
1707654,312,-88.8222,0
1707664,309,-89.24382,0
1707674,314,-88.54111,0
1707684,315,-88.40057,0
1707694,313,-88.68166,0
1707704,313,-88.68166,0
1707714,313,-88.68166,0
1707724,324,-87.1357,0
1707734,313,-88.68166,0
1707744,312,-88.8222,0
1707754,316,-88.26003,0
1707764,320,-87.69786,0
1707774,309,-89.24382,0
1707784,316,-88.26003,0
1707794,316,-88.26003,0
1707804,313,-88.68166,0
1707814,318,-87.97894,0
1707824,312,-88.8222,0
1707834,310,-89.10328,0
1707844,317,-88.11949,0
1707854,315,-88.40057,0
1707864,307,-89.5249,0
1707874,314,-88.54111,0
1707884,310,-89.10328,0
1707894,303,-90.08707,0
1707904,307,-89.5249,0
1707914,309,-89.24382,0
1707924,315,-88.40057,0
1707934,318,-87.97894,0
1707944,315,-88.40057,0
1707954,310,-89.10328,0
1707964,317,-88.11949,0
1707974,310,-89.10328,0
1707984,309,-89.24382,0
1707994,308,-89.38436,0
1708004,316,-88.26003,0
1708014,314,-88.54111,0
1708024,313,-88.68166,0
1708034,310,-89.10328,0
1708044,312,-88.8222,0
1708054,313,-88.68166,0
1708064,316,-88.26003,0
1708074,313,-88.68166,0
1708084,316,-88.26003,0
1708094,308,-89.38436,0
1708104,314,-88.54111,0
1708114,308,-89.38436,0
1708124,309,-89.24382,0
1708134,314,-88.54111,0
1708144,310,-89.10328,0
1708154,312,-88.8222,0
1708164,315,-88.40057,0
1708174,312,-88.8222,0
1708184,307,-89.5249,0
1708194,313,-88.68166,0
1708204,309,-89.24382,0
1708214,308,-89.38436,0
1708224,315,-88.40057,0
1708234,310,-89.10328,0
1708244,318,-87.97894,0
1708254,317,-88.11949,0
1708264,309,-89.24382,0
1708274,305,-89.80598,0
1708284,313,-88.68166,0
1708294,313,-88.68166,0
1708304,321,-87.55732,0
1708314,313,-88.68166,0
1708324,313,-88.68166,0
1708334,310,-89.10328,0
1708344,306,-89.66544,0
1708354,315,-88.40057,0
1708364,312,-88.8222,0
1708374,308,-89.38436,0
1708384,312,-88.8222,0
1708394,310,-89.10328,0
1708404,310,-89.10328,0
1708414,314,-88.54111,0
1708424,315,-88.40057,0
1708434,310,-89.10328,0
1708444,315,-88.40057,0
1708454,316,-88.26003,0
1708464,311,-88.96274,0
1708474,311,-88.96274,0
1708484,317,-88.11949,0
1708494,312,-88.8222,0
1708504,308,-89.38436,0
1708514,316,-88.26003,0
1708524,313,-88.68166,0
1708534,315,-88.40057,0
1708544,315,-88.40057,0
1708554,308,-89.38436,0
1708564,317,-88.11949,0
1708574,310,-89.10328,0
1708584,308,-89.38436,0
1708594,315,-88.40057,0
1708604,313,-88.68166,0
1708614,315,-88.40057,0
1708624,319,-87.83841,0
1708634,316,-88.26003,0
1708644,313,-88.68166,0
1708654,316,-88.26003,0
1708664,310,-89.10328,0
1708674,314,-88.54111,0
1708684,310,-89.10328,0
1708694,314,-88.54111,0
1708704,315,-88.40057,0
1708714,315,-88.40057,0
1708724,312,-88.8222,0
1708734,309,-89.24382,0
1708744,315,-88.40057,0
1708754,313,-88.68166,0
1708764,313,-88.68166,0
1708774,307,-89.5249,0
1708784,310,-89.10328,0
1708794,313,-88.68166,0
1708804,315,-88.40057,0
1708814,311,-88.96274,0
1708824,311,-88.96274,0
1708834,315,-88.40057,0
1708844,308,-89.38436,0
1708854,318,-87.97894,0
1708864,315,-88.40057,0
1708874,314,-88.54111,0
1708884,312,-88.8222,0
1708894,307,-89.5249,0
1708904,308,-89.38436,0
1708914,313,-88.68166,0
1708924,311,-88.96274,0
1708934,315,-88.40057,0
1708944,310,-89.10328,0
1708954,316,-88.26003,0
1708964,307,-89.5249,0
1708974,317,-88.11949,0
1708984,314,-88.54111,0
1708994,318,-87.97894,0
1709004,315,-88.40057,0
1709014,314,-88.54111,0
1709024,311,-88.96274,0
1709034,309,-89.24382,0
1709044,315,-88.40057,0
1709054,313,-88.68166,0
1709064,318,-87.97894,0
1709074,310,-89.10328,0
1709084,313,-88.68166,0
1709094,312,-88.8222,0
1709104,323,-87.27624,0
1709114,316,-88.26003,0
1709124,319,-87.83841,0
1709134,315,-88.40057,0
1709144,324,-87.1357,0
1709154,311,-88.96274,0
1709164,318,-87.97894,0
1709174,319,-87.83841,0
1709184,315,-88.40057,0
1709194,319,-87.83841,0
1709204,317,-88.11949,0
1709214,324,-87.1357,0
1709224,313,-88.68166,0
1709234,322,-87.41679,0
1709244,307,-89.5249,0
1709254,316,-88.26003,0
1709264,315,-88.40057,0
1709274,319,-87.83841,0
1709284,316,-88.26003,0
1709294,314,-88.54111,0
1709304,316,-88.26003,0
1709314,314,-88.54111,0
1709324,315,-88.40057,0
1709334,320,-87.69786,0
1709344,313,-88.68166,0
1709354,323,-87.27624,0
1709364,318,-87.97894,0
1709374,310,-89.10328,0
1709384,315,-88.40057,0
1709394,314,-88.54111,0
1709404,315,-88.40057,0
1709414,317,-88.11949,0
1709424,323,-87.27624,0
1709434,318,-87.97894,0
1709444,311,-88.96274,0
1709454,311,-88.96274,0
1709464,313,-88.68166,0
1709474,313,-88.68166,0
1709484,310,-89.10328,0
1709494,314,-88.54111,0
1709504,314,-88.54111,0
1709514,317,-88.11949,0
1709524,311,-88.96274,0
1709534,312,-88.8222,0
1709544,314,-88.54111,0
1709554,313,-88.68166,0
1709564,320,-87.69786,0
1709574,317,-88.11949,0
1709584,318,-87.97894,0
1709594,318,-87.97894,0
1709604,315,-88.40057,0
1709614,316,-88.26003,0
1709624,321,-87.55732,0
1709634,321,-87.55732,0
1709644,318,-87.97894,0
1709654,316,-88.26003,0
1709664,315,-88.40057,0
1709674,328,-86.57353,0
1709684,317,-88.11949,0
1709694,327,-86.71407,0
1709704,314,-88.54111,0
1709714,312,-88.8222,0
1709724,313,-88.68166,0
1709734,319,-87.83841,0
1709744,313,-88.68166,0
1709754,314,-88.54111,0
1709764,320,-87.69786,0
1709774,318,-87.97894,0
1709784,320,-87.69786,0
1709794,321,-87.55732,0
1709804,313,-88.68166,0
1709814,314,-88.54111,0
1709824,307,-89.5249,0
1709834,317,-88.11949,0
1709844,312,-88.8222,0
1709854,314,-88.54111,0
1709864,319,-87.83841,0
1709874,312,-88.8222,0
1709884,316,-88.26003,0
1709894,320,-87.69786,0
1709904,317,-88.11949,0
1709914,318,-87.97894,0
1709924,320,-87.69786,0
1709934,320,-87.69786,0
1709944,314,-88.54111,0
1709954,311,-88.96274,0
1709964,312,-88.8222,0
1709974,317,-88.11949,0
1709984,321,-87.55732,0
1709994,317,-88.11949,0
1710004,319,-87.83841,0
1710014,314,-88.54111,0
1710024,315,-88.40057,0
1710034,315,-88.40057,0
1710044,318,-87.97894,0
1710054,313,-88.68166,0
1710064,315,-88.40057,0
1710074,314,-88.54111,0
1710084,315,-88.40057,0
1710094,316,-88.26003,0
1710104,320,-87.69786,0
1710114,311,-88.96274,0
1710124,317,-88.11949,0
1710134,313,-88.68166,0
1710144,311,-88.96274,0
1710154,319,-87.83841,0
1710164,316,-88.26003,0
1710174,310,-89.10328,0
1710184,319,-87.83841,0
1710194,319,-87.83841,0
1710204,322,-87.41679,0
1710214,314,-88.54111,0
1710224,322,-87.41679,0
1710234,311,-88.96274,0
1710244,316,-88.26003,0
1710254,315,-88.40057,0
1710264,325,-86.99516,0
1710274,311,-88.96274,0
1710284,313,-88.68166,0
1710294,316,-88.26003,0
1710304,312,-88.8222,0
1710314,321,-87.55732,0
1710324,312,-88.8222,0
1710334,319,-87.83841,0
1710344,314,-88.54111,0
1710354,316,-88.26003,0
1710364,316,-88.26003,0
1710374,317,-88.11949,0
1710384,311,-88.96274,0
1710394,312,-88.8222,0
1710404,316,-88.26003,0
1710414,312,-88.8222,0
1710424,318,-87.97894,0
1710434,318,-87.97894,0
1710444,315,-88.40057,0
1710454,319,-87.83841,0
1710464,312,-88.8222,0
1710474,317,-88.11949,0
1710484,322,-87.41679,0
1710494,323,-87.27624,0
1710504,314,-88.54111,0
1710514,321,-87.55732,0
1710524,314,-88.54111,0
1710534,315,-88.40057,0
1710544,320,-87.69786,0
1710554,318,-87.97894,0
1710564,316,-88.26003,0
1710574,319,-87.83841,0
1710584,319,-87.83841,0
1710594,315,-88.40057,0
1710604,309,-89.24382,0
1710614,314,-88.54111,0
1710624,313,-88.68166,0
1710634,320,-87.69786,0
1710644,313,-88.68166,0
1710654,311,-88.96274,0
1710664,318,-87.97894,0
1710674,321,-87.55732,0
1710684,316,-88.26003,0
1710694,318,-87.97894,0
1710704,312,-88.8222,0
1710714,317,-88.11949,0
1710724,313,-88.68166,0
1710734,310,-89.10328,0
1710744,315,-88.40057,0
1710754,308,-89.38436,0
1710764,320,-87.69786,0
1710774,313,-88.68166,0
1710784,316,-88.26003,0
1710794,320,-87.69786,0
1710804,318,-87.97894,0
1710814,315,-88.40057,0
1710824,322,-87.41679,0
1710834,320,-87.69786,0
1710844,319,-87.83841,0
1710854,317,-88.11949,0
1710864,318,-87.97894,0
1710874,315,-88.40057,0
1710884,319,-87.83841,0
1710894,319,-87.83841,0
1710904,321,-87.55732,0
1710914,319,-87.83841,0
1710924,319,-87.83841,0
1710934,322,-87.41679,0
1710944,312,-88.8222,0
1710954,316,-88.26003,0
1710964,310,-89.10328,0
1710974,312,-88.8222,0
1710984,319,-87.83841,0
1710994,323,-87.27624,0
1711004,316,-88.26003,0
1711014,314,-88.54111,0
1711024,318,-87.97894,0
1711034,318,-87.97894,0
1711044,312,-88.8222,0
1711054,320,-87.69786,0
1711064,312,-88.8222,0
1711074,313,-88.68166,0
1711084,314,-88.54111,0
1711094,314,-88.54111,0
1711104,321,-87.55732,0
1711114,315,-88.40057,0
1711124,307,-89.5249,0
1711134,313,-88.68166,0
1711144,313,-88.68166,0
1711154,314,-88.54111,0
1711164,314,-88.54111,0
1711174,316,-88.26003,0
1711184,309,-89.24382,0
1711194,307,-89.5249,0
1711204,311,-88.96274,0
1711214,324,-87.1357,0
1711224,314,-88.54111,0
1711234,314,-88.54111,0
1711244,314,-88.54111,0
1711254,316,-88.26003,0
1711264,322,-87.41679,0
1711274,314,-88.54111,0
1711284,315,-88.40057,0
1711294,311,-88.96274,0
1711304,313,-88.68166,0
1711314,321,-87.55732,0
1711324,316,-88.26003,0
1711334,322,-87.41679,0
1711344,315,-88.40057,0
1711354,320,-87.69786,0
1711364,314,-88.54111,0
1711374,317,-88.11949,0
1711384,312,-88.8222,0
1711394,313,-88.68166,0
1711404,311,-88.96274,0
1711414,313,-88.68166,0
1711424,311,-88.96274,0
1711434,317,-88.11949,0
1711444,314,-88.54111,0
1711454,309,-89.24382,0
1711464,321,-87.55732,0
1711474,315,-88.40057,0
1711484,312,-88.8222,0
1711494,320,-87.69786,0
1711504,322,-87.41679,0
1711514,317,-88.11949,0
1711524,306,-89.66544,0
1711534,312,-88.8222,0
1711544,315,-88.40057,0
1711554,317,-88.11949,0
1711564,316,-88.26003,0
1711574,319,-87.83841,0
1711584,319,-87.83841,0
1711594,319,-87.83841,0
1711604,320,-87.69786,0
1711614,319,-87.83841,0
1711624,311,-88.96274,0
1711634,313,-88.68166,0
1711644,312,-88.8222,0
1711654,311,-88.96274,0
1711664,322,-87.41679,0
1711674,316,-88.26003,0
1711684,316,-88.26003,0
1711694,321,-87.55732,0
1711704,316,-88.26003,0
1711714,316,-88.26003,0
1711724,318,-87.97894,0
1711734,317,-88.11949,0
1711744,316,-88.26003,0
1711754,313,-88.68166,0
1711764,311,-88.96274,0
1711774,310,-89.10328,0
1711784,310,-89.10328,0
1711794,312,-88.8222,0
1711804,312,-88.8222,0
1711814,321,-87.55732,0
1711824,314,-88.54111,0
1711834,318,-87.97894,0
1711844,317,-88.11949,0
1711854,318,-87.97894,0
1711864,314,-88.54111,0
1711874,311,-88.96274,0
1711884,316,-88.26003,0
1711894,315,-88.40057,0
1711904,324,-87.1357,0
1711914,316,-88.26003,0
1711924,320,-87.69786,0
1711934,314,-88.54111,0
1711944,319,-87.83841,0
1711954,317,-88.11949,0
1711964,317,-88.11949,0
1711974,319,-87.83841,0
1711984,311,-88.96274,0
1711994,318,-87.97894,0
1712004,317,-88.11949,0
1712014,314,-88.54111,0
1712024,312,-88.8222,0
1712034,322,-87.41679,0
1712044,312,-88.8222,0
1712054,312,-88.8222,0
1712064,316,-88.26003,0
1712074,314,-88.54111,0
1712084,314,-88.54111,0
1712094,313,-88.68166,0
1712104,315,-88.40057,0
1712114,313,-88.68166,0
1712124,310,-89.10328,0
1712134,315,-88.40057,0
1712144,318,-87.97894,0
1712154,322,-87.41679,0
1712164,321,-87.55732,0
1712174,318,-87.97894,0
1712184,317,-88.11949,0
1712194,312,-88.8222,0
1712204,316,-88.26003,0
1712214,311,-88.96274,0
1712224,313,-88.68166,0
1712234,318,-87.97894,0
1712244,313,-88.68166,0
1712254,316,-88.26003,0
1712264,318,-87.97894,0
1712274,320,-87.69786,0
1712284,317,-88.11949,0
1712294,317,-88.11949,0
1712304,317,-88.11949,0
1712314,311,-88.96274,0
1712324,309,-89.24382,0
1712334,318,-87.97894,0
1712344,319,-87.83841,0
1712354,317,-88.11949,0
1712364,313,-88.68166,0
1712374,312,-88.8222,0
1712384,314,-88.54111,0
1712394,315,-88.40057,0
1712404,321,-87.55732,0
1712414,312,-88.8222,0
1712424,313,-88.68166,0
1712434,320,-87.69786,0
1712444,322,-87.41679,0
1712454,320,-87.69786,0
1712464,320,-87.69786,0
1712474,318,-87.97894,0
1712484,313,-88.68166,0
1712494,313,-88.68166,0
1712504,315,-88.40057,0
1712514,316,-88.26003,0
1712524,309,-89.24382,0
1712534,312,-88.8222,0
1712544,313,-88.68166,0
1712554,315,-88.40057,0
1712564,318,-87.97894,0
1712574,314,-88.54111,0
1712584,313,-88.68166,0
1712594,316,-88.26003,0
1712604,317,-88.11949,0
1712614,315,-88.40057,0
1712624,315,-88.40057,0
1712634,313,-88.68166,0
1712644,316,-88.26003,0
1712654,319,-87.83841,0
1712664,317,-88.11949,0
1712674,318,-87.97894,0
1712684,318,-87.97894,0
1712694,319,-87.83841,0
1712704,314,-88.54111,0
1712714,318,-87.97894,0
1712724,323,-87.27624,0
1712734,317,-88.11949,0
1712744,309,-89.24382,0
1712754,313,-88.68166,0
1712764,312,-88.8222,0
1712774,318,-87.97894,0
1712784,321,-87.55732,0
1712794,313,-88.68166,0
1712804,312,-88.8222,0
1712814,312,-88.8222,0
1712824,312,-88.8222,0
1712834,315,-88.40057,0
1712844,311,-88.96274,0
1712854,315,-88.40057,0
1712864,313,-88.68166,0
1712874,308,-89.38436,0
1712884,318,-87.97894,0
1712894,311,-88.96274,0
1712904,317,-88.11949,0
1712914,315,-88.40057,0
1712924,317,-88.11949,0
1712934,315,-88.40057,0
1712944,316,-88.26003,0
1712954,312,-88.8222,0
1712964,320,-87.69786,0
1712974,312,-88.8222,0
1712984,310,-89.10328,0
1712994,312,-88.8222,0
1713004,319,-87.83841,0
1713014,318,-87.97894,0
1713024,313,-88.68166,0
1713034,321,-87.55732,0
1713044,317,-88.11949,0
1713054,310,-89.10328,0
1713064,322,-87.41679,0
1713074,315,-88.40057,0
1713084,310,-89.10328,0
1713094,314,-88.54111,0
1713104,321,-87.55732,0
1713114,314,-88.54111,0
1713124,321,-87.55732,0
1713134,322,-87.41679,0
1713144,316,-88.26003,0
1713154,312,-88.8222,0
1713164,318,-87.97894,0
1713174,321,-87.55732,0
1713184,316,-88.26003,0
1713194,314,-88.54111,0
1713204,318,-87.97894,0
1713214,315,-88.40057,0
1713224,312,-88.8222,0
1713234,316,-88.26003,0
1713244,316,-88.26003,0
1713254,315,-88.40057,0
1713264,316,-88.26003,0
1713274,319,-87.83841,0
1713284,314,-88.54111,0
1713294,315,-88.40057,0
1713304,312,-88.8222,0
1713314,314,-88.54111,0
1713324,312,-88.8222,0
1713334,306,-89.66544,0
1713344,318,-87.97894,0
1713354,323,-87.27624,0
1713364,311,-88.96274,0
1713374,316,-88.26003,0
1713384,317,-88.11949,0
1713394,317,-88.11949,0
1713404,327,-86.71407,0
1713414,318,-87.97894,0
1713424,310,-89.10328,0
1713434,314,-88.54111,0
1713444,314,-88.54111,0
1713454,315,-88.40057,0
1713464,317,-88.11949,0
1713474,315,-88.40057,0
1713484,318,-87.97894,0
1713494,312,-88.8222,0
1713504,316,-88.26003,0
1713514,315,-88.40057,0
1713524,315,-88.40057,0
1713534,317,-88.11949,0
1713544,314,-88.54111,0
1713554,318,-87.97894,0
1713564,320,-87.69786,0
1713574,315,-88.40057,0
1713584,321,-87.55732,0
1713594,317,-88.11949,0
1713604,319,-87.83841,0
1713614,321,-87.55732,0
1713624,309,-89.24382,0
1713634,320,-87.69786,0
1713644,319,-87.83841,0
1713654,316,-88.26003,0
1713664,306,-89.66544,0
1713674,320,-87.69786,0
1713684,315,-88.40057,0
1713694,320,-87.69786,0
1713704,317,-88.11949,0
1713714,319,-87.83841,0
1713724,313,-88.68166,0
1713734,320,-87.69786,0
1713744,313,-88.68166,0
1713754,317,-88.11949,0
1713764,315,-88.40057,0
1713774,307,-89.5249,0
1713784,320,-87.69786,0
1713794,312,-88.8222,0
1713804,316,-88.26003,0
1713814,313,-88.68166,0
1713824,316,-88.26003,0
1713834,319,-87.83841,0
1713844,311,-88.96274,0
1713854,323,-87.27624,0
1713864,318,-87.97894,0
1713874,313,-88.68166,0
1713884,323,-87.27624,0
1713894,314,-88.54111,0
1713904,320,-87.69786,0
1713914,319,-87.83841,0
1713924,314,-88.54111,0
1713934,322,-87.41679,0
1713944,323,-87.27624,0
1713954,316,-88.26003,0
1713964,319,-87.83841,0
1713974,313,-88.68166,0
1713984,315,-88.40057,0
1713994,312,-88.8222,0
1714004,315,-88.40057,0
1714014,318,-87.97894,0
1714024,319,-87.83841,0
1714034,316,-88.26003,0
1714044,322,-87.41679,0
1714054,314,-88.54111,0
1714064,320,-87.69786,0
1714074,317,-88.11949,0
1714084,317,-88.11949,0
1714094,315,-88.40057,0
1714104,319,-87.83841,0
1714114,317,-88.11949,0
1714124,317,-88.11949,0
1714134,324,-87.1357,0
1714144,315,-88.40057,0
1714154,317,-88.11949,0
1714164,318,-87.97894,0
1714174,319,-87.83841,0
1714184,312,-88.8222,0
1714194,321,-87.55732,0
1714204,312,-88.8222,0
1714214,319,-87.83841,0
1714224,311,-88.96274,0
1714234,314,-88.54111,0
1714244,318,-87.97894,0
1714254,323,-87.27624,0
1714264,312,-88.8222,0
1714274,311,-88.96274,0
1714284,314,-88.54111,0
1714294,321,-87.55732,0
1714304,324,-87.1357,0
1714314,316,-88.26003,0
1714324,315,-88.40057,0
1714334,320,-87.69786,0
1714344,319,-87.83841,0
1714354,322,-87.41679,0
1714364,315,-88.40057,0
1714374,324,-87.1357,0
1714384,322,-87.41679,0
1714394,315,-88.40057,0
1714404,316,-88.26003,0
1714414,316,-88.26003,0
1714424,323,-87.27624,0
1714434,315,-88.40057,0
1714444,311,-88.96274,0
1714454,314,-88.54111,0
1714464,322,-87.41679,0
1714474,310,-89.10328,0
1714484,316,-88.26003,0
1714494,317,-88.11949,0
1714504,320,-87.69786,0
1714514,315,-88.40057,0
1714524,314,-88.54111,0
1714534,319,-87.83841,0
1714544,316,-88.26003,0
1714554,310,-89.10328,0
1714564,319,-87.83841,0
1714574,313,-88.68166,0
1714584,314,-88.54111,0
1714594,310,-89.10328,0
1714604,313,-88.68166,0
1714614,317,-88.11949,0
1714624,319,-87.83841,0
1714634,320,-87.69786,0
1714644,316,-88.26003,0
1714654,317,-88.11949,0
1714664,315,-88.40057,0
1714674,313,-88.68166,0
1714684,315,-88.40057,0
1714694,321,-87.55732,0
1714704,317,-88.11949,0
1714714,318,-87.97894,0
1714724,309,-89.24382,0
1714734,318,-87.97894,0
1714744,318,-87.97894,0
1714754,318,-87.97894,0
1714764,314,-88.54111,0
1714774,310,-89.10328,0
1714784,313,-88.68166,0
1714794,310,-89.10328,0
1714804,311,-88.96274,0
1714814,312,-88.8222,0
1714824,320,-87.69786,0
1714834,313,-88.68166,0
1714844,321,-87.55732,0
1714854,321,-87.55732,0
1714864,311,-88.96274,0
1714874,314,-88.54111,0
1714884,318,-87.97894,0
1714894,314,-88.54111,0
1714904,314,-88.54111,0
1714914,319,-87.83841,0
1714924,317,-88.11949,0
1714934,315,-88.40057,0
1714944,319,-87.83841,0
1714954,312,-88.8222,0
1714964,319,-87.83841,0
1714974,314,-88.54111,0
1714984,321,-87.55732,0
1714994,319,-87.83841,0
1715004,313,-88.68166,0
1715014,313,-88.68166,0
1715024,312,-88.8222,0
1715034,323,-87.27624,0
1715044,309,-89.24382,0
1715054,321,-87.55732,0
1715064,316,-88.26003,0
1715074,314,-88.54111,0
1715084,317,-88.11949,0
1715094,311,-88.96274,0
1715104,314,-88.54111,0
1715114,320,-87.69786,0
1715124,315,-88.40057,0
1715134,310,-89.10328,0
1715144,316,-88.26003,0
1715154,311,-88.96274,0
1715164,316,-88.26003,0
1715174,315,-88.40057,0
1715184,320,-87.69786,0
1715194,318,-87.97894,0
1715204,316,-88.26003,0
1715214,322,-87.41679,0
1715224,316,-88.26003,0
1715234,318,-87.97894,0
1715244,312,-88.8222,0
1715254,313,-88.68166,0
1715264,310,-89.10328,0
1715274,313,-88.68166,0
1715284,316,-88.26003,0
1715294,320,-87.69786,0
1715304,314,-88.54111,0
1715314,317,-88.11949,0
1715324,318,-87.97894,0
1715334,326,-86.85461,0
1715344,311,-88.96274,0
1715354,313,-88.68166,0
1715364,318,-87.97894,0
1715374,308,-89.38436,0
1715384,316,-88.26003,0
1715394,318,-87.97894,0
1715404,317,-88.11949,0
1715414,314,-88.54111,0
1715424,315,-88.40057,0
1715434,315,-88.40057,0
1715444,315,-88.40057,0
1715454,318,-87.97894,0
1715464,315,-88.40057,0
1715474,318,-87.97894,0
1715484,317,-88.11949,0
1715494,317,-88.11949,0
1715504,319,-87.83841,0
1715514,313,-88.68166,0
1715524,318,-87.97894,0
1715534,316,-88.26003,0
1715544,317,-88.11949,0
1715554,319,-87.83841,0
1715564,310,-89.10328,0
1715574,313,-88.68166,0
1715584,320,-87.69786,0
1715594,314,-88.54111,0
1715604,322,-87.41679,0
1715614,314,-88.54111,0
1715624,318,-87.97894,0
1715634,323,-87.27624,0
1715644,317,-88.11949,0
1715654,316,-88.26003,0
1715664,311,-88.96274,0
1715674,310,-89.10328,0
1715684,316,-88.26003,0
1715694,314,-88.54111,0
1715704,314,-88.54111,0
1715714,313,-88.68166,0
1715724,311,-88.96274,0
1715734,321,-87.55732,0
1715744,314,-88.54111,0
1715754,320,-87.69786,0
1715764,326,-86.85461,0
1715774,316,-88.26003,0
1715784,316,-88.26003,0
1715794,311,-88.96274,0
1715804,313,-88.68166,0
1715814,317,-88.11949,0
1715824,324,-87.1357,0
1715834,315,-88.40057,0
1715844,315,-88.40057,0
1715854,319,-87.83841,0
1715864,320,-87.69786,0
1715874,317,-88.11949,0
1715884,318,-87.97894,0
1715894,309,-89.24382,0
1715904,317,-88.11949,0
1715914,319,-87.83841,0
1715924,311,-88.96274,0
1715934,310,-89.10328,0
1715944,317,-88.11949,0
1715954,319,-87.83841,0
1715964,316,-88.26003,0
1715974,320,-87.69786,0
1715984,318,-87.97894,0
1715994,320,-87.69786,0
1716004,310,-89.10328,0
1716014,313,-88.68166,0
1716024,319,-87.83841,0
1716034,316,-88.26003,0
1716044,318,-87.97894,0
1716054,322,-87.41679,0
1716064,309,-89.24382,0
1716074,311,-88.96274,0
1716084,310,-89.10328,0
1716094,317,-88.11949,0
1716104,316,-88.26003,0
1716114,320,-87.69786,0
1716124,319,-87.83841,0
1716134,308,-89.38436,0
1716144,316,-88.26003,0
1716154,318,-87.97894,0
1716164,319,-87.83841,0
1716174,322,-87.41679,0
1716184,321,-87.55732,0
1716194,311,-88.96274,0
1716204,316,-88.26003,0
1716214,320,-87.69786,0
1716224,314,-88.54111,0
1716234,321,-87.55732,0
1716244,315,-88.40057,0
1716254,316,-88.26003,0
1716264,315,-88.40057,0
1716274,316,-88.26003,0
1716284,320,-87.69786,0
1716294,322,-87.41679,0
1716304,317,-88.11949,0
1716314,313,-88.68166,0
1716324,314,-88.54111,0
1716334,322,-87.41679,0
1716344,319,-87.83841,0
1716354,316,-88.26003,0
1716364,307,-89.5249,0
1716374,311,-88.96274,0
1716384,313,-88.68166,0
1716394,312,-88.8222,0
1716404,318,-87.97894,0
1716414,317,-88.11949,0
1716424,309,-89.24382,0
1716434,316,-88.26003,0
1716444,316,-88.26003,0
1716454,312,-88.8222,0
1716464,320,-87.69786,0
1716474,318,-87.97894,0
1716484,312,-88.8222,0
1716494,315,-88.40057,0
1716504,318,-87.97894,0
1716514,313,-88.68166,0
1716524,313,-88.68166,0
1716534,320,-87.69786,0
1716544,316,-88.26003,0
1716554,318,-87.97894,0
1716564,323,-87.27624,0
1716574,320,-87.69786,0
1716584,315,-88.40057,0
1716594,320,-87.69786,0
1716604,312,-88.8222,0
1716614,311,-88.96274,0
1716624,321,-87.55732,0
1716634,316,-88.26003,0
1716644,312,-88.8222,0
1716654,324,-87.1357,0
1716664,316,-88.26003,0
1716674,314,-88.54111,0
1716684,322,-87.41679,0
1716694,320,-87.69786,0
1716704,319,-87.83841,0
1716714,314,-88.54111,0
1716724,312,-88.8222,0
1716734,316,-88.26003,0
1716744,316,-88.26003,0
1716754,312,-88.8222,0
1716764,313,-88.68166,0
1716774,318,-87.97894,0
1716784,319,-87.83841,0
1716794,315,-88.40057,0
1716804,315,-88.40057,0
1716814,320,-87.69786,0
1716824,314,-88.54111,0
1716834,312,-88.8222,0
1716844,313,-88.68166,0
1716854,321,-87.55732,0
1716864,318,-87.97894,0
1716874,317,-88.11949,0
1716884,315,-88.40057,0
1716894,315,-88.40057,0
1716904,316,-88.26003,0
1716914,317,-88.11949,0
1716924,322,-87.41679,0
1716934,303,-90.08707,0
1716944,318,-87.97894,0
1716954,314,-88.54111,0
1716964,319,-87.83841,0
1716974,313,-88.68166,0
1716984,318,-87.97894,0
1716994,317,-88.11949,0
1717004,318,-87.97894,0
1717014,319,-87.83841,0
1717024,318,-87.97894,0
1717034,323,-87.27624,0
1717044,317,-88.11949,0
1717054,311,-88.96274,0
1717064,317,-88.11949,0
1717074,317,-88.11949,0
1717084,316,-88.26003,0
1717094,316,-88.26003,0
1717104,322,-87.41679,0
1717114,317,-88.11949,0
1717124,321,-87.55732,0
1717134,324,-87.1357,0
1717144,319,-87.83841,0
1717154,316,-88.26003,0
1717164,303,-90.08707,0
1717174,307,-89.5249,0
1717184,320,-87.69786,0
1717194,313,-88.68166,0
1717204,321,-87.55732,0
1717214,319,-87.83841,0
1717224,322,-87.41679,0
1717234,323,-87.27624,0
1717244,319,-87.83841,0
1717254,318,-87.97894,0
1717264,316,-88.26003,0
1717274,317,-88.11949,0
1717284,314,-88.54111,0
1717294,313,-88.68166,0
1717304,325,-86.99516,0
1717314,318,-87.97894,0
1717324,317,-88.11949,0
1717334,320,-87.69786,0
1717344,316,-88.26003,0
1717354,312,-88.8222,0
1717364,310,-89.10328,0
1717374,323,-87.27624,0
1717384,318,-87.97894,0
1717394,314,-88.54111,0
1717404,317,-88.11949,0
1717414,314,-88.54111,0
1717424,312,-88.8222,0
1717434,311,-88.96274,0
1717444,312,-88.8222,0
1717454,314,-88.54111,0
1717464,315,-88.40057,0
1717474,312,-88.8222,0
1717484,310,-89.10328,0
1717494,315,-88.40057,0
1717504,312,-88.8222,0
1717514,308,-89.38436,0
1717524,313,-88.68166,0
1717534,319,-87.83841,0
1717544,311,-88.96274,0
1717554,316,-88.26003,0
1717564,316,-88.26003,0
1717574,318,-87.97894,0
1717584,313,-88.68166,0
1717594,321,-87.55732,0
1717604,314,-88.54111,0
1717614,315,-88.40057,0
1717624,309,-89.24382,0
1717634,323,-87.27624,0
1717644,315,-88.40057,0
1717654,316,-88.26003,0
1717664,318,-87.97894,0
1717674,317,-88.11949,0
1717684,318,-87.97894,0
1717694,322,-87.41679,0
1717704,314,-88.54111,0
1717714,315,-88.40057,0
1717724,313,-88.68166,0
1717734,316,-88.26003,0
1717744,314,-88.54111,0
1717754,326,-86.85461,0
1717764,317,-88.11949,0
1717774,312,-88.8222,0
1717784,311,-88.96274,0
1717794,318,-87.97894,0
1717804,319,-87.83841,0
1717814,317,-88.11949,0
1717824,316,-88.26003,0
1717834,318,-87.97894,0
1717844,311,-88.96274,0
1717854,306,-89.66544,0
1717864,315,-88.40057,0
1717874,319,-87.83841,0
1717884,322,-87.41679,0
1717894,312,-88.8222,0
1717904,311,-88.96274,0
1717914,320,-87.69786,0
1717924,318,-87.97894,0
1717934,319,-87.83841,0
1717944,314,-88.54111,0
1717954,316,-88.26003,0
1717964,313,-88.68166,0
1717974,320,-87.69786,0
1717984,315,-88.40057,0
1717994,316,-88.26003,0
1718004,325,-86.99516,0
1718014,317,-88.11949,0
1718024,318,-87.97894,0
1718034,327,-86.71407,0
1718044,318,-87.97894,0
1718054,315,-88.40057,0
1718064,320,-87.69786,0
1718074,307,-89.5249,0
1718084,325,-86.99516,0
1718094,315,-88.40057,0
1718104,316,-88.26003,0
1718114,319,-87.83841,0
1718124,316,-88.26003,0
1718134,319,-87.83841,0
1718144,319,-87.83841,0
1718154,319,-87.83841,0
1718164,319,-87.83841,0
1718174,317,-88.11949,0
1718184,319,-87.83841,0
1718194,314,-88.54111,0
1718204,318,-87.97894,0
1718214,317,-88.11949,0
1718224,315,-88.40057,0
1718234,308,-89.38436,0
1718244,322,-87.41679,0
1718254,324,-87.1357,0
1718264,315,-88.40057,0
1718274,313,-88.68166,0
1718284,309,-89.24382,0
1718294,313,-88.68166,0
1718304,319,-87.83841,0
1718314,321,-87.55732,0
1718324,319,-87.83841,0
1718334,309,-89.24382,0
1718344,318,-87.97894,0
1718354,322,-87.41679,0
1718364,316,-88.26003,0
1718374,318,-87.97894,0
1718384,314,-88.54111,0
1718394,315,-88.40057,0
1718404,318,-87.97894,0
1718414,313,-88.68166,0
1718424,314,-88.54111,0
1718434,316,-88.26003,0
1718444,314,-88.54111,0
1718454,318,-87.97894,0
1718464,320,-87.69786,0
1718474,315,-88.40057,0
1718484,317,-88.11949,0
1718494,323,-87.27624,0
1718504,309,-89.24382,0
1718514,310,-89.10328,0
1718524,312,-88.8222,0
1718534,322,-87.41679,0
1718544,315,-88.40057,0
1718554,317,-88.11949,0
1718564,309,-89.24382,0
1718574,323,-87.27624,0
1718584,319,-87.83841,0
1718594,317,-88.11949,0
1718604,314,-88.54111,0
1718614,314,-88.54111,0
1718624,309,-89.24382,0
1718634,311,-88.96274,0
1718644,306,-89.66544,0
1718654,320,-87.69786,0
1718664,312,-88.8222,0
1718674,318,-87.97894,0
1718684,309,-89.24382,0
1718694,316,-88.26003,0
1718704,316,-88.26003,0
1718714,318,-87.97894,0
1718724,317,-88.11949,0
1718734,312,-88.8222,0
1718744,314,-88.54111,0
1718754,315,-88.40057,0
1718764,316,-88.26003,0
1718774,314,-88.54111,0
1718784,317,-88.11949,0
1718794,319,-87.83841,0
1718804,322,-87.41679,0
1718814,316,-88.26003,0
1718824,316,-88.26003,0
1718834,320,-87.69786,0
1718844,314,-88.54111,0
1718854,315,-88.40057,0
1718864,319,-87.83841,0
1718874,312,-88.8222,0
1718884,316,-88.26003,0
1718894,311,-88.96274,0
1718904,317,-88.11949,0
1718914,323,-87.27624,0
1718924,321,-87.55732,0
1718934,322,-87.41679,0
1718944,313,-88.68166,0
1718954,320,-87.69786,0
1718964,318,-87.97894,0
1718974,320,-87.69786,0
1718984,320,-87.69786,0
1718994,311,-88.96274,0
1719004,320,-87.69786,0
1719014,320,-87.69786,0
1719024,316,-88.26003,0
1719034,320,-87.69786,0
1719044,317,-88.11949,0
1719054,319,-87.83841,0
1719064,313,-88.68166,0
1719074,316,-88.26003,0
1719084,319,-87.83841,0
1719094,318,-87.97894,0
1719104,325,-86.99516,0
1719114,312,-88.8222,0
1719124,324,-87.1357,0
1719134,320,-87.69786,0
1719144,312,-88.8222,0
1719154,315,-88.40057,0
1719164,316,-88.26003,0
1719174,319,-87.83841,0
1719184,313,-88.68166,0
1719194,313,-88.68166,0
1719204,320,-87.69786,0
1719214,321,-87.55732,0
1719224,316,-88.26003,0
1719234,320,-87.69786,0
1719244,320,-87.69786,0
1719254,320,-87.69786,0
1719264,319,-87.83841,0
1719274,313,-88.68166,0
1719284,316,-88.26003,0
1719294,317,-88.11949,0
1719304,315,-88.40057,0
1719314,311,-88.96274,0
1719324,320,-87.69786,0
1719334,318,-87.97894,0
1719344,311,-88.96274,0
1719354,316,-88.26003,0
1719364,318,-87.97894,0
1719374,318,-87.97894,0
1719384,315,-88.40057,0
1719394,318,-87.97894,0
1719404,318,-87.97894,0
1719414,317,-88.11949,0
1719424,316,-88.26003,0
1719434,316,-88.26003,0
1719444,309,-89.24382,0
1719454,315,-88.40057,0
1719464,318,-87.97894,0
1719474,313,-88.68166,0
1719484,311,-88.96274,0
1719494,318,-87.97894,0
1719504,315,-88.40057,0
1719514,318,-87.97894,0
1719524,311,-88.96274,0
1719534,316,-88.26003,0
1719544,311,-88.96274,0
1719554,316,-88.26003,0
1719564,320,-87.69786,0
1719574,322,-87.41679,0
1719584,317,-88.11949,0
1719594,323,-87.27624,0
1719604,325,-86.99516,0
1719614,320,-87.69786,0
1719624,325,-86.99516,0
1719634,314,-88.54111,0
1719644,313,-88.68166,0
1719654,315,-88.40057,0
1719664,308,-89.38436,0
1719674,323,-87.27624,0
1719684,319,-87.83841,0
1719694,320,-87.69786,0
1719704,325,-86.99516,0
1719714,317,-88.11949,0
1719724,312,-88.8222,0
1719734,322,-87.41679,0
1719744,310,-89.10328,0
1719754,317,-88.11949,0
1719764,311,-88.96274,0
1719774,323,-87.27624,0
1719784,317,-88.11949,0
1719794,317,-88.11949,0
1719804,314,-88.54111,0
1719814,323,-87.27624,0
1719824,314,-88.54111,0
1719834,315,-88.40057,0
1719844,317,-88.11949,0
1719854,322,-87.41679,0
1719864,312,-88.8222,0
1719874,318,-87.97894,0
1719884,316,-88.26003,0
1719894,314,-88.54111,0
1719904,312,-88.8222,0
1719914,318,-87.97894,0
1719924,322,-87.41679,0
1719934,315,-88.40057,0
1719944,317,-88.11949,0
1719954,316,-88.26003,0
1719964,317,-88.11949,0
1719974,319,-87.83841,0
1719984,319,-87.83841,0
1719994,316,-88.26003,0
1720004,316,-88.26003,0
1720014,321,-87.55732,0
1720024,321,-87.55732,0
1720034,320,-87.69786,0
1720044,317,-88.11949,0
1720054,321,-87.55732,0
1720064,318,-87.97894,0
1720074,316,-88.26003,0
1720084,318,-87.97894,0
1720094,318,-87.97894,0
1720104,317,-88.11949,0
1720114,317,-88.11949,0
1720124,320,-87.69786,0
1720134,322,-87.41679,0
1720144,317,-88.11949,0
1720154,311,-88.96274,0
1720164,328,-86.57353,0
1720174,322,-87.41679,0
1720184,315,-88.40057,0
1720194,318,-87.97894,0
1720204,315,-88.40057,0
1720214,313,-88.68166,0
1720224,314,-88.54111,0
1720234,316,-88.26003,0
1720244,320,-87.69786,0
1720254,322,-87.41679,0
1720264,320,-87.69786,0
1720274,323,-87.27624,0
1720284,322,-87.41679,0
1720294,314,-88.54111,0
1720304,319,-87.83841,0
1720314,314,-88.54111,0
1720324,320,-87.69786,0
1720334,318,-87.97894,0
1720344,306,-89.66544,0
1720354,314,-88.54111,0
1720364,312,-88.8222,0
1720374,321,-87.55732,0
1720384,322,-87.41679,0
1720394,316,-88.26003,0
1720404,320,-87.69786,0
1720414,316,-88.26003,0
1720424,316,-88.26003,0
1720434,319,-87.83841,0
1720444,316,-88.26003,0
1720454,315,-88.40057,0
1720464,323,-87.27624,0
1720474,318,-87.97894,0
1720484,315,-88.40057,0
1720494,319,-87.83841,0
1720504,311,-88.96274,0
1720514,314,-88.54111,0
1720524,322,-87.41679,0
1720534,311,-88.96274,0
1720544,315,-88.40057,0
1720554,320,-87.69786,0
1720564,313,-88.68166,0
1720574,316,-88.26003,0
1720584,315,-88.40057,0
1720594,322,-87.41679,0
1720604,321,-87.55732,0
1720614,317,-88.11949,0
1720624,315,-88.40057,0
1720634,311,-88.96274,0
1720644,314,-88.54111,0
1720654,314,-88.54111,0
1720664,312,-88.8222,0
1720674,311,-88.96274,0
1720684,322,-87.41679,0
1720694,317,-88.11949,0
1720704,320,-87.69786,0
1720714,312,-88.8222,0
1720724,316,-88.26003,0
1720734,318,-87.97894,0
1720744,327,-86.71407,0
1720754,317,-88.11949,0
1720764,317,-88.11949,0
1720774,309,-89.24382,0
1720784,320,-87.69786,0
1720794,318,-87.97894,0
1720804,318,-87.97894,0
1720814,313,-88.68166,0
1720824,315,-88.40057,0
1720834,320,-87.69786,0
1720844,321,-87.55732,0
1720854,322,-87.41679,0
1720864,317,-88.11949,0
1720874,314,-88.54111,0
1720884,315,-88.40057,0
1720894,313,-88.68166,0
1720904,315,-88.40057,0
1720914,314,-88.54111,0
1720924,315,-88.40057,0
1720934,319,-87.83841,0
1720944,325,-86.99516,0
1720954,315,-88.40057,0
1720964,320,-87.69786,0
1720974,319,-87.83841,0
1720984,321,-87.55732,0
1720994,317,-88.11949,0
1721004,316,-88.26003,0
1721014,320,-87.69786,0
1721024,318,-87.97894,0
1721034,318,-87.97894,0
1721044,318,-87.97894,0
1721054,316,-88.26003,0
1721064,315,-88.40057,0
1721074,318,-87.97894,0
1721084,310,-89.10328,0
1721094,315,-88.40057,0
1721104,319,-87.83841,0
1721114,313,-88.68166,0
1721124,316,-88.26003,0
1721134,319,-87.83841,0
1721144,322,-87.41679,0
1721154,320,-87.69786,0
1721164,318,-87.97894,0
1721174,321,-87.55732,0
1721184,322,-87.41679,0
1721194,316,-88.26003,0
1721204,315,-88.40057,0
1721214,317,-88.11949,0
1721224,315,-88.40057,0
1721234,316,-88.26003,0
1721244,323,-87.27624,0
1721254,323,-87.27624,0
1721264,315,-88.40057,0
1721274,319,-87.83841,0
1721284,317,-88.11949,0
1721294,321,-87.55732,0
1721304,318,-87.97894,0
1721314,317,-88.11949,0
1721324,316,-88.26003,0
1721334,317,-88.11949,0
1721344,314,-88.54111,0
1721354,305,-89.80598,0
1721364,320,-87.69786,0
1721374,313,-88.68166,0
1721384,319,-87.83841,0
1721394,316,-88.26003,0
1721404,317,-88.11949,0
1721414,313,-88.68166,0
1721424,321,-87.55732,0
1721434,317,-88.11949,0
1721444,318,-87.97894,0
1721454,312,-88.8222,0
1721464,320,-87.69786,0
1721474,318,-87.97894,0
1721484,308,-89.38436,0
1721494,308,-89.38436,0
1721504,316,-88.26003,0
1721514,309,-89.24382,0
1721524,316,-88.26003,0
1721534,316,-88.26003,0
1721544,325,-86.99516,0
1721554,319,-87.83841,0
1721564,321,-87.55732,0
1721574,315,-88.40057,0
1721584,313,-88.68166,0
1721594,318,-87.97894,0
1721604,318,-87.97894,0
1721614,318,-87.97894,0
1721624,317,-88.11949,0
1721634,316,-88.26003,0
1721644,315,-88.40057,0
1721654,316,-88.26003,0
1721664,313,-88.68166,0
1721674,317,-88.11949,0
1721684,310,-89.10328,0
1721694,325,-86.99516,0
1721704,318,-87.97894,0
1721714,318,-87.97894,0
1721724,314,-88.54111,0
1721734,316,-88.26003,0
1721744,320,-87.69786,0
1721754,314,-88.54111,0
1721764,323,-87.27624,0
1721774,319,-87.83841,0
1721784,313,-88.68166,0
1721794,321,-87.55732,0
1721804,321,-87.55732,0
1721814,312,-88.8222,0
1721824,319,-87.83841,0
1721834,323,-87.27624,0
1721844,316,-88.26003,0
1721854,320,-87.69786,0
1721864,314,-88.54111,0
1721874,318,-87.97894,0
1721884,318,-87.97894,0
1721894,313,-88.68166,0
1721904,311,-88.96274,0
1721914,312,-88.8222,0
1721924,321,-87.55732,0
1721934,320,-87.69786,0
1721944,318,-87.97894,0
1721954,318,-87.97894,0
1721964,316,-88.26003,0
1721974,318,-87.97894,0
1721984,318,-87.97894,0
1721994,315,-88.40057,0
1722004,312,-88.8222,0
1722014,313,-88.68166,0
1722024,318,-87.97894,0
1722034,318,-87.97894,0
1722044,319,-87.83841,0
1722054,324,-87.1357,0
1722064,314,-88.54111,0
1722074,320,-87.69786,0
1722084,317,-88.11949,0
1722094,321,-87.55732,0
1722104,320,-87.69786,0
1722114,319,-87.83841,0
1722124,311,-88.96274,0
1722134,312,-88.8222,0
1722144,326,-86.85461,0
1722154,315,-88.40057,0
1722164,319,-87.83841,0
1722174,323,-87.27624,0
1722184,315,-88.40057,0
1722194,312,-88.8222,0
1722204,317,-88.11949,0
1722214,322,-87.41679,0
1722224,314,-88.54111,0
1722234,318,-87.97894,0
1722244,318,-87.97894,0
1722254,313,-88.68166,0
1722264,314,-88.54111,0
1722274,316,-88.26003,0
1722284,317,-88.11949,0
1722294,320,-87.69786,0
1722304,309,-89.24382,0
1722314,320,-87.69786,0
1722324,316,-88.26003,0
1722334,318,-87.97894,0
1722344,319,-87.83841,0
1722354,316,-88.26003,0
1722364,312,-88.8222,0
1722374,312,-88.8222,0
1722384,319,-87.83841,0
1722394,317,-88.11949,0
1722404,316,-88.26003,0
1722414,318,-87.97894,0
1722424,322,-87.41679,0
1722434,317,-88.11949,0
1722444,321,-87.55732,0
1722454,317,-88.11949,0
1722464,316,-88.26003,0
1722474,314,-88.54111,0
1722484,319,-87.83841,0
1722494,308,-89.38436,0
1722504,321,-87.55732,0
1722514,319,-87.83841,0
1722524,316,-88.26003,0
1722534,316,-88.26003,0
1722544,315,-88.40057,0
1722554,316,-88.26003,0
1722564,315,-88.40057,0
1722574,312,-88.8222,0
1722584,314,-88.54111,0
1722594,317,-88.11949,0
1722604,318,-87.97894,0
1722614,320,-87.69786,0
1722624,326,-86.85461,0
1722634,316,-88.26003,0
1722644,318,-87.97894,0
1722654,321,-87.55732,0
1722664,319,-87.83841,0
1722674,317,-88.11949,0
1722684,316,-88.26003,0
1722694,315,-88.40057,0
1722704,313,-88.68166,0
1722714,311,-88.96274,0
1722724,323,-87.27624,0
1722734,314,-88.54111,0
1722744,315,-88.40057,0
1722754,323,-87.27624,0
1722764,314,-88.54111,0
1722774,321,-87.55732,0
1722784,319,-87.83841,0
1722794,317,-88.11949,0
1722804,318,-87.97894,0
1722814,314,-88.54111,0
1722824,323,-87.27624,0
1722834,315,-88.40057,0
1722844,314,-88.54111,0
1722854,315,-88.40057,0
1722864,315,-88.40057,0
1722874,324,-87.1357,0
1722884,313,-88.68166,0
1722894,316,-88.26003,0
1722904,316,-88.26003,0
1722914,316,-88.26003,0
1722924,324,-87.1357,0
1722934,320,-87.69786,0
1722944,304,-89.94653,0
1722954,319,-87.83841,0
1722964,312,-88.8222,0
1722974,320,-87.69786,0
1722984,313,-88.68166,0
1722994,321,-87.55732,0
1723004,315,-88.40057,0
1723014,316,-88.26003,0
1723024,314,-88.54111,0
1723034,311,-88.96274,0
1723044,321,-87.55732,0
1723054,319,-87.83841,0
1723064,315,-88.40057,0
1723074,318,-87.97894,0
1723084,320,-87.69786,0
1723094,316,-88.26003,0
1723104,319,-87.83841,0
1723114,320,-87.69786,0
1723124,319,-87.83841,0
1723134,304,-89.94653,0
1723144,314,-88.54111,0
1723154,318,-87.97894,0
1723164,316,-88.26003,0
1723174,316,-88.26003,0
1723184,310,-89.10328,0
1723194,323,-87.27624,0
1723204,320,-87.69786,0
1723214,314,-88.54111,0
1723224,317,-88.11949,0
1723234,322,-87.41679,0
1723244,309,-89.24382,0
1723254,315,-88.40057,0
1723264,306,-89.66544,0
1723274,318,-87.97894,0
1723284,312,-88.8222,0
1723294,318,-87.97894,0
1723304,322,-87.41679,0
1723314,321,-87.55732,0
1723324,320,-87.69786,0
1723334,317,-88.11949,0
1723344,325,-86.99516,0
1723354,315,-88.40057,0
1723364,311,-88.96274,0
1723374,323,-87.27624,0
1723384,315,-88.40057,0
1723394,325,-86.99516,0
1723404,320,-87.69786,0
1723414,309,-89.24382,0
1723424,320,-87.69786,0
1723434,317,-88.11949,0
1723444,312,-88.8222,0
1723454,320,-87.69786,0
1723464,313,-88.68166,0
1723474,309,-89.24382,0
1723484,315,-88.40057,0
1723494,310,-89.10328,0
1723504,317,-88.11949,0
1723514,319,-87.83841,0
1723524,320,-87.69786,0
1723534,314,-88.54111,0
1723544,316,-88.26003,0
1723554,314,-88.54111,0
1723564,309,-89.24382,0
1723574,314,-88.54111,0
1723584,315,-88.40057,0
1723594,314,-88.54111,0
1723604,313,-88.68166,0
1723614,311,-88.96274,0
1723624,312,-88.8222,0
1723634,316,-88.26003,0
1723644,316,-88.26003,0
1723654,315,-88.40057,0
1723664,317,-88.11949,0
1723674,318,-87.97894,0
1723684,317,-88.11949,0
1723694,313,-88.68166,0
1723704,319,-87.83841,0
1723714,314,-88.54111,0
1723724,312,-88.8222,0
1723734,314,-88.54111,0
1723744,311,-88.96274,0
1723754,314,-88.54111,0
1723764,312,-88.8222,0
1723774,317,-88.11949,0
1723784,319,-87.83841,0
1723794,313,-88.68166,0
1723804,326,-86.85461,0
1723814,316,-88.26003,0
1723824,316,-88.26003,0
1723834,318,-87.97894,0
1723844,322,-87.41679,0
1723854,320,-87.69786,0
1723864,325,-86.99516,0
1723874,316,-88.26003,0
1723884,312,-88.8222,0
1723894,320,-87.69786,0
1723904,318,-87.97894,0
1723914,316,-88.26003,0
1723924,315,-88.40057,0
1723934,314,-88.54111,0
1723944,318,-87.97894,0
1723954,316,-88.26003,0
1723964,310,-89.10328,0
1723974,318,-87.97894,0
1723984,313,-88.68166,0
1723994,317,-88.11949,0
1724004,320,-87.69786,0
1724014,320,-87.69786,0
1724024,315,-88.40057,0
1724034,317,-88.11949,0
1724044,312,-88.8222,0
1724054,319,-87.83841,0
1724064,314,-88.54111,0
1724074,319,-87.83841,0
1724084,317,-88.11949,0
1724094,317,-88.11949,0
1724104,315,-88.40057,0
1724114,318,-87.97894,0
1724124,314,-88.54111,0
1724134,325,-86.99516,0
1724144,324,-87.1357,0
1724154,322,-87.41679,0
1724164,316,-88.26003,0
1724174,318,-87.97894,0
1724184,315,-88.40057,0
1724194,311,-88.96274,0
1724204,311,-88.96274,0
1724214,322,-87.41679,0
1724224,315,-88.40057,0
1724234,326,-86.85461,0
1724244,320,-87.69786,0
1724254,315,-88.40057,0
1724264,315,-88.40057,0
1724274,314,-88.54111,0
1724284,316,-88.26003,0
1724294,317,-88.11949,0
1724304,311,-88.96274,0
1724314,319,-87.83841,0
1724324,319,-87.83841,0
1724334,323,-87.27624,0
1724344,320,-87.69786,0
1724354,318,-87.97894,0
1724364,318,-87.97894,0
1724374,326,-86.85461,0
1724384,316,-88.26003,0
1724394,318,-87.97894,0
1724404,313,-88.68166,0
1724414,324,-87.1357,0
1724424,311,-88.96274,0
1724434,309,-89.24382,0
1724444,317,-88.11949,0
1724454,319,-87.83841,0
1724464,320,-87.69786,0
1724474,319,-87.83841,0
1724484,319,-87.83841,0
1724494,320,-87.69786,0
1724504,316,-88.26003,0
1724514,313,-88.68166,0
1724524,322,-87.41679,0
1724534,314,-88.54111,0
1724544,320,-87.69786,0
1724554,321,-87.55732,0
1724564,317,-88.11949,0
1724574,327,-86.71407,0
1724584,315,-88.40057,0
1724594,321,-87.55732,0
1724604,316,-88.26003,0
1724614,316,-88.26003,0
1724624,314,-88.54111,0
1724634,315,-88.40057,0
1724644,319,-87.83841,0
1724654,318,-87.97894,0
1724664,319,-87.83841,0
1724674,323,-87.27624,0
1724684,312,-88.8222,0
1724694,313,-88.68166,0
1724704,318,-87.97894,0
1724714,313,-88.68166,0
1724724,315,-88.40057,0
1724734,306,-89.66544,0
1724744,315,-88.40057,0
1724754,322,-87.41679,0
1724764,316,-88.26003,0
1724774,315,-88.40057,0
1724784,313,-88.68166,0
1724794,324,-87.1357,0
1724804,314,-88.54111,0
1724814,321,-87.55732,0
1724824,321,-87.55732,0
1724834,315,-88.40057,0
1724844,315,-88.40057,0
1724854,319,-87.83841,0
1724864,319,-87.83841,0
1724874,311,-88.96274,0
1724884,314,-88.54111,0
1724894,312,-88.8222,0
1724904,316,-88.26003,0
1724914,317,-88.11949,0
1724924,317,-88.11949,0
1724934,310,-89.10328,0
1724944,319,-87.83841,0
1724954,315,-88.40057,0
1724964,315,-88.40057,0
1724974,314,-88.54111,0
1724984,324,-87.1357,0
1724994,325,-86.99516,0
1725004,323,-87.27624,0
1725014,318,-87.97894,0
1725024,319,-87.83841,0
1725034,313,-88.68166,0
1725044,315,-88.40057,0
1725054,320,-87.69786,0
1725064,319,-87.83841,0
1725074,307,-89.5249,0
1725084,316,-88.26003,0
1725094,320,-87.69786,0
1725104,314,-88.54111,0
1725114,322,-87.41679,0
1725124,324,-87.1357,0
1725134,318,-87.97894,0
1725144,317,-88.11949,0
1725154,319,-87.83841,0
1725164,319,-87.83841,0
1725174,318,-87.97894,0
1725184,319,-87.83841,0
1725194,315,-88.40057,0
1725204,319,-87.83841,0
1725214,314,-88.54111,0
1725224,321,-87.55732,0
1725234,322,-87.41679,0
1725244,313,-88.68166,0
1725254,321,-87.55732,0
1725264,319,-87.83841,0
1725274,317,-88.11949,0
1725284,316,-88.26003,0
1725294,311,-88.96274,0
1725304,317,-88.11949,0
1725314,317,-88.11949,0
1725324,313,-88.68166,0
1725334,314,-88.54111,0
1725344,319,-87.83841,0
1725354,320,-87.69786,0
1725364,320,-87.69786,0
1725374,321,-87.55732,0
1725384,316,-88.26003,0
1725394,321,-87.55732,0
1725404,311,-88.96274,0
1725414,316,-88.26003,0
1725424,316,-88.26003,0
1725434,318,-87.97894,0
1725444,321,-87.55732,0
1725454,321,-87.55732,0
1725464,323,-87.27624,0
1725474,322,-87.41679,0
1725484,323,-87.27624,0
1725494,313,-88.68166,0
1725504,313,-88.68166,0
1725514,312,-88.8222,0
1725524,315,-88.40057,0
1725534,310,-89.10328,0
1725544,313,-88.68166,0
1725554,314,-88.54111,0
1725564,307,-89.5249,0
1725574,318,-87.97894,0
1725584,312,-88.8222,0
1725594,317,-88.11949,0
1725604,315,-88.40057,0
1725614,312,-88.8222,0
1725624,317,-88.11949,0
1725634,309,-89.24382,0
1725644,320,-87.69786,0
1725654,313,-88.68166,0
1725664,321,-87.55732,0
1725674,313,-88.68166,0
1725684,314,-88.54111,0
1725694,318,-87.97894,0
1725704,315,-88.40057,0
1725714,327,-86.71407,0
1725724,325,-86.99516,0
1725734,312,-88.8222,0
1725744,314,-88.54111,0
1725754,315,-88.40057,0
1725764,312,-88.8222,0
1725774,315,-88.40057,0
1725784,312,-88.8222,0
1725794,325,-86.99516,0
1725804,320,-87.69786,0
1725814,312,-88.8222,0
1725824,319,-87.83841,0
1725834,322,-87.41679,0
1725844,316,-88.26003,0
1725854,315,-88.40057,0
1725864,317,-88.11949,0
1725874,323,-87.27624,0
1725884,313,-88.68166,0
1725894,322,-87.41679,0
1725904,317,-88.11949,0
1725914,321,-87.55732,0
1725924,317,-88.11949,0
1725934,315,-88.40057,0
1725944,324,-87.1357,0
1725954,317,-88.11949,0
1725964,313,-88.68166,0
1725974,323,-87.27624,0
1725984,314,-88.54111,0
1725994,318,-87.97894,0
1726004,318,-87.97894,0
1726014,321,-87.55732,0
1726024,311,-88.96274,0
1726034,318,-87.97894,0
1726044,321,-87.55732,0
1726054,322,-87.41679,0
1726064,318,-87.97894,0
1726074,318,-87.97894,0
1726084,314,-88.54111,0
1726094,311,-88.96274,0
1726104,325,-86.99516,0
1726114,319,-87.83841,0
1726124,328,-86.57353,0
1726134,315,-88.40057,0
1726144,322,-87.41679,0
1726154,322,-87.41679,0
1726164,311,-88.96274,0
1726174,326,-86.85461,0
1726184,310,-89.10328,0
1726194,316,-88.26003,0
1726204,320,-87.69786,0
1726214,313,-88.68166,0
1726224,321,-87.55732,0
1726234,316,-88.26003,0
1726244,317,-88.11949,0
1726254,307,-89.5249,0
1726264,320,-87.69786,0
1726274,319,-87.83841,0
1726284,320,-87.69786,0
1726294,312,-88.8222,0
1726304,321,-87.55732,0
1726314,322,-87.41679,0
1726324,321,-87.55732,0
1726334,316,-88.26003,0
1726344,317,-88.11949,0
1726354,318,-87.97894,0
1726364,318,-87.97894,0
1726374,318,-87.97894,0
1726384,317,-88.11949,0
1726394,314,-88.54111,0
1726404,317,-88.11949,0
1726414,313,-88.68166,0
1726424,318,-87.97894,0
1726434,315,-88.40057,0
1726444,317,-88.11949,0
1726454,316,-88.26003,0
1726464,320,-87.69786,0
1726474,316,-88.26003,0
1726484,321,-87.55732,0
1726494,315,-88.40057,0
1726504,318,-87.97894,0
1726514,318,-87.97894,0
1726524,309,-89.24382,0
1726534,314,-88.54111,0
1726544,321,-87.55732,0
1726554,314,-88.54111,0
1726564,318,-87.97894,0
1726574,314,-88.54111,0
1726584,320,-87.69786,0
1726594,319,-87.83841,0
1726604,320,-87.69786,0
1726614,312,-88.8222,0
1726624,315,-88.40057,0
1726634,313,-88.68166,0
1726644,322,-87.41679,0
1726654,310,-89.10328,0
1726664,319,-87.83841,0
1726674,320,-87.69786,0
1726684,316,-88.26003,0
1726694,319,-87.83841,0
1726704,318,-87.97894,0
1726714,318,-87.97894,0
1726724,320,-87.69786,0
1726734,316,-88.26003,0
1726744,317,-88.11949,0
1726754,319,-87.83841,0
1726764,322,-87.41679,0
1726774,318,-87.97894,0
1726784,312,-88.8222,0
1726794,315,-88.40057,0
1726804,322,-87.41679,0
1726814,317,-88.11949,0
1726824,315,-88.40057,0
1726834,319,-87.83841,0
1726844,329,-86.43299,0
1726854,317,-88.11949,0
1726864,307,-89.5249,0
1726874,312,-88.8222,0
1726884,311,-88.96274,0
1726894,319,-87.83841,0
1726904,320,-87.69786,0
1726914,318,-87.97894,0
1726924,316,-88.26003,0
1726934,318,-87.97894,0
1726944,322,-87.41679,0
1726954,318,-87.97894,0
1726964,315,-88.40057,0
1726974,315,-88.40057,0
1726984,309,-89.24382,0
1726994,317,-88.11949,0
1727004,318,-87.97894,0
1727014,321,-87.55732,0
1727024,313,-88.68166,0
1727034,322,-87.41679,0
1727044,317,-88.11949,0
1727054,318,-87.97894,0
1727064,318,-87.97894,0
1727074,324,-87.1357,0
1727084,314,-88.54111,0
1727094,313,-88.68166,0
1727104,315,-88.40057,0
1727114,316,-88.26003,0
1727124,325,-86.99516,0
1727134,320,-87.69786,0
1727144,315,-88.40057,0
1727154,322,-87.41679,0
1727164,321,-87.55732,0
1727174,321,-87.55732,0
1727184,315,-88.40057,0
1727194,318,-87.97894,0
1727204,317,-88.11949,0
1727214,312,-88.8222,0
1727224,315,-88.40057,0
1727234,319,-87.83841,0
1727244,323,-87.27624,0
1727254,311,-88.96274,0
1727264,309,-89.24382,0
1727274,318,-87.97894,0
1727284,324,-87.1357,0
1727294,319,-87.83841,0
1727304,317,-88.11949,0
1727314,316,-88.26003,0
1727324,317,-88.11949,0
1727334,310,-89.10328,0
1727344,317,-88.11949,0
1727354,317,-88.11949,0
1727364,321,-87.55732,0
1727374,316,-88.26003,0
1727384,313,-88.68166,0
1727394,324,-87.1357,0
1727404,323,-87.27624,0
1727414,321,-87.55732,0
1727424,315,-88.40057,0
1727434,314,-88.54111,0
1727444,319,-87.83841,0
1727454,320,-87.69786,0
1727464,320,-87.69786,0
1727474,319,-87.83841,0
1727484,322,-87.41679,0
1727494,320,-87.69786,0
1727504,312,-88.8222,0
1727514,314,-88.54111,0
1727524,316,-88.26003,0
1727534,316,-88.26003,0
1727544,310,-89.10328,0
1727554,317,-88.11949,0
1727564,318,-87.97894,0
1727574,323,-87.27624,0
1727584,314,-88.54111,0
1727594,324,-87.1357,0
1727604,326,-86.85461,0
1727614,317,-88.11949,0
1727624,321,-87.55732,0
1727634,321,-87.55732,0
1727644,315,-88.40057,0
1727654,313,-88.68166,0
1727664,319,-87.83841,0
1727674,322,-87.41679,0
1727684,316,-88.26003,0
1727694,323,-87.27624,0
1727704,315,-88.40057,0
1727714,319,-87.83841,0
1727724,318,-87.97894,0
1727734,308,-89.38436,0
1727744,320,-87.69786,0
1727754,322,-87.41679,0
1727764,313,-88.68166,0
1727774,319,-87.83841,0
1727784,320,-87.69786,0
1727794,317,-88.11949,0
1727804,307,-89.5249,0
1727814,316,-88.26003,0
1727824,319,-87.83841,0
1727834,324,-87.1357,0
1727844,320,-87.69786,0
1727854,310,-89.10328,0
1727864,317,-88.11949,0
1727874,313,-88.68166,0
1727884,316,-88.26003,0
1727894,320,-87.69786,0
1727904,314,-88.54111,0
1727914,323,-87.27624,0
1727924,310,-89.10328,0
1727934,316,-88.26003,0
1727944,321,-87.55732,0
1727954,319,-87.83841,0
1727964,322,-87.41679,0
1727974,322,-87.41679,0
1727984,310,-89.10328,0
1727994,309,-89.24382,0
1728004,310,-89.10328,0
1728014,312,-88.8222,0
1728024,316,-88.26003,0
1728034,315,-88.40057,0
1728044,316,-88.26003,0
1728054,322,-87.41679,0
1728064,317,-88.11949,0
1728074,321,-87.55732,0
1728084,318,-87.97894,0
1728094,317,-88.11949,0
1728104,316,-88.26003,0
1728114,315,-88.40057,0
1728124,320,-87.69786,0
1728134,317,-88.11949,0
1728144,317,-88.11949,0
1728154,316,-88.26003,0
1728164,311,-88.96274,0
1728174,317,-88.11949,0
1728184,321,-87.55732,0
1728194,324,-87.1357,0
1728204,313,-88.68166,0
1728214,330,-86.29245,0
1728224,313,-88.68166,0
1728234,315,-88.40057,0
1728244,318,-87.97894,0
1728254,311,-88.96274,0
1728264,318,-87.97894,0
1728274,323,-87.27624,0
1728284,315,-88.40057,0
1728294,315,-88.40057,0
1728304,308,-89.38436,0
1728314,321,-87.55732,0
1728324,321,-87.55732,0
1728334,311,-88.96274,0
1728344,314,-88.54111,0
1728354,315,-88.40057,0
1728364,311,-88.96274,0
1728374,317,-88.11949,0
1728384,318,-87.97894,0
1728394,319,-87.83841,0
1728404,321,-87.55732,0
1728414,320,-87.69786,0
1728424,321,-87.55732,0
1728434,311,-88.96274,0
1728444,316,-88.26003,0
1728454,312,-88.8222,0
1728464,322,-87.41679,0
1728474,322,-87.41679,0
1728484,321,-87.55732,0
1728494,315,-88.40057,0
1728504,326,-86.85461,0
1728514,319,-87.83841,0
1728524,320,-87.69786,0
1728534,318,-87.97894,0
1728544,316,-88.26003,0
1728554,312,-88.8222,0
1728564,317,-88.11949,0
1728574,316,-88.26003,0
1728584,317,-88.11949,0
1728594,315,-88.40057,0
1728604,320,-87.69786,0
1728614,321,-87.55732,0
1728624,322,-87.41679,0
1728634,321,-87.55732,0
1728644,318,-87.97894,0
1728654,319,-87.83841,0
1728664,316,-88.26003,0
1728674,318,-87.97894,0
1728684,322,-87.41679,0
1728694,323,-87.27624,0
1728704,314,-88.54111,0
1728714,318,-87.97894,0
1728724,317,-88.11949,0
1728734,316,-88.26003,0
1728744,318,-87.97894,0
1728754,321,-87.55732,0
1728764,316,-88.26003,0
1728774,319,-87.83841,0
1728784,319,-87.83841,0
1728794,310,-89.10328,0
1728804,312,-88.8222,0
1728814,315,-88.40057,0
1728824,316,-88.26003,0
1728834,318,-87.97894,0
1728844,319,-87.83841,0
1728854,318,-87.97894,0
1728864,313,-88.68166,0
1728874,311,-88.96274,0
1728884,322,-87.41679,0
1728894,316,-88.26003,0
1728904,313,-88.68166,0
1728914,318,-87.97894,0
1728924,318,-87.97894,0
1728934,323,-87.27624,0
1728944,321,-87.55732,0
1728954,316,-88.26003,0
1728964,321,-87.55732,0
1728974,312,-88.8222,0
1728984,322,-87.41679,0
1728994,317,-88.11949,0
1729004,315,-88.40057,0
1729014,316,-88.26003,0
1729024,321,-87.55732,0
1729034,310,-89.10328,0
1729044,318,-87.97894,0
1729054,318,-87.97894,0
1729064,314,-88.54111,0
1729074,321,-87.55732,0
1729084,314,-88.54111,0
1729094,329,-86.43299,0
1729104,319,-87.83841,0
1729114,322,-87.41679,0
1729124,315,-88.40057,0
1729134,320,-87.69786,0
1729144,318,-87.97894,0
1729154,317,-88.11949,0
1729164,315,-88.40057,0
1729174,324,-87.1357,0
1729184,320,-87.69786,0
1729194,327,-86.71407,0
1729204,312,-88.8222,0
1729214,320,-87.69786,0
1729224,318,-87.97894,0
1729234,313,-88.68166,0
1729244,318,-87.97894,0
1729254,317,-88.11949,0
1729264,325,-86.99516,0
1729274,322,-87.41679,0
1729284,321,-87.55732,0
1729294,318,-87.97894,0
1729304,321,-87.55732,0
1729314,322,-87.41679,0
1729324,318,-87.97894,0
1729334,317,-88.11949,0
1729344,314,-88.54111,0
1729354,317,-88.11949,0
1729364,315,-88.40057,0
1729374,316,-88.26003,0
1729384,320,-87.69786,0
1729394,323,-87.27624,0
1729404,318,-87.97894,0
1729414,319,-87.83841,0
1729424,318,-87.97894,0
1729434,320,-87.69786,0
1729444,313,-88.68166,0
1729454,320,-87.69786,0
1729464,313,-88.68166,0
1729474,325,-86.99516,0
1729484,316,-88.26003,0
1729494,315,-88.40057,0
1729504,320,-87.69786,0
1729514,318,-87.97894,0
1729524,310,-89.10328,0
1729534,317,-88.11949,0
1729544,318,-87.97894,0
1729554,312,-88.8222,0
1729564,311,-88.96274,0
1729574,318,-87.97894,0
1729584,314,-88.54111,0
1729594,321,-87.55732,0
1729604,323,-87.27624,0
1729614,314,-88.54111,0
1729624,320,-87.69786,0
1729634,312,-88.8222,0
1729644,323,-87.27624,0
1729654,324,-87.1357,0
1729664,311,-88.96274,0
1729674,317,-88.11949,0
1729684,311,-88.96274,0
1729694,314,-88.54111,0
1729704,313,-88.68166,0
1729714,316,-88.26003,0
1729724,318,-87.97894,0
1729734,318,-87.97894,0
1729744,323,-87.27624,0
1729754,319,-87.83841,0
1729764,320,-87.69786,0
1729774,318,-87.97894,0
1729784,318,-87.97894,0
1729794,313,-88.68166,0
1729804,322,-87.41679,0
1729814,319,-87.83841,0
1729824,319,-87.83841,0
1729834,318,-87.97894,0
1729844,321,-87.55732,0
1729854,318,-87.97894,0
1729864,319,-87.83841,0
1729874,322,-87.41679,0
1729884,324,-87.1357,0
1729894,318,-87.97894,0
1729904,319,-87.83841,0
1729914,316,-88.26003,0
1729924,318,-87.97894,0
1729934,318,-87.97894,0
1729944,321,-87.55732,0
1729954,318,-87.97894,0
1729964,317,-88.11949,0
1729974,322,-87.41679,0
1729984,317,-88.11949,0
1729994,324,-87.1357,0
1730004,320,-87.69786,0
1730014,314,-88.54111,0
1730024,315,-88.40057,0
1730034,317,-88.11949,0
1730044,319,-87.83841,0
1730054,317,-88.11949,0
1730064,322,-87.41679,0
1730074,311,-88.96274,0
1730084,324,-87.1357,0
1730094,315,-88.40057,0
1730104,320,-87.69786,0
1730114,317,-88.11949,0
1730124,317,-88.11949,0
1730134,321,-87.55732,0
1730144,313,-88.68166,0
1730154,320,-87.69786,0
1730164,311,-88.96274,0
1730174,319,-87.83841,0
1730184,320,-87.69786,0
1730194,314,-88.54111,0
1730204,321,-87.55732,0
1730214,321,-87.55732,0
1730224,318,-87.97894,0
1730234,316,-88.26003,0
1730244,319,-87.83841,0
1730254,320,-87.69786,0
1730264,314,-88.54111,0
1730274,322,-87.41679,0
1730284,310,-89.10328,0
1730294,321,-87.55732,0
1730304,318,-87.97894,0
1730314,313,-88.68166,0
1730324,321,-87.55732,0
1730334,314,-88.54111,0
1730344,314,-88.54111,0
1730354,312,-88.8222,0
1730364,315,-88.40057,0
1730374,315,-88.40057,0
1730384,320,-87.69786,0
1730394,316,-88.26003,0
1730404,320,-87.69786,0
1730414,320,-87.69786,0
1730424,314,-88.54111,0
1730434,316,-88.26003,0
1730444,318,-87.97894,0
1730454,308,-89.38436,0
1730464,317,-88.11949,0
1730474,313,-88.68166,0
1730484,330,-86.29245,0
1730494,324,-87.1357,0
1730504,321,-87.55732,0
1730514,325,-86.99516,0
1730524,314,-88.54111,0
1730534,315,-88.40057,0
1730544,320,-87.69786,0
1730554,325,-86.99516,0
1730564,312,-88.8222,0
1730574,315,-88.40057,0
1730584,311,-88.96274,0
1730594,320,-87.69786,0
1730604,315,-88.40057,0
1730614,318,-87.97894,0
1730624,322,-87.41679,0
1730634,317,-88.11949,0
1730644,317,-88.11949,0
1730654,318,-87.97894,0
1730664,319,-87.83841,0
1730674,320,-87.69786,0
1730684,317,-88.11949,0
1730694,318,-87.97894,0
1730704,312,-88.8222,0
1730714,318,-87.97894,0
1730724,319,-87.83841,0
1730734,318,-87.97894,0
1730744,317,-88.11949,0
1730754,321,-87.55732,0
1730764,315,-88.40057,0
1730774,316,-88.26003,0
1730784,321,-87.55732,0
1730794,319,-87.83841,0
1730804,314,-88.54111,0
1730814,316,-88.26003,0
1730824,318,-87.97894,0
1730834,318,-87.97894,0
1730844,321,-87.55732,0
1730854,320,-87.69786,0
1730864,318,-87.97894,0
1730874,314,-88.54111,0
1730884,318,-87.97894,0
1730894,320,-87.69786,0
1730904,311,-88.96274,0
1730914,321,-87.55732,0
1730924,316,-88.26003,0
1730934,319,-87.83841,0
1730944,323,-87.27624,0
1730954,317,-88.11949,0
1730964,312,-88.8222,0
1730974,317,-88.11949,0
1730984,320,-87.69786,0
1730994,325,-86.99516,0
1731004,322,-87.41679,0
1731014,315,-88.40057,0
1731024,321,-87.55732,0
1731034,319,-87.83841,0
1731044,321,-87.55732,0
1731054,313,-88.68166,0
1731064,321,-87.55732,0
1731074,320,-87.69786,0
1731084,315,-88.40057,0
1731094,329,-86.43299,0
1731104,319,-87.83841,0
1731114,323,-87.27624,0
1731124,309,-89.24382,0
1731134,313,-88.68166,0
1731144,315,-88.40057,0
1731154,311,-88.96274,0
1731164,323,-87.27624,0
1731174,312,-88.8222,0
1731184,313,-88.68166,0
1731194,319,-87.83841,0
1731204,312,-88.8222,0
1731214,322,-87.41679,0
1731224,320,-87.69786,0
1731234,319,-87.83841,0
1731244,318,-87.97894,0
1731254,315,-88.40057,0
1731264,318,-87.97894,0
1731274,311,-88.96274,0
1731284,315,-88.40057,0
1731294,320,-87.69786,0
1731304,314,-88.54111,0
1731314,320,-87.69786,0
1731324,316,-88.26003,0
1731334,314,-88.54111,0
1731344,310,-89.10328,0
1731354,313,-88.68166,0
1731364,314,-88.54111,0
1731374,315,-88.40057,0
1731384,316,-88.26003,0
1731394,323,-87.27624,0
1731404,322,-87.41679,0
1731414,319,-87.83841,0
1731424,316,-88.26003,0
1731434,319,-87.83841,0
1731444,324,-87.1357,0
1731454,312,-88.8222,0
1731464,319,-87.83841,0
1731474,315,-88.40057,0
1731484,322,-87.41679,0
1731494,316,-88.26003,0
1731504,318,-87.97894,0
1731514,320,-87.69786,0
1731524,316,-88.26003,0
1731534,311,-88.96274,0
1731544,311,-88.96274,0
1731554,315,-88.40057,0
1731564,317,-88.11949,0
1731574,321,-87.55732,0
1731584,318,-87.97894,0
1731594,322,-87.41679,0
1731604,314,-88.54111,0
1731614,318,-87.97894,0
1731624,318,-87.97894,0
1731634,314,-88.54111,0
1731644,319,-87.83841,0
1731654,316,-88.26003,0
1731664,314,-88.54111,0
1731674,313,-88.68166,0
1731684,312,-88.8222,0
1731694,319,-87.83841,0
1731704,317,-88.11949,0
1731714,319,-87.83841,0
1731724,311,-88.96274,0
1731734,319,-87.83841,0
1731744,317,-88.11949,0
1731754,324,-87.1357,0
1731764,317,-88.11949,0
1731774,316,-88.26003,0
1731784,317,-88.11949,0
1731794,311,-88.96274,0
1731804,319,-87.83841,0
1731814,312,-88.8222,0
1731824,317,-88.11949,0
1731834,316,-88.26003,0
1731844,313,-88.68166,0
1731854,318,-87.97894,0
1731864,316,-88.26003,0
1731874,314,-88.54111,0
1731884,318,-87.97894,0
1731894,321,-87.55732,0
1731904,319,-87.83841,0
1731914,322,-87.41679,0
1731924,314,-88.54111,0
1731934,322,-87.41679,0
1731944,320,-87.69786,0
1731954,325,-86.99516,0
1731964,324,-87.1357,0
1731974,317,-88.11949,0
1731984,316,-88.26003,0
1731994,318,-87.97894,0
1732004,325,-86.99516,0
1732014,323,-87.27624,0
1732024,312,-88.8222,0
1732034,318,-87.97894,0
1732044,314,-88.54111,0
1732054,317,-88.11949,0
1732064,316,-88.26003,0
1732074,321,-87.55732,0
1732084,315,-88.40057,0
1732094,323,-87.27624,0
1732104,322,-87.41679,0
1732114,319,-87.83841,0
1732124,318,-87.97894,0
1732134,312,-88.8222,0
1732144,318,-87.97894,0
1732154,317,-88.11949,0
1732164,319,-87.83841,0
1732174,317,-88.11949,0
1732184,320,-87.69786,0
1732194,317,-88.11949,0
1732204,317,-88.11949,0
1732214,322,-87.41679,0
1732224,322,-87.41679,0
1732234,316,-88.26003,0
1732244,315,-88.40057,0
1732254,322,-87.41679,0
1732264,323,-87.27624,0
1732274,318,-87.97894,0
1732284,329,-86.43299,0
1732294,318,-87.97894,0
1732304,319,-87.83841,0
1732314,319,-87.83841,0
1732324,322,-87.41679,0
1732334,319,-87.83841,0
1732344,319,-87.83841,0
1732354,315,-88.40057,0
1732364,314,-88.54111,0
1732374,318,-87.97894,0
1732384,322,-87.41679,0
1732394,321,-87.55732,0
1732404,324,-87.1357,0
1732414,320,-87.69786,0
1732424,321,-87.55732,0
1732434,322,-87.41679,0
1732444,321,-87.55732,0
1732454,326,-86.85461,0
1732464,325,-86.99516,0
1732474,315,-88.40057,0
1732484,313,-88.68166,0
1732494,317,-88.11949,0
1732504,322,-87.41679,0
1732514,320,-87.69786,0
1732524,323,-87.27624,0
1732534,309,-89.24382,0
1732544,314,-88.54111,0
1732554,318,-87.97894,0
1732564,316,-88.26003,0
1732574,323,-87.27624,0
1732584,322,-87.41679,0
1732594,316,-88.26003,0
1732604,321,-87.55732,0
1732614,320,-87.69786,0
1732624,316,-88.26003,0
1732634,317,-88.11949,0
1732644,323,-87.27624,0
1732654,323,-87.27624,0
1732664,322,-87.41679,0
1732674,319,-87.83841,0
1732684,314,-88.54111,0
1732694,317,-88.11949,0
1732704,314,-88.54111,0
1732714,310,-89.10328,0
1732724,319,-87.83841,0
1732734,317,-88.11949,0
1732744,325,-86.99516,0
1732754,316,-88.26003,0
1732764,314,-88.54111,0
1732774,315,-88.40057,0
1732784,315,-88.40057,0
1732794,322,-87.41679,0
1732804,318,-87.97894,0
1732814,313,-88.68166,0
1732824,316,-88.26003,0
1732834,317,-88.11949,0
1732844,329,-86.43299,0
1732854,317,-88.11949,0
1732864,319,-87.83841,0
1732874,318,-87.97894,0
1732884,315,-88.40057,0
1732894,316,-88.26003,0
1732904,319,-87.83841,0
1732914,323,-87.27624,0
1732924,311,-88.96274,0
1732934,323,-87.27624,0
1732944,321,-87.55732,0
1732954,322,-87.41679,0
1732964,324,-87.1357,0
1732974,319,-87.83841,0
1732984,320,-87.69786,0
1732994,316,-88.26003,0
1733004,319,-87.83841,0
1733014,319,-87.83841,0
1733024,316,-88.26003,0
1733034,312,-88.8222,0
1733044,312,-88.8222,0
1733054,312,-88.8222,0
1733064,319,-87.83841,0
1733074,320,-87.69786,0
1733084,321,-87.55732,0
1733094,317,-88.11949,0
1733104,320,-87.69786,0
1733114,320,-87.69786,0
1733124,320,-87.69786,0
1733134,318,-87.97894,0
1733144,315,-88.40057,0
1733154,313,-88.68166,0
1733164,319,-87.83841,0
1733174,315,-88.40057,0
1733184,319,-87.83841,0
1733194,313,-88.68166,0
1733204,318,-87.97894,0
1733214,318,-87.97894,0
1733224,320,-87.69786,0
1733234,318,-87.97894,0
1733244,319,-87.83841,0
1733254,314,-88.54111,0
1733264,315,-88.40057,0
1733274,311,-88.96274,0
1733284,315,-88.40057,0
1733294,324,-87.1357,0
1733304,316,-88.26003,0
1733314,319,-87.83841,0
1733324,319,-87.83841,0
1733334,317,-88.11949,0
1733344,317,-88.11949,0
1733354,318,-87.97894,0
1733364,317,-88.11949,0
1733374,314,-88.54111,0
1733384,316,-88.26003,0
1733394,316,-88.26003,0
1733404,321,-87.55732,0
1733414,318,-87.97894,0
1733424,319,-87.83841,0
1733434,319,-87.83841,0
1733444,319,-87.83841,0
1733454,314,-88.54111,0
1733464,326,-86.85461,0
1733474,319,-87.83841,0
1733484,315,-88.40057,0
1733494,315,-88.40057,0
1733504,326,-86.85461,0
1733514,317,-88.11949,0
1733524,315,-88.40057,0
1733534,315,-88.40057,0
1733544,315,-88.40057,0
1733554,309,-89.24382,0
1733564,307,-89.5249,0
1733574,313,-88.68166,0
1733584,316,-88.26003,0
1733594,315,-88.40057,0
1733604,318,-87.97894,0
1733614,326,-86.85461,0
1733624,317,-88.11949,0
1733634,318,-87.97894,0
1733644,316,-88.26003,0
1733654,325,-86.99516,0
1733664,315,-88.40057,0
1733674,321,-87.55732,0
1733684,317,-88.11949,0
1733694,311,-88.96274,0
1733704,321,-87.55732,0
1733714,318,-87.97894,0
1733724,314,-88.54111,0
1733734,322,-87.41679,0
1733744,317,-88.11949,0
1733754,319,-87.83841,0
1733764,317,-88.11949,0
1733774,319,-87.83841,0
1733784,322,-87.41679,0
1733794,318,-87.97894,0
1733804,313,-88.68166,0
1733814,310,-89.10328,0
1733824,315,-88.40057,0
1733834,310,-89.10328,0
1733844,324,-87.1357,0
1733854,320,-87.69786,0
1733864,318,-87.97894,0
1733874,316,-88.26003,0
1733884,320,-87.69786,0
1733894,315,-88.40057,0
1733904,320,-87.69786,0
1733914,322,-87.41679,0
1733924,317,-88.11949,0
1733934,317,-88.11949,0
1733944,317,-88.11949,0
1733954,317,-88.11949,0
1733964,317,-88.11949,0
1733974,318,-87.97894,0
1733984,319,-87.83841,0
1733994,318,-87.97894,0
1734004,321,-87.55732,0
1734014,316,-88.26003,0
1734024,320,-87.69786,0
1734034,314,-88.54111,0
1734044,322,-87.41679,0
1734054,322,-87.41679,0
1734064,319,-87.83841,0
1734074,317,-88.11949,0
1734084,318,-87.97894,0
1734094,311,-88.96274,0
1734104,325,-86.99516,0
1734114,318,-87.97894,0
1734124,322,-87.41679,0
1734134,310,-89.10328,0
1734144,320,-87.69786,0
1734154,310,-89.10328,0
1734164,316,-88.26003,0
1734174,317,-88.11949,0
1734184,318,-87.97894,0
1734194,318,-87.97894,0
1734204,325,-86.99516,0
1734214,322,-87.41679,0
1734224,320,-87.69786,0
1734234,319,-87.83841,0
1734244,318,-87.97894,0
1734254,320,-87.69786,0
1734264,311,-88.96274,0
1734274,319,-87.83841,0
1734284,316,-88.26003,0
1734294,317,-88.11949,0
1734304,320,-87.69786,0
1734314,319,-87.83841,0
1734324,317,-88.11949,0
1734334,322,-87.41679,0
1734344,326,-86.85461,0
1734354,322,-87.41679,0
1734364,317,-88.11949,0
1734374,323,-87.27624,0
1734384,313,-88.68166,0
1734394,320,-87.69786,0
1734404,320,-87.69786,0
1734414,324,-87.1357,0
1734424,312,-88.8222,0
1734434,317,-88.11949,0
1734444,327,-86.71407,0
1734454,318,-87.97894,0
1734464,319,-87.83841,0
1734474,321,-87.55732,0
1734484,321,-87.55732,0
1734494,315,-88.40057,0
1734504,316,-88.26003,0
1734514,316,-88.26003,0
1734524,315,-88.40057,0
1734534,320,-87.69786,0
1734544,319,-87.83841,0
1734554,320,-87.69786,0
1734564,317,-88.11949,0
1734574,321,-87.55732,0
1734584,319,-87.83841,0
1734594,323,-87.27624,0
1734604,314,-88.54111,0
1734614,316,-88.26003,0
1734624,318,-87.97894,0
1734634,318,-87.97894,0
1734644,317,-88.11949,0
1734654,315,-88.40057,0
1734664,314,-88.54111,0
1734674,316,-88.26003,0
1734684,311,-88.96274,0
1734694,320,-87.69786,0
1734704,318,-87.97894,0
1734714,315,-88.40057,0
1734724,316,-88.26003,0
1734734,318,-87.97894,0
1734744,319,-87.83841,0
1734754,317,-88.11949,0
1734764,324,-87.1357,0
1734774,314,-88.54111,0
1734784,323,-87.27624,0
1734794,321,-87.55732,0
1734804,316,-88.26003,0
1734814,323,-87.27624,0
1734824,315,-88.40057,0
1734834,313,-88.68166,0
1734844,315,-88.40057,0
1734854,313,-88.68166,0
1734864,317,-88.11949,0
1734874,317,-88.11949,0
1734884,320,-87.69786,0
1734894,320,-87.69786,0
1734904,321,-87.55732,0
1734914,318,-87.97894,0
1734924,310,-89.10328,0
1734934,313,-88.68166,0
1734944,313,-88.68166,0
1734954,314,-88.54111,0
1734964,321,-87.55732,0
1734974,318,-87.97894,0
1734984,318,-87.97894,0
1734994,315,-88.40057,0
1735004,325,-86.99516,0
1735014,311,-88.96274,0
1735024,316,-88.26003,0
1735034,321,-87.55732,0
1735044,317,-88.11949,0
1735054,313,-88.68166,0
1735064,316,-88.26003,0
1735074,312,-88.8222,0
1735084,320,-87.69786,0
1735094,323,-87.27624,0
1735104,321,-87.55732,0
1735114,318,-87.97894,0
1735124,321,-87.55732,0
1735134,321,-87.55732,0
1735144,316,-88.26003,0
1735154,323,-87.27624,0
1735164,310,-89.10328,0
1735174,314,-88.54111,0
1735184,317,-88.11949,0
1735194,321,-87.55732,0
1735204,320,-87.69786,0
1735214,329,-86.43299,0
1735224,320,-87.69786,0
1735234,325,-86.99516,0
1735244,311,-88.96274,0
1735254,322,-87.41679,0
1735264,319,-87.83841,0
1735274,314,-88.54111,0
1735284,315,-88.40057,0
1735294,319,-87.83841,0
1735304,321,-87.55732,0
1735314,322,-87.41679,0
1735324,313,-88.68166,0
1735334,318,-87.97894,0
1735344,316,-88.26003,0
1735354,321,-87.55732,0
1735364,321,-87.55732,0
1735374,319,-87.83841,0
1735384,318,-87.97894,0
1735394,312,-88.8222,0
1735404,318,-87.97894,0
1735414,320,-87.69786,0
1735424,320,-87.69786,0
1735434,316,-88.26003,0
1735444,321,-87.55732,0
1735454,319,-87.83841,0
1735464,320,-87.69786,0
1735474,321,-87.55732,0
1735484,318,-87.97894,0
1735494,311,-88.96274,0
1735504,323,-87.27624,0
1735514,320,-87.69786,0
1735524,314,-88.54111,0
1735534,317,-88.11949,0
1735544,310,-89.10328,0
1735554,310,-89.10328,0
1735564,314,-88.54111,0
1735574,319,-87.83841,0
1735584,322,-87.41679,0
1735594,315,-88.40057,0
1735604,321,-87.55732,0
1735614,316,-88.26003,0
1735624,318,-87.97894,0
1735634,319,-87.83841,0
1735644,319,-87.83841,0
1735654,322,-87.41679,0
1735664,317,-88.11949,0
1735674,317,-88.11949,0
1735684,318,-87.97894,0
1735694,314,-88.54111,0
1735704,313,-88.68166,0
1735714,322,-87.41679,0
1735724,315,-88.40057,0
1735734,308,-89.38436,0
1735744,309,-89.24382,0
1735754,315,-88.40057,0
1735764,322,-87.41679,0
1735774,321,-87.55732,0
1735784,324,-87.1357,0
1735794,328,-86.57353,0
1735804,322,-87.41679,0
1735814,321,-87.55732,0
1735824,319,-87.83841,0
1735834,315,-88.40057,0
1735844,320,-87.69786,0
1735854,316,-88.26003,0
1735864,319,-87.83841,0
1735874,317,-88.11949,0
1735884,317,-88.11949,0
1735894,316,-88.26003,0
1735904,323,-87.27624,0
1735914,320,-87.69786,0
1735924,319,-87.83841,0
1735934,325,-86.99516,0
1735944,320,-87.69786,0
1735954,307,-89.5249,0
1735964,310,-89.10328,0
1735974,316,-88.26003,0
1735984,325,-86.99516,0
1735994,324,-87.1357,0
1736004,319,-87.83841,0
1736014,321,-87.55732,0
1736024,323,-87.27624,0
1736034,323,-87.27624,0
1736044,320,-87.69786,0
1736054,314,-88.54111,0
1736064,308,-89.38436,0
1736074,321,-87.55732,0
1736084,323,-87.27624,0
1736094,320,-87.69786,0
1736104,325,-86.99516,0
1736114,320,-87.69786,0
1736124,319,-87.83841,0
1736134,316,-88.26003,0
1736144,323,-87.27624,0
1736154,316,-88.26003,0
1736164,316,-88.26003,0
1736174,312,-88.8222,0
1736184,322,-87.41679,0
1736194,316,-88.26003,0
1736204,313,-88.68166,0
1736214,320,-87.69786,0
1736224,316,-88.26003,0
1736234,323,-87.27624,0
1736244,315,-88.40057,0
1736254,319,-87.83841,0
1736264,325,-86.99516,0
1736274,318,-87.97894,0
1736284,317,-88.11949,0
1736294,316,-88.26003,0
1736304,325,-86.99516,0
1736314,315,-88.40057,0
1736324,317,-88.11949,0
1736334,318,-87.97894,0
1736344,325,-86.99516,0
1736354,313,-88.68166,0
1736364,314,-88.54111,0
1736374,327,-86.71407,0
1736384,320,-87.69786,0
1736394,312,-88.8222,0
1736404,310,-89.10328,0
1736414,331,-86.1519,0
1736424,318,-87.97894,0
1736434,321,-87.55732,0
1736444,318,-87.97894,0
1736454,318,-87.97894,0
1736464,326,-86.85461,0
1736474,318,-87.97894,0
1736484,322,-87.41679,0
1736494,323,-87.27624,0
1736504,323,-87.27624,0
1736514,318,-87.97894,0
1736524,315,-88.40057,0
1736534,316,-88.26003,0
1736544,317,-88.11949,0
1736554,320,-87.69786,0
1736564,318,-87.97894,0
1736574,324,-87.1357,0
1736584,309,-89.24382,0
1736594,319,-87.83841,0
1736604,319,-87.83841,0
1736614,321,-87.55732,0
1736624,315,-88.40057,0
1736634,319,-87.83841,0
1736644,316,-88.26003,0
1736654,317,-88.11949,0
1736664,324,-87.1357,0
1736674,318,-87.97894,0
1736684,316,-88.26003,0
1736694,319,-87.83841,0
1736704,317,-88.11949,0
1736714,317,-88.11949,0
1736724,322,-87.41679,0
1736734,315,-88.40057,0
1736744,318,-87.97894,0
1736754,319,-87.83841,0
1736764,321,-87.55732,0
1736774,311,-88.96274,0
1736784,323,-87.27624,0
1736794,319,-87.83841,0
1736804,325,-86.99516,0
1736814,314,-88.54111,0
1736824,311,-88.96274,0
1736834,320,-87.69786,0
1736844,313,-88.68166,0
1736854,319,-87.83841,0
1736864,314,-88.54111,0
1736874,311,-88.96274,0
1736884,326,-86.85461,0
1736894,312,-88.8222,0
1736904,315,-88.40057,0
1736914,315,-88.40057,0
1736924,316,-88.26003,0
1736934,316,-88.26003,0
1736944,325,-86.99516,0
1736954,319,-87.83841,0
1736964,312,-88.8222,0
1736974,314,-88.54111,0
1736984,319,-87.83841,0
1736994,321,-87.55732,0
1737004,323,-87.27624,0
1737014,318,-87.97894,0
1737024,319,-87.83841,0
1737034,322,-87.41679,0
1737044,316,-88.26003,0
1737054,323,-87.27624,0
1737064,315,-88.40057,0
1737074,316,-88.26003,0
1737084,317,-88.11949,0
1737094,316,-88.26003,0
1737104,322,-87.41679,0
1737114,322,-87.41679,0
1737124,319,-87.83841,0
1737134,325,-86.99516,0
1737144,322,-87.41679,0
1737154,319,-87.83841,0
1737164,325,-86.99516,0
1737174,320,-87.69786,0
1737184,311,-88.96274,0
1737194,318,-87.97894,0
1737204,316,-88.26003,0
1737214,319,-87.83841,0
1737224,321,-87.55732,0
1737234,323,-87.27624,0
1737244,315,-88.40057,0
1737254,322,-87.41679,0
1737264,320,-87.69786,0
1737274,317,-88.11949,0
1737284,319,-87.83841,0
1737294,316,-88.26003,0
1737304,321,-87.55732,0
1737314,314,-88.54111,0
1737324,320,-87.69786,0
1737334,325,-86.99516,0
1737344,322,-87.41679,0
1737354,318,-87.97894,0
1737364,321,-87.55732,0
1737374,316,-88.26003,0
1737384,324,-87.1357,0
1737394,317,-88.11949,0
1737404,322,-87.41679,0
1737414,314,-88.54111,0
1737424,320,-87.69786,0
1737434,319,-87.83841,0
1737444,323,-87.27624,0
1737454,319,-87.83841,0
1737464,323,-87.27624,0
1737474,322,-87.41679,0
1737484,315,-88.40057,0
1737494,322,-87.41679,0
1737504,323,-87.27624,0
1737514,320,-87.69786,0
1737524,320,-87.69786,0
1737534,317,-88.11949,0
1737544,315,-88.40057,0
1737554,318,-87.97894,0
1737564,312,-88.8222,0
1737574,315,-88.40057,0
1737584,320,-87.69786,0
1737594,316,-88.26003,0
1737604,322,-87.41679,0
1737614,325,-86.99516,0
1737624,313,-88.68166,0
1737634,319,-87.83841,0
1737644,314,-88.54111,0
1737654,313,-88.68166,0
1737664,316,-88.26003,0
1737674,320,-87.69786,0
1737684,317,-88.11949,0
1737694,323,-87.27624,0
1737704,319,-87.83841,0
1737714,316,-88.26003,0
1737724,316,-88.26003,0
1737734,313,-88.68166,0
1737744,318,-87.97894,0
1737754,315,-88.40057,0
1737764,312,-88.8222,0
1737774,318,-87.97894,0
1737784,322,-87.41679,0
1737794,316,-88.26003,0
1737804,323,-87.27624,0
1737814,313,-88.68166,0
1737824,321,-87.55732,0
1737834,314,-88.54111,0
1737844,328,-86.57353,0
1737854,313,-88.68166,0
1737864,310,-89.10328,0
1737874,312,-88.8222,0
1737884,321,-87.55732,0
1737894,315,-88.40057,0
1737904,315,-88.40057,0
1737914,310,-89.10328,0
1737924,317,-88.11949,0
1737934,318,-87.97894,0
1737944,310,-89.10328,0
1737954,323,-87.27624,0
1737964,312,-88.8222,0
1737974,315,-88.40057,0
1737984,318,-87.97894,0
1737994,315,-88.40057,0
1738004,317,-88.11949,0
1738014,314,-88.54111,0
1738024,320,-87.69786,0
1738034,320,-87.69786,0
1738044,317,-88.11949,0
1738054,321,-87.55732,0
1738064,317,-88.11949,0
1738074,315,-88.40057,0
1738084,320,-87.69786,0
1738094,318,-87.97894,0
1738104,318,-87.97894,0
1738114,321,-87.55732,0
1738124,320,-87.69786,0
1738134,316,-88.26003,0
1738144,326,-86.85461,0
1738154,323,-87.27624,0
1738164,328,-86.57353,0
1738174,319,-87.83841,0
1738184,318,-87.97894,0
1738194,317,-88.11949,0
1738204,319,-87.83841,0
1738214,319,-87.83841,0
1738224,320,-87.69786,0
1738234,322,-87.41679,0
1738244,318,-87.97894,0
1738254,319,-87.83841,0
1738264,323,-87.27624,0
1738274,320,-87.69786,0
1738284,323,-87.27624,0
1738294,318,-87.97894,0
1738304,321,-87.55732,0
1738314,322,-87.41679,0
1738324,322,-87.41679,0
1738334,319,-87.83841,0
1738344,320,-87.69786,0
1738354,312,-88.8222,0
1738364,323,-87.27624,0
1738374,322,-87.41679,0
1738384,316,-88.26003,0
1738394,322,-87.41679,0
1738404,320,-87.69786,0
1738414,319,-87.83841,0
1738424,313,-88.68166,0
1738434,321,-87.55732,0
1738444,317,-88.11949,0
1738454,323,-87.27624,0
1738464,323,-87.27624,0
1738474,324,-87.1357,0
1738484,323,-87.27624,0
1738494,322,-87.41679,0
1738504,321,-87.55732,0
1738514,316,-88.26003,0
1738524,316,-88.26003,0
1738534,319,-87.83841,0
1738544,321,-87.55732,0
1738554,316,-88.26003,0
1738564,316,-88.26003,0
1738574,321,-87.55732,0
1738584,314,-88.54111,0
1738594,320,-87.69786,0
1738604,314,-88.54111,0
1738614,320,-87.69786,0
1738624,322,-87.41679,0
1738634,320,-87.69786,0
1738644,319,-87.83841,0
1738654,325,-86.99516,0
1738664,314,-88.54111,0
1738674,321,-87.55732,0
1738684,320,-87.69786,0
1738694,314,-88.54111,0
1738704,317,-88.11949,0
1738714,320,-87.69786,0
1738724,320,-87.69786,0
1738734,319,-87.83841,0
1738744,315,-88.40057,0
1738754,313,-88.68166,0
1738764,319,-87.83841,0
1738774,320,-87.69786,0
1738784,323,-87.27624,0
1738794,316,-88.26003,0
1738804,319,-87.83841,0
1738814,316,-88.26003,0
1738824,316,-88.26003,0
1738834,318,-87.97894,0
1738844,317,-88.11949,0
1738854,323,-87.27624,0
1738864,313,-88.68166,0
1738874,321,-87.55732,0
1738884,317,-88.11949,0
1738894,322,-87.41679,0
1738904,316,-88.26003,0
1738914,325,-86.99516,0
1738924,317,-88.11949,0
1738934,317,-88.11949,0
1738944,311,-88.96274,0
1738954,314,-88.54111,0
1738964,314,-88.54111,0
1738974,322,-87.41679,0
1738984,315,-88.40057,0
1738994,318,-87.97894,0
1739004,324,-87.1357,0
1739014,320,-87.69786,0
1739024,312,-88.8222,0
1739034,314,-88.54111,0
1739044,320,-87.69786,0
1739054,310,-89.10328,0
1739064,324,-87.1357,0
1739074,322,-87.41679,0
1739084,312,-88.8222,0
1739094,317,-88.11949,0
1739104,324,-87.1357,0
1739114,317,-88.11949,0
1739124,313,-88.68166,0
1739134,316,-88.26003,0
1739144,322,-87.41679,0
1739154,322,-87.41679,0
1739164,321,-87.55732,0
1739174,316,-88.26003,0
1739184,319,-87.83841,0
1739194,313,-88.68166,0
1739204,318,-87.97894,0
1739214,324,-87.1357,0
1739224,313,-88.68166,0
1739234,325,-86.99516,0
1739244,313,-88.68166,0
1739254,321,-87.55732,0
1739264,317,-88.11949,0
1739274,320,-87.69786,0
1739284,326,-86.85461,0
1739294,321,-87.55732,0
1739304,319,-87.83841,0
1739314,318,-87.97894,0
1739324,317,-88.11949,0
1739334,318,-87.97894,0
1739344,310,-89.10328,0
1739354,319,-87.83841,0
1739364,321,-87.55732,0
1739374,320,-87.69786,0
1739384,322,-87.41679,0
1739394,325,-86.99516,0
1739404,318,-87.97894,0
1739414,317,-88.11949,0
1739424,322,-87.41679,0
1739434,318,-87.97894,0
1739444,321,-87.55732,0
1739454,319,-87.83841,0
1739464,313,-88.68166,0
1739474,316,-88.26003,0
1739484,322,-87.41679,0
1739494,321,-87.55732,0
1739504,314,-88.54111,0
1739514,320,-87.69786,0
1739524,316,-88.26003,0
1739534,316,-88.26003,0
1739544,313,-88.68166,0
1739554,315,-88.40057,0
1739564,315,-88.40057,0
1739574,314,-88.54111,0
1739584,316,-88.26003,0
1739594,311,-88.96274,0
1739604,314,-88.54111,0
1739614,318,-87.97894,0
1739624,325,-86.99516,0
1739634,318,-87.97894,0
1739644,317,-88.11949,0
1739654,320,-87.69786,0
1739664,313,-88.68166,0
1739674,319,-87.83841,0
1739684,315,-88.40057,0
1739694,319,-87.83841,0
1739704,316,-88.26003,0
1739714,318,-87.97894,0
1739724,320,-87.69786,0
1739734,319,-87.83841,0
1739744,318,-87.97894,0
1739754,322,-87.41679,0
1739764,312,-88.8222,0
1739774,315,-88.40057,0
1739784,317,-88.11949,0
1739794,316,-88.26003,0
1739804,322,-87.41679,0
1739814,320,-87.69786,0
1739824,323,-87.27624,0
1739834,317,-88.11949,0
1739844,315,-88.40057,0
1739854,315,-88.40057,0
1739864,315,-88.40057,0
1739874,320,-87.69786,0
1739884,314,-88.54111,0
1739894,315,-88.40057,0
1739904,320,-87.69786,0
1739914,320,-87.69786,0
1739924,320,-87.69786,0
1739934,316,-88.26003,0
1739944,320,-87.69786,0
1739954,311,-88.96274,0
1739964,321,-87.55732,0
1739974,319,-87.83841,0
1739984,316,-88.26003,0
1739994,317,-88.11949,0
1740004,316,-88.26003,0
1740014,327,-86.71407,0
1740024,323,-87.27624,0
1740034,320,-87.69786,0
1740044,325,-86.99516,0
1740054,327,-86.71407,0
1740064,324,-87.1357,0
1740074,314,-88.54111,0
1740084,319,-87.83841,0
1740094,321,-87.55732,0
1740104,315,-88.40057,0
1740114,313,-88.68166,0
1740124,321,-87.55732,0
1740134,325,-86.99516,0
1740144,322,-87.41679,0
1740154,315,-88.40057,0
1740164,319,-87.83841,0
1740174,316,-88.26003,0
1740184,316,-88.26003,0
1740194,323,-87.27624,0
1740204,314,-88.54111,0
1740214,319,-87.83841,0
1740224,315,-88.40057,0
1740234,321,-87.55732,0
1740244,319,-87.83841,0
1740254,312,-88.8222,0
1740264,316,-88.26003,0
1740274,321,-87.55732,0
1740284,324,-87.1357,0
1740294,322,-87.41679,0
1740304,323,-87.27624,0
1740314,316,-88.26003,0
1740324,319,-87.83841,0
1740334,313,-88.68166,0
1740344,320,-87.69786,0
1740354,316,-88.26003,0
1740364,322,-87.41679,0
1740374,318,-87.97894,0
1740384,315,-88.40057,0
1740394,326,-86.85461,0
1740404,316,-88.26003,0
1740414,321,-87.55732,0
1740424,320,-87.69786,0
1740434,316,-88.26003,0
1740444,316,-88.26003,0
1740454,317,-88.11949,0
1740464,320,-87.69786,0
1740474,318,-87.97894,0
1740484,315,-88.40057,0
1740494,314,-88.54111,0
1740504,318,-87.97894,0
1740514,315,-88.40057,0
1740524,322,-87.41679,0
1740534,323,-87.27624,0
1740544,309,-89.24382,0
1740554,317,-88.11949,0
1740564,313,-88.68166,0
1740574,326,-86.85461,0
1740584,319,-87.83841,0
1740594,317,-88.11949,0
1740604,316,-88.26003,0
1740614,327,-86.71407,0
1740624,319,-87.83841,0
1740634,321,-87.55732,0
1740644,319,-87.83841,0
1740654,315,-88.40057,0
1740664,320,-87.69786,0
1740674,319,-87.83841,0
1740684,319,-87.83841,0
1740694,318,-87.97894,0
1740704,325,-86.99516,0
1740714,319,-87.83841,0
1740724,322,-87.41679,0
1740734,323,-87.27624,0
1740744,319,-87.83841,0
1740754,313,-88.68166,0
1740764,320,-87.69786,0
1740774,318,-87.97894,0
1740784,320,-87.69786,0
1740794,314,-88.54111,0
1740804,321,-87.55732,0
1740814,316,-88.26003,0
1740824,317,-88.11949,0
1740834,321,-87.55732,0
1740844,319,-87.83841,0
1740854,321,-87.55732,0
1740864,325,-86.99516,0
1740874,315,-88.40057,0
1740884,316,-88.26003,0
1740894,314,-88.54111,0
1740904,322,-87.41679,0
1740914,311,-88.96274,0
1740924,329,-86.43299,0
1740934,315,-88.40057,0
1740944,319,-87.83841,0
1740954,313,-88.68166,0
1740964,317,-88.11949,0
1740974,323,-87.27624,0
1740984,328,-86.57353,0
1740994,322,-87.41679,0
1741004,321,-87.55732,0
1741014,319,-87.83841,0
1741024,317,-88.11949,0
1741034,325,-86.99516,0
1741044,322,-87.41679,0
1741054,323,-87.27624,0
1741064,320,-87.69786,0
1741074,325,-86.99516,0
1741084,316,-88.26003,0
1741094,323,-87.27624,0
1741104,309,-89.24382,0
1741114,316,-88.26003,0
1741124,321,-87.55732,0
1741134,322,-87.41679,0
1741144,319,-87.83841,0
1741154,318,-87.97894,0
1741164,319,-87.83841,0
1741174,315,-88.40057,0
1741184,320,-87.69786,0
1741194,318,-87.97894,0
1741204,318,-87.97894,0
1741214,316,-88.26003,0
1741224,314,-88.54111,0
1741234,318,-87.97894,0
1741244,322,-87.41679,0
1741254,321,-87.55732,0
1741264,319,-87.83841,0
1741274,319,-87.83841,0
1741284,309,-89.24382,0
1741294,314,-88.54111,0
1741304,320,-87.69786,0
1741314,317,-88.11949,0
1741324,314,-88.54111,0
1741334,322,-87.41679,0
1741344,322,-87.41679,0
1741354,323,-87.27624,0
1741364,318,-87.97894,0
1741374,316,-88.26003,0
1741384,316,-88.26003,0
1741394,324,-87.1357,0
1741404,322,-87.41679,0
1741414,318,-87.97894,0
1741424,315,-88.40057,0
1741434,317,-88.11949,0
1741444,321,-87.55732,0
1741454,323,-87.27624,0
1741464,315,-88.40057,0
1741474,320,-87.69786,0
1741484,315,-88.40057,0
1741494,323,-87.27624,0
1741504,323,-87.27624,0
1741514,318,-87.97894,0
1741524,317,-88.11949,0
1741534,321,-87.55732,0
1741544,320,-87.69786,0
1741554,312,-88.8222,0
1741564,321,-87.55732,0
1741574,314,-88.54111,0
1741584,323,-87.27624,0
1741594,318,-87.97894,0
1741604,310,-89.10328,0
1741614,317,-88.11949,0
1741624,322,-87.41679,0
1741634,316,-88.26003,0
1741644,316,-88.26003,0
1741654,316,-88.26003,0
1741664,314,-88.54111,0
1741674,317,-88.11949,0
1741684,324,-87.1357,0
1741694,316,-88.26003,0
1741704,317,-88.11949,0
1741714,324,-87.1357,0
1741724,319,-87.83841,0
1741734,322,-87.41679,0
1741744,316,-88.26003,0
1741754,316,-88.26003,0
1741764,316,-88.26003,0
1741774,319,-87.83841,0
1741784,325,-86.99516,0
1741794,314,-88.54111,0
1741804,322,-87.41679,0
1741814,312,-88.8222,0
1741824,321,-87.55732,0
1741834,321,-87.55732,0
1741844,324,-87.1357,0
1741854,316,-88.26003,0
1741864,321,-87.55732,0
1741874,313,-88.68166,0
1741884,314,-88.54111,0
1741894,321,-87.55732,0
1741904,323,-87.27624,0
1741914,318,-87.97894,0
1741924,318,-87.97894,0
1741934,318,-87.97894,0
1741944,325,-86.99516,0
1741954,318,-87.97894,0
1741964,314,-88.54111,0
1741974,312,-88.8222,0
1741984,322,-87.41679,0
1741994,321,-87.55732,0
1742004,322,-87.41679,0
1742014,318,-87.97894,0
1742024,321,-87.55732,0
1742034,325,-86.99516,0
1742044,320,-87.69786,0
1742054,319,-87.83841,0
1742064,318,-87.97894,0
1742074,309,-89.24382,0
1742084,323,-87.27624,0
1742094,326,-86.85461,0
1742104,315,-88.40057,0
1742114,320,-87.69786,0
1742124,317,-88.11949,0
1742134,320,-87.69786,0
1742144,324,-87.1357,0
1742154,321,-87.55732,0
1742164,314,-88.54111,0
1742174,309,-89.24382,0
1742184,317,-88.11949,0
1742194,321,-87.55732,0
1742204,322,-87.41679,0
1742214,314,-88.54111,0
1742224,319,-87.83841,0
1742234,316,-88.26003,0
1742244,317,-88.11949,0
1742254,315,-88.40057,0
1742264,317,-88.11949,0
1742274,317,-88.11949,0
1742284,324,-87.1357,0
1742294,320,-87.69786,0
1742304,322,-87.41679,0
1742314,316,-88.26003,0
1742324,315,-88.40057,0
1742334,314,-88.54111,0
1742344,322,-87.41679,0
1742354,317,-88.11949,0
1742364,313,-88.68166,0
1742374,323,-87.27624,0
1742384,321,-87.55732,0
1742394,321,-87.55732,0
1742404,316,-88.26003,0
1742414,324,-87.1357,0
1742424,323,-87.27624,0
1742434,317,-88.11949,0
1742444,321,-87.55732,0
1742454,324,-87.1357,0
1742464,318,-87.97894,0
1742474,320,-87.69786,0
1742484,328,-86.57353,0
1742494,315,-88.40057,0
1742504,327,-86.71407,0
1742514,317,-88.11949,0
1742524,313,-88.68166,0
1742534,312,-88.8222,0
1742544,312,-88.8222,0
1742554,321,-87.55732,0
1742564,321,-87.55732,0
1742574,314,-88.54111,0
1742584,317,-88.11949,0
1742594,314,-88.54111,0
1742604,320,-87.69786,0
1742614,319,-87.83841,0
1742624,326,-86.85461,0
1742634,320,-87.69786,0
1742644,320,-87.69786,0
1742654,319,-87.83841,0
1742664,317,-88.11949,0
1742674,318,-87.97894,0
1742684,319,-87.83841,0
1742694,320,-87.69786,0
1742704,321,-87.55732,0
1742714,316,-88.26003,0
1742724,323,-87.27624,0
1742734,312,-88.8222,0
1742744,321,-87.55732,0
1742754,322,-87.41679,0
1742764,322,-87.41679,0
1742774,315,-88.40057,0
1742784,314,-88.54111,0
1742794,328,-86.57353,0
1742804,320,-87.69786,0
1742814,317,-88.11949,0
1742824,319,-87.83841,0
1742834,325,-86.99516,0
1742844,316,-88.26003,0
1742854,320,-87.69786,0
1742864,323,-87.27624,0
1742874,315,-88.40057,0
1742884,315,-88.40057,0
1742894,317,-88.11949,0
1742904,319,-87.83841,0
1742914,320,-87.69786,0
1742924,318,-87.97894,0
1742934,322,-87.41679,0
1742944,319,-87.83841,0
1742954,321,-87.55732,0
1742964,316,-88.26003,0
1742974,326,-86.85461,0
1742984,318,-87.97894,0
1742994,315,-88.40057,0
1743004,319,-87.83841,0
1743014,322,-87.41679,0
1743024,320,-87.69786,0
1743034,315,-88.40057,0
1743044,325,-86.99516,0
1743054,318,-87.97894,0
1743064,319,-87.83841,0
1743074,322,-87.41679,0
1743084,320,-87.69786,0
1743094,321,-87.55732,0
1743104,314,-88.54111,0
1743114,317,-88.11949,0
1743124,322,-87.41679,0
1743134,317,-88.11949,0
1743144,316,-88.26003,0
1743154,319,-87.83841,0
1743164,317,-88.11949,0
1743174,318,-87.97894,0
1743184,317,-88.11949,0
1743194,324,-87.1357,0
1743204,311,-88.96274,0
1743214,319,-87.83841,0
1743224,314,-88.54111,0
1743234,310,-89.10328,0
1743244,315,-88.40057,0
1743254,318,-87.97894,0
1743264,316,-88.26003,0
1743274,318,-87.97894,0
1743284,313,-88.68166,0
1743294,323,-87.27624,0
1743304,324,-87.1357,0
1743314,319,-87.83841,0
1743324,317,-88.11949,0
1743334,323,-87.27624,0
1743344,319,-87.83841,0
1743354,320,-87.69786,0
1743364,315,-88.40057,0
1743374,324,-87.1357,0
1743384,316,-88.26003,0
1743394,317,-88.11949,0
1743404,319,-87.83841,0
1743414,316,-88.26003,0
1743424,319,-87.83841,0
1743434,308,-89.38436,0
1743444,318,-87.97894,0
1743454,316,-88.26003,0
1743464,316,-88.26003,0
1743474,322,-87.41679,0
1743484,316,-88.26003,0
1743494,318,-87.97894,0
1743504,316,-88.26003,0
1743514,320,-87.69786,0
1743524,316,-88.26003,0
1743534,312,-88.8222,0
1743544,319,-87.83841,0
1743554,321,-87.55732,0
1743564,310,-89.10328,0
1743574,315,-88.40057,0
1743584,317,-88.11949,0
1743594,319,-87.83841,0
1743604,321,-87.55732,0
1743614,318,-87.97894,0
1743624,318,-87.97894,0
1743634,321,-87.55732,0
1743644,320,-87.69786,0
1743654,313,-88.68166,0
1743664,317,-88.11949,0
1743674,317,-88.11949,0
1743684,313,-88.68166,0
1743694,322,-87.41679,0
1743704,319,-87.83841,0
1743714,316,-88.26003,0
1743724,323,-87.27624,0
1743734,316,-88.26003,0
1743744,320,-87.69786,0
1743754,328,-86.57353,0
1743764,319,-87.83841,0
1743774,314,-88.54111,0
1743784,316,-88.26003,0
1743794,317,-88.11949,0
1743804,323,-87.27624,0
1743814,322,-87.41679,0
1743824,329,-86.43299,0
1743834,319,-87.83841,0
1743844,322,-87.41679,0
1743854,320,-87.69786,0
1743864,317,-88.11949,0
1743874,318,-87.97894,0
1743884,322,-87.41679,0
1743894,326,-86.85461,0
1743904,320,-87.69786,0
1743914,321,-87.55732,0
1743924,326,-86.85461,0
1743934,324,-87.1357,0
1743944,325,-86.99516,0
1743954,320,-87.69786,0
1743964,317,-88.11949,0
1743974,320,-87.69786,0
1743984,321,-87.55732,0
1743994,313,-88.68166,0
1744004,315,-88.40057,0
1744014,312,-88.8222,0
1744024,319,-87.83841,0
1744034,312,-88.8222,0
1744044,324,-87.1357,0
1744054,314,-88.54111,0
1744064,319,-87.83841,0
1744074,316,-88.26003,0
1744084,324,-87.1357,0
1744094,320,-87.69786,0
1744104,315,-88.40057,0
1744114,318,-87.97894,0
1744124,320,-87.69786,0
1744134,321,-87.55732,0
1744144,321,-87.55732,0
1744154,321,-87.55732,0
1744164,314,-88.54111,0
1744174,319,-87.83841,0
1744184,320,-87.69786,0
1744194,314,-88.54111,0
1744204,322,-87.41679,0
1744214,319,-87.83841,0
1744224,318,-87.97894,0
1744234,318,-87.97894,0
1744244,320,-87.69786,0
1744254,320,-87.69786,0
1744264,318,-87.97894,0
1744274,321,-87.55732,0
1744284,310,-89.10328,0
1744294,321,-87.55732,0
1744304,321,-87.55732,0
1744314,308,-89.38436,0
1744324,311,-88.96274,0
1744334,315,-88.40057,0
1744344,313,-88.68166,0
1744354,316,-88.26003,0
1744364,318,-87.97894,0
1744374,319,-87.83841,0
1744384,320,-87.69786,0
1744394,315,-88.40057,0
1744404,317,-88.11949,0
1744414,321,-87.55732,0
1744424,320,-87.69786,0
1744434,319,-87.83841,0
1744444,319,-87.83841,0
1744454,320,-87.69786,0
1744464,321,-87.55732,0
1744474,320,-87.69786,0
1744484,315,-88.40057,0
1744494,318,-87.97894,0
1744504,319,-87.83841,0
1744514,320,-87.69786,0
1744524,315,-88.40057,0
1744534,316,-88.26003,0
1744544,321,-87.55732,0
1744554,318,-87.97894,0
1744564,319,-87.83841,0
1744574,320,-87.69786,0
1744584,322,-87.41679,0
1744594,324,-87.1357,0
1744604,322,-87.41679,0
1744614,318,-87.97894,0
1744624,316,-88.26003,0
1744634,326,-86.85461,0
1744644,323,-87.27624,0
1744654,314,-88.54111,0
1744664,322,-87.41679,0
1744674,320,-87.69786,0
1744684,319,-87.83841,0
1744694,322,-87.41679,0
1744704,323,-87.27624,0
1744714,315,-88.40057,0
1744724,317,-88.11949,0
1744734,324,-87.1357,0
1744744,328,-86.57353,0
1744754,317,-88.11949,0
1744764,317,-88.11949,0
1744774,316,-88.26003,0
1744784,319,-87.83841,0
1744794,320,-87.69786,0
1744804,324,-87.1357,0
1744814,322,-87.41679,0
1744824,322,-87.41679,0
1744834,321,-87.55732,0
1744844,322,-87.41679,0
1744854,320,-87.69786,0
1744864,314,-88.54111,0
1744874,315,-88.40057,0
1744884,314,-88.54111,0
1744894,320,-87.69786,0
1744904,319,-87.83841,0
1744914,320,-87.69786,0
1744924,319,-87.83841,0
1744934,322,-87.41679,0
1744944,322,-87.41679,0
1744954,320,-87.69786,0
1744964,317,-88.11949,0
1744974,321,-87.55732,0
1744984,318,-87.97894,0
1744994,312,-88.8222,0
1745004,317,-88.11949,0
1745014,324,-87.1357,0
1745024,325,-86.99516,0
1745034,320,-87.69786,0
1745044,316,-88.26003,0
1745054,321,-87.55732,0
1745064,321,-87.55732,0
1745074,324,-87.1357,0
1745084,321,-87.55732,0
1745094,322,-87.41679,0
1745104,313,-88.68166,0
1745114,323,-87.27624,0
1745124,323,-87.27624,0
1745134,320,-87.69786,0
1745144,324,-87.1357,0
1745154,320,-87.69786,0
1745164,329,-86.43299,0
1745174,313,-88.68166,0
1745184,311,-88.96274,0
1745194,318,-87.97894,0
1745204,319,-87.83841,0
1745214,321,-87.55732,0
1745224,316,-88.26003,0
1745234,314,-88.54111,0
1745244,319,-87.83841,0
1745254,325,-86.99516,0
1745264,321,-87.55732,0
1745274,321,-87.55732,0
1745284,319,-87.83841,0
1745294,319,-87.83841,0
1745304,323,-87.27624,0
1745314,322,-87.41679,0
1745324,321,-87.55732,0
1745334,314,-88.54111,0
1745344,319,-87.83841,0
1745354,322,-87.41679,0
1745364,315,-88.40057,0
1745374,323,-87.27624,0
1745384,318,-87.97894,0
1745394,321,-87.55732,0
1745404,313,-88.68166,0
1745414,323,-87.27624,0
1745424,320,-87.69786,0
1745434,315,-88.40057,0
1745444,322,-87.41679,0
1745454,324,-87.1357,0
1745464,317,-88.11949,0
1745474,324,-87.1357,0
1745484,320,-87.69786,0
1745494,322,-87.41679,0
1745504,319,-87.83841,0
1745514,318,-87.97894,0
1745524,311,-88.96274,0
1745534,318,-87.97894,0
1745544,318,-87.97894,0
1745554,316,-88.26003,0
1745564,321,-87.55732,0
1745574,325,-86.99516,0
1745584,313,-88.68166,0
1745594,317,-88.11949,0
1745604,319,-87.83841,0
1745614,324,-87.1357,0
1745624,319,-87.83841,0
1745634,317,-88.11949,0
1745644,310,-89.10328,0
1745654,320,-87.69786,0
1745664,317,-88.11949,0
1745674,323,-87.27624,0
1745684,319,-87.83841,0
1745694,315,-88.40057,0
1745704,317,-88.11949,0
1745714,315,-88.40057,0
1745724,315,-88.40057,0
1745734,318,-87.97894,0
1745744,320,-87.69786,0
1745754,313,-88.68166,0
1745764,315,-88.40057,0
1745774,315,-88.40057,0
1745784,313,-88.68166,0
1745794,320,-87.69786,0
1745804,316,-88.26003,0
1745814,317,-88.11949,0
1745824,316,-88.26003,0
1745834,318,-87.97894,0
1745844,315,-88.40057,0
1745854,316,-88.26003,0
1745864,327,-86.71407,0
1745874,319,-87.83841,0
1745884,317,-88.11949,0
1745894,324,-87.1357,0
1745904,322,-87.41679,0
1745914,320,-87.69786,0
1745924,316,-88.26003,0
1745934,322,-87.41679,0
1745944,322,-87.41679,0
1745954,320,-87.69786,0
1745964,320,-87.69786,0
1745974,322,-87.41679,0
1745984,315,-88.40057,0
1745994,321,-87.55732,0
1746004,319,-87.83841,0
1746014,321,-87.55732,0
1746024,320,-87.69786,0
1746034,312,-88.8222,0
1746044,318,-87.97894,0
1746054,311,-88.96274,0
1746064,322,-87.41679,0
1746074,328,-86.57353,0
1746084,323,-87.27624,0
1746094,324,-87.1357,0
1746104,320,-87.69786,0
1746114,322,-87.41679,0
1746124,318,-87.97894,0
1746134,318,-87.97894,0
1746144,324,-87.1357,0
1746154,325,-86.99516,0
1746164,315,-88.40057,0
1746174,316,-88.26003,0
1746184,317,-88.11949,0
1746194,318,-87.97894,0
1746204,321,-87.55732,0
1746214,316,-88.26003,0
1746224,311,-88.96274,0
1746234,312,-88.8222,0
1746244,320,-87.69786,0
1746254,321,-87.55732,0
1746264,326,-86.85461,0
1746274,320,-87.69786,0
1746284,317,-88.11949,0
1746294,322,-87.41679,0
1746304,319,-87.83841,0
1746314,323,-87.27624,0
1746324,318,-87.97894,0
1746334,311,-88.96274,0
1746344,321,-87.55732,0
1746354,317,-88.11949,0
1746364,319,-87.83841,0
1746374,320,-87.69786,0
1746384,321,-87.55732,0
1746394,324,-87.1357,0
1746404,317,-88.11949,0
1746414,323,-87.27624,0
1746424,320,-87.69786,0
1746434,323,-87.27624,0
1746444,317,-88.11949,0
1746454,315,-88.40057,0
1746464,317,-88.11949,0
1746474,324,-87.1357,0
1746484,322,-87.41679,0
1746494,319,-87.83841,0
1746504,324,-87.1357,0
1746514,321,-87.55732,0
1746524,322,-87.41679,0
1746534,319,-87.83841,0
1746544,319,-87.83841,0
1746554,320,-87.69786,0
1746564,316,-88.26003,0
1746574,321,-87.55732,0
1746584,310,-89.10328,0
1746594,324,-87.1357,0
1746604,323,-87.27624,0
1746614,317,-88.11949,0
1746624,320,-87.69786,0
1746634,328,-86.57353,0
1746644,318,-87.97894,0
1746654,320,-87.69786,0
1746664,315,-88.40057,0
1746674,314,-88.54111,0
1746684,319,-87.83841,0
1746694,320,-87.69786,0
1746704,315,-88.40057,0
1746714,318,-87.97894,0
1746724,318,-87.97894,0
1746734,321,-87.55732,0
1746744,319,-87.83841,0
1746754,320,-87.69786,0
1746764,322,-87.41679,0
1746774,319,-87.83841,0
1746784,316,-88.26003,0
1746794,312,-88.8222,0
1746804,316,-88.26003,0
1746814,324,-87.1357,0
1746824,317,-88.11949,0
1746834,322,-87.41679,0
1746844,322,-87.41679,0
1746854,321,-87.55732,0
1746864,321,-87.55732,0
1746874,318,-87.97894,0
1746884,317,-88.11949,0
1746894,316,-88.26003,0
1746904,321,-87.55732,0
1746914,326,-86.85461,0
1746924,321,-87.55732,0
1746934,324,-87.1357,0
1746944,322,-87.41679,0
1746954,321,-87.55732,0
1746964,320,-87.69786,0
1746974,321,-87.55732,0
1746984,321,-87.55732,0
1746994,323,-87.27624,0
1747004,314,-88.54111,0
1747014,322,-87.41679,0
1747024,321,-87.55732,0
1747034,317,-88.11949,0
1747044,319,-87.83841,0
1747054,319,-87.83841,0
1747064,317,-88.11949,0
1747074,317,-88.11949,0
1747084,320,-87.69786,0
1747094,322,-87.41679,0
1747104,322,-87.41679,0
1747114,314,-88.54111,0
1747124,318,-87.97894,0
1747134,315,-88.40057,0
1747144,317,-88.11949,0
1747154,316,-88.26003,0
1747164,316,-88.26003,0
1747174,324,-87.1357,0
1747184,321,-87.55732,0
1747194,313,-88.68166,0
1747204,322,-87.41679,0
1747214,316,-88.26003,0
1747224,320,-87.69786,0
1747234,319,-87.83841,0
1747244,317,-88.11949,0
1747254,320,-87.69786,0
1747264,319,-87.83841,0
1747274,324,-87.1357,0
1747284,320,-87.69786,0
1747294,321,-87.55732,0
1747304,317,-88.11949,0
1747314,316,-88.26003,0
1747324,313,-88.68166,0
1747334,324,-87.1357,0
1747344,319,-87.83841,0
1747354,316,-88.26003,0
1747364,318,-87.97894,0
1747374,322,-87.41679,0
1747384,320,-87.69786,0
1747394,326,-86.85461,0
1747404,321,-87.55732,0
1747414,307,-89.5249,0
1747424,323,-87.27624,0
1747434,319,-87.83841,0
1747444,320,-87.69786,0
1747454,316,-88.26003,0
1747464,321,-87.55732,0
1747474,315,-88.40057,0
1747484,322,-87.41679,0
1747494,317,-88.11949,0
1747504,326,-86.85461,0
1747514,322,-87.41679,0
1747524,323,-87.27624,0
1747534,328,-86.57353,0
1747544,320,-87.69786,0
1747554,318,-87.97894,0
1747564,316,-88.26003,0
1747574,316,-88.26003,0
1747584,319,-87.83841,0
1747594,316,-88.26003,0
1747604,311,-88.96274,0
1747614,322,-87.41679,0
1747624,318,-87.97894,0
1747634,318,-87.97894,0
1747644,318,-87.97894,0
1747654,311,-88.96274,0
1747664,320,-87.69786,0
1747674,311,-88.96274,0
1747684,320,-87.69786,0
1747694,319,-87.83841,0
1747704,319,-87.83841,0
1747714,323,-87.27624,0
1747724,319,-87.83841,0
1747734,324,-87.1357,0
1747744,320,-87.69786,0
1747754,318,-87.97894,0
1747764,321,-87.55732,0
1747774,324,-87.1357,0
1747784,319,-87.83841,0
1747794,317,-88.11949,0
1747804,321,-87.55732,0
1747814,318,-87.97894,0
1747824,318,-87.97894,0
1747834,322,-87.41679,0
1747844,324,-87.1357,0
1747854,317,-88.11949,0
1747864,323,-87.27624,0
1747874,316,-88.26003,0
1747884,315,-88.40057,0
1747894,317,-88.11949,0
1747904,317,-88.11949,0
1747914,317,-88.11949,0
1747924,326,-86.85461,0
1747934,322,-87.41679,0
1747944,322,-87.41679,0
1747954,320,-87.69786,0
1747964,326,-86.85461,0
1747974,326,-86.85461,0
1747984,326,-86.85461,0
1747994,319,-87.83841,0
1748004,318,-87.97894,0
1748014,317,-88.11949,0
1748024,322,-87.41679,0
1748034,315,-88.40057,0
1748044,327,-86.71407,0
1748054,317,-88.11949,0
1748064,322,-87.41679,0
1748074,325,-86.99516,0
1748084,319,-87.83841,0
1748094,321,-87.55732,0
1748104,324,-87.1357,0
1748114,323,-87.27624,0
1748124,312,-88.8222,0
1748134,316,-88.26003,0
1748144,325,-86.99516,0
1748154,317,-88.11949,0
1748164,321,-87.55732,0
1748174,325,-86.99516,0
1748184,328,-86.57353,0
1748194,319,-87.83841,0
1748204,319,-87.83841,0
1748214,320,-87.69786,0
1748224,321,-87.55732,0
1748234,319,-87.83841,0
1748244,318,-87.97894,0
1748254,312,-88.8222,0
1748264,323,-87.27624,0
1748274,323,-87.27624,0
1748284,319,-87.83841,0
1748294,323,-87.27624,0
1748304,319,-87.83841,0
1748314,316,-88.26003,0
1748324,317,-88.11949,0
1748334,321,-87.55732,0
1748344,323,-87.27624,0
1748354,316,-88.26003,0
1748364,316,-88.26003,0
1748374,323,-87.27624,0
1748384,325,-86.99516,0
1748394,324,-87.1357,0
1748404,326,-86.85461,0
1748414,314,-88.54111,0
1748424,322,-87.41679,0
1748434,319,-87.83841,0
1748444,322,-87.41679,0
1748454,321,-87.55732,0
1748464,316,-88.26003,0
1748474,317,-88.11949,0
1748484,328,-86.57353,0
1748494,324,-87.1357,0
1748504,319,-87.83841,0
1748514,322,-87.41679,0
1748524,321,-87.55732,0
1748534,318,-87.97894,0
1748544,316,-88.26003,0
1748554,321,-87.55732,0
1748564,320,-87.69786,0
1748574,317,-88.11949,0
1748584,321,-87.55732,0
1748594,319,-87.83841,0
1748604,313,-88.68166,0
1748614,320,-87.69786,0
1748624,325,-86.99516,0
1748634,316,-88.26003,0
1748644,325,-86.99516,0
1748654,319,-87.83841,0
1748664,323,-87.27624,0
1748674,322,-87.41679,0
1748684,317,-88.11949,0
1748694,319,-87.83841,0
1748704,317,-88.11949,0
1748714,317,-88.11949,0
1748724,316,-88.26003,0
1748734,318,-87.97894,0
1748744,324,-87.1357,0
1748754,314,-88.54111,0
1748764,323,-87.27624,0
1748774,322,-87.41679,0
1748784,316,-88.26003,0
1748794,318,-87.97894,0
1748804,312,-88.8222,0
1748814,325,-86.99516,0
1748824,316,-88.26003,0
1748834,321,-87.55732,0
1748844,320,-87.69786,0
1748854,323,-87.27624,0
1748864,323,-87.27624,0
1748874,320,-87.69786,0
1748884,324,-87.1357,0
1748894,320,-87.69786,0
1748904,324,-87.1357,0
1748914,315,-88.40057,0
1748924,316,-88.26003,0
1748934,324,-87.1357,0
1748944,319,-87.83841,0
1748954,315,-88.40057,0
1748964,323,-87.27624,0
1748974,315,-88.40057,0
1748984,320,-87.69786,0
1748994,320,-87.69786,0
1749004,327,-86.71407,0
1749014,320,-87.69786,0
1749024,319,-87.83841,0
1749034,313,-88.68166,0
1749044,319,-87.83841,0
1749054,317,-88.11949,0
1749064,322,-87.41679,0
1749074,323,-87.27624,0
1749084,315,-88.40057,0
1749094,320,-87.69786,0
1749104,326,-86.85461,0
1749114,327,-86.71407,0
1749124,319,-87.83841,0
1749134,318,-87.97894,0
1749144,315,-88.40057,0
1749154,318,-87.97894,0
1749164,315,-88.40057,0
1749174,321,-87.55732,0
1749184,322,-87.41679,0
1749194,317,-88.11949,0
1749204,322,-87.41679,0
1749214,324,-87.1357,0
1749224,323,-87.27624,0
1749234,323,-87.27624,0
1749244,320,-87.69786,0
1749254,312,-88.8222,0
1749264,317,-88.11949,0
1749274,326,-86.85461,0
1749284,320,-87.69786,0
1749294,325,-86.99516,0
1749304,319,-87.83841,0
1749314,325,-86.99516,0
1749324,321,-87.55732,0
1749334,322,-87.41679,0
1749344,321,-87.55732,0
1749354,316,-88.26003,0
1749364,310,-89.10328,0
1749374,326,-86.85461,0
1749384,313,-88.68166,0
1749394,321,-87.55732,0
1749404,314,-88.54111,0
1749414,327,-86.71407,0
1749424,320,-87.69786,0
1749434,322,-87.41679,0
1749444,319,-87.83841,0
1749454,319,-87.83841,0
1749464,317,-88.11949,0
1749474,314,-88.54111,0
1749484,314,-88.54111,0
1749494,320,-87.69786,0
1749504,313,-88.68166,0
1749514,319,-87.83841,0
1749524,318,-87.97894,0
1749534,320,-87.69786,0
1749544,317,-88.11949,0
1749554,317,-88.11949,0
1749564,322,-87.41679,0
1749574,324,-87.1357,0
1749584,321,-87.55732,0
1749594,318,-87.97894,0
1749604,308,-89.38436,0
1749614,318,-87.97894,0
1749624,318,-87.97894,0
1749634,319,-87.83841,0
1749644,319,-87.83841,0
1749654,311,-88.96274,0
1749664,321,-87.55732,0
1749674,316,-88.26003,0
1749684,321,-87.55732,0
1749694,315,-88.40057,0
1749704,317,-88.11949,0
1749714,315,-88.40057,0
1749724,317,-88.11949,0
1749734,319,-87.83841,0
1749744,320,-87.69786,0
1749754,321,-87.55732,0
1749764,317,-88.11949,0
1749774,321,-87.55732,0
1749784,321,-87.55732,0
1749794,316,-88.26003,0
1749804,322,-87.41679,0
1749814,317,-88.11949,0
1749824,316,-88.26003,0
1749834,318,-87.97894,0
1749844,320,-87.69786,0
1749854,317,-88.11949,0
1749864,322,-87.41679,0
1749874,320,-87.69786,0
1749884,321,-87.55732,0
1749894,323,-87.27624,0
1749904,320,-87.69786,0
1749914,321,-87.55732,0
1749924,315,-88.40057,0
1749934,328,-86.57353,0
1749944,325,-86.99516,0
1749954,314,-88.54111,0
1749964,317,-88.11949,0
1749974,320,-87.69786,0
1749984,324,-87.1357,0
1749994,323,-87.27624,0
1750004,321,-87.55732,0
1750014,317,-88.11949,0
1750024,320,-87.69786,0
1750034,319,-87.83841,0
1750044,321,-87.55732,0
1750054,317,-88.11949,0
1750064,323,-87.27624,0
1750074,318,-87.97894,0
1750084,323,-87.27624,0
1750094,326,-86.85461,0
1750104,323,-87.27624,0
1750114,323,-87.27624,0
1750124,321,-87.55732,0
1750134,327,-86.71407,0
1750144,312,-88.8222,0
1750154,310,-89.10328,0
1750164,319,-87.83841,0
1750174,316,-88.26003,0
1750184,317,-88.11949,0
1750194,320,-87.69786,0
1750204,324,-87.1357,0
1750214,318,-87.97894,0
1750224,320,-87.69786,0
1750234,322,-87.41679,0
1750244,323,-87.27624,0
1750254,318,-87.97894,0
1750264,314,-88.54111,0
1750274,317,-88.11949,0
1750284,320,-87.69786,0
1750294,313,-88.68166,0
1750304,320,-87.69786,0
1750314,318,-87.97894,0
1750324,323,-87.27624,0
1750334,321,-87.55732,0
1750344,321,-87.55732,0
1750354,326,-86.85461,0
1750364,317,-88.11949,0
1750374,312,-88.8222,0
1750384,316,-88.26003,0
1750394,323,-87.27624,0
1750404,318,-87.97894,0
1750414,321,-87.55732,0
1750424,322,-87.41679,0
1750434,322,-87.41679,0
1750444,317,-88.11949,0
1750454,320,-87.69786,0
1750464,323,-87.27624,0
1750474,320,-87.69786,0
1750484,320,-87.69786,0
1750494,327,-86.71407,0
1750504,318,-87.97894,0
1750514,317,-88.11949,0
1750524,321,-87.55732,0
1750534,321,-87.55732,0
1750544,318,-87.97894,0
1750554,317,-88.11949,0
1750564,320,-87.69786,0
1750574,321,-87.55732,0
1750584,312,-88.8222,0
1750594,318,-87.97894,0
1750604,318,-87.97894,0
1750614,316,-88.26003,0
1750624,318,-87.97894,0
1750634,321,-87.55732,0
1750644,320,-87.69786,0
1750654,318,-87.97894,0
1750664,331,-86.1519,0
1750674,319,-87.83841,0
1750684,311,-88.96274,0
1750694,311,-88.96274,0
1750704,313,-88.68166,0
1750714,317,-88.11949,0
1750724,318,-87.97894,0
1750734,314,-88.54111,0
1750744,324,-87.1357,0
1750754,320,-87.69786,0
1750764,323,-87.27624,0
1750774,321,-87.55732,0
1750784,321,-87.55732,0
1750794,322,-87.41679,0
1750804,318,-87.97894,0
1750814,322,-87.41679,0
1750824,320,-87.69786,0
1750834,323,-87.27624,0
1750844,321,-87.55732,0
1750854,322,-87.41679,0
1750864,322,-87.41679,0
1750874,322,-87.41679,0
1750884,319,-87.83841,0
1750894,322,-87.41679,0
1750904,323,-87.27624,0
1750914,315,-88.40057,0
1750924,322,-87.41679,0
1750934,320,-87.69786,0
1750944,319,-87.83841,0
1750954,316,-88.26003,0
1750964,321,-87.55732,0
1750974,325,-86.99516,0
1750984,321,-87.55732,0
1750994,325,-86.99516,0
1751004,328,-86.57353,0
1751014,323,-87.27624,0
1751024,317,-88.11949,0
1751034,320,-87.69786,0
1751044,319,-87.83841,0
1751054,317,-88.11949,0
1751064,322,-87.41679,0
1751074,317,-88.11949,0
1751084,319,-87.83841,0
1751094,321,-87.55732,0
1751104,317,-88.11949,0
1751114,328,-86.57353,0
1751124,324,-87.1357,0
1751134,326,-86.85461,0
1751144,312,-88.8222,0
1751154,316,-88.26003,0
1751164,317,-88.11949,0
1751174,321,-87.55732,0
1751184,323,-87.27624,0
1751194,326,-86.85461,0
1751204,325,-86.99516,0
1751214,320,-87.69786,0
1751224,322,-87.41679,0
1751234,317,-88.11949,0
1751244,318,-87.97894,0
1751254,315,-88.40057,0
1751264,316,-88.26003,0
1751274,322,-87.41679,0
1751284,324,-87.1357,0
1751294,326,-86.85461,0
1751304,325,-86.99516,0
1751314,318,-87.97894,0
1751324,323,-87.27624,0
1751334,327,-86.71407,0
1751344,319,-87.83841,0
1751354,320,-87.69786,0
1751364,320,-87.69786,0
1751374,318,-87.97894,0
1751384,321,-87.55732,0
1751394,323,-87.27624,0
1751404,311,-88.96274,0
1751414,320,-87.69786,0
1751424,319,-87.83841,0
1751434,319,-87.83841,0
1751444,320,-87.69786,0
1751454,328,-86.57353,0
1751464,319,-87.83841,0
1751474,316,-88.26003,0
1751484,320,-87.69786,0
1751494,315,-88.40057,0
1751504,320,-87.69786,0
1751514,320,-87.69786,0
1751524,321,-87.55732,0
1751534,327,-86.71407,0
1751544,311,-88.96274,0
1751554,323,-87.27624,0
1751564,322,-87.41679,0
1751574,319,-87.83841,0
1751584,315,-88.40057,0
1751594,319,-87.83841,0
1751604,316,-88.26003,0
1751614,321,-87.55732,0
1751624,319,-87.83841,0
1751634,319,-87.83841,0
1751644,315,-88.40057,0
1751654,316,-88.26003,0
1751664,319,-87.83841,0
1751674,319,-87.83841,0
1751684,326,-86.85461,0
1751694,314,-88.54111,0
1751704,319,-87.83841,0
1751714,316,-88.26003,0
1751724,319,-87.83841,0
1751734,322,-87.41679,0
1751744,320,-87.69786,0
1751754,322,-87.41679,0
1751764,317,-88.11949,0
1751774,323,-87.27624,0
1751784,319,-87.83841,0
1751794,316,-88.26003,0
1751804,313,-88.68166,0
1751814,317,-88.11949,0
1751824,319,-87.83841,0
1751834,322,-87.41679,0
1751844,321,-87.55732,0
1751854,315,-88.40057,0
1751864,319,-87.83841,0
1751874,316,-88.26003,0
1751884,310,-89.10328,0
1751894,318,-87.97894,0
1751904,321,-87.55732,0
1751914,325,-86.99516,0
1751924,319,-87.83841,0
1751934,315,-88.40057,0
1751944,321,-87.55732,0
1751954,318,-87.97894,0
1751964,318,-87.97894,0
1751974,323,-87.27624,0
1751984,325,-86.99516,0
1751994,324,-87.1357,0
1752004,319,-87.83841,0
1752014,326,-86.85461,0
1752024,325,-86.99516,0
1752034,313,-88.68166,0
1752044,319,-87.83841,0
1752054,319,-87.83841,0
1752064,320,-87.69786,0
1752074,319,-87.83841,0
1752084,322,-87.41679,0
1752094,323,-87.27624,0
1752104,316,-88.26003,0
1752114,320,-87.69786,0
1752124,315,-88.40057,0
1752134,321,-87.55732,0
1752144,314,-88.54111,0
1752154,316,-88.26003,0
1752164,318,-87.97894,0
1752174,315,-88.40057,0
1752184,325,-86.99516,0
1752194,313,-88.68166,0
1752204,319,-87.83841,0
1752214,321,-87.55732,0
1752224,325,-86.99516,0
1752234,323,-87.27624,0
1752244,324,-87.1357,0
1752254,318,-87.97894,0
1752264,317,-88.11949,0
1752274,322,-87.41679,0
1752284,319,-87.83841,0
1752294,326,-86.85461,0
1752304,321,-87.55732,0
1752314,323,-87.27624,0
1752324,321,-87.55732,0
1752334,321,-87.55732,0
1752344,321,-87.55732,0
1752354,319,-87.83841,0
1752364,315,-88.40057,0
1752374,313,-88.68166,0
1752384,317,-88.11949,0
1752394,330,-86.29245,0
1752404,326,-86.85461,0
1752414,320,-87.69786,0
1752424,317,-88.11949,0
1752434,318,-87.97894,0
1752444,320,-87.69786,0
1752454,327,-86.71407,0
1752464,321,-87.55732,0
1752474,316,-88.26003,0
1752484,319,-87.83841,0
1752494,319,-87.83841,0
1752504,319,-87.83841,0
1752514,322,-87.41679,0
1752524,312,-88.8222,0
1752534,328,-86.57353,0
1752544,322,-87.41679,0
1752554,319,-87.83841,0
1752564,319,-87.83841,0
1752574,325,-86.99516,0
1752584,323,-87.27624,0
1752594,316,-88.26003,0
1752604,316,-88.26003,0
1752614,321,-87.55732,0
1752624,316,-88.26003,0
1752634,321,-87.55732,0
1752644,325,-86.99516,0
1752654,318,-87.97894,0
1752664,321,-87.55732,0
1752674,316,-88.26003,0
1752684,323,-87.27624,0
1752694,321,-87.55732,0
1752704,319,-87.83841,0
1752714,323,-87.27624,0
1752724,318,-87.97894,0
1752734,318,-87.97894,0
1752744,322,-87.41679,0
1752754,324,-87.1357,0
1752764,319,-87.83841,0
1752774,322,-87.41679,0
1752784,322,-87.41679,0
1752794,320,-87.69786,0
1752804,318,-87.97894,0
1752814,316,-88.26003,0
1752824,314,-88.54111,0
1752834,320,-87.69786,0
1752844,314,-88.54111,0
1752854,323,-87.27624,0
1752864,325,-86.99516,0
1752874,317,-88.11949,0
1752884,325,-86.99516,0
1752894,319,-87.83841,0
1752904,318,-87.97894,0
1752914,317,-88.11949,0
1752924,320,-87.69786,0
1752934,318,-87.97894,0
1752944,316,-88.26003,0
1752954,322,-87.41679,0
1752964,320,-87.69786,0
1752974,320,-87.69786,0
1752984,317,-88.11949,0
1752994,321,-87.55732,0
1753004,322,-87.41679,0
1753014,322,-87.41679,0
1753024,315,-88.40057,0
1753034,316,-88.26003,0
1753044,319,-87.83841,0
1753054,312,-88.8222,0
1753064,315,-88.40057,0
1753074,318,-87.97894,0
1753084,312,-88.8222,0
1753094,317,-88.11949,0
1753104,314,-88.54111,0
1753114,313,-88.68166,0
1753124,314,-88.54111,0
1753134,325,-86.99516,0
1753144,315,-88.40057,0
1753154,317,-88.11949,0
1753164,319,-87.83841,0
1753174,320,-87.69786,0
1753184,317,-88.11949,0
1753194,318,-87.97894,0
1753204,320,-87.69786,0
1753214,313,-88.68166,0
1753224,314,-88.54111,0
1753234,315,-88.40057,0
1753244,318,-87.97894,0
1753254,314,-88.54111,0
1753264,320,-87.69786,0
1753274,318,-87.97894,0
1753284,308,-89.38436,0
1753294,317,-88.11949,0
1753304,311,-88.96274,0
1753314,318,-87.97894,0
1753324,316,-88.26003,0
1753334,321,-87.55732,0
1753344,318,-87.97894,0
1753354,319,-87.83841,0
1753364,319,-87.83841,0
1753374,318,-87.97894,0
1753384,311,-88.96274,0
1753394,317,-88.11949,0
1753404,323,-87.27624,0
1753414,326,-86.85461,0
1753424,324,-87.1357,0
1753434,322,-87.41679,0
1753444,325,-86.99516,0
1753454,320,-87.69786,0
1753464,316,-88.26003,0
1753474,314,-88.54111,0
1753484,317,-88.11949,0
1753494,323,-87.27624,0
1753504,322,-87.41679,0
1753514,325,-86.99516,0
1753524,320,-87.69786,0
1753534,318,-87.97894,0
1753544,323,-87.27624,0
1753554,324,-87.1357,0
1753564,318,-87.97894,0
1753574,318,-87.97894,0
1753584,316,-88.26003,0
1753594,317,-88.11949,0
1753604,323,-87.27624,0
1753614,321,-87.55732,0
1753624,323,-87.27624,0
1753634,331,-86.1519,0
1753644,317,-88.11949,0
1753654,326,-86.85461,0
1753664,320,-87.69786,0
1753674,320,-87.69786,0
1753684,318,-87.97894,0
1753694,318,-87.97894,0
1753704,319,-87.83841,0
1753714,322,-87.41679,0
1753724,313,-88.68166,0
1753734,321,-87.55732,0
1753744,322,-87.41679,0
1753754,322,-87.41679,0
1753764,320,-87.69786,0
1753774,316,-88.26003,0
1753784,321,-87.55732,0
1753794,316,-88.26003,0
1753804,317,-88.11949,0
1753814,320,-87.69786,0
1753824,315,-88.40057,0
1753834,319,-87.83841,0
1753844,320,-87.69786,0
1753854,326,-86.85461,0
1753864,321,-87.55732,0
1753874,311,-88.96274,0
1753884,314,-88.54111,0
1753894,318,-87.97894,0
1753904,324,-87.1357,0
1753914,327,-86.71407,0
1753924,314,-88.54111,0
1753934,322,-87.41679,0
1753944,316,-88.26003,0
1753954,321,-87.55732,0
1753964,318,-87.97894,0
1753974,328,-86.57353,0
1753984,322,-87.41679,0
1753994,318,-87.97894,0
1754004,323,-87.27624,0
1754014,315,-88.40057,0
1754024,316,-88.26003,0
1754034,312,-88.8222,0
1754044,314,-88.54111,0
1754054,323,-87.27624,0
1754064,318,-87.97894,0
1754074,320,-87.69786,0
1754084,314,-88.54111,0
1754094,321,-87.55732,0
1754104,313,-88.68166,0
1754114,319,-87.83841,0
1754124,321,-87.55732,0
1754134,318,-87.97894,0
1754144,313,-88.68166,0
1754154,322,-87.41679,0
1754164,321,-87.55732,0
1754174,316,-88.26003,0
1754184,323,-87.27624,0
1754194,316,-88.26003,0
1754204,325,-86.99516,0
1754214,322,-87.41679,0
1754224,320,-87.69786,0
1754234,317,-88.11949,0
1754244,320,-87.69786,0
1754254,317,-88.11949,0
1754264,311,-88.96274,0
1754274,321,-87.55732,0
1754284,317,-88.11949,0
1754294,321,-87.55732,0
1754304,327,-86.71407,0
1754314,323,-87.27624,0
1754324,318,-87.97894,0
1754334,317,-88.11949,0
1754344,322,-87.41679,0
1754354,321,-87.55732,0
1754364,315,-88.40057,0
1754374,316,-88.26003,0
1754384,318,-87.97894,0
1754394,319,-87.83841,0
1754404,321,-87.55732,0
1754414,322,-87.41679,0
1754424,323,-87.27624,0
1754434,320,-87.69786,0
1754444,323,-87.27624,0
1754454,329,-86.43299,0
1754464,324,-87.1357,0
1754474,324,-87.1357,0
1754484,317,-88.11949,0
1754494,320,-87.69786,0
1754504,324,-87.1357,0
1754514,312,-88.8222,0
1754524,318,-87.97894,0
1754534,314,-88.54111,0
1754544,320,-87.69786,0
1754554,319,-87.83841,0
1754564,318,-87.97894,0
1754574,321,-87.55732,0
1754584,320,-87.69786,0
1754594,318,-87.97894,0
1754604,320,-87.69786,0
1754614,322,-87.41679,0
1754624,319,-87.83841,0
1754634,321,-87.55732,0
1754644,323,-87.27624,0
1754654,323,-87.27624,0
1754664,317,-88.11949,0
1754674,316,-88.26003,0
1754684,324,-87.1357,0
1754694,319,-87.83841,0
1754704,317,-88.11949,0
1754714,319,-87.83841,0
1754724,320,-87.69786,0
1754734,326,-86.85461,0
1754744,316,-88.26003,0
1754754,328,-86.57353,0
1754764,326,-86.85461,0
1754774,322,-87.41679,0
1754784,320,-87.69786,0
1754794,330,-86.29245,0
1754804,321,-87.55732,0
1754814,312,-88.8222,0
1754824,318,-87.97894,0
1754834,320,-87.69786,0
1754844,322,-87.41679,0
1754854,316,-88.26003,0
1754864,323,-87.27624,0
1754874,319,-87.83841,0
1754884,324,-87.1357,0
1754894,319,-87.83841,0
1754904,321,-87.55732,0
1754914,320,-87.69786,0
1754924,317,-88.11949,0
1754934,318,-87.97894,0
1754944,324,-87.1357,0
1754954,320,-87.69786,0
1754964,316,-88.26003,0
1754974,314,-88.54111,0
1754984,319,-87.83841,0
1754994,321,-87.55732,0
1755004,319,-87.83841,0
1755014,324,-87.1357,0
1755024,325,-86.99516,0
1755034,317,-88.11949,0
1755044,316,-88.26003,0
1755054,312,-88.8222,0
1755064,323,-87.27624,0
1755074,315,-88.40057,0
1755084,321,-87.55732,0
1755094,314,-88.54111,0
1755104,322,-87.41679,0
1755114,321,-87.55732,0
1755124,311,-88.96274,0
1755134,325,-86.99516,0
1755144,317,-88.11949,0
1755154,318,-87.97894,0
1755164,323,-87.27624,0
1755174,317,-88.11949,0
1755184,326,-86.85461,0
1755194,318,-87.97894,0
1755204,324,-87.1357,0
1755214,321,-87.55732,0
1755224,321,-87.55732,0
1755234,325,-86.99516,0
1755244,322,-87.41679,0
1755254,321,-87.55732,0
1755264,319,-87.83841,0
1755274,317,-88.11949,0
1755284,317,-88.11949,0
1755294,320,-87.69786,0
1755304,320,-87.69786,0
1755314,318,-87.97894,0
1755324,327,-86.71407,0
1755334,326,-86.85461,0
1755344,327,-86.71407,0
1755354,322,-87.41679,0
1755364,325,-86.99516,0
1755374,322,-87.41679,0
1755384,317,-88.11949,0
1755394,318,-87.97894,0
1755404,327,-86.71407,0
1755414,327,-86.71407,0
1755424,321,-87.55732,0
1755434,322,-87.41679,0
1755444,322,-87.41679,0
1755454,322,-87.41679,0
1755464,322,-87.41679,0
1755474,320,-87.69786,0
1755484,320,-87.69786,0
1755494,319,-87.83841,0
1755504,321,-87.55732,0
1755514,325,-86.99516,0
1755524,321,-87.55732,0
1755534,325,-86.99516,0
1755544,320,-87.69786,0
1755554,326,-86.85461,0
1755564,322,-87.41679,0
1755574,323,-87.27624,0
1755584,326,-86.85461,0
1755594,318,-87.97894,0
1755604,315,-88.40057,0
1755614,314,-88.54111,0
1755624,318,-87.97894,0
1755634,323,-87.27624,0
1755644,313,-88.68166,0
1755654,320,-87.69786,0
1755664,324,-87.1357,0
1755674,322,-87.41679,0
1755684,326,-86.85461,0
1755694,322,-87.41679,0
1755704,317,-88.11949,0
1755714,311,-88.96274,0
1755724,317,-88.11949,0
1755734,316,-88.26003,0
1755744,321,-87.55732,0
1755754,322,-87.41679,0
1755764,328,-86.57353,0
1755774,320,-87.69786,0
1755784,316,-88.26003,0
1755794,318,-87.97894,0
1755804,323,-87.27624,0
1755814,321,-87.55732,0
1755824,319,-87.83841,0
1755834,313,-88.68166,0
1755844,317,-88.11949,0
1755854,316,-88.26003,0
1755864,318,-87.97894,0
1755874,316,-88.26003,0
1755884,318,-87.97894,0
1755894,313,-88.68166,0
1755904,319,-87.83841,0
1755914,314,-88.54111,0
1755924,318,-87.97894,0
1755934,316,-88.26003,0
1755944,323,-87.27624,0
1755954,328,-86.57353,0
1755964,317,-88.11949,0
1755974,317,-88.11949,0
1755984,317,-88.11949,0
1755994,321,-87.55732,0
1756004,319,-87.83841,0
1756014,315,-88.40057,0
1756024,323,-87.27624,0
1756034,328,-86.57353,0
1756044,317,-88.11949,0
1756054,315,-88.40057,0
1756064,317,-88.11949,0
1756074,309,-89.24382,0
1756084,316,-88.26003,0
1756094,316,-88.26003,0
1756104,318,-87.97894,0
1756114,321,-87.55732,0
1756124,320,-87.69786,0
1756134,323,-87.27624,0
1756144,320,-87.69786,0
1756154,315,-88.40057,0
1756164,316,-88.26003,0
1756174,316,-88.26003,0
1756184,323,-87.27624,0
1756194,313,-88.68166,0
1756204,324,-87.1357,0
1756214,325,-86.99516,0
1756224,324,-87.1357,0
1756234,323,-87.27624,0
1756244,322,-87.41679,0
1756254,320,-87.69786,0
1756264,318,-87.97894,0
1756274,314,-88.54111,0
1756284,313,-88.68166,0
1756294,319,-87.83841,0
1756304,323,-87.27624,0
1756314,319,-87.83841,0
1756324,324,-87.1357,0
1756334,329,-86.43299,0
1756344,317,-88.11949,0
1756354,324,-87.1357,0
1756364,318,-87.97894,0
1756374,323,-87.27624,0
1756384,319,-87.83841,0
1756394,318,-87.97894,0
1756404,318,-87.97894,0
1756414,318,-87.97894,0
1756424,315,-88.40057,0
1756434,326,-86.85461,0
1756444,323,-87.27624,0
1756454,322,-87.41679,0
1756464,323,-87.27624,0
1756474,321,-87.55732,0
1756484,317,-88.11949,0
1756494,314,-88.54111,0
1756504,325,-86.99516,0
1756514,325,-86.99516,0
1756524,325,-86.99516,0
1756534,316,-88.26003,0
1756544,323,-87.27624,0
1756554,321,-87.55732,0
1756564,323,-87.27624,0
1756574,322,-87.41679,0
1756584,319,-87.83841,0
1756594,321,-87.55732,0
1756604,312,-88.8222,0
1756614,321,-87.55732,0
1756624,322,-87.41679,0
1756634,323,-87.27624,0
1756644,321,-87.55732,0
1756654,328,-86.57353,0
1756664,315,-88.40057,0
1756674,323,-87.27624,0
1756684,334,-85.73029,0
1756694,323,-87.27624,0
1756704,316,-88.26003,0
1756714,322,-87.41679,0
1756724,315,-88.40057,0
1756734,320,-87.69786,0
1756744,320,-87.69786,0
1756754,322,-87.41679,0
1756764,323,-87.27624,0
1756774,323,-87.27624,0
1756784,324,-87.1357,0
1756794,320,-87.69786,0
1756804,316,-88.26003,0
1756814,328,-86.57353,0
1756824,325,-86.99516,0
1756834,318,-87.97894,0
1756844,318,-87.97894,0
1756854,323,-87.27624,0
1756864,322,-87.41679,0
1756874,322,-87.41679,0
1756884,323,-87.27624,0
1756894,317,-88.11949,0
1756904,328,-86.57353,0
1756914,321,-87.55732,0
1756924,320,-87.69786,0
1756934,325,-86.99516,0
1756944,318,-87.97894,0
1756954,318,-87.97894,0
1756964,317,-88.11949,0
1756974,318,-87.97894,0
1756984,321,-87.55732,0
1756994,314,-88.54111,0
1757004,321,-87.55732,0
1757014,322,-87.41679,0
1757024,326,-86.85461,0
1757034,317,-88.11949,0
1757044,323,-87.27624,0
1757054,317,-88.11949,0
1757064,316,-88.26003,0
1757074,323,-87.27624,0
1757084,321,-87.55732,0
1757094,324,-87.1357,0
1757104,322,-87.41679,0
1757114,322,-87.41679,0
1757124,324,-87.1357,0
1757134,326,-86.85461,0
1757144,319,-87.83841,0
1757154,320,-87.69786,0
1757164,317,-88.11949,0
1757174,319,-87.83841,0
1757184,320,-87.69786,0
1757194,314,-88.54111,0
1757204,316,-88.26003,0
1757214,321,-87.55732,0
1757224,320,-87.69786,0
1757234,316,-88.26003,0
1757244,317,-88.11949,0
1757254,320,-87.69786,0
1757264,320,-87.69786,0
1757274,324,-87.1357,0
1757284,313,-88.68166,0
1757294,319,-87.83841,0
1757304,315,-88.40057,0
1757314,320,-87.69786,0
1757324,317,-88.11949,0
1757334,317,-88.11949,0
1757344,318,-87.97894,0
1757354,328,-86.57353,0
1757364,320,-87.69786,0
1757374,320,-87.69786,0
1757384,325,-86.99516,0
1757394,317,-88.11949,0
1757404,314,-88.54111,0
1757414,322,-87.41679,0
1757424,324,-87.1357,0
1757434,322,-87.41679,0
1757444,317,-88.11949,0
1757454,322,-87.41679,0
1757464,324,-87.1357,0
1757474,325,-86.99516,0
1757484,323,-87.27624,0
1757494,324,-87.1357,0
1757504,314,-88.54111,0
1757514,317,-88.11949,0
1757524,318,-87.97894,0
1757534,324,-87.1357,0
1757544,322,-87.41679,0
1757554,320,-87.69786,0
1757564,318,-87.97894,0
1757574,317,-88.11949,0
1757584,312,-88.8222,0
1757594,324,-87.1357,0
1757604,325,-86.99516,0
1757614,314,-88.54111,0
1757624,312,-88.8222,0
1757634,318,-87.97894,0
1757644,317,-88.11949,0
1757654,321,-87.55732,0
1757664,316,-88.26003,0
1757674,325,-86.99516,0
1757684,320,-87.69786,0
1757694,318,-87.97894,0
1757704,322,-87.41679,0
1757714,318,-87.97894,0
1757724,321,-87.55732,0
1757734,321,-87.55732,0
1757744,319,-87.83841,0
1757754,324,-87.1357,0
1757764,317,-88.11949,0
1757774,317,-88.11949,0
1757784,319,-87.83841,0
1757794,323,-87.27624,0
1757804,321,-87.55732,0
1757814,322,-87.41679,0
1757824,322,-87.41679,0
1757834,324,-87.1357,0
1757844,311,-88.96274,0
1757854,319,-87.83841,0
1757864,316,-88.26003,0
1757874,318,-87.97894,0
1757884,321,-87.55732,0
1757894,322,-87.41679,0
1757904,324,-87.1357,0
1757914,320,-87.69786,0
1757924,325,-86.99516,0
1757934,326,-86.85461,0
1757944,322,-87.41679,0
1757954,322,-87.41679,0
1757964,318,-87.97894,0
1757974,325,-86.99516,0
1757984,324,-87.1357,0
1757994,327,-86.71407,0
1758004,326,-86.85461,0
1758014,315,-88.40057,0
1758024,316,-88.26003,0
1758034,324,-87.1357,0
1758044,320,-87.69786,0
1758054,323,-87.27624,0
1758064,314,-88.54111,0
1758074,313,-88.68166,0
1758084,317,-88.11949,0
1758094,319,-87.83841,0
1758104,317,-88.11949,0
1758114,321,-87.55732,0
1758124,318,-87.97894,0
1758134,315,-88.40057,0
1758144,316,-88.26003,0
1758154,325,-86.99516,0
1758164,321,-87.55732,0
1758174,318,-87.97894,0
1758184,321,-87.55732,0
1758194,313,-88.68166,0
1758204,322,-87.41679,0
1758214,323,-87.27624,0
1758224,321,-87.55732,0
1758234,324,-87.1357,0
1758244,320,-87.69786,0
1758254,322,-87.41679,0
1758264,331,-86.1519,0
1758274,323,-87.27624,0
1758284,320,-87.69786,0
1758294,318,-87.97894,0
1758304,327,-86.71407,0
1758314,325,-86.99516,0
1758324,326,-86.85461,0
1758334,324,-87.1357,0
1758344,325,-86.99516,0
1758354,322,-87.41679,0
1758364,331,-86.1519,0
1758374,327,-86.71407,0
1758384,327,-86.71407,0
1758394,320,-87.69786,0
1758404,321,-87.55732,0
1758414,319,-87.83841,0
1758424,318,-87.97894,0
1758434,322,-87.41679,0
1758444,323,-87.27624,0
1758454,326,-86.85461,0
1758464,319,-87.83841,0
1758474,316,-88.26003,0
1758484,324,-87.1357,0
1758494,323,-87.27624,0
1758504,318,-87.97894,0
1758514,317,-88.11949,0
1758524,319,-87.83841,0
1758534,319,-87.83841,0
1758544,323,-87.27624,0
1758554,322,-87.41679,0
1758564,322,-87.41679,0
1758574,317,-88.11949,0
1758584,323,-87.27624,0
1758594,319,-87.83841,0
1758604,321,-87.55732,0
1758614,319,-87.83841,0
1758624,321,-87.55732,0
1758634,321,-87.55732,0
1758644,320,-87.69786,0
1758654,325,-86.99516,0
1758664,324,-87.1357,0
1758674,321,-87.55732,0
1758684,320,-87.69786,0
1758694,318,-87.97894,0
1758704,329,-86.43299,0
1758714,327,-86.71407,0
1758724,328,-86.57353,0
1758734,312,-88.8222,0
1758744,319,-87.83841,0
1758754,324,-87.1357,0
1758764,317,-88.11949,0
1758774,317,-88.11949,0
1758784,319,-87.83841,0
1758794,316,-88.26003,0
1758804,322,-87.41679,0
1758814,327,-86.71407,0
1758824,325,-86.99516,0
1758834,317,-88.11949,0
1758844,317,-88.11949,0
1758854,320,-87.69786,0
1758864,320,-87.69786,0
1758874,313,-88.68166,0
1758884,320,-87.69786,0
1758894,323,-87.27624,0
1758904,327,-86.71407,0
1758914,316,-88.26003,0
1758924,324,-87.1357,0
1758934,320,-87.69786,0
1758944,322,-87.41679,0
1758954,326,-86.85461,0
1758964,317,-88.11949,0
1758974,320,-87.69786,0
1758984,313,-88.68166,0
1758994,324,-87.1357,0
1759004,321,-87.55732,0
1759014,326,-86.85461,0
1759024,327,-86.71407,0
1759034,321,-87.55732,0
1759044,322,-87.41679,0
1759054,326,-86.85461,0
1759064,317,-88.11949,0
1759074,324,-87.1357,0
1759084,326,-86.85461,0
1759094,318,-87.97894,0
1759104,321,-87.55732,0
1759114,320,-87.69786,0
1759124,326,-86.85461,0
1759134,316,-88.26003,0
1759144,315,-88.40057,0
1759154,324,-87.1357,0
1759164,312,-88.8222,0
1759174,322,-87.41679,0
1759184,318,-87.97894,0
1759194,324,-87.1357,0
1759204,322,-87.41679,0
1759214,319,-87.83841,0
1759224,324,-87.1357,0
1759234,324,-87.1357,0
1759244,328,-86.57353,0
1759254,322,-87.41679,0
1759264,326,-86.85461,0
1759274,326,-86.85461,0
1759284,317,-88.11949,0
1759294,319,-87.83841,0
1759304,319,-87.83841,0
1759314,318,-87.97894,0
1759324,324,-87.1357,0
1759334,319,-87.83841,0
1759344,319,-87.83841,0
1759354,320,-87.69786,0
1759364,321,-87.55732,0
1759374,320,-87.69786,0
1759384,320,-87.69786,0
1759394,321,-87.55732,0
1759404,317,-88.11949,0
1759414,318,-87.97894,0
1759424,326,-86.85461,0
1759434,324,-87.1357,0
1759444,325,-86.99516,0
1759454,325,-86.99516,0
1759464,317,-88.11949,0
1759474,324,-87.1357,0
1759484,318,-87.97894,0
1759494,320,-87.69786,0
1759504,325,-86.99516,0
1759514,319,-87.83841,0
1759524,319,-87.83841,0
1759534,315,-88.40057,0
1759544,318,-87.97894,0
1759554,324,-87.1357,0
1759564,330,-86.29245,0
1759574,323,-87.27624,0
1759584,317,-88.11949,0
1759594,318,-87.97894,0
1759604,316,-88.26003,0
1759614,319,-87.83841,0
1759624,323,-87.27624,0
1759634,320,-87.69786,0
1759644,313,-88.68166,0
1759654,321,-87.55732,0
1759664,319,-87.83841,0
1759674,326,-86.85461,0
1759684,325,-86.99516,0
1759694,325,-86.99516,0
1759704,324,-87.1357,0
1759714,322,-87.41679,0
1759724,325,-86.99516,0
1759734,320,-87.69786,0
1759744,319,-87.83841,0
1759754,314,-88.54111,0
1759764,320,-87.69786,0
1759774,319,-87.83841,0
1759784,316,-88.26003,0
1759794,320,-87.69786,0
1759804,324,-87.1357,0
1759814,321,-87.55732,0
1759824,326,-86.85461,0
1759834,325,-86.99516,0
1759844,322,-87.41679,0
1759854,319,-87.83841,0
1759864,318,-87.97894,0
1759874,319,-87.83841,0
1759884,325,-86.99516,0
1759894,317,-88.11949,0
1759904,325,-86.99516,0
1759914,323,-87.27624,0
1759924,317,-88.11949,0
1759934,322,-87.41679,0
1759944,321,-87.55732,0
1759954,314,-88.54111,0
1759964,322,-87.41679,0
1759974,325,-86.99516,0
1759984,316,-88.26003,0
1759994,322,-87.41679,0
1760004,324,-87.1357,0
1760014,318,-87.97894,0
1760024,325,-86.99516,0
1760034,319,-87.83841,0
1760044,312,-88.8222,0
1760054,322,-87.41679,0
1760064,319,-87.83841,0
1760074,316,-88.26003,0
1760084,316,-88.26003,0
1760094,320,-87.69786,0
1760104,320,-87.69786,0
1760114,318,-87.97894,0
1760124,323,-87.27624,0
1760134,317,-88.11949,0
1760144,320,-87.69786,0
1760154,314,-88.54111,0
1760164,312,-88.8222,0
1760174,315,-88.40057,0
1760184,321,-87.55732,0
1760194,312,-88.8222,0
1760204,319,-87.83841,0
1760214,315,-88.40057,0
1760224,319,-87.83841,0
1760234,317,-88.11949,0
1760244,319,-87.83841,0
1760254,319,-87.83841,0
1760264,327,-86.71407,0
1760274,317,-88.11949,0
1760284,323,-87.27624,0
1760294,315,-88.40057,0
1760304,323,-87.27624,0
1760314,314,-88.54111,0
1760324,312,-88.8222,0
1760334,322,-87.41679,0
1760344,322,-87.41679,0
1760354,323,-87.27624,0
1760364,321,-87.55732,0
1760374,327,-86.71407,0
1760384,326,-86.85461,0
1760394,322,-87.41679,0
1760404,327,-86.71407,0
1760414,310,-89.10328,0
1760424,325,-86.99516,0
1760434,325,-86.99516,0
1760444,322,-87.41679,0
1760454,318,-87.97894,0
1760464,321,-87.55732,0
1760474,325,-86.99516,0
1760484,314,-88.54111,0
1760494,323,-87.27624,0
1760504,314,-88.54111,0
1760514,324,-87.1357,0
1760524,326,-86.85461,0
1760534,317,-88.11949,0
1760544,319,-87.83841,0
1760554,321,-87.55732,0
1760564,324,-87.1357,0
1760574,321,-87.55732,0
1760584,322,-87.41679,0
1760594,321,-87.55732,0
1760604,319,-87.83841,0
1760614,324,-87.1357,0
1760624,323,-87.27624,0
1760634,319,-87.83841,0
1760644,322,-87.41679,0
1760654,319,-87.83841,0
1760664,314,-88.54111,0
1760674,323,-87.27624,0
1760684,326,-86.85461,0
1760694,321,-87.55732,0
1760704,321,-87.55732,0
1760714,322,-87.41679,0
1760724,324,-87.1357,0
1760734,315,-88.40057,0
1760744,316,-88.26003,0
1760754,318,-87.97894,0
1760764,324,-87.1357,0
1760774,316,-88.26003,0
1760784,324,-87.1357,0
1760794,322,-87.41679,0
1760804,317,-88.11949,0
1760814,326,-86.85461,0
1760824,328,-86.57353,0
1760834,309,-89.24382,0
1760844,320,-87.69786,0
1760854,317,-88.11949,0
1760864,318,-87.97894,0
1760874,322,-87.41679,0
1760884,318,-87.97894,0
1760894,322,-87.41679,0
1760904,325,-86.99516,0
1760914,325,-86.99516,0
1760924,321,-87.55732,0
1760934,318,-87.97894,0
1760944,323,-87.27624,0
1760954,326,-86.85461,0
1760964,323,-87.27624,0
1760974,322,-87.41679,0
1760984,314,-88.54111,0
1760994,327,-86.71407,0
1761004,319,-87.83841,0
1761014,319,-87.83841,0
1761024,323,-87.27624,0
1761034,325,-86.99516,0
1761044,318,-87.97894,0
1761054,316,-88.26003,0
1761064,324,-87.1357,0
1761074,324,-87.1357,0
1761084,320,-87.69786,0
1761094,321,-87.55732,0
1761104,325,-86.99516,0
1761114,318,-87.97894,0
1761124,323,-87.27624,0
1761134,321,-87.55732,0
1761144,317,-88.11949,0
1761154,319,-87.83841,0
1761164,313,-88.68166,0
1761174,316,-88.26003,0
1761184,324,-87.1357,0
1761194,321,-87.55732,0
1761204,318,-87.97894,0
1761214,316,-88.26003,0
1761224,322,-87.41679,0
1761234,321,-87.55732,0
1761244,327,-86.71407,0
1761254,325,-86.99516,0
1761264,324,-87.1357,0
1761274,324,-87.1357,0
1761284,318,-87.97894,0
1761294,323,-87.27624,0
1761304,324,-87.1357,0
1761314,319,-87.83841,0
1761324,322,-87.41679,0
1761334,322,-87.41679,0
1761344,319,-87.83841,0
1761354,325,-86.99516,0
1761364,326,-86.85461,0
1761374,321,-87.55732,0
1761384,322,-87.41679,0
1761394,323,-87.27624,0
1761404,326,-86.85461,0
1761414,323,-87.27624,0
1761424,316,-88.26003,0
1761434,318,-87.97894,0
1761444,323,-87.27624,0
1761454,331,-86.1519,0
1761464,322,-87.41679,0
1761474,332,-86.01136,0
1761484,321,-87.55732,0
1761494,321,-87.55732,0
1761504,323,-87.27624,0
1761514,323,-87.27624,0
1761524,318,-87.97894,0
1761534,317,-88.11949,0
1761544,318,-87.97894,0
1761554,318,-87.97894,0
1761564,316,-88.26003,0
1761574,320,-87.69786,0
1761584,325,-86.99516,0
1761594,320,-87.69786,0
1761604,324,-87.1357,0
1761614,330,-86.29245,0
1761624,320,-87.69786,0
1761634,326,-86.85461,0
1761644,326,-86.85461,0
1761654,316,-88.26003,0
1761664,315,-88.40057,0
1761674,318,-87.97894,0
1761684,321,-87.55732,0
1761694,319,-87.83841,0
1761704,330,-86.29245,0
1761714,321,-87.55732,0
1761724,326,-86.85461,0
1761734,317,-88.11949,0
1761744,325,-86.99516,0
1761754,322,-87.41679,0
1761764,328,-86.57353,0
1761774,316,-88.26003,0
1761784,323,-87.27624,0
1761794,325,-86.99516,0
1761804,324,-87.1357,0
1761814,321,-87.55732,0
1761824,321,-87.55732,0
1761834,319,-87.83841,0
1761844,321,-87.55732,0
1761854,321,-87.55732,0
1761864,315,-88.40057,0
1761874,315,-88.40057,0
1761884,318,-87.97894,0
1761894,318,-87.97894,0
1761904,327,-86.71407,0
1761914,314,-88.54111,0
1761924,316,-88.26003,0
1761934,321,-87.55732,0
1761944,316,-88.26003,0
1761954,325,-86.99516,0
1761964,327,-86.71407,0
1761974,324,-87.1357,0
1761984,322,-87.41679,0
1761994,318,-87.97894,0
1762004,316,-88.26003,0
1762014,315,-88.40057,0
1762024,322,-87.41679,0
1762034,315,-88.40057,0
1762044,327,-86.71407,0
1762054,319,-87.83841,0
1762064,321,-87.55732,0
1762074,316,-88.26003,0
1762084,319,-87.83841,0
1762094,321,-87.55732,0
1762104,318,-87.97894,0
1762114,323,-87.27624,0
1762124,324,-87.1357,0
1762134,323,-87.27624,0
1762144,321,-87.55732,0
1762154,318,-87.97894,0
1762164,314,-88.54111,0
1762174,316,-88.26003,0
1762184,325,-86.99516,0
1762194,323,-87.27624,0
1762204,322,-87.41679,0
1762214,318,-87.97894,0
1762224,313,-88.68166,0
1762234,319,-87.83841,0
1762244,317,-88.11949,0
1762254,324,-87.1357,0
1762264,321,-87.55732,0
1762274,325,-86.99516,0
1762284,319,-87.83841,0
1762294,313,-88.68166,0
1762304,325,-86.99516,0
1762314,325,-86.99516,0
1762324,320,-87.69786,0
1762334,322,-87.41679,0
1762344,316,-88.26003,0
1762354,325,-86.99516,0
1762364,313,-88.68166,0
1762374,317,-88.11949,0
1762384,320,-87.69786,0
1762394,328,-86.57353,0
1762404,331,-86.1519,0
1762414,323,-87.27624,0
1762424,323,-87.27624,0
1762434,323,-87.27624,0
1762444,320,-87.69786,0
1762454,324,-87.1357,0
1762464,318,-87.97894,0
1762474,320,-87.69786,0
1762484,317,-88.11949,0
1762494,324,-87.1357,0
1762504,320,-87.69786,0
1762514,316,-88.26003,0
1762524,325,-86.99516,0
1762534,326,-86.85461,0
1762544,325,-86.99516,0
1762554,321,-87.55732,0
1762564,316,-88.26003,0
1762574,323,-87.27624,0
1762584,335,-85.58974,0
1762594,329,-86.43299,0
1762604,321,-87.55732,0
1762614,323,-87.27624,0
1762624,324,-87.1357,0
1762634,322,-87.41679,0
1762644,325,-86.99516,0
1762654,322,-87.41679,0
1762664,318,-87.97894,0
1762674,321,-87.55732,0
1762684,323,-87.27624,0
1762694,315,-88.40057,0
1762704,322,-87.41679,0
1762714,321,-87.55732,0
1762724,326,-86.85461,0
1762734,325,-86.99516,0
1762744,312,-88.8222,0
1762754,323,-87.27624,0
1762764,323,-87.27624,0
1762774,316,-88.26003,0
1762784,317,-88.11949,0
1762794,319,-87.83841,0
1762804,319,-87.83841,0
1762814,319,-87.83841,0
1762824,318,-87.97894,0
1762834,325,-86.99516,0
1762844,321,-87.55732,0
1762854,330,-86.29245,0
1762864,327,-86.71407,0
1762874,319,-87.83841,0
1762884,327,-86.71407,0
1762894,315,-88.40057,0
1762904,318,-87.97894,0
1762914,323,-87.27624,0
1762924,314,-88.54111,0
1762934,322,-87.41679,0
1762944,316,-88.26003,0
1762954,324,-87.1357,0
1762964,327,-86.71407,0
1762974,327,-86.71407,0
1762984,323,-87.27624,0
1762994,332,-86.01136,0
1763004,320,-87.69786,0
1763014,320,-87.69786,0
1763024,319,-87.83841,0
1763034,319,-87.83841,0
1763044,316,-88.26003,0
1763054,320,-87.69786,0
1763064,321,-87.55732,0
1763074,320,-87.69786,0
1763084,328,-86.57353,0
1763094,322,-87.41679,0
1763104,321,-87.55732,0
1763114,315,-88.40057,0
1763124,320,-87.69786,0
1763134,319,-87.83841,0
1763144,319,-87.83841,0
1763154,320,-87.69786,0
1763164,315,-88.40057,0
1763174,317,-88.11949,0
1763184,320,-87.69786,0
1763194,324,-87.1357,0
1763204,318,-87.97894,0
1763214,320,-87.69786,0
1763224,318,-87.97894,0
1763234,323,-87.27624,0
1763244,325,-86.99516,0
1763254,319,-87.83841,0
1763264,322,-87.41679,0
1763274,324,-87.1357,0
1763284,323,-87.27624,0
1763294,323,-87.27624,0
1763304,317,-88.11949,0
1763314,326,-86.85461,0
1763324,315,-88.40057,0
1763334,320,-87.69786,0
1763344,313,-88.68166,0
1763354,321,-87.55732,0
1763364,320,-87.69786,0
1763374,322,-87.41679,0
1763384,326,-86.85461,0
1763394,323,-87.27624,0
1763404,325,-86.99516,0
1763414,322,-87.41679,0
1763424,326,-86.85461,0
1763434,323,-87.27624,0
1763444,323,-87.27624,0
1763454,314,-88.54111,0
1763464,318,-87.97894,0
1763474,320,-87.69786,0
1763484,324,-87.1357,0
1763494,319,-87.83841,0
1763504,323,-87.27624,0
1763514,323,-87.27624,0
1763524,324,-87.1357,0
1763534,320,-87.69786,0
1763544,316,-88.26003,0
1763554,323,-87.27624,0
1763564,319,-87.83841,0
1763574,326,-86.85461,0
1763584,324,-87.1357,0
1763594,323,-87.27624,0
1763604,325,-86.99516,0
1763614,330,-86.29245,0
1763624,322,-87.41679,0
1763634,321,-87.55732,0
1763644,320,-87.69786,0
1763654,321,-87.55732,0
1763664,314,-88.54111,0
1763674,314,-88.54111,0
1763684,313,-88.68166,0
1763694,324,-87.1357,0
1763704,322,-87.41679,0
1763714,325,-86.99516,0
1763724,317,-88.11949,0
1763734,320,-87.69786,0
1763744,322,-87.41679,0
1763754,321,-87.55732,0
1763764,323,-87.27624,0
1763774,320,-87.69786,0
1763784,313,-88.68166,0
1763794,318,-87.97894,0
1763804,321,-87.55732,0
1763814,318,-87.97894,0
1763824,319,-87.83841,0
1763834,320,-87.69786,0
1763844,321,-87.55732,0
1763854,328,-86.57353,0
1763864,324,-87.1357,0
1763874,324,-87.1357,0
1763884,315,-88.40057,0
1763894,317,-88.11949,0
1763904,323,-87.27624,0
1763914,316,-88.26003,0
1763924,324,-87.1357,0
1763934,321,-87.55732,0
1763944,323,-87.27624,0
1763954,323,-87.27624,0
1763964,319,-87.83841,0
1763974,325,-86.99516,0
1763984,320,-87.69786,0
1763994,321,-87.55732,0
1764004,314,-88.54111,0
1764014,320,-87.69786,0
1764024,327,-86.71407,0
1764034,321,-87.55732,0
1764044,323,-87.27624,0
1764054,324,-87.1357,0
1764064,330,-86.29245,0
1764074,320,-87.69786,0
1764084,320,-87.69786,0
1764094,329,-86.43299,0
1764104,316,-88.26003,0
1764114,317,-88.11949,0
1764124,319,-87.83841,0
1764134,319,-87.83841,0
1764144,318,-87.97894,0
1764154,319,-87.83841,0
1764164,314,-88.54111,0
1764174,324,-87.1357,0
1764184,314,-88.54111,0
1764194,319,-87.83841,0
1764204,330,-86.29245,0
1764214,322,-87.41679,0
1764224,318,-87.97894,0
1764234,317,-88.11949,0
1764244,323,-87.27624,0
1764254,328,-86.57353,0
1764264,328,-86.57353,0
1764274,326,-86.85461,0
1764284,321,-87.55732,0
1764294,319,-87.83841,0
1764304,319,-87.83841,0
1764314,319,-87.83841,0
1764324,322,-87.41679,0
1764334,323,-87.27624,0
1764344,318,-87.97894,0
1764354,321,-87.55732,0
1764364,327,-86.71407,0
1764374,325,-86.99516,0
1764384,324,-87.1357,0
1764394,323,-87.27624,0
1764404,326,-86.85461,0
1764414,322,-87.41679,0
1764424,324,-87.1357,0
1764434,315,-88.40057,0
1764444,316,-88.26003,0
1764454,319,-87.83841,0
1764464,324,-87.1357,0
1764474,322,-87.41679,0
1764484,316,-88.26003,0
1764494,322,-87.41679,0
1764504,324,-87.1357,0
1764514,317,-88.11949,0
1764524,318,-87.97894,0
1764534,325,-86.99516,0
1764544,320,-87.69786,0
1764554,318,-87.97894,0
1764564,317,-88.11949,0
1764574,318,-87.97894,0
1764584,316,-88.26003,0
1764594,324,-87.1357,0
1764604,322,-87.41679,0
1764614,323,-87.27624,0
1764624,320,-87.69786,0
1764634,321,-87.55732,0
1764644,322,-87.41679,0
1764654,322,-87.41679,0
1764664,322,-87.41679,0
1764674,320,-87.69786,0
1764684,314,-88.54111,0
1764694,324,-87.1357,0
1764704,323,-87.27624,0
1764714,322,-87.41679,0
1764724,327,-86.71407,0
1764734,325,-86.99516,0
1764744,327,-86.71407,0
1764754,322,-87.41679,0
1764764,322,-87.41679,0
1764774,320,-87.69786,0
1764784,312,-88.8222,0
1764794,315,-88.40057,0
1764804,324,-87.1357,0
1764814,320,-87.69786,0
1764824,329,-86.43299,0
1764834,323,-87.27624,0
1764844,319,-87.83841,0
1764854,326,-86.85461,0
1764864,326,-86.85461,0
1764874,319,-87.83841,0
1764884,324,-87.1357,0
1764894,318,-87.97894,0
1764904,324,-87.1357,0
1764914,320,-87.69786,0
1764924,324,-87.1357,0
1764934,318,-87.97894,0
1764944,323,-87.27624,0
1764954,328,-86.57353,0
1764964,321,-87.55732,0
1764974,325,-86.99516,0
1764984,321,-87.55732,0
1764994,323,-87.27624,0
1765004,318,-87.97894,0
1765014,323,-87.27624,0
1765024,323,-87.27624,0
1765034,322,-87.41679,0
1765044,316,-88.26003,0
1765054,320,-87.69786,0
1765064,317,-88.11949,0
1765074,318,-87.97894,0
1765084,320,-87.69786,0
1765094,326,-86.85461,0
1765104,322,-87.41679,0
1765114,325,-86.99516,0
1765124,326,-86.85461,0
1765134,316,-88.26003,0
1765144,323,-87.27624,0
1765154,317,-88.11949,0
1765164,319,-87.83841,0
1765174,325,-86.99516,0
1765184,322,-87.41679,0
1765194,319,-87.83841,0
1765204,317,-88.11949,0
1765214,321,-87.55732,0
1765224,327,-86.71407,0
1765234,324,-87.1357,0
1765244,320,-87.69786,0
1765254,317,-88.11949,0
1765264,318,-87.97894,0
1765274,324,-87.1357,0
1765284,320,-87.69786,0
1765294,322,-87.41679,0
1765304,326,-86.85461,0
1765314,321,-87.55732,0
1765324,318,-87.97894,0
1765334,323,-87.27624,0
1765344,320,-87.69786,0
1765354,328,-86.57353,0
1765364,327,-86.71407,0
1765374,316,-88.26003,0
1765384,321,-87.55732,0
1765394,311,-88.96274,0
1765404,322,-87.41679,0
1765414,325,-86.99516,0
1765424,321,-87.55732,0
1765434,324,-87.1357,0
1765444,324,-87.1357,0
1765454,317,-88.11949,0
1765464,321,-87.55732,0
1765474,325,-86.99516,0
1765484,320,-87.69786,0
1765494,318,-87.97894,0
1765504,323,-87.27624,0
1765514,323,-87.27624,0
1765524,326,-86.85461,0
1765534,324,-87.1357,0
1765544,325,-86.99516,0
1765554,320,-87.69786,0
1765564,328,-86.57353,0
1765574,317,-88.11949,0
1765584,321,-87.55732,0
1765594,322,-87.41679,0
1765604,322,-87.41679,0
1765614,323,-87.27624,0
1765624,318,-87.97894,0
1765634,331,-86.1519,0
1765644,318,-87.97894,0
1765654,319,-87.83841,0
1765664,320,-87.69786,0
1765674,322,-87.41679,0
1765684,319,-87.83841,0
1765694,320,-87.69786,0
1765704,324,-87.1357,0
1765714,320,-87.69786,0
1765724,322,-87.41679,0
1765734,326,-86.85461,0
1765744,325,-86.99516,0
1765754,325,-86.99516,0
1765764,324,-87.1357,0
1765774,330,-86.29245,0
1765784,326,-86.85461,0
1765794,328,-86.57353,0
1765804,319,-87.83841,0
1765814,318,-87.97894,0
1765824,321,-87.55732,0
1765834,319,-87.83841,0
1765844,326,-86.85461,0
1765854,322,-87.41679,0
1765864,322,-87.41679,0
1765874,329,-86.43299,0
1765884,318,-87.97894,0
1765894,321,-87.55732,0
1765904,323,-87.27624,0
1765914,326,-86.85461,0
1765924,322,-87.41679,0
1765934,318,-87.97894,0
1765944,318,-87.97894,0
1765954,323,-87.27624,0
1765964,320,-87.69786,0
1765974,325,-86.99516,0
1765984,322,-87.41679,0
1765994,325,-86.99516,0
1766004,323,-87.27624,0
1766014,323,-87.27624,0
1766024,323,-87.27624,0
1766034,311,-88.96274,0
1766044,320,-87.69786,0
1766054,317,-88.11949,0
1766064,321,-87.55732,0
1766074,327,-86.71407,0
1766084,322,-87.41679,0
1766094,325,-86.99516,0
1766104,319,-87.83841,0
1766114,329,-86.43299,0
1766124,321,-87.55732,0
1766134,327,-86.71407,0
1766144,324,-87.1357,0
1766154,321,-87.55732,0
1766164,317,-88.11949,0
1766174,322,-87.41679,0
1766184,322,-87.41679,0
1766194,321,-87.55732,0
1766204,325,-86.99516,0
1766214,320,-87.69786,0
1766224,329,-86.43299,0
1766234,323,-87.27624,0
1766244,319,-87.83841,0
1766254,319,-87.83841,0
1766264,323,-87.27624,0
1766274,320,-87.69786,0
1766284,318,-87.97894,0
1766294,327,-86.71407,0
1766304,326,-86.85461,0
1766314,316,-88.26003,0
1766324,317,-88.11949,0
1766334,325,-86.99516,0
1766344,319,-87.83841,0
1766354,317,-88.11949,0
1766364,317,-88.11949,0
1766374,325,-86.99516,0
1766384,321,-87.55732,0
1766394,322,-87.41679,0
1766404,319,-87.83841,0
1766414,320,-87.69786,0
1766424,322,-87.41679,0
1766434,316,-88.26003,0
1766444,324,-87.1357,0
1766454,325,-86.99516,0
1766464,320,-87.69786,0
1766474,322,-87.41679,0
1766484,320,-87.69786,0
1766494,319,-87.83841,0
1766504,320,-87.69786,0
1766514,321,-87.55732,0
1766524,324,-87.1357,0
1766534,324,-87.1357,0
1766544,323,-87.27624,0
1766554,323,-87.27624,0
1766564,321,-87.55732,0
1766574,327,-86.71407,0
1766584,321,-87.55732,0
1766594,320,-87.69786,0
1766604,319,-87.83841,0
1766614,318,-87.97894,0
1766624,323,-87.27624,0
1766634,319,-87.83841,0
1766644,323,-87.27624,0
1766654,323,-87.27624,0
1766664,319,-87.83841,0
1766674,315,-88.40057,0
1766684,321,-87.55732,0
1766694,319,-87.83841,0
1766704,330,-86.29245,0
1766714,315,-88.40057,0
1766724,319,-87.83841,0
1766734,318,-87.97894,0
1766744,325,-86.99516,0
1766754,320,-87.69786,0
1766764,329,-86.43299,0
1766774,317,-88.11949,0
1766784,324,-87.1357,0
1766794,326,-86.85461,0
1766804,321,-87.55732,0
1766814,328,-86.57353,0
1766824,321,-87.55732,0
1766834,321,-87.55732,0
1766844,324,-87.1357,0
1766854,323,-87.27624,0
1766864,316,-88.26003,0
1766874,326,-86.85461,0
1766884,323,-87.27624,0
1766894,324,-87.1357,0
1766904,319,-87.83841,0
1766914,321,-87.55732,0
1766924,328,-86.57353,0
1766934,318,-87.97894,0
1766944,321,-87.55732,0
1766954,318,-87.97894,0
1766964,322,-87.41679,0
1766974,315,-88.40057,0
1766984,318,-87.97894,0
1766994,324,-87.1357,0
1767004,326,-86.85461,0
1767014,311,-88.96274,0
1767024,319,-87.83841,0
1767034,325,-86.99516,0
1767044,326,-86.85461,0
1767054,317,-88.11949,0
1767064,322,-87.41679,0
1767074,326,-86.85461,0
1767084,323,-87.27624,0
1767094,325,-86.99516,0
1767104,321,-87.55732,0
1767114,311,-88.96274,0
1767124,323,-87.27624,0
1767134,321,-87.55732,0
1767144,321,-87.55732,0
1767154,324,-87.1357,0
1767164,314,-88.54111,0
1767174,320,-87.69786,0
1767184,315,-88.40057,0
1767194,325,-86.99516,0
1767204,321,-87.55732,0
1767214,319,-87.83841,0
1767224,326,-86.85461,0
1767234,320,-87.69786,0
1767244,325,-86.99516,0
1767254,321,-87.55732,0
1767264,324,-87.1357,0
1767274,321,-87.55732,0
1767284,321,-87.55732,0
1767294,321,-87.55732,0
1767304,318,-87.97894,0
1767314,325,-86.99516,0
1767324,316,-88.26003,0
1767334,322,-87.41679,0
1767344,325,-86.99516,0
1767354,320,-87.69786,0
1767364,322,-87.41679,0
1767374,325,-86.99516,0
1767384,317,-88.11949,0
1767394,322,-87.41679,0
1767404,321,-87.55732,0
1767414,316,-88.26003,0
1767424,326,-86.85461,0
1767434,323,-87.27624,0
1767444,320,-87.69786,0
1767454,318,-87.97894,0
1767464,320,-87.69786,0
1767474,321,-87.55732,0
1767484,323,-87.27624,0
1767494,317,-88.11949,0
1767504,319,-87.83841,0
1767514,325,-86.99516,0
1767524,323,-87.27624,0
1767534,322,-87.41679,0
1767544,318,-87.97894,0
1767554,327,-86.71407,0
1767564,320,-87.69786,0
1767574,323,-87.27624,0
1767584,319,-87.83841,0
1767594,317,-88.11949,0
1767604,318,-87.97894,0
1767614,313,-88.68166,0
1767624,325,-86.99516,0
1767634,323,-87.27624,0
1767644,322,-87.41679,0
1767654,327,-86.71407,0
1767664,322,-87.41679,0
1767674,322,-87.41679,0
1767684,317,-88.11949,0
1767694,318,-87.97894,0
1767704,316,-88.26003,0
1767714,324,-87.1357,0
1767724,323,-87.27624,0
1767734,315,-88.40057,0
1767744,322,-87.41679,0
1767754,319,-87.83841,0
1767764,330,-86.29245,0
1767774,322,-87.41679,0
1767784,324,-87.1357,0
1767794,325,-86.99516,0
1767804,320,-87.69786,0
1767814,324,-87.1357,0
1767824,317,-88.11949,0
1767834,325,-86.99516,0
1767844,324,-87.1357,0
1767854,323,-87.27624,0
1767864,321,-87.55732,0
1767874,320,-87.69786,0
1767884,321,-87.55732,0
1767894,321,-87.55732,0
1767904,324,-87.1357,0
1767914,326,-86.85461,0
1767924,320,-87.69786,0
1767934,332,-86.01136,0
1767944,323,-87.27624,0
1767954,322,-87.41679,0
1767964,320,-87.69786,0
1767974,329,-86.43299,0
1767984,322,-87.41679,0
1767994,323,-87.27624,0
1768004,324,-87.1357,0
1768014,324,-87.1357,0
1768024,321,-87.55732,0
1768034,325,-86.99516,0
1768044,326,-86.85461,0
1768054,315,-88.40057,0
1768064,320,-87.69786,0
1768074,318,-87.97894,0
1768084,319,-87.83841,0
1768094,319,-87.83841,0
1768104,320,-87.69786,0
1768114,327,-86.71407,0
1768124,316,-88.26003,0
1768134,324,-87.1357,0
1768144,323,-87.27624,0
1768154,324,-87.1357,0
1768164,323,-87.27624,0
1768174,318,-87.97894,0
1768184,324,-87.1357,0
1768194,321,-87.55732,0
1768204,316,-88.26003,0
1768214,323,-87.27624,0
1768224,317,-88.11949,0
1768234,317,-88.11949,0
1768244,329,-86.43299,0
1768254,324,-87.1357,0
1768264,321,-87.55732,0
1768274,327,-86.71407,0
1768284,325,-86.99516,0
1768294,312,-88.8222,0
1768304,319,-87.83841,0
1768314,319,-87.83841,0
1768324,314,-88.54111,0
1768334,323,-87.27624,0
1768344,322,-87.41679,0
1768354,318,-87.97894,0
1768364,328,-86.57353,0
1768374,326,-86.85461,0
1768384,326,-86.85461,0
1768394,318,-87.97894,0
1768404,316,-88.26003,0
1768414,318,-87.97894,0
1768424,321,-87.55732,0
1768434,321,-87.55732,0
1768444,327,-86.71407,0
1768454,325,-86.99516,0
1768464,315,-88.40057,0
1768474,321,-87.55732,0
1768484,321,-87.55732,0
1768494,315,-88.40057,0
1768504,325,-86.99516,0
1768514,315,-88.40057,0
1768524,322,-87.41679,0
1768534,314,-88.54111,0
1768544,317,-88.11949,0
1768554,320,-87.69786,0
1768564,319,-87.83841,0
1768574,323,-87.27624,0
1768584,316,-88.26003,0
1768594,315,-88.40057,0
1768604,322,-87.41679,0
1768614,323,-87.27624,0
1768624,323,-87.27624,0
1768634,317,-88.11949,0
1768644,317,-88.11949,0
1768654,320,-87.69786,0
1768664,322,-87.41679,0
1768674,325,-86.99516,0
1768684,324,-87.1357,0
1768694,324,-87.1357,0
1768704,321,-87.55732,0
1768714,319,-87.83841,0
1768724,315,-88.40057,0
1768734,320,-87.69786,0
1768744,318,-87.97894,0
1768754,322,-87.41679,0
1768764,319,-87.83841,0
1768774,315,-88.40057,0
1768784,315,-88.40057,0
1768794,317,-88.11949,0
1768804,318,-87.97894,0
1768814,320,-87.69786,0
1768824,320,-87.69786,0
1768834,316,-88.26003,0
1768844,323,-87.27624,0
1768854,313,-88.68166,0
1768864,325,-86.99516,0
1768874,323,-87.27624,0
1768884,320,-87.69786,0
1768894,321,-87.55732,0
1768904,319,-87.83841,0
1768914,325,-86.99516,0
1768924,320,-87.69786,0
1768934,318,-87.97894,0
1768944,320,-87.69786,0
1768954,321,-87.55732,0
1768964,316,-88.26003,0
1768974,322,-87.41679,0
1768984,319,-87.83841,0
1768994,314,-88.54111,0
1769004,324,-87.1357,0
1769014,326,-86.85461,0
1769024,316,-88.26003,0
1769034,327,-86.71407,0
1769044,320,-87.69786,0
1769054,316,-88.26003,0
1769064,321,-87.55732,0
1769074,312,-88.8222,0
1769084,322,-87.41679,0
1769094,316,-88.26003,0
1769104,317,-88.11949,0
1769114,324,-87.1357,0
1769124,326,-86.85461,0
1769134,324,-87.1357,0
1769144,324,-87.1357,0
1769154,321,-87.55732,0
1769164,312,-88.8222,0
1769174,322,-87.41679,0
1769184,321,-87.55732,0
1769194,319,-87.83841,0
1769204,324,-87.1357,0
1769214,320,-87.69786,0
1769224,318,-87.97894,0
1769234,318,-87.97894,0
1769244,319,-87.83841,0
1769254,315,-88.40057,0
1769264,325,-86.99516,0
1769274,325,-86.99516,0
1769284,318,-87.97894,0
1769294,317,-88.11949,0
1769304,318,-87.97894,0
1769314,319,-87.83841,0
1769324,319,-87.83841,0
1769334,330,-86.29245,0
1769344,330,-86.29245,0
1769354,319,-87.83841,0
1769364,324,-87.1357,0
1769374,324,-87.1357,0
1769384,318,-87.97894,0
1769394,328,-86.57353,0
1769404,326,-86.85461,0
1769414,317,-88.11949,0
1769424,319,-87.83841,0
1769434,327,-86.71407,0
1769444,319,-87.83841,0
1769454,323,-87.27624,0
1769464,326,-86.85461,0
1769474,322,-87.41679,0
1769484,321,-87.55732,0
1769494,318,-87.97894,0
1769504,316,-88.26003,0
1769514,317,-88.11949,0
1769524,319,-87.83841,0
1769534,322,-87.41679,0
1769544,330,-86.29245,0
1769554,321,-87.55732,0
1769564,325,-86.99516,0
1769574,318,-87.97894,0
1769584,321,-87.55732,0
1769594,324,-87.1357,0
1769604,322,-87.41679,0
1769614,325,-86.99516,0
1769624,321,-87.55732,0
1769634,316,-88.26003,0
1769644,321,-87.55732,0
1769654,323,-87.27624,0
1769664,320,-87.69786,0
1769674,321,-87.55732,0
1769684,311,-88.96274,0
1769694,322,-87.41679,0
1769704,319,-87.83841,0
1769714,310,-89.10328,0
1769724,320,-87.69786,0
1769734,321,-87.55732,0
1769744,319,-87.83841,0
1769754,317,-88.11949,0
1769764,325,-86.99516,0
1769774,328,-86.57353,0
1769784,322,-87.41679,0
1769794,322,-87.41679,0
1769804,327,-86.71407,0
1769814,315,-88.40057,0
1769824,326,-86.85461,0
1769834,316,-88.26003,0
1769844,327,-86.71407,0
1769854,319,-87.83841,0
1769864,319,-87.83841,0
1769874,323,-87.27624,0
1769884,321,-87.55732,0
1769894,324,-87.1357,0
1769904,326,-86.85461,0
1769914,325,-86.99516,0
1769924,325,-86.99516,0
1769934,326,-86.85461,0
1769944,321,-87.55732,0
1769954,326,-86.85461,0
1769964,316,-88.26003,0
1769974,324,-87.1357,0
1769984,325,-86.99516,0
1769994,327,-86.71407,0
1770004,320,-87.69786,0
1770014,317,-88.11949,0
1770024,320,-87.69786,0
1770034,327,-86.71407,0
1770044,326,-86.85461,0
1770054,322,-87.41679,0
1770064,325,-86.99516,0
1770074,320,-87.69786,0
1770084,314,-88.54111,0
1770094,324,-87.1357,0
1770104,321,-87.55732,0
1770114,324,-87.1357,0
1770124,322,-87.41679,0
1770134,324,-87.1357,0
1770144,330,-86.29245,0
1770154,323,-87.27624,0
1770164,324,-87.1357,0
1770174,325,-86.99516,0
1770184,319,-87.83841,0
1770194,312,-88.8222,0
1770204,320,-87.69786,0
1770214,323,-87.27624,0
1770224,327,-86.71407,0
1770234,320,-87.69786,0
1770244,320,-87.69786,0
1770254,317,-88.11949,0
1770264,327,-86.71407,0
1770274,323,-87.27624,0
1770284,325,-86.99516,0
1770294,320,-87.69786,0
1770304,314,-88.54111,0
1770314,321,-87.55732,0
1770324,315,-88.40057,0
1770334,332,-86.01136,0
1770344,324,-87.1357,0
1770354,324,-87.1357,0
1770364,323,-87.27624,0
1770374,325,-86.99516,0
1770384,329,-86.43299,0
1770394,326,-86.85461,0
1770404,330,-86.29245,0
1770414,315,-88.40057,0
1770424,320,-87.69786,0
1770434,320,-87.69786,0
1770444,322,-87.41679,0
1770454,319,-87.83841,0
1770464,322,-87.41679,0
1770474,327,-86.71407,0
1770484,324,-87.1357,0
1770494,320,-87.69786,0
1770504,312,-88.8222,0
1770514,319,-87.83841,0
1770524,311,-88.96274,0
1770534,322,-87.41679,0
1770544,323,-87.27624,0
1770554,325,-86.99516,0
1770564,317,-88.11949,0
1770574,318,-87.97894,0
1770584,325,-86.99516,0
1770594,323,-87.27624,0
1770604,322,-87.41679,0
1770614,320,-87.69786,0
1770624,320,-87.69786,0
1770634,324,-87.1357,0
1770644,319,-87.83841,0
1770654,316,-88.26003,0
1770664,324,-87.1357,0
1770674,322,-87.41679,0
1770684,327,-86.71407,0
1770694,315,-88.40057,0
1770704,323,-87.27624,0
1770714,320,-87.69786,0
1770724,319,-87.83841,0
1770734,324,-87.1357,0
1770744,314,-88.54111,0
1770754,316,-88.26003,0
1770764,319,-87.83841,0
1770774,320,-87.69786,0
1770784,318,-87.97894,0
1770794,323,-87.27624,0
1770804,323,-87.27624,0
1770814,320,-87.69786,0
1770824,324,-87.1357,0
1770834,323,-87.27624,0
1770844,327,-86.71407,0
1770854,326,-86.85461,0
1770864,319,-87.83841,0
1770874,318,-87.97894,0
1770884,315,-88.40057,0
1770894,323,-87.27624,0
1770904,318,-87.97894,0
1770914,325,-86.99516,0
1770924,321,-87.55732,0
1770934,319,-87.83841,0
1770944,326,-86.85461,0
1770954,330,-86.29245,0
1770964,327,-86.71407,0
1770974,319,-87.83841,0
1770984,319,-87.83841,0
1770994,332,-86.01136,0
1771004,319,-87.83841,0
1771014,324,-87.1357,0
1771024,320,-87.69786,0
1771034,321,-87.55732,0
1771044,320,-87.69786,0
1771054,321,-87.55732,0
1771064,321,-87.55732,0
1771074,321,-87.55732,0
1771084,324,-87.1357,0
1771094,310,-89.10328,0
1771104,324,-87.1357,0
1771114,320,-87.69786,0
1771124,321,-87.55732,0
1771134,319,-87.83841,0
1771144,324,-87.1357,0
1771154,326,-86.85461,0
1771164,321,-87.55732,0
1771174,319,-87.83841,0
1771184,317,-88.11949,0
1771194,321,-87.55732,0
1771204,327,-86.71407,0
1771214,318,-87.97894,0
1771224,315,-88.40057,0
1771234,325,-86.99516,0
1771244,315,-88.40057,0
1771254,319,-87.83841,0
1771264,317,-88.11949,0
1771274,330,-86.29245,0
1771284,322,-87.41679,0
1771294,323,-87.27624,0
1771304,324,-87.1357,0
1771314,325,-86.99516,0
1771324,320,-87.69786,0
1771334,315,-88.40057,0
1771344,321,-87.55732,0
1771354,320,-87.69786,0
1771364,322,-87.41679,0
1771374,324,-87.1357,0
1771384,322,-87.41679,0
1771394,323,-87.27624,0
1771404,328,-86.57353,0
1771414,322,-87.41679,0
1771424,320,-87.69786,0
1771434,315,-88.40057,0
1771444,319,-87.83841,0
1771454,321,-87.55732,0
1771464,322,-87.41679,0
1771474,317,-88.11949,0
1771484,327,-86.71407,0
1771494,322,-87.41679,0
1771504,319,-87.83841,0
1771514,322,-87.41679,0
1771524,321,-87.55732,0
1771534,313,-88.68166,0
1771544,322,-87.41679,0
1771554,313,-88.68166,0
1771564,328,-86.57353,0
1771574,316,-88.26003,0
1771584,327,-86.71407,0
1771594,323,-87.27624,0
1771604,318,-87.97894,0
1771614,322,-87.41679,0
1771624,323,-87.27624,0
1771634,321,-87.55732,0
1771644,312,-88.8222,0
1771654,325,-86.99516,0
1771664,323,-87.27624,0
1771674,320,-87.69786,0
1771684,331,-86.1519,0
1771694,322,-87.41679,0
1771704,328,-86.57353,0
1771714,318,-87.97894,0
1771724,321,-87.55732,0
1771734,324,-87.1357,0
1771744,323,-87.27624,0
1771754,319,-87.83841,0
1771764,321,-87.55732,0
1771774,322,-87.41679,0
1771784,317,-88.11949,0
1771794,318,-87.97894,0
1771804,325,-86.99516,0
1771814,322,-87.41679,0
1771824,325,-86.99516,0
1771834,327,-86.71407,0
1771844,323,-87.27624,0
1771854,318,-87.97894,0
1771864,329,-86.43299,0
1771874,314,-88.54111,0
1771884,319,-87.83841,0
1771894,322,-87.41679,0
1771904,330,-86.29245,0
1771914,331,-86.1519,0
1771924,326,-86.85461,0
1771934,328,-86.57353,0
1771944,322,-87.41679,0
1771954,330,-86.29245,0
1771964,319,-87.83841,0
1771974,319,-87.83841,0
1771984,316,-88.26003,0
1771994,315,-88.40057,0
1772004,318,-87.97894,0
1772014,325,-86.99516,0
1772024,319,-87.83841,0
1772034,325,-86.99516,0
1772044,326,-86.85461,0
1772054,319,-87.83841,0
1772064,322,-87.41679,0
1772074,322,-87.41679,0
1772084,326,-86.85461,0
1772094,321,-87.55732,0
1772104,313,-88.68166,0
1772114,327,-86.71407,0
1772124,322,-87.41679,0
1772134,322,-87.41679,0
1772144,325,-86.99516,0
1772154,316,-88.26003,0
1772164,325,-86.99516,0
1772174,326,-86.85461,0
1772184,326,-86.85461,0
1772194,325,-86.99516,0
1772204,320,-87.69786,0
1772214,316,-88.26003,0
1772224,317,-88.11949,0
1772234,325,-86.99516,0
1772244,328,-86.57353,0
1772254,319,-87.83841,0
1772264,322,-87.41679,0
1772274,322,-87.41679,0
1772284,315,-88.40057,0
1772294,325,-86.99516,0
1772304,321,-87.55732,0
1772314,320,-87.69786,0
1772324,320,-87.69786,0
1772334,323,-87.27624,0
1772344,327,-86.71407,0
1772354,322,-87.41679,0
1772364,323,-87.27624,0
1772374,321,-87.55732,0
1772384,322,-87.41679,0
1772394,323,-87.27624,0
1772404,325,-86.99516,0
1772414,326,-86.85461,0
1772424,324,-87.1357,0
1772434,319,-87.83841,0
1772444,324,-87.1357,0
1772454,316,-88.26003,0
1772464,325,-86.99516,0
1772474,321,-87.55732,0
1772484,322,-87.41679,0
1772494,332,-86.01136,0
1772504,324,-87.1357,0
1772514,327,-86.71407,0
1772524,320,-87.69786,0
1772534,319,-87.83841,0
1772544,322,-87.41679,0
1772554,318,-87.97894,0
1772564,321,-87.55732,0
1772574,319,-87.83841,0
1772584,318,-87.97894,0
1772594,322,-87.41679,0
1772604,323,-87.27624,0
1772614,324,-87.1357,0
1772624,323,-87.27624,0
1772634,325,-86.99516,0
1772644,317,-88.11949,0
1772654,319,-87.83841,0
1772664,319,-87.83841,0
1772674,314,-88.54111,0
1772684,320,-87.69786,0
1772694,324,-87.1357,0
1772704,318,-87.97894,0
1772714,327,-86.71407,0
1772724,325,-86.99516,0
1772734,317,-88.11949,0
1772744,317,-88.11949,0
1772754,322,-87.41679,0
1772764,320,-87.69786,0
1772774,319,-87.83841,0
1772784,317,-88.11949,0
1772794,331,-86.1519,0
1772804,314,-88.54111,0
1772814,321,-87.55732,0
1772824,324,-87.1357,0
1772834,320,-87.69786,0
1772844,326,-86.85461,0
1772854,317,-88.11949,0
1772864,328,-86.57353,0
1772874,312,-88.8222,0
1772884,325,-86.99516,0
1772894,326,-86.85461,0
1772904,326,-86.85461,0
1772914,321,-87.55732,0
1772924,326,-86.85461,0
1772934,326,-86.85461,0
1772944,326,-86.85461,0
1772954,322,-87.41679,0
1772964,323,-87.27624,0
1772974,333,-85.87083,0
1772984,320,-87.69786,0
1772994,326,-86.85461,0
1773004,326,-86.85461,0
1773014,319,-87.83841,0
1773024,319,-87.83841,0
1773034,323,-87.27624,0
1773044,324,-87.1357,0
1773054,327,-86.71407,0
1773064,321,-87.55732,0
1773074,331,-86.1519,0
1773084,319,-87.83841,0
1773094,320,-87.69786,0
1773104,318,-87.97894,0
1773114,319,-87.83841,0
1773124,323,-87.27624,0
1773134,324,-87.1357,0
1773144,322,-87.41679,0
1773154,327,-86.71407,0
1773164,323,-87.27624,0
1773174,319,-87.83841,0
1773184,324,-87.1357,0
1773194,319,-87.83841,0
1773204,325,-86.99516,0
1773214,315,-88.40057,0
1773224,317,-88.11949,0
1773234,319,-87.83841,0
1773244,315,-88.40057,0
1773254,322,-87.41679,0
1773264,318,-87.97894,0
1773274,327,-86.71407,0
1773284,318,-87.97894,0
1773294,320,-87.69786,0
1773304,316,-88.26003,0
1773314,320,-87.69786,0
1773324,321,-87.55732,0
1773334,320,-87.69786,0
1773344,318,-87.97894,0
1773354,318,-87.97894,0
1773364,318,-87.97894,0
1773374,326,-86.85461,0
1773384,321,-87.55732,0
1773394,329,-86.43299,0
1773404,323,-87.27624,0
1773414,328,-86.57353,0
1773424,315,-88.40057,0
1773434,320,-87.69786,0
1773444,320,-87.69786,0
1773454,315,-88.40057,0
1773464,323,-87.27624,0
1773474,321,-87.55732,0
1773484,319,-87.83841,0
1773494,321,-87.55732,0
1773504,324,-87.1357,0
1773514,323,-87.27624,0
1773524,326,-86.85461,0
1773534,321,-87.55732,0
1773544,319,-87.83841,0
1773554,318,-87.97894,0
1773564,321,-87.55732,0
1773574,315,-88.40057,0
1773584,319,-87.83841,0
1773594,320,-87.69786,0
1773604,324,-87.1357,0
1773614,330,-86.29245,0
1773624,323,-87.27624,0
1773634,319,-87.83841,0
1773644,321,-87.55732,0
1773654,317,-88.11949,0
1773664,321,-87.55732,0
1773674,323,-87.27624,0
1773684,325,-86.99516,0
1773694,315,-88.40057,0
1773704,321,-87.55732,0
1773714,323,-87.27624,0
1773724,319,-87.83841,0
1773734,319,-87.83841,0
1773744,319,-87.83841,0
1773754,320,-87.69786,0
1773764,317,-88.11949,0
1773774,317,-88.11949,0
1773784,324,-87.1357,0
1773794,320,-87.69786,0
1773804,319,-87.83841,0
1773814,326,-86.85461,0
1773824,320,-87.69786,0
1773834,325,-86.99516,0
1773844,321,-87.55732,0
1773854,333,-85.87083,0
1773864,327,-86.71407,0
1773874,321,-87.55732,0
1773884,326,-86.85461,0
1773894,320,-87.69786,0
1773904,319,-87.83841,0
1773914,330,-86.29245,0
1773924,322,-87.41679,0
1773934,325,-86.99516,0
1773944,322,-87.41679,0
1773954,326,-86.85461,0
1773964,326,-86.85461,0
1773974,329,-86.43299,0
1773984,327,-86.71407,0
1773994,319,-87.83841,0
1774004,323,-87.27624,0
1774014,316,-88.26003,0
1774024,317,-88.11949,0
1774034,319,-87.83841,0
1774044,326,-86.85461,0
1774054,322,-87.41679,0
1774064,326,-86.85461,0
1774074,324,-87.1357,0
1774084,322,-87.41679,0
1774094,329,-86.43299,0
1774104,324,-87.1357,0
1774114,322,-87.41679,0
1774124,314,-88.54111,0
1774134,326,-86.85461,0
1774144,329,-86.43299,0
1774154,324,-87.1357,0
1774164,325,-86.99516,0
1774174,321,-87.55732,0
1774184,321,-87.55732,0
1774194,324,-87.1357,0
1774204,322,-87.41679,0
1774214,322,-87.41679,0
1774224,321,-87.55732,0
1774234,325,-86.99516,0
1774244,328,-86.57353,0
1774254,327,-86.71407,0
1774264,321,-87.55732,0
1774274,322,-87.41679,0
1774284,323,-87.27624,0
1774294,319,-87.83841,0
1774304,324,-87.1357,0
1774314,315,-88.40057,0
1774324,319,-87.83841,0
1774334,322,-87.41679,0
1774344,320,-87.69786,0
1774354,320,-87.69786,0
1774364,319,-87.83841,0
1774374,327,-86.71407,0
1774384,326,-86.85461,0
1774394,320,-87.69786,0
1774404,318,-87.97894,0
1774414,325,-86.99516,0
1774424,316,-88.26003,0
1774434,319,-87.83841,0
1774444,324,-87.1357,0
1774454,327,-86.71407,0
1774464,323,-87.27624,0
1774474,327,-86.71407,0
1774484,330,-86.29245,0
1774494,327,-86.71407,0
1774504,321,-87.55732,0
1774514,323,-87.27624,0
1774524,318,-87.97894,0
1774534,323,-87.27624,0
1774544,318,-87.97894,0
1774554,318,-87.97894,0
1774564,326,-86.85461,0
1774574,325,-86.99516,0
1774584,322,-87.41679,0
1774594,321,-87.55732,0
1774604,324,-87.1357,0
1774614,324,-87.1357,0
1774624,321,-87.55732,0
1774634,327,-86.71407,0
1774644,319,-87.83841,0
1774654,311,-88.96274,0
1774664,321,-87.55732,0
1774674,324,-87.1357,0
1774684,326,-86.85461,0
1774694,324,-87.1357,0
1774704,326,-86.85461,0
1774714,323,-87.27624,0
1774724,325,-86.99516,0
1774734,326,-86.85461,0
1774744,325,-86.99516,0
1774754,326,-86.85461,0
1774764,316,-88.26003,0
1774774,319,-87.83841,0
1774784,320,-87.69786,0
1774794,333,-85.87083,0
1774804,324,-87.1357,0
1774814,327,-86.71407,0
1774824,324,-87.1357,0
1774834,321,-87.55732,0
1774844,324,-87.1357,0
1774854,324,-87.1357,0
1774864,328,-86.57353,0
1774874,319,-87.83841,0
1774884,319,-87.83841,0
1774894,317,-88.11949,0
1774904,320,-87.69786,0
1774914,319,-87.83841,0
1774924,317,-88.11949,0
1774934,324,-87.1357,0
1774944,320,-87.69786,0
1774954,326,-86.85461,0
1774964,327,-86.71407,0
1774974,315,-88.40057,0
1774984,322,-87.41679,0
1774994,317,-88.11949,0
1775004,321,-87.55732,0
1775014,322,-87.41679,0
1775024,319,-87.83841,0
1775034,329,-86.43299,0
1775044,319,-87.83841,0
1775054,319,-87.83841,0
1775064,322,-87.41679,0
1775074,324,-87.1357,0
1775084,330,-86.29245,0
1775094,319,-87.83841,0
1775104,315,-88.40057,0
1775114,321,-87.55732,0
1775124,315,-88.40057,0
1775134,330,-86.29245,0
1775144,319,-87.83841,0
1775154,324,-87.1357,0
1775164,325,-86.99516,0
1775174,325,-86.99516,0
1775184,323,-87.27624,0
1775194,322,-87.41679,0
1775204,331,-86.1519,0
1775214,317,-88.11949,0
1775224,323,-87.27624,0
1775234,318,-87.97894,0
1775244,323,-87.27624,0
1775254,329,-86.43299,0
1775264,326,-86.85461,0
1775274,320,-87.69786,0
1775284,320,-87.69786,0
1775294,318,-87.97894,0
1775304,319,-87.83841,0
1775314,322,-87.41679,0
1775324,320,-87.69786,0
1775334,315,-88.40057,0
1775344,327,-86.71407,0
1775354,324,-87.1357,0
1775364,318,-87.97894,0
1775374,324,-87.1357,0
1775384,323,-87.27624,0
1775394,317,-88.11949,0
1775404,324,-87.1357,0
1775414,324,-87.1357,0
1775424,323,-87.27624,0
1775434,321,-87.55732,0
1775444,323,-87.27624,0
1775454,325,-86.99516,0
1775464,327,-86.71407,0
1775474,323,-87.27624,0
1775484,321,-87.55732,0
1775494,329,-86.43299,0
1775504,325,-86.99516,0
1775514,321,-87.55732,0
1775524,321,-87.55732,0
1775534,325,-86.99516,0
1775544,321,-87.55732,0
1775554,318,-87.97894,0
1775564,323,-87.27624,0
1775574,320,-87.69786,0
1775584,323,-87.27624,0
1775594,326,-86.85461,0
1775604,325,-86.99516,0
1775614,332,-86.01136,0
1775624,322,-87.41679,0
1775634,322,-87.41679,0
1775644,317,-88.11949,0
1775654,323,-87.27624,0
1775664,321,-87.55732,0
1775674,317,-88.11949,0
1775684,321,-87.55732,0
1775694,322,-87.41679,0
1775704,309,-89.24382,0
1775714,325,-86.99516,0
1775724,321,-87.55732,0
1775734,315,-88.40057,0
1775744,315,-88.40057,0
1775754,319,-87.83841,0
1775764,319,-87.83841,0
1775774,319,-87.83841,0
1775784,322,-87.41679,0
1775794,317,-88.11949,0
1775804,321,-87.55732,0
1775814,322,-87.41679,0
1775824,316,-88.26003,0
1775834,326,-86.85461,0
1775844,327,-86.71407,0
1775854,327,-86.71407,0
1775864,327,-86.71407,0
1775874,320,-87.69786,0
1775884,317,-88.11949,0
1775894,318,-87.97894,0
1775904,331,-86.1519,0
1775914,320,-87.69786,0
1775924,325,-86.99516,0
1775934,315,-88.40057,0
1775944,319,-87.83841,0
1775954,321,-87.55732,0
1775964,318,-87.97894,0
1775974,318,-87.97894,0
1775984,316,-88.26003,0
1775994,319,-87.83841,0
1776004,318,-87.97894,0
1776014,323,-87.27624,0
1776024,315,-88.40057,0
1776034,323,-87.27624,0
1776044,329,-86.43299,0
1776054,322,-87.41679,0
1776064,326,-86.85461,0
1776074,323,-87.27624,0
1776084,321,-87.55732,0
1776094,326,-86.85461,0
1776104,317,-88.11949,0
1776114,322,-87.41679,0
1776124,325,-86.99516,0
1776134,322,-87.41679,0
1776144,321,-87.55732,0
1776154,325,-86.99516,0
1776164,320,-87.69786,0
1776174,321,-87.55732,0
1776184,322,-87.41679,0
1776194,326,-86.85461,0
1776204,322,-87.41679,0
1776214,317,-88.11949,0
1776224,323,-87.27624,0
1776234,319,-87.83841,0
1776244,324,-87.1357,0
1776254,324,-87.1357,0
1776264,323,-87.27624,0
1776274,332,-86.01136,0
1776284,320,-87.69786,0
1776294,316,-88.26003,0
1776304,321,-87.55732,0
1776314,316,-88.26003,0
1776324,315,-88.40057,0
1776334,319,-87.83841,0
1776344,323,-87.27624,0
1776354,325,-86.99516,0
1776364,327,-86.71407,0
1776374,326,-86.85461,0
1776384,319,-87.83841,0
1776394,325,-86.99516,0
1776404,331,-86.1519,0
1776414,329,-86.43299,0
1776424,324,-87.1357,0
1776434,315,-88.40057,0
1776444,317,-88.11949,0
1776454,325,-86.99516,0
1776464,325,-86.99516,0
1776474,315,-88.40057,0
1776484,325,-86.99516,0
1776494,325,-86.99516,0
1776504,326,-86.85461,0
1776514,326,-86.85461,0
1776524,328,-86.57353,0
1776534,324,-87.1357,0
1776544,315,-88.40057,0
1776554,323,-87.27624,0
1776564,327,-86.71407,0
1776574,324,-87.1357,0
1776584,326,-86.85461,0
1776594,322,-87.41679,0
1776604,320,-87.69786,0
1776614,316,-88.26003,0
1776624,328,-86.57353,0
1776634,324,-87.1357,0
1776644,316,-88.26003,0
1776654,322,-87.41679,0
1776664,319,-87.83841,0
1776674,323,-87.27624,0
1776684,323,-87.27624,0
1776694,327,-86.71407,0
1776704,327,-86.71407,0
1776714,321,-87.55732,0
1776724,324,-87.1357,0
1776734,329,-86.43299,0
1776744,327,-86.71407,0
1776754,331,-86.1519,0
1776764,319,-87.83841,0
1776774,319,-87.83841,0
1776784,321,-87.55732,0
1776794,326,-86.85461,0
1776804,329,-86.43299,0
1776814,319,-87.83841,0
1776824,324,-87.1357,0
1776834,322,-87.41679,0
1776844,323,-87.27624,0
1776854,325,-86.99516,0
1776864,328,-86.57353,0
1776874,320,-87.69786,0
1776884,318,-87.97894,0
1776894,316,-88.26003,0
1776904,324,-87.1357,0
1776914,321,-87.55732,0
1776924,320,-87.69786,0
1776934,322,-87.41679,0
1776944,325,-86.99516,0
1776954,329,-86.43299,0
1776964,325,-86.99516,0
1776974,322,-87.41679,0
1776984,326,-86.85461,0
1776994,314,-88.54111,0
1777004,329,-86.43299,0
1777014,325,-86.99516,0
1777024,321,-87.55732,0
1777034,325,-86.99516,0
1777044,322,-87.41679,0
1777054,326,-86.85461,0
1777064,321,-87.55732,0
1777074,326,-86.85461,0
1777084,322,-87.41679,0
1777094,324,-87.1357,0
1777104,315,-88.40057,0
1777114,324,-87.1357,0
1777124,322,-87.41679,0
1777134,329,-86.43299,0
1777144,317,-88.11949,0
1777154,321,-87.55732,0
1777164,322,-87.41679,0
1777174,327,-86.71407,0
1777184,326,-86.85461,0
1777194,325,-86.99516,0
1777204,326,-86.85461,0
1777214,325,-86.99516,0
1777224,320,-87.69786,0
1777234,323,-87.27624,0
1777244,320,-87.69786,0
1777254,325,-86.99516,0
1777264,316,-88.26003,0
1777274,321,-87.55732,0
1777284,326,-86.85461,0
1777294,320,-87.69786,0
1777304,318,-87.97894,0
1777314,329,-86.43299,0
1777324,322,-87.41679,0
1777334,326,-86.85461,0
1777344,321,-87.55732,0
1777354,322,-87.41679,0
1777364,328,-86.57353,0
1777374,321,-87.55732,0
1777384,322,-87.41679,0
1777394,321,-87.55732,0
1777404,328,-86.57353,0
1777414,321,-87.55732,0
1777424,317,-88.11949,0
1777434,321,-87.55732,0
1777444,319,-87.83841,0
1777454,328,-86.57353,0
1777464,321,-87.55732,0
1777474,330,-86.29245,0
1777484,313,-88.68166,0
1777494,322,-87.41679,0
1777504,327,-86.71407,0
1777514,323,-87.27624,0
1777524,328,-86.57353,0
1777534,327,-86.71407,0
1777544,323,-87.27624,0
1777554,316,-88.26003,0
1777564,321,-87.55732,0
1777574,321,-87.55732,0
1777584,326,-86.85461,0
1777594,322,-87.41679,0
1777604,326,-86.85461,0
1777614,329,-86.43299,0
1777624,322,-87.41679,0
1777634,322,-87.41679,0
1777644,319,-87.83841,0
1777654,322,-87.41679,0
1777664,324,-87.1357,0
1777674,320,-87.69786,0
1777684,323,-87.27624,0
1777694,327,-86.71407,0
1777704,319,-87.83841,0
1777714,327,-86.71407,0
1777724,326,-86.85461,0
1777734,321,-87.55732,0
1777744,320,-87.69786,0
1777754,323,-87.27624,0
1777764,316,-88.26003,0
1777774,318,-87.97894,0
1777784,321,-87.55732,0
1777794,311,-88.96274,0
1777804,328,-86.57353,0
1777814,326,-86.85461,0
1777824,323,-87.27624,0
1777834,319,-87.83841,0
1777844,322,-87.41679,0
1777854,325,-86.99516,0
1777864,327,-86.71407,0
1777874,320,-87.69786,0
1777884,321,-87.55732,0
1777894,322,-87.41679,0
1777904,321,-87.55732,0
1777914,329,-86.43299,0
1777924,322,-87.41679,0
1777934,324,-87.1357,0
1777944,327,-86.71407,0
1777954,321,-87.55732,0
1777964,325,-86.99516,0
1777974,321,-87.55732,0
1777984,330,-86.29245,0
1777994,319,-87.83841,0
1778004,320,-87.69786,0
1778014,323,-87.27624,0
1778024,323,-87.27624,0
1778034,319,-87.83841,0
1778044,317,-88.11949,0
1778054,323,-87.27624,0
1778064,322,-87.41679,0
1778074,324,-87.1357,0
1778084,323,-87.27624,0
1778094,322,-87.41679,0
1778104,317,-88.11949,0
1778114,320,-87.69786,0
1778124,318,-87.97894,0
1778134,326,-86.85461,0
1778144,323,-87.27624,0
1778154,317,-88.11949,0
1778164,323,-87.27624,0
1778174,323,-87.27624,0
1778184,325,-86.99516,0
1778194,323,-87.27624,0
1778204,319,-87.83841,0
1778214,318,-87.97894,0
1778224,322,-87.41679,0
1778234,328,-86.57353,0
1778244,322,-87.41679,0
1778254,324,-87.1357,0
1778264,320,-87.69786,0
1778274,322,-87.41679,0
1778284,322,-87.41679,0
1778294,318,-87.97894,0
1778304,324,-87.1357,0
1778314,323,-87.27624,0
1778324,319,-87.83841,0
1778334,322,-87.41679,0
1778344,320,-87.69786,0
1778354,315,-88.40057,0
1778364,321,-87.55732,0
1778374,307,-89.5249,0
1778384,319,-87.83841,0
1778394,321,-87.55732,0
1778404,325,-86.99516,0
1778414,318,-87.97894,0
1778424,326,-86.85461,0
1778434,322,-87.41679,0
1778444,320,-87.69786,0
1778454,318,-87.97894,0
1778464,323,-87.27624,0
1778474,327,-86.71407,0
1778484,323,-87.27624,0
1778494,318,-87.97894,0
1778504,323,-87.27624,0
1778514,318,-87.97894,0
1778524,324,-87.1357,0
1778534,326,-86.85461,0
1778544,325,-86.99516,0
1778554,324,-87.1357,0
1778564,323,-87.27624,0
1778574,327,-86.71407,0
1778584,325,-86.99516,0
1778594,322,-87.41679,0
1778604,324,-87.1357,0
1778614,322,-87.41679,0
1778624,317,-88.11949,0
1778634,326,-86.85461,0
1778644,323,-87.27624,0
1778654,320,-87.69786,0
1778664,324,-87.1357,0
1778674,322,-87.41679,0
1778684,326,-86.85461,0
1778694,310,-89.10328,0
1778704,317,-88.11949,0
1778714,327,-86.71407,0
1778724,325,-86.99516,0
1778734,322,-87.41679,0
1778744,321,-87.55732,0
1778754,323,-87.27624,0
1778764,329,-86.43299,0
1778774,322,-87.41679,0
1778784,323,-87.27624,0
1778794,321,-87.55732,0
1778804,314,-88.54111,0
1778814,319,-87.83841,0
1778824,330,-86.29245,0
1778834,327,-86.71407,0
1778844,327,-86.71407,0
1778854,326,-86.85461,0
1778864,325,-86.99516,0
1778874,322,-87.41679,0
1778884,328,-86.57353,0
1778894,315,-88.40057,0
1778904,326,-86.85461,0
1778914,321,-87.55732,0
1778924,324,-87.1357,0
1778934,320,-87.69786,0
1778944,327,-86.71407,0
1778954,322,-87.41679,0
1778964,323,-87.27624,0
1778974,328,-86.57353,0
1778984,325,-86.99516,0
1778994,321,-87.55732,0
1779004,323,-87.27624,0
1779014,314,-88.54111,0
1779024,327,-86.71407,0
1779034,323,-87.27624,0
1779044,321,-87.55732,0
1779054,320,-87.69786,0
1779064,324,-87.1357,0
1779074,319,-87.83841,0
1779084,321,-87.55732,0
1779094,329,-86.43299,0
1779104,321,-87.55732,0
1779114,324,-87.1357,0
1779124,319,-87.83841,0
1779134,324,-87.1357,0
1779144,320,-87.69786,0
1779154,323,-87.27624,0
1779164,327,-86.71407,0
1779174,322,-87.41679,0
1779184,324,-87.1357,0
1779194,321,-87.55732,0
1779204,325,-86.99516,0
1779214,325,-86.99516,0
1779224,332,-86.01136,0
1779234,320,-87.69786,0
1779244,319,-87.83841,0
1779254,317,-88.11949,0
1779264,320,-87.69786,0
1779274,327,-86.71407,0
1779284,314,-88.54111,0
1779294,323,-87.27624,0
1779304,323,-87.27624,0
1779314,326,-86.85461,0
1779324,315,-88.40057,0
1779334,323,-87.27624,0
1779344,319,-87.83841,0
1779354,321,-87.55732,0
1779364,320,-87.69786,0
1779374,318,-87.97894,0
1779384,324,-87.1357,0
1779394,322,-87.41679,0
1779404,330,-86.29245,0
1779414,327,-86.71407,0
1779424,316,-88.26003,0
1779434,329,-86.43299,0
1779444,316,-88.26003,0
1779454,322,-87.41679,0
1779464,322,-87.41679,0
1779474,323,-87.27624,0
1779484,319,-87.83841,0
1779494,329,-86.43299,0
1779504,325,-86.99516,0
1779514,322,-87.41679,0
1779524,322,-87.41679,0
1779534,331,-86.1519,0
1779544,323,-87.27624,0
1779554,325,-86.99516,0
1779564,324,-87.1357,0
1779574,319,-87.83841,0
1779584,315,-88.40057,0
1779594,320,-87.69786,0
1779604,321,-87.55732,0
1779614,325,-86.99516,0
1779624,321,-87.55732,0
1779634,330,-86.29245,0
1779644,323,-87.27624,0
1779654,322,-87.41679,0
1779664,327,-86.71407,0
1779674,320,-87.69786,0
1779684,321,-87.55732,0
1779694,317,-88.11949,0
1779704,325,-86.99516,0
1779714,329,-86.43299,0
1779724,322,-87.41679,0
1779734,317,-88.11949,0
1779744,325,-86.99516,0
1779754,318,-87.97894,0
1779764,324,-87.1357,0
1779774,319,-87.83841,0
1779784,326,-86.85461,0
1779794,316,-88.26003,0
1779804,321,-87.55732,0
1779814,325,-86.99516,0
1779824,323,-87.27624,0
1779834,323,-87.27624,0
1779844,327,-86.71407,0
1779854,324,-87.1357,0
1779864,322,-87.41679,0
1779874,327,-86.71407,0
1779884,318,-87.97894,0
1779894,317,-88.11949,0
1779904,316,-88.26003,0
1779914,316,-88.26003,0
1779924,326,-86.85461,0
1779934,322,-87.41679,0
1779944,324,-87.1357,0
1779954,328,-86.57353,0
1779964,319,-87.83841,0
1779974,321,-87.55732,0
1779984,325,-86.99516,0
1779994,319,-87.83841,0
1780004,321,-87.55732,0
1780014,321,-87.55732,0
1780024,325,-86.99516,0
1780034,324,-87.1357,0
1780044,312,-88.8222,0
1780054,325,-86.99516,0
1780064,322,-87.41679,0
1780074,328,-86.57353,0
1780084,320,-87.69786,0
1780094,325,-86.99516,0
1780104,321,-87.55732,0
1780114,328,-86.57353,0
1780124,319,-87.83841,0
1780134,322,-87.41679,0
1780144,316,-88.26003,0
1780154,325,-86.99516,0
1780164,323,-87.27624,0
1780174,325,-86.99516,0
1780184,326,-86.85461,0
1780194,318,-87.97894,0
1780204,325,-86.99516,0
1780214,321,-87.55732,0
1780224,324,-87.1357,0
1780234,326,-86.85461,0
1780244,323,-87.27624,0
1780254,318,-87.97894,0
1780264,326,-86.85461,0
1780274,323,-87.27624,0
1780284,320,-87.69786,0
1780294,319,-87.83841,0
1780304,324,-87.1357,0
1780314,328,-86.57353,0
1780324,319,-87.83841,0
1780334,327,-86.71407,0
1780344,322,-87.41679,0
1780354,323,-87.27624,0
1780364,318,-87.97894,0
1780374,324,-87.1357,0
1780384,328,-86.57353,0
1780394,321,-87.55732,0
1780404,326,-86.85461,0
1780414,324,-87.1357,0
1780424,320,-87.69786,0
1780434,320,-87.69786,0
1780444,324,-87.1357,0
1780454,326,-86.85461,0
1780464,315,-88.40057,0
1780474,321,-87.55732,0
1780484,324,-87.1357,0
1780494,316,-88.26003,0
1780504,327,-86.71407,0
1780514,326,-86.85461,0
1780524,327,-86.71407,0
1780534,324,-87.1357,0
1780544,326,-86.85461,0
1780554,326,-86.85461,0
1780564,327,-86.71407,0
1780574,318,-87.97894,0
1780584,320,-87.69786,0
1780594,318,-87.97894,0
1780604,328,-86.57353,0
1780614,320,-87.69786,0
1780624,327,-86.71407,0
1780634,325,-86.99516,0
1780644,319,-87.83841,0
1780654,325,-86.99516,0
1780664,326,-86.85461,0
1780674,323,-87.27624,0
1780684,318,-87.97894,0
1780694,318,-87.97894,0
1780704,318,-87.97894,0
1780714,322,-87.41679,0
1780724,326,-86.85461,0
1780734,321,-87.55732,0
1780744,326,-86.85461,0
1780754,321,-87.55732,0
1780764,319,-87.83841,0
1780774,322,-87.41679,0
1780784,323,-87.27624,0
1780794,328,-86.57353,0
1780804,325,-86.99516,0
1780814,310,-89.10328,0
1780824,323,-87.27624,0
1780834,323,-87.27624,0
1780844,321,-87.55732,0
1780854,322,-87.41679,0
1780864,320,-87.69786,0
1780874,325,-86.99516,0
1780884,321,-87.55732,0
1780894,321,-87.55732,0
1780904,317,-88.11949,0
1780914,321,-87.55732,0
1780924,317,-88.11949,0
1780934,324,-87.1357,0
1780944,324,-87.1357,0
1780954,325,-86.99516,0
1780964,325,-86.99516,0
1780974,327,-86.71407,0
1780984,324,-87.1357,0
1780994,325,-86.99516,0
1781004,331,-86.1519,0
1781014,321,-87.55732,0
1781024,320,-87.69786,0
1781034,321,-87.55732,0
1781044,324,-87.1357,0
1781054,326,-86.85461,0
1781064,328,-86.57353,0
1781074,322,-87.41679,0
1781084,322,-87.41679,0
1781094,321,-87.55732,0
1781104,321,-87.55732,0
1781114,324,-87.1357,0
1781124,325,-86.99516,0
1781134,320,-87.69786,0
1781144,325,-86.99516,0
1781154,326,-86.85461,0
1781164,323,-87.27624,0
1781174,331,-86.1519,0
1781184,323,-87.27624,0
1781194,321,-87.55732,0
1781204,327,-86.71407,0
1781214,322,-87.41679,0
1781224,328,-86.57353,0
1781234,323,-87.27624,0
1781244,320,-87.69786,0
1781254,318,-87.97894,0
1781264,319,-87.83841,0
1781274,325,-86.99516,0
1781284,323,-87.27624,0
1781294,317,-88.11949,0
1781304,323,-87.27624,0
1781314,318,-87.97894,0
1781324,324,-87.1357,0
1781334,326,-86.85461,0
1781344,323,-87.27624,0
1781354,326,-86.85461,0
1781364,321,-87.55732,0
1781374,322,-87.41679,0
1781384,323,-87.27624,0
1781394,328,-86.57353,0
1781404,324,-87.1357,0
1781414,322,-87.41679,0
1781424,322,-87.41679,0
1781434,323,-87.27624,0
1781444,320,-87.69786,0
1781454,319,-87.83841,0
1781464,321,-87.55732,0
1781474,318,-87.97894,0
1781484,333,-85.87083,0
1781494,330,-86.29245,0
1781504,325,-86.99516,0
1781514,327,-86.71407,0
1781524,322,-87.41679,0
1781534,321,-87.55732,0
1781544,329,-86.43299,0
1781554,323,-87.27624,0
1781564,324,-87.1357,0
1781574,321,-87.55732,0
1781584,315,-88.40057,0
1781594,322,-87.41679,0
1781604,326,-86.85461,0
1781614,322,-87.41679,0
1781624,313,-88.68166,0
1781634,323,-87.27624,0
1781644,324,-87.1357,0
1781654,333,-85.87083,0
1781664,325,-86.99516,0
1781674,330,-86.29245,0
1781684,321,-87.55732,0
1781694,323,-87.27624,0
1781704,318,-87.97894,0
1781714,323,-87.27624,0
1781724,327,-86.71407,0
1781734,324,-87.1357,0
1781744,321,-87.55732,0
1781754,319,-87.83841,0
1781764,323,-87.27624,0
1781774,326,-86.85461,0
1781784,319,-87.83841,0
1781794,317,-88.11949,0
1781804,317,-88.11949,0
1781814,321,-87.55732,0
1781824,322,-87.41679,0
1781834,324,-87.1357,0
1781844,325,-86.99516,0
1781854,329,-86.43299,0
1781864,321,-87.55732,0
1781874,323,-87.27624,0
1781884,329,-86.43299,0
1781894,325,-86.99516,0
1781904,328,-86.57353,0
1781914,323,-87.27624,0
1781924,317,-88.11949,0
1781934,328,-86.57353,0
1781944,327,-86.71407,0
1781954,324,-87.1357,0
1781964,328,-86.57353,0
1781974,326,-86.85461,0
1781984,326,-86.85461,0
1781994,327,-86.71407,0
1782004,322,-87.41679,0
1782014,322,-87.41679,0
1782024,322,-87.41679,0
1782034,318,-87.97894,0
1782044,317,-88.11949,0
1782054,323,-87.27624,0
1782064,332,-86.01136,0
1782074,324,-87.1357,0
1782084,324,-87.1357,0
1782094,331,-86.1519,0
1782104,321,-87.55732,0
1782114,325,-86.99516,0
1782124,327,-86.71407,0
1782134,323,-87.27624,0
1782144,321,-87.55732,0
1782154,325,-86.99516,0
1782164,320,-87.69786,0
1782174,324,-87.1357,0
1782184,329,-86.43299,0
1782194,322,-87.41679,0
1782204,318,-87.97894,0
1782214,324,-87.1357,0
1782224,322,-87.41679,0
1782234,323,-87.27624,0
1782244,328,-86.57353,0
1782254,324,-87.1357,0
1782264,318,-87.97894,0
1782274,323,-87.27624,0
1782284,324,-87.1357,0
1782294,328,-86.57353,0
1782304,321,-87.55732,0
1782314,327,-86.71407,0
1782324,322,-87.41679,0
1782334,326,-86.85461,0
1782344,328,-86.57353,0
1782354,324,-87.1357,0
1782364,320,-87.69786,0
1782374,322,-87.41679,0
1782384,317,-88.11949,0
1782394,326,-86.85461,0
1782404,324,-87.1357,0
1782414,328,-86.57353,0
1782424,321,-87.55732,0
1782434,323,-87.27624,0
1782444,321,-87.55732,0
1782454,323,-87.27624,0
1782464,324,-87.1357,0
1782474,321,-87.55732,0
1782484,319,-87.83841,0
1782494,322,-87.41679,0
1782504,317,-88.11949,0
1782514,321,-87.55732,0
1782524,323,-87.27624,0
1782534,327,-86.71407,0
1782544,320,-87.69786,0
1782554,323,-87.27624,0
1782564,326,-86.85461,0
1782574,329,-86.43299,0
1782584,323,-87.27624,0
1782594,315,-88.40057,0
1782604,320,-87.69786,0
1782614,327,-86.71407,0
1782624,323,-87.27624,0
1782634,325,-86.99516,0
1782644,328,-86.57353,0
1782654,321,-87.55732,0
1782664,320,-87.69786,0
1782674,325,-86.99516,0
1782684,325,-86.99516,0
1782694,326,-86.85461,0
1782704,319,-87.83841,0
1782714,321,-87.55732,0
1782724,327,-86.71407,0
1782734,332,-86.01136,0
1782744,320,-87.69786,0
1782754,331,-86.1519,0
1782764,333,-85.87083,0
1782774,321,-87.55732,0
1782784,328,-86.57353,0
1782794,319,-87.83841,0
1782804,326,-86.85461,0
1782814,319,-87.83841,0
1782824,320,-87.69786,0
1782834,323,-87.27624,0
1782844,326,-86.85461,0
1782854,322,-87.41679,0
1782864,328,-86.57353,0
1782874,322,-87.41679,0
1782884,325,-86.99516,0
1782894,327,-86.71407,0
1782904,321,-87.55732,0
1782914,323,-87.27624,0
1782924,324,-87.1357,0
1782934,318,-87.97894,0
1782944,324,-87.1357,0
1782954,327,-86.71407,0
1782964,323,-87.27624,0
1782974,322,-87.41679,0
1782984,325,-86.99516,0
1782994,327,-86.71407,0
1783004,332,-86.01136,0
1783014,324,-87.1357,0
1783024,324,-87.1357,0
1783034,324,-87.1357,0
1783044,321,-87.55732,0
1783054,320,-87.69786,0
1783064,319,-87.83841,0
1783074,324,-87.1357,0
1783084,326,-86.85461,0
1783094,322,-87.41679,0
1783104,325,-86.99516,0
1783114,323,-87.27624,0
1783124,321,-87.55732,0
1783134,322,-87.41679,0
1783144,322,-87.41679,0
1783154,313,-88.68166,0
1783164,321,-87.55732,0
1783174,321,-87.55732,0
1783184,321,-87.55732,0
1783194,323,-87.27624,0
1783204,323,-87.27624,0
1783214,324,-87.1357,0
1783224,325,-86.99516,0
1783234,332,-86.01136,0
1783244,320,-87.69786,0
1783254,329,-86.43299,0
1783264,327,-86.71407,0
1783274,314,-88.54111,0
1783284,316,-88.26003,0
1783294,322,-87.41679,0
1783304,318,-87.97894,0
1783314,325,-86.99516,0
1783324,326,-86.85461,0
1783334,321,-87.55732,0
1783344,324,-87.1357,0
1783354,317,-88.11949,0
1783364,329,-86.43299,0
1783374,318,-87.97894,0
1783384,316,-88.26003,0
1783394,317,-88.11949,0
1783404,312,-88.8222,0
1783414,321,-87.55732,0
1783424,327,-86.71407,0
1783434,329,-86.43299,0
1783444,325,-86.99516,0
1783454,323,-87.27624,0
1783464,326,-86.85461,0
1783474,318,-87.97894,0
1783484,317,-88.11949,0
1783494,322,-87.41679,0
1783504,316,-88.26003,0
1783514,323,-87.27624,0
1783524,323,-87.27624,0
1783534,317,-88.11949,0
1783544,320,-87.69786,0
1783554,322,-87.41679,0
1783564,314,-88.54111,0
1783574,318,-87.97894,0
1783584,320,-87.69786,0
1783594,318,-87.97894,0
1783604,318,-87.97894,0
1783614,320,-87.69786,0
1783624,324,-87.1357,0
1783634,321,-87.55732,0
1783644,321,-87.55732,0
1783654,328,-86.57353,0
1783664,321,-87.55732,0
1783674,323,-87.27624,0
1783684,326,-86.85461,0
1783694,327,-86.71407,0
1783704,324,-87.1357,0
1783714,326,-86.85461,0
1783724,318,-87.97894,0
1783734,322,-87.41679,0
1783744,321,-87.55732,0
1783754,320,-87.69786,0
1783764,323,-87.27624,0
1783774,317,-88.11949,0
1783784,318,-87.97894,0
1783794,321,-87.55732,0
1783804,317,-88.11949,0
1783814,324,-87.1357,0
1783824,316,-88.26003,0
1783834,321,-87.55732,0
1783844,327,-86.71407,0
1783854,323,-87.27624,0
1783864,331,-86.1519,0
1783874,324,-87.1357,0
1783884,316,-88.26003,0
1783894,321,-87.55732,0
1783904,325,-86.99516,0
1783914,324,-87.1357,0
1783924,326,-86.85461,0
1783934,327,-86.71407,0
1783944,319,-87.83841,0
1783954,321,-87.55732,0
1783964,321,-87.55732,0
1783974,329,-86.43299,0
1783984,325,-86.99516,0
1783994,325,-86.99516,0
1784004,323,-87.27624,0
1784014,333,-85.87083,0
1784024,326,-86.85461,0
1784034,329,-86.43299,0
1784044,324,-87.1357,0
1784054,320,-87.69786,0
1784064,316,-88.26003,0
1784074,325,-86.99516,0
1784084,324,-87.1357,0
1784094,329,-86.43299,0
1784104,329,-86.43299,0
1784114,329,-86.43299,0
1784124,326,-86.85461,0
1784134,323,-87.27624,0
1784144,324,-87.1357,0
1784154,319,-87.83841,0
1784164,313,-88.68166,0
1784174,328,-86.57353,0
1784184,327,-86.71407,0
1784194,326,-86.85461,0
1784204,327,-86.71407,0
1784214,328,-86.57353,0
1784224,323,-87.27624,0
1784234,325,-86.99516,0
1784244,323,-87.27624,0
1784254,327,-86.71407,0
1784264,319,-87.83841,0
1784274,321,-87.55732,0
1784284,322,-87.41679,0
1784294,323,-87.27624,0
1784304,321,-87.55732,0
1784314,321,-87.55732,0
1784324,322,-87.41679,0
1784334,320,-87.69786,0
1784344,318,-87.97894,0
1784354,323,-87.27624,0
1784364,331,-86.1519,0
1784374,322,-87.41679,0
1784384,324,-87.1357,0
1784394,324,-87.1357,0
1784404,317,-88.11949,0
1784414,321,-87.55732,0
1784424,324,-87.1357,0
1784434,331,-86.1519,0
1784444,327,-86.71407,0
1784454,323,-87.27624,0
1784464,321,-87.55732,0
1784474,325,-86.99516,0
1784484,326,-86.85461,0
1784494,329,-86.43299,0
1784504,316,-88.26003,0
1784514,322,-87.41679,0
1784524,325,-86.99516,0
1784534,317,-88.11949,0
1784544,332,-86.01136,0
1784554,328,-86.57353,0
1784564,327,-86.71407,0
1784574,327,-86.71407,0
1784584,323,-87.27624,0
1784594,323,-87.27624,0
1784604,325,-86.99516,0
1784614,315,-88.40057,0
1784624,326,-86.85461,0
1784634,322,-87.41679,0
1784644,329,-86.43299,0
1784654,325,-86.99516,0
1784664,323,-87.27624,0
1784674,327,-86.71407,0
1784684,326,-86.85461,0
1784694,325,-86.99516,0
1784704,328,-86.57353,0
1784714,326,-86.85461,0
1784724,315,-88.40057,0
1784734,316,-88.26003,0
1784744,327,-86.71407,0
1784754,321,-87.55732,0
1784764,324,-87.1357,0
1784774,326,-86.85461,0
1784784,324,-87.1357,0
1784794,326,-86.85461,0
1784804,321,-87.55732,0
1784814,326,-86.85461,0
1784824,326,-86.85461,0
1784834,321,-87.55732,0
1784844,327,-86.71407,0
1784854,319,-87.83841,0
1784864,323,-87.27624,0
1784874,325,-86.99516,0
1784884,317,-88.11949,0
1784894,327,-86.71407,0
1784904,327,-86.71407,0
1784914,317,-88.11949,0
1784924,322,-87.41679,0
1784934,326,-86.85461,0
1784944,326,-86.85461,0
1784954,324,-87.1357,0
1784964,320,-87.69786,0
1784974,326,-86.85461,0
1784984,317,-88.11949,0
1784994,327,-86.71407,0
1785004,328,-86.57353,0
1785014,315,-88.40057,0
1785024,325,-86.99516,0
1785034,328,-86.57353,0
1785044,324,-87.1357,0
1785054,326,-86.85461,0
1785064,322,-87.41679,0
1785074,318,-87.97894,0
1785084,317,-88.11949,0
1785094,320,-87.69786,0
1785104,329,-86.43299,0
1785114,327,-86.71407,0
1785124,322,-87.41679,0
1785134,329,-86.43299,0
1785144,325,-86.99516,0
1785154,324,-87.1357,0
1785164,321,-87.55732,0
1785174,325,-86.99516,0
1785184,315,-88.40057,0
1785194,322,-87.41679,0
1785204,320,-87.69786,0
1785214,325,-86.99516,0
1785224,328,-86.57353,0
1785234,330,-86.29245,0
1785244,321,-87.55732,0
1785254,333,-85.87083,0
1785264,321,-87.55732,0
1785274,327,-86.71407,0
1785284,326,-86.85461,0
1785294,323,-87.27624,0
1785304,321,-87.55732,0
1785314,322,-87.41679,0
1785324,322,-87.41679,0
1785334,322,-87.41679,0
1785344,325,-86.99516,0
1785354,320,-87.69786,0
1785364,320,-87.69786,0
1785374,322,-87.41679,0
1785384,317,-88.11949,0
1785394,327,-86.71407,0
1785404,319,-87.83841,0
1785414,321,-87.55732,0
1785424,322,-87.41679,0
1785434,321,-87.55732,0
1785444,322,-87.41679,0
1785454,325,-86.99516,0
1785464,323,-87.27624,0
1785474,324,-87.1357,0
1785484,330,-86.29245,0
1785494,324,-87.1357,0
1785504,322,-87.41679,0
1785514,322,-87.41679,0
1785524,326,-86.85461,0
1785534,316,-88.26003,0
1785544,328,-86.57353,0
1785554,325,-86.99516,0
1785564,329,-86.43299,0
1785574,325,-86.99516,0
1785584,326,-86.85461,0
1785594,326,-86.85461,0
1785604,327,-86.71407,0
1785614,329,-86.43299,0
1785624,327,-86.71407,0
1785634,320,-87.69786,0
1785644,317,-88.11949,0
1785654,321,-87.55732,0
1785664,328,-86.57353,0
1785674,323,-87.27624,0
1785684,324,-87.1357,0
1785694,328,-86.57353,0
1785704,317,-88.11949,0
1785714,325,-86.99516,0
1785724,323,-87.27624,0
1785734,332,-86.01136,0
1785744,321,-87.55732,0
1785754,317,-88.11949,0
1785764,319,-87.83841,0
1785774,324,-87.1357,0
1785784,321,-87.55732,0
1785794,328,-86.57353,0
1785804,326,-86.85461,0
1785814,317,-88.11949,0
1785824,327,-86.71407,0
1785834,323,-87.27624,0
1785844,323,-87.27624,0
1785854,321,-87.55732,0
1785864,323,-87.27624,0
1785874,322,-87.41679,0
1785884,322,-87.41679,0
1785894,328,-86.57353,0
1785904,318,-87.97894,0
1785914,326,-86.85461,0
1785924,329,-86.43299,0
1785934,330,-86.29245,0
1785944,323,-87.27624,0
1785954,327,-86.71407,0
1785964,324,-87.1357,0
1785974,326,-86.85461,0
1785984,325,-86.99516,0
1785994,328,-86.57353,0
1786004,322,-87.41679,0
1786014,324,-87.1357,0
1786024,323,-87.27624,0
1786034,321,-87.55732,0
1786044,317,-88.11949,0
1786054,322,-87.41679,0
1786064,332,-86.01136,0
1786074,324,-87.1357,0
1786084,310,-89.10328,0
1786094,324,-87.1357,0
1786104,323,-87.27624,0
1786114,327,-86.71407,0
1786124,323,-87.27624,0
1786134,319,-87.83841,0
1786144,325,-86.99516,0
1786154,320,-87.69786,0
1786164,328,-86.57353,0
1786174,323,-87.27624,0
1786184,335,-85.58974,0
1786194,322,-87.41679,0
1786204,322,-87.41679,0
1786214,326,-86.85461,0
1786224,321,-87.55732,0
1786234,316,-88.26003,0
1786244,320,-87.69786,0
1786254,325,-86.99516,0
1786264,323,-87.27624,0
1786274,329,-86.43299,0
1786284,320,-87.69786,0
1786294,323,-87.27624,0
1786304,326,-86.85461,0
1786314,319,-87.83841,0
1786324,322,-87.41679,0
1786334,315,-88.40057,0
1786344,326,-86.85461,0
1786354,321,-87.55732,0
1786364,324,-87.1357,0
1786374,322,-87.41679,0
1786384,326,-86.85461,0
1786394,324,-87.1357,0
1786404,325,-86.99516,0
1786414,327,-86.71407,0
1786424,322,-87.41679,0
1786434,321,-87.55732,0
1786444,324,-87.1357,0
1786454,320,-87.69786,0
1786464,320,-87.69786,0
1786474,329,-86.43299,0
1786484,316,-88.26003,0
1786494,323,-87.27624,0
1786504,325,-86.99516,0
1786514,325,-86.99516,0
1786524,326,-86.85461,0
1786534,323,-87.27624,0
1786544,319,-87.83841,0
1786554,323,-87.27624,0
1786564,323,-87.27624,0
1786574,326,-86.85461,0
1786584,323,-87.27624,0
1786594,329,-86.43299,0
1786604,329,-86.43299,0
1786614,323,-87.27624,0
1786624,324,-87.1357,0
1786634,327,-86.71407,0
1786644,325,-86.99516,0
1786654,316,-88.26003,0
1786664,322,-87.41679,0
1786674,320,-87.69786,0
1786684,330,-86.29245,0
1786694,329,-86.43299,0
1786704,326,-86.85461,0
1786714,324,-87.1357,0
1786724,324,-87.1357,0
1786734,329,-86.43299,0
1786744,325,-86.99516,0
1786754,321,-87.55732,0
1786764,320,-87.69786,0
1786774,322,-87.41679,0
1786784,317,-88.11949,0
1786794,315,-88.40057,0
1786804,324,-87.1357,0
1786814,329,-86.43299,0
1786824,323,-87.27624,0
1786834,323,-87.27624,0
1786844,327,-86.71407,0
1786854,324,-87.1357,0
1786864,323,-87.27624,0
1786874,324,-87.1357,0
1786884,321,-87.55732,0
1786894,323,-87.27624,0
1786904,325,-86.99516,0
1786914,326,-86.85461,0
1786924,323,-87.27624,0
1786934,329,-86.43299,0
1786944,321,-87.55732,0
1786954,322,-87.41679,0
1786964,328,-86.57353,0
1786974,327,-86.71407,0
1786984,317,-88.11949,0
1786994,316,-88.26003,0
1787004,325,-86.99516,0
1787014,325,-86.99516,0
1787024,329,-86.43299,0
1787034,325,-86.99516,0
1787044,325,-86.99516,0
1787054,318,-87.97894,0
1787064,322,-87.41679,0
1787074,322,-87.41679,0
1787084,327,-86.71407,0
1787094,326,-86.85461,0
1787104,315,-88.40057,0
1787114,319,-87.83841,0
1787124,322,-87.41679,0
1787134,325,-86.99516,0
1787144,328,-86.57353,0
1787154,328,-86.57353,0
1787164,326,-86.85461,0
1787174,324,-87.1357,0
1787184,328,-86.57353,0
1787194,329,-86.43299,0
1787204,323,-87.27624,0
1787214,327,-86.71407,0
1787224,325,-86.99516,0
1787234,319,-87.83841,0
1787244,330,-86.29245,0
1787254,319,-87.83841,0
1787264,316,-88.26003,0
1787274,321,-87.55732,0
1787284,316,-88.26003,0
1787294,325,-86.99516,0
1787304,326,-86.85461,0
1787314,330,-86.29245,0
1787324,324,-87.1357,0
1787334,318,-87.97894,0
1787344,327,-86.71407,0
1787354,315,-88.40057,0
1787364,320,-87.69786,0
1787374,325,-86.99516,0
1787384,322,-87.41679,0
1787394,320,-87.69786,0
1787404,325,-86.99516,0
1787414,326,-86.85461,0
1787424,326,-86.85461,0
1787434,331,-86.1519,0
1787444,324,-87.1357,0
1787454,326,-86.85461,0
1787464,321,-87.55732,0
1787474,323,-87.27624,0
1787484,322,-87.41679,0
1787494,328,-86.57353,0
1787504,324,-87.1357,0
1787514,320,-87.69786,0
1787524,327,-86.71407,0
1787534,324,-87.1357,0
1787544,326,-86.85461,0
1787554,324,-87.1357,0
1787564,321,-87.55732,0
1787574,333,-85.87083,0
1787584,329,-86.43299,0
1787594,321,-87.55732,0
1787604,323,-87.27624,0
1787614,328,-86.57353,0
1787624,318,-87.97894,0
1787634,323,-87.27624,0
1787644,332,-86.01136,0
1787654,326,-86.85461,0
1787664,321,-87.55732,0
1787674,325,-86.99516,0
1787684,320,-87.69786,0
1787694,321,-87.55732,0
1787704,321,-87.55732,0
1787714,324,-87.1357,0
1787724,329,-86.43299,0
1787734,320,-87.69786,0
1787744,323,-87.27624,0
1787754,325,-86.99516,0
1787764,320,-87.69786,0
1787774,324,-87.1357,0
1787784,320,-87.69786,0
1787794,322,-87.41679,0
1787804,321,-87.55732,0
1787814,320,-87.69786,0
1787824,320,-87.69786,0
1787834,322,-87.41679,0
1787844,323,-87.27624,0
1787854,324,-87.1357,0
1787864,332,-86.01136,0
1787874,321,-87.55732,0
1787884,327,-86.71407,0
1787894,327,-86.71407,0
1787904,318,-87.97894,0
1787914,328,-86.57353,0
1787924,332,-86.01136,0
1787934,322,-87.41679,0
1787944,321,-87.55732,0
1787954,322,-87.41679,0
1787964,329,-86.43299,0
1787974,327,-86.71407,0
1787984,320,-87.69786,0
1787994,319,-87.83841,0
1788004,317,-88.11949,0
1788014,324,-87.1357,0
1788024,325,-86.99516,0
1788034,320,-87.69786,0
1788044,323,-87.27624,0
1788054,320,-87.69786,0
1788064,329,-86.43299,0
1788074,318,-87.97894,0
1788084,323,-87.27624,0
1788094,320,-87.69786,0
1788104,324,-87.1357,0
1788114,324,-87.1357,0
1788124,322,-87.41679,0
1788134,321,-87.55732,0
1788144,330,-86.29245,0
1788154,326,-86.85461,0
1788164,321,-87.55732,0
1788174,323,-87.27624,0
1788184,329,-86.43299,0
1788194,324,-87.1357,0
1788204,326,-86.85461,0
1788214,330,-86.29245,0
1788224,321,-87.55732,0
1788234,323,-87.27624,0
1788244,324,-87.1357,0
1788254,324,-87.1357,0
1788264,318,-87.97894,0
1788274,324,-87.1357,0
1788284,325,-86.99516,0
1788294,324,-87.1357,0
1788304,323,-87.27624,0
1788314,323,-87.27624,0
1788324,330,-86.29245,0
1788334,320,-87.69786,0
1788344,321,-87.55732,0
1788354,324,-87.1357,0
1788364,324,-87.1357,0
1788374,324,-87.1357,0
1788384,323,-87.27624,0
1788394,326,-86.85461,0
1788404,322,-87.41679,0
1788414,321,-87.55732,0
1788424,328,-86.57353,0
1788434,322,-87.41679,0
1788444,314,-88.54111,0
1788454,322,-87.41679,0
1788464,327,-86.71407,0
1788474,324,-87.1357,0
1788484,325,-86.99516,0
1788494,314,-88.54111,0
1788504,329,-86.43299,0
1788514,322,-87.41679,0
1788524,318,-87.97894,0
1788534,321,-87.55732,0
1788544,316,-88.26003,0
1788554,319,-87.83841,0
1788564,319,-87.83841,0
1788574,324,-87.1357,0
1788584,323,-87.27624,0
1788594,323,-87.27624,0
1788604,327,-86.71407,0
1788614,320,-87.69786,0
1788624,319,-87.83841,0
1788634,320,-87.69786,0
1788644,329,-86.43299,0
1788654,327,-86.71407,0
1788664,325,-86.99516,0
1788674,325,-86.99516,0
1788684,325,-86.99516,0
1788694,328,-86.57353,0
1788704,324,-87.1357,0
1788714,326,-86.85461,0
1788724,323,-87.27624,0
1788734,327,-86.71407,0
1788744,320,-87.69786,0
1788754,325,-86.99516,0
1788764,325,-86.99516,0
1788774,324,-87.1357,0
1788784,322,-87.41679,0
1788794,329,-86.43299,0
1788804,322,-87.41679,0
1788814,324,-87.1357,0
1788824,326,-86.85461,0
1788834,328,-86.57353,0
1788844,332,-86.01136,0
1788854,327,-86.71407,0
1788864,322,-87.41679,0
1788874,326,-86.85461,0
1788884,328,-86.57353,0
1788894,317,-88.11949,0
1788904,329,-86.43299,0
1788914,327,-86.71407,0
1788924,322,-87.41679,0
1788934,326,-86.85461,0
1788944,325,-86.99516,0
1788954,320,-87.69786,0
1788964,325,-86.99516,0
1788974,322,-87.41679,0
1788984,322,-87.41679,0
1788994,325,-86.99516,0
1789004,320,-87.69786,0
1789014,312,-88.8222,0
1789024,324,-87.1357,0
1789034,324,-87.1357,0
1789044,323,-87.27624,0
1789054,326,-86.85461,0
1789064,328,-86.57353,0
1789074,324,-87.1357,0
1789084,324,-87.1357,0
1789094,326,-86.85461,0
1789104,328,-86.57353,0
1789114,319,-87.83841,0
1789124,326,-86.85461,0
1789134,327,-86.71407,0
1789144,319,-87.83841,0
1789154,325,-86.99516,0
1789164,329,-86.43299,0
1789174,325,-86.99516,0
1789184,322,-87.41679,0
1789194,328,-86.57353,0
1789204,318,-87.97894,0
1789214,327,-86.71407,0
1789224,324,-87.1357,0
1789234,320,-87.69786,0
1789244,322,-87.41679,0
1789254,318,-87.97894,0
1789264,326,-86.85461,0
1789274,323,-87.27624,0
1789284,323,-87.27624,0
1789294,326,-86.85461,0
1789304,326,-86.85461,0
1789314,328,-86.57353,0
1789324,328,-86.57353,0
1789334,329,-86.43299,0
1789344,321,-87.55732,0
1789354,317,-88.11949,0
1789364,326,-86.85461,0
1789374,327,-86.71407,0
1789384,320,-87.69786,0
1789394,325,-86.99516,0
1789404,321,-87.55732,0
1789414,320,-87.69786,0
1789424,323,-87.27624,0
1789434,321,-87.55732,0
1789444,327,-86.71407,0
1789454,321,-87.55732,0
1789464,321,-87.55732,0
1789474,328,-86.57353,0
1789484,321,-87.55732,0
1789494,323,-87.27624,0
1789504,316,-88.26003,0
1789514,321,-87.55732,0
1789524,318,-87.97894,0
1789534,328,-86.57353,0
1789544,324,-87.1357,0
1789554,326,-86.85461,0
1789564,322,-87.41679,0
1789574,323,-87.27624,0
1789584,321,-87.55732,0
1789594,335,-85.58974,0
1789604,324,-87.1357,0
1789614,326,-86.85461,0
1789624,325,-86.99516,0
1789634,325,-86.99516,0
1789644,327,-86.71407,0
1789654,323,-87.27624,0
1789664,321,-87.55732,0
1789674,323,-87.27624,0
1789684,321,-87.55732,0
1789694,324,-87.1357,0
1789704,314,-88.54111,0
1789714,320,-87.69786,0
1789724,322,-87.41679,0
1789734,323,-87.27624,0
1789744,323,-87.27624,0
1789754,324,-87.1357,0
1789764,321,-87.55732,0
1789774,330,-86.29245,0
1789784,324,-87.1357,0
1789794,315,-88.40057,0
1789804,328,-86.57353,0
1789814,320,-87.69786,0
1789824,326,-86.85461,0
1789834,328,-86.57353,0
1789844,329,-86.43299,0
1789854,314,-88.54111,0
1789864,317,-88.11949,0
1789874,330,-86.29245,0
1789884,325,-86.99516,0
1789894,324,-87.1357,0
1789904,322,-87.41679,0
1789914,318,-87.97894,0
1789924,326,-86.85461,0
1789934,322,-87.41679,0
1789944,320,-87.69786,0
1789954,320,-87.69786,0
1789964,321,-87.55732,0
1789974,326,-86.85461,0
1789984,321,-87.55732,0
1789994,324,-87.1357,0
1790004,329,-86.43299,0
1790014,325,-86.99516,0
1790024,323,-87.27624,0
1790034,326,-86.85461,0
1790044,325,-86.99516,0
1790054,332,-86.01136,0
1790064,327,-86.71407,0
1790074,323,-87.27624,0
1790084,324,-87.1357,0
1790094,326,-86.85461,0
1790104,322,-87.41679,0
1790114,316,-88.26003,0
1790124,324,-87.1357,0
1790134,318,-87.97894,0
1790144,321,-87.55732,0
1790154,318,-87.97894,0
1790164,327,-86.71407,0
1790174,325,-86.99516,0
1790184,327,-86.71407,0
1790194,327,-86.71407,0
1790204,326,-86.85461,0
1790214,324,-87.1357,0
1790224,323,-87.27624,0
1790234,328,-86.57353,0
1790244,324,-87.1357,0
1790254,321,-87.55732,0
1790264,327,-86.71407,0
1790274,330,-86.29245,0
1790284,323,-87.27624,0
1790294,328,-86.57353,0
1790304,329,-86.43299,0
1790314,325,-86.99516,0
1790324,323,-87.27624,0
1790334,327,-86.71407,0
1790344,321,-87.55732,0
1790354,324,-87.1357,0
1790364,320,-87.69786,0
1790374,323,-87.27624,0
1790384,322,-87.41679,0
1790394,319,-87.83841,0
1790404,326,-86.85461,0
1790414,326,-86.85461,0
1790424,326,-86.85461,0
1790434,326,-86.85461,0
1790444,323,-87.27624,0
1790454,323,-87.27624,0
1790464,319,-87.83841,0
1790474,323,-87.27624,0
1790484,319,-87.83841,0
1790494,325,-86.99516,0
1790504,325,-86.99516,0
1790514,324,-87.1357,0
1790524,318,-87.97894,0
1790534,320,-87.69786,0
1790544,326,-86.85461,0
1790554,322,-87.41679,0
1790564,326,-86.85461,0
1790574,323,-87.27624,0
1790584,323,-87.27624,0
1790594,324,-87.1357,0
1790604,321,-87.55732,0
1790614,326,-86.85461,0
1790624,325,-86.99516,0
1790634,318,-87.97894,0
1790644,325,-86.99516,0
1790654,323,-87.27624,0
1790664,326,-86.85461,0
1790674,332,-86.01136,0
1790684,320,-87.69786,0
1790694,319,-87.83841,0
1790704,322,-87.41679,0
1790714,321,-87.55732,0
1790724,321,-87.55732,0
1790734,318,-87.97894,0
1790744,327,-86.71407,0
1790754,320,-87.69786,0
1790764,324,-87.1357,0
1790774,326,-86.85461,0
1790784,336,-85.4492,0
1790794,319,-87.83841,0
1790804,318,-87.97894,0
1790814,318,-87.97894,0
1790824,325,-86.99516,0
1790834,327,-86.71407,0
1790844,317,-88.11949,0
1790854,324,-87.1357,0
1790864,323,-87.27624,0
1790874,324,-87.1357,0
1790884,323,-87.27624,0
1790894,334,-85.73029,0
1790904,319,-87.83841,0
1790914,325,-86.99516,0
1790924,323,-87.27624,0
1790934,324,-87.1357,0
1790944,334,-85.73029,0
1790954,323,-87.27624,0
1790964,328,-86.57353,0
1790974,326,-86.85461,0
1790984,326,-86.85461,0
1790994,323,-87.27624,0
1791004,332,-86.01136,0
1791014,327,-86.71407,0
1791024,315,-88.40057,0
1791034,324,-87.1357,0
1791044,325,-86.99516,0
1791054,321,-87.55732,0
1791064,323,-87.27624,0
1791074,325,-86.99516,0
1791084,328,-86.57353,0
1791094,331,-86.1519,0
1791104,325,-86.99516,0
1791114,323,-87.27624,0
1791124,321,-87.55732,0
1791134,329,-86.43299,0
1791144,321,-87.55732,0
1791154,320,-87.69786,0
1791164,325,-86.99516,0
1791174,321,-87.55732,0
1791184,323,-87.27624,0
1791194,320,-87.69786,0
1791204,327,-86.71407,0
1791214,324,-87.1357,0
1791224,325,-86.99516,0
1791234,314,-88.54111,0
1791244,323,-87.27624,0
1791254,326,-86.85461,0
1791264,323,-87.27624,0
1791274,318,-87.97894,0
1791284,325,-86.99516,0
1791294,326,-86.85461,0
1791304,326,-86.85461,0
1791314,325,-86.99516,0
1791324,330,-86.29245,0
1791334,327,-86.71407,0
1791344,318,-87.97894,0
1791354,323,-87.27624,0
1791364,324,-87.1357,0
1791374,324,-87.1357,0
1791384,320,-87.69786,0
1791394,333,-85.87083,0
1791404,321,-87.55732,0
1791414,328,-86.57353,0
1791424,319,-87.83841,0
1791434,320,-87.69786,0
1791444,327,-86.71407,0
1791454,329,-86.43299,0
1791464,322,-87.41679,0
1791474,330,-86.29245,0
1791484,323,-87.27624,0
1791494,321,-87.55732,0
1791504,322,-87.41679,0
1791514,325,-86.99516,0
1791524,325,-86.99516,0
1791534,322,-87.41679,0
1791544,323,-87.27624,0
1791554,327,-86.71407,0
1791564,321,-87.55732,0
1791574,329,-86.43299,0
1791584,322,-87.41679,0
1791594,326,-86.85461,0
1791604,317,-88.11949,0
1791614,322,-87.41679,0
1791624,321,-87.55732,0
1791634,322,-87.41679,0
1791644,327,-86.71407,0
1791654,329,-86.43299,0
1791664,325,-86.99516,0
1791674,324,-87.1357,0
1791684,320,-87.69786,0
1791694,328,-86.57353,0
1791704,323,-87.27624,0
1791714,320,-87.69786,0
1791724,322,-87.41679,0
1791734,332,-86.01136,0
1791744,325,-86.99516,0
1791754,323,-87.27624,0
1791764,321,-87.55732,0
1791774,322,-87.41679,0
1791784,331,-86.1519,0
1791794,322,-87.41679,0
1791804,325,-86.99516,0
1791814,322,-87.41679,0
1791824,329,-86.43299,0
1791834,318,-87.97894,0
1791844,323,-87.27624,0
1791854,316,-88.26003,0
1791864,315,-88.40057,0
1791874,321,-87.55732,0
1791884,326,-86.85461,0
1791894,325,-86.99516,0
1791904,330,-86.29245,0
1791914,324,-87.1357,0
1791924,325,-86.99516,0
1791934,317,-88.11949,0
1791944,318,-87.97894,0
1791954,319,-87.83841,0
1791964,322,-87.41679,0
1791974,323,-87.27624,0
1791984,323,-87.27624,0
1791994,321,-87.55732,0
1792004,324,-87.1357,0
1792014,320,-87.69786,0
1792024,325,-86.99516,0
1792034,322,-87.41679,0
1792044,314,-88.54111,0
1792054,318,-87.97894,0
1792064,329,-86.43299,0
1792074,323,-87.27624,0
1792084,320,-87.69786,0
1792094,324,-87.1357,0
1792104,333,-85.87083,0
1792114,321,-87.55732,0
1792124,323,-87.27624,0
1792134,327,-86.71407,0
1792144,325,-86.99516,0
1792154,321,-87.55732,0
1792164,328,-86.57353,0
1792174,312,-88.8222,0
1792184,330,-86.29245,0
1792194,330,-86.29245,0
1792204,319,-87.83841,0
1792214,324,-87.1357,0
1792224,323,-87.27624,0
1792234,330,-86.29245,0
1792244,329,-86.43299,0
1792254,320,-87.69786,0
1792264,323,-87.27624,0
1792274,318,-87.97894,0
1792284,318,-87.97894,0
1792294,320,-87.69786,0
1792304,325,-86.99516,0
1792314,321,-87.55732,0
1792324,328,-86.57353,0
1792334,320,-87.69786,0
1792344,327,-86.71407,0
1792354,321,-87.55732,0
1792364,325,-86.99516,0
1792374,326,-86.85461,0
1792384,324,-87.1357,0
1792394,326,-86.85461,0
1792404,320,-87.69786,0
1792414,325,-86.99516,0
1792424,333,-85.87083,0
1792434,323,-87.27624,0
1792444,321,-87.55732,0
1792454,324,-87.1357,0
1792464,322,-87.41679,0
1792474,328,-86.57353,0
1792484,325,-86.99516,0
1792494,324,-87.1357,0
1792504,317,-88.11949,0
1792514,323,-87.27624,0
1792524,322,-87.41679,0
1792534,322,-87.41679,0
1792544,329,-86.43299,0
1792554,327,-86.71407,0
1792564,325,-86.99516,0
1792574,321,-87.55732,0
1792584,321,-87.55732,0
1792594,331,-86.1519,0
1792604,324,-87.1357,0
1792614,316,-88.26003,0
1792624,323,-87.27624,0
1792634,319,-87.83841,0
1792644,327,-86.71407,0
1792654,323,-87.27624,0
1792664,322,-87.41679,0
1792674,327,-86.71407,0
1792684,330,-86.29245,0
1792694,328,-86.57353,0
1792704,324,-87.1357,0
1792714,329,-86.43299,0
1792724,319,-87.83841,0
1792734,315,-88.40057,0
1792744,320,-87.69786,0
1792754,329,-86.43299,0
1792764,318,-87.97894,0
1792774,314,-88.54111,0
1792784,326,-86.85461,0
1792794,326,-86.85461,0
1792804,329,-86.43299,0
1792814,330,-86.29245,0
1792824,326,-86.85461,0
1792834,320,-87.69786,0
1792844,319,-87.83841,0
1792854,321,-87.55732,0
1792864,324,-87.1357,0
1792874,323,-87.27624,0
1792884,319,-87.83841,0
1792894,324,-87.1357,0
1792904,324,-87.1357,0
1792914,329,-86.43299,0
1792924,324,-87.1357,0
1792934,327,-86.71407,0
1792944,318,-87.97894,0
1792954,320,-87.69786,0
1792964,320,-87.69786,0
1792974,320,-87.69786,0
1792984,324,-87.1357,0
1792994,327,-86.71407,0
1793004,322,-87.41679,0
1793014,322,-87.41679,0
1793024,321,-87.55732,0
1793034,330,-86.29245,0
1793044,324,-87.1357,0
1793054,324,-87.1357,0
1793064,319,-87.83841,0
1793074,324,-87.1357,0
1793084,323,-87.27624,0
1793094,320,-87.69786,0
1793104,320,-87.69786,0
1793114,324,-87.1357,0
1793124,329,-86.43299,0
1793134,328,-86.57353,0
1793144,323,-87.27624,0
1793154,321,-87.55732,0
1793164,317,-88.11949,0
1793174,323,-87.27624,0
1793184,326,-86.85461,0
1793194,324,-87.1357,0
1793204,326,-86.85461,0
1793214,327,-86.71407,0
1793224,329,-86.43299,0
1793234,330,-86.29245,0
1793244,326,-86.85461,0
1793254,325,-86.99516,0
1793264,319,-87.83841,0
1793274,329,-86.43299,0
1793284,326,-86.85461,0
1793294,315,-88.40057,0
1793304,328,-86.57353,0
1793314,320,-87.69786,0
1793324,322,-87.41679,0
1793334,330,-86.29245,0
1793344,330,-86.29245,0
1793354,329,-86.43299,0
1793364,325,-86.99516,0
1793374,327,-86.71407,0
1793384,326,-86.85461,0
1793394,327,-86.71407,0
1793404,319,-87.83841,0
1793414,320,-87.69786,0
1793424,323,-87.27624,0
1793434,326,-86.85461,0
1793444,321,-87.55732,0
1793454,324,-87.1357,0
1793464,322,-87.41679,0
1793474,325,-86.99516,0
1793484,329,-86.43299,0
1793494,327,-86.71407,0
1793504,322,-87.41679,0
1793514,322,-87.41679,0
1793524,322,-87.41679,0
1793534,321,-87.55732,0
1793544,322,-87.41679,0
1793554,322,-87.41679,0
1793564,319,-87.83841,0
1793574,321,-87.55732,0
1793584,321,-87.55732,0
1793594,324,-87.1357,0
1793604,320,-87.69786,0
1793614,328,-86.57353,0
1793624,315,-88.40057,0
1793634,323,-87.27624,0
1793644,323,-87.27624,0
1793654,327,-86.71407,0
1793664,324,-87.1357,0
1793674,327,-86.71407,0
1793684,323,-87.27624,0
1793694,326,-86.85461,0
1793704,326,-86.85461,0
1793714,331,-86.1519,0
1793724,327,-86.71407,0
1793734,321,-87.55732,0
1793744,322,-87.41679,0
1793754,326,-86.85461,0
1793764,322,-87.41679,0
1793774,324,-87.1357,0
1793784,325,-86.99516,0
1793794,328,-86.57353,0
1793804,328,-86.57353,0
1793814,317,-88.11949,0
1793824,320,-87.69786,0
1793834,321,-87.55732,0
1793844,319,-87.83841,0
1793854,321,-87.55732,0
1793864,319,-87.83841,0
1793874,321,-87.55732,0
1793884,324,-87.1357,0
1793894,326,-86.85461,0
1793904,328,-86.57353,0
1793914,324,-87.1357,0
1793924,327,-86.71407,0
1793934,331,-86.1519,0
1793944,324,-87.1357,0
1793954,321,-87.55732,0
1793964,319,-87.83841,0
1793974,323,-87.27624,0
1793984,318,-87.97894,0
1793994,322,-87.41679,0
1794004,330,-86.29245,0
1794014,321,-87.55732,0
1794024,322,-87.41679,0
1794034,327,-86.71407,0
1794044,330,-86.29245,0
1794054,317,-88.11949,0
1794064,321,-87.55732,0
1794074,321,-87.55732,0
1794084,323,-87.27624,0
1794094,326,-86.85461,0
1794104,313,-88.68166,0
1794114,317,-88.11949,0
1794124,323,-87.27624,0
1794134,320,-87.69786,0
1794144,327,-86.71407,0
1794154,323,-87.27624,0
1794164,328,-86.57353,0
1794174,327,-86.71407,0
1794184,319,-87.83841,0
1794194,322,-87.41679,0
1794204,329,-86.43299,0
1794214,327,-86.71407,0
1794224,328,-86.57353,0
1794234,326,-86.85461,0
1794244,326,-86.85461,0
1794254,326,-86.85461,0
1794264,322,-87.41679,0
1794274,328,-86.57353,0
1794284,325,-86.99516,0
1794294,315,-88.40057,0
1794304,320,-87.69786,0
1794314,324,-87.1357,0
1794324,324,-87.1357,0
1794334,322,-87.41679,0
1794344,312,-88.8222,0
1794354,324,-87.1357,0
1794364,322,-87.41679,0
1794374,323,-87.27624,0
1794384,325,-86.99516,0
1794394,334,-85.73029,0
1794404,320,-87.69786,0
1794414,320,-87.69786,0
1794424,326,-86.85461,0
1794434,330,-86.29245,0
1794444,315,-88.40057,0
1794454,322,-87.41679,0
1794464,324,-87.1357,0
1794474,325,-86.99516,0
1794484,329,-86.43299,0
1794494,327,-86.71407,0
1794504,323,-87.27624,0
1794514,320,-87.69786,0
1794524,322,-87.41679,0
1794534,324,-87.1357,0
1794544,330,-86.29245,0
1794554,328,-86.57353,0
1794564,323,-87.27624,0
1794574,324,-87.1357,0
1794584,327,-86.71407,0
1794594,324,-87.1357,0
1794604,324,-87.1357,0
1794614,323,-87.27624,0
1794624,324,-87.1357,0
1794634,324,-87.1357,0
1794644,323,-87.27624,0
1794654,322,-87.41679,0
1794664,321,-87.55732,0
1794674,321,-87.55732,0
1794684,326,-86.85461,0
1794694,326,-86.85461,0
1794704,324,-87.1357,0
1794714,326,-86.85461,0
1794724,322,-87.41679,0
1794734,322,-87.41679,0
1794744,320,-87.69786,0
1794754,320,-87.69786,0
1794764,327,-86.71407,0
1794774,329,-86.43299,0
1794784,324,-87.1357,0
1794794,325,-86.99516,0
1794804,324,-87.1357,0
1794814,323,-87.27624,0
1794824,330,-86.29245,0
1794834,324,-87.1357,0
1794844,322,-87.41679,0
1794854,315,-88.40057,0
1794864,325,-86.99516,0
1794874,321,-87.55732,0
1794884,324,-87.1357,0
1794894,325,-86.99516,0
1794904,328,-86.57353,0
1794914,325,-86.99516,0
1794924,321,-87.55732,0
1794934,318,-87.97894,0
1794944,327,-86.71407,0
1794954,328,-86.57353,0
1794964,321,-87.55732,0
1794974,323,-87.27624,0
1794984,325,-86.99516,0
1794994,332,-86.01136,0
1795004,326,-86.85461,0
1795014,323,-87.27624,0
1795024,324,-87.1357,0
1795034,324,-87.1357,0
1795044,322,-87.41679,0
1795054,319,-87.83841,0
1795064,331,-86.1519,0
1795074,320,-87.69786,0
1795084,324,-87.1357,0
1795094,327,-86.71407,0
1795104,325,-86.99516,0
1795114,325,-86.99516,0
1795124,322,-87.41679,0
1795134,323,-87.27624,0
1795144,324,-87.1357,0
1795154,328,-86.57353,0
1795164,326,-86.85461,0
1795174,328,-86.57353,0
1795184,318,-87.97894,0
1795194,324,-87.1357,0
1795204,329,-86.43299,0
1795214,323,-87.27624,0
1795224,319,-87.83841,0
1795234,326,-86.85461,0
1795244,332,-86.01136,0
1795254,327,-86.71407,0
1795264,330,-86.29245,0
1795274,325,-86.99516,0
1795284,322,-87.41679,0
1795294,320,-87.69786,0
1795304,316,-88.26003,0
1795314,321,-87.55732,0
1795324,320,-87.69786,0
1795334,330,-86.29245,0
1795344,323,-87.27624,0
1795354,323,-87.27624,0
1795364,324,-87.1357,0
1795374,332,-86.01136,0
1795384,323,-87.27624,0
1795394,323,-87.27624,0
1795404,321,-87.55732,0
1795414,321,-87.55732,0
1795424,324,-87.1357,0
1795434,323,-87.27624,0
1795444,331,-86.1519,0
1795454,324,-87.1357,0
1795464,323,-87.27624,0
1795474,323,-87.27624,0
1795484,326,-86.85461,0
1795494,328,-86.57353,0
1795504,329,-86.43299,0
1795514,327,-86.71407,0
1795524,324,-87.1357,0
1795534,323,-87.27624,0
1795544,321,-87.55732,0
1795554,332,-86.01136,0
1795564,323,-87.27624,0
1795574,324,-87.1357,0
1795584,321,-87.55732,0
1795594,320,-87.69786,0
1795604,325,-86.99516,0
1795614,330,-86.29245,0
1795624,322,-87.41679,0
1795634,325,-86.99516,0
1795644,324,-87.1357,0
1795654,321,-87.55732,0
1795664,323,-87.27624,0
1795674,317,-88.11949,0
1795684,313,-88.68166,0
1795694,324,-87.1357,0
1795704,321,-87.55732,0
1795714,326,-86.85461,0
1795724,320,-87.69786,0
1795734,326,-86.85461,0
1795744,325,-86.99516,0
1795754,315,-88.40057,0
1795764,316,-88.26003,0
1795774,318,-87.97894,0
1795784,330,-86.29245,0
1795794,329,-86.43299,0
1795804,327,-86.71407,0
1795814,322,-87.41679,0
1795824,324,-87.1357,0
1795834,328,-86.57353,0
1795844,318,-87.97894,0
1795854,321,-87.55732,0
1795864,321,-87.55732,0
1795874,322,-87.41679,0
1795884,327,-86.71407,0
1795894,326,-86.85461,0
1795904,326,-86.85461,0
1795914,326,-86.85461,0
1795924,324,-87.1357,0
1795934,327,-86.71407,0
1795944,332,-86.01136,0
1795954,329,-86.43299,0
1795964,328,-86.57353,0
1795974,321,-87.55732,0
1795984,325,-86.99516,0
1795994,323,-87.27624,0
1796004,324,-87.1357,0
1796014,328,-86.57353,0
1796024,323,-87.27624,0
1796034,322,-87.41679,0
1796044,321,-87.55732,0
1796054,313,-88.68166,0
1796064,324,-87.1357,0
1796074,329,-86.43299,0
1796084,322,-87.41679,0
1796094,321,-87.55732,0
1796104,326,-86.85461,0
1796114,321,-87.55732,0
1796124,325,-86.99516,0
1796134,325,-86.99516,0
1796144,326,-86.85461,0
1796154,326,-86.85461,0
1796164,326,-86.85461,0
1796174,326,-86.85461,0
1796184,326,-86.85461,0
1796194,321,-87.55732,0
1796204,318,-87.97894,0
1796214,328,-86.57353,0
1796224,321,-87.55732,0
1796234,327,-86.71407,0
1796244,321,-87.55732,0
1796254,326,-86.85461,0
1796264,332,-86.01136,0
1796274,324,-87.1357,0
1796284,327,-86.71407,0
1796294,327,-86.71407,0
1796304,325,-86.99516,0
1796314,321,-87.55732,0
1796324,322,-87.41679,0
1796334,319,-87.83841,0
1796344,324,-87.1357,0
1796354,328,-86.57353,0
1796364,324,-87.1357,0
1796374,314,-88.54111,0
1796384,329,-86.43299,0
1796394,321,-87.55732,0
1796404,326,-86.85461,0
1796414,319,-87.83841,0
1796424,321,-87.55732,0
1796434,317,-88.11949,0
1796444,322,-87.41679,0
1796454,323,-87.27624,0
1796464,325,-86.99516,0
1796474,321,-87.55732,0
1796484,321,-87.55732,0
1796494,323,-87.27624,0
1796504,333,-85.87083,0
1796514,325,-86.99516,0
1796524,318,-87.97894,0
1796534,318,-87.97894,0
1796544,311,-88.96274,0
1796554,325,-86.99516,0
1796564,323,-87.27624,0
1796574,318,-87.97894,0
1796584,326,-86.85461,0
1796594,332,-86.01136,0
1796604,324,-87.1357,0
1796614,325,-86.99516,0
1796624,319,-87.83841,0
1796634,321,-87.55732,0
1796644,324,-87.1357,0
1796654,327,-86.71407,0
1796664,325,-86.99516,0
1796674,323,-87.27624,0
1796684,322,-87.41679,0
1796694,327,-86.71407,0
1796704,323,-87.27624,0
1796714,326,-86.85461,0
1796724,324,-87.1357,0
1796734,330,-86.29245,0
1796744,326,-86.85461,0
1796754,326,-86.85461,0
1796764,325,-86.99516,0
1796774,323,-87.27624,0
1796784,322,-87.41679,0
1796794,322,-87.41679,0
1796804,329,-86.43299,0
1796814,325,-86.99516,0
1796824,322,-87.41679,0
1796834,325,-86.99516,0
1796844,317,-88.11949,0
1796854,328,-86.57353,0
1796864,326,-86.85461,0
1796874,323,-87.27624,0
1796884,325,-86.99516,0
1796894,327,-86.71407,0
1796904,320,-87.69786,0
1796914,326,-86.85461,0
1796924,324,-87.1357,0
1796934,320,-87.69786,0
1796944,328,-86.57353,0
1796954,322,-87.41679,0
1796964,333,-85.87083,0
1796974,323,-87.27624,0
1796984,325,-86.99516,0
1796994,326,-86.85461,0
1797004,328,-86.57353,0
1797014,325,-86.99516,0
1797024,323,-87.27624,0
1797034,325,-86.99516,0
1797044,328,-86.57353,0
1797054,328,-86.57353,0
1797064,325,-86.99516,0
1797074,318,-87.97894,0
1797084,326,-86.85461,0
1797094,324,-87.1357,0
1797104,324,-87.1357,0
1797114,329,-86.43299,0
1797124,312,-88.8222,0
1797134,326,-86.85461,0
1797144,329,-86.43299,0
1797154,323,-87.27624,0
1797164,321,-87.55732,0
1797174,336,-85.4492,0
1797184,328,-86.57353,0
1797194,320,-87.69786,0
1797204,320,-87.69786,0
1797214,319,-87.83841,0
1797224,328,-86.57353,0
1797234,330,-86.29245,0
1797244,328,-86.57353,0
1797254,322,-87.41679,0
1797264,317,-88.11949,0
1797274,317,-88.11949,0
1797284,323,-87.27624,0
1797294,315,-88.40057,0
1797304,320,-87.69786,0
1797314,319,-87.83841,0
1797324,317,-88.11949,0
1797334,326,-86.85461,0
1797344,322,-87.41679,0
1797354,334,-85.73029,0
1797364,324,-87.1357,0
1797374,325,-86.99516,0
1797384,324,-87.1357,0
1797394,326,-86.85461,0
1797404,327,-86.71407,0
1797414,324,-87.1357,0
1797424,318,-87.97894,0
1797434,319,-87.83841,0
1797444,326,-86.85461,0
1797454,322,-87.41679,0
1797464,333,-85.87083,0
1797474,324,-87.1357,0
1797484,323,-87.27624,0
1797494,330,-86.29245,0
1797504,326,-86.85461,0
1797514,327,-86.71407,0
1797524,327,-86.71407,0
1797534,319,-87.83841,0
1797544,316,-88.26003,0
1797554,325,-86.99516,0
1797564,329,-86.43299,0
1797574,323,-87.27624,0
1797584,323,-87.27624,0
1797594,322,-87.41679,0
1797604,335,-85.58974,0
1797614,325,-86.99516,0
1797624,328,-86.57353,0
1797634,319,-87.83841,0
1797644,325,-86.99516,0
1797654,326,-86.85461,0
1797664,320,-87.69786,0
1797674,327,-86.71407,0
1797684,322,-87.41679,0
1797694,323,-87.27624,0
1797704,332,-86.01136,0
1797714,325,-86.99516,0
1797724,330,-86.29245,0
1797734,326,-86.85461,0
1797744,329,-86.43299,0
1797754,324,-87.1357,0
1797764,320,-87.69786,0
1797774,324,-87.1357,0
1797784,325,-86.99516,0
1797794,322,-87.41679,0
1797804,326,-86.85461,0
1797814,330,-86.29245,0
1797824,326,-86.85461,0
1797834,322,-87.41679,0
1797844,324,-87.1357,0
1797854,322,-87.41679,0
1797864,324,-87.1357,0
1797874,323,-87.27624,0
1797884,328,-86.57353,0
1797894,326,-86.85461,0
1797904,322,-87.41679,0
1797914,323,-87.27624,0
1797924,323,-87.27624,0
1797934,328,-86.57353,0
1797944,328,-86.57353,0
1797954,326,-86.85461,0
1797964,327,-86.71407,0
1797974,324,-87.1357,0
1797984,318,-87.97894,0
1797994,322,-87.41679,0
1798004,330,-86.29245,0
1798014,322,-87.41679,0
1798024,328,-86.57353,0
1798034,326,-86.85461,0
1798044,329,-86.43299,0
1798054,329,-86.43299,0
1798064,328,-86.57353,0
1798074,322,-87.41679,0
1798084,326,-86.85461,0
1798094,316,-88.26003,0
1798104,324,-87.1357,0
1798114,324,-87.1357,0
1798124,326,-86.85461,0
1798134,328,-86.57353,0
1798144,327,-86.71407,0
1798154,326,-86.85461,0
1798164,324,-87.1357,0
1798174,329,-86.43299,0
1798184,320,-87.69786,0
1798194,326,-86.85461,0
1798204,320,-87.69786,0
1798214,330,-86.29245,0
1798224,327,-86.71407,0
1798234,328,-86.57353,0
1798244,322,-87.41679,0
1798254,328,-86.57353,0
1798264,332,-86.01136,0
1798274,329,-86.43299,0
1798284,327,-86.71407,0
1798294,327,-86.71407,0
1798304,320,-87.69786,0
1798314,314,-88.54111,0
1798324,330,-86.29245,0
1798334,322,-87.41679,0
1798344,320,-87.69786,0
1798354,325,-86.99516,0
1798364,326,-86.85461,0
1798374,324,-87.1357,0
1798384,327,-86.71407,0
1798394,327,-86.71407,0
1798404,325,-86.99516,0
1798414,324,-87.1357,0
1798424,323,-87.27624,0
1798434,326,-86.85461,0
1798444,320,-87.69786,0
1798454,328,-86.57353,0
1798464,322,-87.41679,0
1798474,325,-86.99516,0
1798484,331,-86.1519,0
1798494,329,-86.43299,0
1798504,318,-87.97894,0
1798514,330,-86.29245,0
1798524,320,-87.69786,0
1798534,322,-87.41679,0
1798544,320,-87.69786,0
1798554,320,-87.69786,0
1798564,325,-86.99516,0
1798574,326,-86.85461,0
1798584,323,-87.27624,0
1798594,319,-87.83841,0
1798604,324,-87.1357,0
1798614,330,-86.29245,0
1798624,318,-87.97894,0
1798634,331,-86.1519,0
1798644,326,-86.85461,0
1798654,315,-88.40057,0
1798664,322,-87.41679,0
1798674,331,-86.1519,0
1798684,326,-86.85461,0
1798694,329,-86.43299,0
1798704,322,-87.41679,0
1798714,326,-86.85461,0
1798724,325,-86.99516,0
1798734,330,-86.29245,0
1798744,331,-86.1519,0
1798754,323,-87.27624,0
1798764,322,-87.41679,0
1798774,329,-86.43299,0
1798784,320,-87.69786,0
1798794,316,-88.26003,0
1798804,325,-86.99516,0
1798814,329,-86.43299,0
1798824,322,-87.41679,0
1798834,330,-86.29245,0
1798844,327,-86.71407,0
1798854,317,-88.11949,0
1798864,325,-86.99516,0
1798874,322,-87.41679,0
1798884,320,-87.69786,0
1798894,319,-87.83841,0
1798904,318,-87.97894,0
1798914,324,-87.1357,0
1798924,324,-87.1357,0
1798934,325,-86.99516,0
1798944,328,-86.57353,0
1798954,323,-87.27624,0
1798964,323,-87.27624,0
1798974,323,-87.27624,0
1798984,325,-86.99516,0
1798994,322,-87.41679,0
1799004,321,-87.55732,0
1799014,323,-87.27624,0
1799024,328,-86.57353,0
1799034,328,-86.57353,0
1799044,320,-87.69786,0
1799054,321,-87.55732,0
1799064,322,-87.41679,0
1799074,326,-86.85461,0
1799084,335,-85.58974,0
1799094,329,-86.43299,0
1799104,327,-86.71407,0
1799114,320,-87.69786,0
1799124,324,-87.1357,0
1799134,328,-86.57353,0
1799144,323,-87.27624,0
1799154,325,-86.99516,0
1799164,320,-87.69786,0
1799174,326,-86.85461,0
1799184,322,-87.41679,0
1799194,321,-87.55732,0
1799204,324,-87.1357,0
1799214,320,-87.69786,0
1799224,324,-87.1357,0
1799234,324,-87.1357,0
1799244,322,-87.41679,0
1799254,325,-86.99516,0
1799264,324,-87.1357,0
1799274,326,-86.85461,0
1799284,330,-86.29245,0
1799294,321,-87.55732,0
1799304,333,-85.87083,0
1799314,329,-86.43299,0
1799324,325,-86.99516,0
1799334,321,-87.55732,0
1799344,326,-86.85461,0
1799354,327,-86.71407,0
1799364,322,-87.41679,0
1799374,329,-86.43299,0
1799384,319,-87.83841,0
1799394,331,-86.1519,0
1799404,331,-86.1519,0
1799414,322,-87.41679,0
1799424,333,-85.87083,0
1799434,328,-86.57353,0
1799444,321,-87.55732,0
1799454,329,-86.43299,0
1799464,325,-86.99516,0
1799474,324,-87.1357,0
1799484,325,-86.99516,0
1799494,323,-87.27624,0
1799504,329,-86.43299,0
1799514,326,-86.85461,0
1799524,322,-87.41679,0
1799534,322,-87.41679,0
1799544,326,-86.85461,0
1799554,320,-87.69786,0
1799564,323,-87.27624,0
1799574,327,-86.71407,0
1799584,333,-85.87083,0
1799594,321,-87.55732,0
1799604,328,-86.57353,0
1799614,325,-86.99516,0
1799624,316,-88.26003,0
1799634,325,-86.99516,0
1799644,322,-87.41679,0
1799654,329,-86.43299,0
1799664,328,-86.57353,0
1799674,323,-87.27624,0
1799684,331,-86.1519,0
1799694,320,-87.69786,0
1799704,324,-87.1357,0
1799714,333,-85.87083,0
1799724,323,-87.27624,0
1799734,323,-87.27624,0
1799744,326,-86.85461,0
1799754,326,-86.85461,0
1799764,326,-86.85461,0
1799774,322,-87.41679,0
1799784,315,-88.40057,0
1799794,325,-86.99516,0
1799804,326,-86.85461,0
1799814,326,-86.85461,0
1799824,331,-86.1519,0
1799834,334,-85.73029,0
1799844,325,-86.99516,0
1799854,322,-87.41679,0
1799864,317,-88.11949,0
1799874,327,-86.71407,0
1799884,321,-87.55732,0
1799894,328,-86.57353,0
1799904,329,-86.43299,0
1799914,323,-87.27624,0
1799924,328,-86.57353,0
1799934,321,-87.55732,0
1799944,329,-86.43299,0
1799954,318,-87.97894,0
1799964,325,-86.99516,0
1799974,325,-86.99516,0
1799984,326,-86.85461,0
1799994,318,-87.97894,0
1800004,326,-86.85461,0
1800014,334,-85.73029,0
1800024,324,-87.1357,0
1800034,320,-87.69786,0
1800044,320,-87.69786,0
1800054,327,-86.71407,0
1800064,328,-86.57353,0
1800074,326,-86.85461,0
1800084,331,-86.1519,0
1800094,324,-87.1357,0
1800104,323,-87.27624,0
1800114,318,-87.97894,0
1800124,324,-87.1357,0
1800134,326,-86.85461,0
1800144,326,-86.85461,0
1800154,329,-86.43299,0
1800164,318,-87.97894,0
1800174,329,-86.43299,0
1800184,328,-86.57353,0
1800194,327,-86.71407,0
1800204,323,-87.27624,0
1800214,322,-87.41679,0
1800224,324,-87.1357,0
1800234,331,-86.1519,0
1800244,324,-87.1357,0
1800254,328,-86.57353,0
1800264,323,-87.27624,0
1800274,324,-87.1357,0
1800284,329,-86.43299,0
1800294,328,-86.57353,0
1800304,327,-86.71407,0
1800314,326,-86.85461,0
1800324,320,-87.69786,0
1800334,319,-87.83841,0
1800344,319,-87.83841,0
1800354,328,-86.57353,0
1800364,316,-88.26003,0
1800374,328,-86.57353,0
1800384,323,-87.27624,0
1800394,327,-86.71407,0
1800404,331,-86.1519,0
1800414,326,-86.85461,0
1800424,324,-87.1357,0
1800434,318,-87.97894,0
1800444,322,-87.41679,0
1800454,315,-88.40057,0
1800464,323,-87.27624,0
1800474,328,-86.57353,0
1800484,320,-87.69786,0
1800494,317,-88.11949,0
1800504,324,-87.1357,0
1800514,322,-87.41679,0
1800524,324,-87.1357,0
1800534,327,-86.71407,0
1800544,326,-86.85461,0
1800554,314,-88.54111,0
1800564,317,-88.11949,0
1800574,319,-87.83841,0
1800584,325,-86.99516,0
1800594,321,-87.55732,0
1800604,323,-87.27624,0
1800614,323,-87.27624,0
1800624,322,-87.41679,0
1800634,325,-86.99516,0
1800644,322,-87.41679,0
1800654,321,-87.55732,0
1800664,320,-87.69786,0
1800674,324,-87.1357,0
1800684,319,-87.83841,0
1800694,323,-87.27624,0
1800704,324,-87.1357,0
1800714,320,-87.69786,0
1800724,326,-86.85461,0
1800734,325,-86.99516,0
1800744,324,-87.1357,0
1800754,321,-87.55732,0
1800764,329,-86.43299,0
1800774,326,-86.85461,0
1800784,326,-86.85461,0
1800794,321,-87.55732,0
1800804,325,-86.99516,0
1800814,318,-87.97894,0
1800824,323,-87.27624,0
1800834,329,-86.43299,0
1800844,327,-86.71407,0
1800854,331,-86.1519,0
1800864,322,-87.41679,0
1800874,325,-86.99516,0
1800884,320,-87.69786,0
1800894,322,-87.41679,0
1800904,326,-86.85461,0
1800914,315,-88.40057,0
1800924,325,-86.99516,0
1800934,324,-87.1357,0
1800944,333,-85.87083,0
1800954,321,-87.55732,0
1800964,321,-87.55732,0
1800974,327,-86.71407,0
1800984,329,-86.43299,0
1800994,323,-87.27624,0
1801004,318,-87.97894,0
1801014,323,-87.27624,0
1801024,329,-86.43299,0
1801034,324,-87.1357,0
1801044,323,-87.27624,0
1801054,322,-87.41679,0
1801064,325,-86.99516,0
1801074,331,-86.1519,0
1801084,332,-86.01136,0
1801094,330,-86.29245,0
1801104,321,-87.55732,0
1801114,321,-87.55732,0
1801124,324,-87.1357,0
1801134,326,-86.85461,0
1801144,330,-86.29245,0
1801154,330,-86.29245,0
1801164,321,-87.55732,0
1801174,323,-87.27624,0
1801184,326,-86.85461,0
1801194,315,-88.40057,0
1801204,330,-86.29245,0
1801214,325,-86.99516,0
1801224,320,-87.69786,0
1801234,330,-86.29245,0
1801244,327,-86.71407,0
1801254,323,-87.27624,0
1801264,325,-86.99516,0
1801274,327,-86.71407,0
1801284,323,-87.27624,0
1801294,327,-86.71407,0
1801304,326,-86.85461,0
1801314,329,-86.43299,0
1801324,328,-86.57353,0
1801334,322,-87.41679,0
1801344,329,-86.43299,0
1801354,322,-87.41679,0
1801364,318,-87.97894,0
1801374,330,-86.29245,0
1801384,326,-86.85461,0
1801394,330,-86.29245,0
1801404,323,-87.27624,0
1801414,329,-86.43299,0
1801424,323,-87.27624,0
1801434,321,-87.55732,0
1801444,326,-86.85461,0
1801454,321,-87.55732,0
1801464,325,-86.99516,0
1801474,326,-86.85461,0
1801484,328,-86.57353,0
1801494,330,-86.29245,0
1801504,327,-86.71407,0
1801514,331,-86.1519,0
1801524,329,-86.43299,0
1801534,330,-86.29245,0
1801544,318,-87.97894,0
1801554,319,-87.83841,0
1801564,325,-86.99516,0
1801574,321,-87.55732,0
1801584,320,-87.69786,0
1801594,328,-86.57353,0
1801604,326,-86.85461,0
1801614,322,-87.41679,0
1801624,329,-86.43299,0
1801634,326,-86.85461,0
1801644,325,-86.99516,0
1801654,325,-86.99516,0
1801664,324,-87.1357,0
1801674,322,-87.41679,0
1801684,325,-86.99516,0
1801694,326,-86.85461,0
1801704,332,-86.01136,0
1801714,325,-86.99516,0
1801724,320,-87.69786,0
1801734,321,-87.55732,0
1801744,328,-86.57353,0
1801754,323,-87.27624,0
1801764,325,-86.99516,0
1801774,320,-87.69786,0
1801784,325,-86.99516,0
1801794,322,-87.41679,0
1801804,331,-86.1519,0
1801814,327,-86.71407,0
1801824,332,-86.01136,0
1801834,324,-87.1357,0
1801844,325,-86.99516,0
1801854,326,-86.85461,0
1801864,323,-87.27624,0
1801874,320,-87.69786,0
1801884,319,-87.83841,0
1801894,327,-86.71407,0
1801904,323,-87.27624,0
1801914,323,-87.27624,0
1801924,321,-87.55732,0
1801934,322,-87.41679,0
1801944,329,-86.43299,0
1801954,323,-87.27624,0
1801964,324,-87.1357,0
1801974,329,-86.43299,0
1801984,319,-87.83841,0
1801994,323,-87.27624,0
1802004,317,-88.11949,0
1802014,322,-87.41679,0
1802024,323,-87.27624,0
1802034,328,-86.57353,0
1802044,324,-87.1357,0
1802054,326,-86.85461,0
1802064,331,-86.1519,0
1802074,326,-86.85461,0
1802084,328,-86.57353,0
1802094,328,-86.57353,0
1802104,325,-86.99516,0
1802114,325,-86.99516,0
1802124,325,-86.99516,0
1802134,333,-85.87083,0
1802144,324,-87.1357,0
1802154,324,-87.1357,0
1802164,326,-86.85461,0
1802174,332,-86.01136,0
1802184,328,-86.57353,0
1802194,325,-86.99516,0
1802204,325,-86.99516,0
1802214,326,-86.85461,0
1802224,318,-87.97894,0
1802234,322,-87.41679,0
1802244,330,-86.29245,0
1802254,324,-87.1357,0
1802264,328,-86.57353,0
1802274,324,-87.1357,0
1802284,328,-86.57353,0
1802294,328,-86.57353,0
1802304,324,-87.1357,0
1802314,318,-87.97894,0
1802324,318,-87.97894,0
1802334,329,-86.43299,0
1802344,326,-86.85461,0
1802354,318,-87.97894,0
1802364,321,-87.55732,0
1802374,329,-86.43299,0
1802384,331,-86.1519,0
1802394,328,-86.57353,0
1802404,326,-86.85461,0
1802414,333,-85.87083,0
1802424,328,-86.57353,0
1802434,320,-87.69786,0
1802444,319,-87.83841,0
1802454,320,-87.69786,0
1802464,322,-87.41679,0
1802474,325,-86.99516,0
1802484,326,-86.85461,0
1802494,322,-87.41679,0
1802504,323,-87.27624,0
1802514,326,-86.85461,0
1802524,321,-87.55732,0
1802534,323,-87.27624,0
1802544,321,-87.55732,0
1802554,327,-86.71407,0
1802564,325,-86.99516,0
1802574,325,-86.99516,0
1802584,327,-86.71407,0
1802594,325,-86.99516,0
1802604,328,-86.57353,0
1802614,322,-87.41679,0
1802624,320,-87.69786,0
1802634,327,-86.71407,0
1802644,324,-87.1357,0
1802654,318,-87.97894,0
1802664,319,-87.83841,0
1802674,320,-87.69786,0
1802684,331,-86.1519,0
1802694,329,-86.43299,0
1802704,321,-87.55732,0
1802714,316,-88.26003,0
1802724,331,-86.1519,0
1802734,325,-86.99516,0
1802744,326,-86.85461,0
1802754,323,-87.27624,0
1802764,326,-86.85461,0
1802774,330,-86.29245,0
1802784,324,-87.1357,0
1802794,325,-86.99516,0
1802804,321,-87.55732,0
1802814,324,-87.1357,0
1802824,323,-87.27624,0
1802834,317,-88.11949,0
1802844,326,-86.85461,0
1802854,329,-86.43299,0
1802864,328,-86.57353,0
1802874,320,-87.69786,0
1802884,322,-87.41679,0
1802894,327,-86.71407,0
1802904,327,-86.71407,0
1802914,325,-86.99516,0
1802924,328,-86.57353,0
1802934,328,-86.57353,0
1802944,331,-86.1519,0
1802954,329,-86.43299,0
1802964,328,-86.57353,0
1802974,331,-86.1519,0
1802984,328,-86.57353,0
1802994,322,-87.41679,0
1803004,318,-87.97894,0
1803014,327,-86.71407,0
1803024,325,-86.99516,0
1803034,331,-86.1519,0
1803044,326,-86.85461,0
1803054,323,-87.27624,0
1803064,328,-86.57353,0
1803074,324,-87.1357,0
1803084,324,-87.1357,0
1803094,319,-87.83841,0
1803104,324,-87.1357,0
1803114,320,-87.69786,0
1803124,317,-88.11949,0
1803134,326,-86.85461,0
1803144,331,-86.1519,0
1803154,322,-87.41679,0
1803164,318,-87.97894,0
1803174,327,-86.71407,0
1803184,331,-86.1519,0
1803194,325,-86.99516,0
1803204,326,-86.85461,0
1803214,323,-87.27624,0
1803224,324,-87.1357,0
1803234,329,-86.43299,0
1803244,332,-86.01136,0
1803254,323,-87.27624,0
1803264,324,-87.1357,0
1803274,329,-86.43299,0
1803284,327,-86.71407,0
1803294,326,-86.85461,0
1803304,328,-86.57353,0
1803314,324,-87.1357,0
1803324,324,-87.1357,0
1803334,321,-87.55732,0
1803344,329,-86.43299,0
1803354,324,-87.1357,0
1803364,321,-87.55732,0
1803374,324,-87.1357,0
1803384,318,-87.97894,0
1803394,329,-86.43299,0
1803404,333,-85.87083,0
1803414,326,-86.85461,0
1803424,329,-86.43299,0
1803434,324,-87.1357,0
1803444,325,-86.99516,0
1803454,327,-86.71407,0
1803464,321,-87.55732,0
1803474,326,-86.85461,0
1803484,324,-87.1357,0
1803494,323,-87.27624,0
1803504,325,-86.99516,0
1803514,324,-87.1357,0
1803524,328,-86.57353,0
1803534,327,-86.71407,0
1803544,323,-87.27624,0
1803554,319,-87.83841,0
1803564,321,-87.55732,0
1803574,314,-88.54111,0
1803584,323,-87.27624,0
1803594,330,-86.29245,0
1803604,327,-86.71407,0
1803614,328,-86.57353,0
1803624,322,-87.41679,0
1803634,325,-86.99516,0
1803644,326,-86.85461,0
1803654,326,-86.85461,0
1803664,325,-86.99516,0
1803674,323,-87.27624,0
1803684,324,-87.1357,0
1803694,328,-86.57353,0
1803704,329,-86.43299,0
1803714,322,-87.41679,0
1803724,324,-87.1357,0
1803734,324,-87.1357,0
1803744,327,-86.71407,0
1803754,327,-86.71407,0
1803764,336,-85.4492,0
1803774,325,-86.99516,0
1803784,320,-87.69786,0
1803794,329,-86.43299,0
1803804,325,-86.99516,0
1803814,329,-86.43299,0
1803824,326,-86.85461,0
1803834,321,-87.55732,0
1803844,331,-86.1519,0
1803854,327,-86.71407,0
1803864,325,-86.99516,0
1803874,325,-86.99516,0
1803884,324,-87.1357,0
1803894,323,-87.27624,0
1803904,324,-87.1357,0
1803914,323,-87.27624,0
1803924,327,-86.71407,0
1803934,321,-87.55732,0
1803944,324,-87.1357,0
1803954,326,-86.85461,0
1803964,332,-86.01136,0
1803974,326,-86.85461,0
1803984,328,-86.57353,0
1803994,322,-87.41679,0
1804004,327,-86.71407,0
1804014,325,-86.99516,0
1804024,325,-86.99516,0
1804034,324,-87.1357,0
1804044,321,-87.55732,0
1804054,335,-85.58974,0
1804064,326,-86.85461,0
1804074,319,-87.83841,0
1804084,322,-87.41679,0
1804094,327,-86.71407,0
1804104,324,-87.1357,0
1804114,321,-87.55732,0
1804124,323,-87.27624,0
1804134,326,-86.85461,0
1804144,330,-86.29245,0
1804154,317,-88.11949,0
1804164,328,-86.57353,0
1804174,327,-86.71407,0
1804184,323,-87.27624,0
1804194,323,-87.27624,0
1804204,331,-86.1519,0
1804214,325,-86.99516,0
1804224,318,-87.97894,0
1804234,319,-87.83841,0
1804244,324,-87.1357,0
1804254,326,-86.85461,0
1804264,326,-86.85461,0
1804274,326,-86.85461,0
1804284,327,-86.71407,0
1804294,321,-87.55732,0
1804304,331,-86.1519,0
1804314,323,-87.27624,0
1804324,320,-87.69786,0
1804334,323,-87.27624,0
1804344,327,-86.71407,0
1804354,331,-86.1519,0
1804364,329,-86.43299,0
1804374,327,-86.71407,0
1804384,322,-87.41679,0
1804394,327,-86.71407,0
1804404,330,-86.29245,0
1804414,330,-86.29245,0
1804424,321,-87.55732,0
1804434,322,-87.41679,0
1804444,328,-86.57353,0
1804454,329,-86.43299,0
1804464,318,-87.97894,0
1804474,323,-87.27624,0
1804484,322,-87.41679,0
1804494,319,-87.83841,0
1804504,325,-86.99516,0
1804514,322,-87.41679,0
1804524,323,-87.27624,0
1804534,321,-87.55732,0
1804544,327,-86.71407,0
1804554,324,-87.1357,0
1804564,323,-87.27624,0
1804574,327,-86.71407,0
1804584,327,-86.71407,0
1804594,323,-87.27624,0
1804604,326,-86.85461,0
1804614,322,-87.41679,0
1804624,327,-86.71407,0
1804634,328,-86.57353,0
1804644,326,-86.85461,0
1804654,327,-86.71407,0
1804664,325,-86.99516,0
1804674,326,-86.85461,0
1804684,316,-88.26003,0
1804694,328,-86.57353,0
1804704,320,-87.69786,0
1804714,329,-86.43299,0
1804724,324,-87.1357,0
1804734,326,-86.85461,0
1804744,330,-86.29245,0
1804754,327,-86.71407,0
1804764,325,-86.99516,0
1804774,318,-87.97894,0
1804784,325,-86.99516,0
1804794,325,-86.99516,0
1804804,319,-87.83841,0
1804814,323,-87.27624,0
1804824,322,-87.41679,0
1804834,329,-86.43299,0
1804844,325,-86.99516,0
1804854,329,-86.43299,0
1804864,327,-86.71407,0
1804874,334,-85.73029,0
1804884,317,-88.11949,0
1804894,322,-87.41679,0
1804904,322,-87.41679,0
1804914,319,-87.83841,0
1804924,322,-87.41679,0
1804934,325,-86.99516,0
1804944,327,-86.71407,0
1804954,325,-86.99516,0
1804964,332,-86.01136,0
1804974,327,-86.71407,0
1804984,323,-87.27624,0
1804994,326,-86.85461,0
1805004,323,-87.27624,0
1805014,327,-86.71407,0
1805024,326,-86.85461,0
1805034,324,-87.1357,0
1805044,330,-86.29245,0
1805054,329,-86.43299,0
1805064,326,-86.85461,0
1805074,325,-86.99516,0
1805084,326,-86.85461,0
1805094,329,-86.43299,0
1805104,327,-86.71407,0
1805114,317,-88.11949,0
1805124,326,-86.85461,0
1805134,321,-87.55732,0
1805144,325,-86.99516,0
1805154,317,-88.11949,0
1805164,332,-86.01136,0
1805174,329,-86.43299,0
1805184,331,-86.1519,0
1805194,326,-86.85461,0
1805204,326,-86.85461,0
1805214,321,-87.55732,0
1805224,325,-86.99516,0
1805234,316,-88.26003,0
1805244,325,-86.99516,0
1805254,326,-86.85461,0
1805264,322,-87.41679,0
1805274,326,-86.85461,0
1805284,329,-86.43299,0
1805294,327,-86.71407,0
1805304,328,-86.57353,0
1805314,324,-87.1357,0
1805324,327,-86.71407,0
1805334,325,-86.99516,0
1805344,322,-87.41679,0
1805354,328,-86.57353,0
1805364,327,-86.71407,0
1805374,324,-87.1357,0
1805384,330,-86.29245,0
1805394,330,-86.29245,0
1805404,327,-86.71407,0
1805414,331,-86.1519,0
1805424,326,-86.85461,0
1805434,317,-88.11949,0
1805444,321,-87.55732,0
1805454,327,-86.71407,0
1805464,332,-86.01136,0
1805474,326,-86.85461,0
1805484,326,-86.85461,0
1805494,325,-86.99516,0
1805504,323,-87.27624,0
1805514,323,-87.27624,0
1805524,331,-86.1519,0
1805534,324,-87.1357,0
1805544,324,-87.1357,0
1805554,319,-87.83841,0
1805564,320,-87.69786,0
1805574,328,-86.57353,0
1805584,321,-87.55732,0
1805594,323,-87.27624,0
1805604,329,-86.43299,0
1805614,324,-87.1357,0
1805624,330,-86.29245,0
1805634,320,-87.69786,0
1805644,323,-87.27624,0
1805654,317,-88.11949,0
1805664,322,-87.41679,0
1805674,322,-87.41679,0
1805684,325,-86.99516,0
1805694,326,-86.85461,0
1805704,325,-86.99516,0
1805714,337,-85.30865,0
1805724,328,-86.57353,0
1805734,322,-87.41679,0
1805744,332,-86.01136,0
1805754,325,-86.99516,0
1805764,318,-87.97894,0
1805774,326,-86.85461,0
1805784,324,-87.1357,0
1805794,322,-87.41679,0
1805804,328,-86.57353,0
1805814,333,-85.87083,0
1805824,329,-86.43299,0
1805834,326,-86.85461,0
1805844,325,-86.99516,0
1805854,323,-87.27624,0
1805864,327,-86.71407,0
1805874,318,-87.97894,0
1805884,319,-87.83841,0
1805894,322,-87.41679,0
1805904,323,-87.27624,0
1805914,327,-86.71407,0
1805924,322,-87.41679,0
1805934,326,-86.85461,0
1805944,334,-85.73029,0
1805954,326,-86.85461,0
1805964,323,-87.27624,0
1805974,327,-86.71407,0
1805984,332,-86.01136,0
1805994,323,-87.27624,0
1806004,326,-86.85461,0
1806014,326,-86.85461,0
1806024,326,-86.85461,0
1806034,322,-87.41679,0
1806044,325,-86.99516,0
1806054,330,-86.29245,0
1806064,326,-86.85461,0
1806074,327,-86.71407,0
1806084,328,-86.57353,0
1806094,330,-86.29245,0
1806104,326,-86.85461,0
1806114,319,-87.83841,0
1806124,319,-87.83841,0
1806134,322,-87.41679,0
1806144,321,-87.55732,0
1806154,319,-87.83841,0
1806164,323,-87.27624,0
1806174,328,-86.57353,0
1806184,325,-86.99516,0
1806194,328,-86.57353,0
1806204,327,-86.71407,0
1806214,326,-86.85461,0
1806224,320,-87.69786,0
1806234,318,-87.97894,0
1806244,329,-86.43299,0
1806254,326,-86.85461,0
1806264,329,-86.43299,0
1806274,326,-86.85461,0
1806284,330,-86.29245,0
1806294,326,-86.85461,0
1806304,331,-86.1519,0
1806314,324,-87.1357,0
1806324,318,-87.97894,0
1806334,321,-87.55732,0
1806344,321,-87.55732,0
1806354,326,-86.85461,0
1806364,324,-87.1357,0
1806374,321,-87.55732,0
1806384,328,-86.57353,0
1806394,327,-86.71407,0
1806404,324,-87.1357,0
1806414,323,-87.27624,0
1806424,320,-87.69786,0
1806434,318,-87.97894,0
1806444,324,-87.1357,0
1806454,322,-87.41679,0
1806464,323,-87.27624,0
1806474,324,-87.1357,0
1806484,325,-86.99516,0
1806494,329,-86.43299,0
1806504,325,-86.99516,0
1806514,327,-86.71407,0
1806524,327,-86.71407,0
1806534,324,-87.1357,0
1806544,324,-87.1357,0
1806554,324,-87.1357,0
1806564,324,-87.1357,0
1806574,323,-87.27624,0
1806584,325,-86.99516,0
1806594,324,-87.1357,0
1806604,328,-86.57353,0
1806614,331,-86.1519,0
1806624,320,-87.69786,0
1806634,325,-86.99516,0
1806644,332,-86.01136,0
1806654,318,-87.97894,0
1806664,323,-87.27624,0
1806674,319,-87.83841,0
1806684,321,-87.55732,0
1806694,329,-86.43299,0
1806704,330,-86.29245,0
1806714,329,-86.43299,0
1806724,321,-87.55732,0
1806734,319,-87.83841,0
1806744,325,-86.99516,0
1806754,324,-87.1357,0
1806764,320,-87.69786,0
1806774,324,-87.1357,0
1806784,318,-87.97894,0
1806794,329,-86.43299,0
1806804,324,-87.1357,0
1806814,325,-86.99516,0
1806824,326,-86.85461,0
1806834,326,-86.85461,0
1806844,325,-86.99516,0
1806854,327,-86.71407,0
1806864,322,-87.41679,0
1806874,327,-86.71407,0
1806884,321,-87.55732,0
1806894,327,-86.71407,0
1806904,324,-87.1357,0
1806914,322,-87.41679,0
1806924,326,-86.85461,0
1806934,330,-86.29245,0
1806944,328,-86.57353,0
1806954,322,-87.41679,0
1806964,326,-86.85461,0
1806974,325,-86.99516,0
1806984,322,-87.41679,0
1806994,326,-86.85461,0
1807004,327,-86.71407,0
1807014,324,-87.1357,0
1807024,326,-86.85461,0
1807034,335,-85.58974,0
1807044,327,-86.71407,0
1807054,325,-86.99516,0
1807064,322,-87.41679,0
1807074,324,-87.1357,0
1807084,329,-86.43299,0
1807094,332,-86.01136,0
1807104,322,-87.41679,0
1807114,326,-86.85461,0
1807124,327,-86.71407,0
1807134,324,-87.1357,0
1807144,327,-86.71407,0
1807154,326,-86.85461,0
1807164,329,-86.43299,0
1807174,330,-86.29245,0
1807184,329,-86.43299,0
1807194,322,-87.41679,0
1807204,331,-86.1519,0
1807214,323,-87.27624,0
1807224,327,-86.71407,0
1807234,322,-87.41679,0
1807244,326,-86.85461,0
1807254,327,-86.71407,0
1807264,323,-87.27624,0
1807274,330,-86.29245,0
1807284,328,-86.57353,0
1807294,324,-87.1357,0
1807304,326,-86.85461,0
1807314,324,-87.1357,0
1807324,322,-87.41679,0
1807334,325,-86.99516,0
1807344,326,-86.85461,0
1807354,324,-87.1357,0
1807364,327,-86.71407,0
1807374,321,-87.55732,0
1807384,324,-87.1357,0
1807394,332,-86.01136,0
1807404,331,-86.1519,0
1807414,329,-86.43299,0
1807424,329,-86.43299,0
1807434,329,-86.43299,0
1807444,324,-87.1357,0
1807454,319,-87.83841,0
1807464,330,-86.29245,0
1807474,328,-86.57353,0
1807484,322,-87.41679,0
1807494,334,-85.73029,0
1807504,325,-86.99516,0
1807514,320,-87.69786,0
1807524,325,-86.99516,0
1807534,322,-87.41679,0
1807544,327,-86.71407,0
1807554,323,-87.27624,0
1807564,329,-86.43299,0
1807574,327,-86.71407,0
1807584,319,-87.83841,0
1807594,326,-86.85461,0
1807604,333,-85.87083,0
1807614,329,-86.43299,0
1807624,323,-87.27624,0
1807634,329,-86.43299,0
1807644,321,-87.55732,0
1807654,328,-86.57353,0
1807664,323,-87.27624,0
1807674,323,-87.27624,0
1807684,323,-87.27624,0
1807694,328,-86.57353,0
1807704,326,-86.85461,0
1807714,324,-87.1357,0
1807724,324,-87.1357,0
1807734,324,-87.1357,0
1807744,325,-86.99516,0
1807754,321,-87.55732,0
1807764,322,-87.41679,0
1807774,319,-87.83841,0
1807784,319,-87.83841,0
1807794,326,-86.85461,0
1807804,323,-87.27624,0
1807814,330,-86.29245,0
1807824,329,-86.43299,0
1807834,331,-86.1519,0
1807844,324,-87.1357,0
1807854,328,-86.57353,0
1807864,332,-86.01136,0
1807874,327,-86.71407,0
1807884,322,-87.41679,0
1807894,328,-86.57353,0
1807904,325,-86.99516,0
1807914,327,-86.71407,0
1807924,327,-86.71407,0
1807934,320,-87.69786,0
1807944,329,-86.43299,0
1807954,328,-86.57353,0
1807964,327,-86.71407,0
1807974,328,-86.57353,0
1807984,320,-87.69786,0
1807994,318,-87.97894,0
1808004,319,-87.83841,0
1808014,328,-86.57353,0
1808024,324,-87.1357,0
1808034,333,-85.87083,0
1808044,326,-86.85461,0
1808054,327,-86.71407,0
1808064,331,-86.1519,0
1808074,323,-87.27624,0
1808084,317,-88.11949,0
1808094,331,-86.1519,0
1808104,315,-88.40057,0
1808114,331,-86.1519,0
1808124,326,-86.85461,0
1808134,321,-87.55732,0
1808144,323,-87.27624,0
1808154,327,-86.71407,0
1808164,323,-87.27624,0
1808174,326,-86.85461,0
1808184,328,-86.57353,0
1808194,322,-87.41679,0
1808204,329,-86.43299,0
1808214,325,-86.99516,0
1808224,322,-87.41679,0
1808234,322,-87.41679,0
1808244,332,-86.01136,0
1808254,323,-87.27624,0
1808264,328,-86.57353,0
1808274,322,-87.41679,0
1808284,334,-85.73029,0
1808294,327,-86.71407,0
1808304,329,-86.43299,0
1808314,330,-86.29245,0
1808324,327,-86.71407,0
1808334,321,-87.55732,0
1808344,330,-86.29245,0
1808354,326,-86.85461,0
1808364,329,-86.43299,0
1808374,329,-86.43299,0
1808384,328,-86.57353,0
1808394,325,-86.99516,0
1808404,332,-86.01136,0
1808414,324,-87.1357,0
1808424,323,-87.27624,0
1808434,323,-87.27624,0
1808444,326,-86.85461,0
1808454,322,-87.41679,0
1808464,333,-85.87083,0
1808474,327,-86.71407,0
1808484,327,-86.71407,0
1808494,330,-86.29245,0
1808504,326,-86.85461,0
1808514,327,-86.71407,0
1808524,328,-86.57353,0
1808534,334,-85.73029,0
1808544,323,-87.27624,0
1808554,321,-87.55732,0
1808564,327,-86.71407,0
1808574,330,-86.29245,0
1808584,327,-86.71407,0
1808594,320,-87.69786,0
1808604,328,-86.57353,0
1808614,325,-86.99516,0
1808624,329,-86.43299,0
1808634,324,-87.1357,0
1808644,320,-87.69786,0
1808654,318,-87.97894,0
1808664,322,-87.41679,0
1808674,326,-86.85461,0
1808684,325,-86.99516,0
1808694,323,-87.27624,0
1808704,324,-87.1357,0
1808714,328,-86.57353,0
1808724,328,-86.57353,0
1808734,323,-87.27624,0
1808744,328,-86.57353,0
1808754,325,-86.99516,0
1808764,329,-86.43299,0
1808774,323,-87.27624,0
1808784,324,-87.1357,0
1808794,325,-86.99516,0
1808804,330,-86.29245,0
1808814,324,-87.1357,0
1808824,331,-86.1519,0
1808834,328,-86.57353,0
1808844,326,-86.85461,0
1808854,325,-86.99516,0
1808864,327,-86.71407,0
1808874,319,-87.83841,0
1808884,321,-87.55732,0
1808894,326,-86.85461,0
1808904,322,-87.41679,0
1808914,324,-87.1357,0
1808924,318,-87.97894,0
1808934,332,-86.01136,0
1808944,324,-87.1357,0
1808954,330,-86.29245,0
1808964,319,-87.83841,0
1808974,328,-86.57353,0
1808984,324,-87.1357,0
1808994,321,-87.55732,0
1809004,325,-86.99516,0
1809014,329,-86.43299,0
1809024,321,-87.55732,0
1809034,326,-86.85461,0
1809044,327,-86.71407,0
1809054,324,-87.1357,0
1809064,330,-86.29245,0
1809074,327,-86.71407,0
1809084,329,-86.43299,0
1809094,331,-86.1519,0
1809104,318,-87.97894,0
1809114,323,-87.27624,0
1809124,325,-86.99516,0
1809134,324,-87.1357,0
1809144,326,-86.85461,0
1809154,325,-86.99516,0
1809164,326,-86.85461,0
1809174,327,-86.71407,0
1809184,325,-86.99516,0
1809194,331,-86.1519,0
1809204,323,-87.27624,0
1809214,324,-87.1357,0
1809224,324,-87.1357,0
1809234,329,-86.43299,0
1809244,319,-87.83841,0
1809254,318,-87.97894,0
1809264,323,-87.27624,0
1809274,322,-87.41679,0
1809284,322,-87.41679,0
1809294,334,-85.73029,0
1809304,329,-86.43299,0
1809314,324,-87.1357,0
1809324,322,-87.41679,0
1809334,328,-86.57353,0
1809344,325,-86.99516,0
1809354,326,-86.85461,0
1809364,324,-87.1357,0
1809374,327,-86.71407,0
1809384,321,-87.55732,0
1809394,325,-86.99516,0
1809404,331,-86.1519,0
1809414,323,-87.27624,0
1809424,326,-86.85461,0
1809434,326,-86.85461,0
1809444,322,-87.41679,0
1809454,326,-86.85461,0
1809464,328,-86.57353,0
1809474,326,-86.85461,0
1809484,328,-86.57353,0
1809494,328,-86.57353,0
1809504,322,-87.41679,0
1809514,323,-87.27624,0
1809524,324,-87.1357,0
1809534,322,-87.41679,0
1809544,321,-87.55732,0
1809554,317,-88.11949,0
1809564,324,-87.1357,0
1809574,323,-87.27624,0
1809584,323,-87.27624,0
1809594,322,-87.41679,0
1809604,329,-86.43299,0
1809614,329,-86.43299,0
1809624,324,-87.1357,0
1809634,323,-87.27624,0
1809644,319,-87.83841,0
1809654,327,-86.71407,0
1809664,314,-88.54111,0
1809674,321,-87.55732,0
1809684,325,-86.99516,0
1809694,330,-86.29245,0
1809704,326,-86.85461,0
1809714,330,-86.29245,0
1809724,318,-87.97894,0
1809734,327,-86.71407,0
1809744,326,-86.85461,0
1809754,322,-87.41679,0
1809764,328,-86.57353,0
1809774,329,-86.43299,0
1809784,326,-86.85461,0
1809794,325,-86.99516,0
1809804,321,-87.55732,0
1809814,325,-86.99516,0
1809824,322,-87.41679,0
1809834,328,-86.57353,0
1809844,323,-87.27624,0
1809854,326,-86.85461,0
1809864,327,-86.71407,0
1809874,327,-86.71407,0
1809884,323,-87.27624,0
1809894,318,-87.97894,0
1809904,326,-86.85461,0
1809914,322,-87.41679,0
1809924,322,-87.41679,0
1809934,324,-87.1357,0
1809944,326,-86.85461,0
1809954,323,-87.27624,0
1809964,327,-86.71407,0
1809974,326,-86.85461,0
1809984,331,-86.1519,0
1809994,324,-87.1357,0
1810004,323,-87.27624,0
1810014,328,-86.57353,0
1810024,323,-87.27624,0
1810034,323,-87.27624,0
1810044,333,-85.87083,0
1810054,321,-87.55732,0
1810064,325,-86.99516,0
1810074,324,-87.1357,0
1810084,325,-86.99516,0
1810094,326,-86.85461,0
1810104,326,-86.85461,0
1810114,318,-87.97894,0
1810124,326,-86.85461,0
1810134,327,-86.71407,0
1810144,317,-88.11949,0
1810154,323,-87.27624,0
1810164,324,-87.1357,0
1810174,331,-86.1519,0
1810184,325,-86.99516,0
1810194,325,-86.99516,0
1810204,330,-86.29245,0
1810214,322,-87.41679,0
1810224,322,-87.41679,0
1810234,326,-86.85461,0
1810244,327,-86.71407,0
1810254,323,-87.27624,0
1810264,321,-87.55732,0
1810274,328,-86.57353,0
1810284,328,-86.57353,0
1810294,332,-86.01136,0
1810304,327,-86.71407,0
1810314,326,-86.85461,0
1810324,324,-87.1357,0
1810334,329,-86.43299,0
1810344,324,-87.1357,0
1810354,325,-86.99516,0
1810364,326,-86.85461,0
1810374,323,-87.27624,0
1810384,326,-86.85461,0
1810394,333,-85.87083,0
1810404,322,-87.41679,0
1810414,325,-86.99516,0
1810424,328,-86.57353,0
1810434,326,-86.85461,0
1810444,324,-87.1357,0
1810454,327,-86.71407,0
1810464,331,-86.1519,0
1810474,323,-87.27624,0
1810484,328,-86.57353,0
1810494,330,-86.29245,0
1810504,321,-87.55732,0
1810514,331,-86.1519,0
1810524,331,-86.1519,0
1810534,330,-86.29245,0
1810544,321,-87.55732,0
1810554,319,-87.83841,0
1810564,330,-86.29245,0
1810574,334,-85.73029,0
1810584,329,-86.43299,0
1810594,325,-86.99516,0
1810604,319,-87.83841,0
1810614,321,-87.55732,0
1810624,333,-85.87083,0
1810634,336,-85.4492,0
1810644,326,-86.85461,0
1810654,332,-86.01136,0
1810664,324,-87.1357,0
1810674,317,-88.11949,0
1810684,332,-86.01136,0
1810694,323,-87.27624,0
1810704,325,-86.99516,0
1810714,330,-86.29245,0
1810724,325,-86.99516,0
1810734,323,-87.27624,0
1810744,326,-86.85461,0
1810754,330,-86.29245,0
1810764,326,-86.85461,0
1810774,330,-86.29245,0
1810784,323,-87.27624,0
1810794,320,-87.69786,0
1810804,324,-87.1357,0
1810814,329,-86.43299,0
1810824,329,-86.43299,0
1810834,328,-86.57353,0
1810844,321,-87.55732,0
1810854,323,-87.27624,0
1810864,328,-86.57353,0
1810874,336,-85.4492,0
1810884,330,-86.29245,0
1810894,317,-88.11949,0
1810904,322,-87.41679,0
1810914,326,-86.85461,0
1810924,324,-87.1357,0
1810934,331,-86.1519,0
1810944,331,-86.1519,0
1810954,327,-86.71407,0
1810964,325,-86.99516,0
1810974,326,-86.85461,0
1810984,326,-86.85461,0
1810994,320,-87.69786,0
1811004,320,-87.69786,0
1811014,325,-86.99516,0
1811024,321,-87.55732,0
1811034,325,-86.99516,0
1811044,324,-87.1357,0
1811054,327,-86.71407,0
1811064,326,-86.85461,0
1811074,332,-86.01136,0
1811084,321,-87.55732,0
1811094,325,-86.99516,0
1811104,325,-86.99516,0
1811114,326,-86.85461,0
1811124,329,-86.43299,0
1811134,327,-86.71407,0
1811144,325,-86.99516,0
1811154,326,-86.85461,0
1811164,325,-86.99516,0
1811174,329,-86.43299,0
1811184,324,-87.1357,0
1811194,325,-86.99516,0
1811204,326,-86.85461,0
1811214,331,-86.1519,0
1811224,323,-87.27624,0
1811234,324,-87.1357,0
1811244,319,-87.83841,0
1811254,324,-87.1357,0
1811264,321,-87.55732,0
1811274,326,-86.85461,0
1811284,325,-86.99516,0
1811294,332,-86.01136,0
1811304,316,-88.26003,0
1811314,328,-86.57353,0
1811324,329,-86.43299,0
1811334,321,-87.55732,0
1811344,327,-86.71407,0
1811354,327,-86.71407,0
1811364,323,-87.27624,0
1811374,328,-86.57353,0
1811384,329,-86.43299,0
1811394,325,-86.99516,0
1811404,323,-87.27624,0
1811414,327,-86.71407,0
1811424,324,-87.1357,0
1811434,329,-86.43299,0
1811444,318,-87.97894,0
1811454,318,-87.97894,0
1811464,333,-85.87083,0
1811474,325,-86.99516,0
1811484,333,-85.87083,0
1811494,334,-85.73029,0
1811504,331,-86.1519,0
1811514,326,-86.85461,0
1811524,330,-86.29245,0
1811534,333,-85.87083,0
1811544,322,-87.41679,0
1811554,322,-87.41679,0
1811564,323,-87.27624,0
1811574,323,-87.27624,0
1811584,326,-86.85461,0
1811594,331,-86.1519,0
1811604,327,-86.71407,0
1811614,332,-86.01136,0
1811624,325,-86.99516,0
1811634,325,-86.99516,0
1811644,332,-86.01136,0
1811654,322,-87.41679,0
1811664,324,-87.1357,0
1811674,319,-87.83841,0
1811684,318,-87.97894,0
1811694,324,-87.1357,0
1811704,320,-87.69786,0
1811714,329,-86.43299,0
1811724,322,-87.41679,0
1811734,322,-87.41679,0
1811744,328,-86.57353,0
1811754,323,-87.27624,0
1811764,330,-86.29245,0
1811774,317,-88.11949,0
1811784,316,-88.26003,0
1811794,322,-87.41679,0
1811804,322,-87.41679,0
1811814,322,-87.41679,0
1811824,324,-87.1357,0
1811834,328,-86.57353,0
1811844,329,-86.43299,0
1811854,323,-87.27624,0
1811864,332,-86.01136,0
1811874,329,-86.43299,0
1811884,332,-86.01136,0
1811894,323,-87.27624,0
1811904,323,-87.27624,0
1811914,331,-86.1519,0
1811924,323,-87.27624,0
1811934,323,-87.27624,0
1811944,323,-87.27624,0
1811954,325,-86.99516,0
1811964,328,-86.57353,0
1811974,325,-86.99516,0
1811984,327,-86.71407,0
1811994,326,-86.85461,0
1812004,326,-86.85461,0
1812014,323,-87.27624,0
1812024,321,-87.55732,0
1812034,320,-87.69786,0
1812044,319,-87.83841,0
1812054,317,-88.11949,0
1812064,325,-86.99516,0
1812074,331,-86.1519,0
1812084,327,-86.71407,0
1812094,329,-86.43299,0
1812104,328,-86.57353,0
1812114,325,-86.99516,0
1812124,323,-87.27624,0
1812134,328,-86.57353,0
1812144,324,-87.1357,0
1812154,319,-87.83841,0
1812164,325,-86.99516,0
1812174,328,-86.57353,0
1812184,328,-86.57353,0
1812194,330,-86.29245,0
1812204,324,-87.1357,0
1812214,332,-86.01136,0
1812224,320,-87.69786,0
1812234,327,-86.71407,0
1812244,319,-87.83841,0
1812254,323,-87.27624,0
1812264,315,-88.40057,0
1812274,318,-87.97894,0
1812284,327,-86.71407,0
1812294,329,-86.43299,0
1812304,315,-88.40057,0
1812314,334,-85.73029,0
1812324,325,-86.99516,0
1812334,327,-86.71407,0
1812344,320,-87.69786,0
1812354,325,-86.99516,0
1812364,324,-87.1357,0
1812374,325,-86.99516,0
1812384,329,-86.43299,0
1812394,330,-86.29245,0
1812404,325,-86.99516,0
1812414,332,-86.01136,0
1812424,323,-87.27624,0
1812434,324,-87.1357,0
1812444,325,-86.99516,0
1812454,323,-87.27624,0
1812464,325,-86.99516,0
1812474,324,-87.1357,0
1812484,327,-86.71407,0
1812494,336,-85.4492,0
1812504,323,-87.27624,0
1812514,325,-86.99516,0
1812524,319,-87.83841,0
1812534,333,-85.87083,0
1812544,327,-86.71407,0
1812554,318,-87.97894,0
1812564,328,-86.57353,0
1812574,323,-87.27624,0
1812584,330,-86.29245,0
1812594,330,-86.29245,0
1812604,330,-86.29245,0
1812614,328,-86.57353,0
1812624,325,-86.99516,0
1812634,325,-86.99516,0
1812644,321,-87.55732,0
1812654,324,-87.1357,0
1812664,322,-87.41679,0
1812674,323,-87.27624,0
1812684,320,-87.69786,0
1812694,329,-86.43299,0
1812704,326,-86.85461,0
1812714,328,-86.57353,0
1812724,325,-86.99516,0
1812734,331,-86.1519,0
1812744,335,-85.58974,0
1812754,326,-86.85461,0
1812764,322,-87.41679,0
1812774,325,-86.99516,0
1812784,325,-86.99516,0
1812794,327,-86.71407,0
1812804,325,-86.99516,0
1812814,325,-86.99516,0
1812824,317,-88.11949,0
1812834,330,-86.29245,0
1812844,328,-86.57353,0
1812854,327,-86.71407,0
1812864,328,-86.57353,0
1812874,321,-87.55732,0
1812884,329,-86.43299,0
1812894,324,-87.1357,0
1812904,320,-87.69786,0
1812914,326,-86.85461,0
1812924,327,-86.71407,0
1812934,323,-87.27624,0
1812944,328,-86.57353,0
1812954,323,-87.27624,0
1812964,334,-85.73029,0
1812974,332,-86.01136,0
1812984,325,-86.99516,0
1812994,330,-86.29245,0
1813004,325,-86.99516,0
1813014,325,-86.99516,0
1813024,319,-87.83841,0
1813034,333,-85.87083,0
1813044,324,-87.1357,0
1813054,325,-86.99516,0
1813064,332,-86.01136,0
1813074,329,-86.43299,0
1813084,328,-86.57353,0
1813094,325,-86.99516,0
1813104,327,-86.71407,0
1813114,323,-87.27624,0
1813124,325,-86.99516,0
1813134,323,-87.27624,0
1813144,323,-87.27624,0
1813154,327,-86.71407,0
1813164,331,-86.1519,0
1813174,326,-86.85461,0
1813184,331,-86.1519,0
1813194,332,-86.01136,0
1813204,322,-87.41679,0
1813214,325,-86.99516,0
1813224,330,-86.29245,0
1813234,320,-87.69786,0
1813244,326,-86.85461,0
1813254,324,-87.1357,0
1813264,320,-87.69786,0
1813274,328,-86.57353,0
1813284,331,-86.1519,0
1813294,331,-86.1519,0
1813304,325,-86.99516,0
1813314,333,-85.87083,0
1813324,321,-87.55732,0
1813334,328,-86.57353,0
1813344,322,-87.41679,0
1813354,318,-87.97894,0
1813364,329,-86.43299,0
1813374,328,-86.57353,0
1813384,329,-86.43299,0
1813394,328,-86.57353,0
1813404,327,-86.71407,0
1813414,322,-87.41679,0
1813424,325,-86.99516,0
1813434,327,-86.71407,0
1813444,324,-87.1357,0
1813454,319,-87.83841,0
1813464,325,-86.99516,0
1813474,320,-87.69786,0
1813484,323,-87.27624,0
1813494,316,-88.26003,0
1813504,319,-87.83841,0
1813514,327,-86.71407,0
1813524,318,-87.97894,0
1813534,326,-86.85461,0
1813544,326,-86.85461,0
1813554,319,-87.83841,0
1813564,322,-87.41679,0
1813574,328,-86.57353,0
1813584,322,-87.41679,0
1813594,324,-87.1357,0
1813604,322,-87.41679,0
1813614,323,-87.27624,0
1813624,319,-87.83841,0
1813634,321,-87.55732,0
1813644,325,-86.99516,0
1813654,319,-87.83841,0
1813664,321,-87.55732,0
1813674,320,-87.69786,0
1813684,321,-87.55732,0
1813694,322,-87.41679,0
1813704,326,-86.85461,0
1813714,320,-87.69786,0
1813724,332,-86.01136,0
1813734,329,-86.43299,0
1813744,323,-87.27624,0
1813754,330,-86.29245,0
1813764,325,-86.99516,0
1813774,325,-86.99516,0
1813784,328,-86.57353,0
1813794,325,-86.99516,0
1813804,323,-87.27624,0
1813814,324,-87.1357,0
1813824,320,-87.69786,0
1813834,333,-85.87083,0
1813844,331,-86.1519,0
1813854,326,-86.85461,0
1813864,325,-86.99516,0
1813874,325,-86.99516,0
1813884,327,-86.71407,0
1813894,329,-86.43299,0
1813904,319,-87.83841,0
1813914,329,-86.43299,0
1813924,321,-87.55732,0
1813934,324,-87.1357,0
1813944,327,-86.71407,0
1813954,321,-87.55732,0
1813964,328,-86.57353,0
1813974,327,-86.71407,0
1813984,331,-86.1519,0
1813994,330,-86.29245,0
1814004,329,-86.43299,0
1814014,335,-85.58974,0
1814024,318,-87.97894,0
1814034,325,-86.99516,0
1814044,330,-86.29245,0
1814054,322,-87.41679,0
1814064,323,-87.27624,0
1814074,326,-86.85461,0
1814084,325,-86.99516,0
1814094,324,-87.1357,0
1814104,328,-86.57353,0
1814114,330,-86.29245,0
1814124,328,-86.57353,0
1814134,322,-87.41679,0
1814144,322,-87.41679,0
1814154,327,-86.71407,0
1814164,329,-86.43299,0
1814174,320,-87.69786,0
1814184,327,-86.71407,0
1814194,327,-86.71407,0
1814204,331,-86.1519,0
1814214,325,-86.99516,0
1814224,329,-86.43299,0
1814234,325,-86.99516,0
1814244,321,-87.55732,0
1814254,324,-87.1357,0
1814264,323,-87.27624,0
1814274,321,-87.55732,0
1814284,333,-85.87083,0
1814294,328,-86.57353,0
1814304,325,-86.99516,0
1814314,329,-86.43299,0
1814324,331,-86.1519,0
1814334,324,-87.1357,0
1814344,326,-86.85461,0
1814354,335,-85.58974,0
1814364,325,-86.99516,0
1814374,326,-86.85461,0
1814384,335,-85.58974,0
1814394,324,-87.1357,0
1814404,327,-86.71407,0
1814414,332,-86.01136,0
1814424,327,-86.71407,0
1814434,327,-86.71407,0
1814444,325,-86.99516,0
1814454,329,-86.43299,0
1814464,328,-86.57353,0
1814474,331,-86.1519,0
1814484,322,-87.41679,0
1814494,330,-86.29245,0
1814504,323,-87.27624,0
1814514,326,-86.85461,0
1814524,325,-86.99516,0
1814534,323,-87.27624,0
1814544,316,-88.26003,0
1814554,324,-87.1357,0
1814564,328,-86.57353,0
1814574,326,-86.85461,0
1814584,326,-86.85461,0
1814594,323,-87.27624,0
1814604,321,-87.55732,0
1814614,334,-85.73029,0
1814624,328,-86.57353,0
1814634,333,-85.87083,0
1814644,328,-86.57353,0
1814654,332,-86.01136,0
1814664,330,-86.29245,0
1814674,326,-86.85461,0
1814684,326,-86.85461,0
1814694,327,-86.71407,0
1814704,328,-86.57353,0
1814714,327,-86.71407,0
1814724,319,-87.83841,0
1814734,323,-87.27624,0
1814744,327,-86.71407,0
1814754,325,-86.99516,0
1814764,330,-86.29245,0
1814774,330,-86.29245,0
1814784,330,-86.29245,0
1814794,332,-86.01136,0
1814804,330,-86.29245,0
1814814,324,-87.1357,0
1814824,322,-87.41679,0
1814834,327,-86.71407,0
1814844,330,-86.29245,0
1814854,323,-87.27624,0
1814864,329,-86.43299,0
1814874,322,-87.41679,0
1814884,333,-85.87083,0
1814894,325,-86.99516,0
1814904,332,-86.01136,0
1814914,324,-87.1357,0
1814924,332,-86.01136,0
1814934,319,-87.83841,0
1814944,324,-87.1357,0
1814954,325,-86.99516,0
1814964,327,-86.71407,0
1814974,328,-86.57353,0
1814984,322,-87.41679,0
1814994,331,-86.1519,0
1815004,328,-86.57353,0
1815014,322,-87.41679,0
1815024,330,-86.29245,0
1815034,327,-86.71407,0
1815044,328,-86.57353,0
1815054,329,-86.43299,0
1815064,330,-86.29245,0
1815074,333,-85.87083,0
1815084,322,-87.41679,0
1815094,317,-88.11949,0
1815104,328,-86.57353,0
1815114,332,-86.01136,0
1815124,325,-86.99516,0
1815134,326,-86.85461,0
1815144,325,-86.99516,0
1815154,329,-86.43299,0
1815164,323,-87.27624,0
1815174,326,-86.85461,0
1815184,320,-87.69786,0
1815194,317,-88.11949,0
1815204,328,-86.57353,0
1815214,327,-86.71407,0
1815224,327,-86.71407,0
1815234,329,-86.43299,0
1815244,325,-86.99516,0
1815254,329,-86.43299,0
1815264,327,-86.71407,0
1815274,315,-88.40057,0
1815284,328,-86.57353,0
1815294,327,-86.71407,0
1815304,324,-87.1357,0
1815314,322,-87.41679,0
1815324,325,-86.99516,0
1815334,319,-87.83841,0
1815344,325,-86.99516,0
1815354,315,-88.40057,0
1815364,332,-86.01136,0
1815374,324,-87.1357,0
1815384,325,-86.99516,0
1815394,323,-87.27624,0
1815404,327,-86.71407,0
1815414,327,-86.71407,0
1815424,319,-87.83841,0
1815434,322,-87.41679,0
1815444,327,-86.71407,0
1815454,328,-86.57353,0
1815464,330,-86.29245,0
1815474,329,-86.43299,0
1815484,325,-86.99516,0
1815494,321,-87.55732,0
1815504,321,-87.55732,0
1815514,331,-86.1519,0
1815524,318,-87.97894,0
1815534,325,-86.99516,0
1815544,326,-86.85461,0
1815554,332,-86.01136,0
1815564,326,-86.85461,0
1815574,330,-86.29245,0
1815584,331,-86.1519,0
1815594,323,-87.27624,0
1815604,332,-86.01136,0
1815614,320,-87.69786,0
1815624,318,-87.97894,0
1815634,326,-86.85461,0
1815644,332,-86.01136,0
1815654,332,-86.01136,0
1815664,323,-87.27624,0
1815674,330,-86.29245,0
1815684,328,-86.57353,0
1815694,332,-86.01136,0
1815704,331,-86.1519,0
1815714,326,-86.85461,0
1815724,323,-87.27624,0
1815734,324,-87.1357,0
1815744,317,-88.11949,0
1815754,320,-87.69786,0
1815764,321,-87.55732,0
1815774,322,-87.41679,0
1815784,330,-86.29245,0
1815794,333,-85.87083,0
1815804,326,-86.85461,0
1815814,335,-85.58974,0
1815824,325,-86.99516,0
1815834,317,-88.11949,0
1815844,321,-87.55732,0
1815854,329,-86.43299,0
1815864,331,-86.1519,0
1815874,320,-87.69786,0
1815884,324,-87.1357,0
1815894,324,-87.1357,0
1815904,321,-87.55732,0
1815914,326,-86.85461,0
1815924,326,-86.85461,0
1815934,322,-87.41679,0
1815944,327,-86.71407,0
1815954,313,-88.68166,0
1815964,326,-86.85461,0
1815974,329,-86.43299,0
1815984,330,-86.29245,0
1815994,328,-86.57353,0
1816004,327,-86.71407,0
1816014,331,-86.1519,0
1816024,324,-87.1357,0
1816034,326,-86.85461,0
1816044,334,-85.73029,0
1816054,327,-86.71407,0
1816064,327,-86.71407,0
1816074,325,-86.99516,0
1816084,330,-86.29245,0
1816094,331,-86.1519,0
1816104,322,-87.41679,0
1816114,331,-86.1519,0
1816124,324,-87.1357,0
1816134,324,-87.1357,0
1816144,324,-87.1357,0
1816154,333,-85.87083,0
1816164,327,-86.71407,0
1816174,324,-87.1357,0
1816184,330,-86.29245,0
1816194,329,-86.43299,0
1816204,329,-86.43299,0
1816214,328,-86.57353,0
1816224,318,-87.97894,0
1816234,331,-86.1519,0
1816244,322,-87.41679,0
1816254,325,-86.99516,0
1816264,331,-86.1519,0
1816274,331,-86.1519,0
1816284,326,-86.85461,0
1816294,328,-86.57353,0
1816304,329,-86.43299,0
1816314,327,-86.71407,0
1816324,323,-87.27624,0
1816334,333,-85.87083,0
1816344,330,-86.29245,0
1816354,335,-85.58974,0
1816364,319,-87.83841,0
1816374,325,-86.99516,0
1816384,323,-87.27624,0
1816394,322,-87.41679,0
1816404,325,-86.99516,0
1816414,326,-86.85461,0
1816424,326,-86.85461,0
1816434,331,-86.1519,0
1816444,324,-87.1357,0
1816454,326,-86.85461,0
1816464,321,-87.55732,0
1816474,326,-86.85461,0
1816484,329,-86.43299,0
1816494,329,-86.43299,0
1816504,324,-87.1357,0
1816514,324,-87.1357,0
1816524,328,-86.57353,0
1816534,328,-86.57353,0
1816544,325,-86.99516,0
1816554,327,-86.71407,0
1816564,330,-86.29245,0
1816574,321,-87.55732,0
1816584,325,-86.99516,0
1816594,326,-86.85461,0
1816604,320,-87.69786,0
1816614,320,-87.69786,0
1816624,325,-86.99516,0
1816634,321,-87.55732,0
1816644,319,-87.83841,0
1816654,325,-86.99516,0
1816664,330,-86.29245,0
1816674,326,-86.85461,0
1816684,326,-86.85461,0
1816694,316,-88.26003,0
1816704,323,-87.27624,0
1816714,324,-87.1357,0
1816724,329,-86.43299,0
1816734,323,-87.27624,0
1816744,326,-86.85461,0
1816754,324,-87.1357,0
1816764,323,-87.27624,0
1816774,324,-87.1357,0
1816784,319,-87.83841,0
1816794,328,-86.57353,0
1816804,323,-87.27624,0
1816814,324,-87.1357,0
1816824,328,-86.57353,0
1816834,325,-86.99516,0
1816844,323,-87.27624,0
1816854,320,-87.69786,0
1816864,325,-86.99516,0
1816874,323,-87.27624,0
1816884,324,-87.1357,0
1816894,319,-87.83841,0
1816904,328,-86.57353,0
1816914,327,-86.71407,0
1816924,325,-86.99516,0
1816934,328,-86.57353,0
1816944,327,-86.71407,0
1816954,318,-87.97894,0
1816964,328,-86.57353,0
1816974,328,-86.57353,0
1816984,331,-86.1519,0
1816994,319,-87.83841,0
1817004,322,-87.41679,0
1817014,328,-86.57353,0
1817024,328,-86.57353,0
1817034,330,-86.29245,0
1817044,323,-87.27624,0
1817054,328,-86.57353,0
1817064,318,-87.97894,0
1817074,323,-87.27624,0
1817084,319,-87.83841,0
1817094,324,-87.1357,0
1817104,329,-86.43299,0
1817114,325,-86.99516,0
1817124,331,-86.1519,0
1817134,327,-86.71407,0
1817144,326,-86.85461,0
1817154,325,-86.99516,0
1817164,326,-86.85461,0
1817174,326,-86.85461,0
1817184,335,-85.58974,0
1817194,330,-86.29245,0
1817204,330,-86.29245,0
1817214,329,-86.43299,0
1817224,323,-87.27624,0
1817234,332,-86.01136,0
1817244,326,-86.85461,0
1817254,323,-87.27624,0
1817264,327,-86.71407,0
1817274,328,-86.57353,0
1817284,323,-87.27624,0
1817294,329,-86.43299,0
1817304,323,-87.27624,0
1817314,324,-87.1357,0
1817324,328,-86.57353,0
1817334,329,-86.43299,0
1817344,327,-86.71407,0
1817354,324,-87.1357,0
1817364,323,-87.27624,0
1817374,323,-87.27624,0
1817384,323,-87.27624,0
1817394,324,-87.1357,0
1817404,330,-86.29245,0
1817414,324,-87.1357,0
1817424,326,-86.85461,0
1817434,328,-86.57353,0
1817444,325,-86.99516,0
1817454,328,-86.57353,0
1817464,326,-86.85461,0
1817474,324,-87.1357,0
1817484,326,-86.85461,0
1817494,332,-86.01136,0
1817504,321,-87.55732,0
1817514,322,-87.41679,0
1817524,319,-87.83841,0
1817534,324,-87.1357,0
1817544,323,-87.27624,0
1817554,324,-87.1357,0
1817564,327,-86.71407,0
1817574,330,-86.29245,0
1817584,333,-85.87083,0
1817594,330,-86.29245,0
1817604,325,-86.99516,0
1817614,322,-87.41679,0
1817624,325,-86.99516,0
1817634,319,-87.83841,0
1817644,324,-87.1357,0
1817654,326,-86.85461,0
1817664,331,-86.1519,0
1817674,325,-86.99516,0
1817684,327,-86.71407,0
1817694,327,-86.71407,0
1817704,330,-86.29245,0
1817714,330,-86.29245,0
1817724,330,-86.29245,0
1817734,328,-86.57353,0
1817744,323,-87.27624,0
1817754,330,-86.29245,0
1817764,326,-86.85461,0
1817774,322,-87.41679,0
1817784,325,-86.99516,0
1817794,320,-87.69786,0
1817804,330,-86.29245,0
1817814,327,-86.71407,0
1817824,332,-86.01136,0
1817834,322,-87.41679,0
1817844,321,-87.55732,0
1817854,325,-86.99516,0
1817864,319,-87.83841,0
1817874,333,-85.87083,0
1817884,330,-86.29245,0
1817894,325,-86.99516,0
1817904,326,-86.85461,0
1817914,326,-86.85461,0
1817924,322,-87.41679,0
1817934,325,-86.99516,0
1817944,321,-87.55732,0
1817954,327,-86.71407,0
1817964,322,-87.41679,0
1817974,325,-86.99516,0
1817984,324,-87.1357,0
1817994,326,-86.85461,0
1818004,332,-86.01136,0
1818014,327,-86.71407,0
1818024,324,-87.1357,0
1818034,329,-86.43299,0
1818044,316,-88.26003,0
1818054,325,-86.99516,0
1818064,327,-86.71407,0
1818074,323,-87.27624,0
1818084,331,-86.1519,0
1818094,316,-88.26003,0
1818104,326,-86.85461,0
1818114,334,-85.73029,0
1818124,332,-86.01136,0
1818134,329,-86.43299,0
1818144,326,-86.85461,0
1818154,330,-86.29245,0
1818164,334,-85.73029,0
1818174,324,-87.1357,0
1818184,320,-87.69786,0
1818194,326,-86.85461,0
1818204,328,-86.57353,0
1818214,329,-86.43299,0
1818224,327,-86.71407,0
1818234,325,-86.99516,0
1818244,326,-86.85461,0
1818254,328,-86.57353,0
1818264,327,-86.71407,0
1818274,327,-86.71407,0
1818284,319,-87.83841,0
1818294,321,-87.55732,0
1818304,324,-87.1357,0
1818314,327,-86.71407,0
1818324,324,-87.1357,0
1818334,327,-86.71407,0
1818344,330,-86.29245,0
1818354,329,-86.43299,0
1818364,323,-87.27624,0
1818374,326,-86.85461,0
1818384,329,-86.43299,0
1818394,322,-87.41679,0
1818404,322,-87.41679,0
1818414,324,-87.1357,0
1818424,326,-86.85461,0
1818434,329,-86.43299,0
1818444,329,-86.43299,0
1818454,328,-86.57353,0
1818464,327,-86.71407,0
1818474,332,-86.01136,0
1818484,331,-86.1519,0
1818494,334,-85.73029,0
1818504,320,-87.69786,0
1818514,321,-87.55732,0
1818524,326,-86.85461,0
1818534,320,-87.69786,0
1818544,324,-87.1357,0
1818554,324,-87.1357,0
1818564,322,-87.41679,0
1818574,319,-87.83841,0
1818584,325,-86.99516,0
1818594,327,-86.71407,0
1818604,327,-86.71407,0
1818614,324,-87.1357,0
1818624,315,-88.40057,0
1818634,326,-86.85461,0
1818644,319,-87.83841,0
1818654,329,-86.43299,0
1818664,330,-86.29245,0
1818674,329,-86.43299,0
1818684,331,-86.1519,0
1818694,318,-87.97894,0
1818704,329,-86.43299,0
1818714,320,-87.69786,0
1818724,330,-86.29245,0
1818734,323,-87.27624,0
1818744,330,-86.29245,0
1818754,329,-86.43299,0
1818764,321,-87.55732,0
1818774,325,-86.99516,0
1818784,327,-86.71407,0
1818794,329,-86.43299,0
1818804,330,-86.29245,0
1818814,330,-86.29245,0
1818824,327,-86.71407,0
1818834,326,-86.85461,0
1818844,324,-87.1357,0
1818854,320,-87.69786,0
1818864,326,-86.85461,0
1818874,326,-86.85461,0
1818884,322,-87.41679,0
1818894,322,-87.41679,0
1818904,320,-87.69786,0
1818914,328,-86.57353,0
1818924,326,-86.85461,0
1818934,332,-86.01136,0
1818944,327,-86.71407,0
1818954,322,-87.41679,0
1818964,326,-86.85461,0
1818974,331,-86.1519,0
1818984,325,-86.99516,0
1818994,328,-86.57353,0
1819004,335,-85.58974,0
1819014,322,-87.41679,0
1819024,330,-86.29245,0
1819034,323,-87.27624,0
1819044,323,-87.27624,0
1819054,326,-86.85461,0
1819064,332,-86.01136,0
1819074,319,-87.83841,0
1819084,329,-86.43299,0
1819094,319,-87.83841,0
1819104,322,-87.41679,0
1819114,328,-86.57353,0
1819124,324,-87.1357,0
1819134,324,-87.1357,0
1819144,335,-85.58974,0
1819154,330,-86.29245,0
1819164,330,-86.29245,0
1819174,320,-87.69786,0
1819184,325,-86.99516,0
1819194,321,-87.55732,0
1819204,325,-86.99516,0
1819214,327,-86.71407,0
1819224,329,-86.43299,0
1819234,330,-86.29245,0
1819244,321,-87.55732,0
1819254,333,-85.87083,0
1819264,321,-87.55732,0
1819274,325,-86.99516,0
1819284,324,-87.1357,0
1819294,320,-87.69786,0
1819304,323,-87.27624,0
1819314,330,-86.29245,0
1819324,330,-86.29245,0
1819334,333,-85.87083,0
1819344,323,-87.27624,0
1819354,330,-86.29245,0
1819364,325,-86.99516,0
1819374,324,-87.1357,0
1819384,328,-86.57353,0
1819394,325,-86.99516,0
1819404,325,-86.99516,0
1819414,324,-87.1357,0
1819424,331,-86.1519,0
1819434,325,-86.99516,0
1819444,328,-86.57353,0
1819454,327,-86.71407,0
1819464,322,-87.41679,0
1819474,325,-86.99516,0
1819484,328,-86.57353,0
1819494,322,-87.41679,0
1819504,334,-85.73029,0
1819514,319,-87.83841,0
1819524,320,-87.69786,0
1819534,328,-86.57353,0
1819544,326,-86.85461,0
1819554,326,-86.85461,0
1819564,327,-86.71407,0
1819574,326,-86.85461,0
1819584,334,-85.73029,0
1819594,327,-86.71407,0
1819604,333,-85.87083,0
1819614,330,-86.29245,0
1819624,315,-88.40057,0
1819634,329,-86.43299,0
1819644,325,-86.99516,0
1819654,335,-85.58974,0
1819664,320,-87.69786,0
1819674,329,-86.43299,0
1819684,326,-86.85461,0
1819694,327,-86.71407,0
1819704,327,-86.71407,0
1819714,328,-86.57353,0
1819724,325,-86.99516,0
1819734,328,-86.57353,0
1819744,325,-86.99516,0
1819754,324,-87.1357,0
1819764,324,-87.1357,0
1819774,332,-86.01136,0
1819784,325,-86.99516,0
1819794,327,-86.71407,0
1819804,333,-85.87083,0
1819814,329,-86.43299,0
1819824,320,-87.69786,0
1819834,327,-86.71407,0
1819844,313,-88.68166,0
1819854,327,-86.71407,0
1819864,324,-87.1357,0
1819874,324,-87.1357,0
1819884,326,-86.85461,0
1819894,320,-87.69786,0
1819904,326,-86.85461,0
1819914,323,-87.27624,0
1819924,327,-86.71407,0
1819934,329,-86.43299,0
1819944,320,-87.69786,0
1819954,323,-87.27624,0
1819964,323,-87.27624,0
1819974,320,-87.69786,0
1819984,325,-86.99516,0
1819994,326,-86.85461,0
1820004,331,-86.1519,0
1820014,331,-86.1519,0
1820024,323,-87.27624,0
1820034,326,-86.85461,0
1820044,334,-85.73029,0
1820054,328,-86.57353,0
1820064,328,-86.57353,0
1820074,327,-86.71407,0
1820084,329,-86.43299,0
1820094,326,-86.85461,0
1820104,330,-86.29245,0
1820114,331,-86.1519,0
1820124,330,-86.29245,0
1820134,325,-86.99516,0
1820144,330,-86.29245,0
1820154,330,-86.29245,0
1820164,325,-86.99516,0
1820174,324,-87.1357,0
1820184,319,-87.83841,0
1820194,322,-87.41679,0
1820204,326,-86.85461,0
1820214,326,-86.85461,0
1820224,332,-86.01136,0
1820234,331,-86.1519,0
1820244,325,-86.99516,0
1820254,326,-86.85461,0
1820264,332,-86.01136,0
1820274,326,-86.85461,0
1820284,326,-86.85461,0
1820294,321,-87.55732,0
1820304,328,-86.57353,0
1820314,327,-86.71407,0
1820324,327,-86.71407,0
1820334,329,-86.43299,0
1820344,334,-85.73029,0
1820354,329,-86.43299,0
1820364,324,-87.1357,0
1820374,328,-86.57353,0
1820384,330,-86.29245,0
1820394,327,-86.71407,0
1820404,322,-87.41679,0
1820414,329,-86.43299,0
1820424,318,-87.97894,0
1820434,325,-86.99516,0
1820444,321,-87.55732,0
1820454,328,-86.57353,0
1820464,321,-87.55732,0
1820474,329,-86.43299,0
1820484,332,-86.01136,0
1820494,328,-86.57353,0
1820504,328,-86.57353,0
1820514,324,-87.1357,0
1820524,323,-87.27624,0
1820534,332,-86.01136,0
1820544,317,-88.11949,0
1820554,325,-86.99516,0
1820564,333,-85.87083,0
1820574,325,-86.99516,0
1820584,325,-86.99516,0
1820594,324,-87.1357,0
1820604,330,-86.29245,0
1820614,327,-86.71407,0
1820624,326,-86.85461,0
1820634,318,-87.97894,0
1820644,328,-86.57353,0
1820654,329,-86.43299,0
1820664,326,-86.85461,0
1820674,325,-86.99516,0
1820684,324,-87.1357,0
1820694,319,-87.83841,0
1820704,321,-87.55732,0
1820714,329,-86.43299,0
1820724,325,-86.99516,0
1820734,321,-87.55732,0
1820744,322,-87.41679,0
1820754,320,-87.69786,0
1820764,323,-87.27624,0
1820774,322,-87.41679,0
1820784,329,-86.43299,0
1820794,328,-86.57353,0
1820804,315,-88.40057,0
1820814,324,-87.1357,0
1820824,326,-86.85461,0
1820834,329,-86.43299,0
1820844,323,-87.27624,0
1820854,322,-87.41679,0
1820864,325,-86.99516,0
1820874,324,-87.1357,0
1820884,325,-86.99516,0
1820894,319,-87.83841,0
1820904,325,-86.99516,0
1820914,325,-86.99516,0
1820924,327,-86.71407,0
1820934,321,-87.55732,0
1820944,332,-86.01136,0
1820954,320,-87.69786,0
1820964,323,-87.27624,0
1820974,325,-86.99516,0
1820984,329,-86.43299,0
1820994,322,-87.41679,0
1821004,322,-87.41679,0
1821014,320,-87.69786,0
1821024,323,-87.27624,0
1821034,322,-87.41679,0
1821044,325,-86.99516,0
1821054,322,-87.41679,0
1821064,328,-86.57353,0
1821074,316,-88.26003,0
1821084,328,-86.57353,0
1821094,325,-86.99516,0
1821104,327,-86.71407,0
1821114,325,-86.99516,0
1821124,329,-86.43299,0
1821134,324,-87.1357,0
1821144,318,-87.97894,0
1821154,333,-85.87083,0
1821164,320,-87.69786,0
1821174,326,-86.85461,0
1821184,330,-86.29245,0
1821194,323,-87.27624,0
1821204,334,-85.73029,0
1821214,323,-87.27624,0
1821224,331,-86.1519,0
1821234,321,-87.55732,0
1821244,337,-85.30865,0
1821254,326,-86.85461,0
1821264,325,-86.99516,0
1821274,332,-86.01136,0
1821284,317,-88.11949,0
1821294,332,-86.01136,0
1821304,325,-86.99516,0
1821314,326,-86.85461,0
1821324,326,-86.85461,0
1821334,335,-85.58974,0
1821344,326,-86.85461,0
1821354,332,-86.01136,0
1821364,326,-86.85461,0
1821374,328,-86.57353,0
1821384,336,-85.4492,0
1821394,325,-86.99516,0
1821404,319,-87.83841,0
1821414,326,-86.85461,0
1821424,333,-85.87083,0
1821434,329,-86.43299,0
1821444,326,-86.85461,0
1821454,327,-86.71407,0
1821464,330,-86.29245,0
1821474,329,-86.43299,0
1821484,324,-87.1357,0
1821494,328,-86.57353,0
1821504,324,-87.1357,0
1821514,317,-88.11949,0
1821524,323,-87.27624,0
1821534,326,-86.85461,0
1821544,328,-86.57353,0
1821554,326,-86.85461,0
1821564,331,-86.1519,0
1821574,329,-86.43299,0
1821584,330,-86.29245,0
1821594,325,-86.99516,0
1821604,330,-86.29245,0
1821614,323,-87.27624,0
1821624,326,-86.85461,0
1821634,325,-86.99516,0
1821644,320,-87.69786,0
1821654,325,-86.99516,0
1821664,320,-87.69786,0
1821674,326,-86.85461,0
1821684,323,-87.27624,0
1821694,324,-87.1357,0
1821704,328,-86.57353,0
1821714,324,-87.1357,0
1821724,334,-85.73029,0
1821734,317,-88.11949,0
1821744,317,-88.11949,0
1821754,323,-87.27624,0
1821764,326,-86.85461,0
1821774,334,-85.73029,0
1821784,324,-87.1357,0
1821794,325,-86.99516,0
1821804,325,-86.99516,0
1821814,321,-87.55732,0
1821824,328,-86.57353,0
1821834,333,-85.87083,0
1821844,323,-87.27624,0
1821854,318,-87.97894,0
1821864,328,-86.57353,0
1821874,322,-87.41679,0
1821884,323,-87.27624,0
1821894,332,-86.01136,0
1821904,327,-86.71407,0
1821914,323,-87.27624,0
1821924,329,-86.43299,0
1821934,328,-86.57353,0
1821944,331,-86.1519,0
1821954,331,-86.1519,0
1821964,314,-88.54111,0
1821974,326,-86.85461,0
1821984,320,-87.69786,0
1821994,328,-86.57353,0
1822004,329,-86.43299,0
1822014,329,-86.43299,0
1822024,329,-86.43299,0
1822034,327,-86.71407,0
1822044,324,-87.1357,0
1822054,329,-86.43299,0
1822064,321,-87.55732,0
1822074,314,-88.54111,0
1822084,327,-86.71407,0
1822094,327,-86.71407,0
1822104,326,-86.85461,0
1822114,327,-86.71407,0
1822124,331,-86.1519,0
1822134,326,-86.85461,0
1822144,329,-86.43299,0
1822154,325,-86.99516,0
1822164,329,-86.43299,0
1822174,324,-87.1357,0
1822184,322,-87.41679,0
1822194,320,-87.69786,0
1822204,330,-86.29245,0
1822214,329,-86.43299,0
1822224,326,-86.85461,0
1822234,328,-86.57353,0
1822244,332,-86.01136,0
1822254,330,-86.29245,0
1822264,330,-86.29245,0
1822274,327,-86.71407,0
1822284,323,-87.27624,0
1822294,323,-87.27624,0
1822304,324,-87.1357,0
1822314,326,-86.85461,0
1822324,326,-86.85461,0
1822334,333,-85.87083,0
1822344,323,-87.27624,0
1822354,327,-86.71407,0
1822364,332,-86.01136,0
1822374,328,-86.57353,0
1822384,331,-86.1519,0
1822394,327,-86.71407,0
1822404,327,-86.71407,0
1822414,323,-87.27624,0
1822424,323,-87.27624,0
1822434,321,-87.55732,0
1822444,324,-87.1357,0
1822454,326,-86.85461,0
1822464,333,-85.87083,0
1822474,331,-86.1519,0
1822484,329,-86.43299,0
1822494,328,-86.57353,0
1822504,328,-86.57353,0
1822514,327,-86.71407,0
1822524,323,-87.27624,0
1822534,332,-86.01136,0
1822544,317,-88.11949,0
1822554,336,-85.4492,0
1822564,327,-86.71407,0
1822574,329,-86.43299,0
1822584,325,-86.99516,0
1822594,323,-87.27624,0
1822604,328,-86.57353,0
1822614,330,-86.29245,0
1822624,322,-87.41679,0
1822634,325,-86.99516,0
1822644,329,-86.43299,0
1822654,330,-86.29245,0
1822664,327,-86.71407,0
1822674,330,-86.29245,0
1822684,326,-86.85461,0
1822694,326,-86.85461,0
1822704,329,-86.43299,0
1822714,329,-86.43299,0
1822724,331,-86.1519,0
1822734,324,-87.1357,0
1822744,321,-87.55732,0
1822754,326,-86.85461,0
1822764,321,-87.55732,0
1822774,334,-85.73029,0
1822784,327,-86.71407,0
1822794,331,-86.1519,0
1822804,328,-86.57353,0
1822814,332,-86.01136,0
1822824,317,-88.11949,0
1822834,324,-87.1357,0
1822844,322,-87.41679,0
1822854,326,-86.85461,0
1822864,327,-86.71407,0
1822874,321,-87.55732,0
1822884,327,-86.71407,0
1822894,325,-86.99516,0
1822904,326,-86.85461,0
1822914,322,-87.41679,0
1822924,329,-86.43299,0
1822934,331,-86.1519,0
1822944,327,-86.71407,0
1822954,322,-87.41679,0
1822964,325,-86.99516,0
1822974,330,-86.29245,0
1822984,325,-86.99516,0
1822994,321,-87.55732,0
1823004,321,-87.55732,0
1823014,325,-86.99516,0
1823024,330,-86.29245,0
1823034,326,-86.85461,0
1823044,334,-85.73029,0
1823054,324,-87.1357,0
1823064,322,-87.41679,0
1823074,325,-86.99516,0
1823084,334,-85.73029,0
1823094,325,-86.99516,0
1823104,326,-86.85461,0
1823114,326,-86.85461,0
1823124,329,-86.43299,0
1823134,330,-86.29245,0
1823144,330,-86.29245,0
1823154,322,-87.41679,0
1823164,330,-86.29245,0
1823174,329,-86.43299,0
1823184,316,-88.26003,0
1823194,329,-86.43299,0
1823204,325,-86.99516,0
1823214,322,-87.41679,0
1823224,333,-85.87083,0
1823234,328,-86.57353,0
1823244,330,-86.29245,0
1823254,330,-86.29245,0
1823264,326,-86.85461,0
1823274,329,-86.43299,0
1823284,325,-86.99516,0
1823294,322,-87.41679,0
1823304,321,-87.55732,0
1823314,326,-86.85461,0
1823324,333,-85.87083,0
1823334,322,-87.41679,0
1823344,327,-86.71407,0
1823354,327,-86.71407,0
1823364,326,-86.85461,0
1823374,326,-86.85461,0
1823384,331,-86.1519,0
1823394,328,-86.57353,0
1823404,325,-86.99516,0
1823414,317,-88.11949,0
1823424,326,-86.85461,0
1823434,325,-86.99516,0
1823444,326,-86.85461,0
1823454,327,-86.71407,0
1823464,320,-87.69786,0
1823474,337,-85.30865,0
1823484,325,-86.99516,0
1823494,327,-86.71407,0
1823504,328,-86.57353,0
1823514,331,-86.1519,0
1823524,321,-87.55732,0
1823534,330,-86.29245,0
1823544,330,-86.29245,0
1823554,321,-87.55732,0
1823564,324,-87.1357,0
1823574,330,-86.29245,0
1823584,321,-87.55732,0
1823594,335,-85.58974,0
1823604,326,-86.85461,0
1823614,332,-86.01136,0
1823624,327,-86.71407,0
1823634,327,-86.71407,0
1823644,325,-86.99516,0
1823654,331,-86.1519,0
1823664,323,-87.27624,0
1823674,325,-86.99516,0
1823684,324,-87.1357,0
1823694,323,-87.27624,0
1823704,328,-86.57353,0
1823714,327,-86.71407,0
1823724,324,-87.1357,0
1823734,325,-86.99516,0
1823744,323,-87.27624,0
1823754,322,-87.41679,0
1823764,328,-86.57353,0
1823774,334,-85.73029,0
1823784,321,-87.55732,0
1823794,325,-86.99516,0
1823804,326,-86.85461,0
1823814,322,-87.41679,0
1823824,329,-86.43299,0
1823834,331,-86.1519,0
1823844,326,-86.85461,0
1823854,323,-87.27624,0
1823864,328,-86.57353,0
1823874,321,-87.55732,0
1823884,326,-86.85461,0
1823894,327,-86.71407,0
1823904,329,-86.43299,0
1823914,328,-86.57353,0
1823924,328,-86.57353,0
1823934,326,-86.85461,0
1823944,320,-87.69786,0
1823954,333,-85.87083,0
1823964,315,-88.40057,0
1823974,322,-87.41679,0
1823984,321,-87.55732,0
1823994,321,-87.55732,0
1824004,329,-86.43299,0
1824014,322,-87.41679,0
1824024,327,-86.71407,0
1824034,328,-86.57353,0
1824044,327,-86.71407,0
1824054,329,-86.43299,0
1824064,326,-86.85461,0
1824074,326,-86.85461,0
1824084,321,-87.55732,0
1824094,330,-86.29245,0
1824104,326,-86.85461,0
1824114,320,-87.69786,0
1824124,330,-86.29245,0
1824134,327,-86.71407,0
1824144,327,-86.71407,0
1824154,331,-86.1519,0
1824164,334,-85.73029,0
1824174,323,-87.27624,0
1824184,333,-85.87083,0
1824194,325,-86.99516,0
1824204,319,-87.83841,0
1824214,320,-87.69786,0
1824224,324,-87.1357,0
1824234,325,-86.99516,0
1824244,325,-86.99516,0
1824254,322,-87.41679,0
1824264,324,-87.1357,0
1824274,326,-86.85461,0
1824284,326,-86.85461,0
1824294,330,-86.29245,0
1824304,321,-87.55732,0
1824314,326,-86.85461,0
1824324,325,-86.99516,0
1824334,327,-86.71407,0
1824344,334,-85.73029,0
1824354,321,-87.55732,0
1824364,326,-86.85461,0
1824374,330,-86.29245,0
1824384,326,-86.85461,0
1824394,329,-86.43299,0
1824404,321,-87.55732,0
1824414,320,-87.69786,0
1824424,324,-87.1357,0
1824434,324,-87.1357,0
1824444,324,-87.1357,0
1824454,327,-86.71407,0
1824464,331,-86.1519,0
1824474,328,-86.57353,0
1824484,323,-87.27624,0
1824494,330,-86.29245,0
1824504,333,-85.87083,0
1824514,323,-87.27624,0
1824524,320,-87.69786,0
1824534,325,-86.99516,0
1824544,328,-86.57353,0
1824554,323,-87.27624,0
1824564,330,-86.29245,0
1824574,331,-86.1519,0
1824584,328,-86.57353,0
1824594,332,-86.01136,0
1824604,330,-86.29245,0
1824614,330,-86.29245,0
1824624,329,-86.43299,0
1824634,325,-86.99516,0
1824644,332,-86.01136,0
1824654,321,-87.55732,0
1824664,328,-86.57353,0
1824674,328,-86.57353,0
1824684,331,-86.1519,0
1824694,324,-87.1357,0
1824704,333,-85.87083,0
1824714,329,-86.43299,0
1824724,332,-86.01136,0
1824734,334,-85.73029,0
1824744,327,-86.71407,0
1824754,322,-87.41679,0
1824764,323,-87.27624,0
1824774,333,-85.87083,0
1824784,325,-86.99516,0
1824794,329,-86.43299,0
1824804,330,-86.29245,0
1824814,323,-87.27624,0
1824824,332,-86.01136,0
1824834,322,-87.41679,0
1824844,326,-86.85461,0
1824854,324,-87.1357,0
1824864,323,-87.27624,0
1824874,315,-88.40057,0
1824884,328,-86.57353,0
1824894,325,-86.99516,0
1824904,325,-86.99516,0
1824914,332,-86.01136,0
1824924,330,-86.29245,0
1824934,333,-85.87083,0
1824944,327,-86.71407,0
1824954,329,-86.43299,0
1824964,327,-86.71407,0
1824974,323,-87.27624,0
1824984,324,-87.1357,0
1824994,327,-86.71407,0
1825004,324,-87.1357,0
1825014,327,-86.71407,0
1825024,323,-87.27624,0
1825034,323,-87.27624,0
1825044,329,-86.43299,0
1825054,320,-87.69786,0
1825064,326,-86.85461,0
1825074,329,-86.43299,0
1825084,321,-87.55732,0
1825094,323,-87.27624,0
1825104,322,-87.41679,0
1825114,327,-86.71407,0
1825124,326,-86.85461,0
1825134,324,-87.1357,0
1825144,328,-86.57353,0
1825154,327,-86.71407,0
1825164,327,-86.71407,0
1825174,329,-86.43299,0
1825184,332,-86.01136,0
1825194,330,-86.29245,0
1825204,326,-86.85461,0
1825214,319,-87.83841,0
1825224,334,-85.73029,0
1825234,312,-88.8222,0
1825244,326,-86.85461,0
1825254,324,-87.1357,0
1825264,328,-86.57353,0
1825274,327,-86.71407,0
1825284,336,-85.4492,0
1825294,334,-85.73029,0
1825304,325,-86.99516,0
1825314,322,-87.41679,0
1825324,332,-86.01136,0
1825334,322,-87.41679,0
1825344,329,-86.43299,0
1825354,324,-87.1357,0
1825364,331,-86.1519,0
1825374,324,-87.1357,0
1825384,331,-86.1519,0
1825394,327,-86.71407,0
1825404,326,-86.85461,0
1825414,325,-86.99516,0
1825424,332,-86.01136,0
1825434,323,-87.27624,0
1825444,329,-86.43299,0
1825454,329,-86.43299,0
1825464,328,-86.57353,0
1825474,326,-86.85461,0
1825484,331,-86.1519,0
1825494,324,-87.1357,0
1825504,329,-86.43299,0
1825514,331,-86.1519,0
1825524,323,-87.27624,0
1825534,323,-87.27624,0
1825544,334,-85.73029,0
1825554,326,-86.85461,0
1825564,336,-85.4492,0
1825574,327,-86.71407,0
1825584,326,-86.85461,0
1825594,331,-86.1519,0
1825604,326,-86.85461,0
1825614,330,-86.29245,0
1825624,331,-86.1519,0
1825634,330,-86.29245,0
1825644,323,-87.27624,0
1825654,320,-87.69786,0
1825664,322,-87.41679,0
1825674,334,-85.73029,0
1825684,320,-87.69786,0
1825694,322,-87.41679,0
1825704,325,-86.99516,0
1825714,331,-86.1519,0
1825724,335,-85.58974,0
1825734,327,-86.71407,0
1825744,330,-86.29245,0
1825754,317,-88.11949,0
1825764,320,-87.69786,0
1825774,327,-86.71407,0
1825784,322,-87.41679,0
1825794,328,-86.57353,0
1825804,332,-86.01136,0
1825814,328,-86.57353,0
1825824,332,-86.01136,0
1825834,323,-87.27624,0
1825844,326,-86.85461,0
1825854,324,-87.1357,0
1825864,326,-86.85461,0
1825874,320,-87.69786,0
1825884,325,-86.99516,0
1825894,332,-86.01136,0
1825904,330,-86.29245,0
1825914,327,-86.71407,0
1825924,325,-86.99516,0
1825934,322,-87.41679,0
1825944,323,-87.27624,0
1825954,330,-86.29245,0
1825964,337,-85.30865,0
1825974,320,-87.69786,0
1825984,327,-86.71407,0
1825994,330,-86.29245,0
1826004,329,-86.43299,0
1826014,321,-87.55732,0
1826024,327,-86.71407,0
1826034,314,-88.54111,0
1826044,329,-86.43299,0
1826054,325,-86.99516,0
1826064,332,-86.01136,0
1826074,325,-86.99516,0
1826084,321,-87.55732,0
1826094,329,-86.43299,0
1826104,325,-86.99516,0
1826114,331,-86.1519,0
1826124,323,-87.27624,0
1826134,329,-86.43299,0
1826144,321,-87.55732,0
1826154,326,-86.85461,0
1826164,328,-86.57353,0
1826174,320,-87.69786,0
1826184,331,-86.1519,0
1826194,326,-86.85461,0
1826204,324,-87.1357,0
1826214,323,-87.27624,0
1826224,330,-86.29245,0
1826234,321,-87.55732,0
1826244,323,-87.27624,0
1826254,330,-86.29245,0
1826264,326,-86.85461,0
1826274,335,-85.58974,0
1826284,330,-86.29245,0
1826294,330,-86.29245,0
1826304,332,-86.01136,0
1826314,322,-87.41679,0
1826324,325,-86.99516,0
1826334,327,-86.71407,0
1826344,327,-86.71407,0
1826354,328,-86.57353,0
1826364,326,-86.85461,0
1826374,327,-86.71407,0
1826384,334,-85.73029,0
1826394,331,-86.1519,0
1826404,329,-86.43299,0
1826414,332,-86.01136,0
1826424,323,-87.27624,0
1826434,325,-86.99516,0
1826444,324,-87.1357,0
1826454,324,-87.1357,0
1826464,328,-86.57353,0
1826474,329,-86.43299,0
1826484,318,-87.97894,0
1826494,324,-87.1357,0
1826504,327,-86.71407,0
1826514,335,-85.58974,0
1826524,332,-86.01136,0
1826534,324,-87.1357,0
1826544,323,-87.27624,0
1826554,331,-86.1519,0
1826564,326,-86.85461,0
1826574,329,-86.43299,0
1826584,327,-86.71407,0
1826594,325,-86.99516,0
1826604,324,-87.1357,0
1826614,324,-87.1357,0
1826624,328,-86.57353,0
1826634,322,-87.41679,0
1826644,329,-86.43299,0
1826654,320,-87.69786,0
1826664,325,-86.99516,0
1826674,331,-86.1519,0
1826684,321,-87.55732,0
1826694,327,-86.71407,0
1826704,335,-85.58974,0
1826714,330,-86.29245,0
1826724,329,-86.43299,0
1826734,329,-86.43299,0
1826744,332,-86.01136,0
1826754,324,-87.1357,0
1826764,333,-85.87083,0
1826774,326,-86.85461,0
1826784,325,-86.99516,0
1826794,335,-85.58974,0
1826804,326,-86.85461,0
1826814,330,-86.29245,0
1826824,326,-86.85461,0
1826834,338,-85.16812,0
1826844,328,-86.57353,0
1826854,327,-86.71407,0
1826864,330,-86.29245,0
1826874,322,-87.41679,0
1826884,328,-86.57353,0
1826894,331,-86.1519,0
1826904,324,-87.1357,0
1826914,323,-87.27624,0
1826924,329,-86.43299,0
1826934,322,-87.41679,0
1826944,329,-86.43299,0
1826954,330,-86.29245,0
1826964,327,-86.71407,0
1826974,334,-85.73029,0
1826984,322,-87.41679,0
1826994,316,-88.26003,0
1827004,324,-87.1357,0
1827014,328,-86.57353,0
1827024,330,-86.29245,0
1827034,325,-86.99516,0
1827044,333,-85.87083,0
1827054,331,-86.1519,0
1827064,331,-86.1519,0
1827074,328,-86.57353,0
1827084,332,-86.01136,0
1827094,328,-86.57353,0
1827104,322,-87.41679,0
1827114,326,-86.85461,0
1827124,329,-86.43299,0
1827134,327,-86.71407,0
1827144,330,-86.29245,0
1827154,331,-86.1519,0
1827164,329,-86.43299,0
1827174,328,-86.57353,0
1827184,326,-86.85461,0
1827194,331,-86.1519,0
1827204,332,-86.01136,0
1827214,319,-87.83841,0
1827224,327,-86.71407,0
1827234,327,-86.71407,0
1827244,327,-86.71407,0
1827254,327,-86.71407,0
1827264,330,-86.29245,0
1827274,333,-85.87083,0
1827284,328,-86.57353,0
1827294,331,-86.1519,0
1827304,326,-86.85461,0
1827314,330,-86.29245,0
1827324,312,-88.8222,0
1827334,327,-86.71407,0
1827344,332,-86.01136,0
1827354,323,-87.27624,0
1827364,330,-86.29245,0
1827374,327,-86.71407,0
1827384,328,-86.57353,0
1827394,330,-86.29245,0
1827404,334,-85.73029,0
1827414,333,-85.87083,0
1827424,328,-86.57353,0
1827434,320,-87.69786,0
1827444,328,-86.57353,0
1827454,325,-86.99516,0
1827464,330,-86.29245,0
1827474,329,-86.43299,0
1827484,324,-87.1357,0
1827494,324,-87.1357,0
1827504,331,-86.1519,0
1827514,332,-86.01136,0
1827524,332,-86.01136,0
1827534,325,-86.99516,0
1827544,327,-86.71407,0
1827554,322,-87.41679,0
1827564,333,-85.87083,0
1827574,329,-86.43299,0
1827584,330,-86.29245,0
1827594,327,-86.71407,0
1827604,329,-86.43299,0
1827614,333,-85.87083,0
1827624,329,-86.43299,0
1827634,335,-85.58974,0
1827644,333,-85.87083,0
1827654,321,-87.55732,0
1827664,325,-86.99516,0
1827674,326,-86.85461,0
1827684,329,-86.43299,0
1827694,330,-86.29245,0
1827704,333,-85.87083,0
1827714,331,-86.1519,0
1827724,331,-86.1519,0
1827734,323,-87.27624,0
1827744,331,-86.1519,0
1827754,325,-86.99516,0
1827764,322,-87.41679,0
1827774,323,-87.27624,0
1827784,327,-86.71407,0
1827794,326,-86.85461,0
1827804,325,-86.99516,0
1827814,329,-86.43299,0
1827824,335,-85.58974,0
1827834,330,-86.29245,0
1827844,326,-86.85461,0
1827854,331,-86.1519,0
1827864,336,-85.4492,0
1827874,319,-87.83841,0
1827884,326,-86.85461,0
1827894,328,-86.57353,0
1827904,325,-86.99516,0
1827914,325,-86.99516,0
1827924,322,-87.41679,0
1827934,326,-86.85461,0
1827944,326,-86.85461,0
1827954,328,-86.57353,0
1827964,327,-86.71407,0
1827974,322,-87.41679,0
1827984,322,-87.41679,0
1827994,328,-86.57353,0
1828004,329,-86.43299,0
1828014,326,-86.85461,0
1828024,323,-87.27624,0
1828034,325,-86.99516,0
1828044,332,-86.01136,0
1828054,329,-86.43299,0
1828064,336,-85.4492,0
1828074,332,-86.01136,0
1828084,332,-86.01136,0
1828094,328,-86.57353,0
1828104,323,-87.27624,0
1828114,329,-86.43299,0
1828124,322,-87.41679,0
1828134,330,-86.29245,0
1828144,324,-87.1357,0
1828154,334,-85.73029,0
1828164,328,-86.57353,0
1828174,328,-86.57353,0
1828184,323,-87.27624,0
1828194,327,-86.71407,0
1828204,324,-87.1357,0
1828214,327,-86.71407,0
1828224,327,-86.71407,0
1828234,322,-87.41679,0
1828244,331,-86.1519,0
1828254,323,-87.27624,0
1828264,331,-86.1519,0
1828274,332,-86.01136,0
1828284,326,-86.85461,0
1828294,328,-86.57353,0
1828304,329,-86.43299,0
1828314,326,-86.85461,0
1828324,326,-86.85461,0
1828334,328,-86.57353,0
1828344,323,-87.27624,0
1828354,326,-86.85461,0
1828364,322,-87.41679,0
1828374,325,-86.99516,0
1828384,318,-87.97894,0
1828394,328,-86.57353,0
1828404,331,-86.1519,0
1828414,331,-86.1519,0
1828424,323,-87.27624,0
1828434,324,-87.1357,0
1828444,333,-85.87083,0
1828454,329,-86.43299,0
1828464,330,-86.29245,0
1828474,326,-86.85461,0
1828484,332,-86.01136,0
1828494,328,-86.57353,0
1828504,329,-86.43299,0
1828514,332,-86.01136,0
1828524,327,-86.71407,0
1828534,330,-86.29245,0
1828544,324,-87.1357,0
1828554,323,-87.27624,0
1828564,331,-86.1519,0
1828574,324,-87.1357,0
1828584,325,-86.99516,0
1828594,330,-86.29245,0
1828604,332,-86.01136,0
1828614,328,-86.57353,0
1828624,336,-85.4492,0
1828634,335,-85.58974,0
1828644,332,-86.01136,0
1828654,327,-86.71407,0
1828664,323,-87.27624,0
1828674,329,-86.43299,0
1828684,330,-86.29245,0
1828694,323,-87.27624,0
1828704,326,-86.85461,0
1828714,326,-86.85461,0
1828724,326,-86.85461,0
1828734,335,-85.58974,0
1828744,330,-86.29245,0
1828754,331,-86.1519,0
1828764,327,-86.71407,0
1828774,328,-86.57353,0
1828784,329,-86.43299,0
1828794,324,-87.1357,0
1828804,328,-86.57353,0
1828814,330,-86.29245,0
1828824,331,-86.1519,0
1828834,327,-86.71407,0
1828844,329,-86.43299,0
1828854,320,-87.69786,0
1828864,331,-86.1519,0
1828874,325,-86.99516,0
1828884,327,-86.71407,0
1828894,319,-87.83841,0
1828904,324,-87.1357,0
1828914,330,-86.29245,0
1828924,327,-86.71407,0
1828934,319,-87.83841,0
1828944,327,-86.71407,0
1828954,326,-86.85461,0
1828964,330,-86.29245,0
1828974,321,-87.55732,0
1828984,330,-86.29245,0
1828994,321,-87.55732,0
1829004,321,-87.55732,0
1829014,332,-86.01136,0
1829024,335,-85.58974,0
1829034,324,-87.1357,0
1829044,327,-86.71407,0
1829054,331,-86.1519,0
1829064,333,-85.87083,0
1829074,328,-86.57353,0
1829084,329,-86.43299,0
1829094,332,-86.01136,0
1829104,323,-87.27624,0
1829114,325,-86.99516,0
1829124,328,-86.57353,0
1829134,322,-87.41679,0
1829144,323,-87.27624,0
1829154,326,-86.85461,0
1829164,327,-86.71407,0
1829174,333,-85.87083,0
1829184,328,-86.57353,0
1829194,334,-85.73029,0
1829204,330,-86.29245,0
1829214,325,-86.99516,0
1829224,330,-86.29245,0
1829234,323,-87.27624,0
1829244,323,-87.27624,0
1829254,334,-85.73029,0
1829264,331,-86.1519,0
1829274,325,-86.99516,0
1829284,332,-86.01136,0
1829294,326,-86.85461,0
1829304,326,-86.85461,0
1829314,327,-86.71407,0
1829324,318,-87.97894,0
1829334,326,-86.85461,0
1829344,331,-86.1519,0
1829354,324,-87.1357,0
1829364,328,-86.57353,0
1829374,335,-85.58974,0
1829384,327,-86.71407,0
1829394,329,-86.43299,0
1829404,321,-87.55732,0
1829414,330,-86.29245,0
1829424,322,-87.41679,0
1829434,324,-87.1357,0
1829444,323,-87.27624,0
1829454,326,-86.85461,0
1829464,326,-86.85461,0
1829474,327,-86.71407,0
1829484,329,-86.43299,0
1829494,324,-87.1357,0
1829504,325,-86.99516,0
1829514,327,-86.71407,0
1829524,332,-86.01136,0
1829534,328,-86.57353,0
1829544,327,-86.71407,0
1829554,321,-87.55732,0
1829564,320,-87.69786,0
1829574,321,-87.55732,0
1829584,328,-86.57353,0
1829594,332,-86.01136,0
1829604,328,-86.57353,0
1829614,328,-86.57353,0
1829624,328,-86.57353,0
1829634,332,-86.01136,0
1829644,324,-87.1357,0
1829654,328,-86.57353,0
1829664,325,-86.99516,0
1829674,329,-86.43299,0
1829684,325,-86.99516,0
1829694,328,-86.57353,0
1829704,329,-86.43299,0
1829714,327,-86.71407,0
1829724,326,-86.85461,0
1829734,333,-85.87083,0
1829744,332,-86.01136,0
1829754,326,-86.85461,0
1829764,324,-87.1357,0
1829774,316,-88.26003,0
1829784,325,-86.99516,0
1829794,325,-86.99516,0
1829804,325,-86.99516,0
1829814,334,-85.73029,0
1829824,323,-87.27624,0
1829834,326,-86.85461,0
1829844,329,-86.43299,0
1829854,326,-86.85461,0
1829864,330,-86.29245,0
1829874,324,-87.1357,0
1829884,322,-87.41679,0
1829894,327,-86.71407,0
1829904,332,-86.01136,0
1829914,325,-86.99516,0
1829924,328,-86.57353,0
1829934,321,-87.55732,0
1829944,332,-86.01136,0
1829954,329,-86.43299,0
1829964,328,-86.57353,0
1829974,333,-85.87083,0
1829984,328,-86.57353,0
1829994,325,-86.99516,0
1830004,327,-86.71407,0
1830014,324,-87.1357,0
1830024,328,-86.57353,0
1830034,327,-86.71407,0
1830044,334,-85.73029,0
1830054,323,-87.27624,0
1830064,333,-85.87083,0
1830074,332,-86.01136,0
1830084,325,-86.99516,0
1830094,323,-87.27624,0
1830104,325,-86.99516,0
1830114,326,-86.85461,0
1830124,334,-85.73029,0
1830134,328,-86.57353,0
1830144,325,-86.99516,0
1830154,324,-87.1357,0
1830164,332,-86.01136,0
1830174,321,-87.55732,0
1830184,326,-86.85461,0
1830194,330,-86.29245,0
1830204,332,-86.01136,0
1830214,328,-86.57353,0
1830224,326,-86.85461,0
1830234,329,-86.43299,0
1830244,321,-87.55732,0
1830254,315,-88.40057,0
1830264,330,-86.29245,0
1830274,332,-86.01136,0
1830284,328,-86.57353,0
1830294,327,-86.71407,0
1830304,331,-86.1519,0
1830314,321,-87.55732,0
1830324,330,-86.29245,0
1830334,324,-87.1357,0
1830344,331,-86.1519,0
1830354,325,-86.99516,0
1830364,328,-86.57353,0
1830374,321,-87.55732,0
1830384,322,-87.41679,0
1830394,328,-86.57353,0
1830404,326,-86.85461,0
1830414,330,-86.29245,0
1830424,327,-86.71407,0
1830434,332,-86.01136,0
1830444,332,-86.01136,0
1830454,323,-87.27624,0
1830464,321,-87.55732,0
1830474,329,-86.43299,0
1830484,330,-86.29245,0
1830494,329,-86.43299,0
1830504,334,-85.73029,0
1830514,329,-86.43299,0
1830524,328,-86.57353,0
1830534,328,-86.57353,0
1830544,333,-85.87083,0
1830554,326,-86.85461,0
1830564,325,-86.99516,0
1830574,326,-86.85461,0
1830584,331,-86.1519,0
1830594,325,-86.99516,0
1830604,318,-87.97894,0
1830614,327,-86.71407,0
1830624,330,-86.29245,0
1830634,336,-85.4492,0
1830644,331,-86.1519,0
1830654,330,-86.29245,0
1830664,325,-86.99516,0
1830674,323,-87.27624,0
1830684,327,-86.71407,0
1830694,329,-86.43299,0
1830704,321,-87.55732,0
1830714,326,-86.85461,0
1830724,324,-87.1357,0
1830734,332,-86.01136,0
1830744,335,-85.58974,0
1830754,330,-86.29245,0
1830764,335,-85.58974,0
1830774,319,-87.83841,0
1830784,320,-87.69786,0
1830794,330,-86.29245,0
1830804,329,-86.43299,0
1830814,333,-85.87083,0
1830824,329,-86.43299,0
1830834,331,-86.1519,0
1830844,331,-86.1519,0
1830854,321,-87.55732,0
1830864,331,-86.1519,0
1830874,328,-86.57353,0
1830884,330,-86.29245,0
1830894,321,-87.55732,0
1830904,320,-87.69786,0
1830914,328,-86.57353,0
1830924,324,-87.1357,0
1830934,328,-86.57353,0
1830944,333,-85.87083,0
1830954,329,-86.43299,0
1830964,328,-86.57353,0
1830974,333,-85.87083,0
1830984,330,-86.29245,0
1830994,335,-85.58974,0
1831004,323,-87.27624,0
1831014,321,-87.55732,0
1831024,318,-87.97894,0
1831034,334,-85.73029,0
1831044,326,-86.85461,0
1831054,330,-86.29245,0
1831064,329,-86.43299,0
1831074,328,-86.57353,0
1831084,326,-86.85461,0
1831094,331,-86.1519,0
1831104,333,-85.87083,0
1831114,330,-86.29245,0
1831124,324,-87.1357,0
1831134,329,-86.43299,0
1831144,326,-86.85461,0
1831154,329,-86.43299,0
1831164,330,-86.29245,0
1831174,327,-86.71407,0
1831184,324,-87.1357,0
1831194,337,-85.30865,0
1831204,332,-86.01136,0
1831214,326,-86.85461,0
1831224,329,-86.43299,0
1831234,327,-86.71407,0
1831244,327,-86.71407,0
1831254,326,-86.85461,0
1831264,328,-86.57353,0
1831274,327,-86.71407,0
1831284,327,-86.71407,0
1831294,327,-86.71407,0
1831304,327,-86.71407,0
1831314,327,-86.71407,0
1831324,337,-85.30865,0
1831334,328,-86.57353,0
1831344,325,-86.99516,0
1831354,325,-86.99516,0
1831364,326,-86.85461,0
1831374,327,-86.71407,0
1831384,329,-86.43299,0
1831394,327,-86.71407,0
1831404,335,-85.58974,0
1831414,333,-85.87083,0
1831424,323,-87.27624,0
1831434,334,-85.73029,0
1831444,330,-86.29245,0
1831454,330,-86.29245,0
1831464,325,-86.99516,0
1831474,330,-86.29245,0
1831484,327,-86.71407,0
1831494,325,-86.99516,0
1831504,331,-86.1519,0
1831514,326,-86.85461,0
1831524,332,-86.01136,0
1831534,332,-86.01136,0
1831544,325,-86.99516,0
1831554,323,-87.27624,0
1831564,328,-86.57353,0
1831574,321,-87.55732,0
1831584,329,-86.43299,0
1831594,333,-85.87083,0
1831604,323,-87.27624,0
1831614,333,-85.87083,0
1831624,326,-86.85461,0
1831634,323,-87.27624,0
1831644,328,-86.57353,0
1831654,328,-86.57353,0
1831664,330,-86.29245,0
1831674,333,-85.87083,0
1831684,323,-87.27624,0
1831694,326,-86.85461,0
1831704,323,-87.27624,0
1831714,327,-86.71407,0
1831724,329,-86.43299,0
1831734,337,-85.30865,0
1831744,322,-87.41679,0
1831754,328,-86.57353,0
1831764,327,-86.71407,0
1831774,324,-87.1357,0
1831784,331,-86.1519,0
1831794,325,-86.99516,0
1831804,322,-87.41679,0
1831814,332,-86.01136,0
1831824,329,-86.43299,0
1831834,330,-86.29245,0
1831844,324,-87.1357,0
1831854,322,-87.41679,0
1831864,330,-86.29245,0
1831874,315,-88.40057,0
1831884,331,-86.1519,0
1831894,325,-86.99516,0
1831904,328,-86.57353,0
1831914,327,-86.71407,0
1831924,335,-85.58974,0
1831934,321,-87.55732,0
1831944,333,-85.87083,0
1831954,329,-86.43299,0
1831964,332,-86.01136,0
1831974,329,-86.43299,0
1831984,332,-86.01136,0
1831994,330,-86.29245,0
1832004,323,-87.27624,0
1832014,328,-86.57353,0
1832024,329,-86.43299,0
1832034,333,-85.87083,0
1832044,326,-86.85461,0
1832054,325,-86.99516,0
1832064,333,-85.87083,0
1832074,328,-86.57353,0
1832084,331,-86.1519,0
1832094,327,-86.71407,0
1832104,331,-86.1519,0
1832114,328,-86.57353,0
1832124,320,-87.69786,0
1832134,323,-87.27624,0
1832144,330,-86.29245,0
1832154,330,-86.29245,0
1832164,331,-86.1519,0
1832174,325,-86.99516,0
1832184,330,-86.29245,0
1832194,332,-86.01136,0
1832204,332,-86.01136,0
1832214,330,-86.29245,0
1832224,325,-86.99516,0
1832234,324,-87.1357,0
1832244,325,-86.99516,0
1832254,322,-87.41679,0
1832264,323,-87.27624,0
1832274,327,-86.71407,0
1832284,318,-87.97894,0
1832294,334,-85.73029,0
1832304,335,-85.58974,0
1832314,328,-86.57353,0
1832324,327,-86.71407,0
1832334,328,-86.57353,0
1832344,326,-86.85461,0
1832354,322,-87.41679,0
1832364,330,-86.29245,0
1832374,331,-86.1519,0
1832384,328,-86.57353,0
1832394,328,-86.57353,0
1832404,330,-86.29245,0
1832414,330,-86.29245,0
1832424,324,-87.1357,0
1832434,325,-86.99516,0
1832444,330,-86.29245,0
1832454,324,-87.1357,0
1832464,324,-87.1357,0
1832474,323,-87.27624,0
1832484,329,-86.43299,0
1832494,333,-85.87083,0
1832504,328,-86.57353,0
1832514,328,-86.57353,0
1832524,330,-86.29245,0
1832534,328,-86.57353,0
1832544,334,-85.73029,0
1832554,333,-85.87083,0
1832564,327,-86.71407,0
1832574,326,-86.85461,0
1832584,328,-86.57353,0
1832594,334,-85.73029,0
1832604,327,-86.71407,0
1832614,326,-86.85461,0
1832624,335,-85.58974,0
1832634,328,-86.57353,0
1832644,326,-86.85461,0
1832654,330,-86.29245,0
1832664,332,-86.01136,0
1832674,321,-87.55732,0
1832684,317,-88.11949,0
1832694,329,-86.43299,0
1832704,328,-86.57353,0
1832714,327,-86.71407,0
1832724,326,-86.85461,0
1832734,323,-87.27624,0
1832744,334,-85.73029,0
1832754,326,-86.85461,0
1832764,337,-85.30865,0
1832774,332,-86.01136,0
1832784,329,-86.43299,0
1832794,321,-87.55732,0
1832804,324,-87.1357,0
1832814,330,-86.29245,0
1832824,323,-87.27624,0
1832834,337,-85.30865,0
1832844,321,-87.55732,0
1832854,325,-86.99516,0
1832864,329,-86.43299,0
1832874,329,-86.43299,0
1832884,330,-86.29245,0
1832894,329,-86.43299,0
1832904,337,-85.30865,0
1832914,324,-87.1357,0
1832924,326,-86.85461,0
1832934,325,-86.99516,0
1832944,325,-86.99516,0
1832954,325,-86.99516,0
1832964,332,-86.01136,0
1832974,330,-86.29245,0
1832984,327,-86.71407,0
1832994,328,-86.57353,0
1833004,327,-86.71407,0
1833014,334,-85.73029,0
1833024,326,-86.85461,0
1833034,328,-86.57353,0
1833044,324,-87.1357,0
1833054,329,-86.43299,0
1833064,323,-87.27624,0
1833074,327,-86.71407,0
1833084,329,-86.43299,0
1833094,326,-86.85461,0
1833104,327,-86.71407,0
1833114,330,-86.29245,0
1833124,326,-86.85461,0
1833134,327,-86.71407,0
1833144,324,-87.1357,0
1833154,326,-86.85461,0
1833164,325,-86.99516,0
1833174,329,-86.43299,0
1833184,327,-86.71407,0
1833194,329,-86.43299,0
1833204,334,-85.73029,0
1833214,330,-86.29245,0
1833224,327,-86.71407,0
1833234,334,-85.73029,0
1833244,323,-87.27624,0
1833254,325,-86.99516,0
1833264,321,-87.55732,0
1833274,324,-87.1357,0
1833284,325,-86.99516,0
1833294,323,-87.27624,0
1833304,323,-87.27624,0
1833314,337,-85.30865,0
1833324,323,-87.27624,0
1833334,337,-85.30865,0
1833344,324,-87.1357,0
1833354,331,-86.1519,0
1833364,326,-86.85461,0
1833374,328,-86.57353,0
1833384,319,-87.83841,0
1833394,328,-86.57353,0
1833404,329,-86.43299,0
1833414,324,-87.1357,0
1833424,333,-85.87083,0
1833434,325,-86.99516,0
1833444,324,-87.1357,0
1833454,322,-87.41679,0
1833464,327,-86.71407,0
1833474,324,-87.1357,0
1833484,325,-86.99516,0
1833494,329,-86.43299,0
1833504,313,-88.68166,0
1833514,332,-86.01136,0
1833524,324,-87.1357,0
1833534,327,-86.71407,0
1833544,335,-85.58974,0
1833554,330,-86.29245,0
1833564,331,-86.1519,0
1833574,326,-86.85461,0
1833584,321,-87.55732,0
1833594,329,-86.43299,0
1833604,325,-86.99516,0
1833614,328,-86.57353,0
1833624,334,-85.73029,0
1833634,335,-85.58974,0
1833644,329,-86.43299,0
1833654,324,-87.1357,0
1833664,326,-86.85461,0
1833674,327,-86.71407,0
1833684,327,-86.71407,0
1833694,320,-87.69786,0
1833704,323,-87.27624,0
1833714,332,-86.01136,0
1833724,323,-87.27624,0
1833734,328,-86.57353,0
1833744,330,-86.29245,0
1833754,331,-86.1519,0
1833764,335,-85.58974,0
1833774,342,-84.60595,0
1833784,324,-87.1357,0
1833794,328,-86.57353,0
1833804,326,-86.85461,0
1833814,326,-86.85461,0
1833824,327,-86.71407,0
1833834,330,-86.29245,0
1833844,321,-87.55732,0
1833854,330,-86.29245,0
1833864,331,-86.1519,0
1833874,328,-86.57353,0
1833884,330,-86.29245,0
1833894,334,-85.73029,0
1833904,325,-86.99516,0
1833914,325,-86.99516,0
1833924,326,-86.85461,0
1833934,325,-86.99516,0
1833944,327,-86.71407,0
1833954,325,-86.99516,0
1833964,322,-87.41679,0
1833974,326,-86.85461,0
1833984,331,-86.1519,0
1833994,328,-86.57353,0
1834004,330,-86.29245,0
1834014,325,-86.99516,0
1834024,328,-86.57353,0
1834034,325,-86.99516,0
1834044,324,-87.1357,0
1834054,325,-86.99516,0
1834064,324,-87.1357,0
1834074,327,-86.71407,0
1834084,326,-86.85461,0
1834094,329,-86.43299,0
1834104,335,-85.58974,0
1834114,330,-86.29245,0
1834124,326,-86.85461,0
1834134,329,-86.43299,0
1834144,322,-87.41679,0
1834154,322,-87.41679,0
1834164,324,-87.1357,0
1834174,324,-87.1357,0
1834184,334,-85.73029,0
1834194,328,-86.57353,0
1834204,329,-86.43299,0
1834214,324,-87.1357,0
1834224,328,-86.57353,0
1834234,328,-86.57353,0
1834244,326,-86.85461,0
1834254,322,-87.41679,0
1834264,329,-86.43299,0
1834274,327,-86.71407,0
1834284,326,-86.85461,0
1834294,328,-86.57353,0
1834304,331,-86.1519,0
1834314,334,-85.73029,0
1834324,329,-86.43299,0
1834334,333,-85.87083,0
1834344,336,-85.4492,0
1834354,329,-86.43299,0
1834364,330,-86.29245,0
1834374,322,-87.41679,0
1834384,329,-86.43299,0
1834394,328,-86.57353,0
1834404,327,-86.71407,0
1834414,335,-85.58974,0
1834424,329,-86.43299,0
1834434,328,-86.57353,0
1834444,327,-86.71407,0
1834454,329,-86.43299,0
1834464,330,-86.29245,0
1834474,324,-87.1357,0
1834484,320,-87.69786,0
1834494,329,-86.43299,0
1834504,330,-86.29245,0
1834514,331,-86.1519,0
1834524,322,-87.41679,0
1834534,328,-86.57353,0
1834544,330,-86.29245,0
1834554,332,-86.01136,0
1834564,327,-86.71407,0
1834574,327,-86.71407,0
1834584,335,-85.58974,0
1834594,323,-87.27624,0
1834604,326,-86.85461,0
1834614,329,-86.43299,0
1834624,324,-87.1357,0
1834634,325,-86.99516,0
1834644,325,-86.99516,0
1834654,317,-88.11949,0
1834664,329,-86.43299,0
1834674,333,-85.87083,0
1834684,325,-86.99516,0
1834694,329,-86.43299,0
1834704,332,-86.01136,0
1834714,326,-86.85461,0
1834724,329,-86.43299,0
1834734,325,-86.99516,0
1834744,327,-86.71407,0
1834754,327,-86.71407,0
1834764,326,-86.85461,0
1834774,327,-86.71407,0
1834784,327,-86.71407,0
1834794,325,-86.99516,0
1834804,323,-87.27624,0
1834814,321,-87.55732,0
1834824,323,-87.27624,0
1834834,333,-85.87083,0
1834844,320,-87.69786,0
1834854,326,-86.85461,0
1834864,331,-86.1519,0
1834874,330,-86.29245,0
1834884,329,-86.43299,0
1834894,329,-86.43299,0
1834904,325,-86.99516,0
1834914,332,-86.01136,0
1834924,327,-86.71407,0
1834934,326,-86.85461,0
1834944,325,-86.99516,0
1834954,329,-86.43299,0
1834964,330,-86.29245,0
1834974,324,-87.1357,0
1834984,331,-86.1519,0
1834994,336,-85.4492,0
1835004,331,-86.1519,0
1835014,333,-85.87083,0
1835024,326,-86.85461,0
1835034,329,-86.43299,0
1835044,328,-86.57353,0
1835054,325,-86.99516,0
1835064,329,-86.43299,0
1835074,319,-87.83841,0
1835084,336,-85.4492,0
1835094,328,-86.57353,0
1835104,329,-86.43299,0
1835114,328,-86.57353,0
1835124,324,-87.1357,0
1835134,335,-85.58974,0
1835144,325,-86.99516,0
1835154,328,-86.57353,0
1835164,320,-87.69786,0
1835174,324,-87.1357,0
1835184,324,-87.1357,0
1835194,328,-86.57353,0
1835204,332,-86.01136,0
1835214,329,-86.43299,0
1835224,330,-86.29245,0
1835234,328,-86.57353,0
1835244,328,-86.57353,0
1835254,337,-85.30865,0
1835264,332,-86.01136,0
1835274,326,-86.85461,0
1835284,329,-86.43299,0
1835294,329,-86.43299,0
1835304,330,-86.29245,0
1835314,334,-85.73029,0
1835324,327,-86.71407,0
1835334,329,-86.43299,0
1835344,328,-86.57353,0
1835354,327,-86.71407,0
1835364,325,-86.99516,0
1835374,332,-86.01136,0
1835384,323,-87.27624,0
1835394,327,-86.71407,0
1835404,321,-87.55732,0
1835414,332,-86.01136,0
1835424,330,-86.29245,0
1835434,330,-86.29245,0
1835444,332,-86.01136,0
1835454,330,-86.29245,0
1835464,335,-85.58974,0
1835474,329,-86.43299,0
1835484,332,-86.01136,0
1835494,323,-87.27624,0
1835504,332,-86.01136,0
1835514,325,-86.99516,0
1835524,324,-87.1357,0
1835534,325,-86.99516,0
1835544,333,-85.87083,0
1835554,327,-86.71407,0
1835564,329,-86.43299,0
1835574,327,-86.71407,0
1835584,325,-86.99516,0
1835594,331,-86.1519,0
1835604,323,-87.27624,0
1835614,330,-86.29245,0
1835624,327,-86.71407,0
1835634,328,-86.57353,0
1835644,325,-86.99516,0
1835654,331,-86.1519,0
1835664,328,-86.57353,0
1835674,333,-85.87083,0
1835684,333,-85.87083,0
1835694,331,-86.1519,0
1835704,334,-85.73029,0
1835714,326,-86.85461,0
1835724,328,-86.57353,0
1835734,321,-87.55732,0
1835744,328,-86.57353,0
1835754,329,-86.43299,0
1835764,329,-86.43299,0
1835774,325,-86.99516,0
1835784,326,-86.85461,0
1835794,333,-85.87083,0
1835804,333,-85.87083,0
1835814,331,-86.1519,0
1835824,333,-85.87083,0
1835834,330,-86.29245,0
1835844,329,-86.43299,0
1835854,334,-85.73029,0
1835864,330,-86.29245,0
1835874,329,-86.43299,0
1835884,324,-87.1357,0
1835894,329,-86.43299,0
1835904,331,-86.1519,0
1835914,331,-86.1519,0
1835924,336,-85.4492,0
1835934,330,-86.29245,0
1835944,325,-86.99516,0
1835954,325,-86.99516,0
1835964,322,-87.41679,0
1835974,331,-86.1519,0
1835984,327,-86.71407,0
1835994,319,-87.83841,0
1836004,327,-86.71407,0
1836014,323,-87.27624,0
1836024,324,-87.1357,0
1836034,326,-86.85461,0
1836044,323,-87.27624,0
1836054,325,-86.99516,0
1836064,325,-86.99516,0
1836074,326,-86.85461,0
1836084,321,-87.55732,0
1836094,326,-86.85461,0
1836104,326,-86.85461,0
1836114,332,-86.01136,0
1836124,332,-86.01136,0
1836134,332,-86.01136,0
1836144,325,-86.99516,0
1836154,330,-86.29245,0
1836164,329,-86.43299,0
1836174,327,-86.71407,0
1836184,327,-86.71407,0
1836194,331,-86.1519,0
1836204,334,-85.73029,0
1836214,327,-86.71407,0
1836224,330,-86.29245,0
1836234,324,-87.1357,0
1836244,331,-86.1519,0
1836254,329,-86.43299,0
1836264,328,-86.57353,0
1836274,335,-85.58974,0
1836284,328,-86.57353,0
1836294,332,-86.01136,0
1836304,330,-86.29245,0
1836314,332,-86.01136,0
1836324,329,-86.43299,0
1836334,333,-85.87083,0
1836344,329,-86.43299,0
1836354,331,-86.1519,0
1836364,325,-86.99516,0
1836374,332,-86.01136,0
1836384,332,-86.01136,0
1836394,326,-86.85461,0
1836404,325,-86.99516,0
1836414,337,-85.30865,0
1836424,329,-86.43299,0
1836434,324,-87.1357,0
1836444,332,-86.01136,0
1836454,330,-86.29245,0
1836464,327,-86.71407,0
1836474,328,-86.57353,0
1836484,328,-86.57353,0
1836494,331,-86.1519,0
1836504,320,-87.69786,0
1836514,324,-87.1357,0
1836524,328,-86.57353,0
1836534,334,-85.73029,0
1836544,328,-86.57353,0
1836554,327,-86.71407,0
1836564,324,-87.1357,0
1836574,332,-86.01136,0
1836584,323,-87.27624,0
1836594,338,-85.16812,0
1836604,332,-86.01136,0
1836614,322,-87.41679,0
1836624,327,-86.71407,0
1836634,330,-86.29245,0
1836644,323,-87.27624,0
1836654,341,-84.74649,0
1836664,330,-86.29245,0
1836674,333,-85.87083,0
1836684,327,-86.71407,0
1836694,327,-86.71407,0
1836704,333,-85.87083,0
1836714,328,-86.57353,0
1836724,332,-86.01136,0
1836734,322,-87.41679,0
1836744,324,-87.1357,0
1836754,329,-86.43299,0
1836764,329,-86.43299,0
1836774,332,-86.01136,0
1836784,324,-87.1357,0
1836794,326,-86.85461,0
1836804,328,-86.57353,0
1836814,335,-85.58974,0
1836824,329,-86.43299,0
1836834,329,-86.43299,0
1836844,324,-87.1357,0
1836854,328,-86.57353,0
1836864,331,-86.1519,0
1836874,322,-87.41679,0
1836884,330,-86.29245,0
1836894,332,-86.01136,0
1836904,331,-86.1519,0
1836914,335,-85.58974,0
1836924,329,-86.43299,0
1836934,323,-87.27624,0
1836944,331,-86.1519,0
1836954,329,-86.43299,0
1836964,324,-87.1357,0
1836974,327,-86.71407,0
1836984,325,-86.99516,0
1836994,322,-87.41679,0
1837004,330,-86.29245,0
1837014,325,-86.99516,0
1837024,320,-87.69786,0
1837034,330,-86.29245,0
1837044,325,-86.99516,0
1837054,323,-87.27624,0
1837064,326,-86.85461,0
1837074,323,-87.27624,0
1837084,330,-86.29245,0
1837094,328,-86.57353,0
1837104,330,-86.29245,0
1837114,330,-86.29245,0
1837124,327,-86.71407,0
1837134,332,-86.01136,0
1837144,324,-87.1357,0
1837154,331,-86.1519,0
1837164,323,-87.27624,0
1837174,333,-85.87083,0
1837184,327,-86.71407,0
1837194,329,-86.43299,0
1837204,328,-86.57353,0
1837214,326,-86.85461,0
1837224,325,-86.99516,0
1837234,332,-86.01136,0
1837244,330,-86.29245,0
1837254,325,-86.99516,0
1837264,328,-86.57353,0
1837274,330,-86.29245,0
1837284,333,-85.87083,0
1837294,330,-86.29245,0
1837304,328,-86.57353,0
1837314,331,-86.1519,0
1837324,326,-86.85461,0
1837334,331,-86.1519,0
1837344,334,-85.73029,0
1837354,330,-86.29245,0
1837364,326,-86.85461,0
1837374,328,-86.57353,0
1837384,328,-86.57353,0
1837394,329,-86.43299,0
1837404,327,-86.71407,0
1837414,326,-86.85461,0
1837424,324,-87.1357,0
1837434,327,-86.71407,0
1837444,322,-87.41679,0
1837454,332,-86.01136,0
1837464,325,-86.99516,0
1837474,321,-87.55732,0
1837484,332,-86.01136,0
1837494,335,-85.58974,0
1837504,328,-86.57353,0
1837514,328,-86.57353,0
1837524,325,-86.99516,0
1837534,316,-88.26003,0
1837544,327,-86.71407,0
1837554,332,-86.01136,0
1837564,331,-86.1519,0
1837574,327,-86.71407,0
1837584,331,-86.1519,0
1837594,326,-86.85461,0
1837604,324,-87.1357,0
1837614,336,-85.4492,0
1837624,326,-86.85461,0
1837634,329,-86.43299,0
1837644,330,-86.29245,0
1837654,331,-86.1519,0
1837664,328,-86.57353,0
1837674,333,-85.87083,0
1837684,327,-86.71407,0
1837694,330,-86.29245,0
1837704,338,-85.16812,0
1837714,334,-85.73029,0
1837724,328,-86.57353,0
1837734,331,-86.1519,0
1837744,331,-86.1519,0
1837754,325,-86.99516,0
1837764,321,-87.55732,0
1837774,327,-86.71407,0
1837784,331,-86.1519,0
1837794,328,-86.57353,0
1837804,330,-86.29245,0
1837814,331,-86.1519,0
1837824,328,-86.57353,0
1837834,336,-85.4492,0
1837844,325,-86.99516,0
1837854,331,-86.1519,0
1837864,325,-86.99516,0
1837874,326,-86.85461,0
1837884,335,-85.58974,0
1837894,329,-86.43299,0
1837904,325,-86.99516,0
1837914,324,-87.1357,0
1837924,329,-86.43299,0
1837934,326,-86.85461,0
1837944,336,-85.4492,0
1837954,329,-86.43299,0
1837964,329,-86.43299,0
1837974,327,-86.71407,0
1837984,328,-86.57353,0
1837994,330,-86.29245,0
1838004,326,-86.85461,0
1838014,327,-86.71407,0
1838024,322,-87.41679,0
1838034,326,-86.85461,0
1838044,332,-86.01136,0
1838054,328,-86.57353,0
1838064,327,-86.71407,0
1838074,326,-86.85461,0
1838084,320,-87.69786,0
1838094,325,-86.99516,0
1838104,331,-86.1519,0
1838114,330,-86.29245,0
1838124,324,-87.1357,0
1838134,332,-86.01136,0
1838144,325,-86.99516,0
1838154,332,-86.01136,0
1838164,329,-86.43299,0
1838174,328,-86.57353,0
1838184,332,-86.01136,0
1838194,328,-86.57353,0
1838204,326,-86.85461,0
1838214,332,-86.01136,0
1838224,330,-86.29245,0
1838234,331,-86.1519,0
1838244,327,-86.71407,0
1838254,331,-86.1519,0
1838264,331,-86.1519,0
1838274,325,-86.99516,0
1838284,327,-86.71407,0
1838294,326,-86.85461,0
1838304,332,-86.01136,0
1838314,328,-86.57353,0
1838324,323,-87.27624,0
1838334,335,-85.58974,0
1838344,323,-87.27624,0
1838354,331,-86.1519,0
1838364,330,-86.29245,0
1838374,326,-86.85461,0
1838384,330,-86.29245,0
1838394,330,-86.29245,0
1838404,327,-86.71407,0
1838414,327,-86.71407,0
1838424,326,-86.85461,0
1838434,327,-86.71407,0
1838444,326,-86.85461,0
1838454,335,-85.58974,0
1838464,325,-86.99516,0
1838474,329,-86.43299,0
1838484,325,-86.99516,0
1838494,335,-85.58974,0
1838504,332,-86.01136,0
1838514,331,-86.1519,0
1838524,334,-85.73029,0
1838534,324,-87.1357,0
1838544,330,-86.29245,0
1838554,330,-86.29245,0
1838564,325,-86.99516,0
1838574,328,-86.57353,0
1838584,328,-86.57353,0
1838594,333,-85.87083,0
1838604,329,-86.43299,0
1838614,330,-86.29245,0
1838624,328,-86.57353,0
1838634,330,-86.29245,0
1838644,329,-86.43299,0
1838654,323,-87.27624,0
1838664,323,-87.27624,0
1838674,329,-86.43299,0
1838684,330,-86.29245,0
1838694,325,-86.99516,0
1838704,336,-85.4492,0
1838714,330,-86.29245,0
1838724,326,-86.85461,0
1838734,327,-86.71407,0
1838744,328,-86.57353,0
1838754,328,-86.57353,0
1838764,325,-86.99516,0
1838774,328,-86.57353,0
1838784,318,-87.97894,0
1838794,326,-86.85461,0
1838804,335,-85.58974,0
1838814,330,-86.29245,0
1838824,323,-87.27624,0
1838834,332,-86.01136,0
1838844,329,-86.43299,0
1838854,329,-86.43299,0
1838864,332,-86.01136,0
1838874,322,-87.41679,0
1838884,324,-87.1357,0
1838894,327,-86.71407,0
1838904,330,-86.29245,0
1838914,324,-87.1357,0
1838924,326,-86.85461,0
1838934,329,-86.43299,0
1838944,323,-87.27624,0
1838954,326,-86.85461,0
1838964,330,-86.29245,0
1838974,323,-87.27624,0
1838984,323,-87.27624,0
1838994,329,-86.43299,0
1839004,331,-86.1519,0
1839014,329,-86.43299,0
1839024,332,-86.01136,0
1839034,329,-86.43299,0
1839044,334,-85.73029,0
1839054,326,-86.85461,0
1839064,328,-86.57353,0
1839074,329,-86.43299,0
1839084,318,-87.97894,0
1839094,331,-86.1519,0
1839104,323,-87.27624,0
1839114,331,-86.1519,0
1839124,327,-86.71407,0
1839134,322,-87.41679,0
1839144,327,-86.71407,0
1839154,332,-86.01136,0
1839164,332,-86.01136,0
1839174,324,-87.1357,0
1839184,319,-87.83841,0
1839194,321,-87.55732,0
1839204,327,-86.71407,0
1839214,320,-87.69786,0
1839224,329,-86.43299,0
1839234,329,-86.43299,0
1839244,332,-86.01136,0
1839254,335,-85.58974,0
1839264,328,-86.57353,0
1839274,333,-85.87083,0
1839284,336,-85.4492,0
1839294,334,-85.73029,0
1839304,324,-87.1357,0
1839314,326,-86.85461,0
1839324,328,-86.57353,0
1839334,330,-86.29245,0
1839344,322,-87.41679,0
1839354,329,-86.43299,0
1839364,323,-87.27624,0
1839374,333,-85.87083,0
1839384,329,-86.43299,0
1839394,326,-86.85461,0
1839404,329,-86.43299,0
1839414,322,-87.41679,0
1839424,330,-86.29245,0
1839434,329,-86.43299,0
1839444,328,-86.57353,0
1839454,336,-85.4492,0
1839464,329,-86.43299,0
1839474,331,-86.1519,0
1839484,328,-86.57353,0
1839494,332,-86.01136,0
1839504,327,-86.71407,0
1839514,328,-86.57353,0
1839524,329,-86.43299,0
1839534,333,-85.87083,0
1839544,331,-86.1519,0
1839554,326,-86.85461,0
1839564,333,-85.87083,0
1839574,328,-86.57353,0
1839584,335,-85.58974,0
1839594,327,-86.71407,0
1839604,329,-86.43299,0
1839614,335,-85.58974,0
1839624,328,-86.57353,0
1839634,334,-85.73029,0
1839644,327,-86.71407,0
1839654,326,-86.85461,0
1839664,332,-86.01136,0
1839674,332,-86.01136,0
1839684,327,-86.71407,0
1839694,329,-86.43299,0
1839704,325,-86.99516,0
1839714,329,-86.43299,0
1839724,334,-85.73029,0
1839734,324,-87.1357,0
1839744,322,-87.41679,0
1839754,330,-86.29245,0
1839764,326,-86.85461,0
1839774,325,-86.99516,0
1839784,334,-85.73029,0
1839794,326,-86.85461,0
1839804,333,-85.87083,0
1839814,334,-85.73029,0
1839824,327,-86.71407,0
1839834,333,-85.87083,0
1839844,331,-86.1519,0
1839854,326,-86.85461,0
1839864,335,-85.58974,0
1839874,320,-87.69786,0
1839884,328,-86.57353,0
1839894,321,-87.55732,0
1839904,331,-86.1519,0
1839914,328,-86.57353,0
1839924,331,-86.1519,0
1839934,321,-87.55732,0
1839944,335,-85.58974,0
1839954,331,-86.1519,0
1839964,327,-86.71407,0
1839974,324,-87.1357,0
1839984,335,-85.58974,0
1839994,324,-87.1357,0
1840004,324,-87.1357,0
1840014,325,-86.99516,0
1840024,331,-86.1519,0
1840034,331,-86.1519,0
1840044,320,-87.69786,0
1840054,324,-87.1357,0
1840064,328,-86.57353,0
1840074,326,-86.85461,0
1840084,334,-85.73029,0
1840094,330,-86.29245,0
1840104,331,-86.1519,0
1840114,327,-86.71407,0
1840124,329,-86.43299,0
1840134,332,-86.01136,0
1840144,329,-86.43299,0
1840154,336,-85.4492,0
1840164,329,-86.43299,0
1840174,331,-86.1519,0
1840184,326,-86.85461,0
1840194,330,-86.29245,0
1840204,332,-86.01136,0
1840214,326,-86.85461,0
1840224,324,-87.1357,0
1840234,329,-86.43299,0
1840244,340,-84.88703,0
1840254,323,-87.27624,0
1840264,329,-86.43299,0
1840274,332,-86.01136,0
1840284,328,-86.57353,0
1840294,315,-88.40057,0
1840304,331,-86.1519,0
1840314,327,-86.71407,0
1840324,326,-86.85461,0
1840334,326,-86.85461,0
1840344,326,-86.85461,0
1840354,331,-86.1519,0
1840364,333,-85.87083,0
1840374,329,-86.43299,0
1840384,330,-86.29245,0
1840394,332,-86.01136,0
1840404,333,-85.87083,0
1840414,331,-86.1519,0
1840424,328,-86.57353,0
1840434,327,-86.71407,0
1840444,327,-86.71407,0
1840454,323,-87.27624,0
1840464,327,-86.71407,0
1840474,329,-86.43299,0
1840484,335,-85.58974,0
1840494,328,-86.57353,0
1840504,327,-86.71407,0
1840514,326,-86.85461,0
1840524,324,-87.1357,0
1840534,332,-86.01136,0
1840544,329,-86.43299,0
1840554,330,-86.29245,0
1840564,328,-86.57353,0
1840574,334,-85.73029,0
1840584,332,-86.01136,0
1840594,331,-86.1519,0
1840604,334,-85.73029,0
1840614,332,-86.01136,0
1840624,330,-86.29245,0
1840634,328,-86.57353,0
1840644,326,-86.85461,0
1840654,329,-86.43299,0
1840664,329,-86.43299,0
1840674,323,-87.27624,0
1840684,332,-86.01136,0
1840694,321,-87.55732,0
1840704,327,-86.71407,0
1840714,324,-87.1357,0
1840724,333,-85.87083,0
1840734,326,-86.85461,0
1840744,328,-86.57353,0
1840754,328,-86.57353,0
1840764,331,-86.1519,0
1840774,329,-86.43299,0
1840784,322,-87.41679,0
1840794,330,-86.29245,0
1840804,328,-86.57353,0
1840814,329,-86.43299,0
1840824,326,-86.85461,0
1840834,335,-85.58974,0
1840844,334,-85.73029,0
1840854,331,-86.1519,0
1840864,334,-85.73029,0
1840874,331,-86.1519,0
1840884,329,-86.43299,0
1840894,330,-86.29245,0
1840904,330,-86.29245,0
1840914,328,-86.57353,0
1840924,326,-86.85461,0
1840934,336,-85.4492,0
1840944,335,-85.58974,0
1840954,331,-86.1519,0
1840964,324,-87.1357,0
1840974,336,-85.4492,0
1840984,328,-86.57353,0
1840994,330,-86.29245,0
1841004,325,-86.99516,0
1841014,328,-86.57353,0
1841024,329,-86.43299,0
1841034,332,-86.01136,0
1841044,327,-86.71407,0
1841054,334,-85.73029,0
1841064,333,-85.87083,0
1841074,332,-86.01136,0
1841084,328,-86.57353,0
1841094,333,-85.87083,0
1841104,328,-86.57353,0
1841114,325,-86.99516,0
1841124,326,-86.85461,0
1841134,325,-86.99516,0
1841144,324,-87.1357,0
1841154,331,-86.1519,0
1841164,332,-86.01136,0
1841174,325,-86.99516,0
1841184,332,-86.01136,0
1841194,337,-85.30865,0
1841204,330,-86.29245,0
1841214,329,-86.43299,0
1841224,325,-86.99516,0
1841234,328,-86.57353,0
1841244,326,-86.85461,0
1841254,334,-85.73029,0
1841264,326,-86.85461,0
1841274,328,-86.57353,0
1841284,331,-86.1519,0
1841294,332,-86.01136,0
1841304,328,-86.57353,0
1841314,317,-88.11949,0
1841324,330,-86.29245,0
1841334,333,-85.87083,0
1841344,329,-86.43299,0
1841354,333,-85.87083,0
1841364,332,-86.01136,0
1841374,331,-86.1519,0
1841384,332,-86.01136,0
1841394,332,-86.01136,0
1841404,327,-86.71407,0
1841414,332,-86.01136,0
1841424,331,-86.1519,0
1841434,327,-86.71407,0
1841444,334,-85.73029,0
1841454,329,-86.43299,0
1841464,325,-86.99516,0
1841474,332,-86.01136,0
1841484,334,-85.73029,0
1841494,332,-86.01136,0
1841504,325,-86.99516,0
1841514,332,-86.01136,0
1841524,330,-86.29245,0
1841534,327,-86.71407,0
1841544,329,-86.43299,0
1841554,332,-86.01136,0
1841564,323,-87.27624,0
1841574,326,-86.85461,0
1841584,327,-86.71407,0
1841594,331,-86.1519,0
1841604,332,-86.01136,0
1841614,335,-85.58974,0
1841624,327,-86.71407,0
1841634,330,-86.29245,0
1841644,324,-87.1357,0
1841654,336,-85.4492,0
1841664,329,-86.43299,0
1841674,332,-86.01136,0
1841684,321,-87.55732,0
1841694,323,-87.27624,0
1841704,328,-86.57353,0
1841714,324,-87.1357,0
1841724,338,-85.16812,0
1841734,328,-86.57353,0
1841744,331,-86.1519,0
1841754,327,-86.71407,0
1841764,330,-86.29245,0
1841774,325,-86.99516,0
1841784,331,-86.1519,0
1841794,325,-86.99516,0
1841804,325,-86.99516,0
1841814,327,-86.71407,0
1841824,325,-86.99516,0
1841834,330,-86.29245,0
1841844,338,-85.16812,0
1841854,335,-85.58974,0
1841864,332,-86.01136,0
1841874,333,-85.87083,0
1841884,333,-85.87083,0
1841894,332,-86.01136,0
1841904,326,-86.85461,0
1841914,327,-86.71407,0
1841924,328,-86.57353,0
1841934,330,-86.29245,0
1841944,331,-86.1519,0
1841954,332,-86.01136,0
1841964,330,-86.29245,0
1841974,336,-85.4492,0
1841984,337,-85.30865,0
1841994,325,-86.99516,0
1842004,331,-86.1519,0
1842014,325,-86.99516,0
1842024,327,-86.71407,0
1842034,331,-86.1519,0
1842044,331,-86.1519,0
1842054,324,-87.1357,0
1842064,334,-85.73029,0
1842074,333,-85.87083,0
1842084,328,-86.57353,0
1842094,331,-86.1519,0
1842104,328,-86.57353,0
1842114,325,-86.99516,0
1842124,333,-85.87083,0
1842134,327,-86.71407,0
1842144,328,-86.57353,0
1842154,324,-87.1357,0
1842164,334,-85.73029,0
1842174,330,-86.29245,0
1842184,326,-86.85461,0
1842194,332,-86.01136,0
1842204,332,-86.01136,0
1842214,334,-85.73029,0
1842224,334,-85.73029,0
1842234,333,-85.87083,0
1842244,327,-86.71407,0
1842254,330,-86.29245,0
1842264,324,-87.1357,0
1842274,327,-86.71407,0
1842284,332,-86.01136,0
1842294,330,-86.29245,0
1842304,333,-85.87083,0
1842314,319,-87.83841,0
1842324,332,-86.01136,0
1842334,328,-86.57353,0
1842344,333,-85.87083,0
1842354,334,-85.73029,0
1842364,327,-86.71407,0
1842374,334,-85.73029,0
1842384,329,-86.43299,0
1842394,336,-85.4492,0
1842404,334,-85.73029,0
1842414,331,-86.1519,0
1842424,333,-85.87083,0
1842434,328,-86.57353,0
1842444,326,-86.85461,0
1842454,329,-86.43299,0
1842464,328,-86.57353,0
1842474,323,-87.27624,0
1842484,331,-86.1519,0
1842494,325,-86.99516,0
1842504,336,-85.4492,0
1842514,328,-86.57353,0
1842524,333,-85.87083,0
1842534,325,-86.99516,0
1842544,319,-87.83841,0
1842554,332,-86.01136,0
1842564,331,-86.1519,0
1842574,335,-85.58974,0
1842584,331,-86.1519,0
1842594,327,-86.71407,0
1842604,327,-86.71407,0
1842614,330,-86.29245,0
1842624,332,-86.01136,0
1842634,336,-85.4492,0
1842644,328,-86.57353,0
1842654,330,-86.29245,0
1842664,323,-87.27624,0
1842674,333,-85.87083,0
1842684,328,-86.57353,0
1842694,330,-86.29245,0
1842704,328,-86.57353,0
1842714,327,-86.71407,0
1842724,330,-86.29245,0
1842734,328,-86.57353,0
1842744,327,-86.71407,0
1842754,329,-86.43299,0
1842764,333,-85.87083,0
1842774,327,-86.71407,0
1842784,333,-85.87083,0
1842794,332,-86.01136,0
1842804,333,-85.87083,0
1842814,323,-87.27624,0
1842824,326,-86.85461,0
1842834,329,-86.43299,0
1842844,333,-85.87083,0
1842854,321,-87.55732,0
1842864,325,-86.99516,0
1842874,328,-86.57353,0
1842884,330,-86.29245,0
1842894,335,-85.58974,0
1842904,328,-86.57353,0
1842914,325,-86.99516,0
1842924,327,-86.71407,0
1842934,330,-86.29245,0
1842944,322,-87.41679,0
1842954,326,-86.85461,0
1842964,332,-86.01136,0
1842974,334,-85.73029,0
1842984,328,-86.57353,0
1842994,331,-86.1519,0
1843004,328,-86.57353,0
1843014,328,-86.57353,0
1843024,332,-86.01136,0
1843034,325,-86.99516,0
1843044,329,-86.43299,0
1843054,317,-88.11949,0
1843064,326,-86.85461,0
1843074,330,-86.29245,0
1843084,336,-85.4492,0
1843094,332,-86.01136,0
1843104,332,-86.01136,0
1843114,330,-86.29245,0
1843124,326,-86.85461,0
1843134,334,-85.73029,0
1843144,329,-86.43299,0
1843154,327,-86.71407,0
1843164,328,-86.57353,0
1843174,324,-87.1357,0
1843184,323,-87.27624,0
1843194,328,-86.57353,0
1843204,325,-86.99516,0
1843214,320,-87.69786,0
1843224,336,-85.4492,0
1843234,326,-86.85461,0
1843244,327,-86.71407,0
1843254,331,-86.1519,0
1843264,332,-86.01136,0
1843274,326,-86.85461,0
1843284,327,-86.71407,0
1843294,328,-86.57353,0
1843304,334,-85.73029,0
1843314,318,-87.97894,0
1843324,327,-86.71407,0
1843334,332,-86.01136,0
1843344,337,-85.30865,0
1843354,329,-86.43299,0
1843364,335,-85.58974,0
1843374,327,-86.71407,0
1843384,325,-86.99516,0
1843394,333,-85.87083,0
1843404,330,-86.29245,0
1843414,330,-86.29245,0
1843424,331,-86.1519,0
1843434,334,-85.73029,0
1843444,333,-85.87083,0
1843454,330,-86.29245,0
1843464,326,-86.85461,0
1843474,329,-86.43299,0
1843484,327,-86.71407,0
1843494,328,-86.57353,0
1843504,327,-86.71407,0
1843514,324,-87.1357,0
1843524,332,-86.01136,0
1843534,322,-87.41679,0
1843544,333,-85.87083,0
1843554,326,-86.85461,0
1843564,331,-86.1519,0
1843574,326,-86.85461,0
1843584,324,-87.1357,0
1843594,334,-85.73029,0
1843604,323,-87.27624,0
1843614,327,-86.71407,0
1843624,333,-85.87083,0
1843634,331,-86.1519,0
1843644,333,-85.87083,0
1843654,329,-86.43299,0
1843664,332,-86.01136,0
1843674,330,-86.29245,0
1843684,337,-85.30865,0
1843694,329,-86.43299,0
1843704,333,-85.87083,0
1843714,325,-86.99516,0
1843724,324,-87.1357,0
1843734,325,-86.99516,0
1843744,334,-85.73029,0
1843754,334,-85.73029,0
1843764,333,-85.87083,0
1843774,333,-85.87083,0
1843784,334,-85.73029,0
1843794,329,-86.43299,0
1843804,328,-86.57353,0
1843814,336,-85.4492,0
1843824,326,-86.85461,0
1843834,327,-86.71407,0
1843844,330,-86.29245,0
1843854,331,-86.1519,0
1843864,335,-85.58974,0
1843874,324,-87.1357,0
1843884,327,-86.71407,0
1843894,331,-86.1519,0
1843904,330,-86.29245,0
1843914,326,-86.85461,0
1843924,328,-86.57353,0
1843934,329,-86.43299,0
1843944,325,-86.99516,0
1843954,339,-85.02757,0
1843964,320,-87.69786,0
1843974,329,-86.43299,0
1843984,325,-86.99516,0
1843994,328,-86.57353,0
1844004,335,-85.58974,0
1844014,332,-86.01136,0
1844024,334,-85.73029,0
1844034,331,-86.1519,0
1844044,326,-86.85461,0
1844054,326,-86.85461,0
1844064,330,-86.29245,0
1844074,325,-86.99516,0
1844084,331,-86.1519,0
1844094,334,-85.73029,0
1844104,327,-86.71407,0
1844114,330,-86.29245,0
1844124,332,-86.01136,0
1844134,328,-86.57353,0
1844144,329,-86.43299,0
1844154,318,-87.97894,0
1844164,322,-87.41679,0
1844174,323,-87.27624,0
1844184,327,-86.71407,0
1844194,329,-86.43299,0
1844204,334,-85.73029,0
1844214,334,-85.73029,0
1844224,341,-84.74649,0
1844234,329,-86.43299,0
1844244,335,-85.58974,0
1844254,328,-86.57353,0
1844264,323,-87.27624,0
1844274,322,-87.41679,0
1844284,332,-86.01136,0
1844294,325,-86.99516,0
1844304,330,-86.29245,0
1844314,325,-86.99516,0
1844324,333,-85.87083,0
1844334,324,-87.1357,0
1844344,330,-86.29245,0
1844354,333,-85.87083,0
1844364,336,-85.4492,0
1844374,333,-85.87083,0
1844384,323,-87.27624,0
1844394,333,-85.87083,0
1844404,336,-85.4492,0
1844414,324,-87.1357,0
1844424,331,-86.1519,0
1844434,326,-86.85461,0
1844444,330,-86.29245,0
1844454,333,-85.87083,0
1844464,330,-86.29245,0
1844474,332,-86.01136,0
1844484,324,-87.1357,0
1844494,331,-86.1519,0
1844504,328,-86.57353,0
1844514,318,-87.97894,0
1844524,333,-85.87083,0
1844534,328,-86.57353,0
1844544,327,-86.71407,0
1844554,331,-86.1519,0
1844564,328,-86.57353,0
1844574,328,-86.57353,0
1844584,326,-86.85461,0
1844594,330,-86.29245,0
1844604,335,-85.58974,0
1844614,329,-86.43299,0
1844624,325,-86.99516,0
1844634,326,-86.85461,0
1844644,332,-86.01136,0
1844654,325,-86.99516,0
1844664,334,-85.73029,0
1844674,331,-86.1519,0
1844684,336,-85.4492,0
1844694,331,-86.1519,0
1844704,324,-87.1357,0
1844714,331,-86.1519,0
1844724,333,-85.87083,0
1844734,328,-86.57353,0
1844744,328,-86.57353,0
1844754,325,-86.99516,0
1844764,331,-86.1519,0
1844774,333,-85.87083,0
1844784,328,-86.57353,0
1844794,330,-86.29245,0
1844804,332,-86.01136,0
1844814,327,-86.71407,0
1844824,328,-86.57353,0
1844834,334,-85.73029,0
1844844,328,-86.57353,0
1844854,321,-87.55732,0
1844864,326,-86.85461,0
1844874,329,-86.43299,0
1844884,331,-86.1519,0
1844894,329,-86.43299,0
1844904,329,-86.43299,0
1844914,339,-85.02757,0
1844924,328,-86.57353,0
1844934,333,-85.87083,0
1844944,329,-86.43299,0
1844954,324,-87.1357,0
1844964,326,-86.85461,0
1844974,325,-86.99516,0
1844984,330,-86.29245,0
1844994,330,-86.29245,0
1845004,333,-85.87083,0
1845014,327,-86.71407,0
1845024,327,-86.71407,0
1845034,335,-85.58974,0
1845044,326,-86.85461,0
1845054,328,-86.57353,0
1845064,330,-86.29245,0
1845074,326,-86.85461,0
1845084,329,-86.43299,0
1845094,332,-86.01136,0
1845104,328,-86.57353,0
1845114,330,-86.29245,0
1845124,332,-86.01136,0
1845134,338,-85.16812,0
1845144,332,-86.01136,0
1845154,328,-86.57353,0
1845164,331,-86.1519,0
1845174,336,-85.4492,0
1845184,332,-86.01136,0
1845194,326,-86.85461,0
1845204,326,-86.85461,0
1845214,326,-86.85461,0
1845224,333,-85.87083,0
1845234,335,-85.58974,0
1845244,327,-86.71407,0
1845254,327,-86.71407,0
1845264,331,-86.1519,0
1845274,329,-86.43299,0
1845284,331,-86.1519,0
1845294,328,-86.57353,0
1845304,328,-86.57353,0
1845314,330,-86.29245,0
1845324,320,-87.69786,0
1845334,329,-86.43299,0
1845344,334,-85.73029,0
1845354,319,-87.83841,0
1845364,332,-86.01136,0
1845374,328,-86.57353,0
1845384,329,-86.43299,0
1845394,338,-85.16812,0
1845404,321,-87.55732,0
1845414,324,-87.1357,0
1845424,330,-86.29245,0
1845434,324,-87.1357,0
1845444,328,-86.57353,0
1845454,334,-85.73029,0
1845464,331,-86.1519,0
1845474,327,-86.71407,0
1845484,333,-85.87083,0
1845494,336,-85.4492,0
1845504,335,-85.58974,0
1845514,328,-86.57353,0
1845524,328,-86.57353,0
1845534,325,-86.99516,0
1845544,327,-86.71407,0
1845554,332,-86.01136,0
1845564,324,-87.1357,0
1845574,325,-86.99516,0
1845584,330,-86.29245,0
1845594,331,-86.1519,0
1845604,327,-86.71407,0
1845614,337,-85.30865,0
1845624,331,-86.1519,0
1845634,327,-86.71407,0
1845644,325,-86.99516,0
1845654,327,-86.71407,0
1845664,336,-85.4492,0
1845674,329,-86.43299,0
1845684,332,-86.01136,0
1845694,330,-86.29245,0
1845704,331,-86.1519,0
1845714,330,-86.29245,0
1845724,330,-86.29245,0
1845734,331,-86.1519,0
1845744,330,-86.29245,0
1845754,328,-86.57353,0
1845764,327,-86.71407,0
1845774,334,-85.73029,0
1845784,326,-86.85461,0
1845794,333,-85.87083,0
1845804,333,-85.87083,0
1845814,333,-85.87083,0
1845824,328,-86.57353,0
1845834,329,-86.43299,0
1845844,325,-86.99516,0
1845854,326,-86.85461,0
1845864,325,-86.99516,0
1845874,325,-86.99516,0
1845884,323,-87.27624,0
1845894,331,-86.1519,0
1845904,335,-85.58974,0
1845914,334,-85.73029,0
1845924,329,-86.43299,0
1845934,337,-85.30865,0
1845944,336,-85.4492,0
1845954,331,-86.1519,0
1845964,334,-85.73029,0
1845974,321,-87.55732,0
1845984,330,-86.29245,0
1845994,334,-85.73029,0
1846004,329,-86.43299,0
1846014,327,-86.71407,0
1846024,333,-85.87083,0
1846034,330,-86.29245,0
1846044,334,-85.73029,0
1846054,335,-85.58974,0
1846064,325,-86.99516,0
1846074,327,-86.71407,0
1846084,329,-86.43299,0
1846094,324,-87.1357,0
1846104,324,-87.1357,0
1846114,323,-87.27624,0
1846124,327,-86.71407,0
1846134,332,-86.01136,0
1846144,329,-86.43299,0
1846154,328,-86.57353,0
1846164,330,-86.29245,0
1846174,328,-86.57353,0
1846184,328,-86.57353,0
1846194,331,-86.1519,0
1846204,330,-86.29245,0
1846214,330,-86.29245,0
1846224,329,-86.43299,0
1846234,332,-86.01136,0
1846244,324,-87.1357,0
1846254,331,-86.1519,0
1846264,332,-86.01136,0
1846274,327,-86.71407,0
1846284,330,-86.29245,0
1846294,332,-86.01136,0
1846304,323,-87.27624,0
1846314,326,-86.85461,0
1846324,327,-86.71407,0
1846334,318,-87.97894,0
1846344,325,-86.99516,0
1846354,329,-86.43299,0
1846364,340,-84.88703,0
1846374,327,-86.71407,0
1846384,329,-86.43299,0
1846394,329,-86.43299,0
1846404,332,-86.01136,0
1846414,331,-86.1519,0
1846424,327,-86.71407,0
1846434,325,-86.99516,0
1846444,326,-86.85461,0
1846454,333,-85.87083,0
1846464,332,-86.01136,0
1846474,330,-86.29245,0
1846484,332,-86.01136,0
1846494,327,-86.71407,0
1846504,336,-85.4492,0
1846514,333,-85.87083,0
1846524,330,-86.29245,0
1846534,325,-86.99516,0
1846544,332,-86.01136,0
1846554,330,-86.29245,0
1846564,323,-87.27624,0
1846574,331,-86.1519,0
1846584,335,-85.58974,0
1846594,328,-86.57353,0
1846604,330,-86.29245,0
1846614,328,-86.57353,0
1846624,333,-85.87083,0
1846634,330,-86.29245,0
1846644,329,-86.43299,0
1846654,331,-86.1519,0
1846664,338,-85.16812,0
1846674,336,-85.4492,0
1846684,331,-86.1519,0
1846694,327,-86.71407,0
1846704,335,-85.58974,0
1846714,332,-86.01136,0
1846724,333,-85.87083,0
1846734,323,-87.27624,0
1846744,328,-86.57353,0
1846754,330,-86.29245,0
1846764,324,-87.1357,0
1846774,329,-86.43299,0
1846784,330,-86.29245,0
1846794,333,-85.87083,0
1846804,330,-86.29245,0
1846814,330,-86.29245,0
1846824,335,-85.58974,0
1846834,326,-86.85461,0
1846844,335,-85.58974,0
1846854,331,-86.1519,0
1846864,325,-86.99516,0
1846874,329,-86.43299,0
1846884,323,-87.27624,0
1846894,329,-86.43299,0
1846904,328,-86.57353,0
1846914,329,-86.43299,0
1846924,334,-85.73029,0
1846934,326,-86.85461,0
1846944,331,-86.1519,0
1846954,337,-85.30865,0
1846964,329,-86.43299,0
1846974,327,-86.71407,0
1846984,331,-86.1519,0
1846994,326,-86.85461,0
1847004,327,-86.71407,0
1847014,331,-86.1519,0
1847024,332,-86.01136,0
1847034,326,-86.85461,0
1847044,332,-86.01136,0
1847054,328,-86.57353,0
1847064,329,-86.43299,0
1847074,333,-85.87083,0
1847084,326,-86.85461,0
1847094,325,-86.99516,0
1847104,327,-86.71407,0
1847114,330,-86.29245,0
1847124,334,-85.73029,0
1847134,328,-86.57353,0
1847144,328,-86.57353,0
1847154,329,-86.43299,0
1847164,330,-86.29245,0
1847174,332,-86.01136,0
1847184,337,-85.30865,0
1847194,331,-86.1519,0
1847204,331,-86.1519,0
1847214,327,-86.71407,0
1847224,329,-86.43299,0
1847234,321,-87.55732,0
1847244,332,-86.01136,0
1847254,320,-87.69786,0
1847264,331,-86.1519,0
1847274,336,-85.4492,0
1847284,324,-87.1357,0
1847294,332,-86.01136,0
1847304,337,-85.30865,0
1847314,330,-86.29245,0
1847324,324,-87.1357,0
1847334,332,-86.01136,0
1847344,330,-86.29245,0
1847354,333,-85.87083,0
1847364,335,-85.58974,0
1847374,332,-86.01136,0
1847384,338,-85.16812,0
1847394,332,-86.01136,0
1847404,336,-85.4492,0
1847414,330,-86.29245,0
1847424,325,-86.99516,0
1847434,325,-86.99516,0
1847444,329,-86.43299,0
1847454,327,-86.71407,0
1847464,332,-86.01136,0
1847474,334,-85.73029,0
1847484,334,-85.73029,0
1847494,334,-85.73029,0
1847504,333,-85.87083,0
1847514,328,-86.57353,0
1847524,331,-86.1519,0
1847534,328,-86.57353,0
1847544,330,-86.29245,0
1847554,324,-87.1357,0
1847564,330,-86.29245,0
1847574,331,-86.1519,0
1847584,331,-86.1519,0
1847594,333,-85.87083,0
1847604,331,-86.1519,0
1847614,325,-86.99516,0
1847624,334,-85.73029,0
1847634,335,-85.58974,0
1847644,330,-86.29245,0
1847654,326,-86.85461,0
1847664,323,-87.27624,0
1847674,320,-87.69786,0
1847684,326,-86.85461,0
1847694,336,-85.4492,0
1847704,336,-85.4492,0
1847714,333,-85.87083,0
1847724,327,-86.71407,0
1847734,333,-85.87083,0
1847744,328,-86.57353,0
1847754,331,-86.1519,0
1847764,327,-86.71407,0
1847774,323,-87.27624,0
1847784,329,-86.43299,0
1847794,327,-86.71407,0
1847804,330,-86.29245,0
1847814,337,-85.30865,0
1847824,327,-86.71407,0
1847834,327,-86.71407,0
1847844,326,-86.85461,0
1847854,330,-86.29245,0
1847864,328,-86.57353,0
1847874,328,-86.57353,0
1847884,330,-86.29245,0
1847894,330,-86.29245,0
1847904,331,-86.1519,0
1847914,326,-86.85461,0
1847924,328,-86.57353,0
1847934,334,-85.73029,0
1847944,330,-86.29245,0
1847954,325,-86.99516,0
1847964,331,-86.1519,0
1847974,320,-87.69786,0
1847984,326,-86.85461,0
1847994,327,-86.71407,0
1848004,328,-86.57353,0
1848014,333,-85.87083,0
1848024,333,-85.87083,0
1848034,331,-86.1519,0
1848044,333,-85.87083,0
1848054,329,-86.43299,0
1848064,335,-85.58974,0
1848074,326,-86.85461,0
1848084,323,-87.27624,0
1848094,328,-86.57353,0
1848104,329,-86.43299,0
1848114,328,-86.57353,0
1848124,325,-86.99516,0
1848134,331,-86.1519,0
1848144,330,-86.29245,0
1848154,329,-86.43299,0
1848164,336,-85.4492,0
1848174,332,-86.01136,0
1848184,332,-86.01136,0
1848194,317,-88.11949,0
1848204,327,-86.71407,0
1848214,329,-86.43299,0
1848224,332,-86.01136,0
1848234,325,-86.99516,0
1848244,331,-86.1519,0
1848254,328,-86.57353,0
1848264,337,-85.30865,0
1848274,325,-86.99516,0
1848284,326,-86.85461,0
1848294,329,-86.43299,0
1848304,333,-85.87083,0
1848314,321,-87.55732,0
1848324,334,-85.73029,0
1848334,327,-86.71407,0
1848344,326,-86.85461,0
1848354,332,-86.01136,0
1848364,328,-86.57353,0
1848374,332,-86.01136,0
1848384,333,-85.87083,0
1848394,333,-85.87083,0
1848404,332,-86.01136,0
1848414,328,-86.57353,0
1848424,328,-86.57353,0
1848434,331,-86.1519,0
1848444,329,-86.43299,0
1848454,329,-86.43299,0
1848464,330,-86.29245,0
1848474,332,-86.01136,0
1848484,330,-86.29245,0
1848494,333,-85.87083,0
1848504,334,-85.73029,0
1848514,327,-86.71407,0
1848524,331,-86.1519,0
1848534,332,-86.01136,0
1848544,333,-85.87083,0
1848554,329,-86.43299,0
1848564,323,-87.27624,0
1848574,327,-86.71407,0
1848584,325,-86.99516,0
1848594,329,-86.43299,0
1848604,331,-86.1519,0
1848614,330,-86.29245,0
1848624,328,-86.57353,0
1848634,331,-86.1519,0
1848644,334,-85.73029,0
1848654,329,-86.43299,0
1848664,331,-86.1519,0
1848674,324,-87.1357,0
1848684,334,-85.73029,0
1848694,333,-85.87083,0
1848704,329,-86.43299,0
1848714,327,-86.71407,0
1848724,325,-86.99516,0
1848734,329,-86.43299,0
1848744,330,-86.29245,0
1848754,327,-86.71407,0
1848764,330,-86.29245,0
1848774,329,-86.43299,0
1848784,322,-87.41679,0
1848794,334,-85.73029,0
1848804,322,-87.41679,0
1848814,325,-86.99516,0
1848824,334,-85.73029,0
1848834,333,-85.87083,0
1848844,327,-86.71407,0
1848854,330,-86.29245,0
1848864,332,-86.01136,0
1848874,326,-86.85461,0
1848884,333,-85.87083,0
1848894,329,-86.43299,0
1848904,327,-86.71407,0
1848914,332,-86.01136,0
1848924,329,-86.43299,0
1848934,340,-84.88703,0
1848944,330,-86.29245,0
1848954,332,-86.01136,0
1848964,338,-85.16812,0
1848974,332,-86.01136,0
1848984,331,-86.1519,0
1848994,334,-85.73029,0
1849004,329,-86.43299,0
1849014,324,-87.1357,0
1849024,329,-86.43299,0
1849034,329,-86.43299,0
1849044,325,-86.99516,0
1849054,328,-86.57353,0
1849064,330,-86.29245,0
1849074,337,-85.30865,0
1849084,331,-86.1519,0
1849094,321,-87.55732,0
1849104,330,-86.29245,0
1849114,323,-87.27624,0
1849124,330,-86.29245,0
1849134,324,-87.1357,0
1849144,324,-87.1357,0
1849154,330,-86.29245,0
1849164,330,-86.29245,0
1849174,333,-85.87083,0
1849184,334,-85.73029,0
1849194,327,-86.71407,0
1849204,328,-86.57353,0
1849214,330,-86.29245,0
1849224,328,-86.57353,0
1849234,327,-86.71407,0
1849244,324,-87.1357,0
1849254,327,-86.71407,0
1849264,329,-86.43299,0
1849274,332,-86.01136,0
1849284,326,-86.85461,0
1849294,329,-86.43299,0
1849304,322,-87.41679,0
1849314,332,-86.01136,0
1849324,329,-86.43299,0
1849334,328,-86.57353,0
1849344,330,-86.29245,0
1849354,328,-86.57353,0
1849364,331,-86.1519,0
1849374,321,-87.55732,0
1849384,334,-85.73029,0
1849394,331,-86.1519,0
1849404,330,-86.29245,0
1849414,334,-85.73029,0
1849424,331,-86.1519,0
1849434,337,-85.30865,0
1849444,330,-86.29245,0
1849454,326,-86.85461,0
1849464,333,-85.87083,0
1849474,328,-86.57353,0
1849484,326,-86.85461,0
1849494,330,-86.29245,0
1849504,330,-86.29245,0
1849514,329,-86.43299,0
1849524,331,-86.1519,0
1849534,338,-85.16812,0
1849544,329,-86.43299,0
1849554,325,-86.99516,0
1849564,329,-86.43299,0
1849574,336,-85.4492,0
1849584,326,-86.85461,0
1849594,338,-85.16812,0
1849604,328,-86.57353,0
1849614,326,-86.85461,0
1849624,332,-86.01136,0
1849634,333,-85.87083,0
1849644,332,-86.01136,0
1849654,335,-85.58974,0
1849664,331,-86.1519,0
1849674,327,-86.71407,0
1849684,326,-86.85461,0
1849694,331,-86.1519,0
1849704,326,-86.85461,0
1849714,324,-87.1357,0
1849724,341,-84.74649,0
1849734,329,-86.43299,0
1849744,333,-85.87083,0
1849754,336,-85.4492,0
1849764,333,-85.87083,0
1849774,324,-87.1357,0
1849784,323,-87.27624,0
1849794,334,-85.73029,0
1849804,319,-87.83841,0
1849814,335,-85.58974,0
1849824,326,-86.85461,0
1849834,335,-85.58974,0
1849844,338,-85.16812,0
1849854,325,-86.99516,0
1849864,328,-86.57353,0
1849874,335,-85.58974,0
1849884,323,-87.27624,0
1849894,322,-87.41679,0
1849904,331,-86.1519,0
1849914,328,-86.57353,0
1849924,335,-85.58974,0
1849934,331,-86.1519,0
1849944,336,-85.4492,0
1849954,333,-85.87083,0
1849964,326,-86.85461,0
1849974,332,-86.01136,0
1849984,330,-86.29245,0
1849994,330,-86.29245,0
1850004,323,-87.27624,0
1850014,328,-86.57353,0
1850024,328,-86.57353,0
1850034,333,-85.87083,0
1850044,330,-86.29245,0
1850054,332,-86.01136,0
1850064,329,-86.43299,0
1850074,325,-86.99516,0
1850084,325,-86.99516,0
1850094,331,-86.1519,0
1850104,326,-86.85461,0
1850114,321,-87.55732,0
1850124,329,-86.43299,0
1850134,327,-86.71407,0
1850144,333,-85.87083,0
1850154,327,-86.71407,0
1850164,331,-86.1519,0
1850174,334,-85.73029,0
1850184,335,-85.58974,0
1850194,328,-86.57353,0
1850204,333,-85.87083,0
1850214,331,-86.1519,0
1850224,326,-86.85461,0
1850234,325,-86.99516,0
1850244,323,-87.27624,0
1850254,330,-86.29245,0
1850264,329,-86.43299,0
1850274,327,-86.71407,0
1850284,329,-86.43299,0
1850294,327,-86.71407,0
1850304,329,-86.43299,0
1850314,340,-84.88703,0
1850324,339,-85.02757,0
1850334,323,-87.27624,0
1850344,330,-86.29245,0
1850354,331,-86.1519,0
1850364,326,-86.85461,0
1850374,327,-86.71407,0
1850384,331,-86.1519,0
1850394,335,-85.58974,0
1850404,328,-86.57353,0
1850414,327,-86.71407,0
1850424,331,-86.1519,0
1850434,325,-86.99516,0
1850444,335,-85.58974,0
1850454,325,-86.99516,0
1850464,326,-86.85461,0
1850474,322,-87.41679,0
1850484,328,-86.57353,0
1850494,326,-86.85461,0
1850504,333,-85.87083,0
1850514,333,-85.87083,0
1850524,325,-86.99516,0
1850534,333,-85.87083,0
1850544,328,-86.57353,0
1850554,334,-85.73029,0
1850564,329,-86.43299,0
1850574,326,-86.85461,0
1850584,323,-87.27624,0
1850594,333,-85.87083,0
1850604,332,-86.01136,0
1850614,335,-85.58974,0
1850624,339,-85.02757,0
1850634,331,-86.1519,0
1850644,330,-86.29245,0
1850654,328,-86.57353,0
1850664,324,-87.1357,0
1850674,327,-86.71407,0
1850684,327,-86.71407,0
1850694,335,-85.58974,0
1850704,329,-86.43299,0
1850714,322,-87.41679,0
1850724,334,-85.73029,0
1850734,330,-86.29245,0
1850744,323,-87.27624,0
1850754,330,-86.29245,0
1850764,328,-86.57353,0
1850774,328,-86.57353,0
1850784,327,-86.71407,0
1850794,328,-86.57353,0
1850804,327,-86.71407,0
1850814,327,-86.71407,0
1850824,326,-86.85461,0
1850834,330,-86.29245,0
1850844,332,-86.01136,0
1850854,328,-86.57353,0
1850864,329,-86.43299,0
1850874,336,-85.4492,0
1850884,339,-85.02757,0
1850894,329,-86.43299,0
1850904,327,-86.71407,0
1850914,325,-86.99516,0
1850924,333,-85.87083,0
1850934,326,-86.85461,0
1850944,330,-86.29245,0
1850954,336,-85.4492,0
1850964,339,-85.02757,0
1850974,331,-86.1519,0
1850984,326,-86.85461,0
1850994,329,-86.43299,0
1851004,330,-86.29245,0
1851014,329,-86.43299,0
1851024,322,-87.41679,0
1851034,332,-86.01136,0
1851044,331,-86.1519,0
1851054,333,-85.87083,0
1851064,330,-86.29245,0
1851074,337,-85.30865,0
1851084,329,-86.43299,0
1851094,331,-86.1519,0
1851104,332,-86.01136,0
1851114,329,-86.43299,0
1851124,330,-86.29245,0
1851134,328,-86.57353,0
1851144,330,-86.29245,0
1851154,332,-86.01136,0
1851164,327,-86.71407,0
1851174,326,-86.85461,0
1851184,330,-86.29245,0
1851194,328,-86.57353,0
1851204,328,-86.57353,0
1851214,327,-86.71407,0
1851224,319,-87.83841,0
1851234,328,-86.57353,0
1851244,325,-86.99516,0
1851254,330,-86.29245,0
1851264,326,-86.85461,0
1851274,322,-87.41679,0
1851284,334,-85.73029,0
1851294,334,-85.73029,0
1851304,324,-87.1357,0
1851314,333,-85.87083,0
1851324,329,-86.43299,0
1851334,332,-86.01136,0
1851344,330,-86.29245,0
1851354,330,-86.29245,0
1851364,330,-86.29245,0
1851374,331,-86.1519,0
1851384,333,-85.87083,0
1851394,332,-86.01136,0
1851404,329,-86.43299,0
1851414,328,-86.57353,0
1851424,331,-86.1519,0
1851434,323,-87.27624,0
1851444,334,-85.73029,0
1851454,331,-86.1519,0
1851464,337,-85.30865,0
1851474,324,-87.1357,0
1851484,324,-87.1357,0
1851494,323,-87.27624,0
1851504,323,-87.27624,0
1851514,336,-85.4492,0
1851524,325,-86.99516,0
1851534,332,-86.01136,0
1851544,332,-86.01136,0
1851554,335,-85.58974,0
1851564,328,-86.57353,0
1851574,331,-86.1519,0
1851584,330,-86.29245,0
1851594,319,-87.83841,0
1851604,321,-87.55732,0
1851614,330,-86.29245,0
1851624,331,-86.1519,0
1851634,326,-86.85461,0
1851644,330,-86.29245,0
1851654,332,-86.01136,0
1851664,336,-85.4492,0
1851674,339,-85.02757,0
1851684,330,-86.29245,0
1851694,331,-86.1519,0
1851704,334,-85.73029,0
1851714,321,-87.55732,0
1851724,325,-86.99516,0
1851734,331,-86.1519,0
1851744,331,-86.1519,0
1851754,327,-86.71407,0
1851764,329,-86.43299,0
1851774,329,-86.43299,0
1851784,331,-86.1519,0
1851794,326,-86.85461,0
1851804,325,-86.99516,0
1851814,330,-86.29245,0
1851824,331,-86.1519,0
1851834,335,-85.58974,0
1851844,334,-85.73029,0
1851854,331,-86.1519,0
1851864,333,-85.87083,0
1851874,332,-86.01136,0
1851884,330,-86.29245,0
1851894,331,-86.1519,0
1851904,332,-86.01136,0
1851914,336,-85.4492,0
1851924,332,-86.01136,0
1851934,329,-86.43299,0
1851944,324,-87.1357,0
1851954,327,-86.71407,0
1851964,331,-86.1519,0
1851974,330,-86.29245,0
1851984,325,-86.99516,0
1851994,328,-86.57353,0
1852004,326,-86.85461,0
1852014,329,-86.43299,0
1852024,324,-87.1357,0
1852034,323,-87.27624,0
1852044,325,-86.99516,0
1852054,328,-86.57353,0
1852064,325,-86.99516,0
1852074,326,-86.85461,0
1852084,333,-85.87083,0
1852094,323,-87.27624,0
1852104,332,-86.01136,0
1852114,330,-86.29245,0
1852124,324,-87.1357,0
1852134,327,-86.71407,0
1852144,333,-85.87083,0
1852154,320,-87.69786,0
1852164,327,-86.71407,0
1852174,321,-87.55732,0
1852184,327,-86.71407,0
1852194,323,-87.27624,0
1852204,328,-86.57353,0
1852214,328,-86.57353,0
1852224,322,-87.41679,0
1852234,329,-86.43299,0
1852244,328,-86.57353,0
1852254,329,-86.43299,0
1852264,329,-86.43299,0
1852274,322,-87.41679,0
1852284,332,-86.01136,0
1852294,323,-87.27624,0
1852304,325,-86.99516,0
1852314,324,-87.1357,0
1852324,325,-86.99516,0
1852334,325,-86.99516,0
1852344,335,-85.58974,0
1852354,334,-85.73029,0
1852364,337,-85.30865,0
1852374,324,-87.1357,0
1852384,326,-86.85461,0
1852394,328,-86.57353,0
1852404,327,-86.71407,0
1852414,322,-87.41679,0
1852424,337,-85.30865,0
1852434,333,-85.87083,0
1852444,333,-85.87083,0
1852454,334,-85.73029,0
1852464,333,-85.87083,0
1852474,333,-85.87083,0
1852484,333,-85.87083,0
1852494,328,-86.57353,0
1852504,323,-87.27624,0
1852514,330,-86.29245,0
1852524,333,-85.87083,0
1852534,338,-85.16812,0
1852544,329,-86.43299,0
1852554,326,-86.85461,0
1852564,330,-86.29245,0
1852574,324,-87.1357,0
1852584,329,-86.43299,0
1852594,335,-85.58974,0
1852604,326,-86.85461,0
1852614,329,-86.43299,0
1852624,333,-85.87083,0
1852634,330,-86.29245,0
1852644,335,-85.58974,0
1852654,329,-86.43299,0
1852664,330,-86.29245,0
1852674,333,-85.87083,0
1852684,328,-86.57353,0
1852694,331,-86.1519,0
1852704,333,-85.87083,0
1852714,334,-85.73029,0
1852724,328,-86.57353,0
1852734,328,-86.57353,0
1852744,330,-86.29245,0
1852754,325,-86.99516,0
1852764,333,-85.87083,0
1852774,334,-85.73029,0
1852784,333,-85.87083,0
1852794,334,-85.73029,0
1852804,330,-86.29245,0
1852814,338,-85.16812,0
1852824,326,-86.85461,0
1852834,328,-86.57353,0
1852844,329,-86.43299,0
1852854,329,-86.43299,0
1852864,328,-86.57353,0
1852874,324,-87.1357,0
1852884,328,-86.57353,0
1852894,321,-87.55732,0
1852904,330,-86.29245,0
1852914,321,-87.55732,0
1852924,323,-87.27624,0
1852934,332,-86.01136,0
1852944,326,-86.85461,0
1852954,327,-86.71407,0
1852964,331,-86.1519,0
1852974,329,-86.43299,0
1852984,333,-85.87083,0
1852994,328,-86.57353,0
1853004,330,-86.29245,0
1853014,325,-86.99516,0
1853024,331,-86.1519,0
1853034,332,-86.01136,0
1853044,323,-87.27624,0
1853054,328,-86.57353,0
1853064,333,-85.87083,0
1853074,320,-87.69786,0
1853084,331,-86.1519,0
1853094,330,-86.29245,0
1853104,325,-86.99516,0
1853114,336,-85.4492,0
1853124,334,-85.73029,0
1853134,335,-85.58974,0
1853144,330,-86.29245,0
1853154,327,-86.71407,0
1853164,328,-86.57353,0
1853174,328,-86.57353,0
1853184,329,-86.43299,0
1853194,328,-86.57353,0
1853204,332,-86.01136,0
1853214,330,-86.29245,0
1853224,325,-86.99516,0
1853234,335,-85.58974,0
1853244,333,-85.87083,0
1853254,327,-86.71407,0
1853264,329,-86.43299,0
1853274,331,-86.1519,0
1853284,320,-87.69786,0
1853294,334,-85.73029,0
1853304,328,-86.57353,0
1853314,334,-85.73029,0
1853324,331,-86.1519,0
1853334,322,-87.41679,0
1853344,329,-86.43299,0
1853354,328,-86.57353,0
1853364,328,-86.57353,0
1853374,332,-86.01136,0
1853384,325,-86.99516,0
1853394,332,-86.01136,0
1853404,327,-86.71407,0
1853414,328,-86.57353,0
1853424,328,-86.57353,0
1853434,334,-85.73029,0
1853444,329,-86.43299,0
1853454,330,-86.29245,0
1853464,330,-86.29245,0
1853474,335,-85.58974,0
1853484,327,-86.71407,0
1853494,323,-87.27624,0
1853504,329,-86.43299,0
1853514,335,-85.58974,0
1853524,325,-86.99516,0
1853534,333,-85.87083,0
1853544,338,-85.16812,0
1853554,330,-86.29245,0
1853564,333,-85.87083,0
1853574,328,-86.57353,0
1853584,332,-86.01136,0
1853594,329,-86.43299,0
1853604,330,-86.29245,0
1853614,327,-86.71407,0
1853624,331,-86.1519,0
1853634,331,-86.1519,0
1853644,329,-86.43299,0
1853654,329,-86.43299,0
1853664,338,-85.16812,0
1853674,326,-86.85461,0
1853684,332,-86.01136,0
1853694,331,-86.1519,0
1853704,329,-86.43299,0
1853714,325,-86.99516,0
1853724,327,-86.71407,0
1853734,328,-86.57353,0
1853744,332,-86.01136,0
1853754,326,-86.85461,0
1853764,329,-86.43299,0
1853774,334,-85.73029,0
1853784,334,-85.73029,0
1853794,323,-87.27624,0
1853804,321,-87.55732,0
1853814,328,-86.57353,0
1853824,326,-86.85461,0
1853834,325,-86.99516,0
1853844,328,-86.57353,0
1853854,328,-86.57353,0
1853864,327,-86.71407,0
1853874,328,-86.57353,0
1853884,325,-86.99516,0
1853894,329,-86.43299,0
1853904,327,-86.71407,0
1853914,331,-86.1519,0
1853924,326,-86.85461,0
1853934,322,-87.41679,0
1853944,331,-86.1519,0
1853954,323,-87.27624,0
1853964,331,-86.1519,0
1853974,328,-86.57353,0
1853984,330,-86.29245,0
1853994,330,-86.29245,0
1854004,327,-86.71407,0
1854014,329,-86.43299,0
1854024,325,-86.99516,0
1854034,330,-86.29245,0
1854044,335,-85.58974,0
1854054,329,-86.43299,0
1854064,326,-86.85461,0
1854074,328,-86.57353,0
1854084,329,-86.43299,0
1854094,324,-87.1357,0
1854104,322,-87.41679,0
1854114,331,-86.1519,0
1854124,329,-86.43299,0
1854134,331,-86.1519,0
1854144,329,-86.43299,0
1854154,328,-86.57353,0
1854164,329,-86.43299,0
1854174,326,-86.85461,0
1854184,333,-85.87083,0
1854194,326,-86.85461,0
1854204,334,-85.73029,0
1854214,327,-86.71407,0
1854224,333,-85.87083,0
1854234,329,-86.43299,0
1854244,329,-86.43299,0
1854254,331,-86.1519,0
1854264,328,-86.57353,0
1854274,326,-86.85461,0
1854284,318,-87.97894,0
1854294,331,-86.1519,0
1854304,328,-86.57353,0
1854314,326,-86.85461,0
1854324,329,-86.43299,0
1854334,328,-86.57353,0
1854344,334,-85.73029,0
1854354,342,-84.60595,0
1854364,331,-86.1519,0
1854374,328,-86.57353,0
1854384,332,-86.01136,0
1854394,329,-86.43299,0
1854404,327,-86.71407,0
1854414,327,-86.71407,0
1854424,331,-86.1519,0
1854434,325,-86.99516,0
1854444,323,-87.27624,0
1854454,336,-85.4492,0
1854464,333,-85.87083,0
1854474,331,-86.1519,0
1854484,340,-84.88703,0
1854494,325,-86.99516,0
1854504,326,-86.85461,0
1854514,331,-86.1519,0
1854524,328,-86.57353,0
1854534,327,-86.71407,0
1854544,330,-86.29245,0
1854554,330,-86.29245,0
1854564,334,-85.73029,0
1854574,325,-86.99516,0
1854584,332,-86.01136,0
1854594,331,-86.1519,0
1854604,331,-86.1519,0
1854614,328,-86.57353,0
1854624,325,-86.99516,0
1854634,326,-86.85461,0
1854644,333,-85.87083,0
1854654,329,-86.43299,0
1854664,332,-86.01136,0
1854674,326,-86.85461,0
1854684,329,-86.43299,0
1854694,331,-86.1519,0
1854704,332,-86.01136,0
1854714,328,-86.57353,0
1854724,331,-86.1519,0
1854734,330,-86.29245,0
1854744,330,-86.29245,0
1854754,332,-86.01136,0
1854764,327,-86.71407,0
1854774,332,-86.01136,0
1854784,330,-86.29245,0
1854794,333,-85.87083,0
1854804,329,-86.43299,0
1854814,335,-85.58974,0
1854824,331,-86.1519,0
1854834,328,-86.57353,0
1854844,324,-87.1357,0
1854854,331,-86.1519,0
1854864,317,-88.11949,0
1854874,332,-86.01136,0
1854884,334,-85.73029,0
1854894,333,-85.87083,0
1854904,332,-86.01136,0
1854914,331,-86.1519,0
1854924,329,-86.43299,0
1854934,328,-86.57353,0
1854944,333,-85.87083,0
1854954,329,-86.43299,0
1854964,327,-86.71407,0
1854974,325,-86.99516,0
1854984,328,-86.57353,0
1854994,329,-86.43299,0
1855004,321,-87.55732,0
1855014,331,-86.1519,0
1855024,331,-86.1519,0
1855034,328,-86.57353,0
1855044,325,-86.99516,0
1855054,326,-86.85461,0
1855064,328,-86.57353,0
1855074,329,-86.43299,0
1855084,330,-86.29245,0
1855094,329,-86.43299,0
1855104,333,-85.87083,0
1855114,328,-86.57353,0
1855124,326,-86.85461,0
1855134,328,-86.57353,0
1855144,328,-86.57353,0
1855154,332,-86.01136,0
1855164,323,-87.27624,0
1855174,325,-86.99516,0
1855184,332,-86.01136,0
1855194,328,-86.57353,0
1855204,326,-86.85461,0
1855214,327,-86.71407,0
1855224,329,-86.43299,0
1855234,324,-87.1357,0
1855244,325,-86.99516,0
1855254,325,-86.99516,0
1855264,328,-86.57353,0
1855274,328,-86.57353,0
1855284,323,-87.27624,0
1855294,331,-86.1519,0
1855304,328,-86.57353,0
1855314,328,-86.57353,0
1855324,330,-86.29245,0
1855334,334,-85.73029,0
1855344,326,-86.85461,0
1855354,326,-86.85461,0
1855364,327,-86.71407,0
1855374,325,-86.99516,0
1855384,324,-87.1357,0
1855394,330,-86.29245,0
1855404,328,-86.57353,0
1855414,335,-85.58974,0
1855424,328,-86.57353,0
1855434,328,-86.57353,0
1855444,324,-87.1357,0
1855454,334,-85.73029,0
1855464,336,-85.4492,0
1855474,329,-86.43299,0
1855484,328,-86.57353,0
1855494,327,-86.71407,0
1855504,332,-86.01136,0
1855514,330,-86.29245,0
1855524,324,-87.1357,0
1855534,330,-86.29245,0
1855544,332,-86.01136,0
1855554,333,-85.87083,0
1855564,333,-85.87083,0
1855574,322,-87.41679,0
1855584,329,-86.43299,0
1855594,326,-86.85461,0
1855604,327,-86.71407,0
1855614,331,-86.1519,0
1855624,331,-86.1519,0
1855634,326,-86.85461,0
1855644,325,-86.99516,0
1855654,334,-85.73029,0
1855664,330,-86.29245,0
1855674,335,-85.58974,0
1855684,340,-84.88703,0
1855694,328,-86.57353,0
1855704,329,-86.43299,0
1855714,329,-86.43299,0
1855724,326,-86.85461,0
1855734,332,-86.01136,0
1855744,329,-86.43299,0
1855754,327,-86.71407,0
1855764,336,-85.4492,0
1855774,328,-86.57353,0
1855784,327,-86.71407,0
1855794,333,-85.87083,0
1855804,325,-86.99516,0
1855814,337,-85.30865,0
1855824,327,-86.71407,0
1855834,335,-85.58974,0
1855844,327,-86.71407,0
1855854,333,-85.87083,0
1855864,331,-86.1519,0
1855874,328,-86.57353,0
1855884,327,-86.71407,0
1855894,334,-85.73029,0
1855904,337,-85.30865,0
1855914,331,-86.1519,0
1855924,332,-86.01136,0
1855934,333,-85.87083,0
1855944,315,-88.40057,0
1855954,325,-86.99516,0
1855964,330,-86.29245,0
1855974,327,-86.71407,0
1855984,330,-86.29245,0
1855994,333,-85.87083,0
1856004,331,-86.1519,0
1856014,330,-86.29245,0
1856024,333,-85.87083,0
1856034,327,-86.71407,0
1856044,332,-86.01136,0
1856054,332,-86.01136,0
1856064,335,-85.58974,0
1856074,321,-87.55732,0
1856084,335,-85.58974,0
1856094,327,-86.71407,0
1856104,327,-86.71407,0
1856114,333,-85.87083,0
1856124,329,-86.43299,0
1856134,334,-85.73029,0
1856144,333,-85.87083,0
1856154,329,-86.43299,0
1856164,326,-86.85461,0
1856174,327,-86.71407,0
1856184,337,-85.30865,0
1856194,321,-87.55732,0
1856204,331,-86.1519,0
1856214,331,-86.1519,0
1856224,327,-86.71407,0
1856234,330,-86.29245,0
1856244,331,-86.1519,0
1856254,330,-86.29245,0
1856264,321,-87.55732,0
1856274,332,-86.01136,0
1856284,328,-86.57353,0
1856294,335,-85.58974,0
1856304,331,-86.1519,0
1856314,338,-85.16812,0
1856324,330,-86.29245,0
1856334,327,-86.71407,0
1856344,327,-86.71407,0
1856354,327,-86.71407,0
1856364,327,-86.71407,0
1856374,333,-85.87083,0
1856384,327,-86.71407,0
1856394,329,-86.43299,0
1856404,334,-85.73029,0
1856414,327,-86.71407,0
1856424,331,-86.1519,0
1856434,335,-85.58974,0
1856444,333,-85.87083,0
1856454,331,-86.1519,0
1856464,332,-86.01136,0
1856474,330,-86.29245,0
1856484,327,-86.71407,0
1856494,325,-86.99516,0
1856504,334,-85.73029,0
1856514,332,-86.01136,0
1856524,331,-86.1519,0
1856534,326,-86.85461,0
1856544,333,-85.87083,0
1856554,328,-86.57353,0
1856564,329,-86.43299,0
1856574,327,-86.71407,0
1856584,327,-86.71407,0
1856594,324,-87.1357,0
1856604,330,-86.29245,0
1856614,330,-86.29245,0
1856624,322,-87.41679,0
1856634,333,-85.87083,0
1856644,335,-85.58974,0
1856654,336,-85.4492,0
1856664,324,-87.1357,0
1856674,332,-86.01136,0
1856684,326,-86.85461,0
1856694,326,-86.85461,0
1856704,332,-86.01136,0
1856714,326,-86.85461,0
1856724,326,-86.85461,0
1856734,332,-86.01136,0
1856744,328,-86.57353,0
1856754,330,-86.29245,0
1856764,334,-85.73029,0
1856774,336,-85.4492,0
1856784,330,-86.29245,0
1856794,335,-85.58974,0
1856804,328,-86.57353,0
1856814,338,-85.16812,0
1856824,327,-86.71407,0
1856834,327,-86.71407,0
1856844,329,-86.43299,0
1856854,332,-86.01136,0
1856864,338,-85.16812,0
1856874,332,-86.01136,0
1856884,330,-86.29245,0
1856894,334,-85.73029,0
1856904,335,-85.58974,0
1856914,334,-85.73029,0
1856924,332,-86.01136,0
1856934,324,-87.1357,0
1856944,323,-87.27624,0
1856954,335,-85.58974,0
1856964,332,-86.01136,0
1856974,328,-86.57353,0
1856984,333,-85.87083,0
1856994,328,-86.57353,0
1857004,330,-86.29245,0
1857014,330,-86.29245,0
1857024,332,-86.01136,0
1857034,329,-86.43299,0
1857044,327,-86.71407,0
1857054,324,-87.1357,0
1857064,335,-85.58974,0
1857074,324,-87.1357,0
1857084,325,-86.99516,0
1857094,327,-86.71407,0
1857104,333,-85.87083,0
1857114,326,-86.85461,0
1857124,329,-86.43299,0
1857134,322,-87.41679,0
1857144,331,-86.1519,0
1857154,337,-85.30865,0
1857164,328,-86.57353,0
1857174,324,-87.1357,0
1857184,326,-86.85461,0
1857194,333,-85.87083,0
1857204,337,-85.30865,0
1857214,330,-86.29245,0
1857224,325,-86.99516,0
1857234,332,-86.01136,0
1857244,321,-87.55732,0
1857254,332,-86.01136,0
1857264,334,-85.73029,0
1857274,329,-86.43299,0
1857284,327,-86.71407,0
1857294,333,-85.87083,0
1857304,333,-85.87083,0
1857314,335,-85.58974,0
1857324,329,-86.43299,0
1857334,331,-86.1519,0
1857344,325,-86.99516,0
1857354,331,-86.1519,0
1857364,326,-86.85461,0
1857374,327,-86.71407,0
1857384,328,-86.57353,0
1857394,322,-87.41679,0
1857404,327,-86.71407,0
1857414,324,-87.1357,0
1857424,329,-86.43299,0
1857434,334,-85.73029,0
1857444,331,-86.1519,0
1857454,328,-86.57353,0
1857464,329,-86.43299,0
1857474,331,-86.1519,0
1857484,333,-85.87083,0
1857494,330,-86.29245,0
1857504,333,-85.87083,0
1857514,324,-87.1357,0
1857524,326,-86.85461,0
1857534,325,-86.99516,0
1857544,332,-86.01136,0
1857554,336,-85.4492,0
1857564,329,-86.43299,0
1857574,335,-85.58974,0
1857584,328,-86.57353,0
1857594,330,-86.29245,0
1857604,324,-87.1357,0
1857614,331,-86.1519,0
1857624,333,-85.87083,0
1857634,334,-85.73029,0
1857644,328,-86.57353,0
1857654,328,-86.57353,0
1857664,330,-86.29245,0
1857674,323,-87.27624,0
1857684,330,-86.29245,0
1857694,334,-85.73029,0
1857704,330,-86.29245,0
1857714,325,-86.99516,0
1857724,326,-86.85461,0
1857734,329,-86.43299,0
1857744,322,-87.41679,0
1857754,327,-86.71407,0
1857764,332,-86.01136,0
1857774,322,-87.41679,0
1857784,329,-86.43299,0
1857794,327,-86.71407,0
1857804,332,-86.01136,0
1857814,328,-86.57353,0
1857824,331,-86.1519,0
1857834,323,-87.27624,0
1857844,330,-86.29245,0
1857854,333,-85.87083,0
1857864,334,-85.73029,0
1857874,327,-86.71407,0
1857884,328,-86.57353,0
1857894,332,-86.01136,0
1857904,335,-85.58974,0
1857914,333,-85.87083,0
1857924,332,-86.01136,0
1857934,329,-86.43299,0
1857944,333,-85.87083,0
1857954,330,-86.29245,0
1857964,330,-86.29245,0
1857974,331,-86.1519,0
1857984,335,-85.58974,0
1857994,329,-86.43299,0
1858004,324,-87.1357,0
1858014,333,-85.87083,0
1858024,332,-86.01136,0
1858034,329,-86.43299,0
1858044,332,-86.01136,0
1858054,328,-86.57353,0
1858064,332,-86.01136,0
1858074,324,-87.1357,0
1858084,328,-86.57353,0
1858094,325,-86.99516,0
1858104,328,-86.57353,0
1858114,327,-86.71407,0
1858124,327,-86.71407,0
1858134,335,-85.58974,0
1858144,335,-85.58974,0
1858154,327,-86.71407,0
1858164,329,-86.43299,0
1858174,330,-86.29245,0
1858184,332,-86.01136,0
1858194,321,-87.55732,0
1858204,326,-86.85461,0
1858214,329,-86.43299,0
1858224,328,-86.57353,0
1858234,332,-86.01136,0
1858244,330,-86.29245,0
1858254,333,-85.87083,0
1858264,328,-86.57353,0
1858274,329,-86.43299,0
1858284,325,-86.99516,0
1858294,328,-86.57353,0
1858304,332,-86.01136,0
1858314,327,-86.71407,0
1858324,329,-86.43299,0
1858334,336,-85.4492,0
1858344,331,-86.1519,0
1858354,332,-86.01136,0
1858364,328,-86.57353,0
1858374,322,-87.41679,0
1858384,335,-85.58974,0
1858394,333,-85.87083,0
1858404,331,-86.1519,0
1858414,332,-86.01136,0
1858424,329,-86.43299,0
1858434,336,-85.4492,0
1858444,333,-85.87083,0
1858454,330,-86.29245,0
1858464,335,-85.58974,0
1858474,338,-85.16812,0
1858484,325,-86.99516,0
1858494,326,-86.85461,0
1858504,333,-85.87083,0
1858514,327,-86.71407,0
1858524,334,-85.73029,0
1858534,337,-85.30865,0
1858544,322,-87.41679,0
1858554,332,-86.01136,0
1858564,333,-85.87083,0
1858574,330,-86.29245,0
1858584,337,-85.30865,0
1858594,326,-86.85461,0
1858604,327,-86.71407,0
1858614,333,-85.87083,0
1858624,331,-86.1519,0
1858634,333,-85.87083,0
1858644,334,-85.73029,0
1858654,327,-86.71407,0
1858664,327,-86.71407,0
1858674,339,-85.02757,0
1858684,332,-86.01136,0
1858694,335,-85.58974,0
1858704,320,-87.69786,0
1858714,330,-86.29245,0
1858724,329,-86.43299,0
1858734,327,-86.71407,0
1858744,328,-86.57353,0
1858754,328,-86.57353,0
1858764,331,-86.1519,0
1858774,329,-86.43299,0
1858784,327,-86.71407,0
1858794,327,-86.71407,0
1858804,323,-87.27624,0
1858814,327,-86.71407,0
1858824,326,-86.85461,0
1858834,330,-86.29245,0
1858844,328,-86.57353,0
1858854,333,-85.87083,0
1858864,326,-86.85461,0
1858874,327,-86.71407,0
1858884,328,-86.57353,0
1858894,325,-86.99516,0
1858904,326,-86.85461,0
1858914,329,-86.43299,0
1858924,327,-86.71407,0
1858934,332,-86.01136,0
1858944,324,-87.1357,0
1858954,333,-85.87083,0
1858964,330,-86.29245,0
1858974,334,-85.73029,0
1858984,334,-85.73029,0
1858994,328,-86.57353,0
1859004,331,-86.1519,0
1859014,331,-86.1519,0
1859024,332,-86.01136,0
1859034,328,-86.57353,0
1859044,331,-86.1519,0
1859054,334,-85.73029,0
1859064,334,-85.73029,0
1859074,332,-86.01136,0
1859084,334,-85.73029,0
1859094,333,-85.87083,0
1859104,336,-85.4492,0
1859114,331,-86.1519,0
1859124,334,-85.73029,0
1859134,332,-86.01136,0
1859144,327,-86.71407,0
1859154,325,-86.99516,0
1859164,328,-86.57353,0
1859174,326,-86.85461,0
1859184,330,-86.29245,0
1859194,330,-86.29245,0
1859204,329,-86.43299,0
1859214,333,-85.87083,0
1859224,319,-87.83841,0
1859234,333,-85.87083,0
1859244,327,-86.71407,0
1859254,329,-86.43299,0
1859264,331,-86.1519,0
1859274,331,-86.1519,0
1859284,336,-85.4492,0
1859294,327,-86.71407,0
1859304,328,-86.57353,0
1859314,334,-85.73029,0
1859324,333,-85.87083,0
1859334,335,-85.58974,0
1859344,329,-86.43299,0
1859354,336,-85.4492,0
1859364,330,-86.29245,0
1859374,332,-86.01136,0
1859384,329,-86.43299,0
1859394,330,-86.29245,0
1859404,325,-86.99516,0
1859414,336,-85.4492,0
1859424,327,-86.71407,0
1859434,336,-85.4492,0
1859444,335,-85.58974,0
1859454,335,-85.58974,0
1859464,327,-86.71407,0
1859474,331,-86.1519,0
1859484,327,-86.71407,0
1859494,328,-86.57353,0
1859504,331,-86.1519,0
1859514,331,-86.1519,0
1859524,336,-85.4492,0
1859534,327,-86.71407,0
1859544,329,-86.43299,0
1859554,333,-85.87083,0
1859564,333,-85.87083,0
1859574,332,-86.01136,0
1859584,331,-86.1519,0
1859594,325,-86.99516,0
1859604,333,-85.87083,0
1859614,325,-86.99516,0
1859624,334,-85.73029,0
1859634,339,-85.02757,0
1859644,335,-85.58974,0
1859654,328,-86.57353,0
1859664,331,-86.1519,0
1859674,336,-85.4492,0
1859684,336,-85.4492,0
1859694,330,-86.29245,0
1859704,329,-86.43299,0
1859714,329,-86.43299,0
1859724,329,-86.43299,0
1859734,332,-86.01136,0
1859744,331,-86.1519,0
1859754,334,-85.73029,0
1859764,334,-85.73029,0
1859774,337,-85.30865,0
1859784,329,-86.43299,0
1859794,332,-86.01136,0
1859804,335,-85.58974,0
1859814,327,-86.71407,0
1859824,330,-86.29245,0
1859834,320,-87.69786,0
1859844,322,-87.41679,0
1859854,324,-87.1357,0
1859864,340,-84.88703,0
1859874,336,-85.4492,0
1859884,329,-86.43299,0
1859894,332,-86.01136,0
1859904,336,-85.4492,0
1859914,332,-86.01136,0
1859924,331,-86.1519,0
1859934,324,-87.1357,0
1859944,327,-86.71407,0
1859954,330,-86.29245,0
1859964,330,-86.29245,0
1859974,331,-86.1519,0
1859984,334,-85.73029,0
1859994,337,-85.30865,0
1860004,335,-85.58974,0
1860014,327,-86.71407,0
1860024,328,-86.57353,0
1860034,331,-86.1519,0
1860044,329,-86.43299,0
1860054,332,-86.01136,0
1860064,332,-86.01136,0
1860074,333,-85.87083,0
1860084,330,-86.29245,0
1860094,327,-86.71407,0
1860104,328,-86.57353,0
1860114,330,-86.29245,0
1860124,333,-85.87083,0
1860134,326,-86.85461,0
1860144,327,-86.71407,0
1860154,322,-87.41679,0
1860164,324,-87.1357,0
1860174,329,-86.43299,0
1860184,328,-86.57353,0
1860194,330,-86.29245,0
1860204,327,-86.71407,0
1860214,323,-87.27624,0
1860224,331,-86.1519,0
1860234,327,-86.71407,0
1860244,338,-85.16812,0
1860254,332,-86.01136,0
1860264,324,-87.1357,0
1860274,335,-85.58974,0
1860284,328,-86.57353,0
1860294,330,-86.29245,0
1860304,331,-86.1519,0
1860314,326,-86.85461,0
1860324,331,-86.1519,0
1860334,334,-85.73029,0
1860344,330,-86.29245,0
1860354,337,-85.30865,0
1860364,333,-85.87083,0
1860374,322,-87.41679,0
1860384,332,-86.01136,0
1860394,332,-86.01136,0
1860404,331,-86.1519,0
1860414,332,-86.01136,0
1860424,328,-86.57353,0
1860434,333,-85.87083,0
1860444,330,-86.29245,0
1860454,335,-85.58974,0
1860464,335,-85.58974,0
1860474,330,-86.29245,0
1860484,335,-85.58974,0
1860494,327,-86.71407,0
1860504,331,-86.1519,0
1860514,332,-86.01136,0
1860524,335,-85.58974,0
1860534,334,-85.73029,0
1860544,330,-86.29245,0
1860554,325,-86.99516,0
1860564,337,-85.30865,0
1860574,332,-86.01136,0
1860584,335,-85.58974,0
1860594,323,-87.27624,0
1860604,320,-87.69786,0
1860614,332,-86.01136,0
1860624,336,-85.4492,0
1860634,331,-86.1519,0
1860644,334,-85.73029,0
1860654,336,-85.4492,0
1860664,334,-85.73029,0
1860674,335,-85.58974,0
1860684,336,-85.4492,0
1860694,339,-85.02757,0
1860704,329,-86.43299,0
1860714,324,-87.1357,0
1860724,333,-85.87083,0
1860734,329,-86.43299,0
1860744,337,-85.30865,0
1860754,334,-85.73029,0
1860764,328,-86.57353,0
1860774,335,-85.58974,0
1860784,337,-85.30865,0
1860794,337,-85.30865,0
1860804,335,-85.58974,0
1860814,325,-86.99516,0
1860824,329,-86.43299,0
1860834,328,-86.57353,0
1860844,319,-87.83841,0
1860854,332,-86.01136,0
1860864,330,-86.29245,0
1860874,330,-86.29245,0
1860884,333,-85.87083,0
1860894,332,-86.01136,0
1860904,326,-86.85461,0
1860914,335,-85.58974,0
1860924,330,-86.29245,0
1860934,329,-86.43299,0
1860944,326,-86.85461,0
1860954,327,-86.71407,0
1860964,327,-86.71407,0
1860974,334,-85.73029,0
1860984,329,-86.43299,0
1860994,338,-85.16812,0
1861004,323,-87.27624,0
1861014,331,-86.1519,0
1861024,335,-85.58974,0
1861034,328,-86.57353,0
1861044,324,-87.1357,0
1861054,337,-85.30865,0
1861064,333,-85.87083,0
1861074,331,-86.1519,0
1861084,327,-86.71407,0
1861094,332,-86.01136,0
1861104,325,-86.99516,0
1861114,332,-86.01136,0
1861124,327,-86.71407,0
1861134,335,-85.58974,0
1861144,328,-86.57353,0
1861154,323,-87.27624,0
1861164,323,-87.27624,0
1861174,330,-86.29245,0
1861184,332,-86.01136,0
1861194,340,-84.88703,0
1861204,321,-87.55732,0
1861214,331,-86.1519,0
1861224,335,-85.58974,0
1861234,327,-86.71407,0
1861244,338,-85.16812,0
1861254,331,-86.1519,0
1861264,326,-86.85461,0
1861274,326,-86.85461,0
1861284,332,-86.01136,0
1861294,326,-86.85461,0
1861304,334,-85.73029,0
1861314,323,-87.27624,0
1861324,336,-85.4492,0
1861334,334,-85.73029,0
1861344,334,-85.73029,0
1861354,335,-85.58974,0
1861364,335,-85.58974,0
1861374,333,-85.87083,0
1861384,329,-86.43299,0
1861394,328,-86.57353,0
1861404,334,-85.73029,0
1861414,330,-86.29245,0
1861424,340,-84.88703,0
1861434,336,-85.4492,0
1861444,328,-86.57353,0
1861454,336,-85.4492,0
1861464,329,-86.43299,0
1861474,328,-86.57353,0
1861484,328,-86.57353,0
1861494,327,-86.71407,0
1861504,326,-86.85461,0
1861514,327,-86.71407,0
1861524,335,-85.58974,0
1861534,331,-86.1519,0
1861544,328,-86.57353,0
1861554,330,-86.29245,0
1861564,330,-86.29245,0
1861574,336,-85.4492,0
1861584,335,-85.58974,0
1861594,332,-86.01136,0
1861604,324,-87.1357,0
1861614,328,-86.57353,0
1861624,333,-85.87083,0
1861634,331,-86.1519,0
1861644,328,-86.57353,0
1861654,337,-85.30865,0
1861664,323,-87.27624,0
1861674,327,-86.71407,0
1861684,330,-86.29245,0
1861694,332,-86.01136,0
1861704,336,-85.4492,0
1861714,326,-86.85461,0
1861724,328,-86.57353,0
1861734,330,-86.29245,0
1861744,329,-86.43299,0
1861754,334,-85.73029,0
1861764,328,-86.57353,0
1861774,328,-86.57353,0
1861784,325,-86.99516,0
1861794,325,-86.99516,0
1861804,336,-85.4492,0
1861814,337,-85.30865,0
1861824,329,-86.43299,0
1861834,329,-86.43299,0
1861844,327,-86.71407,0
1861854,331,-86.1519,0
1861864,324,-87.1357,0
1861874,328,-86.57353,0
1861884,331,-86.1519,0
1861894,326,-86.85461,0
1861904,330,-86.29245,0
1861914,331,-86.1519,0
1861924,330,-86.29245,0
1861934,331,-86.1519,0
1861944,327,-86.71407,0
1861954,334,-85.73029,0
1861964,327,-86.71407,0
1861974,334,-85.73029,0
1861984,330,-86.29245,0
1861994,326,-86.85461,0
1862004,333,-85.87083,0
1862014,333,-85.87083,0
1862024,332,-86.01136,0
1862034,327,-86.71407,0
1862044,331,-86.1519,0
1862054,331,-86.1519,0
1862064,325,-86.99516,0
1862074,327,-86.71407,0
1862084,327,-86.71407,0
1862094,333,-85.87083,0
1862104,336,-85.4492,0
1862114,329,-86.43299,0
1862124,334,-85.73029,0
1862134,324,-87.1357,0
1862144,330,-86.29245,0
1862154,329,-86.43299,0
1862164,329,-86.43299,0
1862174,340,-84.88703,0
1862184,331,-86.1519,0
1862194,328,-86.57353,0
1862204,338,-85.16812,0
1862214,331,-86.1519,0
1862224,335,-85.58974,0
1862234,330,-86.29245,0
1862244,332,-86.01136,0
1862254,333,-85.87083,0
1862264,333,-85.87083,0
1862274,334,-85.73029,0
1862284,333,-85.87083,0
1862294,332,-86.01136,0
1862304,324,-87.1357,0
1862314,329,-86.43299,0
1862324,333,-85.87083,0
1862334,333,-85.87083,0
1862344,332,-86.01136,0
1862354,330,-86.29245,0
1862364,328,-86.57353,0
1862374,326,-86.85461,0
1862384,333,-85.87083,0
1862394,329,-86.43299,0
1862404,330,-86.29245,0
1862414,330,-86.29245,0
1862424,335,-85.58974,0
1862434,334,-85.73029,0
1862444,331,-86.1519,0
1862454,330,-86.29245,0
1862464,326,-86.85461,0
1862474,341,-84.74649,0
1862484,330,-86.29245,0
1862494,325,-86.99516,0
1862504,327,-86.71407,0
1862514,329,-86.43299,0
1862524,338,-85.16812,0
1862534,332,-86.01136,0
1862544,335,-85.58974,0
1862554,334,-85.73029,0
1862564,334,-85.73029,0
1862574,330,-86.29245,0
1862584,331,-86.1519,0
1862594,329,-86.43299,0
1862604,326,-86.85461,0
1862614,331,-86.1519,0
1862624,330,-86.29245,0
1862634,333,-85.87083,0
1862644,333,-85.87083,0
1862654,327,-86.71407,0
1862664,335,-85.58974,0
1862674,335,-85.58974,0
1862684,330,-86.29245,0
1862694,332,-86.01136,0
1862704,333,-85.87083,0
1862714,330,-86.29245,0
1862724,329,-86.43299,0
1862734,340,-84.88703,0
1862744,332,-86.01136,0
1862754,335,-85.58974,0
1862764,334,-85.73029,0
1862774,332,-86.01136,0
1862784,328,-86.57353,0
1862794,332,-86.01136,0
1862804,333,-85.87083,0
1862814,332,-86.01136,0
1862824,326,-86.85461,0
1862834,324,-87.1357,0
1862844,333,-85.87083,0
1862854,330,-86.29245,0
1862864,326,-86.85461,0
1862874,331,-86.1519,0
1862884,329,-86.43299,0
1862894,332,-86.01136,0
1862904,323,-87.27624,0
1862914,325,-86.99516,0
1862924,333,-85.87083,0
1862934,332,-86.01136,0
1862944,329,-86.43299,0
1862954,325,-86.99516,0
1862964,333,-85.87083,0
1862974,332,-86.01136,0
1862984,338,-85.16812,0
1862994,337,-85.30865,0
1863004,329,-86.43299,0
1863014,331,-86.1519,0
1863024,330,-86.29245,0
1863034,336,-85.4492,0
1863044,330,-86.29245,0
1863054,332,-86.01136,0
1863064,330,-86.29245,0
1863074,325,-86.99516,0
1863084,328,-86.57353,0
1863094,331,-86.1519,0
1863104,331,-86.1519,0
1863114,333,-85.87083,0
1863124,334,-85.73029,0
1863134,330,-86.29245,0
1863144,328,-86.57353,0
1863154,323,-87.27624,0
1863164,330,-86.29245,0
1863174,338,-85.16812,0
1863184,324,-87.1357,0
1863194,339,-85.02757,0
1863204,333,-85.87083,0
1863214,334,-85.73029,0
1863224,332,-86.01136,0
1863234,327,-86.71407,0
1863244,324,-87.1357,0
1863254,329,-86.43299,0
1863264,325,-86.99516,0
1863274,325,-86.99516,0
1863284,330,-86.29245,0
1863294,327,-86.71407,0
1863304,330,-86.29245,0
1863314,340,-84.88703,0
1863324,334,-85.73029,0
1863334,331,-86.1519,0
1863344,334,-85.73029,0
1863354,332,-86.01136,0
1863364,332,-86.01136,0
1863374,331,-86.1519,0
1863384,326,-86.85461,0
1863394,333,-85.87083,0
1863404,333,-85.87083,0
1863414,325,-86.99516,0
1863424,332,-86.01136,0
1863434,334,-85.73029,0
1863444,333,-85.87083,0
1863454,332,-86.01136,0
1863464,333,-85.87083,0
1863474,335,-85.58974,0
1863484,321,-87.55732,0
1863494,332,-86.01136,0
1863504,332,-86.01136,0
1863514,331,-86.1519,0
1863524,338,-85.16812,0
1863534,328,-86.57353,0
1863544,333,-85.87083,0
1863554,329,-86.43299,0
1863564,332,-86.01136,0
1863574,330,-86.29245,0
1863584,336,-85.4492,0
1863594,331,-86.1519,0
1863604,328,-86.57353,0
1863614,322,-87.41679,0
1863624,331,-86.1519,0
1863634,330,-86.29245,0
1863644,331,-86.1519,0
1863654,332,-86.01136,0
1863664,325,-86.99516,0
1863674,338,-85.16812,0
1863684,332,-86.01136,0
1863694,325,-86.99516,0
1863704,331,-86.1519,0
1863714,330,-86.29245,0
1863724,324,-87.1357,0
1863734,331,-86.1519,0
1863744,330,-86.29245,0
1863754,330,-86.29245,0
1863764,332,-86.01136,0
1863774,335,-85.58974,0
1863784,326,-86.85461,0
1863794,335,-85.58974,0
1863804,333,-85.87083,0
1863814,326,-86.85461,0
1863824,336,-85.4492,0
1863834,325,-86.99516,0
1863844,329,-86.43299,0
1863854,332,-86.01136,0
1863864,334,-85.73029,0
1863874,324,-87.1357,0
1863884,333,-85.87083,0
1863894,326,-86.85461,0
1863904,333,-85.87083,0
1863914,332,-86.01136,0
1863924,331,-86.1519,0
1863934,331,-86.1519,0
1863944,336,-85.4492,0
1863954,325,-86.99516,0
1863964,331,-86.1519,0
1863974,334,-85.73029,0
1863984,333,-85.87083,0
1863994,333,-85.87083,0
1864004,332,-86.01136,0
1864014,330,-86.29245,0
1864024,333,-85.87083,0
1864034,329,-86.43299,0
1864044,330,-86.29245,0
1864054,328,-86.57353,0
1864064,331,-86.1519,0
1864074,334,-85.73029,0
1864084,341,-84.74649,0
1864094,332,-86.01136,0
1864104,334,-85.73029,0
1864114,333,-85.87083,0
1864124,333,-85.87083,0
1864134,332,-86.01136,0
1864144,325,-86.99516,0
1864154,333,-85.87083,0
1864164,324,-87.1357,0
1864174,327,-86.71407,0
1864184,328,-86.57353,0
1864194,334,-85.73029,0
1864204,333,-85.87083,0
1864214,319,-87.83841,0
1864224,323,-87.27624,0
1864234,330,-86.29245,0
1864244,327,-86.71407,0
1864254,331,-86.1519,0
1864264,328,-86.57353,0
1864274,329,-86.43299,0
1864284,334,-85.73029,0
1864294,327,-86.71407,0
1864304,333,-85.87083,0
1864314,325,-86.99516,0
1864324,338,-85.16812,0
1864334,332,-86.01136,0
1864344,328,-86.57353,0
1864354,335,-85.58974,0
1864364,337,-85.30865,0
1864374,333,-85.87083,0
1864384,325,-86.99516,0
1864394,327,-86.71407,0
1864404,328,-86.57353,0
1864414,328,-86.57353,0
1864424,333,-85.87083,0
1864434,326,-86.85461,0
1864444,331,-86.1519,0
1864454,334,-85.73029,0
1864464,328,-86.57353,0
1864474,325,-86.99516,0
1864484,331,-86.1519,0
1864494,326,-86.85461,0
1864504,327,-86.71407,0
1864514,330,-86.29245,0
1864524,334,-85.73029,0
1864534,328,-86.57353,0
1864544,329,-86.43299,0
1864554,326,-86.85461,0
1864564,334,-85.73029,0
1864574,327,-86.71407,0
1864584,327,-86.71407,0
1864594,331,-86.1519,0
1864604,327,-86.71407,0
1864614,323,-87.27624,0
1864624,330,-86.29245,0
1864634,329,-86.43299,0
1864644,333,-85.87083,0
1864654,336,-85.4492,0
1864664,334,-85.73029,0
1864674,334,-85.73029,0
1864684,329,-86.43299,0
1864694,336,-85.4492,0
1864704,327,-86.71407,0
1864714,327,-86.71407,0
1864724,333,-85.87083,0
1864734,328,-86.57353,0
1864744,334,-85.73029,0
1864754,333,-85.87083,0
1864764,332,-86.01136,0
1864774,335,-85.58974,0
1864784,331,-86.1519,0
1864794,336,-85.4492,0
1864804,334,-85.73029,0
1864814,329,-86.43299,0
1864824,336,-85.4492,0
1864834,331,-86.1519,0
1864844,333,-85.87083,0
1864854,333,-85.87083,0
1864864,332,-86.01136,0
1864874,331,-86.1519,0
1864884,328,-86.57353,0
1864894,327,-86.71407,0
1864904,330,-86.29245,0
1864914,335,-85.58974,0
1864924,333,-85.87083,0
1864934,330,-86.29245,0
1864944,326,-86.85461,0
1864954,332,-86.01136,0
1864964,332,-86.01136,0
1864974,328,-86.57353,0
1864984,332,-86.01136,0
1864994,332,-86.01136,0
1865004,332,-86.01136,0
1865014,331,-86.1519,0
1865024,331,-86.1519,0
1865034,332,-86.01136,0
1865044,330,-86.29245,0
1865054,326,-86.85461,0
1865064,331,-86.1519,0
1865074,331,-86.1519,0
1865084,333,-85.87083,0
1865094,331,-86.1519,0
1865104,337,-85.30865,0
1865114,336,-85.4492,0
1865124,339,-85.02757,0
1865134,327,-86.71407,0
1865144,331,-86.1519,0
1865154,337,-85.30865,0
1865164,329,-86.43299,0
1865174,327,-86.71407,0
1865184,338,-85.16812,0
1865194,334,-85.73029,0
1865204,333,-85.87083,0
1865214,333,-85.87083,0
1865224,337,-85.30865,0
1865234,336,-85.4492,0
1865244,335,-85.58974,0
1865254,331,-86.1519,0
1865264,334,-85.73029,0
1865274,327,-86.71407,0
1865284,330,-86.29245,0
1865294,330,-86.29245,0
1865304,329,-86.43299,0
1865314,332,-86.01136,0
1865324,332,-86.01136,0
1865334,331,-86.1519,0
1865344,333,-85.87083,0
1865354,321,-87.55732,0
1865364,332,-86.01136,0
1865374,331,-86.1519,0
1865384,329,-86.43299,0
1865394,329,-86.43299,0
1865404,334,-85.73029,0
1865414,329,-86.43299,0
1865424,331,-86.1519,0
1865434,328,-86.57353,0
1865444,324,-87.1357,0
1865454,331,-86.1519,0
1865464,332,-86.01136,0
1865474,333,-85.87083,0
1865484,333,-85.87083,0
1865494,333,-85.87083,0
1865504,326,-86.85461,0
1865514,327,-86.71407,0
1865524,331,-86.1519,0
1865534,332,-86.01136,0
1865544,332,-86.01136,0
1865554,333,-85.87083,0
1865564,328,-86.57353,0
1865574,330,-86.29245,0
1865584,330,-86.29245,0
1865594,332,-86.01136,0
1865604,331,-86.1519,0
1865614,326,-86.85461,0
1865624,334,-85.73029,0
1865634,329,-86.43299,0
1865644,332,-86.01136,0
1865654,333,-85.87083,0
1865664,334,-85.73029,0
1865674,329,-86.43299,0
1865684,329,-86.43299,0
1865694,333,-85.87083,0
1865704,334,-85.73029,0
1865714,328,-86.57353,0
1865724,331,-86.1519,0
1865734,335,-85.58974,0
1865744,325,-86.99516,0
1865754,330,-86.29245,0
1865764,332,-86.01136,0
1865774,334,-85.73029,0
1865784,338,-85.16812,0
1865794,329,-86.43299,0
1865804,331,-86.1519,0
1865814,340,-84.88703,0
1865824,328,-86.57353,0
1865834,332,-86.01136,0
1865844,325,-86.99516,0
1865854,328,-86.57353,0
1865864,330,-86.29245,0
1865874,333,-85.87083,0
1865884,330,-86.29245,0
1865894,331,-86.1519,0
1865904,332,-86.01136,0
1865914,335,-85.58974,0
1865924,331,-86.1519,0
1865934,323,-87.27624,0
1865944,330,-86.29245,0
1865954,330,-86.29245,0
1865964,329,-86.43299,0
1865974,330,-86.29245,0
1865984,337,-85.30865,0
1865994,333,-85.87083,0
1866004,329,-86.43299,0
1866014,330,-86.29245,0
1866024,333,-85.87083,0
1866034,332,-86.01136,0
1866044,330,-86.29245,0
1866054,328,-86.57353,0
1866064,327,-86.71407,0
1866074,328,-86.57353,0
1866084,328,-86.57353,0
1866094,330,-86.29245,0
1866104,334,-85.73029,0
1866114,332,-86.01136,0
1866124,331,-86.1519,0
1866134,334,-85.73029,0
1866144,332,-86.01136,0
1866154,322,-87.41679,0
1866164,329,-86.43299,0
1866174,332,-86.01136,0
1866184,329,-86.43299,0
1866194,326,-86.85461,0
1866204,334,-85.73029,0
1866214,333,-85.87083,0
1866224,335,-85.58974,0
1866234,331,-86.1519,0
1866244,336,-85.4492,0
1866254,331,-86.1519,0
1866264,331,-86.1519,0
1866274,325,-86.99516,0
1866284,327,-86.71407,0
1866294,331,-86.1519,0
1866304,316,-88.26003,0
1866314,326,-86.85461,0
1866324,329,-86.43299,0
1866334,326,-86.85461,0
1866344,323,-87.27624,0
1866354,327,-86.71407,0
1866364,326,-86.85461,0
1866374,330,-86.29245,0
1866384,329,-86.43299,0
1866394,334,-85.73029,0
1866404,332,-86.01136,0
1866414,336,-85.4492,0
1866424,337,-85.30865,0
1866434,331,-86.1519,0
1866444,337,-85.30865,0
1866454,335,-85.58974,0
1866464,331,-86.1519,0
1866474,337,-85.30865,0
1866484,327,-86.71407,0
1866494,327,-86.71407,0
1866504,329,-86.43299,0
1866514,333,-85.87083,0
1866524,339,-85.02757,0
1866534,325,-86.99516,0
1866544,329,-86.43299,0
1866554,332,-86.01136,0
1866564,334,-85.73029,0
1866574,337,-85.30865,0
1866584,332,-86.01136,0
1866594,328,-86.57353,0
1866604,330,-86.29245,0
1866614,325,-86.99516,0
1866624,337,-85.30865,0
1866634,323,-87.27624,0
1866644,332,-86.01136,0
1866654,338,-85.16812,0
1866664,332,-86.01136,0
1866674,333,-85.87083,0
1866684,332,-86.01136,0
1866694,329,-86.43299,0
1866704,328,-86.57353,0
1866714,328,-86.57353,0
1866724,328,-86.57353,0
1866734,325,-86.99516,0
1866744,333,-85.87083,0
1866754,326,-86.85461,0
1866764,335,-85.58974,0
1866774,332,-86.01136,0
1866784,332,-86.01136,0
1866794,327,-86.71407,0
1866804,337,-85.30865,0
1866814,333,-85.87083,0
1866824,328,-86.57353,0
1866834,332,-86.01136,0
1866844,319,-87.83841,0
1866854,331,-86.1519,0
1866864,334,-85.73029,0
1866874,324,-87.1357,0
1866884,329,-86.43299,0
1866894,335,-85.58974,0
1866904,329,-86.43299,0
1866914,332,-86.01136,0
1866924,326,-86.85461,0
1866934,324,-87.1357,0
1866944,326,-86.85461,0
1866954,331,-86.1519,0
1866964,337,-85.30865,0
1866974,335,-85.58974,0
1866984,334,-85.73029,0
1866994,338,-85.16812,0
1867004,326,-86.85461,0
1867014,328,-86.57353,0
1867024,334,-85.73029,0
1867034,329,-86.43299,0
1867044,324,-87.1357,0
1867054,333,-85.87083,0
1867064,336,-85.4492,0
1867074,336,-85.4492,0
1867084,330,-86.29245,0
1867094,330,-86.29245,0
1867104,326,-86.85461,0
1867114,329,-86.43299,0
1867124,334,-85.73029,0
1867134,327,-86.71407,0
1867144,329,-86.43299,0
1867154,331,-86.1519,0
1867164,325,-86.99516,0
1867174,341,-84.74649,0
1867184,324,-87.1357,0
1867194,335,-85.58974,0
1867204,326,-86.85461,0
1867214,336,-85.4492,0
1867224,332,-86.01136,0
1867234,323,-87.27624,0
1867244,330,-86.29245,0
1867254,329,-86.43299,0
1867264,326,-86.85461,0
1867274,331,-86.1519,0
1867284,328,-86.57353,0
1867294,330,-86.29245,0
1867304,330,-86.29245,0
1867314,327,-86.71407,0
1867324,334,-85.73029,0
1867334,328,-86.57353,0
1867344,333,-85.87083,0
1867354,331,-86.1519,0
1867364,326,-86.85461,0
1867374,326,-86.85461,0
1867384,327,-86.71407,0
1867394,330,-86.29245,0
1867404,331,-86.1519,0
1867414,328,-86.57353,0
1867424,330,-86.29245,0
1867434,329,-86.43299,0
1867444,327,-86.71407,0
1867454,335,-85.58974,0
1867464,337,-85.30865,0
1867474,331,-86.1519,0
1867484,324,-87.1357,0
1867494,324,-87.1357,0
1867504,330,-86.29245,0
1867514,333,-85.87083,0
1867524,334,-85.73029,0
1867534,322,-87.41679,0
1867544,325,-86.99516,0
1867554,334,-85.73029,0
1867564,332,-86.01136,0
1867574,331,-86.1519,0
1867584,333,-85.87083,0
1867594,324,-87.1357,0
1867604,331,-86.1519,0
1867614,335,-85.58974,0
1867624,331,-86.1519,0
1867634,325,-86.99516,0
1867644,333,-85.87083,0
1867654,330,-86.29245,0
1867664,335,-85.58974,0
1867674,332,-86.01136,0
1867684,325,-86.99516,0
1867694,335,-85.58974,0
1867704,325,-86.99516,0
1867714,327,-86.71407,0
1867724,329,-86.43299,0
1867734,332,-86.01136,0
1867744,332,-86.01136,0
1867754,329,-86.43299,0
1867764,330,-86.29245,0
1867774,336,-85.4492,0
1867784,328,-86.57353,0
1867794,330,-86.29245,0
1867804,326,-86.85461,0
1867814,327,-86.71407,0
1867824,327,-86.71407,0
1867834,331,-86.1519,0
1867844,328,-86.57353,0
1867854,334,-85.73029,0
1867864,325,-86.99516,0
1867874,331,-86.1519,0
1867884,329,-86.43299,0
1867894,333,-85.87083,0
1867904,330,-86.29245,0
1867914,323,-87.27624,0
1867924,328,-86.57353,0
1867934,325,-86.99516,0
1867944,331,-86.1519,0
1867954,325,-86.99516,0
1867964,339,-85.02757,0
1867974,325,-86.99516,0
1867984,331,-86.1519,0
1867994,337,-85.30865,0
1868004,333,-85.87083,0
1868014,333,-85.87083,0
1868024,326,-86.85461,0
1868034,333,-85.87083,0
1868044,333,-85.87083,0
1868054,333,-85.87083,0
1868064,333,-85.87083,0
1868074,332,-86.01136,0
1868084,332,-86.01136,0
1868094,330,-86.29245,0
1868104,326,-86.85461,0
1868114,335,-85.58974,0
1868124,335,-85.58974,0
1868134,338,-85.16812,0
1868144,327,-86.71407,0
1868154,326,-86.85461,0
1868164,323,-87.27624,0
1868174,335,-85.58974,0
1868184,323,-87.27624,0
1868194,328,-86.57353,0
1868204,336,-85.4492,0
1868214,336,-85.4492,0
1868224,329,-86.43299,0
1868234,330,-86.29245,0
1868244,332,-86.01136,0
1868254,328,-86.57353,0
1868264,328,-86.57353,0
1868274,329,-86.43299,0
1868284,328,-86.57353,0
1868294,327,-86.71407,0
1868304,328,-86.57353,0
1868314,325,-86.99516,0
1868324,330,-86.29245,0
1868334,329,-86.43299,0
1868344,328,-86.57353,0
1868354,327,-86.71407,0
1868364,333,-85.87083,0
1868374,328,-86.57353,0
1868384,333,-85.87083,0
1868394,324,-87.1357,0
1868404,330,-86.29245,0
1868414,331,-86.1519,0
1868424,333,-85.87083,0
1868434,327,-86.71407,0
1868444,335,-85.58974,0
1868454,335,-85.58974,0
1868464,335,-85.58974,0
1868474,328,-86.57353,0
1868484,324,-87.1357,0
1868494,335,-85.58974,0
1868504,329,-86.43299,0
1868514,340,-84.88703,0
1868524,329,-86.43299,0
1868534,335,-85.58974,0
1868544,331,-86.1519,0
1868554,336,-85.4492,0
1868564,335,-85.58974,0
1868574,327,-86.71407,0
1868584,329,-86.43299,0
1868594,325,-86.99516,0
1868604,330,-86.29245,0
1868614,332,-86.01136,0
1868624,332,-86.01136,0
1868634,336,-85.4492,0
1868644,334,-85.73029,0
1868654,337,-85.30865,0
1868664,338,-85.16812,0
1868674,333,-85.87083,0
1868684,331,-86.1519,0
1868694,334,-85.73029,0
1868704,325,-86.99516,0
1868714,325,-86.99516,0
1868724,328,-86.57353,0
1868734,327,-86.71407,0
1868744,329,-86.43299,0
1868754,329,-86.43299,0
1868764,336,-85.4492,0
1868774,330,-86.29245,0
1868784,324,-87.1357,0
1868794,336,-85.4492,0
1868804,332,-86.01136,0
1868814,332,-86.01136,0
1868824,330,-86.29245,0
1868834,331,-86.1519,0
1868844,326,-86.85461,0
1868854,336,-85.4492,0
1868864,327,-86.71407,0
1868874,327,-86.71407,0
1868884,325,-86.99516,0
1868894,324,-87.1357,0
1868904,333,-85.87083,0
1868914,328,-86.57353,0
1868924,338,-85.16812,0
1868934,328,-86.57353,0
1868944,328,-86.57353,0
1868954,328,-86.57353,0
1868964,329,-86.43299,0
1868974,332,-86.01136,0
1868984,329,-86.43299,0
1868994,341,-84.74649,0
1869004,331,-86.1519,0
1869014,333,-85.87083,0
1869024,336,-85.4492,0
1869034,330,-86.29245,0
1869044,326,-86.85461,0
1869054,331,-86.1519,0
1869064,335,-85.58974,0
1869074,328,-86.57353,0
1869084,332,-86.01136,0
1869094,326,-86.85461,0
1869104,332,-86.01136,0
1869114,334,-85.73029,0
1869124,332,-86.01136,0
1869134,332,-86.01136,0
1869144,329,-86.43299,0
1869154,328,-86.57353,0
1869164,327,-86.71407,0
1869174,328,-86.57353,0
1869184,332,-86.01136,0
1869194,327,-86.71407,0
1869204,328,-86.57353,0
1869214,329,-86.43299,0
1869224,335,-85.58974,0
1869234,332,-86.01136,0
1869244,331,-86.1519,0
1869254,334,-85.73029,0
1869264,335,-85.58974,0
1869274,331,-86.1519,0
1869284,332,-86.01136,0
1869294,331,-86.1519,0
1869304,332,-86.01136,0
1869314,327,-86.71407,0
1869324,330,-86.29245,0
1869334,328,-86.57353,0
1869344,334,-85.73029,0
1869354,335,-85.58974,0
1869364,333,-85.87083,0
1869374,329,-86.43299,0
1869384,332,-86.01136,0
1869394,326,-86.85461,0
1869404,333,-85.87083,0
1869414,335,-85.58974,0
1869424,324,-87.1357,0
1869434,329,-86.43299,0
1869444,332,-86.01136,0
1869454,331,-86.1519,0
1869464,328,-86.57353,0
1869474,333,-85.87083,0
1869484,330,-86.29245,0
1869494,331,-86.1519,0
1869504,329,-86.43299,0
1869514,332,-86.01136,0
1869524,328,-86.57353,0
1869534,330,-86.29245,0
1869544,332,-86.01136,0
1869554,330,-86.29245,0
1869564,327,-86.71407,0
1869574,335,-85.58974,0
1869584,340,-84.88703,0
1869594,333,-85.87083,0
1869604,323,-87.27624,0
1869614,330,-86.29245,0
1869624,335,-85.58974,0
1869634,330,-86.29245,0
1869644,327,-86.71407,0
1869654,324,-87.1357,0
1869664,334,-85.73029,0
1869674,329,-86.43299,0
1869684,330,-86.29245,0
1869694,332,-86.01136,0
1869704,325,-86.99516,0
1869714,329,-86.43299,0
1869724,332,-86.01136,0
1869734,329,-86.43299,0
1869744,338,-85.16812,0
1869754,330,-86.29245,0
1869764,331,-86.1519,0
1869774,337,-85.30865,0
1869784,333,-85.87083,0
1869794,331,-86.1519,0
1869804,338,-85.16812,0
1869814,335,-85.58974,0
1869824,331,-86.1519,0
1869834,326,-86.85461,0
1869844,331,-86.1519,0
1869854,320,-87.69786,0
1869864,337,-85.30865,0
1869874,329,-86.43299,0
1869884,323,-87.27624,0
1869894,326,-86.85461,0
1869904,335,-85.58974,0
1869914,332,-86.01136,0
1869924,335,-85.58974,0
1869934,337,-85.30865,0
1869944,334,-85.73029,0
1869954,331,-86.1519,0
1869964,338,-85.16812,0
1869974,332,-86.01136,0
1869984,327,-86.71407,0
1869994,330,-86.29245,0
1870004,332,-86.01136,0
1870014,338,-85.16812,0
1870024,327,-86.71407,0
1870034,325,-86.99516,0
1870044,330,-86.29245,0
1870054,328,-86.57353,0
1870064,329,-86.43299,0
1870074,333,-85.87083,0
1870084,331,-86.1519,0
1870094,336,-85.4492,0
1870104,326,-86.85461,0
1870114,333,-85.87083,0
1870124,326,-86.85461,0
1870134,329,-86.43299,0
1870144,325,-86.99516,0
1870154,327,-86.71407,0
1870164,327,-86.71407,0
1870174,332,-86.01136,0
1870184,326,-86.85461,0
1870194,332,-86.01136,0
1870204,329,-86.43299,0
1870214,336,-85.4492,0
1870224,333,-85.87083,0
1870234,334,-85.73029,0
1870244,334,-85.73029,0
1870254,334,-85.73029,0
1870264,336,-85.4492,0
1870274,330,-86.29245,0
1870284,327,-86.71407,0
1870294,331,-86.1519,0
1870304,335,-85.58974,0
1870314,327,-86.71407,0
1870324,329,-86.43299,0
1870334,330,-86.29245,0
1870344,335,-85.58974,0
1870354,331,-86.1519,0
1870364,337,-85.30865,0
1870374,329,-86.43299,0
1870384,324,-87.1357,0
1870394,327,-86.71407,0
1870404,332,-86.01136,0
1870414,335,-85.58974,0
1870424,328,-86.57353,0
1870434,332,-86.01136,0
1870444,341,-84.74649,0
1870454,333,-85.87083,0
1870464,328,-86.57353,0
1870474,337,-85.30865,0
1870484,329,-86.43299,0
1870494,332,-86.01136,0
1870504,335,-85.58974,0
1870514,334,-85.73029,0
1870524,330,-86.29245,0
1870534,334,-85.73029,0
1870544,332,-86.01136,0
1870554,329,-86.43299,0
1870564,330,-86.29245,0
1870574,335,-85.58974,0
1870584,330,-86.29245,0
1870594,337,-85.30865,0
1870604,329,-86.43299,0
1870614,328,-86.57353,0
1870624,334,-85.73029,0
1870634,325,-86.99516,0
1870644,334,-85.73029,0
1870654,331,-86.1519,0
1870664,335,-85.58974,0
1870674,330,-86.29245,0
1870684,333,-85.87083,0
1870694,334,-85.73029,0
1870704,332,-86.01136,0
1870714,331,-86.1519,0
1870724,331,-86.1519,0
1870734,329,-86.43299,0
1870744,335,-85.58974,0
1870754,326,-86.85461,0
1870764,330,-86.29245,0
1870774,326,-86.85461,0
1870784,334,-85.73029,0
1870794,330,-86.29245,0
1870804,331,-86.1519,0
1870814,325,-86.99516,0
1870824,337,-85.30865,0
1870834,330,-86.29245,0
1870844,331,-86.1519,0
1870854,331,-86.1519,0
1870864,336,-85.4492,0
1870874,338,-85.16812,0
1870884,329,-86.43299,0
1870894,332,-86.01136,0
1870904,333,-85.87083,0
1870914,336,-85.4492,0
1870924,334,-85.73029,0
1870934,334,-85.73029,0
1870944,330,-86.29245,0
1870954,327,-86.71407,0
1870964,330,-86.29245,0
1870974,329,-86.43299,0
1870984,338,-85.16812,0
1870994,329,-86.43299,0
1871004,328,-86.57353,0
1871014,331,-86.1519,0
1871024,332,-86.01136,0
1871034,332,-86.01136,0
1871044,333,-85.87083,0
1871054,329,-86.43299,0
1871064,323,-87.27624,0
1871074,337,-85.30865,0
1871084,331,-86.1519,0
1871094,327,-86.71407,0
1871104,330,-86.29245,0
1871114,331,-86.1519,0
1871124,330,-86.29245,0
1871134,337,-85.30865,0
1871144,335,-85.58974,0
1871154,326,-86.85461,0
1871164,331,-86.1519,0
1871174,327,-86.71407,0
1871184,327,-86.71407,0
1871194,330,-86.29245,0
1871204,329,-86.43299,0
1871214,331,-86.1519,0
1871224,339,-85.02757,0
1871234,328,-86.57353,0
1871244,328,-86.57353,0
1871254,329,-86.43299,0
1871264,329,-86.43299,0
1871274,333,-85.87083,0
1871284,327,-86.71407,0
1871294,336,-85.4492,0
1871304,332,-86.01136,0
1871314,332,-86.01136,0
1871324,330,-86.29245,0
1871334,333,-85.87083,0
1871344,332,-86.01136,0
1871354,327,-86.71407,0
1871364,331,-86.1519,0
1871374,331,-86.1519,0
1871384,338,-85.16812,0
1871394,335,-85.58974,0
1871404,328,-86.57353,0
1871414,338,-85.16812,0
1871424,328,-86.57353,0
1871434,326,-86.85461,0
1871444,335,-85.58974,0
1871454,330,-86.29245,0
1871464,332,-86.01136,0
1871474,334,-85.73029,0
1871484,332,-86.01136,0
1871494,329,-86.43299,0
1871504,332,-86.01136,0
1871514,329,-86.43299,0
1871524,332,-86.01136,0
1871534,330,-86.29245,0
1871544,339,-85.02757,0
1871554,331,-86.1519,0
1871564,335,-85.58974,0
1871574,335,-85.58974,0
1871584,333,-85.87083,0
1871594,336,-85.4492,0
1871604,331,-86.1519,0
1871614,329,-86.43299,0
1871624,332,-86.01136,0
1871634,325,-86.99516,0
1871644,331,-86.1519,0
1871654,334,-85.73029,0
1871664,337,-85.30865,0
1871674,333,-85.87083,0
1871684,338,-85.16812,0
1871694,343,-84.46541,0
1871704,336,-85.4492,0
1871714,333,-85.87083,0
1871724,326,-86.85461,0
1871734,327,-86.71407,0
1871744,325,-86.99516,0
1871754,334,-85.73029,0
1871764,336,-85.4492,0
1871774,328,-86.57353,0
1871784,335,-85.58974,0
1871794,336,-85.4492,0
1871804,334,-85.73029,0
1871814,328,-86.57353,0
1871824,333,-85.87083,0
1871834,324,-87.1357,0
1871844,334,-85.73029,0
1871854,326,-86.85461,0
1871864,333,-85.87083,0
1871874,331,-86.1519,0
1871884,329,-86.43299,0
1871894,335,-85.58974,0
1871904,320,-87.69786,0
1871914,322,-87.41679,0
1871924,334,-85.73029,0
1871934,328,-86.57353,0
1871944,333,-85.87083,0
1871954,327,-86.71407,0
1871964,333,-85.87083,0
1871974,328,-86.57353,0
1871984,329,-86.43299,0
1871994,334,-85.73029,0
1872004,334,-85.73029,0
1872014,333,-85.87083,0
1872024,331,-86.1519,0
1872034,336,-85.4492,0
1872044,338,-85.16812,0
1872054,332,-86.01136,0
1872064,323,-87.27624,0
1872074,332,-86.01136,0
1872084,330,-86.29245,0
1872094,334,-85.73029,0
1872104,323,-87.27624,0
1872114,333,-85.87083,0
1872124,337,-85.30865,0
1872134,328,-86.57353,0
1872144,333,-85.87083,0
1872154,332,-86.01136,0
1872164,329,-86.43299,0
1872174,328,-86.57353,0
1872184,329,-86.43299,0
1872194,328,-86.57353,0
1872204,329,-86.43299,0
1872214,333,-85.87083,0
1872224,324,-87.1357,0
1872234,334,-85.73029,0
1872244,335,-85.58974,0
1872254,332,-86.01136,0
1872264,335,-85.58974,0
1872274,328,-86.57353,0
1872284,329,-86.43299,0
1872294,324,-87.1357,0
1872304,331,-86.1519,0
1872314,333,-85.87083,0
1872324,328,-86.57353,0
1872334,335,-85.58974,0
1872344,336,-85.4492,0
1872354,328,-86.57353,0
1872364,332,-86.01136,0
1872374,332,-86.01136,0
1872384,332,-86.01136,0
1872394,332,-86.01136,0
1872404,331,-86.1519,0
1872414,335,-85.58974,0
1872424,328,-86.57353,0
1872434,331,-86.1519,0
1872444,332,-86.01136,0
1872454,336,-85.4492,0
1872464,336,-85.4492,0
1872474,333,-85.87083,0
1872484,329,-86.43299,0
1872494,334,-85.73029,0
1872504,331,-86.1519,0
1872514,330,-86.29245,0
1872524,330,-86.29245,0
1872534,337,-85.30865,0
1872544,330,-86.29245,0
1872554,319,-87.83841,0
1872564,334,-85.73029,0
1872574,331,-86.1519,0
1872584,330,-86.29245,0
1872594,334,-85.73029,0
1872604,330,-86.29245,0
1872614,328,-86.57353,0
1872624,324,-87.1357,0
1872634,328,-86.57353,0
1872644,333,-85.87083,0
1872654,328,-86.57353,0
1872664,333,-85.87083,0
1872674,332,-86.01136,0
1872684,335,-85.58974,0
1872694,330,-86.29245,0
1872704,332,-86.01136,0
1872714,332,-86.01136,0
1872724,332,-86.01136,0
1872734,343,-84.46541,0
1872744,328,-86.57353,0
1872754,326,-86.85461,0
1872764,334,-85.73029,0
1872774,328,-86.57353,0
1872784,334,-85.73029,0
1872794,331,-86.1519,0
1872804,329,-86.43299,0
1872814,336,-85.4492,0
1872824,337,-85.30865,0
1872834,330,-86.29245,0
1872844,331,-86.1519,0
1872854,331,-86.1519,0
1872864,334,-85.73029,0
1872874,335,-85.58974,0
1872884,336,-85.4492,0
1872894,336,-85.4492,0
1872904,326,-86.85461,0
1872914,333,-85.87083,0
1872924,333,-85.87083,0
1872934,328,-86.57353,0
1872944,334,-85.73029,0
1872954,331,-86.1519,0
1872964,322,-87.41679,0
1872974,332,-86.01136,0
1872984,326,-86.85461,0
1872994,328,-86.57353,0
1873004,328,-86.57353,0
1873014,336,-85.4492,0
1873024,335,-85.58974,0
1873034,334,-85.73029,0
1873044,327,-86.71407,0
1873054,331,-86.1519,0
1873064,328,-86.57353,0
1873074,330,-86.29245,0
1873084,329,-86.43299,0
1873094,333,-85.87083,0
1873104,325,-86.99516,0
1873114,333,-85.87083,0
1873124,329,-86.43299,0
1873134,333,-85.87083,0
1873144,337,-85.30865,0
1873154,334,-85.73029,0
1873164,334,-85.73029,0
1873174,330,-86.29245,0
1873184,337,-85.30865,0
1873194,329,-86.43299,0
1873204,331,-86.1519,0
1873214,333,-85.87083,0
1873224,332,-86.01136,0
1873234,332,-86.01136,0
1873244,335,-85.58974,0
1873254,328,-86.57353,0
1873264,335,-85.58974,0
1873274,331,-86.1519,0
1873284,327,-86.71407,0
1873294,331,-86.1519,0
1873304,329,-86.43299,0
1873314,333,-85.87083,0
1873324,334,-85.73029,0
1873334,332,-86.01136,0
1873344,329,-86.43299,0
1873354,332,-86.01136,0
1873364,331,-86.1519,0
1873374,331,-86.1519,0
1873384,336,-85.4492,0
1873394,335,-85.58974,0
1873404,328,-86.57353,0
1873414,333,-85.87083,0
1873424,324,-87.1357,0
1873434,332,-86.01136,0
1873444,330,-86.29245,0
1873454,329,-86.43299,0
1873464,334,-85.73029,0
1873474,336,-85.4492,0
1873484,335,-85.58974,0
1873494,333,-85.87083,0
1873504,327,-86.71407,0
1873514,332,-86.01136,0
1873524,328,-86.57353,0
1873534,329,-86.43299,0
1873544,339,-85.02757,0
1873554,329,-86.43299,0
1873564,330,-86.29245,0
1873574,332,-86.01136,0
1873584,331,-86.1519,0
1873594,333,-85.87083,0
1873604,334,-85.73029,0
1873614,337,-85.30865,0
1873624,324,-87.1357,0
1873634,321,-87.55732,0
1873644,325,-86.99516,0
1873654,323,-87.27624,0
1873664,337,-85.30865,0
1873674,332,-86.01136,0
1873684,332,-86.01136,0
1873694,333,-85.87083,0
1873704,334,-85.73029,0
1873714,327,-86.71407,0
1873724,333,-85.87083,0
1873734,330,-86.29245,0
1873744,325,-86.99516,0
1873754,329,-86.43299,0
1873764,328,-86.57353,0
1873774,325,-86.99516,0
1873784,329,-86.43299,0
1873794,328,-86.57353,0
1873804,333,-85.87083,0
1873814,331,-86.1519,0
1873824,335,-85.58974,0
1873834,328,-86.57353,0
1873844,337,-85.30865,0
1873854,334,-85.73029,0
1873864,327,-86.71407,0
1873874,330,-86.29245,0
1873884,336,-85.4492,0
1873894,330,-86.29245,0
1873904,325,-86.99516,0
1873914,331,-86.1519,0
1873924,331,-86.1519,0
1873934,328,-86.57353,0
1873944,328,-86.57353,0
1873954,328,-86.57353,0
1873964,328,-86.57353,0
1873974,325,-86.99516,0
1873984,334,-85.73029,0
1873994,328,-86.57353,0
1874004,325,-86.99516,0
1874014,332,-86.01136,0
1874024,323,-87.27624,0
1874034,324,-87.1357,0
1874044,329,-86.43299,0
1874054,326,-86.85461,0
1874064,332,-86.01136,0
1874074,334,-85.73029,0
1874084,328,-86.57353,0
1874094,332,-86.01136,0
1874104,329,-86.43299,0
1874114,327,-86.71407,0
1874124,325,-86.99516,0
1874134,327,-86.71407,0
1874144,325,-86.99516,0
1874154,330,-86.29245,0
1874164,328,-86.57353,0
1874174,330,-86.29245,0
1874184,331,-86.1519,0
1874194,329,-86.43299,0
1874204,324,-87.1357,0
1874214,332,-86.01136,0
1874224,326,-86.85461,0
1874234,333,-85.87083,0
1874244,334,-85.73029,0
1874254,327,-86.71407,0
1874264,330,-86.29245,0
1874274,329,-86.43299,0
1874284,331,-86.1519,0
1874294,322,-87.41679,0
1874304,324,-87.1357,0
1874314,332,-86.01136,0
1874324,325,-86.99516,0
1874334,330,-86.29245,0
1874344,331,-86.1519,0
1874354,330,-86.29245,0
1874364,330,-86.29245,0
1874374,330,-86.29245,0
1874384,328,-86.57353,0
1874394,329,-86.43299,0
1874404,332,-86.01136,0
1874414,330,-86.29245,0
1874424,331,-86.1519,0
1874434,334,-85.73029,0
1874444,338,-85.16812,0
1874454,331,-86.1519,0
1874464,332,-86.01136,0
1874474,333,-85.87083,0
1874484,339,-85.02757,0
1874494,335,-85.58974,0
1874504,328,-86.57353,0
1874514,331,-86.1519,0
1874524,329,-86.43299,0
1874534,331,-86.1519,0
1874544,327,-86.71407,0
1874554,335,-85.58974,0
1874564,334,-85.73029,0
1874574,330,-86.29245,0
1874584,333,-85.87083,0
1874594,330,-86.29245,0
1874604,336,-85.4492,0
1874614,334,-85.73029,0
1874624,329,-86.43299,0
1874634,339,-85.02757,0
1874644,327,-86.71407,0
1874654,333,-85.87083,0
1874664,336,-85.4492,0
1874674,330,-86.29245,0
1874684,335,-85.58974,0
1874694,331,-86.1519,0
1874704,332,-86.01136,0
1874714,336,-85.4492,0
1874724,329,-86.43299,0
1874734,330,-86.29245,0
1874744,334,-85.73029,0
1874754,330,-86.29245,0
1874764,335,-85.58974,0
1874774,333,-85.87083,0
1874784,333,-85.87083,0
1874794,333,-85.87083,0
1874804,333,-85.87083,0
1874814,332,-86.01136,0
1874824,330,-86.29245,0
1874834,336,-85.4492,0
1874844,333,-85.87083,0
1874854,330,-86.29245,0
1874864,332,-86.01136,0
1874874,324,-87.1357,0
1874884,334,-85.73029,0
1874894,334,-85.73029,0
1874904,332,-86.01136,0
1874914,330,-86.29245,0
1874924,331,-86.1519,0
1874934,329,-86.43299,0
1874944,331,-86.1519,0
1874954,329,-86.43299,0
1874964,336,-85.4492,0
1874974,325,-86.99516,0
1874984,328,-86.57353,0
1874994,321,-87.55732,0
1875004,334,-85.73029,0
1875014,336,-85.4492,0
1875024,329,-86.43299,0
1875034,335,-85.58974,0
1875044,333,-85.87083,0
1875054,331,-86.1519,0
1875064,327,-86.71407,0
1875074,334,-85.73029,0
1875084,335,-85.58974,0
1875094,332,-86.01136,0
1875104,333,-85.87083,0
1875114,324,-87.1357,0
1875124,334,-85.73029,0
1875134,334,-85.73029,0
1875144,335,-85.58974,0
1875154,331,-86.1519,0
1875164,327,-86.71407,0
1875174,327,-86.71407,0
1875184,336,-85.4492,0
1875194,336,-85.4492,0
1875204,333,-85.87083,0
1875214,333,-85.87083,0
1875224,334,-85.73029,0
1875234,335,-85.58974,0
1875244,329,-86.43299,0
1875254,335,-85.58974,0
1875264,333,-85.87083,0
1875274,333,-85.87083,0
1875284,331,-86.1519,0
1875294,328,-86.57353,0
1875304,333,-85.87083,0
1875314,331,-86.1519,0
1875324,332,-86.01136,0
1875334,331,-86.1519,0
1875344,331,-86.1519,0
1875354,335,-85.58974,0
1875364,336,-85.4492,0
1875374,327,-86.71407,0
1875384,335,-85.58974,0
1875394,337,-85.30865,0
1875404,323,-87.27624,0
1875414,331,-86.1519,0
1875424,330,-86.29245,0
1875434,332,-86.01136,0
1875444,332,-86.01136,0
1875454,336,-85.4492,0
1875464,333,-85.87083,0
1875474,332,-86.01136,0
1875484,332,-86.01136,0
1875494,333,-85.87083,0
1875504,329,-86.43299,0
1875514,328,-86.57353,0
1875524,334,-85.73029,0
1875534,323,-87.27624,0
1875544,332,-86.01136,0
1875554,337,-85.30865,0
1875564,328,-86.57353,0
1875574,327,-86.71407,0
1875584,334,-85.73029,0
1875594,333,-85.87083,0
1875604,336,-85.4492,0
1875614,327,-86.71407,0
1875624,323,-87.27624,0
1875634,333,-85.87083,0
1875644,334,-85.73029,0
1875654,334,-85.73029,0
1875664,335,-85.58974,0
1875674,338,-85.16812,0
1875684,331,-86.1519,0
1875694,334,-85.73029,0
1875704,337,-85.30865,0
1875714,327,-86.71407,0
1875724,330,-86.29245,0
1875734,324,-87.1357,0
1875744,332,-86.01136,0
1875754,333,-85.87083,0
1875764,326,-86.85461,0
1875774,330,-86.29245,0
1875784,334,-85.73029,0
1875794,326,-86.85461,0
1875804,339,-85.02757,0
1875814,336,-85.4492,0
1875824,336,-85.4492,0
1875834,334,-85.73029,0
1875844,331,-86.1519,0
1875854,323,-87.27624,0
1875864,328,-86.57353,0
1875874,330,-86.29245,0
1875884,329,-86.43299,0
1875894,324,-87.1357,0
1875904,333,-85.87083,0
1875914,334,-85.73029,0
1875924,333,-85.87083,0
1875934,332,-86.01136,0
1875944,332,-86.01136,0
1875954,337,-85.30865,0
1875964,335,-85.58974,0
1875974,328,-86.57353,0
1875984,334,-85.73029,0
1875994,337,-85.30865,0
1876004,336,-85.4492,0
1876014,337,-85.30865,0
1876024,332,-86.01136,0
1876034,334,-85.73029,0
1876044,333,-85.87083,0
1876054,325,-86.99516,0
1876064,326,-86.85461,0
1876074,331,-86.1519,0
1876084,324,-87.1357,0
1876094,330,-86.29245,0
1876104,331,-86.1519,0
1876114,339,-85.02757,0
1876124,326,-86.85461,0
1876134,334,-85.73029,0
1876144,327,-86.71407,0
1876154,333,-85.87083,0
1876164,337,-85.30865,0
1876174,329,-86.43299,0
1876184,323,-87.27624,0
1876194,330,-86.29245,0
1876204,334,-85.73029,0
1876214,332,-86.01136,0
1876224,324,-87.1357,0
1876234,341,-84.74649,0
1876244,332,-86.01136,0
1876254,330,-86.29245,0
1876264,333,-85.87083,0
1876274,332,-86.01136,0
1876284,330,-86.29245,0
1876294,327,-86.71407,0
1876304,326,-86.85461,0
1876314,335,-85.58974,0
1876324,325,-86.99516,0
1876334,331,-86.1519,0
1876344,329,-86.43299,0
1876354,332,-86.01136,0
1876364,334,-85.73029,0
1876374,335,-85.58974,0
1876384,331,-86.1519,0
1876394,331,-86.1519,0
1876404,327,-86.71407,0
1876414,329,-86.43299,0
1876424,324,-87.1357,0
1876434,330,-86.29245,0
1876444,328,-86.57353,0
1876454,335,-85.58974,0
1876464,341,-84.74649,0
1876474,333,-85.87083,0
1876484,334,-85.73029,0
1876494,333,-85.87083,0
1876504,329,-86.43299,0
1876514,331,-86.1519,0
1876524,331,-86.1519,0
1876534,332,-86.01136,0
1876544,331,-86.1519,0
1876554,329,-86.43299,0
1876564,339,-85.02757,0
1876574,334,-85.73029,0
1876584,337,-85.30865,0
1876594,329,-86.43299,0
1876604,334,-85.73029,0
1876614,333,-85.87083,0
1876624,327,-86.71407,0
1876634,328,-86.57353,0
1876644,331,-86.1519,0
1876654,329,-86.43299,0
1876664,331,-86.1519,0
1876674,331,-86.1519,0
1876684,332,-86.01136,0
1876694,330,-86.29245,0
1876704,334,-85.73029,0
1876714,333,-85.87083,0
1876724,326,-86.85461,0
1876734,336,-85.4492,0
1876744,332,-86.01136,0
1876754,328,-86.57353,0
1876764,333,-85.87083,0
1876774,330,-86.29245,0
1876784,333,-85.87083,0
1876794,336,-85.4492,0
1876804,332,-86.01136,0
1876814,334,-85.73029,0
1876824,332,-86.01136,0
1876834,337,-85.30865,0
1876844,334,-85.73029,0
1876854,333,-85.87083,0
1876864,334,-85.73029,0
1876874,331,-86.1519,0
1876884,325,-86.99516,0
1876894,330,-86.29245,0
1876904,328,-86.57353,0
1876914,335,-85.58974,0
1876924,334,-85.73029,0
1876934,338,-85.16812,0
1876944,329,-86.43299,0
1876954,330,-86.29245,0
1876964,327,-86.71407,0
1876974,331,-86.1519,0
1876984,331,-86.1519,0
1876994,329,-86.43299,0
1877004,325,-86.99516,0
1877014,329,-86.43299,0
1877024,326,-86.85461,0
1877034,334,-85.73029,0
1877044,333,-85.87083,0
1877054,336,-85.4492,0
1877064,328,-86.57353,0
1877074,329,-86.43299,0
1877084,333,-85.87083,0
1877094,331,-86.1519,0
1877104,341,-84.74649,0
1877114,329,-86.43299,0
1877124,333,-85.87083,0
1877134,333,-85.87083,0
1877144,328,-86.57353,0
1877154,336,-85.4492,0
1877164,329,-86.43299,0
1877174,325,-86.99516,0
1877184,336,-85.4492,0
1877194,327,-86.71407,0
1877204,333,-85.87083,0
1877214,338,-85.16812,0
1877224,334,-85.73029,0
1877234,325,-86.99516,0
1877244,328,-86.57353,0
1877254,335,-85.58974,0
1877264,335,-85.58974,0
1877274,330,-86.29245,0
1877284,344,-84.32487,0
1877294,328,-86.57353,0
1877304,335,-85.58974,0
1877314,340,-84.88703,0
1877324,327,-86.71407,0
1877334,329,-86.43299,0
1877344,332,-86.01136,0
1877354,334,-85.73029,0
1877364,331,-86.1519,0
1877374,340,-84.88703,0
1877384,332,-86.01136,0
1877394,336,-85.4492,0
1877404,329,-86.43299,0
1877414,334,-85.73029,0
1877424,328,-86.57353,0
1877434,334,-85.73029,0
1877444,328,-86.57353,0
1877454,337,-85.30865,0
1877464,334,-85.73029,0
1877474,341,-84.74649,0
1877484,329,-86.43299,0
1877494,335,-85.58974,0
1877504,331,-86.1519,0
1877514,326,-86.85461,0
1877524,327,-86.71407,0
1877534,328,-86.57353,0
1877544,329,-86.43299,0
1877554,333,-85.87083,0
1877564,334,-85.73029,0
1877574,328,-86.57353,0
1877584,336,-85.4492,0
1877594,329,-86.43299,0
1877604,332,-86.01136,0
1877614,334,-85.73029,0
1877624,329,-86.43299,0
1877634,322,-87.41679,0
1877644,331,-86.1519,0
1877654,334,-85.73029,0
1877664,333,-85.87083,0
1877674,327,-86.71407,0
1877684,337,-85.30865,0
1877694,334,-85.73029,0
1877704,336,-85.4492,0
1877714,335,-85.58974,0
1877724,331,-86.1519,0
1877734,329,-86.43299,0
1877744,333,-85.87083,0
1877754,336,-85.4492,0
1877764,339,-85.02757,0
1877774,331,-86.1519,0
1877784,331,-86.1519,0
1877794,333,-85.87083,0
1877804,328,-86.57353,0
1877814,335,-85.58974,0
1877824,325,-86.99516,0
1877834,333,-85.87083,0
1877844,332,-86.01136,0
1877854,333,-85.87083,0
1877864,334,-85.73029,0
1877874,332,-86.01136,0
1877884,330,-86.29245,0
1877894,333,-85.87083,0
1877904,336,-85.4492,0
1877914,331,-86.1519,0
1877924,333,-85.87083,0
1877934,334,-85.73029,0
1877944,333,-85.87083,0
1877954,336,-85.4492,0
1877964,329,-86.43299,0
1877974,327,-86.71407,0
1877984,330,-86.29245,0
1877994,334,-85.73029,0
1878004,335,-85.58974,0
1878014,329,-86.43299,0
1878024,328,-86.57353,0
1878034,336,-85.4492,0
1878044,330,-86.29245,0
1878054,337,-85.30865,0
1878064,331,-86.1519,0
1878074,332,-86.01136,0
1878084,328,-86.57353,0
1878094,331,-86.1519,0
1878104,343,-84.46541,0
1878114,335,-85.58974,0
1878124,339,-85.02757,0
1878134,336,-85.4492,0
1878144,338,-85.16812,0
1878154,337,-85.30865,0
1878164,332,-86.01136,0
1878174,331,-86.1519,0
1878184,328,-86.57353,0
1878194,329,-86.43299,0
1878204,326,-86.85461,0
1878214,332,-86.01136,0
1878224,329,-86.43299,0
1878234,336,-85.4492,0
1878244,333,-85.87083,0
1878254,335,-85.58974,0
1878264,334,-85.73029,0
1878274,333,-85.87083,0
1878284,334,-85.73029,0
1878294,330,-86.29245,0
1878304,332,-86.01136,0
1878314,332,-86.01136,0
1878324,329,-86.43299,0
1878334,335,-85.58974,0
1878344,336,-85.4492,0
1878354,340,-84.88703,0
1878364,333,-85.87083,0
1878374,332,-86.01136,0
1878384,331,-86.1519,0
1878394,336,-85.4492,0
1878404,334,-85.73029,0
1878414,332,-86.01136,0
1878424,330,-86.29245,0
1878434,332,-86.01136,0
1878444,334,-85.73029,0
1878454,336,-85.4492,0
1878464,328,-86.57353,0
1878474,334,-85.73029,0
1878484,336,-85.4492,0
1878494,331,-86.1519,0
1878504,335,-85.58974,0
1878514,330,-86.29245,0
1878524,331,-86.1519,0
1878534,333,-85.87083,0
1878544,332,-86.01136,0
1878554,342,-84.60595,0
1878564,333,-85.87083,0
1878574,331,-86.1519,0
1878584,328,-86.57353,0
1878594,326,-86.85461,0
1878604,340,-84.88703,0
1878614,337,-85.30865,0
1878624,331,-86.1519,0
1878634,334,-85.73029,0
1878644,332,-86.01136,0
1878654,329,-86.43299,0
1878664,333,-85.87083,0
1878674,329,-86.43299,0
1878684,326,-86.85461,0
1878694,332,-86.01136,0
1878704,338,-85.16812,0
1878714,334,-85.73029,0
1878724,334,-85.73029,0
1878734,330,-86.29245,0
1878744,331,-86.1519,0
1878754,335,-85.58974,0
1878764,332,-86.01136,0
1878774,336,-85.4492,0
1878784,337,-85.30865,0
1878794,335,-85.58974,0
1878804,332,-86.01136,0
1878814,330,-86.29245,0
1878824,332,-86.01136,0
1878834,334,-85.73029,0
1878844,332,-86.01136,0
1878854,327,-86.71407,0
1878864,332,-86.01136,0
1878874,333,-85.87083,0
1878884,332,-86.01136,0
1878894,328,-86.57353,0
1878904,322,-87.41679,0
1878914,334,-85.73029,0
1878924,326,-86.85461,0
1878934,322,-87.41679,0
1878944,325,-86.99516,0
1878954,329,-86.43299,0
1878964,335,-85.58974,0
1878974,323,-87.27624,0
1878984,341,-84.74649,0
1878994,334,-85.73029,0
1879004,337,-85.30865,0
1879014,332,-86.01136,0
1879024,335,-85.58974,0
1879034,328,-86.57353,0
1879044,339,-85.02757,0
1879054,336,-85.4492,0
1879064,327,-86.71407,0
1879074,332,-86.01136,0
1879084,334,-85.73029,0
1879094,330,-86.29245,0
1879104,330,-86.29245,0
1879114,328,-86.57353,0
1879124,334,-85.73029,0
1879134,336,-85.4492,0
1879144,331,-86.1519,0
1879154,328,-86.57353,0
1879164,338,-85.16812,0
1879174,330,-86.29245,0
1879184,333,-85.87083,0
1879194,329,-86.43299,0
1879204,335,-85.58974,0
1879214,328,-86.57353,0
1879224,331,-86.1519,0
1879234,336,-85.4492,0
1879244,327,-86.71407,0
1879254,328,-86.57353,0
1879264,334,-85.73029,0
1879274,338,-85.16812,0
1879284,329,-86.43299,0
1879294,324,-87.1357,0
1879304,328,-86.57353,0
1879314,328,-86.57353,0
1879324,331,-86.1519,0
1879334,327,-86.71407,0
1879344,337,-85.30865,0
1879354,330,-86.29245,0
1879364,335,-85.58974,0
1879374,338,-85.16812,0
1879384,332,-86.01136,0
1879394,333,-85.87083,0
1879404,330,-86.29245,0
1879414,328,-86.57353,0
1879424,327,-86.71407,0
1879434,331,-86.1519,0
1879444,331,-86.1519,0
1879454,332,-86.01136,0
1879464,335,-85.58974,0
1879474,329,-86.43299,0
1879484,337,-85.30865,0
1879494,336,-85.4492,0
1879504,340,-84.88703,0
1879514,330,-86.29245,0
1879524,329,-86.43299,0
1879534,329,-86.43299,0
1879544,322,-87.41679,0
1879554,333,-85.87083,0
1879564,333,-85.87083,0
1879574,332,-86.01136,0
1879584,330,-86.29245,0
1879594,331,-86.1519,0
1879604,338,-85.16812,0
1879614,334,-85.73029,0
1879624,335,-85.58974,0
1879634,326,-86.85461,0
1879644,333,-85.87083,0
1879654,337,-85.30865,0
1879664,333,-85.87083,0
1879674,334,-85.73029,0
1879684,333,-85.87083,0
1879694,334,-85.73029,0
1879704,329,-86.43299,0
1879714,324,-87.1357,0
1879724,335,-85.58974,0
1879734,328,-86.57353,0
1879744,331,-86.1519,0
1879754,325,-86.99516,0
1879764,329,-86.43299,0
1879774,333,-85.87083,0
1879784,342,-84.60595,0
1879794,331,-86.1519,0
1879804,336,-85.4492,0
1879814,328,-86.57353,0
1879824,342,-84.60595,0
1879834,336,-85.4492,0
1879844,328,-86.57353,0
1879854,330,-86.29245,0
1879864,326,-86.85461,0
1879874,332,-86.01136,0
1879884,335,-85.58974,0
1879894,326,-86.85461,0
1879904,336,-85.4492,0
1879914,331,-86.1519,0
1879924,332,-86.01136,0
1879934,336,-85.4492,0
1879944,332,-86.01136,0
1879954,334,-85.73029,0
1879964,334,-85.73029,0
1879974,328,-86.57353,0
1879984,335,-85.58974,0
1879994,327,-86.71407,0
1880004,330,-86.29245,0
1880014,333,-85.87083,0
1880024,334,-85.73029,0
1880034,333,-85.87083,0
1880044,328,-86.57353,0
1880054,332,-86.01136,0
1880064,333,-85.87083,0
1880074,332,-86.01136,0
1880084,328,-86.57353,0
1880094,331,-86.1519,0
1880104,334,-85.73029,0
1880114,323,-87.27624,0
1880124,336,-85.4492,0
1880134,339,-85.02757,0
1880144,335,-85.58974,0
1880154,335,-85.58974,0
1880164,333,-85.87083,0
1880174,332,-86.01136,0
1880184,332,-86.01136,0
1880194,324,-87.1357,0
1880204,330,-86.29245,0
1880214,334,-85.73029,0
1880224,326,-86.85461,0
1880234,328,-86.57353,0
1880244,321,-87.55732,0
1880254,327,-86.71407,0
1880264,328,-86.57353,0
1880274,323,-87.27624,0
1880284,332,-86.01136,0
1880294,332,-86.01136,0
1880304,332,-86.01136,0
1880314,332,-86.01136,0
1880324,324,-87.1357,0
1880334,329,-86.43299,0
1880344,327,-86.71407,0
1880354,336,-85.4492,0
1880364,325,-86.99516,0
1880374,331,-86.1519,0
1880384,339,-85.02757,0
1880394,333,-85.87083,0
1880404,327,-86.71407,0
1880414,334,-85.73029,0
1880424,336,-85.4492,0
1880434,332,-86.01136,0
1880444,327,-86.71407,0
1880454,329,-86.43299,0
1880464,330,-86.29245,0
1880474,329,-86.43299,0
1880484,334,-85.73029,0
1880494,326,-86.85461,0
1880504,328,-86.57353,0
1880514,334,-85.73029,0
1880524,331,-86.1519,0
1880534,331,-86.1519,0
1880544,334,-85.73029,0
1880554,333,-85.87083,0
1880564,335,-85.58974,0
1880574,340,-84.88703,0
1880584,334,-85.73029,0
1880594,330,-86.29245,0
1880604,331,-86.1519,0
1880614,338,-85.16812,0
1880624,338,-85.16812,0
1880634,332,-86.01136,0
1880644,331,-86.1519,0
1880654,333,-85.87083,0
1880664,334,-85.73029,0
1880674,328,-86.57353,0
1880684,334,-85.73029,0
1880694,328,-86.57353,0
1880704,339,-85.02757,0
1880714,340,-84.88703,0
1880724,332,-86.01136,0
1880734,326,-86.85461,0
1880744,329,-86.43299,0
1880754,332,-86.01136,0
1880764,330,-86.29245,0
1880774,336,-85.4492,0
1880784,330,-86.29245,0
1880794,327,-86.71407,0
1880804,336,-85.4492,0
1880814,333,-85.87083,0
1880824,337,-85.30865,0
1880834,326,-86.85461,0
1880844,333,-85.87083,0
1880854,332,-86.01136,0
1880864,333,-85.87083,0
1880874,332,-86.01136,0
1880884,327,-86.71407,0
1880894,336,-85.4492,0
1880904,324,-87.1357,0
1880914,337,-85.30865,0
1880924,338,-85.16812,0
1880934,336,-85.4492,0
1880944,333,-85.87083,0
1880954,333,-85.87083,0
1880964,330,-86.29245,0
1880974,332,-86.01136,0
1880984,334,-85.73029,0
1880994,328,-86.57353,0
1881004,334,-85.73029,0
1881014,332,-86.01136,0
1881024,341,-84.74649,0
1881034,331,-86.1519,0
1881044,328,-86.57353,0
1881054,336,-85.4492,0
1881064,330,-86.29245,0
1881074,335,-85.58974,0
1881084,336,-85.4492,0
1881094,328,-86.57353,0
1881104,335,-85.58974,0
1881114,332,-86.01136,0
1881124,334,-85.73029,0
1881134,336,-85.4492,0
1881144,332,-86.01136,0
1881154,337,-85.30865,0
1881164,333,-85.87083,0
1881174,330,-86.29245,0
1881184,334,-85.73029,0
1881194,329,-86.43299,0
1881204,333,-85.87083,0
1881214,327,-86.71407,0
1881224,330,-86.29245,0
1881234,340,-84.88703,0
1881244,332,-86.01136,0
1881254,330,-86.29245,0
1881264,333,-85.87083,0
1881274,336,-85.4492,0
1881284,327,-86.71407,0
1881294,333,-85.87083,0
1881304,327,-86.71407,0
1881314,330,-86.29245,0
1881324,335,-85.58974,0
1881334,332,-86.01136,0
1881344,332,-86.01136,0
1881354,332,-86.01136,0
1881364,323,-87.27624,0
1881374,322,-87.41679,0
1881384,338,-85.16812,0
1881394,333,-85.87083,0
1881404,323,-87.27624,0
1881414,324,-87.1357,0
1881424,329,-86.43299,0
1881434,338,-85.16812,0
1881444,330,-86.29245,0
1881454,328,-86.57353,0
1881464,331,-86.1519,0
1881474,329,-86.43299,0
1881484,334,-85.73029,0
1881494,330,-86.29245,0
1881504,339,-85.02757,0
1881514,328,-86.57353,0
1881524,327,-86.71407,0
1881534,343,-84.46541,0
1881544,327,-86.71407,0
1881554,332,-86.01136,0
1881564,328,-86.57353,0
1881574,336,-85.4492,0
1881584,334,-85.73029,0
1881594,339,-85.02757,0
1881604,338,-85.16812,0
1881614,333,-85.87083,0
1881624,337,-85.30865,0
1881634,333,-85.87083,0
1881644,329,-86.43299,0
1881654,330,-86.29245,0
1881664,326,-86.85461,0
1881674,330,-86.29245,0
1881684,327,-86.71407,0
1881694,335,-85.58974,0
1881704,338,-85.16812,0
1881714,328,-86.57353,0
1881724,338,-85.16812,0
1881734,334,-85.73029,0
1881744,329,-86.43299,0
1881754,327,-86.71407,0
1881764,330,-86.29245,0
1881774,337,-85.30865,0
1881784,333,-85.87083,0
1881794,333,-85.87083,0
1881804,332,-86.01136,0
1881814,327,-86.71407,0
1881824,331,-86.1519,0
1881834,338,-85.16812,0
1881844,332,-86.01136,0
1881854,337,-85.30865,0
1881864,328,-86.57353,0
1881874,328,-86.57353,0
1881884,336,-85.4492,0
1881894,334,-85.73029,0
1881904,335,-85.58974,0
1881914,329,-86.43299,0
1881924,335,-85.58974,0
1881934,337,-85.30865,0
1881944,333,-85.87083,0
1881954,337,-85.30865,0
1881964,335,-85.58974,0
1881974,331,-86.1519,0
1881984,325,-86.99516,0
1881994,330,-86.29245,0
1882004,332,-86.01136,0
1882014,337,-85.30865,0
1882024,332,-86.01136,0
1882034,336,-85.4492,0
1882044,329,-86.43299,0
1882054,336,-85.4492,0
1882064,330,-86.29245,0
1882074,329,-86.43299,0
1882084,326,-86.85461,0
1882094,329,-86.43299,0
1882104,329,-86.43299,0
1882114,331,-86.1519,0
1882124,339,-85.02757,0
1882134,332,-86.01136,0
1882144,335,-85.58974,0
1882154,335,-85.58974,0
1882164,328,-86.57353,0
1882174,334,-85.73029,0
1882184,330,-86.29245,0
1882194,328,-86.57353,0
1882204,328,-86.57353,0
1882214,333,-85.87083,0
1882224,326,-86.85461,0
1882234,335,-85.58974,0
1882244,327,-86.71407,0
1882254,331,-86.1519,0
1882264,330,-86.29245,0
1882274,336,-85.4492,0
1882284,336,-85.4492,0
1882294,329,-86.43299,0
1882304,327,-86.71407,0
1882314,330,-86.29245,0
1882324,326,-86.85461,0
1882334,338,-85.16812,0
1882344,334,-85.73029,0
1882354,327,-86.71407,0
1882364,324,-87.1357,0
1882374,336,-85.4492,0
1882384,334,-85.73029,0
1882394,334,-85.73029,0
1882404,325,-86.99516,0
1882414,334,-85.73029,0
1882424,331,-86.1519,0
1882434,330,-86.29245,0
1882444,331,-86.1519,0
1882454,329,-86.43299,0
1882464,328,-86.57353,0
1882474,330,-86.29245,0
1882484,333,-85.87083,0
1882494,327,-86.71407,0
1882504,332,-86.01136,0
1882514,324,-87.1357,0
1882524,333,-85.87083,0
1882534,334,-85.73029,0
1882544,326,-86.85461,0
1882554,332,-86.01136,0
1882564,330,-86.29245,0
1882574,332,-86.01136,0
1882584,330,-86.29245,0
1882594,336,-85.4492,0
1882604,334,-85.73029,0
1882614,330,-86.29245,0
1882624,333,-85.87083,0
1882634,332,-86.01136,0
1882644,329,-86.43299,0
1882654,333,-85.87083,0
1882664,327,-86.71407,0
1882674,339,-85.02757,0
1882684,338,-85.16812,0
1882694,335,-85.58974,0
1882704,335,-85.58974,0
1882714,332,-86.01136,0
1882724,333,-85.87083,0
1882734,337,-85.30865,0
1882744,326,-86.85461,0
1882754,324,-87.1357,0
1882764,335,-85.58974,0
1882774,334,-85.73029,0
1882784,335,-85.58974,0
1882794,321,-87.55732,0
1882804,331,-86.1519,0
1882814,326,-86.85461,0
1882824,337,-85.30865,0
1882834,327,-86.71407,0
1882844,325,-86.99516,0
1882854,332,-86.01136,0
1882864,328,-86.57353,0
1882874,329,-86.43299,0
1882884,336,-85.4492,0
1882894,334,-85.73029,0
1882904,329,-86.43299,0
1882914,331,-86.1519,0
1882924,333,-85.87083,0
1882934,331,-86.1519,0
1882944,331,-86.1519,0
1882954,337,-85.30865,0
1882964,330,-86.29245,0
1882974,332,-86.01136,0
1882984,331,-86.1519,0
1882994,332,-86.01136,0
1883004,334,-85.73029,0
1883014,330,-86.29245,0
1883024,337,-85.30865,0
1883034,336,-85.4492,0
1883044,336,-85.4492,0
1883054,333,-85.87083,0
1883064,329,-86.43299,0
1883074,331,-86.1519,0
1883084,325,-86.99516,0
1883094,331,-86.1519,0
1883104,326,-86.85461,0
1883114,329,-86.43299,0
1883124,337,-85.30865,0
1883134,330,-86.29245,0
1883144,330,-86.29245,0
1883154,326,-86.85461,0
1883164,330,-86.29245,0
1883174,337,-85.30865,0
1883184,327,-86.71407,0
1883194,323,-87.27624,0
1883204,330,-86.29245,0
1883214,330,-86.29245,0
1883224,328,-86.57353,0
1883234,341,-84.74649,0
1883244,338,-85.16812,0
1883254,335,-85.58974,0
1883264,329,-86.43299,0
1883274,332,-86.01136,0
1883284,337,-85.30865,0
1883294,329,-86.43299,0
1883304,332,-86.01136,0
1883314,330,-86.29245,0
1883324,333,-85.87083,0
1883334,337,-85.30865,0
1883344,332,-86.01136,0
1883354,338,-85.16812,0
1883364,334,-85.73029,0
1883374,331,-86.1519,0
1883384,333,-85.87083,0
1883394,330,-86.29245,0
1883404,328,-86.57353,0
1883414,332,-86.01136,0
1883424,336,-85.4492,0
1883434,329,-86.43299,0
1883444,330,-86.29245,0
1883454,338,-85.16812,0
1883464,332,-86.01136,0
1883474,332,-86.01136,0
1883484,327,-86.71407,0
1883494,336,-85.4492,0
1883504,339,-85.02757,0
1883514,337,-85.30865,0
1883524,328,-86.57353,0
1883534,331,-86.1519,0
1883544,331,-86.1519,0
1883554,334,-85.73029,0
1883564,330,-86.29245,0
1883574,334,-85.73029,0
1883584,334,-85.73029,0
1883594,330,-86.29245,0
1883604,335,-85.58974,0
1883614,329,-86.43299,0
1883624,329,-86.43299,0
1883634,334,-85.73029,0
1883644,330,-86.29245,0
1883654,337,-85.30865,0
1883664,327,-86.71407,0
1883674,331,-86.1519,0
1883684,334,-85.73029,0
1883694,324,-87.1357,0
1883704,335,-85.58974,0
1883714,334,-85.73029,0
1883724,332,-86.01136,0
1883734,333,-85.87083,0
1883744,334,-85.73029,0
1883754,328,-86.57353,0
1883764,333,-85.87083,0
1883774,334,-85.73029,0
1883784,332,-86.01136,0
1883794,336,-85.4492,0
1883804,337,-85.30865,0
1883814,334,-85.73029,0
1883824,333,-85.87083,0
1883834,340,-84.88703,0
1883844,326,-86.85461,0
1883854,328,-86.57353,0
1883864,330,-86.29245,0
1883874,325,-86.99516,0
1883884,335,-85.58974,0
1883894,332,-86.01136,0
1883904,334,-85.73029,0
1883914,336,-85.4492,0
1883924,338,-85.16812,0
1883934,342,-84.60595,0
1883944,330,-86.29245,0
1883954,332,-86.01136,0
1883964,337,-85.30865,0
1883974,329,-86.43299,0
1883984,333,-85.87083,0
1883994,330,-86.29245,0
1884004,337,-85.30865,0
1884014,327,-86.71407,0
1884024,337,-85.30865,0
1884034,333,-85.87083,0
1884044,336,-85.4492,0
1884054,334,-85.73029,0
1884064,334,-85.73029,0
1884074,332,-86.01136,0
1884084,323,-87.27624,0
1884094,333,-85.87083,0
1884104,327,-86.71407,0
1884114,332,-86.01136,0
1884124,336,-85.4492,0
1884134,335,-85.58974,0
1884144,337,-85.30865,0
1884154,334,-85.73029,0
1884164,330,-86.29245,0
1884174,330,-86.29245,0
1884184,338,-85.16812,0
1884194,334,-85.73029,0
1884204,333,-85.87083,0
1884214,333,-85.87083,0
1884224,332,-86.01136,0
1884234,337,-85.30865,0
1884244,337,-85.30865,0
1884254,336,-85.4492,0
1884264,334,-85.73029,0
1884274,336,-85.4492,0
1884284,336,-85.4492,0
1884294,337,-85.30865,0
1884304,329,-86.43299,0
1884314,327,-86.71407,0
1884324,334,-85.73029,0
1884334,330,-86.29245,0
1884344,328,-86.57353,0
1884354,328,-86.57353,0
1884364,331,-86.1519,0
1884374,337,-85.30865,0
1884384,334,-85.73029,0
1884394,330,-86.29245,0
1884404,333,-85.87083,0
1884414,332,-86.01136,0
1884424,332,-86.01136,0
1884434,326,-86.85461,0
1884444,330,-86.29245,0
1884454,336,-85.4492,0
1884464,333,-85.87083,0
1884474,332,-86.01136,0
1884484,341,-84.74649,0
1884494,336,-85.4492,0
1884504,342,-84.60595,0
1884514,332,-86.01136,0
1884524,335,-85.58974,0
1884534,330,-86.29245,0
1884544,330,-86.29245,0
1884554,338,-85.16812,0
1884564,328,-86.57353,0
1884574,333,-85.87083,0
1884584,338,-85.16812,0
1884594,339,-85.02757,0
1884604,337,-85.30865,0
1884614,334,-85.73029,0
1884624,334,-85.73029,0
1884634,335,-85.58974,0
1884644,335,-85.58974,0
1884654,332,-86.01136,0
1884664,329,-86.43299,0
1884674,332,-86.01136,0
1884684,336,-85.4492,0
1884694,331,-86.1519,0
1884704,341,-84.74649,0
1884714,330,-86.29245,0
1884724,325,-86.99516,0
1884734,332,-86.01136,0
1884744,321,-87.55732,0
1884754,331,-86.1519,0
1884764,324,-87.1357,0
1884774,333,-85.87083,0
1884784,332,-86.01136,0
1884794,333,-85.87083,0
1884804,331,-86.1519,0
1884814,339,-85.02757,0
1884824,335,-85.58974,0
1884834,333,-85.87083,0
1884844,336,-85.4492,0
1884854,335,-85.58974,0
1884864,321,-87.55732,0
1884874,333,-85.87083,0
1884884,330,-86.29245,0
1884894,333,-85.87083,0
1884904,339,-85.02757,0
1884914,332,-86.01136,0
1884924,337,-85.30865,0
1884934,334,-85.73029,0
1884944,334,-85.73029,0
1884954,336,-85.4492,0
1884964,333,-85.87083,0
1884974,332,-86.01136,0
1884984,329,-86.43299,0
1884994,330,-86.29245,0
1885004,337,-85.30865,0
1885014,329,-86.43299,0
1885024,335,-85.58974,0
1885034,332,-86.01136,0
1885044,335,-85.58974,0
1885054,328,-86.57353,0
1885064,331,-86.1519,0
1885074,332,-86.01136,0
1885084,330,-86.29245,0
1885094,328,-86.57353,0
1885104,332,-86.01136,0
1885114,332,-86.01136,0
1885124,331,-86.1519,0
1885134,332,-86.01136,0
1885144,332,-86.01136,0
1885154,337,-85.30865,0
1885164,332,-86.01136,0
1885174,334,-85.73029,0
1885184,331,-86.1519,0
1885194,329,-86.43299,0
1885204,336,-85.4492,0
1885214,330,-86.29245,0
1885224,333,-85.87083,0
1885234,336,-85.4492,0
1885244,330,-86.29245,0
1885254,335,-85.58974,0
1885264,340,-84.88703,0
1885274,337,-85.30865,0
1885284,330,-86.29245,0
1885294,329,-86.43299,0
1885304,329,-86.43299,0
1885314,327,-86.71407,0
1885324,334,-85.73029,0
1885334,332,-86.01136,0
1885344,335,-85.58974,0
1885354,327,-86.71407,0
1885364,330,-86.29245,0
1885374,331,-86.1519,0
1885384,335,-85.58974,0
1885394,334,-85.73029,0
1885404,336,-85.4492,0
1885414,331,-86.1519,0
1885424,341,-84.74649,0
1885434,330,-86.29245,0
1885444,340,-84.88703,0
1885454,332,-86.01136,0
1885464,331,-86.1519,0
1885474,335,-85.58974,0
1885484,331,-86.1519,0
1885494,331,-86.1519,0
1885504,335,-85.58974,0
1885514,332,-86.01136,0
1885524,326,-86.85461,0
1885534,328,-86.57353,0
1885544,333,-85.87083,0
1885554,330,-86.29245,0
1885564,334,-85.73029,0
1885574,333,-85.87083,0
1885584,327,-86.71407,0
1885594,335,-85.58974,0
1885604,335,-85.58974,0
1885614,334,-85.73029,0
1885624,334,-85.73029,0
1885634,327,-86.71407,0
1885644,331,-86.1519,0
1885654,329,-86.43299,0
1885664,330,-86.29245,0
1885674,332,-86.01136,0
1885684,331,-86.1519,0
1885694,333,-85.87083,0
1885704,332,-86.01136,0
1885714,333,-85.87083,0
1885724,337,-85.30865,0
1885734,326,-86.85461,0
1885744,333,-85.87083,0
1885754,334,-85.73029,0
1885764,333,-85.87083,0
1885774,331,-86.1519,0
1885784,333,-85.87083,0
1885794,331,-86.1519,0
1885804,335,-85.58974,0
1885814,338,-85.16812,0
1885824,337,-85.30865,0
1885834,334,-85.73029,0
1885844,327,-86.71407,0
1885854,328,-86.57353,0
1885864,332,-86.01136,0
1885874,328,-86.57353,0
1885884,335,-85.58974,0
1885894,330,-86.29245,0
1885904,333,-85.87083,0
1885914,328,-86.57353,0
1885924,334,-85.73029,0
1885934,333,-85.87083,0
1885944,332,-86.01136,0
1885954,333,-85.87083,0
1885964,336,-85.4492,0
1885974,327,-86.71407,0
1885984,331,-86.1519,0
1885994,335,-85.58974,0
1886004,326,-86.85461,0
1886014,335,-85.58974,0
1886024,337,-85.30865,0
1886034,332,-86.01136,0
1886044,341,-84.74649,0
1886054,329,-86.43299,0
1886064,334,-85.73029,0
1886074,340,-84.88703,0
1886084,331,-86.1519,0
1886094,338,-85.16812,0
1886104,334,-85.73029,0
1886114,329,-86.43299,0
1886124,332,-86.01136,0
1886134,334,-85.73029,0
1886144,337,-85.30865,0
1886154,335,-85.58974,0
1886164,343,-84.46541,0
1886174,333,-85.87083,0
1886184,335,-85.58974,0
1886194,332,-86.01136,0
1886204,331,-86.1519,0
1886214,330,-86.29245,0
1886224,325,-86.99516,0
1886234,329,-86.43299,0
1886244,335,-85.58974,0
1886254,332,-86.01136,0
1886264,327,-86.71407,0
1886274,335,-85.58974,0
1886284,332,-86.01136,0
1886294,342,-84.60595,0
1886304,327,-86.71407,0
1886314,331,-86.1519,0
1886324,333,-85.87083,0
1886334,323,-87.27624,0
1886344,338,-85.16812,0
1886354,335,-85.58974,0
1886364,336,-85.4492,0
1886374,337,-85.30865,0
1886384,332,-86.01136,0
1886394,328,-86.57353,0
1886404,328,-86.57353,0
1886414,333,-85.87083,0
1886424,332,-86.01136,0
1886434,329,-86.43299,0
1886444,334,-85.73029,0
1886454,331,-86.1519,0
1886464,337,-85.30865,0
1886474,336,-85.4492,0
1886484,331,-86.1519,0
1886494,333,-85.87083,0
1886504,334,-85.73029,0
1886514,334,-85.73029,0
1886524,334,-85.73029,0
1886534,331,-86.1519,0
1886544,330,-86.29245,0
1886554,335,-85.58974,0
1886564,330,-86.29245,0
1886574,341,-84.74649,0
1886584,334,-85.73029,0
1886594,326,-86.85461,0
1886604,333,-85.87083,0
1886614,336,-85.4492,0
1886624,333,-85.87083,0
1886634,325,-86.99516,0
1886644,331,-86.1519,0
1886654,335,-85.58974,0
1886664,329,-86.43299,0
1886674,337,-85.30865,0
1886684,338,-85.16812,0
1886694,335,-85.58974,0
1886704,329,-86.43299,0
1886714,331,-86.1519,0
1886724,338,-85.16812,0
1886734,338,-85.16812,0
1886744,336,-85.4492,0
1886754,331,-86.1519,0
1886764,329,-86.43299,0
1886774,330,-86.29245,0
1886784,340,-84.88703,0
1886794,334,-85.73029,0
1886804,334,-85.73029,0
1886814,333,-85.87083,0
1886824,337,-85.30865,0
1886834,337,-85.30865,0
1886844,328,-86.57353,0
1886854,331,-86.1519,0
1886864,329,-86.43299,0
1886874,328,-86.57353,0
1886884,335,-85.58974,0
1886894,336,-85.4492,0
1886904,331,-86.1519,0
1886914,336,-85.4492,0
1886924,332,-86.01136,0
1886934,333,-85.87083,0
1886944,332,-86.01136,0
1886954,320,-87.69786,0
1886964,334,-85.73029,0
1886974,332,-86.01136,0
1886984,329,-86.43299,0
1886994,329,-86.43299,0
1887004,333,-85.87083,0
1887014,328,-86.57353,0
1887024,324,-87.1357,0
1887034,334,-85.73029,0
1887044,329,-86.43299,0
1887054,335,-85.58974,0
1887064,330,-86.29245,0
1887074,334,-85.73029,0
1887084,326,-86.85461,0
1887094,334,-85.73029,0
1887104,331,-86.1519,0
1887114,336,-85.4492,0
1887124,329,-86.43299,0
1887134,336,-85.4492,0
1887144,336,-85.4492,0
1887154,334,-85.73029,0
1887164,336,-85.4492,0
1887174,335,-85.58974,0
1887184,335,-85.58974,0
1887194,328,-86.57353,0
1887204,324,-87.1357,0
1887214,334,-85.73029,0
1887224,333,-85.87083,0
1887234,333,-85.87083,0
1887244,332,-86.01136,0
1887254,337,-85.30865,0
1887264,336,-85.4492,0
1887274,334,-85.73029,0
1887284,334,-85.73029,0
1887294,334,-85.73029,0
1887304,333,-85.87083,0
1887314,330,-86.29245,0
1887324,336,-85.4492,0
1887334,334,-85.73029,0
1887344,333,-85.87083,0
1887354,331,-86.1519,0
1887364,340,-84.88703,0
1887374,333,-85.87083,0
1887384,332,-86.01136,0
1887394,331,-86.1519,0
1887404,342,-84.60595,0
1887414,326,-86.85461,0
1887424,333,-85.87083,0
1887434,329,-86.43299,0
1887444,334,-85.73029,0
1887454,339,-85.02757,0
1887464,334,-85.73029,0
1887474,338,-85.16812,0
1887484,337,-85.30865,0
1887494,326,-86.85461,0
1887504,331,-86.1519,0
1887514,333,-85.87083,0
1887524,331,-86.1519,0
1887534,335,-85.58974,0
1887544,333,-85.87083,0
1887554,331,-86.1519,0
1887564,337,-85.30865,0
1887574,332,-86.01136,0
1887584,335,-85.58974,0
1887594,336,-85.4492,0
1887604,332,-86.01136,0
1887614,335,-85.58974,0
1887624,335,-85.58974,0
1887634,330,-86.29245,0
1887644,330,-86.29245,0
1887654,332,-86.01136,0
1887664,334,-85.73029,0
1887674,332,-86.01136,0
1887684,337,-85.30865,0
1887694,336,-85.4492,0
1887704,338,-85.16812,0
1887714,335,-85.58974,0
1887724,335,-85.58974,0
1887734,331,-86.1519,0
1887744,337,-85.30865,0
1887754,328,-86.57353,0
1887764,334,-85.73029,0
1887774,341,-84.74649,0
1887784,323,-87.27624,0
1887794,330,-86.29245,0
1887804,332,-86.01136,0
1887814,338,-85.16812,0
1887824,337,-85.30865,0
1887834,335,-85.58974,0
1887844,336,-85.4492,0
1887854,333,-85.87083,0
1887864,337,-85.30865,0
1887874,336,-85.4492,0
1887884,326,-86.85461,0
1887894,334,-85.73029,0
1887904,338,-85.16812,0
1887914,321,-87.55732,0
1887924,335,-85.58974,0
1887934,335,-85.58974,0
1887944,330,-86.29245,0
1887954,339,-85.02757,0
1887964,333,-85.87083,0
1887974,337,-85.30865,0
1887984,334,-85.73029,0
1887994,325,-86.99516,0
1888004,335,-85.58974,0
1888014,326,-86.85461,0
1888024,327,-86.71407,0
1888034,333,-85.87083,0
1888044,333,-85.87083,0
1888054,328,-86.57353,0
1888064,337,-85.30865,0
1888074,323,-87.27624,0
1888084,325,-86.99516,0
1888094,328,-86.57353,0
1888104,322,-87.41679,0
1888114,336,-85.4492,0
1888124,332,-86.01136,0
1888134,333,-85.87083,0
1888144,326,-86.85461,0
1888154,332,-86.01136,0
1888164,338,-85.16812,0
1888174,331,-86.1519,0
1888184,331,-86.1519,0
1888194,327,-86.71407,0
1888204,329,-86.43299,0
1888214,329,-86.43299,0
1888224,329,-86.43299,0
1888234,331,-86.1519,0
1888244,335,-85.58974,0
1888254,338,-85.16812,0
1888264,330,-86.29245,0
1888274,335,-85.58974,0
1888284,331,-86.1519,0
1888294,334,-85.73029,0
1888304,333,-85.87083,0
1888314,333,-85.87083,0
1888324,330,-86.29245,0
1888334,330,-86.29245,0
1888344,330,-86.29245,0
1888354,335,-85.58974,0
1888364,335,-85.58974,0
1888374,329,-86.43299,0
1888384,325,-86.99516,0
1888394,332,-86.01136,0
1888404,327,-86.71407,0
1888414,327,-86.71407,0
1888424,331,-86.1519,0
1888434,331,-86.1519,0
1888444,333,-85.87083,0
1888454,332,-86.01136,0
1888464,339,-85.02757,0
1888474,336,-85.4492,0
1888484,330,-86.29245,0
1888494,335,-85.58974,0
1888504,336,-85.4492,0
1888514,335,-85.58974,0
1888524,324,-87.1357,0
1888534,328,-86.57353,0
1888544,331,-86.1519,0
1888554,331,-86.1519,0
1888564,343,-84.46541,0
1888574,334,-85.73029,0
1888584,332,-86.01136,0
1888594,338,-85.16812,0
1888604,337,-85.30865,0
1888614,336,-85.4492,0
1888624,333,-85.87083,0
1888634,330,-86.29245,0
1888644,331,-86.1519,0
1888654,326,-86.85461,0
1888664,332,-86.01136,0
1888674,331,-86.1519,0
1888684,329,-86.43299,0
1888694,334,-85.73029,0
1888704,331,-86.1519,0
1888714,336,-85.4492,0
1888724,330,-86.29245,0
1888734,333,-85.87083,0
1888744,334,-85.73029,0
1888754,329,-86.43299,0
1888764,331,-86.1519,0
1888774,341,-84.74649,0
1888784,327,-86.71407,0
1888794,333,-85.87083,0
1888804,333,-85.87083,0
1888814,340,-84.88703,0
1888824,336,-85.4492,0
1888834,326,-86.85461,0
1888844,332,-86.01136,0
1888854,334,-85.73029,0
1888864,324,-87.1357,0
1888874,328,-86.57353,0
1888884,330,-86.29245,0
1888894,334,-85.73029,0
1888904,336,-85.4492,0
1888914,334,-85.73029,0
1888924,332,-86.01136,0
1888934,331,-86.1519,0
1888944,333,-85.87083,0
1888954,329,-86.43299,0
1888964,329,-86.43299,0
1888974,328,-86.57353,0
1888984,338,-85.16812,0
1888994,335,-85.58974,0
1889004,337,-85.30865,0
1889014,331,-86.1519,0
1889024,333,-85.87083,0
1889034,330,-86.29245,0
1889044,337,-85.30865,0
1889054,333,-85.87083,0
1889064,331,-86.1519,0
1889074,326,-86.85461,0
1889084,329,-86.43299,0
1889094,331,-86.1519,0
1889104,332,-86.01136,0
1889114,337,-85.30865,0
1889124,332,-86.01136,0
1889134,337,-85.30865,0
1889144,335,-85.58974,0
1889154,331,-86.1519,0
1889164,329,-86.43299,0
1889174,338,-85.16812,0
1889184,331,-86.1519,0
1889194,329,-86.43299,0
1889204,331,-86.1519,0
1889214,333,-85.87083,0
1889224,331,-86.1519,0
1889234,335,-85.58974,0
1889244,338,-85.16812,0
1889254,335,-85.58974,0
1889264,328,-86.57353,0
1889274,337,-85.30865,0
1889284,333,-85.87083,0
1889294,329,-86.43299,0
1889304,331,-86.1519,0
1889314,330,-86.29245,0
1889324,332,-86.01136,0
1889334,340,-84.88703,0
1889344,337,-85.30865,0
1889354,334,-85.73029,0
1889364,338,-85.16812,0
1889374,335,-85.58974,0
1889384,333,-85.87083,0
1889394,334,-85.73029,0
1889404,334,-85.73029,0
1889414,329,-86.43299,0
1889424,338,-85.16812,0
1889434,336,-85.4492,0
1889444,334,-85.73029,0
1889454,340,-84.88703,0
1889464,334,-85.73029,0
1889474,338,-85.16812,0
1889484,333,-85.87083,0
1889494,334,-85.73029,0
1889504,336,-85.4492,0
1889514,339,-85.02757,0
1889524,323,-87.27624,0
1889534,328,-86.57353,0
1889544,331,-86.1519,0
1889554,332,-86.01136,0
1889564,335,-85.58974,0
1889574,337,-85.30865,0
1889584,333,-85.87083,0
1889594,334,-85.73029,0
1889604,333,-85.87083,0
1889614,334,-85.73029,0
1889624,326,-86.85461,0
1889634,331,-86.1519,0
1889644,334,-85.73029,0
1889654,332,-86.01136,0
1889664,330,-86.29245,0
1889674,335,-85.58974,0
1889684,338,-85.16812,0
1889694,336,-85.4492,0
1889704,334,-85.73029,0
1889714,339,-85.02757,0
1889724,332,-86.01136,0
1889734,335,-85.58974,0
1889744,330,-86.29245,0
1889754,332,-86.01136,0
1889764,333,-85.87083,0
1889774,330,-86.29245,0
1889784,333,-85.87083,0
1889794,336,-85.4492,0
1889804,334,-85.73029,0
1889814,337,-85.30865,0
1889824,337,-85.30865,0
1889834,339,-85.02757,0
1889844,340,-84.88703,0
1889854,324,-87.1357,0
1889864,330,-86.29245,0
1889874,329,-86.43299,0
1889884,334,-85.73029,0
1889894,333,-85.87083,0
1889904,342,-84.60595,0
1889914,336,-85.4492,0
1889924,341,-84.74649,0
1889934,339,-85.02757,0
1889944,331,-86.1519,0
1889954,331,-86.1519,0
1889964,331,-86.1519,0
1889974,332,-86.01136,0
1889984,331,-86.1519,0
1889994,334,-85.73029,0
1890004,339,-85.02757,0
1890014,332,-86.01136,0
1890024,337,-85.30865,0
1890034,336,-85.4492,0
1890044,336,-85.4492,0
1890054,329,-86.43299,0
1890064,337,-85.30865,0
1890074,328,-86.57353,0
1890084,331,-86.1519,0
1890094,334,-85.73029,0
1890104,331,-86.1519,0
1890114,330,-86.29245,0
1890124,333,-85.87083,0
1890134,338,-85.16812,0
1890144,339,-85.02757,0
1890154,326,-86.85461,0
1890164,333,-85.87083,0
1890174,330,-86.29245,0
1890184,334,-85.73029,0
1890194,331,-86.1519,0
1890204,326,-86.85461,0
1890214,332,-86.01136,0
1890224,338,-85.16812,0
1890234,333,-85.87083,0
1890244,338,-85.16812,0
1890254,331,-86.1519,0
1890264,326,-86.85461,0
1890274,334,-85.73029,0
1890284,337,-85.30865,0
1890294,334,-85.73029,0
1890304,335,-85.58974,0
1890314,332,-86.01136,0
1890324,334,-85.73029,0
1890334,333,-85.87083,0
1890344,330,-86.29245,0
1890354,329,-86.43299,0
1890364,342,-84.60595,0
1890374,336,-85.4492,0
1890384,329,-86.43299,0
1890394,332,-86.01136,0
1890404,335,-85.58974,0
1890414,334,-85.73029,0
1890424,332,-86.01136,0
1890434,329,-86.43299,0
1890444,338,-85.16812,0
1890454,332,-86.01136,0
1890464,337,-85.30865,0
1890474,337,-85.30865,0
1890484,332,-86.01136,0
1890494,332,-86.01136,0
1890504,337,-85.30865,0
1890514,331,-86.1519,0
1890524,338,-85.16812,0
1890534,330,-86.29245,0
1890544,341,-84.74649,0
1890554,339,-85.02757,0
1890564,332,-86.01136,0
1890574,328,-86.57353,0
1890584,329,-86.43299,0
1890594,336,-85.4492,0
1890604,335,-85.58974,0
1890614,336,-85.4492,0
1890624,334,-85.73029,0
1890634,333,-85.87083,0
1890644,320,-87.69786,0
1890654,333,-85.87083,0
1890664,335,-85.58974,0
1890674,337,-85.30865,0
1890684,338,-85.16812,0
1890694,336,-85.4492,0
1890704,334,-85.73029,0
1890714,336,-85.4492,0
1890724,337,-85.30865,0
1890734,331,-86.1519,0
1890744,335,-85.58974,0
1890754,325,-86.99516,0
1890764,328,-86.57353,0
1890774,333,-85.87083,0
1890784,328,-86.57353,0
1890794,332,-86.01136,0
1890804,333,-85.87083,0
1890814,334,-85.73029,0
1890824,334,-85.73029,0
1890834,334,-85.73029,0
1890844,338,-85.16812,0
1890854,337,-85.30865,0
1890864,334,-85.73029,0
1890874,336,-85.4492,0
1890884,331,-86.1519,0
1890894,330,-86.29245,0
1890904,332,-86.01136,0
1890914,338,-85.16812,0
1890924,339,-85.02757,0
1890934,339,-85.02757,0
1890944,331,-86.1519,0
1890954,335,-85.58974,0
1890964,336,-85.4492,0
1890974,343,-84.46541,0
1890984,334,-85.73029,0
1890994,327,-86.71407,0
1891004,325,-86.99516,0
1891014,334,-85.73029,0
1891024,333,-85.87083,0
1891034,331,-86.1519,0
1891044,331,-86.1519,0
1891054,332,-86.01136,0
1891064,341,-84.74649,0
1891074,334,-85.73029,0
1891084,333,-85.87083,0
1891094,333,-85.87083,0
1891104,328,-86.57353,0
1891114,337,-85.30865,0
1891124,339,-85.02757,0
1891134,335,-85.58974,0
1891144,337,-85.30865,0
1891154,334,-85.73029,0
1891164,335,-85.58974,0
1891174,338,-85.16812,0
1891184,331,-86.1519,0
1891194,332,-86.01136,0
1891204,330,-86.29245,0
1891214,336,-85.4492,0
1891224,328,-86.57353,0
1891234,334,-85.73029,0
1891244,330,-86.29245,0
1891254,324,-87.1357,0
1891264,334,-85.73029,0
1891274,328,-86.57353,0
1891284,338,-85.16812,0
1891294,339,-85.02757,0
1891304,343,-84.46541,0
1891314,332,-86.01136,0
1891324,334,-85.73029,0
1891334,335,-85.58974,0
1891344,326,-86.85461,0
1891354,334,-85.73029,0
1891364,331,-86.1519,0
1891374,333,-85.87083,0
1891384,330,-86.29245,0
1891394,340,-84.88703,0
1891404,339,-85.02757,0
1891414,336,-85.4492,0
1891424,334,-85.73029,0
1891434,330,-86.29245,0
1891444,327,-86.71407,0
1891454,331,-86.1519,0
1891464,337,-85.30865,0
1891474,331,-86.1519,0
1891484,335,-85.58974,0
1891494,334,-85.73029,0
1891504,326,-86.85461,0
1891514,328,-86.57353,0
1891524,333,-85.87083,0
1891534,329,-86.43299,0
1891544,335,-85.58974,0
1891554,331,-86.1519,0
1891564,329,-86.43299,0
1891574,330,-86.29245,0
1891584,333,-85.87083,0
1891594,335,-85.58974,0
1891604,332,-86.01136,0
1891614,327,-86.71407,0
1891624,335,-85.58974,0
1891634,339,-85.02757,0
1891644,327,-86.71407,0
1891654,330,-86.29245,0
1891664,329,-86.43299,0
1891674,335,-85.58974,0
1891684,331,-86.1519,0
1891694,334,-85.73029,0
1891704,335,-85.58974,0
1891714,334,-85.73029,0
1891724,343,-84.46541,0
1891734,331,-86.1519,0
1891744,337,-85.30865,0
1891754,334,-85.73029,0
1891764,336,-85.4492,0
1891774,325,-86.99516,0
1891784,332,-86.01136,0
1891794,335,-85.58974,0
1891804,327,-86.71407,0
1891814,332,-86.01136,0
1891824,332,-86.01136,0
1891834,339,-85.02757,0
1891844,332,-86.01136,0
1891854,336,-85.4492,0
1891864,334,-85.73029,0
1891874,330,-86.29245,0
1891884,333,-85.87083,0
1891894,335,-85.58974,0
1891904,328,-86.57353,0
1891914,335,-85.58974,0
1891924,327,-86.71407,0
1891934,333,-85.87083,0
1891944,324,-87.1357,0
1891954,328,-86.57353,0
1891964,336,-85.4492,0
1891974,334,-85.73029,0
1891984,332,-86.01136,0
1891994,332,-86.01136,0
1892004,325,-86.99516,0
1892014,329,-86.43299,0
1892024,326,-86.85461,0
1892034,332,-86.01136,0
1892044,337,-85.30865,0
1892054,333,-85.87083,0
1892064,338,-85.16812,0
1892074,335,-85.58974,0
1892084,335,-85.58974,0
1892094,338,-85.16812,0
1892104,332,-86.01136,0
1892114,335,-85.58974,0
1892124,324,-87.1357,0
1892134,335,-85.58974,0
1892144,333,-85.87083,0
1892154,332,-86.01136,0
1892164,332,-86.01136,0
1892174,337,-85.30865,0
1892184,328,-86.57353,0
1892194,330,-86.29245,0
1892204,326,-86.85461,0
1892214,329,-86.43299,0
1892224,331,-86.1519,0
1892234,336,-85.4492,0
1892244,326,-86.85461,0
1892254,335,-85.58974,0
1892264,334,-85.73029,0
1892274,330,-86.29245,0
1892284,332,-86.01136,0
1892294,336,-85.4492,0
1892304,329,-86.43299,0
1892314,331,-86.1519,0
1892324,327,-86.71407,0
1892334,337,-85.30865,0
1892344,335,-85.58974,0
1892354,336,-85.4492,0
1892364,333,-85.87083,0
1892374,330,-86.29245,0
1892384,333,-85.87083,0
1892394,334,-85.73029,0
1892404,339,-85.02757,0
1892414,337,-85.30865,0
1892424,334,-85.73029,0
1892434,334,-85.73029,0
1892444,325,-86.99516,0
1892454,330,-86.29245,0
1892464,339,-85.02757,0
1892474,330,-86.29245,0
1892484,333,-85.87083,0
1892494,335,-85.58974,0
1892504,331,-86.1519,0
1892514,331,-86.1519,0
1892524,333,-85.87083,0
1892534,334,-85.73029,0
1892544,332,-86.01136,0
1892554,330,-86.29245,0
1892564,337,-85.30865,0
1892574,331,-86.1519,0
1892584,335,-85.58974,0
1892594,335,-85.58974,0
1892604,331,-86.1519,0
1892614,335,-85.58974,0
1892624,332,-86.01136,0
1892634,331,-86.1519,0
1892644,336,-85.4492,0
1892654,327,-86.71407,0
1892664,328,-86.57353,0
1892674,334,-85.73029,0
1892684,338,-85.16812,0
1892694,334,-85.73029,0
1892704,333,-85.87083,0
1892714,335,-85.58974,0
1892724,334,-85.73029,0
1892734,329,-86.43299,0
1892744,338,-85.16812,0
1892754,333,-85.87083,0
1892764,331,-86.1519,0
1892774,328,-86.57353,0
1892784,331,-86.1519,0
1892794,337,-85.30865,0
1892804,337,-85.30865,0
1892814,332,-86.01136,0
1892824,330,-86.29245,0
1892834,341,-84.74649,0
1892844,328,-86.57353,0
1892854,334,-85.73029,0
1892864,333,-85.87083,0
1892874,330,-86.29245,0
1892884,337,-85.30865,0
1892894,325,-86.99516,0
1892904,326,-86.85461,0
1892914,330,-86.29245,0
1892924,340,-84.88703,0
1892934,338,-85.16812,0
1892944,335,-85.58974,0
1892954,336,-85.4492,0
1892964,334,-85.73029,0
1892974,330,-86.29245,0
1892984,329,-86.43299,0
1892994,334,-85.73029,0
1893004,336,-85.4492,0
1893014,329,-86.43299,0
1893024,334,-85.73029,0
1893034,336,-85.4492,0
1893044,339,-85.02757,0
1893054,332,-86.01136,0
1893064,335,-85.58974,0
1893074,332,-86.01136,0
1893084,335,-85.58974,0
1893094,329,-86.43299,0
1893104,332,-86.01136,0
1893114,334,-85.73029,0
1893124,331,-86.1519,0
1893134,335,-85.58974,0
1893144,332,-86.01136,0
1893154,333,-85.87083,0
1893164,336,-85.4492,0
1893174,337,-85.30865,0
1893184,337,-85.30865,0
1893194,331,-86.1519,0
1893204,336,-85.4492,0
1893214,329,-86.43299,0
1893224,330,-86.29245,0
1893234,333,-85.87083,0
1893244,340,-84.88703,0
1893254,335,-85.58974,0
1893264,343,-84.46541,0
1893274,339,-85.02757,0
1893284,333,-85.87083,0
1893294,338,-85.16812,0
1893304,335,-85.58974,0
1893314,332,-86.01136,0
1893324,329,-86.43299,0
1893334,336,-85.4492,0
1893344,333,-85.87083,0
1893354,335,-85.58974,0
1893364,334,-85.73029,0
1893374,330,-86.29245,0
1893384,334,-85.73029,0
1893394,334,-85.73029,0
1893404,330,-86.29245,0
1893414,338,-85.16812,0
1893424,334,-85.73029,0
1893434,333,-85.87083,0
1893444,337,-85.30865,0
1893454,327,-86.71407,0
1893464,336,-85.4492,0
1893474,338,-85.16812,0
1893484,334,-85.73029,0
1893494,332,-86.01136,0
1893504,331,-86.1519,0
1893514,332,-86.01136,0
1893524,339,-85.02757,0
1893534,337,-85.30865,0
1893544,333,-85.87083,0
1893554,336,-85.4492,0
1893564,338,-85.16812,0
1893574,334,-85.73029,0
1893584,334,-85.73029,0
1893594,332,-86.01136,0
1893604,332,-86.01136,0
1893614,338,-85.16812,0
1893624,341,-84.74649,0
1893634,339,-85.02757,0
1893644,336,-85.4492,0
1893654,331,-86.1519,0
1893664,334,-85.73029,0
1893674,337,-85.30865,0
1893684,338,-85.16812,0
1893694,334,-85.73029,0
1893704,336,-85.4492,0
1893714,335,-85.58974,0
1893724,340,-84.88703,0
1893734,334,-85.73029,0
1893744,334,-85.73029,0
1893754,325,-86.99516,0
1893764,334,-85.73029,0
1893774,327,-86.71407,0
1893784,339,-85.02757,0
1893794,337,-85.30865,0
1893804,335,-85.58974,0
1893814,341,-84.74649,0
1893824,333,-85.87083,0
1893834,335,-85.58974,0
1893844,334,-85.73029,0
1893854,332,-86.01136,0
1893864,337,-85.30865,0
1893874,334,-85.73029,0
1893884,334,-85.73029,0
1893894,336,-85.4492,0
1893904,334,-85.73029,0
1893914,336,-85.4492,0
1893924,331,-86.1519,0
1893934,333,-85.87083,0
1893944,326,-86.85461,0
1893954,335,-85.58974,0
1893964,337,-85.30865,0
1893974,335,-85.58974,0
1893984,334,-85.73029,0
1893994,332,-86.01136,0
1894004,332,-86.01136,0
1894014,342,-84.60595,0
1894024,330,-86.29245,0
1894034,340,-84.88703,0
1894044,333,-85.87083,0
1894054,336,-85.4492,0
1894064,330,-86.29245,0
1894074,331,-86.1519,0
1894084,333,-85.87083,0
1894094,335,-85.58974,0
1894104,331,-86.1519,0
1894114,326,-86.85461,0
1894124,335,-85.58974,0
1894134,334,-85.73029,0
1894144,334,-85.73029,0
1894154,337,-85.30865,0
1894164,332,-86.01136,0
1894174,337,-85.30865,0
1894184,342,-84.60595,0
1894194,337,-85.30865,0
1894204,333,-85.87083,0
1894214,332,-86.01136,0
1894224,329,-86.43299,0
1894234,332,-86.01136,0
1894244,335,-85.58974,0
1894254,340,-84.88703,0
1894264,331,-86.1519,0
1894274,333,-85.87083,0
1894284,332,-86.01136,0
1894294,334,-85.73029,0
1894304,330,-86.29245,0
1894314,333,-85.87083,0
1894324,329,-86.43299,0
1894334,329,-86.43299,0
1894344,332,-86.01136,0
1894354,341,-84.74649,0
1894364,338,-85.16812,0
1894374,327,-86.71407,0
1894384,342,-84.60595,0
1894394,334,-85.73029,0
1894404,337,-85.30865,0
1894414,331,-86.1519,0
1894424,338,-85.16812,0
1894434,335,-85.58974,0
1894444,331,-86.1519,0
1894454,337,-85.30865,0
1894464,336,-85.4492,0
1894474,330,-86.29245,0
1894484,331,-86.1519,0
1894494,332,-86.01136,0
1894504,332,-86.01136,0
1894514,328,-86.57353,0
1894524,333,-85.87083,0
1894534,331,-86.1519,0
1894544,332,-86.01136,0
1894554,332,-86.01136,0
1894564,335,-85.58974,0
1894574,333,-85.87083,0
1894584,330,-86.29245,0
1894594,334,-85.73029,0
1894604,328,-86.57353,0
1894614,338,-85.16812,0
1894624,337,-85.30865,0
1894634,333,-85.87083,0
1894644,329,-86.43299,0
1894654,334,-85.73029,0
1894664,331,-86.1519,0
1894674,327,-86.71407,0
1894684,333,-85.87083,0
1894694,328,-86.57353,0
1894704,337,-85.30865,0
1894714,329,-86.43299,0
1894724,336,-85.4492,0
1894734,339,-85.02757,0
1894744,339,-85.02757,0
1894754,331,-86.1519,0
1894764,336,-85.4492,0
1894774,328,-86.57353,0
1894784,336,-85.4492,0
1894794,328,-86.57353,0
1894804,329,-86.43299,0
1894814,338,-85.16812,0
1894824,334,-85.73029,0
1894834,340,-84.88703,0
1894844,337,-85.30865,0
1894854,345,-84.18433,0
1894864,338,-85.16812,0
1894874,328,-86.57353,0
1894884,337,-85.30865,0
1894894,335,-85.58974,0
1894904,327,-86.71407,0
1894914,334,-85.73029,0
1894924,334,-85.73029,0
1894934,333,-85.87083,0
1894944,333,-85.87083,0
1894954,336,-85.4492,0
1894964,333,-85.87083,0
1894974,342,-84.60595,0
1894984,338,-85.16812,0
1894994,332,-86.01136,0
1895004,329,-86.43299,0
1895014,342,-84.60595,0
1895024,329,-86.43299,0
1895034,337,-85.30865,0
1895044,341,-84.74649,0
1895054,341,-84.74649,0
1895064,336,-85.4492,0
1895074,339,-85.02757,0
1895084,338,-85.16812,0
1895094,328,-86.57353,0
1895104,333,-85.87083,0
1895114,330,-86.29245,0
1895124,330,-86.29245,0
1895134,334,-85.73029,0
1895144,336,-85.4492,0
1895154,333,-85.87083,0
1895164,338,-85.16812,0
1895174,332,-86.01136,0
1895184,339,-85.02757,0
1895194,332,-86.01136,0
1895204,339,-85.02757,0
1895214,333,-85.87083,0
1895224,334,-85.73029,0
1895234,334,-85.73029,0
1895244,339,-85.02757,0
1895254,339,-85.02757,0
1895264,333,-85.87083,0
1895274,334,-85.73029,0
1895284,336,-85.4492,0
1895294,332,-86.01136,0
1895304,333,-85.87083,0
1895314,333,-85.87083,0
1895324,336,-85.4492,0
1895334,332,-86.01136,0
1895344,332,-86.01136,0
1895354,332,-86.01136,0
1895364,337,-85.30865,0
1895374,327,-86.71407,0
1895384,336,-85.4492,0
1895394,334,-85.73029,0
1895404,337,-85.30865,0
1895414,333,-85.87083,0
1895424,329,-86.43299,0
1895434,330,-86.29245,0
1895444,331,-86.1519,0
1895454,327,-86.71407,0
1895464,336,-85.4492,0
1895474,327,-86.71407,0
1895484,334,-85.73029,0
1895494,330,-86.29245,0
1895504,334,-85.73029,0
1895514,335,-85.58974,0
1895524,333,-85.87083,0
1895534,332,-86.01136,0
1895544,331,-86.1519,0
1895554,333,-85.87083,0
1895564,335,-85.58974,0
1895574,333,-85.87083,0
1895584,338,-85.16812,0
1895594,334,-85.73029,0
1895604,327,-86.71407,0
1895614,334,-85.73029,0
1895624,334,-85.73029,0
1895634,338,-85.16812,0
1895644,333,-85.87083,0
1895654,340,-84.88703,0
1895664,335,-85.58974,0
1895674,330,-86.29245,0
1895684,334,-85.73029,0
1895694,332,-86.01136,0
1895704,336,-85.4492,0
1895714,335,-85.58974,0
1895724,333,-85.87083,0
1895734,331,-86.1519,0
1895744,330,-86.29245,0
1895754,333,-85.87083,0
1895764,334,-85.73029,0
1895774,332,-86.01136,0
1895784,332,-86.01136,0
1895794,332,-86.01136,0
1895804,332,-86.01136,0
1895814,341,-84.74649,0
1895824,331,-86.1519,0
1895834,340,-84.88703,0
1895844,334,-85.73029,0
1895854,335,-85.58974,0
1895864,330,-86.29245,0
1895874,338,-85.16812,0
1895884,325,-86.99516,0
1895894,328,-86.57353,0
1895904,330,-86.29245,0
1895914,328,-86.57353,0
1895924,328,-86.57353,0
1895934,333,-85.87083,0
1895944,337,-85.30865,0
1895954,337,-85.30865,0
1895964,332,-86.01136,0
1895974,336,-85.4492,0
1895984,336,-85.4492,0
1895994,332,-86.01136,0
1896004,340,-84.88703,0
1896014,339,-85.02757,0
1896024,330,-86.29245,0
1896034,336,-85.4492,0
1896044,333,-85.87083,0
1896054,336,-85.4492,0
1896064,337,-85.30865,0
1896074,334,-85.73029,0
1896084,335,-85.58974,0
1896094,328,-86.57353,0
1896104,325,-86.99516,0
1896114,333,-85.87083,0
1896124,334,-85.73029,0
1896134,335,-85.58974,0
1896144,339,-85.02757,0
1896154,339,-85.02757,0
1896164,333,-85.87083,0
1896174,332,-86.01136,0
1896184,331,-86.1519,0
1896194,329,-86.43299,0
1896204,327,-86.71407,0
1896214,332,-86.01136,0
1896224,328,-86.57353,0
1896234,340,-84.88703,0
1896244,334,-85.73029,0
1896254,339,-85.02757,0
1896264,336,-85.4492,0
1896274,328,-86.57353,0
1896284,334,-85.73029,0
1896294,329,-86.43299,0
1896304,333,-85.87083,0
1896314,338,-85.16812,0
1896324,328,-86.57353,0
1896334,332,-86.01136,0
1896344,331,-86.1519,0
1896354,335,-85.58974,0
1896364,331,-86.1519,0
1896374,333,-85.87083,0
1896384,334,-85.73029,0
1896394,333,-85.87083,0
1896404,326,-86.85461,0
1896414,328,-86.57353,0
1896424,331,-86.1519,0
1896434,330,-86.29245,0
1896444,333,-85.87083,0
1896454,336,-85.4492,0
1896464,331,-86.1519,0
1896474,334,-85.73029,0
1896484,330,-86.29245,0
1896494,333,-85.87083,0
1896504,335,-85.58974,0
1896514,332,-86.01136,0
1896524,322,-87.41679,0
1896534,339,-85.02757,0
1896544,326,-86.85461,0
1896554,333,-85.87083,0
1896564,331,-86.1519,0
1896574,335,-85.58974,0
1896584,337,-85.30865,0
1896594,335,-85.58974,0
1896604,334,-85.73029,0
1896614,328,-86.57353,0
1896624,328,-86.57353,0
1896634,333,-85.87083,0
1896644,338,-85.16812,0
1896654,336,-85.4492,0
1896664,327,-86.71407,0
1896674,325,-86.99516,0
1896684,339,-85.02757,0
1896694,338,-85.16812,0
1896704,339,-85.02757,0
1896714,335,-85.58974,0
1896724,333,-85.87083,0
1896734,334,-85.73029,0
1896744,329,-86.43299,0
1896754,335,-85.58974,0
1896764,335,-85.58974,0
1896774,330,-86.29245,0
1896784,337,-85.30865,0
1896794,328,-86.57353,0
1896804,334,-85.73029,0
1896814,330,-86.29245,0
1896824,327,-86.71407,0
1896834,339,-85.02757,0
1896844,330,-86.29245,0
1896854,334,-85.73029,0
1896864,337,-85.30865,0
1896874,331,-86.1519,0
1896884,333,-85.87083,0
1896894,326,-86.85461,0
1896904,337,-85.30865,0
1896914,334,-85.73029,0
1896924,335,-85.58974,0
1896934,336,-85.4492,0
1896944,333,-85.87083,0
1896954,334,-85.73029,0
1896964,338,-85.16812,0
1896974,338,-85.16812,0
1896984,336,-85.4492,0
1896994,330,-86.29245,0
1897004,333,-85.87083,0
1897014,330,-86.29245,0
1897024,328,-86.57353,0
1897034,336,-85.4492,0
1897044,334,-85.73029,0
1897054,329,-86.43299,0
1897064,336,-85.4492,0
1897074,337,-85.30865,0
1897084,332,-86.01136,0
1897094,337,-85.30865,0
1897104,335,-85.58974,0
1897114,330,-86.29245,0
1897124,334,-85.73029,0
1897134,330,-86.29245,0
1897144,339,-85.02757,0
1897154,333,-85.87083,0
1897164,323,-87.27624,0
1897174,338,-85.16812,0
1897184,330,-86.29245,0
1897194,338,-85.16812,0
1897204,337,-85.30865,0
1897214,326,-86.85461,0
1897224,327,-86.71407,0
1897234,341,-84.74649,0
1897244,330,-86.29245,0
1897254,337,-85.30865,0
1897264,334,-85.73029,0
1897274,332,-86.01136,0
1897284,324,-87.1357,0
1897294,337,-85.30865,0
1897304,326,-86.85461,0
1897314,337,-85.30865,0
1897324,328,-86.57353,0
1897334,334,-85.73029,0
1897344,335,-85.58974,0
1897354,337,-85.30865,0
1897364,333,-85.87083,0
1897374,330,-86.29245,0
1897384,331,-86.1519,0
1897394,332,-86.01136,0
1897404,340,-84.88703,0
1897414,333,-85.87083,0
1897424,334,-85.73029,0
1897434,330,-86.29245,0
1897444,331,-86.1519,0
1897454,334,-85.73029,0
1897464,336,-85.4492,0
1897474,331,-86.1519,0
1897484,335,-85.58974,0
1897494,336,-85.4492,0
1897504,331,-86.1519,0
1897514,336,-85.4492,0
1897524,336,-85.4492,0
1897534,337,-85.30865,0
1897544,333,-85.87083,0
1897554,335,-85.58974,0
1897564,333,-85.87083,0
1897574,331,-86.1519,0
1897584,327,-86.71407,0
1897594,332,-86.01136,0
1897604,334,-85.73029,0
1897614,336,-85.4492,0
1897624,337,-85.30865,0
1897634,330,-86.29245,0
1897644,334,-85.73029,0
1897654,329,-86.43299,0
1897664,328,-86.57353,0
1897674,331,-86.1519,0
1897684,334,-85.73029,0
1897694,340,-84.88703,0
1897704,335,-85.58974,0
1897714,339,-85.02757,0
1897724,334,-85.73029,0
1897734,338,-85.16812,0
1897744,340,-84.88703,0
1897754,336,-85.4492,0
1897764,330,-86.29245,0
1897774,333,-85.87083,0
1897784,329,-86.43299,0
1897794,329,-86.43299,0
1897804,328,-86.57353,0
1897814,329,-86.43299,0
1897824,324,-87.1357,0
1897834,334,-85.73029,0
1897844,335,-85.58974,0
1897854,331,-86.1519,0
1897864,339,-85.02757,0
1897874,332,-86.01136,0
1897884,333,-85.87083,0
1897894,333,-85.87083,0
1897904,336,-85.4492,0
1897914,337,-85.30865,0
1897924,331,-86.1519,0
1897934,334,-85.73029,0
1897944,334,-85.73029,0
1897954,328,-86.57353,0
1897964,329,-86.43299,0
1897974,333,-85.87083,0
1897984,332,-86.01136,0
1897994,335,-85.58974,0
1898004,327,-86.71407,0
1898014,328,-86.57353,0
1898024,327,-86.71407,0
1898034,332,-86.01136,0
1898044,335,-85.58974,0
1898054,336,-85.4492,0
1898064,338,-85.16812,0
1898074,335,-85.58974,0
1898084,343,-84.46541,0
1898094,333,-85.87083,0
1898104,332,-86.01136,0
1898114,331,-86.1519,0
1898124,335,-85.58974,0
1898134,335,-85.58974,0
1898144,333,-85.87083,0
1898154,327,-86.71407,0
1898164,340,-84.88703,0
1898174,333,-85.87083,0
1898184,326,-86.85461,0
1898194,335,-85.58974,0
1898204,330,-86.29245,0
1898214,331,-86.1519,0
1898224,332,-86.01136,0
1898234,339,-85.02757,0
1898244,335,-85.58974,0
1898254,335,-85.58974,0
1898264,339,-85.02757,0
1898274,333,-85.87083,0
1898284,334,-85.73029,0
1898294,334,-85.73029,0
1898304,331,-86.1519,0
1898314,337,-85.30865,0
1898324,332,-86.01136,0
1898334,335,-85.58974,0
1898344,330,-86.29245,0
1898354,335,-85.58974,0
1898364,334,-85.73029,0
1898374,335,-85.58974,0
1898384,331,-86.1519,0
1898394,335,-85.58974,0
1898404,334,-85.73029,0
1898414,337,-85.30865,0
1898424,340,-84.88703,0
1898434,330,-86.29245,0
1898444,328,-86.57353,0
1898454,329,-86.43299,0
1898464,336,-85.4492,0
1898474,334,-85.73029,0
1898484,334,-85.73029,0
1898494,339,-85.02757,0
1898504,331,-86.1519,0
1898514,336,-85.4492,0
1898524,336,-85.4492,0
1898534,330,-86.29245,0
1898544,327,-86.71407,0
1898554,330,-86.29245,0
1898564,335,-85.58974,0
1898574,339,-85.02757,0
1898584,334,-85.73029,0
1898594,339,-85.02757,0
1898604,333,-85.87083,0
1898614,335,-85.58974,0
1898624,341,-84.74649,0
1898634,329,-86.43299,0
1898644,337,-85.30865,0
1898654,329,-86.43299,0
1898664,332,-86.01136,0
1898674,329,-86.43299,0
1898684,334,-85.73029,0
1898694,331,-86.1519,0
1898704,337,-85.30865,0
1898714,335,-85.58974,0
1898724,332,-86.01136,0
1898734,332,-86.01136,0
1898744,335,-85.58974,0
1898754,331,-86.1519,0
1898764,335,-85.58974,0
1898774,338,-85.16812,0
1898784,337,-85.30865,0
1898794,333,-85.87083,0
1898804,330,-86.29245,0
1898814,330,-86.29245,0
1898824,334,-85.73029,0
1898834,332,-86.01136,0
1898844,334,-85.73029,0
1898854,331,-86.1519,0
1898864,336,-85.4492,0
1898874,328,-86.57353,0
1898884,334,-85.73029,0
1898894,331,-86.1519,0
1898904,336,-85.4492,0
1898914,334,-85.73029,0
1898924,333,-85.87083,0
1898934,333,-85.87083,0
1898944,335,-85.58974,0
1898954,332,-86.01136,0
1898964,343,-84.46541,0
1898974,339,-85.02757,0
1898984,335,-85.58974,0
1898994,335,-85.58974,0
1899004,337,-85.30865,0
1899014,336,-85.4492,0
1899024,334,-85.73029,0
1899034,339,-85.02757,0
1899044,331,-86.1519,0
1899054,336,-85.4492,0
1899064,331,-86.1519,0
1899074,335,-85.58974,0
1899084,334,-85.73029,0
1899094,338,-85.16812,0
1899104,334,-85.73029,0
1899114,331,-86.1519,0
1899124,329,-86.43299,0
1899134,336,-85.4492,0
1899144,335,-85.58974,0
1899154,334,-85.73029,0
1899164,330,-86.29245,0
1899174,338,-85.16812,0
1899184,328,-86.57353,0
1899194,328,-86.57353,0
1899204,328,-86.57353,0
1899214,333,-85.87083,0
1899224,336,-85.4492,0
1899234,335,-85.58974,0
1899244,331,-86.1519,0
1899254,336,-85.4492,0
1899264,332,-86.01136,0
1899274,333,-85.87083,0
1899284,335,-85.58974,0
1899294,332,-86.01136,0
1899304,337,-85.30865,0
1899314,336,-85.4492,0
1899324,328,-86.57353,0
1899334,336,-85.4492,0
1899344,328,-86.57353,0
1899354,333,-85.87083,0
1899364,338,-85.16812,0
1899374,337,-85.30865,0
1899384,327,-86.71407,0
1899394,330,-86.29245,0
1899404,335,-85.58974,0
1899414,335,-85.58974,0
1899424,334,-85.73029,0
1899434,332,-86.01136,0
1899444,332,-86.01136,0
1899454,335,-85.58974,0
1899464,337,-85.30865,0
1899474,328,-86.57353,0
1899484,331,-86.1519,0
1899494,333,-85.87083,0
1899504,331,-86.1519,0
1899514,335,-85.58974,0
1899524,334,-85.73029,0
1899534,340,-84.88703,0
1899544,326,-86.85461,0
1899554,336,-85.4492,0
1899564,330,-86.29245,0
1899574,331,-86.1519,0
1899584,337,-85.30865,0
1899594,334,-85.73029,0
1899604,331,-86.1519,0
1899614,337,-85.30865,0
1899624,338,-85.16812,0
1899634,331,-86.1519,0
1899644,328,-86.57353,0
1899654,334,-85.73029,0
1899664,337,-85.30865,0
1899674,332,-86.01136,0
1899684,336,-85.4492,0
1899694,333,-85.87083,0
1899704,334,-85.73029,0
1899714,337,-85.30865,0
1899724,334,-85.73029,0
1899734,337,-85.30865,0
1899744,334,-85.73029,0
1899754,334,-85.73029,0
1899764,333,-85.87083,0
1899774,329,-86.43299,0
1899784,333,-85.87083,0
1899794,332,-86.01136,0
1899804,332,-86.01136,0
1899814,344,-84.32487,0
1899824,335,-85.58974,0
1899834,328,-86.57353,0
1899844,336,-85.4492,0
1899854,338,-85.16812,0
1899864,337,-85.30865,0
1899874,335,-85.58974,0
1899884,328,-86.57353,0
1899894,337,-85.30865,0
1899904,339,-85.02757,0
1899914,324,-87.1357,0
1899924,338,-85.16812,0
1899934,336,-85.4492,0
1899944,340,-84.88703,0
1899954,334,-85.73029,0
1899964,333,-85.87083,0
1899974,336,-85.4492,0
1899984,330,-86.29245,0
1899994,333,-85.87083,0
1900004,338,-85.16812,0
1900014,336,-85.4492,0
1900024,333,-85.87083,0
1900034,335,-85.58974,0
1900044,329,-86.43299,0
1900054,332,-86.01136,0
1900064,331,-86.1519,0
1900074,333,-85.87083,0
1900084,330,-86.29245,0
1900094,332,-86.01136,0
1900104,330,-86.29245,0
1900114,332,-86.01136,0
1900124,339,-85.02757,0
1900134,334,-85.73029,0
1900144,336,-85.4492,0
1900154,334,-85.73029,0
1900164,332,-86.01136,0
1900174,336,-85.4492,0
1900184,333,-85.87083,0
1900194,335,-85.58974,0
1900204,330,-86.29245,0
1900214,333,-85.87083,0
1900224,337,-85.30865,0
1900234,334,-85.73029,0
1900244,337,-85.30865,0
1900254,333,-85.87083,0
1900264,328,-86.57353,0
1900274,335,-85.58974,0
1900284,335,-85.58974,0
1900294,328,-86.57353,0
1900304,328,-86.57353,0
1900314,332,-86.01136,0
1900324,331,-86.1519,0
1900334,338,-85.16812,0
1900344,332,-86.01136,0
1900354,332,-86.01136,0
1900364,336,-85.4492,0
1900374,336,-85.4492,0
1900384,337,-85.30865,0
1900394,335,-85.58974,0
1900404,335,-85.58974,0
1900414,332,-86.01136,0
1900424,334,-85.73029,0
1900434,332,-86.01136,0
1900444,334,-85.73029,0
1900454,334,-85.73029,0
1900464,337,-85.30865,0
1900474,340,-84.88703,0
1900484,337,-85.30865,0
1900494,335,-85.58974,0
1900504,334,-85.73029,0
1900514,338,-85.16812,0
1900524,335,-85.58974,0
1900534,337,-85.30865,0
1900544,328,-86.57353,0
1900554,335,-85.58974,0
1900564,334,-85.73029,0
1900574,336,-85.4492,0
1900584,337,-85.30865,0
1900594,341,-84.74649,0
1900604,334,-85.73029,0
1900614,335,-85.58974,0
1900624,333,-85.87083,0
1900634,337,-85.30865,0
1900644,339,-85.02757,0
1900654,333,-85.87083,0
1900664,329,-86.43299,0
1900674,338,-85.16812,0
1900684,334,-85.73029,0
1900694,340,-84.88703,0
1900704,334,-85.73029,0
1900714,338,-85.16812,0
1900724,339,-85.02757,0
1900734,334,-85.73029,0
1900744,338,-85.16812,0
1900754,339,-85.02757,0
1900764,334,-85.73029,0
1900774,336,-85.4492,0
1900784,334,-85.73029,0
1900794,329,-86.43299,0
1900804,338,-85.16812,0
1900814,331,-86.1519,0
1900824,336,-85.4492,0
1900834,329,-86.43299,0
1900844,334,-85.73029,0
1900854,339,-85.02757,0
1900864,334,-85.73029,0
1900874,332,-86.01136,0
1900884,335,-85.58974,0
1900894,331,-86.1519,0
1900904,338,-85.16812,0
1900914,331,-86.1519,0
1900924,336,-85.4492,0
1900934,339,-85.02757,0
1900944,340,-84.88703,0
1900954,334,-85.73029,0
1900964,335,-85.58974,0
1900974,329,-86.43299,0
1900984,335,-85.58974,0
1900994,335,-85.58974,0
1901004,337,-85.30865,0
1901014,336,-85.4492,0
1901024,336,-85.4492,0
1901034,334,-85.73029,0
1901044,335,-85.58974,0
1901054,340,-84.88703,0
1901064,330,-86.29245,0
1901074,336,-85.4492,0
1901084,338,-85.16812,0
1901094,333,-85.87083,0
1901104,332,-86.01136,0
1901114,336,-85.4492,0
1901124,337,-85.30865,0
1901134,335,-85.58974,0
1901144,340,-84.88703,0
1901154,338,-85.16812,0
1901164,335,-85.58974,0
1901174,333,-85.87083,0
1901184,342,-84.60595,0
1901194,337,-85.30865,0
1901204,331,-86.1519,0
1901214,325,-86.99516,0
1901224,333,-85.87083,0
1901234,333,-85.87083,0
1901244,332,-86.01136,0
1901254,335,-85.58974,0
1901264,334,-85.73029,0
1901274,331,-86.1519,0
1901284,334,-85.73029,0
1901294,341,-84.74649,0
1901304,333,-85.87083,0
1901314,333,-85.87083,0
1901324,325,-86.99516,0
1901334,334,-85.73029,0
1901344,329,-86.43299,0
1901354,344,-84.32487,0
1901364,333,-85.87083,0
1901374,334,-85.73029,0
1901384,332,-86.01136,0
1901394,339,-85.02757,0
1901404,341,-84.74649,0
1901414,336,-85.4492,0
1901424,329,-86.43299,0
1901434,327,-86.71407,0
1901444,335,-85.58974,0
1901454,335,-85.58974,0
1901464,338,-85.16812,0
1901474,335,-85.58974,0
1901484,340,-84.88703,0
1901494,338,-85.16812,0
1901504,333,-85.87083,0
1901514,337,-85.30865,0
1901524,334,-85.73029,0
1901534,334,-85.73029,0
1901544,342,-84.60595,0
1901554,333,-85.87083,0
1901564,338,-85.16812,0
1901574,336,-85.4492,0
1901584,334,-85.73029,0
1901594,339,-85.02757,0
1901604,337,-85.30865,0
1901614,334,-85.73029,0
1901624,337,-85.30865,0
1901634,328,-86.57353,0
1901644,333,-85.87083,0
1901654,333,-85.87083,0
1901664,336,-85.4492,0
1901674,332,-86.01136,0
1901684,338,-85.16812,0
1901694,330,-86.29245,0
1901704,335,-85.58974,0
1901714,332,-86.01136,0
1901724,339,-85.02757,0
1901734,338,-85.16812,0
1901744,332,-86.01136,0
1901754,330,-86.29245,0
1901764,328,-86.57353,0
1901774,331,-86.1519,0
1901784,332,-86.01136,0
1901794,335,-85.58974,0
1901804,329,-86.43299,0
1901814,332,-86.01136,0
1901824,336,-85.4492,0
1901834,331,-86.1519,0
1901844,331,-86.1519,0
1901854,334,-85.73029,0
1901864,338,-85.16812,0
1901874,336,-85.4492,0
1901884,326,-86.85461,0
1901894,332,-86.01136,0
1901904,330,-86.29245,0
1901914,336,-85.4492,0
1901924,335,-85.58974,0
1901934,333,-85.87083,0
1901944,333,-85.87083,0
1901954,335,-85.58974,0
1901964,335,-85.58974,0
1901974,337,-85.30865,0
1901984,334,-85.73029,0
1901994,332,-86.01136,0
1902004,337,-85.30865,0
1902014,337,-85.30865,0
1902024,338,-85.16812,0
1902034,335,-85.58974,0
1902044,335,-85.58974,0
1902054,336,-85.4492,0
1902064,332,-86.01136,0
1902074,330,-86.29245,0
1902084,337,-85.30865,0
1902094,342,-84.60595,0
1902104,334,-85.73029,0
1902114,332,-86.01136,0
1902124,340,-84.88703,0
1902134,336,-85.4492,0
1902144,340,-84.88703,0
1902154,339,-85.02757,0
1902164,338,-85.16812,0
1902174,336,-85.4492,0
1902184,341,-84.74649,0
1902194,341,-84.74649,0
1902204,331,-86.1519,0
1902214,333,-85.87083,0
1902224,334,-85.73029,0
1902234,334,-85.73029,0
1902244,336,-85.4492,0
1902254,340,-84.88703,0
1902264,336,-85.4492,0
1902274,339,-85.02757,0
1902284,329,-86.43299,0
1902294,341,-84.74649,0
1902304,328,-86.57353,0
1902314,334,-85.73029,0
1902324,333,-85.87083,0
1902334,337,-85.30865,0
1902344,324,-87.1357,0
1902354,331,-86.1519,0
1902364,335,-85.58974,0
1902374,340,-84.88703,0
1902384,332,-86.01136,0
1902394,336,-85.4492,0
1902404,341,-84.74649,0
1902414,333,-85.87083,0
1902424,329,-86.43299,0
1902434,331,-86.1519,0
1902444,329,-86.43299,0
1902454,330,-86.29245,0
1902464,335,-85.58974,0
1902474,334,-85.73029,0
1902484,333,-85.87083,0
1902494,342,-84.60595,0
1902504,336,-85.4492,0
1902514,334,-85.73029,0
1902524,337,-85.30865,0
1902534,332,-86.01136,0
1902544,329,-86.43299,0
1902554,328,-86.57353,0
1902564,335,-85.58974,0
1902574,333,-85.87083,0
1902584,336,-85.4492,0
1902594,337,-85.30865,0
1902604,335,-85.58974,0
1902614,334,-85.73029,0
1902624,335,-85.58974,0
1902634,337,-85.30865,0
1902644,329,-86.43299,0
1902654,331,-86.1519,0
1902664,333,-85.87083,0
1902674,335,-85.58974,0
1902684,331,-86.1519,0
1902694,339,-85.02757,0
1902704,340,-84.88703,0
1902714,331,-86.1519,0
1902724,328,-86.57353,0
1902734,337,-85.30865,0
1902744,335,-85.58974,0
1902754,336,-85.4492,0
1902764,331,-86.1519,0
1902774,332,-86.01136,0
1902784,337,-85.30865,0
1902794,326,-86.85461,0
1902804,336,-85.4492,0
1902814,333,-85.87083,0
1902824,333,-85.87083,0
1902834,331,-86.1519,0
1902844,328,-86.57353,0
1902854,333,-85.87083,0
1902864,330,-86.29245,0
1902874,331,-86.1519,0
1902884,341,-84.74649,0
1902894,330,-86.29245,0
1902904,331,-86.1519,0
1902914,337,-85.30865,0
1902924,330,-86.29245,0
1902934,338,-85.16812,0
1902944,329,-86.43299,0
1902954,339,-85.02757,0
1902964,346,-84.04379,0
1902974,343,-84.46541,0
1902984,334,-85.73029,0
1902994,328,-86.57353,0
1903004,331,-86.1519,0
1903014,337,-85.30865,0
1903024,338,-85.16812,0
1903034,339,-85.02757,0
1903044,338,-85.16812,0
1903054,340,-84.88703,0
1903064,338,-85.16812,0
1903074,332,-86.01136,0
1903084,341,-84.74649,0
1903094,333,-85.87083,0
1903104,333,-85.87083,0
1903114,333,-85.87083,0
1903124,341,-84.74649,0
1903134,335,-85.58974,0
1903144,332,-86.01136,0
1903154,339,-85.02757,0
1903164,333,-85.87083,0
1903174,341,-84.74649,0
1903184,335,-85.58974,0
1903194,337,-85.30865,0
1903204,333,-85.87083,0
1903214,331,-86.1519,0
1903224,336,-85.4492,0
1903234,333,-85.87083,0
1903244,335,-85.58974,0
1903254,328,-86.57353,0
1903264,336,-85.4492,0
1903274,332,-86.01136,0
1903284,341,-84.74649,0
1903294,335,-85.58974,0
1903304,332,-86.01136,0
1903314,335,-85.58974,0
1903324,337,-85.30865,0
1903334,336,-85.4492,0
1903344,335,-85.58974,0
1903354,338,-85.16812,0
1903364,334,-85.73029,0
1903374,341,-84.74649,0
1903384,338,-85.16812,0
1903394,335,-85.58974,0
1903404,338,-85.16812,0
1903414,338,-85.16812,0
1903424,338,-85.16812,0
1903434,332,-86.01136,0
1903444,335,-85.58974,0
1903454,336,-85.4492,0
1903464,332,-86.01136,0
1903474,325,-86.99516,0
1903484,333,-85.87083,0
1903494,338,-85.16812,0
1903504,331,-86.1519,0
1903514,335,-85.58974,0
1903524,339,-85.02757,0
1903534,334,-85.73029,0
1903544,331,-86.1519,0
1903554,331,-86.1519,0
1903564,333,-85.87083,0
1903574,336,-85.4492,0
1903584,340,-84.88703,0
1903594,328,-86.57353,0
1903604,334,-85.73029,0
1903614,334,-85.73029,0
1903624,336,-85.4492,0
1903634,332,-86.01136,0
1903644,331,-86.1519,0
1903654,327,-86.71407,0
1903664,330,-86.29245,0
1903674,332,-86.01136,0
1903684,341,-84.74649,0
1903694,329,-86.43299,0
1903704,335,-85.58974,0
1903714,337,-85.30865,0
1903724,341,-84.74649,0
1903734,342,-84.60595,0
1903744,337,-85.30865,0
1903754,337,-85.30865,0
1903764,332,-86.01136,0
1903774,328,-86.57353,0
1903784,325,-86.99516,0
1903794,335,-85.58974,0
1903804,331,-86.1519,0
1903814,331,-86.1519,0
1903824,336,-85.4492,0
1903834,335,-85.58974,0
1903844,334,-85.73029,0
1903854,340,-84.88703,0
1903864,333,-85.87083,0
1903874,336,-85.4492,0
1903884,336,-85.4492,0
1903894,341,-84.74649,0
1903904,339,-85.02757,0
1903914,325,-86.99516,0
1903924,326,-86.85461,0
1903934,336,-85.4492,0
1903944,337,-85.30865,0
1903954,341,-84.74649,0
1903964,340,-84.88703,0
1903974,339,-85.02757,0
1903984,333,-85.87083,0
1903994,331,-86.1519,0
1904004,329,-86.43299,0
1904014,330,-86.29245,0
1904024,332,-86.01136,0
1904034,332,-86.01136,0
1904044,333,-85.87083,0
1904054,335,-85.58974,0
1904064,332,-86.01136,0
1904074,334,-85.73029,0
1904084,332,-86.01136,0
1904094,333,-85.87083,0
1904104,334,-85.73029,0
1904114,337,-85.30865,0
1904124,336,-85.4492,0
1904134,335,-85.58974,0
1904144,339,-85.02757,0
1904154,337,-85.30865,0
1904164,329,-86.43299,0
1904174,339,-85.02757,0
1904184,330,-86.29245,0
1904194,336,-85.4492,0
1904204,329,-86.43299,0
1904214,329,-86.43299,0
1904224,337,-85.30865,0
1904234,334,-85.73029,0
1904244,339,-85.02757,0
1904254,339,-85.02757,0
1904264,336,-85.4492,0
1904274,338,-85.16812,0
1904284,337,-85.30865,0
1904294,337,-85.30865,0
1904304,336,-85.4492,0
1904314,335,-85.58974,0
1904324,336,-85.4492,0
1904334,336,-85.4492,0
1904344,334,-85.73029,0
1904354,334,-85.73029,0
1904364,339,-85.02757,0
1904374,337,-85.30865,0
1904384,338,-85.16812,0
1904394,340,-84.88703,0
1904404,343,-84.46541,0
1904414,335,-85.58974,0
1904424,337,-85.30865,0
1904434,331,-86.1519,0
1904444,334,-85.73029,0
1904454,333,-85.87083,0
1904464,333,-85.87083,0
1904474,334,-85.73029,0
1904484,338,-85.16812,0
1904494,342,-84.60595,0
1904504,332,-86.01136,0
1904514,337,-85.30865,0
1904524,329,-86.43299,0
1904534,338,-85.16812,0
1904544,333,-85.87083,0
1904554,334,-85.73029,0
1904564,335,-85.58974,0
1904574,340,-84.88703,0
1904584,335,-85.58974,0
1904594,335,-85.58974,0
1904604,338,-85.16812,0
1904614,333,-85.87083,0
1904624,329,-86.43299,0
1904634,330,-86.29245,0
1904644,337,-85.30865,0
1904654,329,-86.43299,0
1904664,333,-85.87083,0
1904674,333,-85.87083,0
1904684,332,-86.01136,0
1904694,333,-85.87083,0
1904704,334,-85.73029,0
1904714,329,-86.43299,0
1904724,331,-86.1519,0
1904734,339,-85.02757,0
1904744,345,-84.18433,0
1904754,334,-85.73029,0
1904764,329,-86.43299,0
1904774,338,-85.16812,0
1904784,334,-85.73029,0
1904794,335,-85.58974,0
1904804,337,-85.30865,0
1904814,338,-85.16812,0
1904824,338,-85.16812,0
1904834,340,-84.88703,0
1904844,332,-86.01136,0
1904854,329,-86.43299,0
1904864,334,-85.73029,0
1904874,335,-85.58974,0
1904884,338,-85.16812,0
1904894,336,-85.4492,0
1904904,337,-85.30865,0
1904914,333,-85.87083,0
1904924,328,-86.57353,0
1904934,332,-86.01136,0
1904944,333,-85.87083,0
1904954,336,-85.4492,0
1904964,343,-84.46541,0
1904974,337,-85.30865,0
1904984,324,-87.1357,0
1904994,332,-86.01136,0
1905004,334,-85.73029,0
1905014,333,-85.87083,0
1905024,341,-84.74649,0
1905034,332,-86.01136,0
1905044,335,-85.58974,0
1905054,336,-85.4492,0
1905064,336,-85.4492,0
1905074,339,-85.02757,0
1905084,339,-85.02757,0
1905094,328,-86.57353,0
1905104,331,-86.1519,0
1905114,334,-85.73029,0
1905124,339,-85.02757,0
1905134,327,-86.71407,0
1905144,341,-84.74649,0
1905154,336,-85.4492,0
1905164,331,-86.1519,0
1905174,343,-84.46541,0
1905184,334,-85.73029,0
1905194,340,-84.88703,0
1905204,336,-85.4492,0
1905214,335,-85.58974,0
1905224,341,-84.74649,0
1905234,332,-86.01136,0
1905244,335,-85.58974,0
1905254,338,-85.16812,0
1905264,331,-86.1519,0
1905274,338,-85.16812,0
1905284,338,-85.16812,0
1905294,340,-84.88703,0
1905304,340,-84.88703,0
1905314,331,-86.1519,0
1905324,334,-85.73029,0
1905334,335,-85.58974,0
1905344,333,-85.87083,0
1905354,339,-85.02757,0
1905364,328,-86.57353,0
1905374,333,-85.87083,0
1905384,338,-85.16812,0
1905394,341,-84.74649,0
1905404,329,-86.43299,0
1905414,335,-85.58974,0
1905424,332,-86.01136,0
1905434,330,-86.29245,0
1905444,331,-86.1519,0
1905454,338,-85.16812,0
1905464,337,-85.30865,0
1905474,332,-86.01136,0
1905484,331,-86.1519,0
1905494,339,-85.02757,0
1905504,335,-85.58974,0
1905514,339,-85.02757,0
1905524,334,-85.73029,0
1905534,331,-86.1519,0
1905544,330,-86.29245,0
1905554,338,-85.16812,0
1905564,333,-85.87083,0
1905574,333,-85.87083,0
1905584,334,-85.73029,0
1905594,337,-85.30865,0
1905604,333,-85.87083,0
1905614,335,-85.58974,0
1905624,341,-84.74649,0
1905634,341,-84.74649,0
1905644,332,-86.01136,0
1905654,333,-85.87083,0
1905664,332,-86.01136,0
1905674,336,-85.4492,0
1905684,333,-85.87083,0
1905694,335,-85.58974,0
1905704,339,-85.02757,0
1905714,336,-85.4492,0
1905724,335,-85.58974,0
1905734,338,-85.16812,0
1905744,334,-85.73029,0
1905754,334,-85.73029,0
1905764,330,-86.29245,0
1905774,332,-86.01136,0
1905784,334,-85.73029,0
1905794,338,-85.16812,0
1905804,332,-86.01136,0
1905814,332,-86.01136,0
1905824,339,-85.02757,0
1905834,333,-85.87083,0
1905844,329,-86.43299,0
1905854,334,-85.73029,0
1905864,327,-86.71407,0
1905874,331,-86.1519,0
1905884,332,-86.01136,0
1905894,334,-85.73029,0
1905904,339,-85.02757,0
1905914,333,-85.87083,0
1905924,338,-85.16812,0
1905934,338,-85.16812,0
1905944,336,-85.4492,0
1905954,329,-86.43299,0
1905964,339,-85.02757,0
1905974,338,-85.16812,0
1905984,334,-85.73029,0
1905994,329,-86.43299,0
1906004,337,-85.30865,0
1906014,337,-85.30865,0
1906024,337,-85.30865,0
1906034,332,-86.01136,0
1906044,333,-85.87083,0
1906054,328,-86.57353,0
1906064,336,-85.4492,0
1906074,337,-85.30865,0
1906084,330,-86.29245,0
1906094,330,-86.29245,0
1906104,328,-86.57353,0
1906114,328,-86.57353,0
1906124,337,-85.30865,0
1906134,330,-86.29245,0
1906144,332,-86.01136,0
1906154,339,-85.02757,0
1906164,333,-85.87083,0
1906174,334,-85.73029,0
1906184,330,-86.29245,0
1906194,335,-85.58974,0
1906204,334,-85.73029,0
1906214,330,-86.29245,0
1906224,336,-85.4492,0
1906234,328,-86.57353,0
1906244,338,-85.16812,0
1906254,328,-86.57353,0
1906264,339,-85.02757,0
1906274,335,-85.58974,0
1906284,331,-86.1519,0
1906294,336,-85.4492,0
1906304,335,-85.58974,0
1906314,327,-86.71407,0
1906324,336,-85.4492,0
1906334,336,-85.4492,0
1906344,333,-85.87083,0
1906354,333,-85.87083,0
1906364,334,-85.73029,0
1906374,337,-85.30865,0
1906384,339,-85.02757,0
1906394,341,-84.74649,0
1906404,340,-84.88703,0
1906414,340,-84.88703,0
1906424,334,-85.73029,0
1906434,325,-86.99516,0
1906444,332,-86.01136,0
1906454,337,-85.30865,0
1906464,333,-85.87083,0
1906474,330,-86.29245,0
1906484,337,-85.30865,0
1906494,334,-85.73029,0
1906504,334,-85.73029,0
1906514,335,-85.58974,0
1906524,341,-84.74649,0
1906534,328,-86.57353,0
1906544,330,-86.29245,0
1906554,339,-85.02757,0
1906564,330,-86.29245,0
1906574,338,-85.16812,0
1906584,335,-85.58974,0
1906594,337,-85.30865,0
1906604,330,-86.29245,0
1906614,337,-85.30865,0
1906624,342,-84.60595,0
1906634,331,-86.1519,0
1906644,340,-84.88703,0
1906654,331,-86.1519,0
1906664,336,-85.4492,0
1906674,335,-85.58974,0
1906684,335,-85.58974,0
1906694,333,-85.87083,0
1906704,339,-85.02757,0
1906714,334,-85.73029,0
1906724,334,-85.73029,0
1906734,339,-85.02757,0
1906744,335,-85.58974,0
1906754,333,-85.87083,0
1906764,334,-85.73029,0
1906774,335,-85.58974,0
1906784,328,-86.57353,0
1906794,339,-85.02757,0
1906804,334,-85.73029,0
1906814,342,-84.60595,0
1906824,335,-85.58974,0
1906834,331,-86.1519,0
1906844,337,-85.30865,0
1906854,336,-85.4492,0
1906864,335,-85.58974,0
1906874,333,-85.87083,0
1906884,335,-85.58974,0
1906894,342,-84.60595,0
1906904,329,-86.43299,0
1906914,333,-85.87083,0
1906924,335,-85.58974,0
1906934,333,-85.87083,0
1906944,337,-85.30865,0
1906954,335,-85.58974,0
1906964,337,-85.30865,0
1906974,333,-85.87083,0
1906984,331,-86.1519,0
1906994,329,-86.43299,0
1907004,331,-86.1519,0
1907014,339,-85.02757,0
1907024,339,-85.02757,0
1907034,334,-85.73029,0
1907044,336,-85.4492,0
1907054,332,-86.01136,0
1907064,334,-85.73029,0
1907074,336,-85.4492,0
1907084,335,-85.58974,0
1907094,331,-86.1519,0
1907104,331,-86.1519,0
1907114,335,-85.58974,0
1907124,341,-84.74649,0
1907134,331,-86.1519,0
1907144,340,-84.88703,0
1907154,331,-86.1519,0
1907164,335,-85.58974,0
1907174,333,-85.87083,0
1907184,335,-85.58974,0
1907194,342,-84.60595,0
1907204,336,-85.4492,0
1907214,332,-86.01136,0
1907224,345,-84.18433,0
1907234,331,-86.1519,0
1907244,336,-85.4492,0
1907254,334,-85.73029,0
1907264,332,-86.01136,0
1907274,336,-85.4492,0
1907284,338,-85.16812,0
1907294,341,-84.74649,0
1907304,342,-84.60595,0
1907314,332,-86.01136,0
1907324,327,-86.71407,0
1907334,332,-86.01136,0
1907344,340,-84.88703,0
1907354,337,-85.30865,0
1907364,338,-85.16812,0
1907374,341,-84.74649,0
1907384,335,-85.58974,0
1907394,336,-85.4492,0
1907404,337,-85.30865,0
1907414,334,-85.73029,0
1907424,333,-85.87083,0
1907434,335,-85.58974,0
1907444,335,-85.58974,0
1907454,329,-86.43299,0
1907464,327,-86.71407,0
1907474,335,-85.58974,0
1907484,335,-85.58974,0
1907494,339,-85.02757,0
1907504,336,-85.4492,0
1907514,338,-85.16812,0
1907524,340,-84.88703,0
1907534,337,-85.30865,0
1907544,338,-85.16812,0
1907554,332,-86.01136,0
1907564,333,-85.87083,0
1907574,337,-85.30865,0
1907584,337,-85.30865,0
1907594,336,-85.4492,0
1907604,328,-86.57353,0
1907614,334,-85.73029,0
1907624,336,-85.4492,0
1907634,331,-86.1519,0
1907644,337,-85.30865,0
1907654,332,-86.01136,0
1907664,334,-85.73029,0
1907674,334,-85.73029,0
1907684,327,-86.71407,0
1907694,336,-85.4492,0
1907704,335,-85.58974,0
1907714,341,-84.74649,0
1907724,332,-86.01136,0
1907734,334,-85.73029,0
1907744,343,-84.46541,0
1907754,334,-85.73029,0
1907764,337,-85.30865,0
1907774,332,-86.01136,0
1907784,332,-86.01136,0
1907794,340,-84.88703,0
1907804,337,-85.30865,0
1907814,333,-85.87083,0
1907824,334,-85.73029,0
1907834,336,-85.4492,0
1907844,335,-85.58974,0
1907854,332,-86.01136,0
1907864,337,-85.30865,0
1907874,335,-85.58974,0
1907884,327,-86.71407,0
1907894,337,-85.30865,0
1907904,338,-85.16812,0
1907914,331,-86.1519,0
1907924,337,-85.30865,0
1907934,335,-85.58974,0
1907944,334,-85.73029,0
1907954,330,-86.29245,0
1907964,336,-85.4492,0
1907974,334,-85.73029,0
1907984,337,-85.30865,0
1907994,324,-87.1357,0
1908004,330,-86.29245,0
1908014,339,-85.02757,0
1908024,332,-86.01136,0
1908034,335,-85.58974,0
1908044,335,-85.58974,0
1908054,336,-85.4492,0
1908064,336,-85.4492,0
1908074,337,-85.30865,0
1908084,335,-85.58974,0
1908094,335,-85.58974,0
1908104,334,-85.73029,0
1908114,328,-86.57353,0
1908124,333,-85.87083,0
1908134,331,-86.1519,0
1908144,338,-85.16812,0
1908154,336,-85.4492,0
1908164,341,-84.74649,0
1908174,335,-85.58974,0
1908184,339,-85.02757,0
1908194,334,-85.73029,0
1908204,337,-85.30865,0
1908214,343,-84.46541,0
1908224,336,-85.4492,0
1908234,339,-85.02757,0
1908244,331,-86.1519,0
1908254,334,-85.73029,0
1908264,338,-85.16812,0
1908274,335,-85.58974,0
1908284,340,-84.88703,0
1908294,340,-84.88703,0
1908304,336,-85.4492,0
1908314,340,-84.88703,0
1908324,327,-86.71407,0
1908334,333,-85.87083,0
1908344,333,-85.87083,0
1908354,334,-85.73029,0
1908364,339,-85.02757,0
1908374,330,-86.29245,0
1908384,332,-86.01136,0
1908394,333,-85.87083,0
1908404,339,-85.02757,0
1908414,332,-86.01136,0
1908424,345,-84.18433,0
1908434,336,-85.4492,0
1908444,335,-85.58974,0
1908454,333,-85.87083,0
1908464,334,-85.73029,0
1908474,335,-85.58974,0
1908484,334,-85.73029,0
1908494,333,-85.87083,0
1908504,337,-85.30865,0
1908514,336,-85.4492,0
1908524,338,-85.16812,0
1908534,331,-86.1519,0
1908544,335,-85.58974,0
1908554,334,-85.73029,0
1908564,330,-86.29245,0
1908574,339,-85.02757,0
1908584,334,-85.73029,0
1908594,329,-86.43299,0
1908604,335,-85.58974,0
1908614,333,-85.87083,0
1908624,331,-86.1519,0
1908634,336,-85.4492,0
1908644,332,-86.01136,0
1908654,337,-85.30865,0
1908664,335,-85.58974,0
1908674,331,-86.1519,0
1908684,333,-85.87083,0
1908694,336,-85.4492,0
1908704,341,-84.74649,0
1908714,333,-85.87083,0
1908724,340,-84.88703,0
1908734,334,-85.73029,0
1908744,331,-86.1519,0
1908754,334,-85.73029,0
1908764,333,-85.87083,0
1908774,330,-86.29245,0
1908784,338,-85.16812,0
1908794,340,-84.88703,0
1908804,338,-85.16812,0
1908814,333,-85.87083,0
1908824,337,-85.30865,0
1908834,339,-85.02757,0
1908844,338,-85.16812,0
1908854,340,-84.88703,0
1908864,339,-85.02757,0
1908874,338,-85.16812,0
1908884,337,-85.30865,0
1908894,337,-85.30865,0
1908904,336,-85.4492,0
1908914,340,-84.88703,0
1908924,342,-84.60595,0
1908934,333,-85.87083,0
1908944,336,-85.4492,0
1908954,342,-84.60595,0
1908964,333,-85.87083,0
1908974,335,-85.58974,0
1908984,336,-85.4492,0
1908994,336,-85.4492,0
1909004,327,-86.71407,0
1909014,330,-86.29245,0
1909024,334,-85.73029,0
1909034,335,-85.58974,0
1909044,339,-85.02757,0
1909054,332,-86.01136,0
1909064,344,-84.32487,0
1909074,340,-84.88703,0
1909084,337,-85.30865,0
1909094,338,-85.16812,0
1909104,336,-85.4492,0
1909114,329,-86.43299,0
1909124,335,-85.58974,0
1909134,334,-85.73029,0
1909144,335,-85.58974,0
1909154,332,-86.01136,0
1909164,337,-85.30865,0
1909174,333,-85.87083,0
1909184,329,-86.43299,0
1909194,335,-85.58974,0
1909204,335,-85.58974,0
1909214,335,-85.58974,0
1909224,333,-85.87083,0
1909234,335,-85.58974,0
1909244,344,-84.32487,0
1909254,337,-85.30865,0
1909264,336,-85.4492,0
1909274,340,-84.88703,0
1909284,332,-86.01136,0
1909294,331,-86.1519,0
1909304,329,-86.43299,0
1909314,340,-84.88703,0
1909324,337,-85.30865,0
1909334,331,-86.1519,0
1909344,334,-85.73029,0
1909354,334,-85.73029,0
1909364,336,-85.4492,0
1909374,337,-85.30865,0
1909384,336,-85.4492,0
1909394,336,-85.4492,0
1909404,329,-86.43299,0
1909414,343,-84.46541,0
1909424,336,-85.4492,0
1909434,336,-85.4492,0
1909444,329,-86.43299,0
1909454,332,-86.01136,0
1909464,334,-85.73029,0
1909474,335,-85.58974,0
1909484,336,-85.4492,0
1909494,330,-86.29245,0
1909504,334,-85.73029,0
1909514,336,-85.4492,0
1909524,333,-85.87083,0
1909534,331,-86.1519,0
1909544,332,-86.01136,0
1909554,335,-85.58974,0
1909564,331,-86.1519,0
1909574,337,-85.30865,0
1909584,335,-85.58974,0
1909594,337,-85.30865,0
1909604,335,-85.58974,0
1909614,331,-86.1519,0
1909624,339,-85.02757,0
1909634,342,-84.60595,0
1909644,338,-85.16812,0
1909654,332,-86.01136,0
1909664,333,-85.87083,0
1909674,330,-86.29245,0
1909684,332,-86.01136,0
1909694,342,-84.60595,0
1909704,335,-85.58974,0
1909714,341,-84.74649,0
1909724,339,-85.02757,0
1909734,331,-86.1519,0
1909744,335,-85.58974,0
1909754,331,-86.1519,0
1909764,335,-85.58974,0
1909774,327,-86.71407,0
1909784,333,-85.87083,0
1909794,336,-85.4492,0
1909804,330,-86.29245,0
1909814,336,-85.4492,0
1909824,342,-84.60595,0
1909834,336,-85.4492,0
1909844,339,-85.02757,0
1909854,341,-84.74649,0
1909864,331,-86.1519,0
1909874,343,-84.46541,0
1909884,331,-86.1519,0
1909894,337,-85.30865,0
1909904,332,-86.01136,0
1909914,329,-86.43299,0
1909924,340,-84.88703,0
1909934,334,-85.73029,0
1909944,332,-86.01136,0
1909954,339,-85.02757,0
1909964,333,-85.87083,0
1909974,334,-85.73029,0
1909984,335,-85.58974,0
1909994,337,-85.30865,0
1910004,336,-85.4492,0
1910014,341,-84.74649,0
1910024,336,-85.4492,0
1910034,340,-84.88703,0
1910044,337,-85.30865,0
1910054,341,-84.74649,0
1910064,342,-84.60595,0
1910074,334,-85.73029,0
1910084,334,-85.73029,0
1910094,337,-85.30865,0
1910104,331,-86.1519,0
1910114,333,-85.87083,0
1910124,335,-85.58974,0
1910134,335,-85.58974,0
1910144,336,-85.4492,0
1910154,336,-85.4492,0
1910164,334,-85.73029,0
1910174,330,-86.29245,0
1910184,335,-85.58974,0
1910194,336,-85.4492,0
1910204,331,-86.1519,0
1910214,333,-85.87083,0
1910224,336,-85.4492,0
1910234,337,-85.30865,0
1910244,334,-85.73029,0
1910254,334,-85.73029,0
1910264,337,-85.30865,0
1910274,333,-85.87083,0
1910284,332,-86.01136,0
1910294,335,-85.58974,0
1910304,342,-84.60595,0
1910314,334,-85.73029,0
1910324,324,-87.1357,0
1910334,331,-86.1519,0
1910344,334,-85.73029,0
1910354,335,-85.58974,0
1910364,336,-85.4492,0
1910374,331,-86.1519,0
1910384,334,-85.73029,0
1910394,333,-85.87083,0
1910404,333,-85.87083,0
1910414,338,-85.16812,0
1910424,330,-86.29245,0
1910434,330,-86.29245,0
1910444,336,-85.4492,0
1910454,329,-86.43299,0
1910464,338,-85.16812,0
1910474,340,-84.88703,0
1910484,334,-85.73029,0
1910494,342,-84.60595,0
1910504,334,-85.73029,0
1910514,321,-87.55732,0
1910524,339,-85.02757,0
1910534,341,-84.74649,0
1910544,335,-85.58974,0
1910554,333,-85.87083,0
1910564,336,-85.4492,0
1910574,333,-85.87083,0
1910584,343,-84.46541,0
1910594,338,-85.16812,0
1910604,334,-85.73029,0
1910614,336,-85.4492,0
1910624,338,-85.16812,0
1910634,339,-85.02757,0
1910644,341,-84.74649,0
1910654,337,-85.30865,0
1910664,334,-85.73029,0
1910674,338,-85.16812,0
1910684,334,-85.73029,0
1910694,336,-85.4492,0
1910704,334,-85.73029,0
1910714,336,-85.4492,0
1910724,336,-85.4492,0
1910734,334,-85.73029,0
1910744,342,-84.60595,0
1910754,328,-86.57353,0
1910764,335,-85.58974,0
1910774,339,-85.02757,0
1910784,333,-85.87083,0
1910794,337,-85.30865,0
1910804,333,-85.87083,0
1910814,336,-85.4492,0
1910824,328,-86.57353,0
1910834,335,-85.58974,0
1910844,336,-85.4492,0
1910854,343,-84.46541,0
1910864,337,-85.30865,0
1910874,338,-85.16812,0
1910884,335,-85.58974,0
1910894,336,-85.4492,0
1910904,329,-86.43299,0
1910914,332,-86.01136,0
1910924,337,-85.30865,0
1910934,335,-85.58974,0
1910944,335,-85.58974,0
1910954,337,-85.30865,0
1910964,337,-85.30865,0
1910974,337,-85.30865,0
1910984,331,-86.1519,0
1910994,326,-86.85461,0
1911004,336,-85.4492,0
1911014,335,-85.58974,0
1911024,338,-85.16812,0
1911034,329,-86.43299,0
1911044,333,-85.87083,0
1911054,334,-85.73029,0
1911064,337,-85.30865,0
1911074,340,-84.88703,0
1911084,339,-85.02757,0
1911094,339,-85.02757,0
1911104,338,-85.16812,0
1911114,335,-85.58974,0
1911124,330,-86.29245,0
1911134,336,-85.4492,0
1911144,338,-85.16812,0
1911154,330,-86.29245,0
1911164,333,-85.87083,0
1911174,338,-85.16812,0
1911184,340,-84.88703,0
1911194,339,-85.02757,0
1911204,341,-84.74649,0
1911214,331,-86.1519,0
1911224,337,-85.30865,0
1911234,332,-86.01136,0
1911244,341,-84.74649,0
1911254,340,-84.88703,0
1911264,337,-85.30865,0
1911274,342,-84.60595,0
1911284,335,-85.58974,0
1911294,338,-85.16812,0
1911304,339,-85.02757,0
1911314,336,-85.4492,0
1911324,333,-85.87083,0
1911334,328,-86.57353,0
1911344,333,-85.87083,0
1911354,338,-85.16812,0
1911364,331,-86.1519,0
1911374,331,-86.1519,0
1911384,339,-85.02757,0
1911394,340,-84.88703,0
1911404,341,-84.74649,0
1911414,337,-85.30865,0
1911424,334,-85.73029,0
1911434,333,-85.87083,0
1911444,336,-85.4492,0
1911454,330,-86.29245,0
1911464,331,-86.1519,0
1911474,334,-85.73029,0
1911484,340,-84.88703,0
1911494,332,-86.01136,0
1911504,338,-85.16812,0
1911514,335,-85.58974,0
1911524,337,-85.30865,0
1911534,331,-86.1519,0
1911544,330,-86.29245,0
1911554,331,-86.1519,0
1911564,334,-85.73029,0
1911574,333,-85.87083,0
1911584,335,-85.58974,0
1911594,337,-85.30865,0
1911604,340,-84.88703,0
1911614,342,-84.60595,0
1911624,330,-86.29245,0
1911634,337,-85.30865,0
1911644,334,-85.73029,0
1911654,334,-85.73029,0
1911664,329,-86.43299,0
1911674,332,-86.01136,0
1911684,338,-85.16812,0
1911694,337,-85.30865,0
1911704,331,-86.1519,0
1911714,335,-85.58974,0
1911724,338,-85.16812,0
1911734,339,-85.02757,0
1911744,342,-84.60595,0
1911754,334,-85.73029,0
1911764,330,-86.29245,0
1911774,336,-85.4492,0
1911784,342,-84.60595,0
1911794,331,-86.1519,0
1911804,333,-85.87083,0
1911814,337,-85.30865,0
1911824,330,-86.29245,0
1911834,330,-86.29245,0
1911844,336,-85.4492,0
1911854,338,-85.16812,0
1911864,336,-85.4492,0
1911874,330,-86.29245,0
1911884,340,-84.88703,0
1911894,330,-86.29245,0
1911904,329,-86.43299,0
1911914,334,-85.73029,0
1911924,341,-84.74649,0
1911934,335,-85.58974,0
1911944,340,-84.88703,0
1911954,334,-85.73029,0
1911964,339,-85.02757,0
1911974,325,-86.99516,0
1911984,332,-86.01136,0
1911994,332,-86.01136,0
1912004,330,-86.29245,0
1912014,334,-85.73029,0
1912024,334,-85.73029,0
1912034,338,-85.16812,0
1912044,337,-85.30865,0
1912054,332,-86.01136,0
1912064,338,-85.16812,0
1912074,334,-85.73029,0
1912084,329,-86.43299,0
1912094,335,-85.58974,0
1912104,335,-85.58974,0
1912114,337,-85.30865,0
1912124,329,-86.43299,0
1912134,333,-85.87083,0
1912144,337,-85.30865,0
1912154,335,-85.58974,0
1912164,335,-85.58974,0
1912174,336,-85.4492,0
1912184,332,-86.01136,0
1912194,329,-86.43299,0
1912204,336,-85.4492,0
1912214,337,-85.30865,0
1912224,335,-85.58974,0
1912234,338,-85.16812,0
1912244,335,-85.58974,0
1912254,331,-86.1519,0
1912264,330,-86.29245,0
1912274,334,-85.73029,0
1912284,338,-85.16812,0
1912294,338,-85.16812,0
1912304,333,-85.87083,0
1912314,333,-85.87083,0
1912324,326,-86.85461,0
1912334,334,-85.73029,0
1912344,333,-85.87083,0
1912354,334,-85.73029,0
1912364,339,-85.02757,0
1912374,336,-85.4492,0
1912384,341,-84.74649,0
1912394,345,-84.18433,0
1912404,328,-86.57353,0
1912414,330,-86.29245,0
1912424,334,-85.73029,0
1912434,326,-86.85461,0
1912444,335,-85.58974,0
1912454,331,-86.1519,0
1912464,331,-86.1519,0
1912474,334,-85.73029,0
1912484,336,-85.4492,0
1912494,335,-85.58974,0
1912504,337,-85.30865,0
1912514,344,-84.32487,0
1912524,331,-86.1519,0
1912534,335,-85.58974,0
1912544,334,-85.73029,0
1912554,330,-86.29245,0
1912564,335,-85.58974,0
1912574,340,-84.88703,0
1912584,337,-85.30865,0
1912594,333,-85.87083,0
1912604,338,-85.16812,0
1912614,343,-84.46541,0
1912624,336,-85.4492,0
1912634,336,-85.4492,0
1912644,331,-86.1519,0
1912654,330,-86.29245,0
1912664,337,-85.30865,0
1912674,336,-85.4492,0
1912684,337,-85.30865,0
1912694,339,-85.02757,0
1912704,337,-85.30865,0
1912714,337,-85.30865,0
1912724,335,-85.58974,0
1912734,336,-85.4492,0
1912744,331,-86.1519,0
1912754,331,-86.1519,0
1912764,340,-84.88703,0
1912774,337,-85.30865,0
1912784,334,-85.73029,0
1912794,335,-85.58974,0
1912804,331,-86.1519,0
1912814,340,-84.88703,0
1912824,340,-84.88703,0
1912834,340,-84.88703,0
1912844,335,-85.58974,0
1912854,336,-85.4492,0
1912864,333,-85.87083,0
1912874,334,-85.73029,0
1912884,336,-85.4492,0
1912894,342,-84.60595,0
1912904,329,-86.43299,0
1912914,332,-86.01136,0
1912924,337,-85.30865,0
1912934,339,-85.02757,0
1912944,338,-85.16812,0
1912954,333,-85.87083,0
1912964,343,-84.46541,0
1912974,332,-86.01136,0
1912984,337,-85.30865,0
1912994,334,-85.73029,0
1913004,332,-86.01136,0
1913014,338,-85.16812,0
1913024,333,-85.87083,0
1913034,337,-85.30865,0
1913044,330,-86.29245,0
1913054,339,-85.02757,0
1913064,337,-85.30865,0
1913074,333,-85.87083,0
1913084,330,-86.29245,0
1913094,332,-86.01136,0
1913104,336,-85.4492,0
1913114,335,-85.58974,0
1913124,338,-85.16812,0
1913134,336,-85.4492,0
1913144,342,-84.60595,0
1913154,334,-85.73029,0
1913164,339,-85.02757,0
1913174,339,-85.02757,0
1913184,329,-86.43299,0
1913194,334,-85.73029,0
1913204,331,-86.1519,0
1913214,336,-85.4492,0
1913224,339,-85.02757,0
1913234,333,-85.87083,0
1913244,333,-85.87083,0
1913254,336,-85.4492,0
1913264,344,-84.32487,0
1913274,332,-86.01136,0
1913284,340,-84.88703,0
1913294,332,-86.01136,0
1913304,332,-86.01136,0
1913314,335,-85.58974,0
1913324,336,-85.4492,0
1913334,335,-85.58974,0
1913344,338,-85.16812,0
1913354,341,-84.74649,0
1913364,338,-85.16812,0
1913374,338,-85.16812,0
1913384,334,-85.73029,0
1913394,335,-85.58974,0
1913404,341,-84.74649,0
1913414,332,-86.01136,0
1913424,335,-85.58974,0
1913434,333,-85.87083,0
1913444,339,-85.02757,0
1913454,328,-86.57353,0
1913464,340,-84.88703,0
1913474,339,-85.02757,0
1913484,335,-85.58974,0
1913494,341,-84.74649,0
1913504,333,-85.87083,0
1913514,334,-85.73029,0
1913524,335,-85.58974,0
1913534,335,-85.58974,0
1913544,336,-85.4492,0
1913554,332,-86.01136,0
1913564,339,-85.02757,0
1913574,337,-85.30865,0
1913584,340,-84.88703,0
1913594,332,-86.01136,0
1913604,338,-85.16812,0
1913614,337,-85.30865,0
1913624,332,-86.01136,0
1913634,330,-86.29245,0
1913644,340,-84.88703,0
1913654,338,-85.16812,0
1913664,335,-85.58974,0
1913674,331,-86.1519,0
1913684,335,-85.58974,0
1913694,331,-86.1519,0
1913704,331,-86.1519,0
1913714,332,-86.01136,0
1913724,335,-85.58974,0
1913734,339,-85.02757,0
1913744,330,-86.29245,0
1913754,336,-85.4492,0
1913764,339,-85.02757,0
1913774,336,-85.4492,0
1913784,328,-86.57353,0
1913794,331,-86.1519,0
1913804,337,-85.30865,0
1913814,337,-85.30865,0
1913824,335,-85.58974,0
1913834,332,-86.01136,0
1913844,334,-85.73029,0
1913854,330,-86.29245,0
1913864,335,-85.58974,0
1913874,337,-85.30865,0
1913884,336,-85.4492,0
1913894,336,-85.4492,0
1913904,335,-85.58974,0
1913914,335,-85.58974,0
1913924,336,-85.4492,0
1913934,337,-85.30865,0
1913944,339,-85.02757,0
1913954,336,-85.4492,0
1913964,330,-86.29245,0
1913974,331,-86.1519,0
1913984,340,-84.88703,0
1913994,336,-85.4492,0
1914004,340,-84.88703,0
1914014,337,-85.30865,0
1914024,336,-85.4492,0
1914034,340,-84.88703,0
1914044,336,-85.4492,0
1914054,335,-85.58974,0
1914064,338,-85.16812,0
1914074,331,-86.1519,0
1914084,337,-85.30865,0
1914094,338,-85.16812,0
1914104,337,-85.30865,0
1914114,336,-85.4492,0
1914124,334,-85.73029,0
1914134,337,-85.30865,0
1914144,342,-84.60595,0
1914154,333,-85.87083,0
1914164,338,-85.16812,0
1914174,340,-84.88703,0
1914184,331,-86.1519,0
1914194,335,-85.58974,0
1914204,335,-85.58974,0
1914214,334,-85.73029,0
1914224,336,-85.4492,0
1914234,328,-86.57353,0
1914244,338,-85.16812,0
1914254,339,-85.02757,0
1914264,335,-85.58974,0
1914274,339,-85.02757,0
1914284,339,-85.02757,0
1914294,335,-85.58974,0
1914304,336,-85.4492,0
1914314,341,-84.74649,0
1914324,338,-85.16812,0
1914334,333,-85.87083,0
1914344,340,-84.88703,0
1914354,333,-85.87083,0
1914364,336,-85.4492,0
1914374,340,-84.88703,0
1914384,335,-85.58974,0
1914394,336,-85.4492,0
1914404,337,-85.30865,0
1914414,335,-85.58974,0
1914424,340,-84.88703,0
1914434,334,-85.73029,0
1914444,335,-85.58974,0
1914454,334,-85.73029,0
1914464,342,-84.60595,0
1914474,331,-86.1519,0
1914484,335,-85.58974,0
1914494,341,-84.74649,0
1914504,338,-85.16812,0
1914514,335,-85.58974,0
1914524,337,-85.30865,0
1914534,338,-85.16812,0
1914544,336,-85.4492,0
1914554,330,-86.29245,0
1914564,332,-86.01136,0
1914574,338,-85.16812,0
1914584,333,-85.87083,0
1914594,334,-85.73029,0
1914604,342,-84.60595,0
1914614,338,-85.16812,0
1914624,335,-85.58974,0
1914634,334,-85.73029,0
1914644,342,-84.60595,0
1914654,334,-85.73029,0
1914664,337,-85.30865,0
1914674,337,-85.30865,0
1914684,330,-86.29245,0
1914694,340,-84.88703,0
1914704,332,-86.01136,0
1914714,331,-86.1519,0
1914724,331,-86.1519,0
1914734,329,-86.43299,0
1914744,340,-84.88703,0
1914754,326,-86.85461,0
1914764,335,-85.58974,0
1914774,334,-85.73029,0
1914784,340,-84.88703,0
1914794,336,-85.4492,0
1914804,334,-85.73029,0
1914814,334,-85.73029,0
1914824,333,-85.87083,0
1914834,331,-86.1519,0
1914844,333,-85.87083,0
1914854,334,-85.73029,0
1914864,337,-85.30865,0
1914874,337,-85.30865,0
1914884,328,-86.57353,0
1914894,336,-85.4492,0
1914904,340,-84.88703,0
1914914,333,-85.87083,0
1914924,327,-86.71407,0
1914934,337,-85.30865,0
1914944,343,-84.46541,0
1914954,332,-86.01136,0
1914964,330,-86.29245,0
1914974,331,-86.1519,0
1914984,340,-84.88703,0
1914994,336,-85.4492,0
1915004,333,-85.87083,0
1915014,338,-85.16812,0
1915024,335,-85.58974,0
1915034,337,-85.30865,0
1915044,334,-85.73029,0
1915054,341,-84.74649,0
1915064,330,-86.29245,0
1915074,332,-86.01136,0
1915084,334,-85.73029,0
1915094,339,-85.02757,0
1915104,338,-85.16812,0
1915114,332,-86.01136,0
1915124,336,-85.4492,0
1915134,340,-84.88703,0
1915144,340,-84.88703,0
1915154,333,-85.87083,0
1915164,337,-85.30865,0
1915174,325,-86.99516,0
1915184,332,-86.01136,0
1915194,339,-85.02757,0
1915204,334,-85.73029,0
1915214,338,-85.16812,0
1915224,337,-85.30865,0
1915234,338,-85.16812,0
1915244,337,-85.30865,0
1915254,339,-85.02757,0
1915264,340,-84.88703,0
1915274,336,-85.4492,0
1915284,335,-85.58974,0
1915294,334,-85.73029,0
1915304,334,-85.73029,0
1915314,334,-85.73029,0
1915324,343,-84.46541,0
1915334,335,-85.58974,0
1915344,335,-85.58974,0
1915354,340,-84.88703,0
1915364,336,-85.4492,0
1915374,338,-85.16812,0
1915384,335,-85.58974,0
1915394,331,-86.1519,0
1915404,336,-85.4492,0
1915414,336,-85.4492,0
1915424,332,-86.01136,0
1915434,336,-85.4492,0
1915444,330,-86.29245,0
1915454,340,-84.88703,0
1915464,336,-85.4492,0
1915474,337,-85.30865,0
1915484,337,-85.30865,0
1915494,340,-84.88703,0
1915504,330,-86.29245,0
1915514,333,-85.87083,0
1915524,332,-86.01136,0
1915534,335,-85.58974,0
1915544,340,-84.88703,0
1915554,339,-85.02757,0
1915564,339,-85.02757,0
1915574,333,-85.87083,0
1915584,339,-85.02757,0
1915594,333,-85.87083,0
1915604,337,-85.30865,0
1915614,336,-85.4492,0
1915624,333,-85.87083,0
1915634,333,-85.87083,0
1915644,334,-85.73029,0
1915654,328,-86.57353,0
1915664,342,-84.60595,0
1915674,337,-85.30865,0
1915684,337,-85.30865,0
1915694,337,-85.30865,0
1915704,334,-85.73029,0
1915714,340,-84.88703,0
1915724,331,-86.1519,0
1915734,336,-85.4492,0
1915744,337,-85.30865,0
1915754,331,-86.1519,0
1915764,334,-85.73029,0
1915774,332,-86.01136,0
1915784,337,-85.30865,0
1915794,337,-85.30865,0
1915804,339,-85.02757,0
1915814,337,-85.30865,0
1915824,332,-86.01136,0
1915834,335,-85.58974,0
1915844,334,-85.73029,0
1915854,335,-85.58974,0
1915864,340,-84.88703,0
1915874,331,-86.1519,0
1915884,337,-85.30865,0
1915894,337,-85.30865,0
1915904,334,-85.73029,0
1915914,337,-85.30865,0
1915924,335,-85.58974,0
1915934,340,-84.88703,0
1915944,330,-86.29245,0
1915954,329,-86.43299,0
1915964,335,-85.58974,0
1915974,333,-85.87083,0
1915984,337,-85.30865,0
1915994,333,-85.87083,0
1916004,334,-85.73029,0
1916014,335,-85.58974,0
1916024,333,-85.87083,0
1916034,336,-85.4492,0
1916044,332,-86.01136,0
1916054,336,-85.4492,0
1916064,330,-86.29245,0
1916074,333,-85.87083,0
1916084,334,-85.73029,0
1916094,330,-86.29245,0
1916104,337,-85.30865,0
1916114,334,-85.73029,0
1916124,337,-85.30865,0
1916134,337,-85.30865,0
1916144,334,-85.73029,0
1916154,340,-84.88703,0
1916164,334,-85.73029,0
1916174,329,-86.43299,0
1916184,336,-85.4492,0
1916194,341,-84.74649,0
1916204,340,-84.88703,0
1916214,332,-86.01136,0
1916224,336,-85.4492,0
1916234,333,-85.87083,0
1916244,334,-85.73029,0
1916254,333,-85.87083,0
1916264,332,-86.01136,0
1916274,334,-85.73029,0
1916284,330,-86.29245,0
1916294,330,-86.29245,0
1916304,337,-85.30865,0
1916314,334,-85.73029,0
1916324,336,-85.4492,0
1916334,336,-85.4492,0
1916344,339,-85.02757,0
1916354,330,-86.29245,0
1916364,339,-85.02757,0
1916374,333,-85.87083,0
1916384,328,-86.57353,0
1916394,335,-85.58974,0
1916404,337,-85.30865,0
1916414,335,-85.58974,0
1916424,333,-85.87083,0
1916434,333,-85.87083,0
1916444,331,-86.1519,0
1916454,338,-85.16812,0
1916464,341,-84.74649,0
1916474,339,-85.02757,0
1916484,334,-85.73029,0
1916494,336,-85.4492,0
1916504,333,-85.87083,0
1916514,338,-85.16812,0
1916524,337,-85.30865,0
1916534,334,-85.73029,0
1916544,331,-86.1519,0
1916554,335,-85.58974,0
1916564,328,-86.57353,0
1916574,334,-85.73029,0
1916584,333,-85.87083,0
1916594,335,-85.58974,0
1916604,332,-86.01136,0
1916614,332,-86.01136,0
1916624,337,-85.30865,0
1916634,329,-86.43299,0
1916644,332,-86.01136,0
1916654,334,-85.73029,0
1916664,337,-85.30865,0
1916674,335,-85.58974,0
1916684,335,-85.58974,0
1916694,337,-85.30865,0
1916704,335,-85.58974,0
1916714,331,-86.1519,0
1916724,325,-86.99516,0
1916734,336,-85.4492,0
1916744,329,-86.43299,0
1916754,339,-85.02757,0
1916764,337,-85.30865,0
1916774,332,-86.01136,0
1916784,338,-85.16812,0
1916794,341,-84.74649,0
1916804,333,-85.87083,0
1916814,334,-85.73029,0
1916824,332,-86.01136,0
1916834,334,-85.73029,0
1916844,340,-84.88703,0
1916854,339,-85.02757,0
1916864,335,-85.58974,0
1916874,336,-85.4492,0
1916884,340,-84.88703,0
1916894,337,-85.30865,0
1916904,333,-85.87083,0
1916914,333,-85.87083,0
1916924,335,-85.58974,0
1916934,325,-86.99516,0
1916944,331,-86.1519,0
1916954,330,-86.29245,0
1916964,331,-86.1519,0
1916974,338,-85.16812,0
1916984,340,-84.88703,0
1916994,339,-85.02757,0
1917004,339,-85.02757,0
1917014,329,-86.43299,0
1917024,330,-86.29245,0
1917034,342,-84.60595,0
1917044,333,-85.87083,0
1917054,342,-84.60595,0
1917064,336,-85.4492,0
1917074,339,-85.02757,0
1917084,335,-85.58974,0
1917094,335,-85.58974,0
1917104,338,-85.16812,0
1917114,335,-85.58974,0
1917124,342,-84.60595,0
1917134,337,-85.30865,0
1917144,328,-86.57353,0
1917154,331,-86.1519,0
1917164,340,-84.88703,0
1917174,337,-85.30865,0
1917184,334,-85.73029,0
1917194,344,-84.32487,0
1917204,337,-85.30865,0
1917214,337,-85.30865,0
1917224,339,-85.02757,0
1917234,341,-84.74649,0
1917244,337,-85.30865,0
1917254,333,-85.87083,0
1917264,336,-85.4492,0
1917274,331,-86.1519,0
1917284,341,-84.74649,0
1917294,339,-85.02757,0
1917304,336,-85.4492,0
1917314,339,-85.02757,0
1917324,337,-85.30865,0
1917334,337,-85.30865,0
1917344,334,-85.73029,0
1917354,338,-85.16812,0
1917364,335,-85.58974,0
1917374,334,-85.73029,0
1917384,330,-86.29245,0
1917394,335,-85.58974,0
1917404,336,-85.4492,0
1917414,335,-85.58974,0
1917424,339,-85.02757,0
1917434,339,-85.02757,0
1917444,339,-85.02757,0
1917454,337,-85.30865,0
1917464,340,-84.88703,0
1917474,340,-84.88703,0
1917484,334,-85.73029,0
1917494,331,-86.1519,0
1917504,337,-85.30865,0
1917514,345,-84.18433,0
1917524,323,-87.27624,0
1917534,333,-85.87083,0
1917544,339,-85.02757,0
1917554,338,-85.16812,0
1917564,335,-85.58974,0
1917574,334,-85.73029,0
1917584,332,-86.01136,0
1917594,340,-84.88703,0
1917604,337,-85.30865,0
1917614,336,-85.4492,0
1917624,332,-86.01136,0
1917634,331,-86.1519,0
1917644,335,-85.58974,0
1917654,337,-85.30865,0
1917664,336,-85.4492,0
1917674,328,-86.57353,0
1917684,337,-85.30865,0
1917694,336,-85.4492,0
1917704,335,-85.58974,0
1917714,331,-86.1519,0
1917724,333,-85.87083,0
1917734,339,-85.02757,0
1917744,340,-84.88703,0
1917754,336,-85.4492,0
1917764,336,-85.4492,0
1917774,337,-85.30865,0
1917784,336,-85.4492,0
1917794,340,-84.88703,0
1917804,340,-84.88703,0
1917814,336,-85.4492,0
1917824,333,-85.87083,0
1917834,336,-85.4492,0
1917844,342,-84.60595,0
1917854,332,-86.01136,0
1917864,334,-85.73029,0
1917874,336,-85.4492,0
1917884,340,-84.88703,0
1917894,332,-86.01136,0
1917904,338,-85.16812,0
1917914,334,-85.73029,0
1917924,334,-85.73029,0
1917934,332,-86.01136,0
1917944,328,-86.57353,0
1917954,339,-85.02757,0
1917964,336,-85.4492,0
1917974,339,-85.02757,0
1917984,326,-86.85461,0
1917994,343,-84.46541,0
1918004,336,-85.4492,0
1918014,337,-85.30865,0
1918024,338,-85.16812,0
1918034,336,-85.4492,0
1918044,338,-85.16812,0
1918054,339,-85.02757,0
1918064,335,-85.58974,0
1918074,335,-85.58974,0
1918084,336,-85.4492,0
1918094,336,-85.4492,0
1918104,332,-86.01136,0
1918114,336,-85.4492,0
1918124,338,-85.16812,0
1918134,332,-86.01136,0
1918144,339,-85.02757,0
1918154,334,-85.73029,0
1918164,335,-85.58974,0
1918174,338,-85.16812,0
1918184,334,-85.73029,0
1918194,334,-85.73029,0
1918204,339,-85.02757,0
1918214,336,-85.4492,0
1918224,334,-85.73029,0
1918234,337,-85.30865,0
1918244,335,-85.58974,0
1918254,337,-85.30865,0
1918264,331,-86.1519,0
1918274,332,-86.01136,0
1918284,336,-85.4492,0
1918294,334,-85.73029,0
1918304,339,-85.02757,0
1918314,337,-85.30865,0
1918324,342,-84.60595,0
1918334,331,-86.1519,0
1918344,335,-85.58974,0
1918354,334,-85.73029,0
1918364,327,-86.71407,0
1918374,327,-86.71407,0
1918384,332,-86.01136,0
1918394,333,-85.87083,0
1918404,333,-85.87083,0
1918414,333,-85.87083,0
1918424,334,-85.73029,0
1918434,339,-85.02757,0
1918444,339,-85.02757,0
1918454,335,-85.58974,0
1918464,340,-84.88703,0
1918474,339,-85.02757,0
1918484,333,-85.87083,0
1918494,333,-85.87083,0
1918504,333,-85.87083,0
1918514,337,-85.30865,0
1918524,339,-85.02757,0
1918534,334,-85.73029,0
1918544,337,-85.30865,0
1918554,345,-84.18433,0
1918564,332,-86.01136,0
1918574,336,-85.4492,0
1918584,332,-86.01136,0
1918594,340,-84.88703,0
1918604,335,-85.58974,0
1918614,334,-85.73029,0
1918624,330,-86.29245,0
1918634,338,-85.16812,0
1918644,332,-86.01136,0
1918654,336,-85.4492,0
1918664,334,-85.73029,0
1918674,339,-85.02757,0
1918684,339,-85.02757,0
1918694,333,-85.87083,0
1918704,341,-84.74649,0
1918714,336,-85.4492,0
1918724,328,-86.57353,0
1918734,338,-85.16812,0
1918744,342,-84.60595,0
1918754,340,-84.88703,0
1918764,342,-84.60595,0
1918774,336,-85.4492,0
1918784,334,-85.73029,0
1918794,338,-85.16812,0
1918804,343,-84.46541,0
1918814,325,-86.99516,0
1918824,338,-85.16812,0
1918834,332,-86.01136,0
1918844,335,-85.58974,0
1918854,330,-86.29245,0
1918864,338,-85.16812,0
1918874,325,-86.99516,0
1918884,337,-85.30865,0
1918894,335,-85.58974,0
1918904,333,-85.87083,0
1918914,339,-85.02757,0
1918924,332,-86.01136,0
1918934,330,-86.29245,0
1918944,337,-85.30865,0
1918954,339,-85.02757,0
1918964,339,-85.02757,0
1918974,336,-85.4492,0
1918984,337,-85.30865,0
1918994,335,-85.58974,0
1919004,340,-84.88703,0
1919014,339,-85.02757,0
1919024,338,-85.16812,0
1919034,337,-85.30865,0
1919044,333,-85.87083,0
1919054,337,-85.30865,0
1919064,335,-85.58974,0
1919074,335,-85.58974,0
1919084,334,-85.73029,0
1919094,327,-86.71407,0
1919104,326,-86.85461,0
1919114,338,-85.16812,0
1919124,335,-85.58974,0
1919134,334,-85.73029,0
1919144,334,-85.73029,0
1919154,329,-86.43299,0
1919164,336,-85.4492,0
1919174,338,-85.16812,0
1919184,337,-85.30865,0
1919194,336,-85.4492,0
1919204,334,-85.73029,0
1919214,335,-85.58974,0
1919224,337,-85.30865,0
1919234,332,-86.01136,0
1919244,328,-86.57353,0
1919254,337,-85.30865,0
1919264,332,-86.01136,0
1919274,340,-84.88703,0
1919284,325,-86.99516,0
1919294,334,-85.73029,0
1919304,334,-85.73029,0
1919314,324,-87.1357,0
1919324,334,-85.73029,0
1919334,335,-85.58974,0
1919344,337,-85.30865,0
1919354,338,-85.16812,0
1919364,333,-85.87083,0
1919374,338,-85.16812,0
1919384,334,-85.73029,0
1919394,338,-85.16812,0
1919404,334,-85.73029,0
1919414,334,-85.73029,0
1919424,339,-85.02757,0
1919434,338,-85.16812,0
1919444,334,-85.73029,0
1919454,335,-85.58974,0
1919464,334,-85.73029,0
1919474,332,-86.01136,0
1919484,337,-85.30865,0
1919494,335,-85.58974,0
1919504,338,-85.16812,0
1919514,336,-85.4492,0
1919524,336,-85.4492,0
1919534,331,-86.1519,0
1919544,334,-85.73029,0
1919554,331,-86.1519,0
1919564,338,-85.16812,0
1919574,342,-84.60595,0
1919584,337,-85.30865,0
1919594,332,-86.01136,0
1919604,328,-86.57353,0
1919614,334,-85.73029,0
1919624,334,-85.73029,0
1919634,334,-85.73029,0
1919644,334,-85.73029,0
1919654,334,-85.73029,0
1919664,338,-85.16812,0
1919674,338,-85.16812,0
1919684,337,-85.30865,0
1919694,343,-84.46541,0
1919704,332,-86.01136,0
1919714,336,-85.4492,0
1919724,330,-86.29245,0
1919734,337,-85.30865,0
1919744,335,-85.58974,0
1919754,331,-86.1519,0
1919764,337,-85.30865,0
1919774,341,-84.74649,0
1919784,334,-85.73029,0
1919794,329,-86.43299,0
1919804,335,-85.58974,0
1919814,331,-86.1519,0
1919824,336,-85.4492,0
1919834,331,-86.1519,0
1919844,336,-85.4492,0
1919854,343,-84.46541,0
1919864,336,-85.4492,0
1919874,328,-86.57353,0
1919884,338,-85.16812,0
1919894,336,-85.4492,0
1919904,329,-86.43299,0
1919914,333,-85.87083,0
1919924,327,-86.71407,0
1919934,337,-85.30865,0
1919944,334,-85.73029,0
1919954,339,-85.02757,0
1919964,337,-85.30865,0
1919974,339,-85.02757,0
1919984,336,-85.4492,0
1919994,333,-85.87083,0
1920004,337,-85.30865,0
1920014,334,-85.73029,0
1920024,339,-85.02757,0
1920034,335,-85.58974,0
1920044,338,-85.16812,0
1920054,337,-85.30865,0
1920064,332,-86.01136,0
1920074,335,-85.58974,0
1920084,340,-84.88703,0
1920094,335,-85.58974,0
1920104,335,-85.58974,0
1920114,333,-85.87083,0
1920124,341,-84.74649,0
1920134,334,-85.73029,0
1920144,333,-85.87083,0
1920154,335,-85.58974,0
1920164,333,-85.87083,0
1920174,341,-84.74649,0
1920184,336,-85.4492,0
1920194,335,-85.58974,0
1920204,339,-85.02757,0
1920214,338,-85.16812,0
1920224,341,-84.74649,0
1920234,340,-84.88703,0
1920244,337,-85.30865,0
1920254,333,-85.87083,0
1920264,328,-86.57353,0
1920274,328,-86.57353,0
1920284,333,-85.87083,0
1920294,342,-84.60595,0
1920304,337,-85.30865,0
1920314,336,-85.4492,0
1920324,336,-85.4492,0
1920334,339,-85.02757,0
1920344,338,-85.16812,0
1920354,339,-85.02757,0
1920364,344,-84.32487,0
1920374,336,-85.4492,0
1920384,335,-85.58974,0
1920394,333,-85.87083,0
1920404,334,-85.73029,0
1920414,334,-85.73029,0
1920424,338,-85.16812,0
1920434,340,-84.88703,0
1920444,336,-85.4492,0
1920454,340,-84.88703,0
1920464,335,-85.58974,0
1920474,333,-85.87083,0
1920484,333,-85.87083,0
1920494,334,-85.73029,0
1920504,341,-84.74649,0
1920514,335,-85.58974,0
1920524,336,-85.4492,0
1920534,325,-86.99516,0
1920544,340,-84.88703,0
1920554,331,-86.1519,0
1920564,336,-85.4492,0
1920574,335,-85.58974,0
1920584,338,-85.16812,0
1920594,333,-85.87083,0
1920604,338,-85.16812,0
1920614,338,-85.16812,0
1920624,340,-84.88703,0
1920634,337,-85.30865,0
1920644,336,-85.4492,0
1920654,329,-86.43299,0
1920664,339,-85.02757,0
1920674,335,-85.58974,0
1920684,329,-86.43299,0
1920694,335,-85.58974,0
1920704,330,-86.29245,0
1920714,335,-85.58974,0
1920724,334,-85.73029,0
1920734,338,-85.16812,0
1920744,328,-86.57353,0
1920754,333,-85.87083,0
1920764,337,-85.30865,0
1920774,340,-84.88703,0
1920784,336,-85.4492,0
1920794,333,-85.87083,0
1920804,334,-85.73029,0
1920814,332,-86.01136,0
1920824,335,-85.58974,0
1920834,337,-85.30865,0
1920844,331,-86.1519,0
1920854,334,-85.73029,0
1920864,337,-85.30865,0
1920874,331,-86.1519,0
1920884,337,-85.30865,0
1920894,329,-86.43299,0
1920904,339,-85.02757,0
1920914,332,-86.01136,0
1920924,324,-87.1357,0
1920934,335,-85.58974,0
1920944,335,-85.58974,0
1920954,333,-85.87083,0
1920964,336,-85.4492,0
1920974,334,-85.73029,0
1920984,338,-85.16812,0
1920994,334,-85.73029,0
1921004,339,-85.02757,0
1921014,330,-86.29245,0
1921024,335,-85.58974,0
1921034,330,-86.29245,0
1921044,335,-85.58974,0
1921054,341,-84.74649,0
1921064,335,-85.58974,0
1921074,337,-85.30865,0
1921084,332,-86.01136,0
1921094,328,-86.57353,0
1921104,340,-84.88703,0
1921114,340,-84.88703,0
1921124,328,-86.57353,0
1921134,340,-84.88703,0
1921144,334,-85.73029,0
1921154,338,-85.16812,0
1921164,339,-85.02757,0
1921174,333,-85.87083,0
1921184,335,-85.58974,0
1921194,332,-86.01136,0
1921204,339,-85.02757,0
1921214,335,-85.58974,0
1921224,339,-85.02757,0
1921234,334,-85.73029,0
1921244,337,-85.30865,0
1921254,331,-86.1519,0
1921264,335,-85.58974,0
1921274,340,-84.88703,0
1921284,339,-85.02757,0
1921294,334,-85.73029,0
1921304,334,-85.73029,0
1921314,339,-85.02757,0
1921324,333,-85.87083,0
1921334,335,-85.58974,0
1921344,338,-85.16812,0
1921354,333,-85.87083,0
1921364,330,-86.29245,0
1921374,335,-85.58974,0
1921384,330,-86.29245,0
1921394,339,-85.02757,0
1921404,333,-85.87083,0
1921414,334,-85.73029,0
1921424,340,-84.88703,0
1921434,330,-86.29245,0
1921444,333,-85.87083,0
1921454,338,-85.16812,0
1921464,329,-86.43299,0
1921474,331,-86.1519,0
1921484,334,-85.73029,0
1921494,334,-85.73029,0
1921504,342,-84.60595,0
1921514,339,-85.02757,0
1921524,338,-85.16812,0
1921534,336,-85.4492,0
1921544,338,-85.16812,0
1921554,341,-84.74649,0
1921564,336,-85.4492,0
1921574,337,-85.30865,0
1921584,335,-85.58974,0
1921594,336,-85.4492,0
1921604,330,-86.29245,0
1921614,335,-85.58974,0
1921624,340,-84.88703,0
1921634,337,-85.30865,0
1921644,334,-85.73029,0
1921654,334,-85.73029,0
1921664,336,-85.4492,0
1921674,331,-86.1519,0
1921684,334,-85.73029,0
1921694,335,-85.58974,0
1921704,338,-85.16812,0
1921714,332,-86.01136,0
1921724,333,-85.87083,0
1921734,338,-85.16812,0
1921744,334,-85.73029,0
1921754,343,-84.46541,0
1921764,332,-86.01136,0
1921774,339,-85.02757,0
1921784,337,-85.30865,0
1921794,335,-85.58974,0
1921804,331,-86.1519,0
1921814,339,-85.02757,0
1921824,337,-85.30865,0
1921834,332,-86.01136,0
1921844,329,-86.43299,0
1921854,339,-85.02757,0
1921864,335,-85.58974,0
1921874,336,-85.4492,0
1921884,341,-84.74649,0
1921894,336,-85.4492,0
1921904,334,-85.73029,0
1921914,332,-86.01136,0
1921924,334,-85.73029,0
1921934,342,-84.60595,0
1921944,339,-85.02757,0
1921954,340,-84.88703,0
1921964,343,-84.46541,0
1921974,341,-84.74649,0
1921984,342,-84.60595,0
1921994,336,-85.4492,0
1922004,335,-85.58974,0
1922014,337,-85.30865,0
1922024,337,-85.30865,0
1922034,341,-84.74649,0
1922044,325,-86.99516,0
1922054,341,-84.74649,0
1922064,332,-86.01136,0
1922074,331,-86.1519,0
1922084,337,-85.30865,0
1922094,339,-85.02757,0
1922104,338,-85.16812,0
1922114,338,-85.16812,0
1922124,335,-85.58974,0
1922134,336,-85.4492,0
1922144,339,-85.02757,0
1922154,336,-85.4492,0
1922164,335,-85.58974,0
1922174,333,-85.87083,0
1922184,335,-85.58974,0
1922194,335,-85.58974,0
1922204,331,-86.1519,0
1922214,338,-85.16812,0
1922224,336,-85.4492,0
1922234,335,-85.58974,0
1922244,331,-86.1519,0
1922254,339,-85.02757,0
1922264,339,-85.02757,0
1922274,336,-85.4492,0
1922284,332,-86.01136,0
1922294,333,-85.87083,0
1922304,327,-86.71407,0
1922314,336,-85.4492,0
1922324,333,-85.87083,0
1922334,334,-85.73029,0
1922344,335,-85.58974,0
1922354,333,-85.87083,0
1922364,328,-86.57353,0
1922374,341,-84.74649,0
1922384,329,-86.43299,0
1922394,333,-85.87083,0
1922404,334,-85.73029,0
1922414,330,-86.29245,0
1922424,331,-86.1519,0
1922434,332,-86.01136,0
1922444,336,-85.4492,0
1922454,338,-85.16812,0
1922464,333,-85.87083,0
1922474,334,-85.73029,0
1922484,333,-85.87083,0
1922494,333,-85.87083,0
1922504,338,-85.16812,0
1922514,339,-85.02757,0
1922524,333,-85.87083,0
1922534,335,-85.58974,0
1922544,339,-85.02757,0
1922554,333,-85.87083,0
1922564,334,-85.73029,0
1922574,337,-85.30865,0
1922584,340,-84.88703,0
1922594,338,-85.16812,0
1922604,337,-85.30865,0
1922614,336,-85.4492,0
1922624,338,-85.16812,0
1922634,337,-85.30865,0
1922644,337,-85.30865,0
1922654,342,-84.60595,0
1922664,337,-85.30865,0
1922674,339,-85.02757,0
1922684,336,-85.4492,0
1922694,337,-85.30865,0
1922704,337,-85.30865,0
1922714,346,-84.04379,0
1922724,335,-85.58974,0
1922734,341,-84.74649,0
1922744,331,-86.1519,0
1922754,334,-85.73029,0
1922764,339,-85.02757,0
1922774,336,-85.4492,0
1922784,335,-85.58974,0
1922794,333,-85.87083,0
1922804,335,-85.58974,0
1922814,334,-85.73029,0
1922824,337,-85.30865,0
1922834,335,-85.58974,0
1922844,334,-85.73029,0
1922854,343,-84.46541,0
1922864,332,-86.01136,0
1922874,341,-84.74649,0
1922884,336,-85.4492,0
1922894,338,-85.16812,0
1922904,333,-85.87083,0
1922914,338,-85.16812,0
1922924,333,-85.87083,0
1922934,341,-84.74649,0
1922944,334,-85.73029,0
1922954,336,-85.4492,0
1922964,337,-85.30865,0
1922974,336,-85.4492,0
1922984,338,-85.16812,0
1922994,335,-85.58974,0
1923004,335,-85.58974,0
1923014,341,-84.74649,0
1923024,328,-86.57353,0
1923034,330,-86.29245,0
1923044,333,-85.87083,0
1923054,343,-84.46541,0
1923064,335,-85.58974,0
1923074,339,-85.02757,0
1923084,342,-84.60595,0
1923094,338,-85.16812,0
1923104,336,-85.4492,0
1923114,336,-85.4492,0
1923124,342,-84.60595,0
1923134,330,-86.29245,0
1923144,331,-86.1519,0
1923154,330,-86.29245,0
1923164,337,-85.30865,0
1923174,336,-85.4492,0
1923184,337,-85.30865,0
1923194,345,-84.18433,0
1923204,337,-85.30865,0
1923214,344,-84.32487,0
1923224,337,-85.30865,0
1923234,346,-84.04379,0
1923244,328,-86.57353,0
1923254,335,-85.58974,0
1923264,332,-86.01136,0
1923274,334,-85.73029,0
1923284,339,-85.02757,0
1923294,330,-86.29245,0
1923304,339,-85.02757,0
1923314,330,-86.29245,0
1923324,342,-84.60595,0
1923334,330,-86.29245,0
1923344,341,-84.74649,0
1923354,337,-85.30865,0
1923364,332,-86.01136,0
1923374,335,-85.58974,0
1923384,338,-85.16812,0
1923394,336,-85.4492,0
1923404,334,-85.73029,0
1923414,331,-86.1519,0
1923424,339,-85.02757,0
1923434,331,-86.1519,0
1923444,345,-84.18433,0
1923454,339,-85.02757,0
1923464,338,-85.16812,0
1923474,333,-85.87083,0
1923484,333,-85.87083,0
1923494,336,-85.4492,0
1923504,335,-85.58974,0
1923514,335,-85.58974,0
1923524,342,-84.60595,0
1923534,340,-84.88703,0
1923544,336,-85.4492,0
1923554,340,-84.88703,0
1923564,336,-85.4492,0
1923574,339,-85.02757,0
1923584,342,-84.60595,0
1923594,335,-85.58974,0
1923604,337,-85.30865,0
1923614,331,-86.1519,0
1923624,335,-85.58974,0
1923634,337,-85.30865,0
1923644,335,-85.58974,0
1923654,342,-84.60595,0
1923664,338,-85.16812,0
1923674,333,-85.87083,0
1923684,338,-85.16812,0
1923694,336,-85.4492,0
1923704,332,-86.01136,0
1923714,333,-85.87083,0
1923724,332,-86.01136,0
1923734,338,-85.16812,0
1923744,339,-85.02757,0
1923754,345,-84.18433,0
1923764,343,-84.46541,0
1923774,339,-85.02757,0
1923784,333,-85.87083,0
1923794,340,-84.88703,0
1923804,330,-86.29245,0
1923814,332,-86.01136,0
1923824,337,-85.30865,0
1923834,344,-84.32487,0
1923844,337,-85.30865,0
1923854,339,-85.02757,0
1923864,339,-85.02757,0
1923874,340,-84.88703,0
1923884,337,-85.30865,0
1923894,330,-86.29245,0
1923904,339,-85.02757,0
1923914,324,-87.1357,0
1923924,340,-84.88703,0
1923934,327,-86.71407,0
1923944,339,-85.02757,0
1923954,332,-86.01136,0
1923964,336,-85.4492,0
1923974,341,-84.74649,0
1923984,338,-85.16812,0
1923994,341,-84.74649,0
1924004,333,-85.87083,0
1924014,338,-85.16812,0
1924024,340,-84.88703,0
1924034,341,-84.74649,0
1924044,331,-86.1519,0
1924054,338,-85.16812,0
1924064,334,-85.73029,0
1924074,343,-84.46541,0
1924084,338,-85.16812,0
1924094,336,-85.4492,0
1924104,337,-85.30865,0
1924114,338,-85.16812,0
1924124,341,-84.74649,0
1924134,333,-85.87083,0
1924144,333,-85.87083,0
1924154,337,-85.30865,0
1924164,331,-86.1519,0
1924174,337,-85.30865,0
1924184,334,-85.73029,0
1924194,333,-85.87083,0
1924204,335,-85.58974,0
1924214,335,-85.58974,0
1924224,337,-85.30865,0
1924234,335,-85.58974,0
1924244,337,-85.30865,0
1924254,339,-85.02757,0
1924264,332,-86.01136,0
1924274,338,-85.16812,0
1924284,340,-84.88703,0
1924294,343,-84.46541,0
1924304,336,-85.4492,0
1924314,336,-85.4492,0
1924324,337,-85.30865,0
1924334,338,-85.16812,0
1924344,340,-84.88703,0
1924354,343,-84.46541,0
1924364,337,-85.30865,0
1924374,339,-85.02757,0
1924384,334,-85.73029,0
1924394,334,-85.73029,0
1924404,332,-86.01136,0
1924414,335,-85.58974,0
1924424,330,-86.29245,0
1924434,338,-85.16812,0
1924444,338,-85.16812,0
1924454,329,-86.43299,0
1924464,335,-85.58974,0
1924474,338,-85.16812,0
1924484,334,-85.73029,0
1924494,332,-86.01136,0
1924504,334,-85.73029,0
1924514,335,-85.58974,0
1924524,337,-85.30865,0
1924534,335,-85.58974,0
1924544,341,-84.74649,0
1924554,336,-85.4492,0
1924564,334,-85.73029,0
1924574,341,-84.74649,0
1924584,338,-85.16812,0
1924594,338,-85.16812,0
1924604,332,-86.01136,0
1924614,340,-84.88703,0
1924624,330,-86.29245,0
1924634,332,-86.01136,0
1924644,338,-85.16812,0
