t_ms,adc,p_kpa,pump
25982,948,0.983788,1
25992,941,0,1
26002,947,0.843262,1
26012,944,0.421631,1
26022,941,0,1
26032,942,0.140549,1
26042,938,-0.421631,1
26052,949,1.124344,1
26062,943,0.281075,1
26072,943,0.281075,1
26082,943,0.281075,1
26092,949,1.124344,1
26102,943,0.281075,1
26112,943,0.281075,1
26122,943,0.281075,1
26132,947,0.843262,1
26142,941,0,1
26152,942,0.140549,1
26162,944,0.421631,1
26172,953,1.686501,1
26182,950,1.26487,1
26192,947,0.843262,1
26202,947,0.843262,1
26212,943,0.281075,1
26222,940,-0.140533,1
26232,938,-0.421631,1
26242,943,0.281075,1
26252,934,-0.983795,1
26262,943,0.281075,1
26272,941,0,1
26282,943,0.281075,1
26292,936,-0.70269,1
26302,943,0.281075,1
26312,941,0,1
26322,938,-0.421631,1
26332,945,0.56218,1
26342,948,0.983788,1
26352,942,0.140549,1
26362,942,0.140549,1
26372,941,0,1
26382,942,0.140549,1
26392,957,2.248657,1
26402,945,0.56218,1
26412,950,1.26487,1
26422,948,0.983788,1
26432,948,0.983788,1
26442,944,0.421631,1
26452,942,0.140549,1
26462,947,0.843262,1
26472,953,1.686501,1
26482,938,-0.421631,1
26492,948,0.983788,1
26502,948,0.983788,1
26512,944,0.421631,1
26522,943,0.281075,1
26532,946,0.702705,1
26542,945,0.56218,1
26552,944,0.421631,1
26562,947,0.843262,1
26572,950,1.26487,1
26582,943,0.281075,1
26592,949,1.124344,1
26602,947,0.843262,1
26612,951,1.405418,1
26622,945,0.56218,1
26632,938,-0.421631,1
26642,946,0.702705,1
26652,942,0.140549,1
26662,939,-0.281082,1
26672,941,0,1
26682,943,0.281075,1
26692,940,-0.140533,1
26702,951,1.405418,1
26712,942,0.140549,1
26722,950,1.26487,1
26732,946,0.702705,1
26742,935,-0.843246,1
26752,937,-0.562164,1
26762,941,0,1
26772,944,0.421631,1
26782,946,0.702705,1
26792,935,-0.843246,1
26802,952,1.545952,1
26812,939,-0.281082,1
26822,939,-0.281082,1
26832,939,-0.281082,1
26842,937,-0.562164,1
26852,943,0.281075,1
26862,942,0.140549,1
26872,945,0.56218,1
26882,944,0.421631,1
26892,939,-0.281082,1
26902,942,0.140549,1
26912,952,1.545952,1
26922,942,0.140549,1
26932,949,1.124344,1
26942,954,1.827049,1
26952,939,-0.281082,1
26962,945,0.56218,1
26972,941,0,1
26982,938,-0.421631,1
26992,940,-0.140533,1
27002,941,0,1
27012,939,-0.281082,1
27022,946,0.702705,1
27032,944,0.421631,1
27042,940,-0.140533,1
27052,909,-4.497322,1
27062,857,-11.80549,1
27072,822,-16.72443,1
27082,789,-21.3623,1
27092,765,-24.73529,1
27102,737,-28.67046,1
27112,709,-32.60561,1
27122,684,-36.11915,1
27132,661,-39.3516,1
27142,652,-40.61647,1
27152,628,-43.98947,1
27162,612,-46.23813,1
27172,592,-49.04896,1
27182,586,-49.89221,1
27192,567,-52.5625,1
27202,559,-53.68682,1
27212,549,-55.09224,1
27222,531,-57.62199,1
27232,523,-58.74632,1
27242,517,-59.58957,1
27252,511,-60.43282,1
27262,503,-61.55715,1
27272,490,-63.38419,1
27282,490,-63.38419,1
27292,483,-64.36798,1
27302,481,-64.64906,1
27312,468,-66.4761,1
27322,463,-67.1788,1
27332,466,-66.75718,1
27342,459,-67.74097,1
27352,452,-68.72476,1
27362,448,-69.28693,1
27372,447,-69.42747,1
27382,449,-69.14639,1
27392,439,-70.5518,1
27402,435,-71.11397,1
27412,440,-70.41126,1
27422,431,-71.67613,1
27432,431,-71.67613,1
27442,424,-72.65993,1
27452,424,-72.65993,1
27462,431,-71.67613,1
27472,421,-73.08154,1
27482,420,-73.22208,1
27492,412,-74.34642,1
27502,424,-72.65993,1
27512,409,-74.76804,1
27522,423,-72.80046,1
27532,410,-74.6275,1
27542,412,-74.34642,1
27552,406,-75.18967,0
27562,411,-74.48696,0
27572,408,-74.90858,0
27582,405,-75.33021,0
27592,409,-74.76804,0
27602,403,-75.61129,0
27612,403,-75.61129,0
27622,401,-75.89238,0
27632,400,-76.03291,0
27642,402,-75.75183,0
27652,400,-76.03291,0
27662,398,-76.314,0
27672,391,-77.29779,0
27682,398,-76.314,0
27692,386,-78.0005,0
27702,398,-76.314,0
27712,389,-77.57887,0
27722,397,-76.45454,0
27732,398,-76.314,0
27742,404,-75.47075,0
27752,395,-76.73563,0
27762,395,-76.73563,0
27772,407,-75.04913,0
27782,394,-76.87617,0
27792,391,-77.29779,0
27802,393,-77.01671,0
27812,399,-76.17346,0
27822,392,-77.15725,0
27832,390,-77.43833,0
27842,396,-76.59508,0
27852,389,-77.57887,0
27862,387,-77.85995,0
27872,397,-76.45454,0
27882,391,-77.29779,0
27892,389,-77.57887,0
27902,388,-77.71941,0
27912,390,-77.43833,0
27922,389,-77.57887,0
27932,389,-77.57887,0
27942,392,-77.15725,0
27952,389,-77.57887,0
27962,392,-77.15725,0
27972,397,-76.45454,0
27982,393,-77.01671,0
27992,395,-76.73563,0
28002,393,-77.01671,0
28012,388,-77.71941,0
28022,389,-77.57887,0
28032,389,-77.57887,0
28042,386,-78.0005,0
28052,393,-77.01671,0
28062,386,-78.0005,0
28072,394,-76.87617,0
28082,393,-77.01671,0
28092,393,-77.01671,0
28102,389,-77.57887,0
28112,384,-78.28158,0
28122,389,-77.57887,0
28132,390,-77.43833,0
28142,389,-77.57887,0
28152,388,-77.71941,0
28162,389,-77.57887,0
28172,388,-77.71941,0
28182,393,-77.01671,0
28192,391,-77.29779,0
28202,387,-77.85995,0
28212,394,-76.87617,0
28222,386,-78.0005,0
28232,391,-77.29779,0
28242,393,-77.01671,0
28252,387,-77.85995,0
28262,387,-77.85995,0
28272,393,-77.01671,0
28282,392,-77.15725,0
28292,386,-78.0005,0
28302,388,-77.71941,0
28312,383,-78.42213,0
28322,380,-78.84375,0
28332,388,-77.71941,0
28342,394,-76.87617,0
28352,384,-78.28158,0
28362,391,-77.29779,0
28372,388,-77.71941,0
28382,389,-77.57887,0
28392,381,-78.7032,0
28402,389,-77.57887,0
28412,392,-77.15725,0
28422,386,-78.0005,0
28432,387,-77.85995,0
28442,388,-77.71941,0
28452,394,-76.87617,0
28462,395,-76.73563,0
28472,384,-78.28158,0
28482,383,-78.42213,0
28492,387,-77.85995,0
28502,387,-77.85995,0
28512,383,-78.42213,0
28522,390,-77.43833,0
28532,393,-77.01671,0
28542,391,-77.29779,0
28552,386,-78.0005,0
28562,393,-77.01671,0
28572,391,-77.29779,0
28582,389,-77.57887,0
28592,391,-77.29779,0
28602,387,-77.85995,0
28612,408,-74.90858,0
28622,465,-66.89773,0
28632,474,-65.63286,0
28642,479,-64.93015,0
28652,482,-64.50851,0
28662,480,-64.7896,0
28672,484,-64.22743,0
28682,484,-64.22743,0
28692,485,-64.0869,0
28702,487,-63.80581,0
28712,492,-63.1031,0
28722,489,-63.52473,0
28732,495,-62.68148,0
28742,495,-62.68148,0
28752,498,-62.25985,0
28762,494,-62.82202,0
28772,505,-61.27607,0
28782,502,-61.69769,0
28792,500,-61.97878,0
28802,503,-61.55715,0
28812,501,-61.83823,0
28822,514,-60.01119,0
28832,509,-60.71389,0
28842,514,-60.01119,0
28852,518,-59.44902,0
28862,517,-59.58957,0
28872,521,-59.0274,0
28882,518,-59.44902,0
28892,526,-58.3247,0
28902,524,-58.60578,0
28912,536,-56.91928,0
28922,531,-57.62199,0
28932,528,-58.04361,0
28942,527,-58.18415,0
28952,534,-57.20036,0
28962,527,-58.18415,0
28972,538,-56.6382,0
28982,535,-57.05983,0
28992,534,-57.20036,0
29002,535,-57.05983,0
29012,538,-56.6382,0
29022,538,-56.6382,0
29032,541,-56.21658,0
29042,549,-55.09224,0
29052,545,-55.65441,0
29062,554,-54.38954,0
29072,552,-54.67062,0
29082,550,-54.95169,0
29092,556,-54.10846,0
29102,552,-54.67062,0
29112,554,-54.38954,0
29122,557,-53.96791,0
29132,560,-53.54628,0
29142,557,-53.96791,0
29152,565,-52.84359,0
29162,564,-52.98412,0
29172,564,-52.98412,0
29182,567,-52.5625,0
29192,568,-52.42195,0
29202,564,-52.98412,0
29212,568,-52.42195,0
29222,579,-50.876,0
29232,581,-50.59491,0
29242,578,-51.01654,0
29252,582,-50.45437,0
29262,582,-50.45437,0
29272,588,-49.61113,0
29282,582,-50.45437,0
29292,583,-50.31384,0
29302,589,-49.47058,0
29312,590,-49.33004,0
29322,591,-49.1895,0
29332,597,-48.34626,0
29342,595,-48.62734,0
29352,595,-48.62734,0
29362,600,-47.92463,0
29372,601,-47.78408,0
29382,606,-47.08139,0
29392,608,-46.8003,0
29402,599,-48.06517,0
29412,609,-46.65975,0
29422,608,-46.8003,0
29432,609,-46.65975,0
29442,612,-46.23813,0
29452,608,-46.8003,0
29462,612,-46.23813,0
29472,614,-45.95705,0
29482,618,-45.39488,0
29492,620,-45.1138,0
29502,616,-45.67597,0
29512,619,-45.25434,0
29522,624,-44.55164,0
29532,620,-45.1138,0
29542,621,-44.97326,0
29552,628,-43.98947,0
29562,625,-44.41109,0
29572,629,-43.84893,0
29582,628,-43.98947,0
29592,634,-43.14622,0
29602,631,-43.56784,0
29612,637,-42.7246,0
29622,636,-42.86514,0
29632,644,-41.74081,0
29642,645,-41.60027,0
29652,643,-41.88134,0
29662,642,-42.02188,0
29672,644,-41.74081,0
29682,652,-40.61647,0
29692,649,-41.0381,0
29702,643,-41.88134,0
29712,652,-40.61647,0
29722,648,-41.17864,0
29732,655,-40.19485,0
29742,655,-40.19485,0
29752,647,-41.31918,0
29762,661,-39.3516,0
29772,664,-38.92997,0
29782,660,-39.49214,0
29792,669,-38.22727,0
29802,664,-38.92997,0
29812,662,-39.21106,0
29822,676,-37.24348,0
29832,667,-38.50835,0
29842,666,-38.6489,0
29852,668,-38.36781,0
29862,670,-38.08673,0
29872,677,-37.10294,0
29882,678,-36.96239,0
29892,675,-37.38402,0
29902,674,-37.52456,0
29912,677,-37.10294,0
29922,685,-35.97861,0
29932,682,-36.40022,0
29942,685,-35.97861,0
29952,680,-36.68131,0
29962,693,-34.85427,0
29972,687,-35.69753,0
29982,703,-33.44886,0
29992,694,-34.71374,0
30002,691,-35.13535,0
30012,696,-34.43266,0
30022,695,-34.5732,0
30032,693,-34.85427,0
30042,703,-33.44886,0
30052,700,-33.87048,0
30062,711,-32.32453,0
30072,701,-33.72994,0
30082,707,-32.8867,0
30092,707,-32.8867,0
30102,710,-32.46507,0
30112,708,-32.74615,0
30122,711,-32.32453,0
30132,712,-32.18399,0
30142,721,-30.91912,0
30152,716,-31.62183,0
30162,726,-30.21641,0
30172,725,-30.35696,0
30182,723,-30.63802,0
30192,728,-29.93533,0
30202,728,-29.93533,0
30212,725,-30.35696,0
30222,719,-31.2002,0
30232,729,-29.79478,0
30242,721,-30.91912,0
30252,732,-29.37315,0
30262,726,-30.21641,0
30272,737,-28.67046,0
30282,730,-29.65424,0
30292,731,-29.51369,0
30302,733,-29.23261,0
30312,732,-29.37315,0
30322,740,-28.24883,0
30332,738,-28.52991,0
30342,743,-27.8272,0
30352,738,-28.52991,0
30362,745,-27.54611,0
30372,745,-27.54611,0
30382,744,-27.68666,0
30392,743,-27.8272,0
30402,744,-27.68666,0
30412,753,-26.42179,0
30422,744,-27.68666,0
30432,752,-26.56233,0
30442,750,-26.84341,0
30452,748,-27.1245,0
30462,751,-26.70287,0
30472,759,-25.57854,0
30482,749,-26.98395,0
30492,755,-26.1407,0
30502,760,-25.438,0
30512,759,-25.57854,0
30522,767,-24.45421,0
30532,762,-25.15692,0
30542,763,-25.01637,0
30552,768,-24.31367,0
30562,769,-24.17313,0
30572,770,-24.03259,0
30582,766,-24.59476,0
30592,771,-23.89204,0
30602,772,-23.7515,0
30612,770,-24.03259,0
30622,774,-23.47041,0
30632,780,-22.62717,0
30642,779,-22.76772,0
30652,779,-22.76772,0
30662,779,-22.76772,0
30672,779,-22.76772,0
30682,783,-22.20554,0
30692,782,-22.34608,0
30702,784,-22.065,0
30712,785,-21.92446,0
30722,789,-21.3623,0
30732,786,-21.78392,0
30742,786,-21.78392,0
30752,788,-21.50285,0
30762,789,-21.3623,0
30772,795,-20.51904,0
30782,800,-19.81634,0
30792,792,-20.94067,0
30802,789,-21.3623,0
30812,791,-21.08121,0
30822,800,-19.81634,0
30832,799,-19.95688,0
30842,802,-19.53526,0
30852,796,-20.37851,0
30862,802,-19.53526,0
30872,800,-19.81634,0
30882,798,-20.09743,0
30892,801,-19.6758,0
30902,808,-18.69201,0
30912,800,-19.81634,0
30922,806,-18.97309,0
30932,810,-18.41093,0
30942,805,-19.11362,0
30952,809,-18.55147,0
30962,811,-18.27039,0
30972,820,-17.00552,0
30982,809,-18.55147,0
30992,810,-18.41093,0
31002,815,-17.70821,0
31012,817,-17.42713,0
31022,825,-16.3028,0
31032,816,-17.56767,0
31042,818,-17.2866,0
31052,815,-17.70821,0
31062,821,-16.86497,0
31072,829,-15.74065,0
31082,825,-16.3028,0
31092,820,-17.00552,0
31102,819,-17.14606,0
31112,832,-15.31902,0
31122,827,-16.02172,0
31132,825,-16.3028,0
31142,832,-15.31902,0
31152,829,-15.74065,0
31162,837,-14.61631,0
31172,837,-14.61631,0
31182,844,-13.63252,0
31192,838,-14.47577,0
31202,841,-14.05414,0
31212,834,-15.03793,0
31222,839,-14.33523,0
31232,846,-13.35143,0
31242,845,-13.49197,0
31252,847,-13.2109,0
31262,837,-14.61631,0
31272,841,-14.05414,0
31282,840,-14.19468,0
31292,845,-13.49197,0
31302,845,-13.49197,0
31312,844,-13.63252,0
31322,845,-13.49197,0
31332,857,-11.80549,0
31342,842,-13.9136,0
31352,848,-13.07036,0
31362,850,-12.78927,0
31372,850,-12.78927,0
31382,847,-13.2109,0
31392,858,-11.66493,0
31402,868,-10.25952,0
31412,853,-12.36765,0
31422,857,-11.80549,0
31432,864,-10.82169,0
31442,863,-10.96223,0
31452,860,-11.38386,0
31462,867,-10.40006,0
31472,862,-11.10278,0
31482,858,-11.66493,0
31492,860,-11.38386,0
31502,869,-10.11898,0
31512,868,-10.25952,0
31522,868,-10.25952,0
31532,870,-9.978447,0
31542,867,-10.40006,0
31552,868,-10.25952,0
31562,878,-8.854111,0
31572,871,-9.837906,0
31582,870,-9.978447,0
31592,876,-9.135193,0
31602,873,-9.556808,0
31612,876,-9.135193,0
31622,873,-9.556808,0
31632,872,-9.69735,0
31642,871,-9.837906,0
31652,862,-11.10278,0
31662,874,-9.416275,0
31672,872,-9.69735,0
31682,874,-9.416275,0
31692,875,-9.275734,0
31702,891,-7.027069,0
31712,872,-9.69735,0
31722,873,-9.556808,0
31732,881,-8.43248,0
31742,882,-8.291939,0
31752,872,-9.69735,0
31762,880,-8.573029,0
31772,885,-7.870323,0
31782,884,-8.010857,0
31792,880,-8.573029,0
31802,885,-7.870323,0
31812,877,-8.994652,0
31822,885,-7.870323,0
31832,893,-6.745987,0
31842,880,-8.573029,0
31852,882,-8.291939,0
31862,890,-7.16761,0
31872,888,-7.4487,0
31882,897,-6.183815,0
31892,888,-7.4487,0
31902,893,-6.745987,0
31912,889,-7.308159,0
31922,891,-7.027069,0
31932,893,-6.745987,0
31942,892,-6.886528,0
31952,892,-6.886528,0
31962,892,-6.886528,0
31972,894,-6.605446,0
31982,891,-7.027069,0
31992,900,-5.762199,0
32002,899,-5.902733,0
32012,896,-6.324356,0
32022,894,-6.605446,0
32032,895,-6.464897,0
32042,898,-6.043289,0
32052,897,-6.183815,0
32062,895,-6.464897,0
32072,900,-5.762199,0
32082,899,-5.902733,0
32092,902,-5.481117,0
32102,902,-5.481117,0
32112,901,-5.621658,0
32122,898,-6.043289,0
32132,907,-4.778404,0
32142,897,-6.183815,0
32152,903,-5.340576,0
32162,901,-5.621658,0
32172,897,-6.183815,0
32182,899,-5.902733,0
32192,909,-4.497322,0
32202,904,-5.200027,0
32212,912,-4.075706,0
32222,908,-4.637863,0
32232,918,-3.23246,0
32242,915,-3.654068,0
32252,910,-4.356781,0
32262,909,-4.497322,0
32272,908,-4.637863,0
32282,911,-4.216248,0
32292,908,-4.637863,0
32302,918,-3.23246,0
32312,920,-2.951378,0
32322,916,-3.513542,0
32332,911,-4.216248,0
32342,914,-3.794617,0
32352,920,-2.951378,0
32362,911,-4.216248,0
32372,913,-3.93515,0
32382,912,-4.075706,0
32392,913,-3.93515,0
32402,911,-4.216248,0
32412,922,-2.670273,0
32422,913,-3.93515,0
32432,914,-3.794617,0
32442,914,-3.794617,0
32452,913,-3.93515,0
32462,915,-3.654068,0
32472,924,-2.389198,0
32482,914,-3.794617,0
32492,918,-3.23246,0
32502,921,-2.810829,0
32512,921,-2.810829,0
32522,922,-2.670273,0
32532,926,-2.108116,0
32542,918,-3.23246,0
32552,926,-2.108116,0
32562,930,-1.545952,0
32572,920,-2.951378,0
32582,924,-2.389198,0
32592,921,-2.810829,0
32602,924,-2.389198,0
32612,919,-3.091904,0
32622,924,-2.389198,0
32632,938,-0.421631,0
32642,928,-1.827034,0
32652,929,-1.686508,0
32662,930,-1.545952,0
32672,924,-2.389198,0
32682,926,-2.108116,0
32692,925,-2.248665,0
32702,930,-1.545952,0
32712,921,-2.810829,0
32722,926,-2.108116,0
32732,929,-1.686508,0
32742,934,-0.983795,0
32752,930,-1.545952,0
32762,933,-1.124321,0
32772,925,-2.248665,0
32782,933,-1.124321,0
32792,928,-1.827034,0
32802,934,-0.983795,0
32812,929,-1.686508,0
32822,929,-1.686508,0
32832,926,-2.108116,0
32842,931,-1.405403,0
32852,929,-1.686508,0
32862,927,-1.96756,0
32872,924,-2.389198,0
32882,929,-1.686508,0
32892,930,-1.545952,0
32902,941,0,0
32912,927,-1.96756,0
32922,932,-1.264877,0
32932,930,-1.545952,0
32942,932,-1.264877,0
32952,934,-0.983795,0
32962,927,-1.96756,0
32972,929,-1.686508,0
32982,927,-1.96756,0
32992,928,-1.827034,0
33002,932,-1.264877,0
33012,931,-1.405403,0
33022,933,-1.124321,0
33032,930,-1.545952,0
33042,927,-1.96756,0
33052,928,-1.827034,0
33062,942,0.140549,0
33072,931,-1.405403,0
33082,944,0.421631,0
33092,938,-0.421631,0
33102,942,0.140549,0
33112,941,0,0
33122,929,-1.686508,0
33132,935,-0.843246,0
33142,931,-1.405403,0
33152,931,-1.405403,0
33162,932,-1.264877,0
33172,936,-0.70269,0
33182,940,-0.140533,0
33192,936,-0.70269,0
33202,941,0,0
33212,941,0,0
33222,931,-1.405403,0
33232,935,-0.843246,0
33242,944,0.421631,0
33252,944,0.421631,0
33262,936,-0.70269,0
33272,935,-0.843246,0
33282,938,-0.421631,0
33292,931,-1.405403,0
33302,939,-0.281082,0
33312,937,-0.562164,0
33322,933,-1.124321,0
33332,944,0.421631,0
33342,939,-0.281082,0
33352,936,-0.70269,0
33362,948,0.983788,0
33372,936,-0.70269,0
33382,938,-0.421631,0
33392,934,-0.983795,0
33402,937,-0.562164,0
33412,935,-0.843246,0
33422,939,-0.281082,0
33432,937,-0.562164,0
33442,937,-0.562164,0
33452,940,-0.140533,0
33462,944,0.421631,0
33472,929,-1.686508,0
33482,943,0.281075,0
33492,939,-0.281082,0
33502,940,-0.140533,0
33512,937,-0.562164,0
33522,941,0,0
33532,948,0.983788,0
33542,949,1.124344,0
33552,946,0.702705,0
33562,945,0.56218,0
33572,937,-0.562164,0
33582,943,0.281075,0
33592,940,-0.140533,0
33602,943,0.281075,0
33612,941,0,0
33622,936,-0.70269,0
33632,935,-0.843246,0
33642,941,0,0
33652,941,0,0
33662,930,-1.545952,0
33672,937,-0.562164,0
33682,946,0.702705,0
33692,938,-0.421631,0
33702,941,0,0
33712,938,-0.421631,0
33722,939,-0.281082,0
33732,941,0,0
33742,935,-0.843246,0
33752,936,-0.70269,0
33762,946,0.702705,0
33772,945,0.56218,0
33782,938,-0.421631,0
33792,948,0.983788,0
33802,948,0.983788,0
33812,947,0.843262,0
33822,947,0.843262,0
33832,937,-0.562164,0
33842,936,-0.70269,0
33852,944,0.421631,0
33862,943,0.281075,0
33872,938,-0.421631,0
33882,951,1.405418,0
33892,948,0.983788,0
33902,951,1.405418,0
33912,938,-0.421631,0
33922,940,-0.140533,0
33932,938,-0.421631,0
33942,942,0.140549,0
33952,939,-0.281082,0
33962,944,0.421631,0
33972,946,0.702705,0
33982,947,0.843262,0
33992,940,-0.140533,0
34002,940,-0.140533,0
34012,944,0.421631,0
34022,939,-0.281082,0
34032,941,0,0
34042,942,0.140549,0
34052,938,-0.421631,0
34062,942,0.140549,0
34072,937,-0.562164,0
34082,942,0.140549,0
34092,940,-0.140533,0
34102,946,0.702705,0
34112,950,1.26487,0
34122,942,0.140549,0
34132,950,1.26487,0
34142,939,-0.281082,0
34152,938,-0.421631,0
34162,938,-0.421631,0
34172,943,0.281075,0
34182,943,0.281075,0
34192,938,-0.421631,0
34202,944,0.421631,0
34212,939,-0.281082,0
34222,943,0.281075,0
34232,947,0.843262,0
34242,937,-0.562164,0
34252,940,-0.140533,0
34262,944,0.421631,0
34272,945,0.56218,0
34282,941,0,0
34292,942,0.140549,0
34302,947,0.843262,0
34312,943,0.281075,0
34322,941,0,0
34332,940,-0.140533,0
34342,939,-0.281082,0
34352,943,0.281075,0
34362,947,0.843262,0
34372,942,0.140549,0
34382,950,1.26487,0
34392,951,1.405418,0
34402,939,-0.281082,0
34412,937,-0.562164,0
34422,941,0,0
34432,947,0.843262,0
34442,938,-0.421631,0
34452,948,0.983788,0
34462,946,0.702705,0
34472,951,1.405418,0
34482,946,0.702705,0
34492,944,0.421631,0
34502,945,0.56218,0
34512,943,0.281075,0
34522,937,-0.562164,0
34532,950,1.26487,0
34542,939,-0.281082,0
34552,941,0,0
34562,946,0.702705,0
34572,943,0.281075,0
34582,944,0.421631,0
34592,934,-0.983795,0
34602,937,-0.562164,0
34612,936,-0.70269,0
34622,942,0.140549,0
34632,946,0.702705,0
34642,948,0.983788,0
34652,953,1.686501,0
34662,942,0.140549,0
34672,940,-0.140533,0
34682,938,-0.421631,0
34692,936,-0.70269,0
34702,943,0.281075,0
34712,944,0.421631,0
34722,937,-0.562164,0
34732,947,0.843262,0
34742,954,1.827049,0
34752,937,-0.562164,0
34762,951,1.405418,0
34772,939,-0.281082,0
34782,939,-0.281082,0
34792,946,0.702705,0
34802,943,0.281075,0
34812,942,0.140549,0
34822,937,-0.562164,0
34832,940,-0.140533,0
34842,939,-0.281082,0
34852,945,0.56218,0
34862,941,0,0
34872,942,0.140549,0
34882,958,2.389214,0
34892,943,0.281075,0
34902,940,-0.140533,0
34912,939,-0.281082,0
34922,951,1.405418,0
34932,943,0.281075,0
34942,936,-0.70269,0
34952,939,-0.281082,0
34962,947,0.843262,0
34972,951,1.405418,0
34982,944,0.421631,0
34992,949,1.124344,0
35002,944,0.421631,0
35012,937,-0.562164,0
35022,948,0.983788,0
35032,941,0,0
35042,945,0.56218,0
35052,935,-0.843246,0
35062,945,0.56218,0
35072,945,0.56218,0
35082,941,0,0
35092,939,-0.281082,0
35102,948,0.983788,0
35112,950,1.26487,0
35122,941,0,0
35132,950,1.26487,0
35142,944,0.421631,0
35152,937,-0.562164,0
35162,939,-0.281082,0
35172,941,0,0
35182,940,-0.140533,0
35192,942,0.140549,0
35202,943,0.281075,0
35212,941,0,0
35222,942,0.140549,0
35232,944,0.421631,0
35242,943,0.281075,0
35252,937,-0.562164,0
35262,942,0.140549,0
35272,941,0,0
35282,941,0,0
35292,940,-0.140533,0
35302,940,-0.140533,0
35312,941,0,0
35322,944,0.421631,0
35332,958,2.389214,0
35342,945,0.56218,0
35352,957,2.248657,0
35362,937,-0.562164,0
35372,942,0.140549,0
35382,945,0.56218,0
35392,942,0.140549,0
35402,942,0.140549,0
35412,940,-0.140533,0
35422,942,0.140549,0
35432,939,-0.281082,0
35442,942,0.140549,0
35452,942,0.140549,0
35462,942,0.140549,0
35472,943,0.281075,0
35482,953,1.686501,0
35492,940,-0.140533,0
35502,944,0.421631,0
35512,947,0.843262,0
35522,943,0.281075,0
35532,952,1.545952,0
35542,942,0.140549,0
35552,951,1.405418,0
35562,956,2.108131,0
35572,948,0.983788,0
35582,950,1.26487,0
35592,939,-0.281082,0
35602,953,1.686501,0
35612,938,-0.421631,0
35622,945,0.56218,0
35632,942,0.140549,0
35642,942,0.140549,0
35652,938,-0.421631,0
35662,943,0.281075,0
35672,939,-0.281082,0
35682,941,0,0
35692,938,-0.421631,0
35702,939,-0.281082,0
35712,938,-0.421631,0
35722,944,0.421631,0
35732,936,-0.70269,0
35742,935,-0.843246,0
35752,938,-0.421631,0
35762,946,0.702705,0
35772,937,-0.562164,0
35782,939,-0.281082,0
35792,942,0.140549,0
35802,943,0.281075,0
35812,946,0.702705,0
35822,945,0.56218,0
35832,941,0,0
35842,940,-0.140533,0
35852,938,-0.421631,0
35862,939,-0.281082,0
35872,952,1.545952,0
35882,941,0,0
35892,943,0.281075,0
35902,945,0.56218,0
35912,938,-0.421631,0
35922,940,-0.140533,0
35932,938,-0.421631,0
35942,938,-0.421631,0
35952,940,-0.140533,0
35962,944,0.421631,0
35972,945,0.56218,0
35982,949,1.124344,0
35992,946,0.702705,0
36002,946,0.702705,0
36012,946,0.702705,0
36022,940,-0.140533,0
36032,950,1.26487,0
36042,942,0.140549,0
36052,952,1.545952,0
36062,941,0,0
36072,940,-0.140533,0
36082,943,0.281075,0
36092,933,-1.124321,0
36102,940,-0.140533,0
36112,945,0.56218,0
36122,951,1.405418,0
36132,945,0.56218,0
36142,949,1.124344,0
36152,958,2.389214,0
36162,944,0.421631,0
36172,942,0.140549,0
36182,944,0.421631,0
36192,943,0.281075,0
36202,937,-0.562164,0
36212,944,0.421631,0
36222,940,-0.140533,0
36232,943,0.281075,0
36242,946,0.702705,0
36252,940,-0.140533,0
36262,943,0.281075,0
36272,939,-0.281082,0
36282,948,0.983788,0
36292,945,0.56218,0
36302,938,-0.421631,0
36312,946,0.702705,0
36322,951,1.405418,0
36332,949,1.124344,0
36342,937,-0.562164,0
36352,958,2.389214,0
36362,944,0.421631,0
36372,947,0.843262,0
36382,955,1.967583,0
36392,945,0.56218,0
36402,946,0.702705,0
36412,938,-0.421631,0
36422,940,-0.140533,0
36432,942,0.140549,0
36442,937,-0.562164,0
36452,949,1.124344,0
36462,951,1.405418,0
36472,954,1.827049,0
36482,945,0.56218,0
36492,943,0.281075,0
36502,949,1.124344,0
36512,940,-0.140533,0
36522,942,0.140549,0
36532,943,0.281075,0
36542,945,0.56218,0
36552,949,1.124344,0
36562,949,1.124344,0
36572,943,0.281075,0
36582,946,0.702705,0
36592,942,0.140549,0
36602,945,0.56218,0
36612,949,1.124344,0
36622,949,1.124344,0
36632,933,-1.124321,0
36642,938,-0.421631,0
36652,945,0.56218,0
36662,949,1.124344,0
36672,946,0.702705,0
36682,945,0.56218,0
36692,946,0.702705,0
36702,942,0.140549,0
36712,939,-0.281082,0
36722,939,-0.281082,0
36732,942,0.140549,0
36742,941,0,0
36752,946,0.702705,0
36762,950,1.26487,0
36772,954,1.827049,0
36782,934,-0.983795,0
36792,937,-0.562164,0
36802,941,0,0
36812,944,0.421631,0
36822,940,-0.140533,0
36832,944,0.421631,0
36842,935,-0.843246,0
36852,951,1.405418,0
36862,936,-0.70269,0
36872,943,0.281075,0
36882,941,0,0
36892,942,0.140549,0
36902,942,0.140549,0
36912,940,-0.140533,0
36922,941,0,0
36932,938,-0.421631,0
36942,942,0.140549,0
36952,947,0.843262,0
36962,941,0,0
36972,941,0,0
36982,952,1.545952,0
36992,942,0.140549,0
37002,945,0.56218,0
37012,949,1.124344,0
37022,944,0.421631,0
37032,939,-0.281082,0
37042,947,0.843262,0
37052,953,1.686501,0
37062,943,0.281075,0
37072,940,-0.140533,0
37082,947,0.843262,0
37092,942,0.140549,0
37102,950,1.26487,0
37112,943,0.281075,0
37122,948,0.983788,0
37132,946,0.702705,0
37142,942,0.140549,0
37152,938,-0.421631,0
37162,945,0.56218,0
37172,953,1.686501,0
37182,945,0.56218,0
37192,948,0.983788,0
37202,952,1.545952,0
37212,945,0.56218,0
37222,947,0.843262,0
37232,955,1.967583,0
37242,944,0.421631,0
37252,939,-0.281082,0
37262,936,-0.70269,0
37272,944,0.421631,0
37282,940,-0.140533,0
37292,941,0,0
37302,943,0.281075,0
37312,939,-0.281082,0
37322,939,-0.281082,0
37332,951,1.405418,0
37342,938,-0.421631,0
37352,944,0.421631,0
37362,940,-0.140533,0
37372,942,0.140549,0
37382,946,0.702705,0
37392,942,0.140549,0
37402,950,1.26487,0
37412,943,0.281075,0
37422,938,-0.421631,0
37432,947,0.843262,0
37442,950,1.26487,0
37452,944,0.421631,0
37462,944,0.421631,0
37472,947,0.843262,0
37482,951,1.405418,0
37492,945,0.56218,0
37502,949,1.124344,0
37512,944,0.421631,0
37522,942,0.140549,0
37532,948,0.983788,0
37542,943,0.281075,0
37552,947,0.843262,0
37562,949,1.124344,0
37572,949,1.124344,0
37582,949,1.124344,0
37592,942,0.140549,0
37602,952,1.545952,0
37612,945,0.56218,0
37622,940,-0.140533,0
37632,942,0.140549,0
37642,942,0.140549,0
37652,942,0.140549,0
37662,942,0.140549,0
37672,947,0.843262,0
37682,938,-0.421631,0
37692,945,0.56218,0
37702,938,-0.421631,0
37712,940,-0.140533,0
37722,945,0.56218,0
37732,941,0,0
37742,941,0,0
37752,951,1.405418,0
37762,942,0.140549,0
37772,937,-0.562164,0
37782,941,0,0
37792,940,-0.140533,0
37802,949,1.124344,0
37812,945,0.56218,0
37822,942,0.140549,0
37832,942,0.140549,0
37842,939,-0.281082,0
37852,940,-0.140533,0
37862,943,0.281075,0
37872,944,0.421631,0
37882,947,0.843262,0
37892,940,-0.140533,0
37902,943,0.281075,0
37912,948,0.983788,0
37922,947,0.843262,0
37932,942,0.140549,0
37942,947,0.843262,0
37952,940,-0.140533,0
37962,941,0,0
37972,942,0.140549,0
37982,944,0.421631,0
37992,943,0.281075,0
38002,942,0.140549,0
38012,949,1.124344,0
38022,948,0.983788,0
38032,946,0.702705,0
38042,942,0.140549,0
38052,930,-1.545952,0
38062,951,1.405418,0
38072,953,1.686501,0
38082,944,0.421631,0
38092,939,-0.281082,0
38102,941,0,0
38112,938,-0.421631,0
38122,948,0.983788,0
38132,944,0.421631,0
38142,942,0.140549,0
38152,949,1.124344,0
38162,958,2.389214,0
38172,954,1.827049,0
38182,946,0.702705,0
38192,944,0.421631,0
38202,941,0,0
38212,942,0.140549,0
38222,943,0.281075,0
38232,935,-0.843246,0
38242,947,0.843262,0
38252,942,0.140549,0
38262,945,0.56218,0
38272,939,-0.281082,0
38282,953,1.686501,0
38292,946,0.702705,0
38302,939,-0.281082,0
38312,938,-0.421631,0
38322,946,0.702705,0
38332,939,-0.281082,0
38342,943,0.281075,0
38352,949,1.124344,0
38362,943,0.281075,0
38372,952,1.545952,0
38382,938,-0.421631,0
38392,947,0.843262,0
38402,946,0.702705,0
38412,946,0.702705,0
38422,940,-0.140533,0
38432,942,0.140549,0
38442,946,0.702705,0
38452,940,-0.140533,0
38462,946,0.702705,0
38472,941,0,0
38482,944,0.421631,0
38492,947,0.843262,0
38502,952,1.545952,0
38512,953,1.686501,0
38522,939,-0.281082,0
38532,945,0.56218,0
38542,937,-0.562164,0
38552,946,0.702705,0
38562,947,0.843262,0
38572,943,0.281075,0
38582,939,-0.281082,0
38592,938,-0.421631,0
38602,944,0.421631,0
38612,946,0.702705,0
38622,948,0.983788,0
38632,942,0.140549,0
38642,936,-0.70269,0
38652,946,0.702705,0
38662,954,1.827049,0
38672,948,0.983788,0
38682,945,0.56218,0
38692,942,0.140549,0
38702,947,0.843262,0
38712,951,1.405418,0
38722,954,1.827049,0
38732,950,1.26487,0
38742,945,0.56218,0
38752,943,0.281075,0
38762,939,-0.281082,0
38772,944,0.421631,0
38782,946,0.702705,0
38792,950,1.26487,0
38802,952,1.545952,0
38812,942,0.140549,0
38822,949,1.124344,0
38832,939,-0.281082,0
38842,938,-0.421631,0
38852,945,0.56218,0
38862,943,0.281075,0
38872,941,0,0
38882,941,0,0
38892,943,0.281075,0
38902,940,-0.140533,0
38912,948,0.983788,0
38922,944,0.421631,0
38932,948,0.983788,0
38942,941,0,0
38952,948,0.983788,0
38962,934,-0.983795,0
38972,941,0,0
38982,945,0.56218,0
38992,952,1.545952,0
39002,950,1.26487,0
39012,950,1.26487,0
39022,942,0.140549,0
39032,945,0.56218,0
39042,941,0,0
39052,953,1.686501,0
39062,940,-0.140533,0
39072,941,0,0
39082,948,0.983788,0
39092,938,-0.421631,0
39102,953,1.686501,0
39112,943,0.281075,0
39122,941,0,0
39132,946,0.702705,0
39142,939,-0.281082,0
39152,950,1.26487,0
39162,935,-0.843246,0
39172,955,1.967583,0
39182,948,0.983788,0
39192,943,0.281075,0
39202,942,0.140549,0
39212,936,-0.70269,0
39222,941,0,0
39232,943,0.281075,0
39242,938,-0.421631,0
39252,938,-0.421631,0
39262,943,0.281075,0
39272,942,0.140549,0
39282,950,1.26487,0
39292,936,-0.70269,0
39302,950,1.26487,0
39312,944,0.421631,0
39322,947,0.843262,0
39332,936,-0.70269,0
39342,938,-0.421631,0
39352,956,2.108131,0
39362,946,0.702705,0
39372,940,-0.140533,0
39382,942,0.140549,0
39392,941,0,0
39402,947,0.843262,0
39412,943,0.281075,0
39422,949,1.124344,0
39432,954,1.827049,0
39442,951,1.405418,0
39452,950,1.26487,0
39462,947,0.843262,0
39472,953,1.686501,0
39482,942,0.140549,0
39492,942,0.140549,0
39502,940,-0.140533,0
39512,947,0.843262,0
39522,942,0.140549,0
39532,944,0.421631,0
39542,951,1.405418,0
39552,945,0.56218,0
39562,950,1.26487,0
39572,942,0.140549,0
39582,933,-1.124321,0
39592,943,0.281075,0
39602,938,-0.421631,0
39612,944,0.421631,0
39622,946,0.702705,0
39632,950,1.26487,0
39642,951,1.405418,0
39652,934,-0.983795,0
39662,946,0.702705,0
39672,941,0,0
39682,937,-0.562164,0
39692,942,0.140549,0
39702,941,0,0
39712,938,-0.421631,0
39722,944,0.421631,0
39732,944,0.421631,0
39742,953,1.686501,0
39752,947,0.843262,0
39762,950,1.26487,0
39772,943,0.281075,0
39782,945,0.56218,0
39792,942,0.140549,0
39802,944,0.421631,0
39812,941,0,0
39822,946,0.702705,0
39832,943,0.281075,0
39842,937,-0.562164,0
39852,943,0.281075,0
39862,941,0,0
39872,944,0.421631,0
39882,941,0,0
39892,937,-0.562164,0
39902,941,0,0
39912,945,0.56218,0
39922,940,-0.140533,0
39932,935,-0.843246,0
39942,941,0,0
39952,937,-0.562164,0
39962,938,-0.421631,0
39972,949,1.124344,0
39982,946,0.702705,0
39992,943,0.281075,0
40002,942,0.140549,0
40012,950,1.26487,0
40022,939,-0.281082,0
40032,934,-0.983795,0
40042,940,-0.140533,0
40052,946,0.702705,0
40062,940,-0.140533,0
40072,944,0.421631,0
40082,940,-0.140533,0
40092,949,1.124344,0
40102,942,0.140549,0
40112,941,0,0
40122,953,1.686501,0
40132,949,1.124344,0
40142,951,1.405418,0
40152,949,1.124344,0
40162,957,2.248657,0
40172,945,0.56218,0
40182,939,-0.281082,0
40192,943,0.281075,0
40202,943,0.281075,0
40212,943,0.281075,0
40222,942,0.140549,0
40232,938,-0.421631,0
40242,945,0.56218,0
40252,951,1.405418,0
40262,946,0.702705,0
40272,938,-0.421631,0
40282,930,-1.545952,0
40292,942,0.140549,0
40302,937,-0.562164,0
40312,946,0.702705,0
40322,938,-0.421631,0
40332,942,0.140549,0
40342,944,0.421631,0
40352,945,0.56218,0
40362,940,-0.140533,0
40372,942,0.140549,0
40382,940,-0.140533,0
40392,941,0,0
40402,938,-0.421631,0
40412,937,-0.562164,0
40422,943,0.281075,0
40432,938,-0.421631,0
40442,938,-0.421631,0
40452,947,0.843262,0
40462,944,0.421631,0
40472,943,0.281075,0
40482,943,0.281075,0
40492,943,0.281075,0
40502,941,0,0
40512,947,0.843262,0
40522,944,0.421631,0
40532,940,-0.140533,0
40542,939,-0.281082,0
40552,938,-0.421631,0
40562,940,-0.140533,0
40572,936,-0.70269,0
40582,939,-0.281082,0
40592,945,0.56218,0
40602,942,0.140549,0
40612,942,0.140549,0
40622,938,-0.421631,0
40632,944,0.421631,0
40642,942,0.140549,0
40652,940,-0.140533,0
40662,953,1.686501,0
40672,939,-0.281082,0
40682,943,0.281075,0
40692,946,0.702705,0
40702,942,0.140549,0
40712,951,1.405418,0
40722,952,1.545952,0
40732,940,-0.140533,0
40742,945,0.56218,0
40752,942,0.140549,0
40762,942,0.140549,0
40772,938,-0.421631,0
40782,941,0,0
40792,939,-0.281082,0
40802,936,-0.70269,0
40812,941,0,0
40822,941,0,0
40832,933,-1.124321,0
40842,944,0.421631,0
40852,945,0.56218,0
40862,945,0.56218,0
40872,943,0.281075,0
40882,939,-0.281082,0
40892,942,0.140549,0
40902,936,-0.70269,0
40912,943,0.281075,0
40922,944,0.421631,0
40932,943,0.281075,0
40942,944,0.421631,0
40952,938,-0.421631,0
40962,941,0,0
40972,946,0.702705,0
40982,941,0,0
40992,937,-0.562164,0
41002,954,1.827049,0
41012,941,0,0
41022,943,0.281075,0
41032,939,-0.281082,0
41042,940,-0.140533,0
41052,946,0.702705,0
41062,939,-0.281082,0
41072,945,0.56218,0
41082,947,0.843262,0
41092,955,1.967583,0
41102,943,0.281075,0
41112,941,0,0
41122,947,0.843262,0
41132,938,-0.421631,0
41142,935,-0.843246,0
41152,940,-0.140533,0
41162,936,-0.70269,0
41172,949,1.124344,0
41182,946,0.702705,0
41192,950,1.26487,0
41202,951,1.405418,0
41212,945,0.56218,0
41222,938,-0.421631,0
41232,942,0.140549,0
41242,944,0.421631,0
41252,942,0.140549,0
41262,941,0,0
41272,949,1.124344,0
41282,945,0.56218,0
41292,946,0.702705,0
41302,948,0.983788,0
41312,948,0.983788,0
41322,958,2.389214,0
41332,934,-0.983795,0
41342,943,0.281075,0
41352,940,-0.140533,0
41362,944,0.421631,0
41372,939,-0.281082,0
41382,939,-0.281082,0
41392,950,1.26487,0
41402,950,1.26487,0
41412,941,0,0
41422,944,0.421631,0
41432,942,0.140549,0
41442,943,0.281075,0
41452,943,0.281075,0
41462,942,0.140549,0
41472,952,1.545952,0
41482,933,-1.124321,0
41492,937,-0.562164,0
41502,937,-0.562164,0
41512,943,0.281075,0
41522,946,0.702705,0
41532,954,1.827049,0
41542,947,0.843262,0
41552,945,0.56218,0
41562,942,0.140549,0
41572,941,0,0
41582,940,-0.140533,0
41592,939,-0.281082,0
41602,948,0.983788,0
41612,947,0.843262,0
41622,948,0.983788,0
41632,941,0,0
41642,949,1.124344,0
41652,945,0.56218,0
41662,948,0.983788,0
41672,945,0.56218,0
41682,947,0.843262,0
41692,937,-0.562164,0
41702,946,0.702705,0
41712,941,0,0
41722,949,1.124344,0
41732,955,1.967583,0
41742,947,0.843262,0
41752,944,0.421631,0
41762,942,0.140549,0
41772,938,-0.421631,0
41782,937,-0.562164,0
41792,941,0,0
41802,944,0.421631,0
41812,942,0.140549,0
41822,937,-0.562164,0
41832,941,0,0
41842,948,0.983788,0
41852,946,0.702705,0
41862,943,0.281075,0
41872,948,0.983788,0
41882,940,-0.140533,0
41892,948,0.983788,0
41902,942,0.140549,0
41912,944,0.421631,0
41922,938,-0.421631,0
41932,940,-0.140533,0
41942,936,-0.70269,0
41952,936,-0.70269,0
41962,934,-0.983795,0
41972,934,-0.983795,0
41982,944,0.421631,0
41992,943,0.281075,0
42002,941,0,0
42012,939,-0.281082,0
42022,943,0.281075,0
42032,944,0.421631,0
42042,942,0.140549,0
42052,947,0.843262,0
42062,940,-0.140533,0
42072,951,1.405418,0
42082,938,-0.421631,0
42092,944,0.421631,0
42102,941,0,0
42112,941,0,0
42122,946,0.702705,0
42132,942,0.140549,0
42142,942,0.140549,0
42152,945,0.56218,0
42162,941,0,0
42172,950,1.26487,0
42182,951,1.405418,0
42192,944,0.421631,0
42202,944,0.421631,0
42212,941,0,0
42222,943,0.281075,0
42232,941,0,0
42242,936,-0.70269,0
42252,944,0.421631,0
42262,938,-0.421631,0
42272,939,-0.281082,0
42282,937,-0.562164,0
42292,942,0.140549,0
42302,942,0.140549,0
42312,941,0,0
42322,949,1.124344,0
42332,938,-0.421631,0
42342,947,0.843262,0
42352,944,0.421631,0
42362,941,0,0
42372,952,1.545952,0
42382,943,0.281075,0
42392,945,0.56218,0
42402,943,0.281075,0
42412,943,0.281075,0
42422,947,0.843262,0
42432,946,0.702705,0
42442,943,0.281075,0
42452,942,0.140549,0
42462,946,0.702705,0
42472,953,1.686501,0
42482,942,0.140549,0
42492,935,-0.843246,0
42502,943,0.281075,0
42512,942,0.140549,0
42522,953,1.686501,0
42532,942,0.140549,0
42542,955,1.967583,0
42552,953,1.686501,1
42562,946,0.702705,1
42572,951,1.405418,1
42582,936,-0.70269,1
42592,940,-0.140533,1
42602,938,-0.421631,1
42612,942,0.140549,1
42622,938,-0.421631,1
42632,938,-0.421631,1
42642,950,1.26487,1
42652,947,0.843262,1
42662,954,1.827049,1
42672,948,0.983788,1
42682,946,0.702705,1
42692,942,0.140549,1
42702,948,0.983788,1
42712,942,0.140549,1
42722,947,0.843262,1
42732,939,-0.281082,1
42742,939,-0.281082,1
42752,945,0.56218,1
42762,942,0.140549,1
42772,940,-0.140533,1
42782,954,1.827049,1
42792,939,-0.281082,1
42802,941,0,1
42812,944,0.421631,1
42822,941,0,1
42832,940,-0.140533,1
42842,941,0,1
42852,934,-0.983795,1
42862,941,0,1
42872,942,0.140549,1
42882,942,0.140549,1
42892,948,0.983788,1
42902,936,-0.70269,1
42912,941,0,1
42922,938,-0.421631,1
42932,942,0.140549,1
42942,949,1.124344,1
42952,947,0.843262,1
42962,963,3.091927,1
42972,938,-0.421631,1
42982,945,0.56218,1
42992,945,0.56218,1
43002,946,0.702705,1
43012,940,-0.140533,1
43022,940,-0.140533,1
43032,937,-0.562164,1
43042,939,-0.281082,1
43052,949,1.124344,1
43062,953,1.686501,1
43072,940,-0.140533,1
43082,948,0.983788,1
43092,937,-0.562164,1
43102,945,0.56218,1
43112,952,1.545952,1
43122,940,-0.140533,1
43132,942,0.140549,1
43142,949,1.124344,1
43152,947,0.843262,1
43162,943,0.281075,1
43172,948,0.983788,1
43182,951,1.405418,1
43192,954,1.827049,1
43202,951,1.405418,1
43212,948,0.983788,1
43222,950,1.26487,1
43232,941,0,1
43242,947,0.843262,1
43252,940,-0.140533,1
43262,939,-0.281082,1
43272,939,-0.281082,1
43282,949,1.124344,1
43292,949,1.124344,1
43302,950,1.26487,1
43312,948,0.983788,1
43322,942,0.140549,1
43332,942,0.140549,1
43342,946,0.702705,1
43352,944,0.421631,1
43362,958,2.389214,1
43372,941,0,1
43382,952,1.545952,1
43392,947,0.843262,1
43402,949,1.124344,1
43412,941,0,1
43422,942,0.140549,1
43432,942,0.140549,1
43442,950,1.26487,1
43452,938,-0.421631,1
43462,939,-0.281082,1
43472,941,0,1
43482,941,0,1
43492,951,1.405418,1
43502,951,1.405418,1
43512,941,0,1
43522,950,1.26487,1
43532,954,1.827049,1
43542,946,0.702705,1
43552,939,-0.281082,1
43562,933,-1.124321,1
43572,941,0,1
43582,939,-0.281082,1
43592,941,0,1
43602,941,0,1
43612,891,-7.027069,1
43622,854,-12.2271,1
43632,814,-17.84875,1
43642,788,-21.50285,1
43652,777,-23.0488,1
43662,734,-29.09207,1
43672,706,-33.02724,1
43682,674,-37.52456,1
43692,661,-39.3516,1
43702,652,-40.61647,1
43712,631,-43.56784,1
43722,609,-46.65975,1
43732,592,-49.04896,1
43742,582,-50.45437,1
43752,587,-49.75167,1
43762,560,-53.54628,1
43772,545,-55.65441,1
43782,532,-57.48145,1
43792,522,-58.88686,1
43802,512,-60.29227,1
43812,503,-61.55715,1
43822,494,-62.82202,1
43832,492,-63.1031,1
43842,495,-62.68148,1
43852,477,-65.21123,1
43862,483,-64.36798,1
43872,472,-65.91394,1
43882,464,-67.03827,1
43892,462,-67.31935,1
43902,454,-68.44368,1
43912,457,-68.02205,1
43922,451,-68.8653,1
43932,446,-69.56801,1
43942,443,-69.98963,1
43952,443,-69.98963,1
43962,431,-71.67613,1
43972,437,-70.83289,1
43982,434,-71.25451,1
43992,427,-72.2383,1
44002,427,-72.2383,1
44012,422,-72.94101,1
44022,429,-71.95721,1
44032,415,-73.9248,1
44042,418,-73.50317,1
44052,421,-73.08154,1
44062,415,-73.9248,1
44072,407,-75.04913,0
44082,420,-73.22208,0
44092,416,-73.78426,0
44102,415,-73.9248,0
44112,407,-75.04913,0
44122,410,-74.6275,0
44132,405,-75.33021,0
44142,410,-74.6275,0
44152,401,-75.89238,0
44162,413,-74.20588,0
44172,405,-75.33021,0
44182,404,-75.47075,0
44192,405,-75.33021,0
44202,409,-74.76804,0
44212,403,-75.61129,0
44222,392,-77.15725,0
44232,398,-76.314,0
44242,394,-76.87617,0
44252,399,-76.17346,0
44262,392,-77.15725,0
44272,397,-76.45454,0
44282,394,-76.87617,0
44292,400,-76.03291,0
44302,397,-76.45454,0
44312,392,-77.15725,0
44322,403,-75.61129,0
44332,399,-76.17346,0
44342,382,-78.56266,0
44352,395,-76.73563,0
44362,395,-76.73563,0
44372,391,-77.29779,0
44382,388,-77.71941,0
44392,396,-76.59508,0
44402,393,-77.01671,0
44412,399,-76.17346,0
44422,389,-77.57887,0
44432,389,-77.57887,0
44442,393,-77.01671,0
44452,381,-78.7032,0
44462,386,-78.0005,0
44472,385,-78.14104,0
44482,388,-77.71941,0
44492,391,-77.29779,0
44502,397,-76.45454,0
44512,391,-77.29779,0
44522,388,-77.71941,0
44532,395,-76.73563,0
44542,390,-77.43833,0
44552,390,-77.43833,0
44562,387,-77.85995,0
44572,397,-76.45454,0
44582,388,-77.71941,0
44592,387,-77.85995,0
44602,394,-76.87617,0
44612,393,-77.01671,0
44622,395,-76.73563,0
44632,398,-76.314,0
44642,389,-77.57887,0
44652,391,-77.29779,0
44662,394,-76.87617,0
44672,381,-78.7032,0
44682,388,-77.71941,0
44692,391,-77.29779,0
44702,391,-77.29779,0
44712,388,-77.71941,0
44722,388,-77.71941,0
44732,388,-77.71941,0
44742,383,-78.42213,0
44752,392,-77.15725,0
44762,392,-77.15725,0
44772,389,-77.57887,0
44782,380,-78.84375,0
44792,388,-77.71941,0
44802,389,-77.57887,0
44812,388,-77.71941,0
44822,393,-77.01671,0
44832,387,-77.85995,0
44842,396,-76.59508,0
44852,391,-77.29779,0
44862,392,-77.15725,0
44872,388,-77.71941,0
44882,392,-77.15725,0
44892,392,-77.15725,0
44902,389,-77.57887,0
44912,383,-78.42213,0
44922,392,-77.15725,0
44932,386,-78.0005,0
44942,390,-77.43833,0
44952,383,-78.42213,0
44962,397,-76.45454,0
44972,396,-76.59508,0
44982,387,-77.85995,0
44992,393,-77.01671,0
45002,393,-77.01671,0
45012,388,-77.71941,0
45022,388,-77.71941,0
45032,389,-77.57887,0
45042,402,-75.75183,0
45052,380,-78.84375,0
45062,391,-77.29779,0
45072,382,-78.56266,0
45082,386,-78.0005,0
45092,394,-76.87617,0
45102,385,-78.14104,0
45112,396,-76.59508,0
45122,389,-77.57887,0
45132,429,-71.95721,0
45142,464,-67.03827,0
45152,477,-65.21123,0
45162,480,-64.7896,0
45172,479,-64.93015,0
45182,480,-64.7896,0
45192,483,-64.36798,0
45202,488,-63.66527,0
45212,490,-63.38419,0
45222,489,-63.52473,0
45232,491,-63.24364,0
45242,488,-63.66527,0
45252,490,-63.38419,0
45262,497,-62.4004,0
45272,497,-62.4004,0
45282,493,-62.96256,0
45292,507,-60.99498,0
45302,504,-61.41661,0
45312,512,-60.29227,0
45322,513,-60.15174,0
45332,505,-61.27607,0
45342,514,-60.01119,0
45352,508,-60.85444,0
45362,515,-59.87066,0
45372,516,-59.73011,0
45382,517,-59.58957,0
45392,520,-59.16794,0
45402,517,-59.58957,0
45412,534,-57.20036,0
45422,531,-57.62199,0
45432,538,-56.6382,0
45442,521,-59.0274,0
45452,539,-56.49765,0
45462,540,-56.35712,0
45472,532,-57.48145,0
45482,537,-56.77874,0
45492,534,-57.20036,0
45502,541,-56.21658,0
45512,539,-56.49765,0
45522,546,-55.51387,0
45532,538,-56.6382,0
45542,550,-54.95169,0
45552,545,-55.65441,0
45562,554,-54.38954,0
45572,553,-54.53008,0
45582,552,-54.67062,0
45592,546,-55.51387,0
45602,551,-54.81116,0
45612,552,-54.67062,0
45622,565,-52.84359,0
45632,558,-53.82737,0
45642,561,-53.40574,0
45652,567,-52.5625,0
45662,559,-53.68682,0
45672,561,-53.40574,0
45682,573,-51.71925,0
45692,569,-52.28141,0
45702,567,-52.5625,0
45712,574,-51.57871,0
45722,571,-52.00033,0
45732,569,-52.28141,0
45742,573,-51.71925,0
45752,578,-51.01654,0
45762,578,-51.01654,0
45772,584,-50.17329,0
45782,579,-50.876,0
45792,571,-52.00033,0
45802,587,-49.75167,0
45812,581,-50.59491,0
45822,589,-49.47058,0
45832,584,-50.17329,0
45842,592,-49.04896,0
45852,598,-48.20571,0
45862,601,-47.78408,0
45872,598,-48.20571,0
45882,600,-47.92463,0
45892,601,-47.78408,0
45902,607,-46.94084,0
45912,595,-48.62734,0
45922,602,-47.64354,0
45932,601,-47.78408,0
45942,601,-47.78408,0
45952,607,-46.94084,0
45962,610,-46.51921,0
45972,605,-47.22192,0
45982,610,-46.51921,0
45992,616,-45.67597,0
46002,614,-45.95705,0
46012,620,-45.1138,0
46022,613,-46.09759,0
46032,620,-45.1138,0
46042,612,-46.23813,0
46052,621,-44.97326,0
46062,620,-45.1138,0
46072,629,-43.84893,0
46082,624,-44.55164,0
46092,644,-41.74081,0
46102,624,-44.55164,0
46112,639,-42.44351,0
46122,634,-43.14622,0
46132,628,-43.98947,0
46142,639,-42.44351,0
46152,646,-41.45972,0
46162,638,-42.58406,0
46172,642,-42.02188,0
46182,648,-41.17864,0
46192,647,-41.31918,0
46202,646,-41.45972,0
46212,646,-41.45972,0
46222,653,-40.47593,0
46232,656,-40.05431,0
46242,659,-39.63268,0
46252,657,-39.91377,0
46262,654,-40.33539,0
46272,656,-40.05431,0
46282,656,-40.05431,0
46292,654,-40.33539,0
46302,659,-39.63268,0
46312,663,-39.07051,0
46322,666,-38.6489,0
46332,668,-38.36781,0
46342,669,-38.22727,0
46352,671,-37.94618,0
46362,668,-38.36781,0
46372,674,-37.52456,0
46382,673,-37.6651,0
46392,667,-38.50835,0
46402,679,-36.82186,0
46412,673,-37.6651,0
46422,680,-36.68131,0
46432,678,-36.96239,0
46442,688,-35.55698,0
46452,680,-36.68131,0
46462,688,-35.55698,0
46472,693,-34.85427,0
46482,687,-35.69753,0
46492,692,-34.99481,0
46502,691,-35.13535,0
46512,685,-35.97861,0
46522,690,-35.2759,0
46532,691,-35.13535,0
46542,692,-34.99481,0
46552,695,-34.5732,0
46562,696,-34.43266,0
46572,700,-33.87048,0
46582,705,-33.16779,0
46592,697,-34.29211,0
46602,701,-33.72994,0
46612,703,-33.44886,0
46622,702,-33.5894,0
46632,709,-32.60561,0
46642,706,-33.02724,0
46652,705,-33.16779,0
46662,715,-31.76237,0
46672,721,-30.91912,0
46682,708,-32.74615,0
46692,724,-30.49749,0
46702,718,-31.34074,0
46712,716,-31.62183,0
46722,724,-30.49749,0
46732,714,-31.9029,0
46742,723,-30.63802,0
46752,726,-30.21641,0
46762,726,-30.21641,0
46772,721,-30.91912,0
46782,728,-29.93533,0
46792,736,-28.811,0
46802,731,-29.51369,0
46812,737,-28.67046,0
46822,731,-29.51369,0
46832,739,-28.38937,0
46842,744,-27.68666,0
46852,738,-28.52991,0
46862,732,-29.37315,0
46872,744,-27.68666,0
46882,740,-28.24883,0
46892,738,-28.52991,0
46902,746,-27.40558,0
46912,747,-27.26505,0
46922,744,-27.68666,0
46932,746,-27.40558,0
46942,753,-26.42179,0
46952,751,-26.70287,0
46962,747,-27.26505,0
46972,754,-26.28124,0
46982,750,-26.84341,0
46992,755,-26.1407,0
47002,754,-26.28124,0
47012,754,-26.28124,0
47022,756,-26.00017,0
47032,758,-25.71908,0
47042,763,-25.01637,0
47052,758,-25.71908,0
47062,761,-25.29746,0
47072,759,-25.57854,0
47082,765,-24.73529,0
47092,767,-24.45421,0
47102,770,-24.03259,0
47112,768,-24.31367,0
47122,768,-24.31367,0
47132,777,-23.0488,0
47142,774,-23.47041,0
47152,776,-23.18934,0
47162,776,-23.18934,0
47172,779,-22.76772,0
47182,787,-21.64338,0
47192,777,-23.0488,0
47202,778,-22.90826,0
47212,784,-22.065,0
47222,780,-22.62717,0
47232,784,-22.065,0
47242,787,-21.64338,0
47252,788,-21.50285,0
47262,786,-21.78392,0
47272,787,-21.64338,0
47282,788,-21.50285,0
47292,794,-20.65959,0
47302,796,-20.37851,0
47312,795,-20.51904,0
47322,795,-20.51904,0
47332,803,-19.39472,0
47342,795,-20.51904,0
47352,804,-19.25417,0
47362,795,-20.51904,0
47372,795,-20.51904,0
47382,800,-19.81634,0
47392,798,-20.09743,0
47402,803,-19.39472,0
47412,804,-19.25417,0
47422,812,-18.12984,0
47432,811,-18.27039,0
47442,808,-18.69201,0
47452,814,-17.84875,0
47462,811,-18.27039,0
47472,812,-18.12984,0
47482,809,-18.55147,0
47492,815,-17.70821,0
47502,810,-18.41093,0
47512,820,-17.00552,0
47522,814,-17.84875,0
47532,818,-17.2866,0
47542,819,-17.14606,0
47552,820,-17.00552,0
47562,830,-15.60011,0
47572,827,-16.02172,0
47582,821,-16.86497,0
47592,817,-17.42713,0
47602,820,-17.00552,0
47612,819,-17.14606,0
47622,817,-17.42713,0
47632,837,-14.61631,0
47642,830,-15.60011,0
47652,837,-14.61631,0
47662,832,-15.31902,0
47672,839,-14.33523,0
47682,828,-15.88118,0
47692,827,-16.02172,0
47702,835,-14.89739,0
47712,836,-14.75684,0
47722,828,-15.88118,0
47732,834,-15.03793,0
47742,836,-14.75684,0
47752,839,-14.33523,0
47762,839,-14.33523,0
47772,831,-15.45955,0
47782,841,-14.05414,0
47792,851,-12.64873,0
47802,849,-12.92981,0
47812,856,-11.94601,0
47822,841,-14.05414,0
47832,843,-13.77306,0
47842,846,-13.35143,0
47852,840,-14.19468,0
47862,840,-14.19468,0
47872,848,-13.07036,0
47882,859,-11.5244,0
47892,853,-12.36765,0
47902,861,-11.24332,0
47912,861,-11.24332,0
47922,858,-11.66493,0
47932,859,-11.5244,0
47942,854,-12.2271,0
47952,855,-12.08656,0
47962,855,-12.08656,0
47972,861,-11.24332,0
47982,855,-12.08656,0
47992,855,-12.08656,0
48002,860,-11.38386,0
48012,866,-10.5406,0
48022,859,-11.5244,0
48032,867,-10.40006,0
48042,862,-11.10278,0
48052,865,-10.68114,0
48062,862,-11.10278,0
48072,861,-11.24332,0
48082,867,-10.40006,0
48092,871,-9.837906,0
48102,869,-10.11898,0
48112,867,-10.40006,0
48122,864,-10.82169,0
48132,876,-9.135193,0
48142,870,-9.978447,0
48152,870,-9.978447,0
48162,867,-10.40006,0
48172,864,-10.82169,0
48182,872,-9.69735,0
48192,875,-9.275734,0
48202,882,-8.291939,0
48212,874,-9.416275,0
48222,884,-8.010857,0
48232,877,-8.994652,0
48242,882,-8.291939,0
48252,873,-9.556808,0
48262,881,-8.43248,0
48272,878,-8.854111,0
48282,888,-7.4487,0
48292,876,-9.135193,0
48302,877,-8.994652,0
48312,883,-8.151398,0
48322,882,-8.291939,0
48332,890,-7.16761,0
48342,892,-6.886528,0
48352,884,-8.010857,0
48362,883,-8.151398,0
48372,886,-7.729767,0
48382,892,-6.886528,0
48392,884,-8.010857,0
48402,887,-7.589226,0
48412,888,-7.4487,0
48422,886,-7.729767,0
48432,888,-7.4487,0
48442,886,-7.729767,0
48452,895,-6.464897,0
48462,884,-8.010857,0
48472,898,-6.043289,0
48482,888,-7.4487,0
48492,893,-6.745987,0
48502,891,-7.027069,0
48512,888,-7.4487,0
48522,896,-6.324356,0
48532,903,-5.340576,0
48542,888,-7.4487,0
48552,902,-5.481117,0
48562,903,-5.340576,0
48572,903,-5.340576,0
48582,902,-5.481117,0
48592,908,-4.637863,0
48602,903,-5.340576,0
48612,909,-4.497322,0
48622,899,-5.902733,0
48632,896,-6.324356,0
48642,911,-4.216248,0
48652,898,-6.043289,0
48662,905,-5.059486,0
48672,899,-5.902733,0
48682,907,-4.778404,0
48692,915,-3.654068,0
48702,905,-5.059486,0
48712,915,-3.654068,0
48722,904,-5.200027,0
48732,902,-5.481117,0
48742,910,-4.356781,0
48752,913,-3.93515,0
48762,913,-3.93515,0
48772,904,-5.200027,0
48782,899,-5.902733,0
48792,910,-4.356781,0
48802,909,-4.497322,0
48812,913,-3.93515,0
48822,912,-4.075706,0
48832,913,-3.93515,0
48842,915,-3.654068,0
48852,912,-4.075706,0
48862,914,-3.794617,0
48872,918,-3.23246,0
48882,907,-4.778404,0
48892,913,-3.93515,0
48902,919,-3.091904,0
48912,908,-4.637863,0
48922,914,-3.794617,0
48932,908,-4.637863,0
48942,917,-3.372986,0
48952,912,-4.075706,0
48962,911,-4.216248,0
48972,916,-3.513542,0
48982,909,-4.497322,0
48992,922,-2.670273,0
49002,921,-2.810829,0
49012,920,-2.951378,0
49022,916,-3.513542,0
49032,923,-2.529747,0
49042,920,-2.951378,0
49052,915,-3.654068,0
49062,924,-2.389198,0
49072,917,-3.372986,0
49082,923,-2.529747,0
49092,922,-2.670273,0
49102,915,-3.654068,0
49112,924,-2.389198,0
49122,922,-2.670273,0
49132,924,-2.389198,0
49142,926,-2.108116,0
49152,923,-2.529747,0
49162,922,-2.670273,0
49172,921,-2.810829,0
49182,919,-3.091904,0
49192,930,-1.545952,0
49202,922,-2.670273,0
49212,930,-1.545952,0
49222,928,-1.827034,0
49232,928,-1.827034,0
49242,933,-1.124321,0
49252,927,-1.96756,0
49262,930,-1.545952,0
49272,926,-2.108116,0
49282,926,-2.108116,0
49292,926,-2.108116,0
49302,925,-2.248665,0
49312,923,-2.529747,0
49322,926,-2.108116,0
49332,930,-1.545952,0
49342,930,-1.545952,0
49352,927,-1.96756,0
49362,927,-1.96756,0
49372,927,-1.96756,0
49382,935,-0.843246,0
49392,927,-1.96756,0
49402,928,-1.827034,0
49412,931,-1.405403,0
49422,932,-1.264877,0
49432,938,-0.421631,0
49442,939,-0.281082,0
49452,932,-1.264877,0
49462,935,-0.843246,0
49472,929,-1.686508,0
49482,927,-1.96756,0
49492,936,-0.70269,0
49502,927,-1.96756,0
49512,931,-1.405403,0
49522,931,-1.405403,0
49532,940,-0.140533,0
49542,935,-0.843246,0
49552,927,-1.96756,0
49562,939,-0.281082,0
49572,936,-0.70269,0
49582,939,-0.281082,0
49592,927,-1.96756,0
49602,932,-1.264877,0
49612,933,-1.124321,0
49622,932,-1.264877,0
49632,933,-1.124321,0
49642,924,-2.389198,0
49652,933,-1.124321,0
49662,938,-0.421631,0
49672,929,-1.686508,0
49682,938,-0.421631,0
49692,935,-0.843246,0
49702,933,-1.124321,0
49712,931,-1.405403,0
49722,937,-0.562164,0
49732,934,-0.983795,0
49742,935,-0.843246,0
49752,935,-0.843246,0
49762,938,-0.421631,0
49772,938,-0.421631,0
49782,942,0.140549,0
49792,946,0.702705,0
49802,939,-0.281082,0
49812,945,0.56218,0
49822,934,-0.983795,0
49832,937,-0.562164,0
49842,933,-1.124321,0
49852,937,-0.562164,0
49862,939,-0.281082,0
49872,933,-1.124321,0
49882,938,-0.421631,0
49892,936,-0.70269,0
49902,934,-0.983795,0
49912,934,-0.983795,0
49922,934,-0.983795,0
49932,935,-0.843246,0
49942,938,-0.421631,0
49952,935,-0.843246,0
49962,940,-0.140533,0
49972,939,-0.281082,0
49982,934,-0.983795,0
49992,939,-0.281082,0
50002,937,-0.562164,0
50012,936,-0.70269,0
50022,936,-0.70269,0
50032,934,-0.983795,0
50042,941,0,0
50052,932,-1.264877,0
50062,944,0.421631,0
50072,936,-0.70269,0
50082,943,0.281075,0
50092,948,0.983788,0
50102,936,-0.70269,0
50112,941,0,0
50122,944,0.421631,0
50132,951,1.405418,0
50142,943,0.281075,0
50152,939,-0.281082,0
50162,941,0,0
50172,934,-0.983795,0
50182,935,-0.843246,0
50192,943,0.281075,0
50202,936,-0.70269,0
50212,941,0,0
50222,953,1.686501,0
50232,943,0.281075,0
50242,944,0.421631,0
50252,937,-0.562164,0
50262,945,0.56218,0
50272,936,-0.70269,0
50282,939,-0.281082,0
50292,941,0,0
50302,942,0.140549,0
50312,937,-0.562164,0
50322,942,0.140549,0
50332,935,-0.843246,0
50342,945,0.56218,0
50352,938,-0.421631,0
50362,942,0.140549,0
50372,947,0.843262,0
50382,950,1.26487,0
50392,936,-0.70269,0
50402,937,-0.562164,0
50412,937,-0.562164,0
50422,938,-0.421631,0
50432,936,-0.70269,0
50442,941,0,0
50452,944,0.421631,0
50462,945,0.56218,0
50472,940,-0.140533,0
50482,945,0.56218,0
50492,947,0.843262,0
50502,935,-0.843246,0
50512,938,-0.421631,0
50522,942,0.140549,0
50532,936,-0.70269,0
50542,936,-0.70269,0
50552,944,0.421631,0
50562,937,-0.562164,0
50572,948,0.983788,0
50582,952,1.545952,0
50592,947,0.843262,0
50602,941,0,0
50612,944,0.421631,0
50622,936,-0.70269,0
50632,938,-0.421631,0
50642,940,-0.140533,0
50652,941,0,0
50662,951,1.405418,0
50672,947,0.843262,0
50682,944,0.421631,0
50692,943,0.281075,0
50702,946,0.702705,0
50712,946,0.702705,0
50722,937,-0.562164,0
50732,938,-0.421631,0
50742,937,-0.562164,0
50752,933,-1.124321,0
50762,947,0.843262,0
50772,943,0.281075,0
50782,951,1.405418,0
50792,949,1.124344,0
50802,953,1.686501,0
50812,946,0.702705,0
50822,947,0.843262,0
50832,949,1.124344,0
50842,948,0.983788,0
50852,941,0,0
50862,937,-0.562164,0
50872,939,-0.281082,0
50882,951,1.405418,0
50892,942,0.140549,0
50902,943,0.281075,0
50912,948,0.983788,0
50922,943,0.281075,0
50932,946,0.702705,0
50942,945,0.56218,0
50952,943,0.281075,0
50962,947,0.843262,0
50972,937,-0.562164,0
50982,942,0.140549,0
50992,941,0,0
51002,944,0.421631,0
51012,940,-0.140533,0
51022,940,-0.140533,0
51032,939,-0.281082,0
51042,953,1.686501,0
51052,953,1.686501,0
51062,948,0.983788,0
51072,941,0,0
51082,946,0.702705,0
51092,938,-0.421631,0
51102,951,1.405418,0
51112,948,0.983788,0
51122,953,1.686501,0
51132,945,0.56218,0
51142,948,0.983788,0
51152,948,0.983788,0
51162,950,1.26487,0
51172,952,1.545952,0
51182,949,1.124344,0
51192,939,-0.281082,0
51202,943,0.281075,0
51212,942,0.140549,0
51222,940,-0.140533,0
51232,934,-0.983795,0
51242,935,-0.843246,0
51252,942,0.140549,0
51262,940,-0.140533,0
51272,939,-0.281082,0
51282,942,0.140549,0
51292,938,-0.421631,0
51302,935,-0.843246,0
51312,941,0,0
51322,937,-0.562164,0
51332,946,0.702705,0
51342,942,0.140549,0
51352,946,0.702705,0
51362,947,0.843262,0
51372,949,1.124344,0
51382,946,0.702705,0
51392,949,1.124344,0
51402,940,-0.140533,0
51412,939,-0.281082,0
51422,938,-0.421631,0
51432,941,0,0
51442,941,0,0
51452,939,-0.281082,0
51462,954,1.827049,0
51472,947,0.843262,0
51482,951,1.405418,0
51492,941,0,0
51502,949,1.124344,0
51512,957,2.248657,0
51522,948,0.983788,0
51532,934,-0.983795,0
51542,944,0.421631,0
51552,945,0.56218,0
51562,938,-0.421631,0
51572,938,-0.421631,0
51582,941,0,0
51592,950,1.26487,0
51602,945,0.56218,0
51612,947,0.843262,0
51622,940,-0.140533,0
51632,940,-0.140533,0
51642,947,0.843262,0
51652,941,0,0
51662,945,0.56218,0
51672,954,1.827049,0
51682,950,1.26487,0
51692,941,0,0
51702,943,0.281075,0
51712,944,0.421631,0
51722,937,-0.562164,0
51732,938,-0.421631,0
51742,942,0.140549,0
51752,939,-0.281082,0
51762,941,0,0
51772,943,0.281075,0
51782,949,1.124344,0
51792,943,0.281075,0
51802,941,0,0
51812,941,0,0
51822,936,-0.70269,0
51832,938,-0.421631,0
51842,941,0,0
51852,941,0,0
51862,940,-0.140533,0
51872,947,0.843262,0
51882,949,1.124344,0
51892,952,1.545952,0
51902,942,0.140549,0
51912,953,1.686501,0
51922,946,0.702705,0
51932,941,0,0
51942,941,0,0
51952,940,-0.140533,0
51962,949,1.124344,0
51972,941,0,0
51982,947,0.843262,0
51992,938,-0.421631,0
52002,934,-0.983795,0
52012,947,0.843262,0
52022,940,-0.140533,0
52032,945,0.56218,0
52042,935,-0.843246,0
52052,946,0.702705,0
52062,935,-0.843246,0
52072,943,0.281075,0
52082,941,0,0
52092,942,0.140549,0
52102,955,1.967583,0
52112,945,0.56218,0
52122,939,-0.281082,0
52132,946,0.702705,0
52142,945,0.56218,0
52152,953,1.686501,0
52162,942,0.140549,0
52172,938,-0.421631,0
52182,940,-0.140533,0
52192,944,0.421631,0
52202,941,0,0
52212,946,0.702705,0
52222,940,-0.140533,0
52232,951,1.405418,0
52242,941,0,0
52252,939,-0.281082,0
52262,952,1.545952,0
52272,939,-0.281082,0
52282,944,0.421631,0
52292,938,-0.421631,0
52302,941,0,0
52312,940,-0.140533,0
52322,941,0,0
52332,942,0.140549,0
52342,941,0,0
52352,944,0.421631,0
52362,947,0.843262,0
52372,942,0.140549,0
52382,946,0.702705,0
52392,945,0.56218,0
52402,944,0.421631,0
52412,941,0,0
52422,951,1.405418,0
52432,940,-0.140533,0
52442,940,-0.140533,0
52452,938,-0.421631,0
52462,949,1.124344,0
52472,949,1.124344,0
52482,957,2.248657,0
52492,949,1.124344,0
52502,952,1.545952,0
52512,937,-0.562164,0
52522,940,-0.140533,0
52532,944,0.421631,0
52542,940,-0.140533,0
52552,944,0.421631,0
52562,948,0.983788,0
52572,940,-0.140533,0
52582,945,0.56218,0
52592,945,0.56218,0
52602,949,1.124344,0
52612,943,0.281075,0
52622,944,0.421631,0
52632,941,0,0
52642,943,0.281075,0
52652,946,0.702705,0
52662,942,0.140549,0
52672,943,0.281075,0
52682,949,1.124344,0
52692,945,0.56218,0
52702,932,-1.264877,0
52712,944,0.421631,0
52722,944,0.421631,0
52732,947,0.843262,0
52742,939,-0.281082,0
52752,939,-0.281082,0
52762,946,0.702705,0
52772,945,0.56218,0
52782,940,-0.140533,0
52792,938,-0.421631,0
52802,950,1.26487,0
52812,949,1.124344,0
52822,949,1.124344,0
52832,950,1.26487,0
52842,944,0.421631,0
52852,948,0.983788,0
52862,941,0,0
52872,939,-0.281082,0
52882,943,0.281075,0
52892,943,0.281075,0
52902,942,0.140549,0
52912,946,0.702705,0
52922,938,-0.421631,0
52932,941,0,0
52942,950,1.26487,0
52952,943,0.281075,0
52962,946,0.702705,0
52972,947,0.843262,0
52982,939,-0.281082,0
52992,940,-0.140533,0
53002,940,-0.140533,0
53012,942,0.140549,0
53022,943,0.281075,0
53032,942,0.140549,0
53042,943,0.281075,0
53052,938,-0.421631,0
53062,947,0.843262,0
53072,942,0.140549,0
53082,946,0.702705,0
53092,939,-0.281082,0
53102,945,0.56218,0
53112,941,0,0
53122,947,0.843262,0
53132,942,0.140549,0
53142,943,0.281075,0
53152,948,0.983788,0
53162,942,0.140549,0
53172,943,0.281075,0
53182,949,1.124344,0
53192,941,0,0
53202,942,0.140549,0
53212,938,-0.421631,0
53222,941,0,0
53232,943,0.281075,0
53242,942,0.140549,0
53252,945,0.56218,0
53262,936,-0.70269,0
53272,942,0.140549,0
53282,940,-0.140533,0
53292,936,-0.70269,0
53302,949,1.124344,0
53312,938,-0.421631,0
53322,937,-0.562164,0
53332,944,0.421631,0
53342,950,1.26487,0
53352,945,0.56218,0
53362,943,0.281075,0
53372,936,-0.70269,0
53382,944,0.421631,0
53392,948,0.983788,0
53402,948,0.983788,0
53412,946,0.702705,0
53422,944,0.421631,0
53432,940,-0.140533,0
53442,953,1.686501,0
53452,953,1.686501,0
53462,949,1.124344,0
53472,945,0.56218,0
53482,940,-0.140533,0
53492,948,0.983788,0
53502,945,0.56218,0
53512,942,0.140549,0
53522,939,-0.281082,0
53532,943,0.281075,0
53542,943,0.281075,0
53552,951,1.405418,0
53562,940,-0.140533,0
53572,944,0.421631,0
53582,939,-0.281082,0
53592,950,1.26487,0
53602,949,1.124344,0
53612,945,0.56218,0
53622,933,-1.124321,0
53632,947,0.843262,0
53642,949,1.124344,0
53652,940,-0.140533,0
53662,939,-0.281082,0
53672,937,-0.562164,0
53682,942,0.140549,0
53692,950,1.26487,0
53702,945,0.56218,0
53712,944,0.421631,0
53722,942,0.140549,0
53732,941,0,0
53742,939,-0.281082,0
53752,941,0,0
53762,943,0.281075,0
53772,943,0.281075,0
53782,942,0.140549,0
53792,940,-0.140533,0
53802,945,0.56218,0
53812,952,1.545952,0
53822,939,-0.281082,0
53832,941,0,0
53842,946,0.702705,0
53852,940,-0.140533,0
53862,950,1.26487,0
53872,944,0.421631,0
53882,936,-0.70269,0
53892,946,0.702705,0
53902,946,0.702705,0
53912,947,0.843262,0
53922,951,1.405418,0
53932,943,0.281075,0
53942,942,0.140549,0
53952,936,-0.70269,0
53962,947,0.843262,0
53972,942,0.140549,0
53982,944,0.421631,0
53992,944,0.421631,0
54002,941,0,0
54012,943,0.281075,0
54022,942,0.140549,0
54032,947,0.843262,0
54042,946,0.702705,0
54052,946,0.702705,0
54062,943,0.281075,0
54072,935,-0.843246,0
54082,939,-0.281082,0
54092,938,-0.421631,0
54102,943,0.281075,0
54112,938,-0.421631,0
54122,945,0.56218,0
54132,941,0,0
54142,943,0.281075,0
54152,943,0.281075,0
54162,947,0.843262,0
54172,940,-0.140533,0
54182,946,0.702705,0
54192,946,0.702705,0
54202,940,-0.140533,0
54212,942,0.140549,0
54222,943,0.281075,0
54232,951,1.405418,0
54242,942,0.140549,0
54252,938,-0.421631,0
54262,943,0.281075,0
54272,940,-0.140533,0
54282,947,0.843262,0
54292,940,-0.140533,0
54302,938,-0.421631,0
54312,946,0.702705,0
54322,944,0.421631,0
54332,939,-0.281082,0
54342,949,1.124344,0
54352,947,0.843262,0
54362,942,0.140549,0
54372,943,0.281075,0
54382,943,0.281075,0
54392,947,0.843262,0
54402,946,0.702705,0
54412,934,-0.983795,0
54422,943,0.281075,0
54432,937,-0.562164,0
54442,945,0.56218,0
54452,942,0.140549,0
54462,941,0,0
54472,943,0.281075,0
54482,947,0.843262,0
54492,949,1.124344,0
54502,956,2.108131,0
54512,953,1.686501,0
54522,944,0.421631,0
54532,941,0,0
54542,937,-0.562164,0
54552,948,0.983788,0
54562,942,0.140549,0
54572,946,0.702705,0
54582,944,0.421631,0
54592,935,-0.843246,0
54602,940,-0.140533,0
54612,941,0,0
54622,940,-0.140533,0
54632,943,0.281075,0
54642,947,0.843262,0
54652,931,-1.405403,0
54662,941,0,0
54672,943,0.281075,0
54682,943,0.281075,0
54692,941,0,0
54702,944,0.421631,0
54712,940,-0.140533,0
54722,942,0.140549,0
54732,953,1.686501,0
54742,942,0.140549,0
54752,948,0.983788,0
54762,945,0.56218,0
54772,939,-0.281082,0
54782,940,-0.140533,0
54792,941,0,0
54802,941,0,0
54812,944,0.421631,0
54822,953,1.686501,0
54832,942,0.140549,0
54842,950,1.26487,0
54852,942,0.140549,0
54862,947,0.843262,0
54872,944,0.421631,0
54882,938,-0.421631,0
54892,938,-0.421631,0
54902,940,-0.140533,0
54912,944,0.421631,0
54922,948,0.983788,0
54932,955,1.967583,0
54942,945,0.56218,0
54952,942,0.140549,0
54962,950,1.26487,0
54972,949,1.124344,0
54982,945,0.56218,0
54992,947,0.843262,0
55002,940,-0.140533,0
55012,943,0.281075,0
55022,944,0.421631,0
55032,942,0.140549,0
55042,944,0.421631,0
55052,950,1.26487,0
55062,948,0.983788,0
55072,954,1.827049,0
55082,946,0.702705,0
55092,943,0.281075,0
55102,942,0.140549,0
55112,937,-0.562164,0
55122,943,0.281075,0
55132,940,-0.140533,0
55142,944,0.421631,0
55152,946,0.702705,0
55162,955,1.967583,0
55172,942,0.140549,0
55182,950,1.26487,0
55192,945,0.56218,0
55202,943,0.281075,0
55212,939,-0.281082,0
55222,940,-0.140533,0
55232,939,-0.281082,0
55242,939,-0.281082,0
55252,939,-0.281082,0
55262,941,0,0
55272,930,-1.545952,0
55282,944,0.421631,0
55292,939,-0.281082,0
55302,941,0,0
55312,936,-0.70269,0
55322,945,0.56218,0
55332,940,-0.140533,0
55342,943,0.281075,0
55352,939,-0.281082,0
55362,941,0,0
55372,943,0.281075,0
55382,946,0.702705,0
55392,937,-0.562164,0
55402,939,-0.281082,0
55412,940,-0.140533,0
55422,944,0.421631,0
55432,948,0.983788,0
55442,945,0.56218,0
55452,936,-0.70269,0
55462,943,0.281075,0
55472,943,0.281075,0
55482,942,0.140549,0
55492,938,-0.421631,0
55502,951,1.405418,0
55512,945,0.56218,0
55522,948,0.983788,0
55532,945,0.56218,0
55542,948,0.983788,0
55552,950,1.26487,0
55562,950,1.26487,0
55572,952,1.545952,0
55582,950,1.26487,0
55592,939,-0.281082,0
55602,943,0.281075,0
55612,948,0.983788,0
55622,955,1.967583,0
55632,952,1.545952,0
55642,951,1.405418,0
55652,951,1.405418,0
55662,945,0.56218,0
55672,945,0.56218,0
55682,943,0.281075,0
55692,944,0.421631,0
55702,947,0.843262,0
55712,945,0.56218,0
55722,942,0.140549,0
55732,939,-0.281082,0
55742,940,-0.140533,0
55752,941,0,0
55762,947,0.843262,0
55772,950,1.26487,0
55782,945,0.56218,0
55792,945,0.56218,0
55802,944,0.421631,0
55812,939,-0.281082,0
55822,939,-0.281082,0
55832,951,1.405418,0
55842,950,1.26487,0
55852,940,-0.140533,0
55862,956,2.108131,0
55872,948,0.983788,0
55882,942,0.140549,0
55892,942,0.140549,0
55902,945,0.56218,0
55912,939,-0.281082,0
55922,944,0.421631,0
55932,954,1.827049,0
55942,945,0.56218,0
55952,940,-0.140533,0
55962,946,0.702705,0
55972,946,0.702705,0
55982,949,1.124344,0
55992,940,-0.140533,0
56002,939,-0.281082,0
56012,940,-0.140533,0
56022,942,0.140549,0
56032,942,0.140549,0
56042,939,-0.281082,0
56052,939,-0.281082,0
56062,942,0.140549,0
56072,952,1.545952,0
56082,941,0,0
56092,942,0.140549,0
56102,939,-0.281082,0
56112,938,-0.421631,0
56122,946,0.702705,0
56132,937,-0.562164,0
56142,937,-0.562164,0
56152,933,-1.124321,0
56162,941,0,0
56172,942,0.140549,0
56182,947,0.843262,0
56192,940,-0.140533,0
56202,945,0.56218,0
56212,938,-0.421631,0
56222,937,-0.562164,0
56232,942,0.140549,0
56242,951,1.405418,0
56252,944,0.421631,0
56262,938,-0.421631,0
56272,938,-0.421631,0
56282,939,-0.281082,0
56292,943,0.281075,0
56302,936,-0.70269,0
56312,942,0.140549,0
56322,942,0.140549,0
56332,936,-0.70269,0
56342,936,-0.70269,0
56352,939,-0.281082,0
56362,943,0.281075,0
56372,940,-0.140533,0
56382,952,1.545952,0
56392,941,0,0
56402,938,-0.421631,0
56412,939,-0.281082,0
56422,941,0,0
56432,947,0.843262,0
56442,940,-0.140533,0
56452,943,0.281075,0
56462,941,0,0
56472,937,-0.562164,0
56482,943,0.281075,0
56492,940,-0.140533,0
56502,941,0,0
56512,943,0.281075,0
56522,943,0.281075,0
56532,938,-0.421631,0
56542,940,-0.140533,0
56552,936,-0.70269,0
56562,944,0.421631,0
56572,943,0.281075,0
56582,941,0,0
56592,948,0.983788,0
56602,941,0,0
56612,954,1.827049,0
56622,947,0.843262,0
56632,950,1.26487,0
56642,947,0.843262,0
56652,941,0,0
56662,956,2.108131,0
56672,937,-0.562164,0
56682,941,0,0
56692,942,0.140549,0
56702,946,0.702705,0
56712,947,0.843262,0
56722,952,1.545952,0
56732,950,1.26487,0
56742,942,0.140549,0
56752,954,1.827049,0
56762,942,0.140549,0
56772,951,1.405418,0
56782,940,-0.140533,0
56792,942,0.140549,0
56802,938,-0.421631,0
56812,944,0.421631,0
56822,946,0.702705,0
56832,943,0.281075,0
56842,943,0.281075,0
56852,952,1.545952,0
56862,944,0.421631,0
56872,941,0,0
56882,944,0.421631,0
56892,941,0,0
56902,940,-0.140533,0
56912,942,0.140549,0
56922,941,0,0
56932,955,1.967583,0
56942,942,0.140549,0
56952,945,0.56218,0
56962,954,1.827049,0
56972,941,0,0
56982,950,1.26487,0
56992,942,0.140549,0
57002,937,-0.562164,0
57012,941,0,0
57022,931,-1.405403,0
57032,938,-0.421631,0
57042,941,0,0
57052,948,0.983788,0
57062,942,0.140549,0
57072,943,0.281075,0
57082,940,-0.140533,0
57092,943,0.281075,0
57102,949,1.124344,0
57112,942,0.140549,0
57122,939,-0.281082,0
57132,940,-0.140533,0
57142,940,-0.140533,0
57152,940,-0.140533,0
57162,947,0.843262,0
57172,943,0.281075,0
57182,951,1.405418,0
57192,948,0.983788,0
57202,952,1.545952,0
57212,942,0.140549,0
57222,945,0.56218,0
57232,939,-0.281082,0
57242,940,-0.140533,0
57252,939,-0.281082,0
57262,940,-0.140533,0
57272,942,0.140549,0
57282,948,0.983788,0
57292,947,0.843262,0
57302,934,-0.983795,0
57312,941,0,0
57322,939,-0.281082,0
57332,943,0.281075,0
57342,949,1.124344,0
57352,941,0,0
57362,937,-0.562164,0
57372,943,0.281075,0
57382,939,-0.281082,0
57392,940,-0.140533,0
57402,948,0.983788,0
57412,944,0.421631,0
57422,945,0.56218,0
57432,949,1.124344,0
57442,944,0.421631,0
57452,938,-0.421631,0
57462,945,0.56218,0
57472,948,0.983788,0
57482,945,0.56218,0
57492,938,-0.421631,0
57502,942,0.140549,0
57512,941,0,0
57522,958,2.389214,0
57532,947,0.843262,0
57542,947,0.843262,0
57552,945,0.56218,0
57562,940,-0.140533,0
57572,946,0.702705,0
57582,937,-0.562164,0
57592,941,0,0
57602,952,1.545952,0
57612,943,0.281075,0
57622,948,0.983788,0
57632,947,0.843262,0
57642,946,0.702705,0
57652,945,0.56218,0
57662,945,0.56218,0
57672,939,-0.281082,0
57682,943,0.281075,0
57692,945,0.56218,0
57702,940,-0.140533,0
57712,941,0,0
57722,944,0.421631,0
57732,941,0,0
57742,936,-0.70269,0
57752,935,-0.843246,0
57762,941,0,0
57772,947,0.843262,0
57782,939,-0.281082,0
57792,936,-0.70269,0
57802,939,-0.281082,0
57812,943,0.281075,0
57822,941,0,0
57832,941,0,0
57842,939,-0.281082,0
57852,946,0.702705,0
57862,954,1.827049,0
57872,947,0.843262,0
57882,951,1.405418,0
57892,954,1.827049,0
57902,949,1.124344,0
57912,948,0.983788,0
57922,944,0.421631,0
57932,955,1.967583,0
57942,941,0,0
57952,937,-0.562164,0
57962,938,-0.421631,0
57972,943,0.281075,0
57982,946,0.702705,0
57992,941,0,0
58002,952,1.545952,0
58012,941,0,0
58022,945,0.56218,0
58032,934,-0.983795,0
58042,942,0.140549,0
58052,938,-0.421631,0
58062,944,0.421631,0
58072,945,0.56218,0
58082,942,0.140549,0
58092,938,-0.421631,0
58102,946,0.702705,0
58112,947,0.843262,0
58122,949,1.124344,0
58132,949,1.124344,0
58142,952,1.545952,0
58152,946,0.702705,0
58162,947,0.843262,0
58172,939,-0.281082,0
58182,937,-0.562164,0
58192,948,0.983788,0
58202,941,0,0
58212,945,0.56218,0
58222,936,-0.70269,0
58232,940,-0.140533,0
58242,932,-1.264877,0
58252,940,-0.140533,0
58262,940,-0.140533,0
58272,946,0.702705,0
58282,934,-0.983795,0
58292,943,0.281075,0
58302,946,0.702705,0
58312,943,0.281075,0
58322,949,1.124344,0
58332,939,-0.281082,0
58342,944,0.421631,0
58352,945,0.56218,0
58362,940,-0.140533,0
58372,944,0.421631,0
58382,945,0.56218,0
58392,938,-0.421631,0
58402,949,1.124344,0
58412,938,-0.421631,0
58422,938,-0.421631,0
58432,940,-0.140533,0
58442,938,-0.421631,0
58452,946,0.702705,0
58462,943,0.281075,0
58472,939,-0.281082,0
58482,944,0.421631,0
58492,938,-0.421631,0
58502,943,0.281075,0
58512,944,0.421631,0
58522,943,0.281075,0
58532,944,0.421631,0
58542,942,0.140549,0
58552,948,0.983788,0
58562,951,1.405418,0
58572,958,2.389214,0
58582,950,1.26487,0
58592,942,0.140549,0
58602,941,0,0
58612,942,0.140549,0
58622,941,0,0
58632,952,1.545952,0
58642,948,0.983788,0
58652,945,0.56218,0
58662,945,0.56218,0
58672,953,1.686501,0
58682,953,1.686501,0
58692,938,-0.421631,0
58702,942,0.140549,0
58712,940,-0.140533,0
58722,949,1.124344,0
58732,947,0.843262,0
58742,931,-1.405403,0
58752,939,-0.281082,0
58762,943,0.281075,0
58772,947,0.843262,0
58782,937,-0.562164,0
58792,940,-0.140533,0
58802,944,0.421631,0
58812,940,-0.140533,0
58822,951,1.405418,0
58832,952,1.545952,0
58842,948,0.983788,0
58852,949,1.124344,0
58862,951,1.405418,0
58872,948,0.983788,0
58882,940,-0.140533,0
58892,945,0.56218,0
58902,952,1.545952,0
58912,942,0.140549,0
58922,946,0.702705,0
58932,941,0,0
58942,944,0.421631,0
58952,949,1.124344,0
58962,946,0.702705,0
58972,948,0.983788,0
58982,945,0.56218,0
58992,952,1.545952,0
59002,952,1.545952,0
59012,939,-0.281082,0
59022,945,0.56218,0
59032,939,-0.281082,0
59042,931,-1.405403,0
59052,943,0.281075,0
59062,940,-0.140533,0
59072,945,0.56218,1
59082,943,0.281075,1
59092,952,1.545952,1
59102,951,1.405418,1
59112,954,1.827049,1
59122,940,-0.140533,1
59132,941,0,1
59142,944,0.421631,1
59152,943,0.281075,1
59162,952,1.545952,1
59172,947,0.843262,1
59182,943,0.281075,1
59192,943,0.281075,1
59202,950,1.26487,1
59212,939,-0.281082,1
59222,942,0.140549,1
59232,946,0.702705,1
59242,939,-0.281082,1
59252,942,0.140549,1
59262,939,-0.281082,1
59272,941,0,1
59282,946,0.702705,1
59292,950,1.26487,1
59302,946,0.702705,1
59312,950,1.26487,1
59322,951,1.405418,1
59332,945,0.56218,1
59342,941,0,1
59352,938,-0.421631,1
59362,943,0.281075,1
59372,940,-0.140533,1
59382,942,0.140549,1
59392,940,-0.140533,1
59402,940,-0.140533,1
59412,938,-0.421631,1
59422,933,-1.124321,1
59432,943,0.281075,1
59442,946,0.702705,1
59452,940,-0.140533,1
59462,939,-0.281082,1
59472,945,0.56218,1
59482,945,0.56218,1
59492,940,-0.140533,1
59502,942,0.140549,1
59512,939,-0.281082,1
59522,946,0.702705,1
59532,942,0.140549,1
59542,948,0.983788,1
59552,941,0,1
59562,937,-0.562164,1
59572,939,-0.281082,1
59582,943,0.281075,1
59592,937,-0.562164,1
59602,937,-0.562164,1
59612,944,0.421631,1
59622,943,0.281075,1
59632,937,-0.562164,1
59642,938,-0.421631,1
59652,945,0.56218,1
59662,940,-0.140533,1
59672,940,-0.140533,1
59682,941,0,1
59692,940,-0.140533,1
59702,945,0.56218,1
59712,939,-0.281082,1
59722,940,-0.140533,1
59732,943,0.281075,1
59742,938,-0.421631,1
59752,942,0.140549,1
59762,940,-0.140533,1
59772,944,0.421631,1
59782,937,-0.562164,1
59792,934,-0.983795,1
59802,943,0.281075,1
59812,944,0.421631,1
59822,943,0.281075,1
59832,935,-0.843246,1
59842,939,-0.281082,1
59852,942,0.140549,1
59862,949,1.124344,1
59872,949,1.124344,1
59882,947,0.843262,1
59892,943,0.281075,1
59902,940,-0.140533,1
59912,941,0,1
59922,943,0.281075,1
59932,946,0.702705,1
59942,941,0,1
59952,943,0.281075,1
59962,935,-0.843246,1
59972,942,0.140549,1
59982,951,1.405418,1
59992,937,-0.562164,1
60002,948,0.983788,1
60012,943,0.281075,1
60022,956,2.108131,1
60032,936,-0.70269,1
60042,943,0.281075,1
60052,944,0.421631,1
60062,938,-0.421631,1
60072,946,0.702705,1
60082,941,0,1
60092,944,0.421631,1
60102,950,1.26487,1
60112,937,-0.562164,1
60122,936,-0.70269,1
60132,887,-7.589226,1
60142,859,-11.5244,1
60152,810,-18.41093,1
60162,783,-22.20554,1
60172,748,-27.1245,1
60182,730,-29.65424,1
60192,713,-32.04344,1
60202,685,-35.97861,1
60212,658,-39.77323,1
60222,637,-42.7246,1
60232,623,-44.69217,1
60242,621,-44.97326,1
60252,604,-47.36246,1
60262,571,-52.00033,1
60272,564,-52.98412,1
60282,548,-55.23278,1
60292,548,-55.23278,1
60302,542,-56.07603,1
60312,520,-59.16794,1
60322,513,-60.15174,1
60332,504,-61.41661,1
60342,489,-63.52473,1
60352,486,-63.94635,1
60362,481,-64.64906,1
60372,473,-65.77339,1
60382,475,-65.49231,1
60392,474,-65.63286,1
60402,466,-66.75718,1
60412,460,-67.60043,1
60422,458,-67.88152,1
60432,456,-68.1626,1
60442,446,-69.56801,1
60452,437,-70.83289,1
60462,441,-70.27072,1
60472,438,-70.69234,1
60482,431,-71.67613,1
60492,442,-70.13017,1
60502,438,-70.69234,1
60512,429,-71.95721,1
60522,424,-72.65993,1
60532,424,-72.65993,1
60542,426,-72.37885,1
60552,416,-73.78426,1
60562,416,-73.78426,1
60572,418,-73.50317,1
60582,417,-73.64371,1
60592,415,-73.9248,1
60602,411,-74.48696,1
60612,417,-73.64371,1
60622,408,-74.90858,1
60632,411,-74.48696,1
60642,406,-75.18967,0
60652,406,-75.18967,0
60662,396,-76.59508,0
60672,406,-75.18967,0
60682,405,-75.33021,0
60692,403,-75.61129,0
60702,404,-75.47075,0
60712,397,-76.45454,0
60722,400,-76.03291,0
60732,397,-76.45454,0
60742,398,-76.314,0
60752,396,-76.59508,0
60762,396,-76.59508,0
60772,390,-77.43833,0
60782,396,-76.59508,0
60792,392,-77.15725,0
60802,391,-77.29779,0
60812,398,-76.314,0
60822,393,-77.01671,0
60832,394,-76.87617,0
60842,383,-78.42213,0
60852,389,-77.57887,0
60862,392,-77.15725,0
60872,393,-77.01671,0
60882,390,-77.43833,0
60892,394,-76.87617,0
60902,396,-76.59508,0
60912,385,-78.14104,0
60922,393,-77.01671,0
60932,390,-77.43833,0
60942,388,-77.71941,0
60952,395,-76.73563,0
60962,381,-78.7032,0
60972,391,-77.29779,0
60982,391,-77.29779,0
60992,387,-77.85995,0
61002,392,-77.15725,0
61012,387,-77.85995,0
61022,392,-77.15725,0
61032,385,-78.14104,0
61042,389,-77.57887,0
61052,389,-77.57887,0
61062,394,-76.87617,0
61072,391,-77.29779,0
61082,389,-77.57887,0
61092,386,-78.0005,0
61102,394,-76.87617,0
61112,389,-77.57887,0
61122,387,-77.85995,0
61132,393,-77.01671,0
61142,386,-78.0005,0
61152,399,-76.17346,0
61162,391,-77.29779,0
61172,389,-77.57887,0
61182,388,-77.71941,0
61192,398,-76.314,0
61202,390,-77.43833,0
61212,395,-76.73563,0
61222,381,-78.7032,0
61232,386,-78.0005,0
61242,395,-76.73563,0
61252,385,-78.14104,0
61262,390,-77.43833,0
61272,381,-78.7032,0
61282,392,-77.15725,0
61292,391,-77.29779,0
61302,392,-77.15725,0
61312,389,-77.57887,0
61322,388,-77.71941,0
61332,394,-76.87617,0
61342,398,-76.314,0
61352,387,-77.85995,0
61362,392,-77.15725,0
61372,388,-77.71941,0
61382,387,-77.85995,0
61392,390,-77.43833,0
61402,391,-77.29779,0
61412,389,-77.57887,0
61422,393,-77.01671,0
61432,396,-76.59508,0
61442,389,-77.57887,0
61452,380,-78.84375,0
61462,391,-77.29779,0
61472,379,-78.98428,0
61482,393,-77.01671,0
61492,398,-76.314,0
61502,387,-77.85995,0
61512,395,-76.73563,0
61522,395,-76.73563,0
61532,388,-77.71941,0
61542,395,-76.73563,0
61552,392,-77.15725,0
61562,387,-77.85995,0
61572,390,-77.43833,0
61582,390,-77.43833,0
61592,388,-77.71941,0
61602,385,-78.14104,0
61612,387,-77.85995,0
61622,386,-78.0005,0
61632,393,-77.01671,0
61642,390,-77.43833,0
61652,399,-76.17346,0
61662,384,-78.28158,0
61672,396,-76.59508,0
61682,389,-77.57887,0
61692,389,-77.57887,0
61702,390,-77.43833,0
61712,428,-72.09776,0
61722,472,-65.91394,0
61732,480,-64.7896,0
61742,477,-65.21123,0
61752,486,-63.94635,0
61762,481,-64.64906,0
61772,480,-64.7896,0
61782,487,-63.80581,0
61792,495,-62.68148,0
61802,489,-63.52473,0
61812,488,-63.66527,0
61822,496,-62.54094,0
61832,495,-62.68148,0
61842,507,-60.99498,0
61852,494,-62.82202,0
61862,503,-61.55715,0
61872,502,-61.69769,0
61882,507,-60.99498,0
61892,507,-60.99498,0
61902,503,-61.55715,0
61912,510,-60.57336,0
61922,508,-60.85444,0
61932,514,-60.01119,0
61942,514,-60.01119,0
61952,520,-59.16794,0
61962,520,-59.16794,0
61972,524,-58.60578,0
61982,521,-59.0274,0
61992,524,-58.60578,0
62002,530,-57.76253,0
62012,530,-57.76253,0
62022,529,-57.90307,0
62032,526,-58.3247,0
62042,531,-57.62199,0
62052,531,-57.62199,0
62062,535,-57.05983,0
62072,533,-57.3409,0
62082,536,-56.91928,0
62092,541,-56.21658,0
62102,548,-55.23278,0
62112,545,-55.65441,0
62122,547,-55.37333,0
62132,551,-54.81116,0
62142,540,-56.35712,0
62152,547,-55.37333,0
62162,550,-54.95169,0
62172,548,-55.23278,0
62182,551,-54.81116,0
62192,550,-54.95169,0
62202,547,-55.37333,0
62212,557,-53.96791,0
62222,562,-53.2652,0
62232,559,-53.68682,0
62242,567,-52.5625,0
62252,565,-52.84359,0
62262,564,-52.98412,0
62272,564,-52.98412,0
62282,563,-53.12466,0
62292,568,-52.42195,0
62302,571,-52.00033,0
62312,572,-51.85979,0
62322,573,-51.71925,0
62332,577,-51.15708,0
62342,579,-50.876,0
62352,586,-49.89221,0
62362,591,-49.1895,0
62372,590,-49.33004,0
62382,584,-50.17329,0
62392,585,-50.03275,0
62402,585,-50.03275,0
62412,585,-50.03275,0
62422,593,-48.90842,0
62432,594,-48.76788,0
62442,594,-48.76788,0
62452,602,-47.64354,0
62462,595,-48.62734,0
62472,604,-47.36246,0
62482,597,-48.34626,0
62492,601,-47.78408,0
62502,602,-47.64354,0
62512,608,-46.8003,0
62522,600,-47.92463,0
62532,604,-47.36246,0
62542,611,-46.37867,0
62552,603,-47.503,0
62562,611,-46.37867,0
62572,616,-45.67597,0
62582,615,-45.81651,0
62592,622,-44.83271,0
62602,621,-44.97326,0
62612,617,-45.53543,0
62622,620,-45.1138,0
62632,619,-45.25434,0
62642,623,-44.69217,0
62652,620,-45.1138,0
62662,624,-44.55164,0
62672,625,-44.41109,0
62682,633,-43.28676,0
62692,627,-44.13001,0
62702,631,-43.56784,0
62712,637,-42.7246,0
62722,637,-42.7246,0
62732,639,-42.44351,0
62742,639,-42.44351,0
62752,637,-42.7246,0
62762,645,-41.60027,0
62772,642,-42.02188,0
62782,642,-42.02188,0
62792,643,-41.88134,0
62802,642,-42.02188,0
62812,650,-40.89755,0
62822,651,-40.75702,0
62832,651,-40.75702,0
62842,648,-41.17864,0
62852,653,-40.47593,0
62862,652,-40.61647,0
62872,663,-39.07051,0
62882,662,-39.21106,0
62892,669,-38.22727,0
62902,671,-37.94618,0
62912,662,-39.21106,0
62922,673,-37.6651,0
62932,667,-38.50835,0
62942,663,-39.07051,0
62952,668,-38.36781,0
62962,664,-38.92997,0
62972,675,-37.38402,0
62982,677,-37.10294,0
62992,678,-36.96239,0
63002,675,-37.38402,0
63012,683,-36.25969,0
63022,688,-35.55698,0
63032,684,-36.11915,0
63042,687,-35.69753,0
63052,683,-36.25969,0
63062,684,-36.11915,0
63072,685,-35.97861,0
63082,688,-35.55698,0
63092,687,-35.69753,0
63102,695,-34.5732,0
63112,689,-35.41644,0
63122,690,-35.2759,0
63132,690,-35.2759,0
63142,695,-34.5732,0
63152,693,-34.85427,0
63162,696,-34.43266,0
63172,696,-34.43266,0
63182,699,-34.01102,0
63192,713,-32.04344,0
63202,699,-34.01102,0
63212,702,-33.5894,0
63222,711,-32.32453,0
63232,717,-31.48128,0
63242,712,-32.18399,0
63252,708,-32.74615,0
63262,720,-31.05966,0
63272,714,-31.9029,0
63282,716,-31.62183,0
63292,712,-32.18399,0
63302,723,-30.63802,0
63312,729,-29.79478,0
63322,724,-30.49749,0
63332,728,-29.93533,0
63342,726,-30.21641,0
63352,734,-29.09207,0
63362,734,-29.09207,0
63372,727,-30.07587,0
63382,726,-30.21641,0
63392,727,-30.07587,0
63402,736,-28.811,0
63412,736,-28.811,0
63422,736,-28.811,0
63432,736,-28.811,0
63442,740,-28.24883,0
63452,735,-28.95154,0
63462,738,-28.52991,0
63472,749,-26.98395,0
63482,743,-27.8272,0
63492,739,-28.38937,0
63502,745,-27.54611,0
63512,743,-27.8272,0
63522,741,-28.10828,0
63532,748,-27.1245,0
63542,741,-28.10828,0
63552,752,-26.56233,0
63562,756,-26.00017,0
63572,750,-26.84341,0
63582,754,-26.28124,0
63592,757,-25.85963,0
63602,754,-26.28124,0
63612,759,-25.57854,0
63622,761,-25.29746,0
63632,766,-24.59476,0
63642,765,-24.73529,0
63652,771,-23.89204,0
63662,754,-26.28124,0
63672,768,-24.31367,0
63682,764,-24.87582,0
63692,775,-23.32987,0
63702,776,-23.18934,0
63712,778,-22.90826,0
63722,771,-23.89204,0
63732,772,-23.7515,0
63742,776,-23.18934,0
63752,769,-24.17313,0
63762,776,-23.18934,0
63772,780,-22.62717,0
63782,776,-23.18934,0
63792,782,-22.34608,0
63802,784,-22.065,0
63812,784,-22.065,0
63822,789,-21.3623,0
63832,787,-21.64338,0
63842,793,-20.80013,0
63852,785,-21.92446,0
63862,783,-22.20554,0
63872,792,-20.94067,0
63882,802,-19.53526,0
63892,793,-20.80013,0
63902,796,-20.37851,0
63912,796,-20.37851,0
63922,799,-19.95688,0
63932,798,-20.09743,0
63942,797,-20.23797,0
63952,796,-20.37851,0
63962,796,-20.37851,0
63972,802,-19.53526,0
63982,800,-19.81634,0
63992,803,-19.39472,0
64002,809,-18.55147,0
64012,808,-18.69201,0
64022,807,-18.83256,0
64032,805,-19.11362,0
64042,815,-17.70821,0
64052,818,-17.2866,0
64062,799,-19.95688,0
64072,806,-18.97309,0
64082,807,-18.83256,0
64092,822,-16.72443,0
64102,810,-18.41093,0
64112,818,-17.2866,0
64122,809,-18.55147,0
64132,816,-17.56767,0
64142,821,-16.86497,0
64152,826,-16.16226,0
64162,813,-17.9893,0
64172,819,-17.14606,0
64182,819,-17.14606,0
64192,821,-16.86497,0
64202,821,-16.86497,0
64212,820,-17.00552,0
64222,824,-16.44334,0
64232,824,-16.44334,0
64242,826,-16.16226,0
64252,829,-15.74065,0
64262,832,-15.31902,0
64272,830,-15.60011,0
64282,840,-14.19468,0
64292,835,-14.89739,0
64302,833,-15.17847,0
64312,840,-14.19468,0
64322,835,-14.89739,0
64332,841,-14.05414,0
64342,842,-13.9136,0
64352,828,-15.88118,0
64362,846,-13.35143,0
64372,839,-14.33523,0
64382,845,-13.49197,0
64392,840,-14.19468,0
64402,840,-14.19468,0
64412,841,-14.05414,0
64422,846,-13.35143,0
64432,851,-12.64873,0
64442,853,-12.36765,0
64452,851,-12.64873,0
64462,846,-13.35143,0
64472,842,-13.9136,0
64482,843,-13.77306,0
64492,856,-11.94601,0
64502,846,-13.35143,0
64512,858,-11.66493,0
64522,851,-12.64873,0
64532,854,-12.2271,0
64542,850,-12.78927,0
64552,854,-12.2271,0
64562,856,-11.94601,0
64572,856,-11.94601,0
64582,857,-11.80549,0
64592,853,-12.36765,0
64602,859,-11.5244,0
64612,855,-12.08656,0
64622,862,-11.10278,0
64632,859,-11.5244,0
64642,862,-11.10278,0
64652,863,-10.96223,0
64662,858,-11.66493,0
64672,861,-11.24332,0
64682,860,-11.38386,0
64692,875,-9.275734,0
64702,861,-11.24332,0
64712,867,-10.40006,0
64722,865,-10.68114,0
64732,865,-10.68114,0
64742,869,-10.11898,0
64752,869,-10.11898,0
64762,872,-9.69735,0
64772,875,-9.275734,0
64782,884,-8.010857,0
64792,871,-9.837906,0
64802,882,-8.291939,0
64812,877,-8.994652,0
64822,878,-8.854111,0
64832,878,-8.854111,0
64842,882,-8.291939,0
64852,878,-8.854111,0
64862,887,-7.589226,0
64872,881,-8.43248,0
64882,883,-8.151398,0
64892,882,-8.291939,0
64902,887,-7.589226,0
64912,891,-7.027069,0
64922,895,-6.464897,0
64932,884,-8.010857,0
64942,882,-8.291939,0
64952,881,-8.43248,0
64962,886,-7.729767,0
64972,881,-8.43248,0
64982,889,-7.308159,0
64992,882,-8.291939,0
65002,890,-7.16761,0
65012,886,-7.729767,0
65022,894,-6.605446,0
65032,894,-6.605446,0
65042,896,-6.324356,0
65052,888,-7.4487,0
65062,885,-7.870323,0
65072,892,-6.886528,0
65082,888,-7.4487,0
65092,897,-6.183815,0
65102,894,-6.605446,0
65112,899,-5.902733,0
65122,900,-5.762199,0
65132,904,-5.200027,0
65142,902,-5.481117,0
65152,908,-4.637863,0
65162,905,-5.059486,0
65172,890,-7.16761,0
65182,897,-6.183815,0
65192,897,-6.183815,0
65202,896,-6.324356,0
65212,894,-6.605446,0
65222,904,-5.200027,0
65232,898,-6.043289,0
65242,899,-5.902733,0
65252,895,-6.464897,0
65262,898,-6.043289,0
65272,892,-6.886528,0
65282,908,-4.637863,0
65292,901,-5.621658,0
65302,902,-5.481117,0
65312,914,-3.794617,0
65322,911,-4.216248,0
65332,905,-5.059486,0
65342,903,-5.340576,0
65352,909,-4.497322,0
65362,907,-4.778404,0
65372,901,-5.621658,0
65382,908,-4.637863,0
65392,912,-4.075706,0
65402,919,-3.091904,0
65412,912,-4.075706,0
65422,905,-5.059486,0
65432,910,-4.356781,0
65442,912,-4.075706,0
65452,906,-4.918945,0
65462,921,-2.810829,0
65472,915,-3.654068,0
65482,915,-3.654068,0
65492,926,-2.108116,0
65502,922,-2.670273,0
65512,924,-2.389198,0
65522,911,-4.216248,0
65532,916,-3.513542,0
65542,909,-4.497322,0
65552,915,-3.654068,0
65562,915,-3.654068,0
65572,916,-3.513542,0
65582,920,-2.951378,0
65592,913,-3.93515,0
65602,916,-3.513542,0
65612,926,-2.108116,0
65622,923,-2.529747,0
65632,920,-2.951378,0
65642,912,-4.075706,0
65652,924,-2.389198,0
65662,917,-3.372986,0
65672,931,-1.405403,0
65682,919,-3.091904,0
65692,916,-3.513542,0
65702,921,-2.810829,0
65712,918,-3.23246,0
65722,921,-2.810829,0
65732,914,-3.794617,0
65742,923,-2.529747,0
65752,921,-2.810829,0
65762,923,-2.529747,0
65772,921,-2.810829,0
65782,923,-2.529747,0
65792,930,-1.545952,0
65802,926,-2.108116,0
65812,926,-2.108116,0
65822,928,-1.827034,0
65832,925,-2.248665,0
65842,926,-2.108116,0
65852,927,-1.96756,0
65862,927,-1.96756,0
65872,931,-1.405403,0
65882,923,-2.529747,0
65892,926,-2.108116,0
65902,933,-1.124321,0
65912,924,-2.389198,0
65922,927,-1.96756,0
65932,928,-1.827034,0
65942,934,-0.983795,0
65952,930,-1.545952,0
65962,937,-0.562164,0
65972,930,-1.545952,0
65982,926,-2.108116,0
65992,932,-1.264877,0
66002,923,-2.529747,0
66012,945,0.56218,0
66022,930,-1.545952,0
66032,924,-2.389198,0
66042,937,-0.562164,0
66052,931,-1.405403,0
66062,939,-0.281082,0
66072,927,-1.96756,0
66082,928,-1.827034,0
66092,927,-1.96756,0
66102,927,-1.96756,0
66112,930,-1.545952,0
66122,932,-1.264877,0
66132,931,-1.405403,0
66142,925,-2.248665,0
66152,927,-1.96756,0
66162,930,-1.545952,0
66172,933,-1.124321,0
66182,930,-1.545952,0
66192,938,-0.421631,0
66202,926,-2.108116,0
66212,937,-0.562164,0
66222,938,-0.421631,0
66232,934,-0.983795,0
66242,941,0,0
66252,933,-1.124321,0
66262,935,-0.843246,0
66272,934,-0.983795,0
66282,930,-1.545952,0
66292,936,-0.70269,0
66302,939,-0.281082,0
66312,926,-2.108116,0
66322,933,-1.124321,0
66332,937,-0.562164,0
66342,933,-1.124321,0
66352,934,-0.983795,0
66362,929,-1.686508,0
66372,935,-0.843246,0
66382,934,-0.983795,0
66392,934,-0.983795,0
66402,935,-0.843246,0
66412,930,-1.545952,0
66422,933,-1.124321,0
66432,935,-0.843246,0
66442,941,0,0
66452,940,-0.140533,0
66462,946,0.702705,0
66472,944,0.421631,0
66482,938,-0.421631,0
66492,948,0.983788,0
66502,942,0.140549,0
66512,945,0.56218,0
66522,937,-0.562164,0
66532,933,-1.124321,0
66542,938,-0.421631,0
66552,941,0,0
66562,944,0.421631,0
66572,935,-0.843246,0
66582,934,-0.983795,0
66592,933,-1.124321,0
66602,937,-0.562164,0
66612,941,0,0
66622,939,-0.281082,0
66632,944,0.421631,0
66642,940,-0.140533,0
66652,945,0.56218,0
66662,938,-0.421631,0
66672,936,-0.70269,0
66682,943,0.281075,0
66692,935,-0.843246,0
66702,946,0.702705,0
66712,945,0.56218,0
66722,936,-0.70269,0
66732,937,-0.562164,0
66742,934,-0.983795,0
66752,943,0.281075,0
66762,949,1.124344,0
66772,944,0.421631,0
66782,938,-0.421631,0
66792,939,-0.281082,0
66802,948,0.983788,0
66812,934,-0.983795,0
66822,947,0.843262,0
66832,941,0,0
66842,942,0.140549,0
66852,942,0.140549,0
66862,937,-0.562164,0
66872,939,-0.281082,0
66882,940,-0.140533,0
66892,943,0.281075,0
66902,936,-0.70269,0
66912,942,0.140549,0
66922,943,0.281075,0
66932,940,-0.140533,0
66942,947,0.843262,0
66952,948,0.983788,0
66962,947,0.843262,0
66972,938,-0.421631,0
66982,937,-0.562164,0
66992,953,1.686501,0
67002,946,0.702705,0
67012,936,-0.70269,0
67022,941,0,0
67032,936,-0.70269,0
67042,937,-0.562164,0
67052,948,0.983788,0
67062,940,-0.140533,0
67072,948,0.983788,0
67082,941,0,0
67092,941,0,0
67102,941,0,0
67112,936,-0.70269,0
67122,947,0.843262,0
67132,938,-0.421631,0
67142,954,1.827049,0
67152,934,-0.983795,0
67162,944,0.421631,0
67172,953,1.686501,0
67182,941,0,0
67192,954,1.827049,0
67202,939,-0.281082,0
67212,945,0.56218,0
67222,936,-0.70269,0
67232,940,-0.140533,0
67242,942,0.140549,0
67252,939,-0.281082,0
67262,948,0.983788,0
67272,936,-0.70269,0
67282,940,-0.140533,0
67292,944,0.421631,0
67302,937,-0.562164,0
67312,941,0,0
67322,935,-0.843246,0
67332,932,-1.264877,0
67342,947,0.843262,0
67352,943,0.281075,0
67362,944,0.421631,0
67372,941,0,0
67382,939,-0.281082,0
67392,941,0,0
67402,938,-0.421631,0
67412,942,0.140549,0
67422,937,-0.562164,0
67432,936,-0.70269,0
67442,941,0,0
67452,938,-0.421631,0
67462,945,0.56218,0
67472,940,-0.140533,0
67482,939,-0.281082,0
67492,941,0,0
67502,942,0.140549,0
67512,942,0.140549,0
67522,935,-0.843246,0
67532,940,-0.140533,0
67542,940,-0.140533,0
67552,941,0,0
67562,939,-0.281082,0
67572,941,0,0
67582,937,-0.562164,0
67592,943,0.281075,0
67602,944,0.421631,0
67612,938,-0.421631,0
67622,951,1.405418,0
67632,943,0.281075,0
67642,952,1.545952,0
67652,939,-0.281082,0
67662,946,0.702705,0
67672,938,-0.421631,0
67682,942,0.140549,0
67692,950,1.26487,0
67702,944,0.421631,0
67712,944,0.421631,0
67722,945,0.56218,0
67732,950,1.26487,0
67742,936,-0.70269,0
67752,938,-0.421631,0
67762,944,0.421631,0
67772,945,0.56218,0
67782,941,0,0
67792,932,-1.264877,0
67802,938,-0.421631,0
67812,940,-0.140533,0
67822,941,0,0
67832,944,0.421631,0
67842,940,-0.140533,0
67852,940,-0.140533,0
67862,946,0.702705,0
67872,941,0,0
67882,942,0.140549,0
67892,943,0.281075,0
67902,943,0.281075,0
67912,943,0.281075,0
67922,936,-0.70269,0
67932,945,0.56218,0
67942,948,0.983788,0
67952,942,0.140549,0
67962,947,0.843262,0
67972,944,0.421631,0
67982,945,0.56218,0
67992,953,1.686501,0
68002,949,1.124344,0
68012,948,0.983788,0
68022,939,-0.281082,0
68032,939,-0.281082,0
68042,941,0,0
68052,943,0.281075,0
68062,943,0.281075,0
68072,946,0.702705,0
68082,938,-0.421631,0
68092,946,0.702705,0
68102,940,-0.140533,0
68112,943,0.281075,0
68122,936,-0.70269,0
68132,940,-0.140533,0
68142,937,-0.562164,0
68152,946,0.702705,0
68162,940,-0.140533,0
68172,941,0,0
68182,949,1.124344,0
68192,949,1.124344,0
68202,942,0.140549,0
68212,942,0.140549,0
68222,951,1.405418,0
68232,940,-0.140533,0
68242,940,-0.140533,0
68252,939,-0.281082,0
68262,940,-0.140533,0
68272,935,-0.843246,0
68282,951,1.405418,0
68292,945,0.56218,0
68302,951,1.405418,0
68312,949,1.124344,0
68322,944,0.421631,0
68332,942,0.140549,0
68342,945,0.56218,0
68352,940,-0.140533,0
68362,938,-0.421631,0
68372,940,-0.140533,0
68382,939,-0.281082,0
68392,957,2.248657,0
68402,944,0.421631,0
68412,947,0.843262,0
68422,947,0.843262,0
68432,950,1.26487,0
68442,941,0,0
68452,941,0,0
68462,947,0.843262,0
68472,939,-0.281082,0
68482,949,1.124344,0
68492,942,0.140549,0
68502,945,0.56218,0
68512,947,0.843262,0
68522,939,-0.281082,0
68532,942,0.140549,0
68542,946,0.702705,0
68552,943,0.281075,0
68562,945,0.56218,0
68572,941,0,0
68582,946,0.702705,0
68592,945,0.56218,0
68602,949,1.124344,0
68612,945,0.56218,0
68622,942,0.140549,0
68632,945,0.56218,0
68642,947,0.843262,0
68652,942,0.140549,0
68662,945,0.56218,0
68672,947,0.843262,0
68682,940,-0.140533,0
68692,942,0.140549,0
68702,944,0.421631,0
68712,949,1.124344,0
68722,943,0.281075,0
68732,947,0.843262,0
68742,936,-0.70269,0
68752,939,-0.281082,0
68762,945,0.56218,0
68772,938,-0.421631,0
68782,947,0.843262,0
68792,946,0.702705,0
68802,943,0.281075,0
68812,946,0.702705,0
68822,943,0.281075,0
68832,954,1.827049,0
68842,945,0.56218,0
68852,941,0,0
68862,937,-0.562164,0
68872,942,0.140549,0
68882,951,1.405418,0
68892,946,0.702705,0
68902,937,-0.562164,0
68912,948,0.983788,0
68922,951,1.405418,0
68932,948,0.983788,0
68942,948,0.983788,0
68952,951,1.405418,0
68962,954,1.827049,0
68972,947,0.843262,0
68982,948,0.983788,0
68992,944,0.421631,0
69002,935,-0.843246,0
69012,939,-0.281082,0
69022,948,0.983788,0
69032,942,0.140549,0
69042,939,-0.281082,0
69052,946,0.702705,0
69062,942,0.140549,0
69072,946,0.702705,0
69082,943,0.281075,0
69092,943,0.281075,0
69102,943,0.281075,0
69112,937,-0.562164,0
69122,943,0.281075,0
69132,951,1.405418,0
69142,943,0.281075,0
69152,943,0.281075,0
69162,948,0.983788,0
69172,950,1.26487,0
69182,951,1.405418,0
69192,946,0.702705,0
69202,953,1.686501,0
69212,946,0.702705,0
69222,943,0.281075,0
69232,943,0.281075,0
69242,945,0.56218,0
69252,948,0.983788,0
69262,954,1.827049,0
69272,950,1.26487,0
69282,943,0.281075,0
69292,948,0.983788,0
69302,946,0.702705,0
69312,951,1.405418,0
69322,942,0.140549,0
69332,942,0.140549,0
69342,944,0.421631,0
69352,940,-0.140533,0
69362,941,0,0
69372,949,1.124344,0
69382,945,0.56218,0
69392,945,0.56218,0
69402,944,0.421631,0
69412,948,0.983788,0
69422,953,1.686501,0
69432,948,0.983788,0
69442,944,0.421631,0
69452,937,-0.562164,0
69462,944,0.421631,0
69472,940,-0.140533,0
69482,951,1.405418,0
69492,948,0.983788,0
69502,938,-0.421631,0
69512,939,-0.281082,0
69522,941,0,0
69532,947,0.843262,0
69542,947,0.843262,0
69552,950,1.26487,0
69562,949,1.124344,0
69572,942,0.140549,0
69582,944,0.421631,0
69592,943,0.281075,0
69602,938,-0.421631,0
69612,944,0.421631,0
69622,942,0.140549,0
69632,943,0.281075,0
69642,953,1.686501,0
69652,940,-0.140533,0
69662,942,0.140549,0
69672,939,-0.281082,0
69682,942,0.140549,0
69692,935,-0.843246,0
69702,943,0.281075,0
69712,943,0.281075,0
69722,949,1.124344,0
69732,948,0.983788,0
69742,939,-0.281082,0
69752,939,-0.281082,0
69762,943,0.281075,0
69772,941,0,0
69782,943,0.281075,0
69792,940,-0.140533,0
69802,948,0.983788,0
69812,950,1.26487,0
69822,950,1.26487,0
69832,947,0.843262,0
69842,942,0.140549,0
69852,945,0.56218,0
69862,939,-0.281082,0
69872,947,0.843262,0
69882,942,0.140549,0
69892,939,-0.281082,0
69902,937,-0.562164,0
69912,943,0.281075,0
69922,941,0,0
69932,941,0,0
69942,950,1.26487,0
69952,947,0.843262,0
69962,943,0.281075,0
69972,943,0.281075,0
69982,949,1.124344,0
69992,940,-0.140533,0
70002,946,0.702705,0
70012,946,0.702705,0
70022,943,0.281075,0
70032,939,-0.281082,0
70042,946,0.702705,0
70052,950,1.26487,0
70062,940,-0.140533,0
70072,940,-0.140533,0
70082,945,0.56218,0
70092,934,-0.983795,0
70102,941,0,0
70112,948,0.983788,0
70122,938,-0.421631,0
70132,939,-0.281082,0
70142,945,0.56218,0
70152,945,0.56218,0
70162,946,0.702705,0
70172,945,0.56218,0
70182,947,0.843262,0
70192,946,0.702705,0
70202,939,-0.281082,0
70212,942,0.140549,0
70222,938,-0.421631,0
70232,944,0.421631,0
70242,938,-0.421631,0
70252,940,-0.140533,0
70262,937,-0.562164,0
70272,941,0,0
70282,951,1.405418,0
70292,940,-0.140533,0
70302,950,1.26487,0
70312,944,0.421631,0
70322,944,0.421631,0
70332,941,0,0
70342,944,0.421631,0
70352,945,0.56218,0
70362,950,1.26487,0
70372,951,1.405418,0
70382,954,1.827049,0
70392,952,1.545952,0
70402,942,0.140549,0
70412,950,1.26487,0
70422,946,0.702705,0
70432,953,1.686501,0
70442,939,-0.281082,0
70452,939,-0.281082,0
70462,948,0.983788,0
70472,940,-0.140533,0
70482,950,1.26487,0
70492,942,0.140549,0
70502,941,0,0
70512,941,0,0
70522,950,1.26487,0
70532,947,0.843262,0
70542,938,-0.421631,0
70552,941,0,0
70562,941,0,0
70572,941,0,0
70582,941,0,0
70592,941,0,0
70602,938,-0.421631,0
70612,945,0.56218,0
70622,935,-0.843246,0
70632,940,-0.140533,0
70642,944,0.421631,0
70652,945,0.56218,0
70662,955,1.967583,0
70672,940,-0.140533,0
70682,947,0.843262,0
70692,938,-0.421631,0
70702,941,0,0
70712,947,0.843262,0
70722,941,0,0
70732,955,1.967583,0
70742,941,0,0
70752,941,0,0
70762,938,-0.421631,0
70772,950,1.26487,0
70782,935,-0.843246,0
70792,940,-0.140533,0
70802,940,-0.140533,0
70812,936,-0.70269,0
70822,941,0,0
70832,945,0.56218,0
70842,949,1.124344,0
70852,941,0,0
70862,945,0.56218,0
70872,947,0.843262,0
70882,937,-0.562164,0
70892,941,0,0
70902,941,0,0
70912,941,0,0
70922,939,-0.281082,0
70932,933,-1.124321,0
70942,943,0.281075,0
70952,939,-0.281082,0
70962,946,0.702705,0
70972,939,-0.281082,0
70982,939,-0.281082,0
70992,941,0,0
71002,941,0,0
71012,942,0.140549,0
71022,943,0.281075,0
71032,939,-0.281082,0
71042,945,0.56218,0
71052,940,-0.140533,0
71062,941,0,0
71072,942,0.140549,0
71082,941,0,0
71092,936,-0.70269,0
71102,942,0.140549,0
71112,942,0.140549,0
71122,943,0.281075,0
71132,940,-0.140533,0
71142,943,0.281075,0
71152,942,0.140549,0
71162,937,-0.562164,0
71172,940,-0.140533,0
71182,946,0.702705,0
71192,940,-0.140533,0
71202,945,0.56218,0
71212,943,0.281075,0
71222,940,-0.140533,0
71232,938,-0.421631,0
71242,944,0.421631,0
71252,938,-0.421631,0
71262,942,0.140549,0
71272,939,-0.281082,0
71282,942,0.140549,0
71292,936,-0.70269,0
71302,944,0.421631,0
71312,945,0.56218,0
71322,944,0.421631,0
71332,947,0.843262,0
71342,937,-0.562164,0
71352,947,0.843262,0
71362,946,0.702705,0
71372,940,-0.140533,0
71382,944,0.421631,0
71392,960,2.670296,0
71402,939,-0.281082,0
71412,934,-0.983795,0
71422,938,-0.421631,0
71432,942,0.140549,0
71442,942,0.140549,0
71452,944,0.421631,0
71462,941,0,0
71472,942,0.140549,0
71482,945,0.56218,0
71492,933,-1.124321,0
71502,948,0.983788,0
71512,944,0.421631,0
71522,945,0.56218,0
71532,954,1.827049,0
71542,951,1.405418,0
71552,947,0.843262,0
71562,952,1.545952,0
71572,944,0.421631,0
71582,948,0.983788,0
71592,942,0.140549,0
71602,943,0.281075,0
71612,940,-0.140533,0
71622,937,-0.562164,0
71632,950,1.26487,0
71642,943,0.281075,0
71652,948,0.983788,0
71662,950,1.26487,0
71672,949,1.124344,0
71682,942,0.140549,0
71692,942,0.140549,0
71702,942,0.140549,0
71712,943,0.281075,0
71722,947,0.843262,0
71732,945,0.56218,0
71742,945,0.56218,0
71752,940,-0.140533,0
71762,936,-0.70269,0
71772,940,-0.140533,0
71782,939,-0.281082,0
71792,942,0.140549,0
71802,942,0.140549,0
71812,940,-0.140533,0
71822,942,0.140549,0
71832,950,1.26487,0
71842,951,1.405418,0
71852,946,0.702705,0
71862,939,-0.281082,0
71872,946,0.702705,0
71882,942,0.140549,0
71892,939,-0.281082,0
71902,940,-0.140533,0
71912,949,1.124344,0
71922,938,-0.421631,0
71932,946,0.702705,0
71942,941,0,0
71952,942,0.140549,0
71962,950,1.26487,0
71972,941,0,0
71982,947,0.843262,0
71992,947,0.843262,0
72002,942,0.140549,0
72012,943,0.281075,0
72022,941,0,0
72032,948,0.983788,0
72042,946,0.702705,0
72052,942,0.140549,0
72062,947,0.843262,0
72072,956,2.108131,0
72082,942,0.140549,0
72092,936,-0.70269,0
72102,951,1.405418,0
72112,943,0.281075,0
72122,941,0,0
72132,940,-0.140533,0
72142,942,0.140549,0
72152,940,-0.140533,0
72162,943,0.281075,0
72172,944,0.421631,0
72182,943,0.281075,0
72192,943,0.281075,0
72202,949,1.124344,0
72212,947,0.843262,0
72222,942,0.140549,0
72232,940,-0.140533,0
72242,946,0.702705,0
72252,940,-0.140533,0
72262,942,0.140549,0
72272,940,-0.140533,0
72282,944,0.421631,0
72292,946,0.702705,0
72302,943,0.281075,0
72312,952,1.545952,0
72322,945,0.56218,0
72332,950,1.26487,0
72342,933,-1.124321,0
72352,945,0.56218,0
72362,948,0.983788,0
72372,944,0.421631,0
72382,940,-0.140533,0
72392,953,1.686501,0
72402,946,0.702705,0
72412,954,1.827049,0
72422,942,0.140549,0
72432,952,1.545952,0
72442,943,0.281075,0
72452,942,0.140549,0
72462,943,0.281075,0
72472,944,0.421631,0
72482,954,1.827049,0
72492,940,-0.140533,0
72502,944,0.421631,0
72512,949,1.124344,0
72522,955,1.967583,0
72532,945,0.56218,0
72542,945,0.56218,0
72552,948,0.983788,0
72562,950,1.26487,0
72572,948,0.983788,0
72582,939,-0.281082,0
72592,938,-0.421631,0
72602,941,0,0
72612,948,0.983788,0
72622,946,0.702705,0
72632,944,0.421631,0
72642,949,1.124344,0
72652,949,1.124344,0
72662,942,0.140549,0
72672,949,1.124344,0
72682,950,1.26487,0
72692,942,0.140549,0
72702,935,-0.843246,0
72712,938,-0.421631,0
72722,942,0.140549,0
72732,950,1.26487,0
72742,939,-0.281082,0
72752,941,0,0
72762,946,0.702705,0
72772,933,-1.124321,0
72782,952,1.545952,0
72792,947,0.843262,0
72802,940,-0.140533,0
72812,939,-0.281082,0
72822,940,-0.140533,0
72832,946,0.702705,0
72842,949,1.124344,0
72852,939,-0.281082,0
72862,950,1.26487,0
72872,942,0.140549,0
72882,946,0.702705,0
72892,949,1.124344,0
72902,957,2.248657,0
72912,946,0.702705,0
72922,940,-0.140533,0
72932,944,0.421631,0
72942,942,0.140549,0
72952,941,0,0
72962,943,0.281075,0
72972,943,0.281075,0
72982,945,0.56218,0
72992,947,0.843262,0
73002,945,0.56218,0
73012,941,0,0
73022,937,-0.562164,0
73032,938,-0.421631,0
73042,939,-0.281082,0
73052,941,0,0
73062,950,1.26487,0
73072,936,-0.70269,0
73082,941,0,0
73092,954,1.827049,0
73102,942,0.140549,0
73112,942,0.140549,0
73122,945,0.56218,0
73132,932,-1.264877,0
73142,945,0.56218,0
73152,940,-0.140533,0
73162,949,1.124344,0
73172,940,-0.140533,0
73182,946,0.702705,0
73192,950,1.26487,0
73202,953,1.686501,0
73212,949,1.124344,0
73222,942,0.140549,0
73232,954,1.827049,0
73242,941,0,0
73252,945,0.56218,0
73262,943,0.281075,0
73272,936,-0.70269,0
73282,950,1.26487,0
73292,938,-0.421631,0
73302,939,-0.281082,0
73312,942,0.140549,0
73322,943,0.281075,0
73332,945,0.56218,0
73342,945,0.56218,0
73352,944,0.421631,0
73362,938,-0.421631,0
73372,938,-0.421631,0
73382,947,0.843262,0
73392,941,0,0
73402,942,0.140549,0
73412,946,0.702705,0
73422,945,0.56218,0
73432,937,-0.562164,0
73442,943,0.281075,0
73452,944,0.421631,0
73462,948,0.983788,0
73472,940,-0.140533,0
73482,942,0.140549,0
73492,950,1.26487,0
73502,945,0.56218,0
73512,951,1.405418,0
73522,945,0.56218,0
73532,942,0.140549,0
73542,945,0.56218,0
73552,944,0.421631,0
73562,941,0,0
73572,949,1.124344,0
73582,950,1.26487,0
73592,947,0.843262,0
73602,947,0.843262,0
73612,941,0,0
73622,947,0.843262,0
73632,947,0.843262,0
73642,947,0.843262,0
73652,942,0.140549,0
73662,943,0.281075,0
73672,941,0,0
73682,946,0.702705,0
73692,941,0,0
73702,958,2.389214,0
73712,940,-0.140533,0
73722,947,0.843262,0
73732,938,-0.421631,0
73742,935,-0.843246,0
73752,935,-0.843246,0
73762,944,0.421631,0
73772,940,-0.140533,0
73782,938,-0.421631,0
73792,947,0.843262,0
73802,944,0.421631,0
73812,943,0.281075,0
73822,944,0.421631,0
73832,936,-0.70269,0
73842,941,0,0
73852,945,0.56218,0
73862,956,2.108131,0
73872,939,-0.281082,0
73882,942,0.140549,0
73892,941,0,0
73902,942,0.140549,0
73912,944,0.421631,0
73922,939,-0.281082,0
73932,946,0.702705,0
73942,946,0.702705,0
73952,947,0.843262,0
73962,948,0.983788,0
73972,943,0.281075,0
73982,954,1.827049,0
73992,945,0.56218,0
74002,955,1.967583,0
74012,947,0.843262,0
74022,940,-0.140533,0
74032,937,-0.562164,0
74042,947,0.843262,0
74052,939,-0.281082,0
74062,945,0.56218,0
74072,946,0.702705,0
74082,938,-0.421631,0
74092,946,0.702705,0
74102,941,0,0
74112,937,-0.562164,0
74122,937,-0.562164,0
74132,943,0.281075,0
74142,944,0.421631,0
74152,938,-0.421631,0
74162,942,0.140549,0
74172,942,0.140549,0
74182,936,-0.70269,0
74192,953,1.686501,0
74202,953,1.686501,0
74212,944,0.421631,0
74222,934,-0.983795,0
74232,947,0.843262,0
74242,944,0.421631,0
74252,946,0.702705,0
74262,944,0.421631,0
74272,936,-0.70269,0
74282,940,-0.140533,0
74292,944,0.421631,0
74302,946,0.702705,0
74312,937,-0.562164,0
74322,942,0.140549,0
74332,941,0,0
74342,943,0.281075,0
74352,943,0.281075,0
74362,951,1.405418,0
74372,938,-0.421631,0
74382,939,-0.281082,0
74392,942,0.140549,0
74402,947,0.843262,0
74412,945,0.56218,0
74422,948,0.983788,0
74432,942,0.140549,0
74442,944,0.421631,0
74452,952,1.545952,0
74462,945,0.56218,0
74472,944,0.421631,0
74482,944,0.421631,0
74492,942,0.140549,0
74502,944,0.421631,0
74512,944,0.421631,0
74522,942,0.140549,0
74532,945,0.56218,0
74542,935,-0.843246,0
74552,950,1.26487,0
74562,947,0.843262,0
74572,935,-0.843246,0
74582,949,1.124344,0
74592,942,0.140549,0
74602,944,0.421631,0
74612,941,0,0
74622,943,0.281075,0
74632,937,-0.562164,0
74642,938,-0.421631,0
74652,948,0.983788,0
74662,947,0.843262,0
74672,940,-0.140533,0
74682,956,2.108131,0
74692,943,0.281075,0
74702,948,0.983788,0
74712,942,0.140549,0
74722,943,0.281075,0
74732,943,0.281075,0
74742,935,-0.843246,0
74752,956,2.108131,0
74762,942,0.140549,0
74772,939,-0.281082,0
74782,945,0.56218,0
74792,947,0.843262,0
74802,941,0,0
74812,942,0.140549,0
74822,937,-0.562164,0
74832,939,-0.281082,0
74842,942,0.140549,0
74852,941,0,0
74862,944,0.421631,0
74872,939,-0.281082,0
74882,952,1.545952,0
74892,955,1.967583,0
74902,951,1.405418,0
74912,946,0.702705,0
74922,937,-0.562164,0
74932,944,0.421631,0
74942,938,-0.421631,0
74952,944,0.421631,0
74962,936,-0.70269,0
74972,947,0.843262,0
74982,948,0.983788,0
74992,943,0.281075,0
75002,951,1.405418,0
75012,940,-0.140533,0
75022,942,0.140549,0
75032,941,0,0
75042,942,0.140549,0
75052,941,0,0
75062,944,0.421631,0
75072,940,-0.140533,0
75082,940,-0.140533,0
75092,947,0.843262,0
75102,954,1.827049,0
75112,946,0.702705,0
75122,941,0,0
75132,947,0.843262,0
75142,943,0.281075,0
75152,940,-0.140533,0
75162,944,0.421631,0
75172,939,-0.281082,0
75182,947,0.843262,0
75192,944,0.421631,0
75202,941,0,0
75212,942,0.140549,0
75222,945,0.56218,0
75232,953,1.686501,0
75242,945,0.56218,0
75252,945,0.56218,0
75262,946,0.702705,0
75272,939,-0.281082,0
75282,938,-0.421631,0
75292,943,0.281075,0
75302,947,0.843262,0
75312,943,0.281075,0
75322,937,-0.562164,0
75332,946,0.702705,0
75342,941,0,0
75352,940,-0.140533,0
75362,944,0.421631,0
75372,943,0.281075,0
75382,936,-0.70269,0
75392,944,0.421631,0
75402,947,0.843262,0
75412,946,0.702705,0
75422,951,1.405418,0
75432,949,1.124344,0
75442,941,0,0
75452,943,0.281075,0
75462,941,0,0
75472,943,0.281075,0
75482,937,-0.562164,0
75492,944,0.421631,0
75502,942,0.140549,0
75512,945,0.56218,0
75522,938,-0.421631,0
75532,938,-0.421631,0
75542,937,-0.562164,0
75552,942,0.140549,0
75562,948,0.983788,0
75572,947,0.843262,0
75582,949,1.124344,0
75592,946,0.702705,0
75602,952,1.545952,0
75612,955,1.967583,0
75622,941,0,0
75632,941,0,0
75642,945,0.56218,1
75652,944,0.421631,1
75662,950,1.26487,1
75672,943,0.281075,1
75682,939,-0.281082,1
75692,942,0.140549,1
75702,951,1.405418,1
75712,945,0.56218,1
75722,940,-0.140533,1
75732,943,0.281075,1
75742,945,0.56218,1
75752,949,1.124344,1
75762,938,-0.421631,1
75772,942,0.140549,1
75782,936,-0.70269,1
75792,939,-0.281082,1
75802,939,-0.281082,1
75812,943,0.281075,1
75822,943,0.281075,1
75832,943,0.281075,1
75842,939,-0.281082,1
75852,942,0.140549,1
75862,943,0.281075,1
75872,942,0.140549,1
75882,945,0.56218,1
75892,942,0.140549,1
75902,942,0.140549,1
75912,950,1.26487,1
75922,941,0,1
75932,951,1.405418,1
75942,941,0,1
75952,937,-0.562164,1
75962,935,-0.843246,1
75972,945,0.56218,1
75982,948,0.983788,1
75992,943,0.281075,1
76002,949,1.124344,1
76012,944,0.421631,1
76022,940,-0.140533,1
76032,947,0.843262,1
76042,939,-0.281082,1
76052,937,-0.562164,1
76062,943,0.281075,1
76072,938,-0.421631,1
76082,942,0.140549,1
76092,954,1.827049,1
76102,956,2.108131,1
76112,938,-0.421631,1
76122,940,-0.140533,1
76132,955,1.967583,1
76142,937,-0.562164,1
76152,941,0,1
76162,938,-0.421631,1
76172,947,0.843262,1
76182,940,-0.140533,1
76192,938,-0.421631,1
76202,942,0.140549,1
76212,946,0.702705,1
76222,950,1.26487,1
76232,939,-0.281082,1
76242,947,0.843262,1
76252,935,-0.843246,1
76262,936,-0.70269,1
76272,938,-0.421631,1
76282,938,-0.421631,1
76292,941,0,1
76302,954,1.827049,1
76312,948,0.983788,1
76322,938,-0.421631,1
76332,948,0.983788,1
76342,954,1.827049,1
76352,954,1.827049,1
76362,942,0.140549,1
76372,936,-0.70269,1
76382,937,-0.562164,1
76392,936,-0.70269,1
76402,940,-0.140533,1
76412,946,0.702705,1
76422,951,1.405418,1
76432,952,1.545952,1
76442,946,0.702705,1
76452,946,0.702705,1
76462,944,0.421631,1
76472,947,0.843262,1
76482,951,1.405418,1
76492,941,0,1
76502,941,0,1
76512,942,0.140549,1
76522,942,0.140549,1
76532,953,1.686501,1
76542,944,0.421631,1
76552,952,1.545952,1
76562,948,0.983788,1
76572,944,0.421631,1
76582,955,1.967583,1
76592,942,0.140549,1
76602,949,1.124344,1
76612,941,0,1
76622,941,0,1
76632,948,0.983788,1
76642,941,0,1
76652,951,1.405418,1
76662,944,0.421631,1
76672,947,0.843262,1
76682,949,1.124344,1
76692,936,-0.70269,1
76702,937,-0.562164,1
76712,892,-6.886528,1
76722,862,-11.10278,1
76732,833,-15.17847,1
76742,790,-21.22175,1
76752,760,-25.438,1
76762,732,-29.37315,1
76772,708,-32.74615,1
76782,687,-35.69753,1
76792,673,-37.6651,1
76802,646,-41.45972,1
76812,627,-44.13001,1
76822,612,-46.23813,1
76832,595,-48.62734,1
76842,585,-50.03275,1
76852,564,-52.98412,1
76862,552,-54.67062,1
76872,544,-55.79495,1
76882,534,-57.20036,1
76892,525,-58.46524,1
76902,523,-58.74632,1
76912,498,-62.25985,1
76922,499,-62.11931,1
76932,499,-62.11931,1
76942,486,-63.94635,1
76952,475,-65.49231,1
76962,471,-66.05447,1
76972,473,-65.77339,1
76982,463,-67.1788,1
76992,462,-67.31935,1
77002,453,-68.58422,1
77012,445,-69.70855,1
77022,451,-68.8653,1
77032,440,-70.41126,1
77042,441,-70.27072,1
77052,442,-70.13017,1
77062,441,-70.27072,1
77072,425,-72.51938,1
77082,439,-70.5518,1
77092,426,-72.37885,1
77102,425,-72.51938,1
77112,425,-72.51938,1
77122,425,-72.51938,1
77132,424,-72.65993,1
77142,420,-73.22208,1
77152,424,-72.65993,1
77162,413,-74.20588,1
77172,419,-73.36263,1
77182,416,-73.78426,1
77192,408,-74.90858,1
77202,411,-74.48696,1
77212,406,-75.18967,0
77222,404,-75.47075,0
77232,400,-76.03291,0
77242,407,-75.04913,0
77252,403,-75.61129,0
77262,410,-74.6275,0
77272,404,-75.47075,0
77282,406,-75.18967,0
77292,400,-76.03291,0
77302,398,-76.314,0
77312,401,-75.89238,0
77322,395,-76.73563,0
77332,403,-75.61129,0
77342,392,-77.15725,0
77352,398,-76.314,0
77362,396,-76.59508,0
77372,391,-77.29779,0
77382,392,-77.15725,0
77392,394,-76.87617,0
77402,393,-77.01671,0
77412,391,-77.29779,0
77422,386,-78.0005,0
77432,389,-77.57887,0
77442,391,-77.29779,0
77452,397,-76.45454,0
77462,388,-77.71941,0
77472,387,-77.85995,0
77482,393,-77.01671,0
77492,394,-76.87617,0
77502,386,-78.0005,0
77512,391,-77.29779,0
77522,389,-77.57887,0
77532,390,-77.43833,0
77542,390,-77.43833,0
77552,391,-77.29779,0
77562,395,-76.73563,0
77572,396,-76.59508,0
77582,395,-76.73563,0
77592,386,-78.0005,0
77602,388,-77.71941,0
77612,384,-78.28158,0
77622,382,-78.56266,0
77632,397,-76.45454,0
77642,387,-77.85995,0
77652,396,-76.59508,0
77662,391,-77.29779,0
77672,396,-76.59508,0
77682,389,-77.57887,0
77692,390,-77.43833,0
77702,389,-77.57887,0
77712,383,-78.42213,0
77722,391,-77.29779,0
77732,381,-78.7032,0
77742,389,-77.57887,0
77752,387,-77.85995,0
77762,388,-77.71941,0
77772,392,-77.15725,0
77782,388,-77.71941,0
77792,384,-78.28158,0
77802,386,-78.0005,0
77812,394,-76.87617,0
77822,388,-77.71941,0
77832,387,-77.85995,0
77842,384,-78.28158,0
77852,385,-78.14104,0
77862,391,-77.29779,0
77872,390,-77.43833,0
77882,388,-77.71941,0
77892,392,-77.15725,0
77902,389,-77.57887,0
77912,389,-77.57887,0
77922,388,-77.71941,0
77932,386,-78.0005,0
77942,388,-77.71941,0
77952,389,-77.57887,0
77962,389,-77.57887,0
77972,385,-78.14104,0
77982,392,-77.15725,0
77992,397,-76.45454,0
78002,388,-77.71941,0
78012,393,-77.01671,0
78022,394,-76.87617,0
78032,385,-78.14104,0
78042,391,-77.29779,0
78052,394,-76.87617,0
78062,384,-78.28158,0
78072,388,-77.71941,0
78082,390,-77.43833,0
78092,385,-78.14104,0
78102,400,-76.03291,0
78112,397,-76.45454,0
78122,382,-78.56266,0
78132,390,-77.43833,0
78142,387,-77.85995,0
78152,386,-78.0005,0
78162,387,-77.85995,0
78172,383,-78.42213,0
78182,388,-77.71941,0
78192,389,-77.57887,0
78202,389,-77.57887,0
78212,389,-77.57887,0
78222,384,-78.28158,0
78232,391,-77.29779,0
78242,387,-77.85995,0
78252,391,-77.29779,0
78262,417,-73.64371,0
78272,464,-67.03827,0
78282,472,-65.91394,0
78292,484,-64.22743,0
78302,481,-64.64906,0
78312,476,-65.35177,0
78322,484,-64.22743,0
78332,486,-63.94635,0
78342,493,-62.96256,0
78352,492,-63.1031,0
78362,494,-62.82202,0
78372,485,-64.0869,0
78382,497,-62.4004,0
78392,496,-62.54094,0
78402,500,-61.97878,0
78412,496,-62.54094,0
78422,499,-62.11931,0
78432,501,-61.83823,0
78442,508,-60.85444,0
78452,505,-61.27607,0
78462,513,-60.15174,0
78472,515,-59.87066,0
78482,506,-61.13553,0
78492,516,-59.73011,0
78502,515,-59.87066,0
78512,518,-59.44902,0
78522,515,-59.87066,0
78532,519,-59.30848,0
78542,528,-58.04361,0
78552,527,-58.18415,0
78562,530,-57.76253,0
78572,529,-57.90307,0
78582,528,-58.04361,0
78592,525,-58.46524,0
78602,534,-57.20036,0
78612,535,-57.05983,0
78622,536,-56.91928,0
78632,527,-58.18415,0
78642,542,-56.07603,0
78652,541,-56.21658,0
78662,542,-56.07603,0
78672,544,-55.79495,0
78682,547,-55.37333,0
78692,550,-54.95169,0
78702,554,-54.38954,0
78712,547,-55.37333,0
78722,553,-54.53008,0
78732,550,-54.95169,0
78742,548,-55.23278,0
78752,557,-53.96791,0
78762,555,-54.249,0
78772,559,-53.68682,0
78782,563,-53.12466,0
78792,565,-52.84359,0
78802,560,-53.54628,0
78812,571,-52.00033,0
78822,568,-52.42195,0
78832,570,-52.14087,0
78842,571,-52.00033,0
78852,566,-52.70304,0
78862,570,-52.14087,0
78872,577,-51.15708,0
78882,577,-51.15708,0
78892,577,-51.15708,0
78902,577,-51.15708,0
78912,580,-50.73545,0
78922,584,-50.17329,0
78932,585,-50.03275,0
78942,579,-50.876,0
78952,589,-49.47058,0
78962,590,-49.33004,0
78972,590,-49.33004,0
78982,594,-48.76788,0
78992,595,-48.62734,0
79002,594,-48.76788,0
79012,596,-48.4868,0
79022,602,-47.64354,0
79032,597,-48.34626,0
79042,597,-48.34626,0
79052,601,-47.78408,0
79062,600,-47.92463,0
79072,605,-47.22192,0
79082,614,-45.95705,0
79092,613,-46.09759,0
79102,617,-45.53543,0
79112,605,-47.22192,0
79122,618,-45.39488,0
79132,616,-45.67597,0
79142,614,-45.95705,0
79152,616,-45.67597,0
79162,625,-44.41109,0
79172,629,-43.84893,0
79182,629,-43.84893,0
79192,629,-43.84893,0
79202,621,-44.97326,0
79212,628,-43.98947,0
79222,628,-43.98947,0
79232,629,-43.84893,0
79242,628,-43.98947,0
79252,630,-43.70838,0
79262,633,-43.28676,0
79272,638,-42.58406,0
79282,638,-42.58406,0
79292,641,-42.16243,0
79302,641,-42.16243,0
79312,641,-42.16243,0
79322,640,-42.30297,0
79332,656,-40.05431,0
79342,641,-42.16243,0
79352,650,-40.89755,0
79362,645,-41.60027,0
79372,656,-40.05431,0
79382,649,-41.0381,0
79392,650,-40.89755,0
79402,659,-39.63268,0
79412,658,-39.77323,0
79422,659,-39.63268,0
79432,662,-39.21106,0
79442,665,-38.78944,0
79452,669,-38.22727,0
79462,667,-38.50835,0
79472,669,-38.22727,0
79482,662,-39.21106,0
79492,666,-38.6489,0
79502,674,-37.52456,0
79512,668,-38.36781,0
79522,673,-37.6651,0
79532,676,-37.24348,0
79542,685,-35.97861,0
79552,683,-36.25969,0
79562,683,-36.25969,0
79572,681,-36.54077,0
79582,683,-36.25969,0
79592,683,-36.25969,0
79602,683,-36.25969,0
79612,685,-35.97861,0
79622,691,-35.13535,0
79632,685,-35.97861,0
79642,681,-36.54077,0
79652,690,-35.2759,0
79662,691,-35.13535,0
79672,700,-33.87048,0
79682,700,-33.87048,0
79692,691,-35.13535,0
79702,697,-34.29211,0
79712,697,-34.29211,0
79722,693,-34.85427,0
79732,711,-32.32453,0
79742,702,-33.5894,0
79752,702,-33.5894,0
79762,702,-33.5894,0
79772,708,-32.74615,0
79782,714,-31.9029,0
79792,708,-32.74615,0
79802,711,-32.32453,0
79812,717,-31.48128,0
79822,714,-31.9029,0
79832,719,-31.2002,0
79842,718,-31.34074,0
79852,724,-30.49749,0
79862,719,-31.2002,0
79872,725,-30.35696,0
79882,720,-31.05966,0
79892,732,-29.37315,0
79902,727,-30.07587,0
79912,725,-30.35696,0
79922,730,-29.65424,0
79932,721,-30.91912,0
79942,731,-29.51369,0
79952,731,-29.51369,0
79962,732,-29.37315,0
79972,735,-28.95154,0
79982,735,-28.95154,0
79992,737,-28.67046,0
80002,734,-29.09207,0
80012,737,-28.67046,0
80022,735,-28.95154,0
80032,741,-28.10828,0
80042,744,-27.68666,0
80052,747,-27.26505,0
80062,747,-27.26505,0
80072,745,-27.54611,0
80082,747,-27.26505,0
80092,744,-27.68666,0
80102,749,-26.98395,0
80112,748,-27.1245,0
80122,752,-26.56233,0
80132,750,-26.84341,0
80142,754,-26.28124,0
80152,751,-26.70287,0
80162,755,-26.1407,0
80172,761,-25.29746,0
80182,753,-26.42179,0
80192,762,-25.15692,0
80202,760,-25.438,0
80212,765,-24.73529,0
80222,766,-24.59476,0
80232,763,-25.01637,0
80242,775,-23.32987,0
80252,764,-24.87582,0
80262,768,-24.31367,0
80272,767,-24.45421,0
80282,770,-24.03259,0
80292,767,-24.45421,0
80302,771,-23.89204,0
80312,776,-23.18934,0
80322,777,-23.0488,0
80332,778,-22.90826,0
80342,778,-22.90826,0
80352,782,-22.34608,0
80362,778,-22.90826,0
80372,779,-22.76772,0
80382,781,-22.48663,0
80392,785,-21.92446,0
80402,788,-21.50285,0
80412,786,-21.78392,0
80422,799,-19.95688,0
80432,781,-22.48663,0
80442,784,-22.065,0
80452,800,-19.81634,0
80462,800,-19.81634,0
80472,803,-19.39472,0
80482,798,-20.09743,0
80492,806,-18.97309,0
80502,802,-19.53526,0
80512,797,-20.23797,0
80522,800,-19.81634,0
80532,805,-19.11362,0
80542,800,-19.81634,0
80552,798,-20.09743,0
80562,805,-19.11362,0
80572,811,-18.27039,0
80582,812,-18.12984,0
80592,808,-18.69201,0
80602,812,-18.12984,0
80612,812,-18.12984,0
80622,819,-17.14606,0
80632,809,-18.55147,0
80642,809,-18.55147,0
80652,811,-18.27039,0
80662,814,-17.84875,0
80672,823,-16.58389,0
80682,818,-17.2866,0
80692,815,-17.70821,0
80702,820,-17.00552,0
80712,820,-17.00552,0
80722,826,-16.16226,0
80732,825,-16.3028,0
80742,828,-15.88118,0
80752,816,-17.56767,0
80762,820,-17.00552,0
80772,831,-15.45955,0
80782,829,-15.74065,0
80792,828,-15.88118,0
80802,828,-15.88118,0
80812,840,-14.19468,0
80822,832,-15.31902,0
80832,838,-14.47577,0
80842,828,-15.88118,0
80852,846,-13.35143,0
80862,834,-15.03793,0
80872,831,-15.45955,0
80882,835,-14.89739,0
80892,832,-15.31902,0
80902,839,-14.33523,0
80912,835,-14.89739,0
80922,843,-13.77306,0
80932,838,-14.47577,0
80942,846,-13.35143,0
80952,840,-14.19468,0
80962,842,-13.9136,0
80972,848,-13.07036,0
80982,841,-14.05414,0
80992,842,-13.9136,0
81002,847,-13.2109,0
81012,850,-12.78927,0
81022,853,-12.36765,0
81032,845,-13.49197,0
81042,847,-13.2109,0
81052,850,-12.78927,0
81062,850,-12.78927,0
81072,858,-11.66493,0
81082,857,-11.80549,0
81092,861,-11.24332,0
81102,855,-12.08656,0
81112,856,-11.94601,0
81122,851,-12.64873,0
81132,862,-11.10278,0
81142,859,-11.5244,0
81152,867,-10.40006,0
81162,858,-11.66493,0
81172,862,-11.10278,0
81182,860,-11.38386,0
81192,863,-10.96223,0
81202,865,-10.68114,0
81212,860,-11.38386,0
81222,862,-11.10278,0
81232,860,-11.38386,0
81242,875,-9.275734,0
81252,866,-10.5406,0
81262,874,-9.416275,0
81272,874,-9.416275,0
81282,870,-9.978447,0
81292,867,-10.40006,0
81302,869,-10.11898,0
81312,879,-8.71357,0
81322,871,-9.837906,0
81332,872,-9.69735,0
81342,872,-9.69735,0
81352,870,-9.978447,0
81362,871,-9.837906,0
81372,877,-8.994652,0
81382,884,-8.010857,0
81392,882,-8.291939,0
81402,887,-7.589226,0
81412,877,-8.994652,0
81422,870,-9.978447,0
81432,876,-9.135193,0
81442,880,-8.573029,0
81452,877,-8.994652,0
81462,884,-8.010857,0
81472,890,-7.16761,0
81482,884,-8.010857,0
81492,893,-6.745987,0
81502,892,-6.886528,0
81512,889,-7.308159,0
81522,890,-7.16761,0
81532,899,-5.902733,0
81542,878,-8.854111,0
81552,884,-8.010857,0
81562,877,-8.994652,0
81572,884,-8.010857,0
81582,886,-7.729767,0
81592,896,-6.324356,0
81602,907,-4.778404,0
81612,903,-5.340576,0
81622,894,-6.605446,0
81632,891,-7.027069,0
81642,892,-6.886528,0
81652,886,-7.729767,0
81662,900,-5.762199,0
81672,897,-6.183815,0
81682,895,-6.464897,0
81692,900,-5.762199,0
81702,901,-5.621658,0
81712,900,-5.762199,0
81722,904,-5.200027,0
81732,904,-5.200027,0
81742,906,-4.918945,0
81752,901,-5.621658,0
81762,899,-5.902733,0
81772,897,-6.183815,0
81782,900,-5.762199,0
81792,899,-5.902733,0
81802,900,-5.762199,0
81812,901,-5.621658,0
81822,900,-5.762199,0
81832,906,-4.918945,0
81842,897,-6.183815,0
81852,916,-3.513542,0
81862,904,-5.200027,0
81872,906,-4.918945,0
81882,895,-6.464897,0
81892,904,-5.200027,0
81902,912,-4.075706,0
81912,909,-4.497322,0
81922,908,-4.637863,0
81932,907,-4.778404,0
81942,901,-5.621658,0
81952,917,-3.372986,0
81962,905,-5.059486,0
81972,906,-4.918945,0
81982,908,-4.637863,0
81992,910,-4.356781,0
82002,915,-3.654068,0
82012,912,-4.075706,0
82022,913,-3.93515,0
82032,915,-3.654068,0
82042,907,-4.778404,0
82052,911,-4.216248,0
82062,914,-3.794617,0
82072,910,-4.356781,0
82082,923,-2.529747,0
82092,917,-3.372986,0
82102,918,-3.23246,0
82112,921,-2.810829,0
82122,916,-3.513542,0
82132,920,-2.951378,0
82142,919,-3.091904,0
82152,916,-3.513542,0
82162,915,-3.654068,0
82172,916,-3.513542,0
82182,922,-2.670273,0
82192,916,-3.513542,0
82202,926,-2.108116,0
82212,916,-3.513542,0
82222,919,-3.091904,0
82232,919,-3.091904,0
82242,924,-2.389198,0
82252,919,-3.091904,0
82262,924,-2.389198,0
82272,922,-2.670273,0
82282,924,-2.389198,0
82292,918,-3.23246,0
82302,932,-1.264877,0
82312,918,-3.23246,0
82322,922,-2.670273,0
82332,923,-2.529747,0
82342,920,-2.951378,0
82352,934,-0.983795,0
82362,922,-2.670273,0
82372,926,-2.108116,0
82382,925,-2.248665,0
82392,931,-1.405403,0
82402,927,-1.96756,0
82412,924,-2.389198,0
82422,933,-1.124321,0
82432,924,-2.389198,0
82442,924,-2.389198,0
82452,934,-0.983795,0
82462,929,-1.686508,0
82472,935,-0.843246,0
82482,933,-1.124321,0
82492,927,-1.96756,0
82502,921,-2.810829,0
82512,927,-1.96756,0
82522,933,-1.124321,0
82532,929,-1.686508,0
82542,924,-2.389198,0
82552,925,-2.248665,0
82562,927,-1.96756,0
82572,939,-0.281082,0
82582,936,-0.70269,0
82592,938,-0.421631,0
82602,929,-1.686508,0
82612,928,-1.827034,0
82622,932,-1.264877,0
82632,936,-0.70269,0
82642,935,-0.843246,0
82652,927,-1.96756,0
82662,929,-1.686508,0
82672,932,-1.264877,0
82682,941,0,0
82692,932,-1.264877,0
82702,928,-1.827034,0
82712,940,-0.140533,0
82722,939,-0.281082,0
82732,940,-0.140533,0
82742,930,-1.545952,0
82752,936,-0.70269,0
82762,931,-1.405403,0
82772,943,0.281075,0
82782,938,-0.421631,0
82792,945,0.56218,0
82802,940,-0.140533,0
82812,936,-0.70269,0
82822,940,-0.140533,0
82832,945,0.56218,0
82842,931,-1.405403,0
82852,933,-1.124321,0
82862,931,-1.405403,0
82872,927,-1.96756,0
82882,937,-0.562164,0
82892,937,-0.562164,0
82902,934,-0.983795,0
82912,934,-0.983795,0
82922,940,-0.140533,0
82932,937,-0.562164,0
82942,945,0.56218,0
82952,935,-0.843246,0
82962,932,-1.264877,0
82972,933,-1.124321,0
82982,932,-1.264877,0
82992,939,-0.281082,0
83002,934,-0.983795,0
83012,937,-0.562164,0
83022,941,0,0
83032,935,-0.843246,0
83042,936,-0.70269,0
83052,936,-0.70269,0
83062,935,-0.843246,0
83072,940,-0.140533,0
83082,942,0.140549,0
83092,944,0.421631,0
83102,934,-0.983795,0
83112,935,-0.843246,0
83122,943,0.281075,0
83132,940,-0.140533,0
83142,940,-0.140533,0
83152,942,0.140549,0
83162,944,0.421631,0
83172,945,0.56218,0
83182,939,-0.281082,0
83192,945,0.56218,0
83202,937,-0.562164,0
83212,937,-0.562164,0
83222,934,-0.983795,0
83232,937,-0.562164,0
83242,946,0.702705,0
83252,933,-1.124321,0
83262,940,-0.140533,0
83272,943,0.281075,0
83282,937,-0.562164,0
83292,942,0.140549,0
83302,942,0.140549,0
83312,940,-0.140533,0
83322,944,0.421631,0
83332,939,-0.281082,0
83342,937,-0.562164,0
83352,948,0.983788,0
83362,932,-1.264877,0
83372,954,1.827049,0
83382,946,0.702705,0
83392,947,0.843262,0
83402,939,-0.281082,0
83412,942,0.140549,0
83422,951,1.405418,0
83432,937,-0.562164,0
83442,941,0,0
83452,944,0.421631,0
83462,939,-0.281082,0
83472,935,-0.843246,0
83482,944,0.421631,0
83492,947,0.843262,0
83502,943,0.281075,0
83512,948,0.983788,0
83522,940,-0.140533,0
83532,956,2.108131,0
83542,942,0.140549,0
83552,946,0.702705,0
83562,942,0.140549,0
83572,942,0.140549,0
83582,944,0.421631,0
83592,951,1.405418,0
83602,942,0.140549,0
83612,945,0.56218,0
83622,946,0.702705,0
83632,948,0.983788,0
83642,948,0.983788,0
83652,941,0,0
83662,939,-0.281082,0
83672,935,-0.843246,0
83682,941,0,0
83692,945,0.56218,0
83702,943,0.281075,0
83712,941,0,0
83722,937,-0.562164,0
83732,944,0.421631,0
83742,945,0.56218,0
83752,943,0.281075,0
83762,942,0.140549,0
83772,944,0.421631,0
83782,939,-0.281082,0
83792,943,0.281075,0
83802,932,-1.264877,0
83812,938,-0.421631,0
83822,946,0.702705,0
83832,941,0,0
83842,951,1.405418,0
83852,959,2.529739,0
83862,936,-0.70269,0
83872,945,0.56218,0
83882,938,-0.421631,0
83892,940,-0.140533,0
83902,939,-0.281082,0
83912,940,-0.140533,0
83922,949,1.124344,0
83932,949,1.124344,0
83942,944,0.421631,0
83952,941,0,0
83962,936,-0.70269,0
83972,941,0,0
83982,948,0.983788,0
83992,949,1.124344,0
84002,944,0.421631,0
84012,938,-0.421631,0
84022,937,-0.562164,0
84032,934,-0.983795,0
84042,936,-0.70269,0
84052,944,0.421631,0
84062,942,0.140549,0
84072,942,0.140549,0
84082,938,-0.421631,0
84092,938,-0.421631,0
84102,939,-0.281082,0
84112,938,-0.421631,0
84122,938,-0.421631,0
84132,937,-0.562164,0
84142,942,0.140549,0
84152,945,0.56218,0
84162,945,0.56218,0
84172,951,1.405418,0
84182,942,0.140549,0
84192,948,0.983788,0
84202,939,-0.281082,0
84212,938,-0.421631,0
84222,940,-0.140533,0
84232,947,0.843262,0
84242,944,0.421631,0
84252,948,0.983788,0
84262,939,-0.281082,0
84272,936,-0.70269,0
84282,944,0.421631,0
84292,943,0.281075,0
84302,944,0.421631,0
84312,941,0,0
84322,952,1.545952,0
84332,941,0,0
84342,945,0.56218,0
84352,942,0.140549,0
84362,936,-0.70269,0
84372,932,-1.264877,0
84382,938,-0.421631,0
84392,942,0.140549,0
84402,946,0.702705,0
84412,948,0.983788,0
84422,939,-0.281082,0
84432,943,0.281075,0
84442,936,-0.70269,0
84452,942,0.140549,0
84462,944,0.421631,0
84472,943,0.281075,0
84482,954,1.827049,0
84492,946,0.702705,0
84502,952,1.545952,0
84512,951,1.405418,0
84522,950,1.26487,0
84532,954,1.827049,0
84542,942,0.140549,0
84552,943,0.281075,0
84562,944,0.421631,0
84572,940,-0.140533,0
84582,941,0,0
84592,942,0.140549,0
84602,941,0,0
84612,942,0.140549,0
84622,941,0,0
84632,935,-0.843246,0
84642,940,-0.140533,0
84652,939,-0.281082,0
84662,944,0.421631,0
84672,942,0.140549,0
84682,946,0.702705,0
84692,948,0.983788,0
84702,936,-0.70269,0
84712,948,0.983788,0
84722,944,0.421631,0
84732,946,0.702705,0
84742,944,0.421631,0
84752,946,0.702705,0
84762,946,0.702705,0
84772,942,0.140549,0
84782,948,0.983788,0
84792,941,0,0
84802,941,0,0
84812,938,-0.421631,0
84822,942,0.140549,0
84832,943,0.281075,0
84842,941,0,0
84852,951,1.405418,0
84862,941,0,0
84872,946,0.702705,0
84882,942,0.140549,0
84892,944,0.421631,0
84902,941,0,0
84912,953,1.686501,0
84922,944,0.421631,0
84932,945,0.56218,0
84942,951,1.405418,0
84952,945,0.56218,0
84962,947,0.843262,0
84972,949,1.124344,0
84982,939,-0.281082,0
84992,953,1.686501,0
85002,943,0.281075,0
85012,946,0.702705,0
85022,936,-0.70269,0
85032,942,0.140549,0
85042,948,0.983788,0
85052,944,0.421631,0
85062,939,-0.281082,0
85072,951,1.405418,0
85082,950,1.26487,0
85092,950,1.26487,0
85102,946,0.702705,0
85112,942,0.140549,0
85122,944,0.421631,0
85132,938,-0.421631,0
85142,945,0.56218,0
85152,944,0.421631,0
85162,948,0.983788,0
85172,944,0.421631,0
85182,941,0,0
85192,943,0.281075,0
85202,942,0.140549,0
85212,948,0.983788,0
85222,947,0.843262,0
85232,946,0.702705,0
85242,938,-0.421631,0
85252,941,0,0
85262,940,-0.140533,0
85272,950,1.26487,0
85282,945,0.56218,0
85292,940,-0.140533,0
85302,948,0.983788,0
85312,940,-0.140533,0
85322,950,1.26487,0
85332,942,0.140549,0
85342,935,-0.843246,0
85352,935,-0.843246,0
85362,941,0,0
85372,943,0.281075,0
85382,945,0.56218,0
85392,947,0.843262,0
85402,945,0.56218,0
85412,957,2.248657,0
85422,946,0.702705,0
85432,943,0.281075,0
85442,944,0.421631,0
85452,935,-0.843246,0
85462,939,-0.281082,0
85472,945,0.56218,0
85482,941,0,0
85492,940,-0.140533,0
85502,944,0.421631,0
85512,948,0.983788,0
85522,950,1.26487,0
85532,960,2.670296,0
85542,946,0.702705,0
85552,942,0.140549,0
85562,948,0.983788,0
85572,940,-0.140533,0
85582,944,0.421631,0
85592,940,-0.140533,0
85602,945,0.56218,0
85612,943,0.281075,0
85622,963,3.091927,0
85632,945,0.56218,0
85642,950,1.26487,0
85652,942,0.140549,0
85662,950,1.26487,0
85672,940,-0.140533,0
85682,943,0.281075,0
85692,951,1.405418,0
85702,945,0.56218,0
85712,946,0.702705,0
85722,949,1.124344,0
85732,940,-0.140533,0
85742,942,0.140549,0
85752,951,1.405418,0
85762,953,1.686501,0
85772,943,0.281075,0
85782,945,0.56218,0
85792,937,-0.562164,0
85802,943,0.281075,0
85812,944,0.421631,0
85822,945,0.56218,0
85832,938,-0.421631,0
85842,940,-0.140533,0
85852,940,-0.140533,0
85862,946,0.702705,0
85872,943,0.281075,0
85882,945,0.56218,0
85892,943,0.281075,0
85902,944,0.421631,0
85912,944,0.421631,0
85922,942,0.140549,0
85932,938,-0.421631,0
85942,945,0.56218,0
85952,944,0.421631,0
85962,941,0,0
85972,941,0,0
85982,950,1.26487,0
85992,944,0.421631,0
86002,943,0.281075,0
86012,942,0.140549,0
86022,941,0,0
86032,946,0.702705,0
86042,943,0.281075,0
86052,949,1.124344,0
86062,948,0.983788,0
86072,943,0.281075,0
86082,940,-0.140533,0
86092,939,-0.281082,0
86102,948,0.983788,0
86112,941,0,0
86122,941,0,0
86132,941,0,0
86142,953,1.686501,0
86152,949,1.124344,0
86162,950,1.26487,0
86172,950,1.26487,0
86182,953,1.686501,0
86192,954,1.827049,0
86202,938,-0.421631,0
86212,945,0.56218,0
86222,936,-0.70269,0
86232,940,-0.140533,0
86242,943,0.281075,0
86252,944,0.421631,0
86262,943,0.281075,0
86272,941,0,0
86282,942,0.140549,0
86292,954,1.827049,0
86302,951,1.405418,0
86312,946,0.702705,0
86322,942,0.140549,0
86332,942,0.140549,0
86342,948,0.983788,0
86352,934,-0.983795,0
86362,941,0,0
86372,947,0.843262,0
86382,944,0.421631,0
86392,950,1.26487,0
86402,946,0.702705,0
86412,953,1.686501,0
86422,946,0.702705,0
86432,942,0.140549,0
86442,942,0.140549,0
86452,941,0,0
86462,937,-0.562164,0
86472,938,-0.421631,0
86482,947,0.843262,0
86492,941,0,0
86502,943,0.281075,0
86512,951,1.405418,0
86522,949,1.124344,0
86532,949,1.124344,0
86542,953,1.686501,0
86552,947,0.843262,0
86562,941,0,0
86572,948,0.983788,0
86582,946,0.702705,0
86592,950,1.26487,0
86602,949,1.124344,0
86612,941,0,0
86622,951,1.405418,0
86632,944,0.421631,0
86642,947,0.843262,0
86652,947,0.843262,0
86662,948,0.983788,0
86672,946,0.702705,0
86682,946,0.702705,0
86692,943,0.281075,0
86702,938,-0.421631,0
86712,950,1.26487,0
86722,953,1.686501,0
86732,948,0.983788,0
86742,948,0.983788,0
86752,950,1.26487,0
86762,944,0.421631,0
86772,955,1.967583,0
86782,944,0.421631,0
86792,933,-1.124321,0
86802,941,0,0
86812,947,0.843262,0
86822,954,1.827049,0
86832,945,0.56218,0
86842,943,0.281075,0
86852,942,0.140549,0
86862,941,0,0
86872,943,0.281075,0
86882,949,1.124344,0
86892,946,0.702705,0
86902,937,-0.562164,0
86912,944,0.421631,0
86922,939,-0.281082,0
86932,949,1.124344,0
86942,942,0.140549,0
86952,941,0,0
86962,943,0.281075,0
86972,943,0.281075,0
86982,943,0.281075,0
86992,941,0,0
87002,954,1.827049,0
87012,937,-0.562164,0
87022,946,0.702705,0
87032,945,0.56218,0
87042,943,0.281075,0
87052,942,0.140549,0
87062,947,0.843262,0
87072,951,1.405418,0
87082,940,-0.140533,0
87092,935,-0.843246,0
87102,942,0.140549,0
87112,942,0.140549,0
87122,952,1.545952,0
87132,937,-0.562164,0
87142,944,0.421631,0
87152,941,0,0
87162,954,1.827049,0
87172,945,0.56218,0
87182,946,0.702705,0
87192,950,1.26487,0
87202,941,0,0
87212,952,1.545952,0
87222,946,0.702705,0
87232,950,1.26487,0
87242,948,0.983788,0
87252,937,-0.562164,0
87262,942,0.140549,0
87272,948,0.983788,0
87282,944,0.421631,0
87292,950,1.26487,0
87302,945,0.56218,0
87312,946,0.702705,0
87322,951,1.405418,0
87332,946,0.702705,0
87342,943,0.281075,0
87352,938,-0.421631,0
87362,943,0.281075,0
87372,945,0.56218,0
87382,942,0.140549,0
87392,941,0,0
87402,942,0.140549,0
87412,950,1.26487,0
87422,946,0.702705,0
87432,945,0.56218,0
87442,945,0.56218,0
87452,944,0.421631,0
87462,944,0.421631,0
87472,940,-0.140533,0
87482,935,-0.843246,0
87492,940,-0.140533,0
87502,935,-0.843246,0
87512,945,0.56218,0
87522,945,0.56218,0
87532,940,-0.140533,0
87542,942,0.140549,0
87552,942,0.140549,0
87562,953,1.686501,0
87572,961,2.810822,0
87582,943,0.281075,0
87592,947,0.843262,0
87602,942,0.140549,0
87612,939,-0.281082,0
87622,952,1.545952,0
87632,942,0.140549,0
87642,957,2.248657,0
87652,950,1.26487,0
87662,941,0,0
87672,947,0.843262,0
87682,939,-0.281082,0
87692,943,0.281075,0
87702,937,-0.562164,0
87712,937,-0.562164,0
87722,946,0.702705,0
87732,944,0.421631,0
87742,945,0.56218,0
87752,940,-0.140533,0
87762,942,0.140549,0
87772,943,0.281075,0
87782,934,-0.983795,0
87792,939,-0.281082,0
87802,940,-0.140533,0
87812,940,-0.140533,0
87822,939,-0.281082,0
87832,940,-0.140533,0
87842,935,-0.843246,0
87852,944,0.421631,0
87862,951,1.405418,0
87872,956,2.108131,0
87882,944,0.421631,0
87892,950,1.26487,0
87902,940,-0.140533,0
87912,955,1.967583,0
87922,948,0.983788,0
87932,941,0,0
87942,945,0.56218,0
87952,943,0.281075,0
87962,950,1.26487,0
87972,937,-0.562164,0
87982,942,0.140549,0
87992,939,-0.281082,0
88002,955,1.967583,0
88012,949,1.124344,0
88022,952,1.545952,0
88032,952,1.545952,0
88042,945,0.56218,0
88052,942,0.140549,0
88062,949,1.124344,0
88072,941,0,0
88082,941,0,0
88092,940,-0.140533,0
88102,945,0.56218,0
88112,948,0.983788,0
88122,944,0.421631,0
88132,940,-0.140533,0
88142,943,0.281075,0
88152,943,0.281075,0
88162,943,0.281075,0
88172,938,-0.421631,0
88182,942,0.140549,0
88192,951,1.405418,0
88202,943,0.281075,0
88212,945,0.56218,0
88222,947,0.843262,0
88232,943,0.281075,0
88242,944,0.421631,0
88252,937,-0.562164,0
88262,940,-0.140533,0
88272,944,0.421631,0
88282,936,-0.70269,0
88292,951,1.405418,0
88302,945,0.56218,0
88312,938,-0.421631,0
88322,938,-0.421631,0
88332,939,-0.281082,0
88342,942,0.140549,0
88352,941,0,0
88362,942,0.140549,0
88372,939,-0.281082,0
88382,937,-0.562164,0
88392,945,0.56218,0
88402,951,1.405418,0
88412,941,0,0
88422,946,0.702705,0
88432,941,0,0
88442,946,0.702705,0
88452,940,-0.140533,0
88462,947,0.843262,0
88472,949,1.124344,0
88482,945,0.56218,0
88492,942,0.140549,0
88502,939,-0.281082,0
88512,955,1.967583,0
88522,958,2.389214,0
88532,946,0.702705,0
88542,949,1.124344,0
88552,946,0.702705,0
88562,938,-0.421631,0
88572,950,1.26487,0
88582,938,-0.421631,0
88592,936,-0.70269,0
88602,944,0.421631,0
88612,951,1.405418,0
88622,942,0.140549,0
88632,947,0.843262,0
88642,946,0.702705,0
88652,951,1.405418,0
88662,951,1.405418,0
88672,941,0,0
88682,955,1.967583,0
88692,942,0.140549,0
88702,940,-0.140533,0
88712,953,1.686501,0
88722,950,1.26487,0
88732,945,0.56218,0
88742,946,0.702705,0
88752,950,1.26487,0
88762,948,0.983788,0
88772,954,1.827049,0
88782,952,1.545952,0
88792,942,0.140549,0
88802,946,0.702705,0
88812,938,-0.421631,0
88822,947,0.843262,0
88832,944,0.421631,0
88842,945,0.56218,0
88852,951,1.405418,0
88862,948,0.983788,0
88872,940,-0.140533,0
88882,942,0.140549,0
88892,938,-0.421631,0
88902,944,0.421631,0
88912,949,1.124344,0
88922,939,-0.281082,0
88932,943,0.281075,0
88942,941,0,0
88952,956,2.108131,0
88962,945,0.56218,0
88972,943,0.281075,0
88982,958,2.389214,0
88992,948,0.983788,0
89002,944,0.421631,0
89012,944,0.421631,0
89022,939,-0.281082,0
89032,940,-0.140533,0
89042,942,0.140549,0
89052,937,-0.562164,0
89062,942,0.140549,0
89072,941,0,0
89082,940,-0.140533,0
89092,950,1.26487,0
89102,953,1.686501,0
89112,946,0.702705,0
89122,952,1.545952,0
89132,947,0.843262,0
89142,956,2.108131,0
89152,939,-0.281082,0
89162,941,0,0
89172,944,0.421631,0
89182,945,0.56218,0
89192,950,1.26487,0
89202,940,-0.140533,0
89212,935,-0.843246,0
89222,943,0.281075,0
89232,939,-0.281082,0
89242,946,0.702705,0
89252,945,0.56218,0
89262,942,0.140549,0
89272,947,0.843262,0
89282,937,-0.562164,0
89292,943,0.281075,0
89302,942,0.140549,0
89312,945,0.56218,0
89322,943,0.281075,0
89332,946,0.702705,0
89342,952,1.545952,0
89352,951,1.405418,0
89362,938,-0.421631,0
89372,943,0.281075,0
89382,940,-0.140533,0
89392,939,-0.281082,0
89402,942,0.140549,0
89412,947,0.843262,0
89422,939,-0.281082,0
89432,938,-0.421631,0
89442,947,0.843262,0
89452,950,1.26487,0
89462,947,0.843262,0
89472,953,1.686501,0
89482,942,0.140549,0
89492,940,-0.140533,0
89502,936,-0.70269,0
89512,945,0.56218,0
89522,930,-1.545952,0
89532,941,0,0
89542,945,0.56218,0
89552,941,0,0
89562,948,0.983788,0
89572,948,0.983788,0
89582,945,0.56218,0
89592,947,0.843262,0
89602,948,0.983788,0
89612,944,0.421631,0
89622,940,-0.140533,0
89632,944,0.421631,0
89642,941,0,0
89652,937,-0.562164,0
89662,941,0,0
89672,941,0,0
89682,947,0.843262,0
89692,940,-0.140533,0
89702,941,0,0
89712,950,1.26487,0
89722,947,0.843262,0
89732,949,1.124344,0
89742,949,1.124344,0
89752,946,0.702705,0
89762,947,0.843262,0
89772,947,0.843262,0
89782,947,0.843262,0
89792,952,1.545952,0
89802,942,0.140549,0
89812,943,0.281075,0
89822,943,0.281075,0
89832,939,-0.281082,0
89842,947,0.843262,0
89852,940,-0.140533,0
89862,942,0.140549,0
89872,950,1.26487,0
89882,955,1.967583,0
89892,940,-0.140533,0
89902,936,-0.70269,0
89912,940,-0.140533,0
89922,944,0.421631,0
89932,935,-0.843246,0
89942,950,1.26487,0
89952,949,1.124344,0
89962,943,0.281075,0
89972,947,0.843262,0
89982,945,0.56218,0
89992,947,0.843262,0
90002,932,-1.264877,0
90012,941,0,0
90022,947,0.843262,0
90032,953,1.686501,0
90042,941,0,0
90052,941,0,0
90062,938,-0.421631,0
90072,947,0.843262,0
90082,937,-0.562164,0
90092,948,0.983788,0
90102,944,0.421631,0
90112,944,0.421631,0
90122,935,-0.843246,0
90132,940,-0.140533,0
90142,938,-0.421631,0
90152,951,1.405418,0
90162,943,0.281075,0
90172,950,1.26487,0
90182,949,1.124344,0
90192,941,0,0
90202,940,-0.140533,0
90212,938,-0.421631,0
90222,944,0.421631,0
90232,944,0.421631,0
90242,940,-0.140533,0
90252,947,0.843262,0
90262,943,0.281075,0
90272,936,-0.70269,0
90282,945,0.56218,0
90292,943,0.281075,0
90302,939,-0.281082,0
90312,945,0.56218,0
90322,949,1.124344,0
90332,954,1.827049,0
90342,940,-0.140533,0
90352,942,0.140549,0
90362,943,0.281075,0
90372,935,-0.843246,0
90382,935,-0.843246,0
90392,933,-1.124321,0
90402,940,-0.140533,0
90412,947,0.843262,0
90422,942,0.140549,0
90432,947,0.843262,0
90442,945,0.56218,0
90452,938,-0.421631,0
90462,946,0.702705,0
90472,946,0.702705,0
90482,946,0.702705,0
90492,939,-0.281082,0
90502,939,-0.281082,0
90512,943,0.281075,0
90522,936,-0.70269,0
90532,940,-0.140533,0
90542,944,0.421631,0
90552,934,-0.983795,0
90562,943,0.281075,0
90572,937,-0.562164,0
90582,941,0,0
90592,944,0.421631,0
90602,944,0.421631,0
90612,940,-0.140533,0
90622,946,0.702705,0
90632,940,-0.140533,0
90642,940,-0.140533,0
90652,939,-0.281082,0
90662,943,0.281075,0
90672,943,0.281075,0
90682,942,0.140549,0
90692,939,-0.281082,0
90702,945,0.56218,0
90712,945,0.56218,0
90722,939,-0.281082,0
90732,939,-0.281082,0
90742,942,0.140549,0
90752,943,0.281075,0
90762,939,-0.281082,0
90772,945,0.56218,0
90782,938,-0.421631,0
90792,938,-0.421631,0
90802,938,-0.421631,0
90812,943,0.281075,0
90822,947,0.843262,0
90832,942,0.140549,0
90842,943,0.281075,0
90852,939,-0.281082,0
90862,949,1.124344,0
90872,940,-0.140533,0
90882,945,0.56218,0
90892,941,0,0
90902,944,0.421631,0
90912,939,-0.281082,0
90922,937,-0.562164,0
90932,942,0.140549,0
90942,941,0,0
90952,942,0.140549,0
90962,943,0.281075,0
90972,943,0.281075,0
90982,940,-0.140533,0
90992,940,-0.140533,0
91002,941,0,0
91012,939,-0.281082,0
91022,940,-0.140533,0
91032,940,-0.140533,0
91042,945,0.56218,0
91052,938,-0.421631,0
91062,938,-0.421631,0
91072,940,-0.140533,0
91082,941,0,0
91092,944,0.421631,0
91102,938,-0.421631,0
91112,942,0.140549,0
91122,941,0,0
91132,947,0.843262,0
91142,946,0.702705,0
91152,943,0.281075,0
91162,951,1.405418,0
91172,941,0,0
91182,950,1.26487,0
91192,941,0,0
91202,946,0.702705,0
91212,942,0.140549,0
91222,942,0.140549,0
91232,939,-0.281082,0
91242,945,0.56218,0
91252,939,-0.281082,0
91262,940,-0.140533,0
91272,946,0.702705,0
91282,943,0.281075,0
91292,936,-0.70269,0
91302,939,-0.281082,0
91312,939,-0.281082,0
91322,942,0.140549,0
91332,940,-0.140533,0
91342,946,0.702705,0
91352,945,0.56218,0
91362,952,1.545952,0
91372,937,-0.562164,0
91382,945,0.56218,0
91392,940,-0.140533,0
91402,936,-0.70269,0
91412,941,0,0
91422,940,-0.140533,0
91432,937,-0.562164,0
91442,947,0.843262,0
91452,942,0.140549,0
91462,947,0.843262,0
91472,949,1.124344,0
91482,941,0,0
91492,951,1.405418,0
91502,945,0.56218,0
91512,937,-0.562164,0
91522,943,0.281075,0
91532,941,0,0
91542,951,1.405418,0
91552,944,0.421631,0
91562,947,0.843262,0
91572,948,0.983788,0
91582,943,0.281075,0
91592,949,1.124344,0
91602,944,0.421631,0
91612,938,-0.421631,0
91622,949,1.124344,0
91632,944,0.421631,0
91642,937,-0.562164,0
91652,945,0.56218,0
91662,949,1.124344,0
91672,950,1.26487,0
91682,949,1.124344,0
91692,939,-0.281082,0
91702,950,1.26487,0
91712,946,0.702705,0
91722,937,-0.562164,0
91732,943,0.281075,0
91742,941,0,0
91752,945,0.56218,0
91762,937,-0.562164,0
91772,944,0.421631,0
91782,951,1.405418,0
91792,946,0.702705,0
91802,939,-0.281082,0
91812,937,-0.562164,0
91822,946,0.702705,0
91832,935,-0.843246,0
91842,944,0.421631,0
91852,944,0.421631,0
91862,944,0.421631,0
91872,946,0.702705,0
91882,941,0,0
91892,949,1.124344,0
91902,949,1.124344,0
91912,952,1.545952,0
91922,943,0.281075,0
91932,946,0.702705,0
91942,940,-0.140533,0
91952,942,0.140549,0
91962,941,0,0
91972,959,2.529739,0
91982,946,0.702705,0
91992,935,-0.843246,0
92002,940,-0.140533,0
92012,950,1.26487,0
92022,957,2.248657,0
92032,944,0.421631,0
92042,948,0.983788,0
92052,944,0.421631,0
92062,931,-1.405403,0
92072,945,0.56218,0
92082,940,-0.140533,0
92092,939,-0.281082,0
92102,947,0.843262,0
92112,944,0.421631,0
92122,941,0,0
92132,951,1.405418,0
92142,941,0,0
92152,944,0.421631,0
92162,945,0.56218,0
92172,943,0.281075,0
92182,943,0.281075,0
92192,938,-0.421631,0
92202,944,0.421631,0
92212,950,1.26487,1
92222,946,0.702705,1
92232,948,0.983788,1
92242,948,0.983788,1
92252,945,0.56218,1
92262,942,0.140549,1
92272,944,0.421631,1
92282,937,-0.562164,1
92292,936,-0.70269,1
92302,951,1.405418,1
92312,948,0.983788,1
92322,947,0.843262,1
92332,949,1.124344,1
92342,941,0,1
92352,939,-0.281082,1
92362,939,-0.281082,1
92372,943,0.281075,1
92382,945,0.56218,1
92392,942,0.140549,1
92402,943,0.281075,1
92412,943,0.281075,1
92422,945,0.56218,1
92432,949,1.124344,1
92442,952,1.545952,1
92452,949,1.124344,1
92462,942,0.140549,1
92472,945,0.56218,1
92482,945,0.56218,1
92492,953,1.686501,1
92502,945,0.56218,1
92512,943,0.281075,1
92522,940,-0.140533,1
92532,940,-0.140533,1
92542,945,0.56218,1
92552,946,0.702705,1
92562,955,1.967583,1
92572,943,0.281075,1
92582,941,0,1
92592,937,-0.562164,1
92602,941,0,1
92612,950,1.26487,1
92622,942,0.140549,1
92632,940,-0.140533,1
92642,935,-0.843246,1
92652,949,1.124344,1
92662,944,0.421631,1
92672,947,0.843262,1
92682,949,1.124344,1
92692,946,0.702705,1
92702,947,0.843262,1
92712,942,0.140549,1
92722,950,1.26487,1
92732,938,-0.421631,1
92742,941,0,1
92752,944,0.421631,1
92762,940,-0.140533,1
92772,937,-0.562164,1
92782,947,0.843262,1
92792,943,0.281075,1
92802,945,0.56218,1
92812,936,-0.70269,1
92822,946,0.702705,1
92832,946,0.702705,1
92842,941,0,1
92852,937,-0.562164,1
92862,952,1.545952,1
92872,950,1.26487,1
92882,950,1.26487,1
92892,948,0.983788,1
92902,952,1.545952,1
92912,951,1.405418,1
92922,947,0.843262,1
92932,948,0.983788,1
92942,942,0.140549,1
92952,938,-0.421631,1
92962,937,-0.562164,1
92972,951,1.405418,1
92982,937,-0.562164,1
92992,957,2.248657,1
93002,948,0.983788,1
93012,951,1.405418,1
93022,949,1.124344,1
93032,947,0.843262,1
93042,949,1.124344,1
93052,942,0.140549,1
93062,947,0.843262,1
93072,938,-0.421631,1
93082,943,0.281075,1
93092,942,0.140549,1
93102,955,1.967583,1
93112,955,1.967583,1
93122,947,0.843262,1
93132,939,-0.281082,1
93142,947,0.843262,1
93152,946,0.702705,1
93162,938,-0.421631,1
93172,941,0,1
93182,947,0.843262,1
93192,940,-0.140533,1
93202,938,-0.421631,1
93212,950,1.26487,1
93222,944,0.421631,1
93232,944,0.421631,1
93242,942,0.140549,1
93252,936,-0.70269,1
93262,883,-8.151398,1
93272,855,-12.08656,1
93282,813,-17.9893,1
93292,781,-22.48663,1
93302,743,-27.8272,1
93312,727,-30.07587,1
93322,709,-32.60561,1
93332,678,-36.96239,1
93342,653,-40.47593,1
93352,645,-41.60027,1
93362,622,-44.83271,1
93372,607,-46.94084,1
93382,601,-47.78408,1
93392,578,-51.01654,1
93402,560,-53.54628,1
93412,552,-54.67062,1
93422,547,-55.37333,1
93432,534,-57.20036,1
93442,512,-60.29227,1
93452,513,-60.15174,1
93462,513,-60.15174,1
93472,500,-61.97878,1
93482,490,-63.38419,1
93492,484,-64.22743,1
93502,477,-65.21123,1
93512,480,-64.7896,1
93522,470,-66.19501,1
93532,463,-67.1788,1
93542,454,-68.44368,1
93552,456,-68.1626,1
93562,448,-69.28693,1
93572,441,-70.27072,1
93582,440,-70.41126,1
93592,440,-70.41126,1
93602,434,-71.25451,1
93612,435,-71.11397,1
93622,430,-71.81667,1
93632,434,-71.25451,1
93642,425,-72.51938,1
93652,433,-71.39505,1
93662,421,-73.08154,1
93672,411,-74.48696,1
93682,419,-73.36263,1
93692,415,-73.9248,1
93702,416,-73.78426,1
93712,411,-74.48696,1
93722,409,-74.76804,1
93732,412,-74.34642,1
93742,418,-73.50317,1
93752,407,-75.04913,0
93762,409,-74.76804,0
93772,401,-75.89238,0
93782,410,-74.6275,0
93792,404,-75.47075,0
93802,406,-75.18967,0
93812,398,-76.314,0
93822,402,-75.75183,0
93832,399,-76.17346,0
93842,392,-77.15725,0
93852,399,-76.17346,0
93862,399,-76.17346,0
93872,396,-76.59508,0
93882,398,-76.314,0
93892,403,-75.61129,0
93902,407,-75.04913,0
93912,394,-76.87617,0
93922,391,-77.29779,0
93932,394,-76.87617,0
93942,389,-77.57887,0
93952,394,-76.87617,0
93962,390,-77.43833,0
93972,392,-77.15725,0
93982,397,-76.45454,0
93992,395,-76.73563,0
94002,394,-76.87617,0
94012,388,-77.71941,0
94022,393,-77.01671,0
94032,390,-77.43833,0
94042,397,-76.45454,0
94052,393,-77.01671,0
94062,390,-77.43833,0
94072,392,-77.15725,0
94082,390,-77.43833,0
94092,390,-77.43833,0
94102,388,-77.71941,0
94112,395,-76.73563,0
94122,393,-77.01671,0
94132,394,-76.87617,0
94142,387,-77.85995,0
94152,392,-77.15725,0
94162,387,-77.85995,0
94172,393,-77.01671,0
94182,388,-77.71941,0
94192,391,-77.29779,0
94202,384,-78.28158,0
94212,397,-76.45454,0
94222,383,-78.42213,0
94232,390,-77.43833,0
94242,388,-77.71941,0
94252,389,-77.57887,0
94262,385,-78.14104,0
94272,387,-77.85995,0
94282,397,-76.45454,0
94292,389,-77.57887,0
94302,388,-77.71941,0
94312,387,-77.85995,0
94322,390,-77.43833,0
94332,386,-78.0005,0
94342,392,-77.15725,0
94352,392,-77.15725,0
94362,395,-76.73563,0
94372,387,-77.85995,0
94382,391,-77.29779,0
94392,389,-77.57887,0
94402,388,-77.71941,0
94412,386,-78.0005,0
94422,385,-78.14104,0
94432,390,-77.43833,0
94442,384,-78.28158,0
94452,387,-77.85995,0
94462,393,-77.01671,0
94472,391,-77.29779,0
94482,386,-78.0005,0
94492,388,-77.71941,0
94502,390,-77.43833,0
94512,389,-77.57887,0
94522,387,-77.85995,0
94532,399,-76.17346,0
94542,392,-77.15725,0
94552,389,-77.57887,0
94562,387,-77.85995,0
94572,387,-77.85995,0
94582,395,-76.73563,0
94592,390,-77.43833,0
94602,392,-77.15725,0
94612,392,-77.15725,0
94622,386,-78.0005,0
94632,388,-77.71941,0
94642,391,-77.29779,0
94652,386,-78.0005,0
94662,382,-78.56266,0
94672,384,-78.28158,0
94682,391,-77.29779,0
94692,390,-77.43833,0
94702,393,-77.01671,0
94712,395,-76.73563,0
94722,389,-77.57887,0
94732,395,-76.73563,0
94742,383,-78.42213,0
94752,391,-77.29779,0
94762,389,-77.57887,0
94772,384,-78.28158,0
94782,386,-78.0005,0
94792,386,-78.0005,0
94802,445,-69.70855,0
94812,469,-66.33556,0
94822,476,-65.35177,0
94832,484,-64.22743,0
94842,481,-64.64906,0
94852,483,-64.36798,0
94862,485,-64.0869,0
94872,481,-64.64906,0
94882,487,-63.80581,0
94892,489,-63.52473,0
94902,497,-62.4004,0
94912,500,-61.97878,0
94922,497,-62.4004,0
94932,497,-62.4004,0
94942,502,-61.69769,0
94952,496,-62.54094,0
94962,513,-60.15174,0
94972,506,-61.13553,0
94982,507,-60.99498,0
94992,513,-60.15174,0
95002,515,-59.87066,0
95012,505,-61.27607,0
95022,514,-60.01119,0
95032,524,-58.60578,0
95042,515,-59.87066,0
95052,514,-60.01119,0
95062,522,-58.88686,0
95072,519,-59.30848,0
95082,530,-57.76253,0
95092,527,-58.18415,0
95102,529,-57.90307,0
95112,530,-57.76253,0
95122,530,-57.76253,0
95132,533,-57.3409,0
95142,534,-57.20036,0
95152,540,-56.35712,0
95162,539,-56.49765,0
95172,536,-56.91928,0
95182,540,-56.35712,0
95192,541,-56.21658,0
95202,543,-55.93549,0
95212,546,-55.51387,0
95222,543,-55.93549,0
95232,548,-55.23278,0
95242,548,-55.23278,0
95252,547,-55.37333,0
95262,556,-54.10846,0
95272,551,-54.81116,0
95282,554,-54.38954,0
95292,559,-53.68682,0
95302,564,-52.98412,0
95312,561,-53.40574,0
95322,557,-53.96791,0
95332,561,-53.40574,0
95342,562,-53.2652,0
95352,573,-51.71925,0
95362,568,-52.42195,0
95372,572,-51.85979,0
95382,568,-52.42195,0
95392,566,-52.70304,0
95402,579,-50.876,0
95412,574,-51.57871,0
95422,574,-51.57871,0
95432,575,-51.43817,0
95442,579,-50.876,0
95452,588,-49.61113,0
95462,588,-49.61113,0
95472,578,-51.01654,0
95482,593,-48.90842,0
95492,584,-50.17329,0
95502,592,-49.04896,0
95512,588,-49.61113,0
95522,593,-48.90842,0
95532,590,-49.33004,0
95542,593,-48.90842,0
95552,593,-48.90842,0
95562,595,-48.62734,0
95572,598,-48.20571,0
95582,609,-46.65975,0
95592,607,-46.94084,0
95602,605,-47.22192,0
95612,604,-47.36246,0
95622,609,-46.65975,0
95632,611,-46.37867,0
95642,613,-46.09759,0
95652,615,-45.81651,0
95662,612,-46.23813,0
95672,611,-46.37867,0
95682,625,-44.41109,0
95692,618,-45.39488,0
95702,622,-44.83271,0
95712,613,-46.09759,0
95722,624,-44.55164,0
95732,627,-44.13001,0
95742,627,-44.13001,0
95752,640,-42.30297,0
95762,626,-44.27055,0
95772,631,-43.56784,0
95782,633,-43.28676,0
95792,643,-41.88134,0
95802,637,-42.7246,0
95812,642,-42.02188,0
95822,630,-43.70838,0
95832,637,-42.7246,0
95842,641,-42.16243,0
95852,644,-41.74081,0
95862,642,-42.02188,0
95872,652,-40.61647,0
95882,643,-41.88134,0
95892,653,-40.47593,0
95902,657,-39.91377,0
95912,657,-39.91377,0
95922,658,-39.77323,0
95932,659,-39.63268,0
95942,658,-39.77323,0
95952,663,-39.07051,0
95962,657,-39.91377,0
95972,661,-39.3516,0
95982,658,-39.77323,0
95992,668,-38.36781,0
96002,665,-38.78944,0
96012,677,-37.10294,0
96022,676,-37.24348,0
96032,681,-36.54077,0
96042,675,-37.38402,0
96052,678,-36.96239,0
96062,672,-37.80564,0
96072,676,-37.24348,0
96082,681,-36.54077,0
96092,673,-37.6651,0
96102,673,-37.6651,0
96112,673,-37.6651,0
96122,691,-35.13535,0
96132,680,-36.68131,0
96142,691,-35.13535,0
96152,689,-35.41644,0
96162,696,-34.43266,0
96172,688,-35.55698,0
96182,692,-34.99481,0
96192,696,-34.43266,0
96202,691,-35.13535,0
96212,689,-35.41644,0
96222,698,-34.15157,0
96232,702,-33.5894,0
96242,702,-33.5894,0
96252,698,-34.15157,0
96262,702,-33.5894,0
96272,700,-33.87048,0
96282,701,-33.72994,0
96292,704,-33.30831,0
96302,706,-33.02724,0
96312,706,-33.02724,0
96322,699,-34.01102,0
96332,714,-31.9029,0
96342,712,-32.18399,0
96352,715,-31.76237,0
96362,714,-31.9029,0
96372,713,-32.04344,0
96382,719,-31.2002,0
96392,718,-31.34074,0
96402,724,-30.49749,0
96412,722,-30.77856,0
96422,719,-31.2002,0
96432,724,-30.49749,0
96442,727,-30.07587,0
96452,717,-31.48128,0
96462,726,-30.21641,0
96472,727,-30.07587,0
96482,739,-28.38937,0
96492,734,-29.09207,0
96502,731,-29.51369,0
96512,741,-28.10828,0
96522,734,-29.09207,0
96532,742,-27.96774,0
96542,739,-28.38937,0
96552,742,-27.96774,0
96562,732,-29.37315,0
96572,739,-28.38937,0
96582,751,-26.70287,0
96592,749,-26.98395,0
96602,742,-27.96774,0
96612,751,-26.70287,0
96622,754,-26.28124,0
96632,751,-26.70287,0
96642,757,-25.85963,0
96652,764,-24.87582,0
96662,754,-26.28124,0
96672,750,-26.84341,0
96682,755,-26.1407,0
96692,758,-25.71908,0
96702,753,-26.42179,0
96712,756,-26.00017,0
96722,757,-25.85963,0
96732,758,-25.71908,0
96742,760,-25.438,0
96752,770,-24.03259,0
96762,771,-23.89204,0
96772,761,-25.29746,0
96782,767,-24.45421,0
96792,765,-24.73529,0
96802,768,-24.31367,0
96812,771,-23.89204,0
96822,770,-24.03259,0
96832,778,-22.90826,0
96842,772,-23.7515,0
96852,776,-23.18934,0
96862,784,-22.065,0
96872,779,-22.76772,0
96882,778,-22.90826,0
96892,780,-22.62717,0
96902,785,-21.92446,0
96912,782,-22.34608,0
96922,781,-22.48663,0
96932,786,-21.78392,0
96942,787,-21.64338,0
96952,787,-21.64338,0
96962,804,-19.25417,0
96972,796,-20.37851,0
96982,790,-21.22175,0
96992,792,-20.94067,0
97002,787,-21.64338,0
97012,797,-20.23797,0
97022,797,-20.23797,0
97032,797,-20.23797,0
97042,795,-20.51904,0
97052,802,-19.53526,0
97062,808,-18.69201,0
97072,800,-19.81634,0
97082,803,-19.39472,0
97092,799,-19.95688,0
97102,810,-18.41093,0
97112,803,-19.39472,0
97122,805,-19.11362,0
97132,806,-18.97309,0
97142,803,-19.39472,0
97152,812,-18.12984,0
97162,813,-17.9893,0
97172,815,-17.70821,0
97182,813,-17.9893,0
97192,811,-18.27039,0
97202,817,-17.42713,0
97212,812,-18.12984,0
97222,820,-17.00552,0
97232,825,-16.3028,0
97242,817,-17.42713,0
97252,813,-17.9893,0
97262,819,-17.14606,0
97272,818,-17.2866,0
97282,818,-17.2866,0
97292,819,-17.14606,0
97302,819,-17.14606,0
97312,828,-15.88118,0
97322,824,-16.44334,0
97332,828,-15.88118,0
97342,823,-16.58389,0
97352,823,-16.58389,0
97362,822,-16.72443,0
97372,826,-16.16226,0
97382,830,-15.60011,0
97392,846,-13.35143,0
97402,836,-14.75684,0
97412,831,-15.45955,0
97422,832,-15.31902,0
97432,826,-16.16226,0
97442,835,-14.89739,0
97452,842,-13.9136,0
97462,836,-14.75684,0
97472,839,-14.33523,0
97482,833,-15.17847,0
97492,845,-13.49197,0
97502,846,-13.35143,0
97512,858,-11.66493,0
97522,849,-12.92981,0
97532,853,-12.36765,0
97542,848,-13.07036,0
97552,834,-15.03793,0
97562,845,-13.49197,0
97572,855,-12.08656,0
97582,857,-11.80549,0
97592,848,-13.07036,0
97602,853,-12.36765,0
97612,852,-12.50819,0
97622,855,-12.08656,0
97632,857,-11.80549,0
97642,865,-10.68114,0
97652,861,-11.24332,0
97662,850,-12.78927,0
97672,856,-11.94601,0
97682,852,-12.50819,0
97692,862,-11.10278,0
97702,861,-11.24332,0
97712,860,-11.38386,0
97722,860,-11.38386,0
97732,859,-11.5244,0
97742,868,-10.25952,0
97752,870,-9.978447,0
97762,868,-10.25952,0
97772,866,-10.5406,0
97782,859,-11.5244,0
97792,862,-11.10278,0
97802,868,-10.25952,0
97812,868,-10.25952,0
97822,877,-8.994652,0
97832,870,-9.978447,0
97842,865,-10.68114,0
97852,870,-9.978447,0
97862,867,-10.40006,0
97872,870,-9.978447,0
97882,870,-9.978447,0
97892,870,-9.978447,0
97902,875,-9.275734,0
97912,872,-9.69735,0
97922,874,-9.416275,0
97932,880,-8.573029,0
97942,875,-9.275734,0
97952,877,-8.994652,0
97962,883,-8.151398,0
97972,874,-9.416275,0
97982,883,-8.151398,0
97992,878,-8.854111,0
98002,884,-8.010857,0
98012,878,-8.854111,0
98022,877,-8.994652,0
98032,878,-8.854111,0
98042,876,-9.135193,0
98052,885,-7.870323,0
98062,880,-8.573029,0
98072,883,-8.151398,0
98082,884,-8.010857,0
98092,888,-7.4487,0
98102,895,-6.464897,0
98112,888,-7.4487,0
98122,885,-7.870323,0
98132,884,-8.010857,0
98142,892,-6.886528,0
98152,894,-6.605446,0
98162,890,-7.16761,0
98172,897,-6.183815,0
98182,894,-6.605446,0
98192,895,-6.464897,0
98202,889,-7.308159,0
98212,892,-6.886528,0
98222,889,-7.308159,0
98232,897,-6.183815,0
98242,893,-6.745987,0
98252,895,-6.464897,0
98262,895,-6.464897,0
98272,902,-5.481117,0
98282,904,-5.200027,0
98292,903,-5.340576,0
98302,897,-6.183815,0
98312,898,-6.043289,0
98322,899,-5.902733,0
98332,896,-6.324356,0
98342,902,-5.481117,0
98352,900,-5.762199,0
98362,898,-6.043289,0
98372,901,-5.621658,0
98382,897,-6.183815,0
98392,899,-5.902733,0
98402,908,-4.637863,0
98412,909,-4.497322,0
98422,910,-4.356781,0
98432,899,-5.902733,0
98442,914,-3.794617,0
98452,909,-4.497322,0
98462,898,-6.043289,0
98472,905,-5.059486,0
98482,905,-5.059486,0
98492,914,-3.794617,0
98502,910,-4.356781,0
98512,904,-5.200027,0
98522,907,-4.778404,0
98532,911,-4.216248,0
98542,911,-4.216248,0
98552,913,-3.93515,0
98562,911,-4.216248,0
98572,912,-4.075706,0
98582,916,-3.513542,0
98592,910,-4.356781,0
98602,915,-3.654068,0
98612,918,-3.23246,0
98622,924,-2.389198,0
98632,921,-2.810829,0
98642,917,-3.372986,0
98652,908,-4.637863,0
98662,914,-3.794617,0
98672,920,-2.951378,0
98682,918,-3.23246,0
98692,918,-3.23246,0
98702,917,-3.372986,0
98712,918,-3.23246,0
98722,915,-3.654068,0
98732,926,-2.108116,0
98742,917,-3.372986,0
98752,926,-2.108116,0
98762,926,-2.108116,0
98772,920,-2.951378,0
98782,922,-2.670273,0
98792,918,-3.23246,0
98802,936,-0.70269,0
98812,922,-2.670273,0
98822,929,-1.686508,0
98832,925,-2.248665,0
98842,922,-2.670273,0
98852,928,-1.827034,0
98862,929,-1.686508,0
98872,931,-1.405403,0
98882,928,-1.827034,0
98892,926,-2.108116,0
98902,923,-2.529747,0
98912,925,-2.248665,0
98922,921,-2.810829,0
98932,934,-0.983795,0
98942,928,-1.827034,0
98952,933,-1.124321,0
98962,927,-1.96756,0
98972,928,-1.827034,0
98982,929,-1.686508,0
98992,928,-1.827034,0
99002,929,-1.686508,0
99012,928,-1.827034,0
99022,923,-2.529747,0
99032,926,-2.108116,0
99042,922,-2.670273,0
99052,938,-0.421631,0
99062,929,-1.686508,0
99072,936,-0.70269,0
99082,933,-1.124321,0
99092,929,-1.686508,0
99102,938,-0.421631,0
99112,929,-1.686508,0
99122,930,-1.545952,0
99132,932,-1.264877,0
99142,929,-1.686508,0
99152,934,-0.983795,0
99162,927,-1.96756,0
99172,943,0.281075,0
99182,937,-0.562164,0
99192,935,-0.843246,0
99202,934,-0.983795,0
99212,944,0.421631,0
99222,927,-1.96756,0
99232,936,-0.70269,0
99242,926,-2.108116,0
99252,925,-2.248665,0
99262,930,-1.545952,0
99272,932,-1.264877,0
99282,933,-1.124321,0
99292,929,-1.686508,0
99302,933,-1.124321,0
99312,934,-0.983795,0
99322,940,-0.140533,0
99332,943,0.281075,0
99342,928,-1.827034,0
99352,945,0.56218,0
99362,928,-1.827034,0
99372,930,-1.545952,0
99382,933,-1.124321,0
99392,929,-1.686508,0
99402,934,-0.983795,0
99412,933,-1.124321,0
99422,936,-0.70269,0
99432,936,-0.70269,0
99442,934,-0.983795,0
99452,933,-1.124321,0
99462,935,-0.843246,0
99472,933,-1.124321,0
99482,940,-0.140533,0
99492,935,-0.843246,0
99502,935,-0.843246,0
99512,934,-0.983795,0
99522,935,-0.843246,0
99532,935,-0.843246,0
99542,932,-1.264877,0
99552,942,0.140549,0
99562,937,-0.562164,0
99572,932,-1.264877,0
99582,942,0.140549,0
99592,938,-0.421631,0
99602,939,-0.281082,0
99612,930,-1.545952,0
99622,943,0.281075,0
99632,950,1.26487,0
99642,942,0.140549,0
99652,942,0.140549,0
99662,940,-0.140533,0
99672,935,-0.843246,0
99682,935,-0.843246,0
99692,934,-0.983795,0
99702,940,-0.140533,0
99712,937,-0.562164,0
99722,937,-0.562164,0
99732,938,-0.421631,0
99742,934,-0.983795,0
99752,943,0.281075,0
99762,950,1.26487,0
99772,946,0.702705,0
99782,935,-0.843246,0
99792,939,-0.281082,0
99802,937,-0.562164,0
99812,937,-0.562164,0
99822,942,0.140549,0
99832,931,-1.405403,0
99842,936,-0.70269,0
99852,936,-0.70269,0
99862,939,-0.281082,0
99872,944,0.421631,0
99882,938,-0.421631,0
99892,942,0.140549,0
99902,942,0.140549,0
99912,937,-0.562164,0
99922,944,0.421631,0
99932,946,0.702705,0
99942,949,1.124344,0
99952,938,-0.421631,0
99962,936,-0.70269,0
99972,943,0.281075,0
99982,944,0.421631,0
99992,936,-0.70269,0
100002,949,1.124344,0
100012,949,1.124344,0
100022,939,-0.281082,0
100032,938,-0.421631,0
100042,942,0.140549,0
100052,952,1.545952,0
100062,937,-0.562164,0
100072,948,0.983788,0
100082,944,0.421631,0
100092,949,1.124344,0
100102,946,0.702705,0
100112,945,0.56218,0
100122,941,0,0
100132,946,0.702705,0
100142,947,0.843262,0
100152,946,0.702705,0
100162,949,1.124344,0
100172,939,-0.281082,0
100182,949,1.124344,0
100192,940,-0.140533,0
100202,939,-0.281082,0
100212,954,1.827049,0
100222,946,0.702705,0
100232,945,0.56218,0
100242,938,-0.421631,0
100252,944,0.421631,0
100262,944,0.421631,0
100272,935,-0.843246,0
100282,945,0.56218,0
100292,939,-0.281082,0
100302,944,0.421631,0
100312,950,1.26487,0
100322,946,0.702705,0
100332,946,0.702705,0
100342,948,0.983788,0
100352,939,-0.281082,0
100362,938,-0.421631,0
100372,938,-0.421631,0
100382,939,-0.281082,0
100392,941,0,0
100402,945,0.56218,0
100412,938,-0.421631,0
100422,943,0.281075,0
100432,941,0,0
100442,935,-0.843246,0
100452,945,0.56218,0
100462,942,0.140549,0
100472,938,-0.421631,0
100482,935,-0.843246,0
100492,941,0,0
100502,952,1.545952,0
100512,948,0.983788,0
100522,942,0.140549,0
100532,951,1.405418,0
100542,945,0.56218,0
100552,953,1.686501,0
100562,953,1.686501,0
100572,948,0.983788,0
100582,948,0.983788,0
100592,941,0,0
100602,940,-0.140533,0
100612,948,0.983788,0
100622,954,1.827049,0
100632,947,0.843262,0
100642,943,0.281075,0
100652,940,-0.140533,0
100662,943,0.281075,0
100672,951,1.405418,0
100682,944,0.421631,0
100692,940,-0.140533,0
100702,941,0,0
100712,944,0.421631,0
100722,941,0,0
100732,937,-0.562164,0
100742,943,0.281075,0
100752,939,-0.281082,0
100762,941,0,0
100772,942,0.140549,0
100782,940,-0.140533,0
100792,942,0.140549,0
100802,938,-0.421631,0
100812,941,0,0
100822,944,0.421631,0
100832,942,0.140549,0
100842,950,1.26487,0
100852,952,1.545952,0
100862,948,0.983788,0
100872,947,0.843262,0
100882,941,0,0
100892,944,0.421631,0
100902,937,-0.562164,0
100912,941,0,0
100922,939,-0.281082,0
100932,936,-0.70269,0
100942,938,-0.421631,0
100952,945,0.56218,0
100962,944,0.421631,0
100972,937,-0.562164,0
100982,948,0.983788,0
100992,940,-0.140533,0
101002,942,0.140549,0
101012,940,-0.140533,0
101022,947,0.843262,0
101032,942,0.140549,0
101042,945,0.56218,0
101052,946,0.702705,0
101062,939,-0.281082,0
101072,946,0.702705,0
101082,941,0,0
101092,943,0.281075,0
101102,943,0.281075,0
101112,939,-0.281082,0
101122,946,0.702705,0
101132,938,-0.421631,0
101142,942,0.140549,0
101152,944,0.421631,0
101162,948,0.983788,0
101172,945,0.56218,0
101182,951,1.405418,0
101192,948,0.983788,0
101202,950,1.26487,0
101212,941,0,0
101222,939,-0.281082,0
101232,939,-0.281082,0
101242,939,-0.281082,0
101252,938,-0.421631,0
101262,944,0.421631,0
101272,938,-0.421631,0
101282,942,0.140549,0
101292,942,0.140549,0
101302,939,-0.281082,0
101312,948,0.983788,0
101322,938,-0.421631,0
101332,936,-0.70269,0
101342,947,0.843262,0
101352,940,-0.140533,0
101362,946,0.702705,0
101372,943,0.281075,0
101382,938,-0.421631,0
101392,944,0.421631,0
101402,949,1.124344,0
101412,948,0.983788,0
101422,944,0.421631,0
101432,946,0.702705,0
101442,949,1.124344,0
101452,950,1.26487,0
101462,947,0.843262,0
101472,940,-0.140533,0
101482,945,0.56218,0
101492,942,0.140549,0
101502,944,0.421631,0
101512,936,-0.70269,0
101522,947,0.843262,0
101532,948,0.983788,0
101542,944,0.421631,0
101552,946,0.702705,0
101562,944,0.421631,0
101572,945,0.56218,0
101582,937,-0.562164,0
101592,953,1.686501,0
101602,945,0.56218,0
101612,943,0.281075,0
101622,951,1.405418,0
101632,947,0.843262,0
101642,947,0.843262,0
101652,944,0.421631,0
101662,956,2.108131,0
101672,940,-0.140533,0
101682,944,0.421631,0
101692,945,0.56218,0
101702,940,-0.140533,0
101712,937,-0.562164,0
101722,943,0.281075,0
101732,938,-0.421631,0
101742,946,0.702705,0
101752,947,0.843262,0
101762,951,1.405418,0
101772,950,1.26487,0
101782,949,1.124344,0
101792,948,0.983788,0
101802,940,-0.140533,0
101812,941,0,0
101822,940,-0.140533,0
101832,941,0,0
101842,945,0.56218,0
101852,940,-0.140533,0
101862,943,0.281075,0
101872,941,0,0
101882,948,0.983788,0
101892,940,-0.140533,0
101902,938,-0.421631,0
101912,945,0.56218,0
101922,940,-0.140533,0
101932,941,0,0
101942,941,0,0
101952,947,0.843262,0
101962,942,0.140549,0
101972,949,1.124344,0
101982,952,1.545952,0
101992,946,0.702705,0
102002,947,0.843262,0
102012,953,1.686501,0
102022,941,0,0
102032,938,-0.421631,0
102042,944,0.421631,0
102052,936,-0.70269,0
102062,947,0.843262,0
102072,947,0.843262,0
102082,946,0.702705,0
102092,939,-0.281082,0
102102,937,-0.562164,0
102112,939,-0.281082,0
102122,944,0.421631,0
102132,942,0.140549,0
102142,953,1.686501,0
102152,940,-0.140533,0
102162,946,0.702705,0
102172,939,-0.281082,0
102182,944,0.421631,0
102192,946,0.702705,0
102202,943,0.281075,0
102212,941,0,0
102222,949,1.124344,0
102232,949,1.124344,0
102242,939,-0.281082,0
102252,943,0.281075,0
102262,940,-0.140533,0
102272,952,1.545952,0
102282,944,0.421631,0
102292,935,-0.843246,0
102302,943,0.281075,0
102312,936,-0.70269,0
102322,943,0.281075,0
102332,944,0.421631,0
102342,944,0.421631,0
102352,942,0.140549,0
102362,942,0.140549,0
102372,941,0,0
102382,943,0.281075,0
102392,935,-0.843246,0
102402,945,0.56218,0
102412,940,-0.140533,0
102422,947,0.843262,0
102432,946,0.702705,0
102442,950,1.26487,0
102452,947,0.843262,0
102462,947,0.843262,0
102472,956,2.108131,0
102482,934,-0.983795,0
102492,941,0,0
102502,940,-0.140533,0
102512,944,0.421631,0
102522,941,0,0
102532,939,-0.281082,0
102542,952,1.545952,0
102552,948,0.983788,0
102562,946,0.702705,0
102572,947,0.843262,0
102582,948,0.983788,0
102592,944,0.421631,0
102602,943,0.281075,0
102612,943,0.281075,0
102622,948,0.983788,0
102632,936,-0.70269,0
102642,945,0.56218,0
102652,942,0.140549,0
102662,943,0.281075,0
102672,950,1.26487,0
102682,949,1.124344,0
102692,945,0.56218,0
102702,946,0.702705,0
102712,949,1.124344,0
102722,942,0.140549,0
102732,942,0.140549,0
102742,944,0.421631,0
102752,938,-0.421631,0
102762,939,-0.281082,0
102772,945,0.56218,0
102782,941,0,0
102792,942,0.140549,0
102802,943,0.281075,0
102812,940,-0.140533,0
102822,948,0.983788,0
102832,943,0.281075,0
102842,943,0.281075,0
102852,949,1.124344,0
102862,943,0.281075,0
102872,944,0.421631,0
102882,937,-0.562164,0
102892,958,2.389214,0
102902,939,-0.281082,0
102912,944,0.421631,0
102922,939,-0.281082,0
102932,937,-0.562164,0
102942,940,-0.140533,0
102952,938,-0.421631,0
102962,942,0.140549,0
102972,943,0.281075,0
102982,941,0,0
102992,943,0.281075,0
103002,944,0.421631,0
103012,939,-0.281082,0
103022,947,0.843262,0
103032,941,0,0
103042,946,0.702705,0
103052,937,-0.562164,0
103062,945,0.56218,0
103072,949,1.124344,0
103082,944,0.421631,0
103092,948,0.983788,0
103102,952,1.545952,0
103112,935,-0.843246,0
103122,940,-0.140533,0
103132,937,-0.562164,0
103142,940,-0.140533,0
103152,940,-0.140533,0
103162,937,-0.562164,0
103172,942,0.140549,0
103182,944,0.421631,0
103192,944,0.421631,0
103202,955,1.967583,0
103212,939,-0.281082,0
103222,944,0.421631,0
103232,940,-0.140533,0
103242,941,0,0
103252,945,0.56218,0
103262,944,0.421631,0
103272,943,0.281075,0
103282,942,0.140549,0
103292,952,1.545952,0
103302,950,1.26487,0
103312,944,0.421631,0
103322,949,1.124344,0
103332,942,0.140549,0
103342,936,-0.70269,0
103352,937,-0.562164,0
103362,939,-0.281082,0
103372,935,-0.843246,0
103382,943,0.281075,0
103392,945,0.56218,0
103402,949,1.124344,0
103412,957,2.248657,0
103422,943,0.281075,0
103432,947,0.843262,0
103442,947,0.843262,0
103452,938,-0.421631,0
103462,944,0.421631,0
103472,941,0,0
103482,940,-0.140533,0
103492,944,0.421631,0
103502,946,0.702705,0
103512,942,0.140549,0
103522,939,-0.281082,0
103532,939,-0.281082,0
103542,942,0.140549,0
103552,944,0.421631,0
103562,940,-0.140533,0
103572,941,0,0
103582,941,0,0
103592,952,1.545952,0
103602,939,-0.281082,0
103612,950,1.26487,0
103622,953,1.686501,0
103632,946,0.702705,0
103642,949,1.124344,0
103652,941,0,0
103662,940,-0.140533,0
103672,941,0,0
103682,946,0.702705,0
103692,933,-1.124321,0
103702,937,-0.562164,0
103712,942,0.140549,0
103722,941,0,0
103732,935,-0.843246,0
103742,944,0.421631,0
103752,954,1.827049,0
103762,948,0.983788,0
103772,951,1.405418,0
103782,947,0.843262,0
103792,952,1.545952,0
103802,935,-0.843246,0
103812,941,0,0
103822,941,0,0
103832,947,0.843262,0
103842,939,-0.281082,0
103852,939,-0.281082,0
103862,940,-0.140533,0
103872,943,0.281075,0
103882,944,0.421631,0
103892,944,0.421631,0
103902,939,-0.281082,0
103912,944,0.421631,0
103922,940,-0.140533,0
103932,947,0.843262,0
103942,948,0.983788,0
103952,944,0.421631,0
103962,940,-0.140533,0
103972,940,-0.140533,0
103982,941,0,0
103992,946,0.702705,0
104002,950,1.26487,0
104012,944,0.421631,0
104022,937,-0.562164,0
104032,940,-0.140533,0
104042,931,-1.405403,0
104052,936,-0.70269,0
104062,939,-0.281082,0
104072,943,0.281075,0
104082,938,-0.421631,0
104092,945,0.56218,0
104102,941,0,0
104112,945,0.56218,0
104122,946,0.702705,0
104132,949,1.124344,0
104142,938,-0.421631,0
104152,938,-0.421631,0
104162,938,-0.421631,0
104172,942,0.140549,0
104182,938,-0.421631,0
104192,949,1.124344,0
104202,955,1.967583,0
104212,945,0.56218,0
104222,955,1.967583,0
104232,949,1.124344,0
104242,940,-0.140533,0
104252,942,0.140549,0
104262,941,0,0
104272,940,-0.140533,0
104282,942,0.140549,0
104292,937,-0.562164,0
104302,940,-0.140533,0
104312,950,1.26487,0
104322,945,0.56218,0
104332,942,0.140549,0
104342,941,0,0
104352,951,1.405418,0
104362,942,0.140549,0
104372,953,1.686501,0
104382,940,-0.140533,0
104392,941,0,0
104402,945,0.56218,0
104412,933,-1.124321,0
104422,942,0.140549,0
104432,945,0.56218,0
104442,952,1.545952,0
104452,952,1.545952,0
104462,942,0.140549,0
104472,946,0.702705,0
104482,951,1.405418,0
104492,935,-0.843246,0
104502,943,0.281075,0
104512,944,0.421631,0
104522,936,-0.70269,0
104532,942,0.140549,0
104542,945,0.56218,0
104552,937,-0.562164,0
104562,936,-0.70269,0
104572,951,1.405418,0
104582,940,-0.140533,0
104592,954,1.827049,0
104602,941,0,0
104612,945,0.56218,0
104622,938,-0.421631,0
104632,947,0.843262,0
104642,941,0,0
104652,939,-0.281082,0
104662,941,0,0
104672,943,0.281075,0
104682,943,0.281075,0
104692,943,0.281075,0
104702,948,0.983788,0
104712,949,1.124344,0
104722,954,1.827049,0
104732,946,0.702705,0
104742,938,-0.421631,0
104752,946,0.702705,0
104762,938,-0.421631,0
104772,949,1.124344,0
104782,946,0.702705,0
104792,945,0.56218,0
104802,954,1.827049,0
104812,936,-0.70269,0
104822,942,0.140549,0
104832,940,-0.140533,0
104842,940,-0.140533,0
104852,940,-0.140533,0
104862,950,1.26487,0
104872,945,0.56218,0
104882,946,0.702705,0
104892,946,0.702705,0
104902,960,2.670296,0
104912,942,0.140549,0
104922,944,0.421631,0
104932,944,0.421631,0
104942,942,0.140549,0
104952,945,0.56218,0
104962,940,-0.140533,0
104972,941,0,0
104982,939,-0.281082,0
104992,942,0.140549,0
105002,949,1.124344,0
105012,941,0,0
105022,950,1.26487,0
105032,945,0.56218,0
105042,959,2.529739,0
105052,942,0.140549,0
105062,943,0.281075,0
105072,946,0.702705,0
105082,941,0,0
105092,940,-0.140533,0
105102,947,0.843262,0
105112,955,1.967583,0
105122,943,0.281075,0
105132,951,1.405418,0
105142,948,0.983788,0
105152,956,2.108131,0
105162,939,-0.281082,0
105172,942,0.140549,0
105182,938,-0.421631,0
105192,935,-0.843246,0
105202,944,0.421631,0
105212,936,-0.70269,0
105222,949,1.124344,0
105232,939,-0.281082,0
105242,950,1.26487,0
105252,952,1.545952,0
105262,940,-0.140533,0
105272,949,1.124344,0
105282,939,-0.281082,0
105292,943,0.281075,0
105302,943,0.281075,0
105312,944,0.421631,0
105322,941,0,0
105332,942,0.140549,0
105342,945,0.56218,0
105352,939,-0.281082,0
105362,943,0.281075,0
105372,941,0,0
105382,946,0.702705,0
105392,944,0.421631,0
105402,942,0.140549,0
105412,943,0.281075,0
105422,935,-0.843246,0
105432,940,-0.140533,0
105442,946,0.702705,0
105452,941,0,0
105462,946,0.702705,0
105472,952,1.545952,0
105482,940,-0.140533,0
105492,953,1.686501,0
105502,943,0.281075,0
105512,946,0.702705,0
105522,940,-0.140533,0
105532,943,0.281075,0
105542,957,2.248657,0
105552,947,0.843262,0
105562,942,0.140549,0
105572,940,-0.140533,0
105582,940,-0.140533,0
105592,936,-0.70269,0
105602,938,-0.421631,0
105612,953,1.686501,0
105622,942,0.140549,0
105632,941,0,0
105642,942,0.140549,0
105652,939,-0.281082,0
105662,941,0,0
105672,939,-0.281082,0
105682,931,-1.405403,0
105692,941,0,0
105702,940,-0.140533,0
105712,935,-0.843246,0
105722,944,0.421631,0
105732,938,-0.421631,0
105742,944,0.421631,0
105752,942,0.140549,0
105762,943,0.281075,0
105772,950,1.26487,0
105782,950,1.26487,0
105792,946,0.702705,0
105802,944,0.421631,0
105812,944,0.421631,0
105822,938,-0.421631,0
105832,942,0.140549,0
105842,941,0,0
105852,938,-0.421631,0
105862,944,0.421631,0
105872,940,-0.140533,0
105882,945,0.56218,0
105892,947,0.843262,0
105902,938,-0.421631,0
105912,941,0,0
105922,938,-0.421631,0
105932,940,-0.140533,0
105942,941,0,0
105952,938,-0.421631,0
105962,941,0,0
105972,941,0,0
105982,940,-0.140533,0
105992,944,0.421631,0
106002,939,-0.281082,0
106012,950,1.26487,0
106022,946,0.702705,0
106032,936,-0.70269,0
106042,945,0.56218,0
106052,941,0,0
106062,949,1.124344,0
106072,940,-0.140533,0
106082,946,0.702705,0
106092,953,1.686501,0
106102,946,0.702705,0
106112,947,0.843262,0
106122,949,1.124344,0
106132,950,1.26487,0
106142,955,1.967583,0
106152,940,-0.140533,0
106162,939,-0.281082,0
106172,943,0.281075,0
106182,945,0.56218,0
106192,936,-0.70269,0
106202,941,0,0
106212,947,0.843262,0
106222,942,0.140549,0
106232,937,-0.562164,0
106242,949,1.124344,0
106252,940,-0.140533,0
106262,943,0.281075,0
106272,942,0.140549,0
106282,938,-0.421631,0
106292,939,-0.281082,0
106302,945,0.56218,0
106312,953,1.686501,0
106322,945,0.56218,0
106332,941,0,0
106342,940,-0.140533,0
106352,937,-0.562164,0
106362,943,0.281075,0
106372,935,-0.843246,0
106382,944,0.421631,0
106392,939,-0.281082,0
106402,950,1.26487,0
106412,947,0.843262,0
106422,944,0.421631,0
106432,948,0.983788,0
106442,949,1.124344,0
106452,956,2.108131,0
106462,951,1.405418,0
106472,946,0.702705,0
106482,953,1.686501,0
106492,952,1.545952,0
106502,945,0.56218,0
106512,937,-0.562164,0
106522,940,-0.140533,0
106532,938,-0.421631,0
106542,945,0.56218,0
106552,940,-0.140533,0
106562,945,0.56218,0
106572,945,0.56218,0
106582,937,-0.562164,0
106592,941,0,0
106602,940,-0.140533,0
106612,944,0.421631,0
106622,942,0.140549,0
106632,940,-0.140533,0
106642,938,-0.421631,0
106652,942,0.140549,0
106662,943,0.281075,0
106672,939,-0.281082,0
106682,942,0.140549,0
106692,932,-1.264877,0
106702,949,1.124344,0
106712,944,0.421631,0
106722,944,0.421631,0
106732,941,0,0
106742,942,0.140549,0
106752,937,-0.562164,0
106762,942,0.140549,0
106772,954,1.827049,0
106782,937,-0.562164,0
106792,949,1.124344,0
106802,948,0.983788,0
106812,947,0.843262,0
106822,950,1.26487,0
106832,950,1.26487,0
106842,952,1.545952,0
106852,942,0.140549,0
106862,940,-0.140533,0
106872,946,0.702705,0
106882,942,0.140549,0
106892,941,0,0
106902,956,2.108131,0
106912,953,1.686501,0
106922,954,1.827049,0
106932,940,-0.140533,0
106942,947,0.843262,0
106952,947,0.843262,0
106962,941,0,0
106972,940,-0.140533,0
106982,941,0,0
106992,941,0,0
107002,941,0,0
107012,952,1.545952,0
107022,953,1.686501,0
107032,936,-0.70269,0
107042,947,0.843262,0
107052,933,-1.124321,0
107062,947,0.843262,0
107072,942,0.140549,0
107082,946,0.702705,0
107092,942,0.140549,0
107102,935,-0.843246,0
107112,936,-0.70269,0
107122,939,-0.281082,0
107132,943,0.281075,0
107142,945,0.56218,0
107152,946,0.702705,0
107162,940,-0.140533,0
107172,938,-0.421631,0
107182,944,0.421631,0
107192,932,-1.264877,0
107202,943,0.281075,0
107212,940,-0.140533,0
107222,939,-0.281082,0
107232,941,0,0
107242,949,1.124344,0
107252,946,0.702705,0
107262,947,0.843262,0
107272,952,1.545952,0
107282,945,0.56218,0
107292,955,1.967583,0
107302,943,0.281075,0
107312,941,0,0
107322,934,-0.983795,0
107332,950,1.26487,0
107342,934,-0.983795,0
107352,943,0.281075,0
107362,942,0.140549,0
107372,938,-0.421631,0
107382,943,0.281075,0
107392,945,0.56218,0
107402,950,1.26487,0
107412,937,-0.562164,0
107422,943,0.281075,0
107432,943,0.281075,0
107442,949,1.124344,0
107452,939,-0.281082,0
107462,936,-0.70269,0
107472,946,0.702705,0
107482,942,0.140549,0
107492,948,0.983788,0
107502,943,0.281075,0
107512,948,0.983788,0
107522,940,-0.140533,0
107532,942,0.140549,0
107542,944,0.421631,0
107552,941,0,0
107562,944,0.421631,0
107572,948,0.983788,0
107582,937,-0.562164,0
107592,950,1.26487,0
107602,949,1.124344,0
107612,952,1.545952,0
107622,939,-0.281082,0
107632,949,1.124344,0
107642,941,0,0
107652,943,0.281075,0
107662,937,-0.562164,0
107672,944,0.421631,0
107682,940,-0.140533,0
107692,944,0.421631,0
107702,946,0.702705,0
107712,943,0.281075,0
107722,953,1.686501,0
107732,935,-0.843246,0
107742,937,-0.562164,0
107752,941,0,0
107762,950,1.26487,0
107772,938,-0.421631,0
107782,945,0.56218,0
107792,944,0.421631,0
107802,943,0.281075,0
107812,951,1.405418,0
107822,945,0.56218,0
107832,944,0.421631,0
107842,946,0.702705,0
107852,947,0.843262,0
107862,945,0.56218,0
107872,937,-0.562164,0
107882,932,-1.264877,0
107892,943,0.281075,0
107902,946,0.702705,0
107912,941,0,0
107922,936,-0.70269,0
107932,938,-0.421631,0
107942,943,0.281075,0
107952,945,0.56218,0
107962,937,-0.562164,0
107972,939,-0.281082,0
107982,945,0.56218,0
107992,948,0.983788,0
108002,942,0.140549,0
108012,946,0.702705,0
108022,937,-0.562164,0
108032,940,-0.140533,0
108042,939,-0.281082,0
108052,949,1.124344,0
108062,943,0.281075,0
108072,946,0.702705,0
108082,947,0.843262,0
108092,939,-0.281082,0
108102,941,0,0
108112,945,0.56218,0
108122,949,1.124344,0
108132,940,-0.140533,0
108142,948,0.983788,0
108152,945,0.56218,0
108162,946,0.702705,0
108172,957,2.248657,0
108182,935,-0.843246,0
108192,947,0.843262,0
108202,941,0,0
108212,940,-0.140533,0
108222,941,0,0
108232,945,0.56218,0
108242,951,1.405418,0
108252,942,0.140549,0
108262,944,0.421631,0
108272,941,0,0
108282,940,-0.140533,0
108292,940,-0.140533,0
108302,940,-0.140533,0
108312,940,-0.140533,0
108322,942,0.140549,0
108332,943,0.281075,0
108342,949,1.124344,0
108352,942,0.140549,0
108362,947,0.843262,0
108372,940,-0.140533,0
108382,944,0.421631,0
108392,949,1.124344,0
108402,946,0.702705,0
108412,941,0,0
108422,946,0.702705,0
108432,937,-0.562164,0
108442,953,1.686501,0
108452,942,0.140549,0
108462,944,0.421631,0
108472,948,0.983788,0
108482,939,-0.281082,0
108492,951,1.405418,0
108502,948,0.983788,0
108512,952,1.545952,0
108522,940,-0.140533,0
108532,934,-0.983795,0
108542,950,1.26487,0
108552,938,-0.421631,0
108562,944,0.421631,0
108572,945,0.56218,0
108582,946,0.702705,0
108592,948,0.983788,0
108602,953,1.686501,0
108612,948,0.983788,0
108622,938,-0.421631,0
108632,942,0.140549,0
108642,939,-0.281082,0
108652,942,0.140549,0
108662,938,-0.421631,0
108672,946,0.702705,0
108682,935,-0.843246,0
108692,951,1.405418,0
108702,937,-0.562164,0
108712,959,2.529739,0
108722,942,0.140549,0
108732,951,1.405418,0
108742,945,0.56218,0
108752,937,-0.562164,1
108762,946,0.702705,1
108772,941,0,1
108782,948,0.983788,1
108792,951,1.405418,1
108802,943,0.281075,1
108812,953,1.686501,1
108822,948,0.983788,1
108832,946,0.702705,1
108842,949,1.124344,1
108852,938,-0.421631,1
108862,942,0.140549,1
108872,946,0.702705,1
108882,947,0.843262,1
108892,938,-0.421631,1
108902,945,0.56218,1
108912,952,1.545952,1
108922,939,-0.281082,1
108932,944,0.421631,1
108942,948,0.983788,1
108952,945,0.56218,1
108962,948,0.983788,1
108972,948,0.983788,1
108982,935,-0.843246,1
108992,946,0.702705,1
109002,949,1.124344,1
109012,949,1.124344,1
109022,946,0.702705,1
109032,950,1.26487,1
109042,950,1.26487,1
109052,947,0.843262,1
109062,948,0.983788,1
109072,937,-0.562164,1
109082,945,0.56218,1
109092,938,-0.421631,1
109102,939,-0.281082,1
109112,944,0.421631,1
109122,948,0.983788,1
109132,947,0.843262,1
109142,946,0.702705,1
109152,949,1.124344,1
109162,947,0.843262,1
109172,944,0.421631,1
109182,947,0.843262,1
109192,940,-0.140533,1
109202,942,0.140549,1
109212,938,-0.421631,1
109222,942,0.140549,1
109232,939,-0.281082,1
109242,952,1.545952,1
109252,946,0.702705,1
109262,950,1.26487,1
109272,946,0.702705,1
109282,947,0.843262,1
109292,948,0.983788,1
109302,945,0.56218,1
109312,943,0.281075,1
109322,937,-0.562164,1
109332,939,-0.281082,1
109342,941,0,1
109352,944,0.421631,1
109362,946,0.702705,1
109372,946,0.702705,1
109382,945,0.56218,1
109392,951,1.405418,1
109402,951,1.405418,1
109412,948,0.983788,1
109422,942,0.140549,1
109432,951,1.405418,1
109442,948,0.983788,1
109452,950,1.26487,1
109462,935,-0.843246,1
109472,948,0.983788,1
109482,944,0.421631,1
109492,941,0,1
109502,948,0.983788,1
109512,940,-0.140533,1
109522,949,1.124344,1
109532,948,0.983788,1
109542,940,-0.140533,1
109552,944,0.421631,1
109562,942,0.140549,1
109572,938,-0.421631,1
109582,942,0.140549,1
109592,940,-0.140533,1
109602,945,0.56218,1
109612,950,1.26487,1
109622,950,1.26487,1
109632,946,0.702705,1
109642,944,0.421631,1
109652,945,0.56218,1
109662,938,-0.421631,1
109672,944,0.421631,1
109682,941,0,1
109692,946,0.702705,1
109702,940,-0.140533,1
109712,938,-0.421631,1
109722,948,0.983788,1
109732,951,1.405418,1
109742,951,1.405418,1
109752,936,-0.70269,1
109762,943,0.281075,1
109772,940,-0.140533,1
109782,941,0,1
109792,941,0,1
109802,943,0.281075,1
109812,943,0.281075,1
109822,890,-7.16761,1
109832,862,-11.10278,1
109842,839,-14.33523,1
109852,795,-20.51904,1
109862,758,-25.71908,1
109872,734,-29.09207,1
109882,706,-33.02724,1
109892,696,-34.43266,1
109902,670,-38.08673,1
109912,645,-41.60027,1
109922,623,-44.69217,1
109932,606,-47.08139,1
109942,599,-48.06517,1
109952,586,-49.89221,1
109962,576,-51.29763,1
109972,560,-53.54628,1
109982,547,-55.37333,1
109992,539,-56.49765,1
110002,529,-57.90307,1
110012,515,-59.87066,1
110022,508,-60.85444,1
110032,503,-61.55715,1
110042,496,-62.54094,1
110052,486,-63.94635,1
110062,477,-65.21123,1
110072,471,-66.05447,1
110082,467,-66.61664,1
110092,468,-66.4761,1
110102,456,-68.1626,1
110112,455,-68.30314,1
110122,455,-68.30314,1
110132,454,-68.44368,1
110142,452,-68.72476,1
110152,432,-71.53559,1
110162,442,-70.13017,1
110172,437,-70.83289,1
110182,434,-71.25451,1
110192,427,-72.2383,1
110202,429,-71.95721,1
110212,431,-71.67613,1
110222,421,-73.08154,1
110232,433,-71.39505,1
110242,425,-72.51938,1
110252,419,-73.36263,1
110262,415,-73.9248,1
110272,418,-73.50317,1
110282,414,-74.06534,1
110292,410,-74.6275,1
110302,407,-75.04913,0
110312,404,-75.47075,0
110322,407,-75.04913,0
110332,414,-74.06534,0
110342,404,-75.47075,0
110352,404,-75.47075,0
110362,404,-75.47075,0
110372,398,-76.314,0
110382,397,-76.45454,0
110392,401,-75.89238,0
110402,398,-76.314,0
110412,403,-75.61129,0
110422,394,-76.87617,0
110432,394,-76.87617,0
110442,397,-76.45454,0
110452,395,-76.73563,0
110462,402,-75.75183,0
110472,400,-76.03291,0
110482,393,-77.01671,0
110492,393,-77.01671,0
110502,395,-76.73563,0
110512,392,-77.15725,0
110522,396,-76.59508,0
110532,381,-78.7032,0
110542,392,-77.15725,0
110552,396,-76.59508,0
110562,396,-76.59508,0
110572,388,-77.71941,0
110582,393,-77.01671,0
110592,397,-76.45454,0
110602,387,-77.85995,0
110612,390,-77.43833,0
110622,389,-77.57887,0
110632,390,-77.43833,0
110642,389,-77.57887,0
110652,388,-77.71941,0
110662,388,-77.71941,0
110672,387,-77.85995,0
110682,386,-78.0005,0
110692,387,-77.85995,0
110702,387,-77.85995,0
110712,386,-78.0005,0
110722,384,-78.28158,0
110732,389,-77.57887,0
110742,392,-77.15725,0
110752,384,-78.28158,0
110762,392,-77.15725,0
110772,391,-77.29779,0
110782,384,-78.28158,0
110792,390,-77.43833,0
110802,386,-78.0005,0
110812,388,-77.71941,0
110822,390,-77.43833,0
110832,388,-77.71941,0
110842,387,-77.85995,0
110852,388,-77.71941,0
110862,390,-77.43833,0
110872,391,-77.29779,0
110882,387,-77.85995,0
110892,382,-78.56266,0
110902,394,-76.87617,0
110912,390,-77.43833,0
110922,394,-76.87617,0
110932,386,-78.0005,0
110942,386,-78.0005,0
110952,388,-77.71941,0
110962,394,-76.87617,0
110972,384,-78.28158,0
110982,393,-77.01671,0
110992,390,-77.43833,0
111002,390,-77.43833,0
111012,391,-77.29779,0
111022,378,-79.12483,0
111032,389,-77.57887,0
111042,385,-78.14104,0
111052,392,-77.15725,0
111062,388,-77.71941,0
111072,388,-77.71941,0
111082,393,-77.01671,0
111092,394,-76.87617,0
111102,390,-77.43833,0
111112,388,-77.71941,0
111122,393,-77.01671,0
111132,391,-77.29779,0
111142,382,-78.56266,0
111152,388,-77.71941,0
111162,392,-77.15725,0
111172,391,-77.29779,0
111182,394,-76.87617,0
111192,384,-78.28158,0
111202,389,-77.57887,0
111212,395,-76.73563,0
111222,385,-78.14104,0
111232,397,-76.45454,0
111242,391,-77.29779,0
111252,385,-78.14104,0
111262,386,-78.0005,0
111272,398,-76.314,0
111282,395,-76.73563,0
111292,384,-78.28158,0
111302,387,-77.85995,0
111312,385,-78.14104,0
111322,398,-76.314,0
111332,390,-77.43833,0
111342,390,-77.43833,0
111352,418,-73.50317,0
111362,466,-66.75718,0
111372,478,-65.07068,0
111382,477,-65.21123,0
111392,481,-64.64906,0
111402,480,-64.7896,0
111412,484,-64.22743,0
111422,486,-63.94635,0
111432,485,-64.0869,0
111442,485,-64.0869,0
111452,490,-63.38419,0
111462,491,-63.24364,0
111472,493,-62.96256,0
111482,503,-61.55715,0
111492,493,-62.96256,0
111502,500,-61.97878,0
111512,511,-60.43282,0
111522,495,-62.68148,0
111532,505,-61.27607,0
111542,504,-61.41661,0
111552,503,-61.55715,0
111562,508,-60.85444,0
111572,508,-60.85444,0
111582,516,-59.73011,0
111592,520,-59.16794,0
111602,520,-59.16794,0
111612,519,-59.30848,0
111622,513,-60.15174,0
111632,522,-58.88686,0
111642,521,-59.0274,0
111652,526,-58.3247,0
111662,526,-58.3247,0
111672,519,-59.30848,0
111682,531,-57.62199,0
111692,537,-56.77874,0
111702,533,-57.3409,0
111712,536,-56.91928,0
111722,535,-57.05983,0
111732,538,-56.6382,0
111742,539,-56.49765,0
111752,541,-56.21658,0
111762,547,-55.37333,0
111772,545,-55.65441,0
111782,546,-55.51387,0
111792,546,-55.51387,0
111802,543,-55.93549,0
111812,550,-54.95169,0
111822,551,-54.81116,0
111832,558,-53.82737,0
111842,552,-54.67062,0
111852,557,-53.96791,0
111862,563,-53.12466,0
111872,561,-53.40574,0
111882,560,-53.54628,0
111892,565,-52.84359,0
111902,562,-53.2652,0
111912,572,-51.85979,0
111922,559,-53.68682,0
111932,577,-51.15708,0
111942,577,-51.15708,0
111952,577,-51.15708,0
111962,569,-52.28141,0
111972,576,-51.29763,0
111982,579,-50.876,0
111992,579,-50.876,0
112002,589,-49.47058,0
112012,587,-49.75167,0
112022,584,-50.17329,0
112032,577,-51.15708,0
112042,585,-50.03275,0
112052,587,-49.75167,0
112062,595,-48.62734,0
112072,598,-48.20571,0
112082,595,-48.62734,0
112092,597,-48.34626,0
112102,593,-48.90842,0
112112,594,-48.76788,0
112122,601,-47.78408,0
112132,601,-47.78408,0
112142,600,-47.92463,0
112152,602,-47.64354,0
112162,607,-46.94084,0
112172,607,-46.94084,0
112182,609,-46.65975,0
112192,609,-46.65975,0
112202,606,-47.08139,0
112212,622,-44.83271,0
112222,617,-45.53543,0
112232,615,-45.81651,0
112242,607,-46.94084,0
112252,622,-44.83271,0
112262,618,-45.39488,0
112272,616,-45.67597,0
112282,624,-44.55164,0
112292,621,-44.97326,0
112302,626,-44.27055,0
112312,625,-44.41109,0
112322,635,-43.00568,0
112332,625,-44.41109,0
112342,629,-43.84893,0
112352,631,-43.56784,0
112362,628,-43.98947,0
112372,635,-43.00568,0
112382,639,-42.44351,0
112392,646,-41.45972,0
112402,652,-40.61647,0
112412,645,-41.60027,0
112422,647,-41.31918,0
112432,642,-42.02188,0
112442,649,-41.0381,0
112452,647,-41.31918,0
112462,644,-41.74081,0
112472,653,-40.47593,0
112482,651,-40.75702,0
112492,660,-39.49214,0
112502,652,-40.61647,0
112512,658,-39.77323,0
112522,667,-38.50835,0
112532,660,-39.49214,0
112542,655,-40.19485,0
112552,665,-38.78944,0
112562,664,-38.92997,0
112572,669,-38.22727,0
112582,666,-38.6489,0
112592,664,-38.92997,0
112602,666,-38.6489,0
112612,669,-38.22727,0
112622,667,-38.50835,0
112632,672,-37.80564,0
112642,677,-37.10294,0
112652,666,-38.6489,0
112662,680,-36.68131,0
112672,678,-36.96239,0
112682,682,-36.40022,0
112692,678,-36.96239,0
112702,683,-36.25969,0
112712,681,-36.54077,0
112722,686,-35.83807,0
112732,691,-35.13535,0
112742,687,-35.69753,0
112752,696,-34.43266,0
112762,688,-35.55698,0
112772,693,-34.85427,0
112782,690,-35.2759,0
112792,692,-34.99481,0
112802,703,-33.44886,0
112812,694,-34.71374,0
112822,699,-34.01102,0
112832,701,-33.72994,0
112842,712,-32.18399,0
112852,708,-32.74615,0
112862,707,-32.8867,0
112872,716,-31.62183,0
112882,717,-31.48128,0
112892,717,-31.48128,0
112902,714,-31.9029,0
112912,720,-31.05966,0
112922,713,-32.04344,0
112932,720,-31.05966,0
112942,723,-30.63802,0
112952,711,-32.32453,0
112962,725,-30.35696,0
112972,724,-30.49749,0
112982,731,-29.51369,0
112992,723,-30.63802,0
113002,724,-30.49749,0
113012,724,-30.49749,0
113022,725,-30.35696,0
113032,729,-29.79478,0
113042,727,-30.07587,0
113052,727,-30.07587,0
113062,736,-28.811,0
113072,740,-28.24883,0
113082,738,-28.52991,0
113092,750,-26.84341,0
113102,743,-27.8272,0
113112,750,-26.84341,0
113122,740,-28.24883,0
113132,747,-27.26505,0
113142,750,-26.84341,0
113152,746,-27.40558,0
113162,738,-28.52991,0
113172,758,-25.71908,0
113182,751,-26.70287,0
113192,752,-26.56233,0
113202,751,-26.70287,0
113212,754,-26.28124,0
113222,756,-26.00017,0
113232,753,-26.42179,0
113242,753,-26.42179,0
113252,757,-25.85963,0
113262,755,-26.1407,0
113272,751,-26.70287,0
113282,753,-26.42179,0
113292,766,-24.59476,0
113302,767,-24.45421,0
113312,763,-25.01637,0
113322,767,-24.45421,0
113332,773,-23.61095,0
113342,766,-24.59476,0
113352,769,-24.17313,0
113362,788,-21.50285,0
113372,773,-23.61095,0
113382,769,-24.17313,0
113392,772,-23.7515,0
113402,774,-23.47041,0
113412,780,-22.62717,0
113422,780,-22.62717,0
113432,781,-22.48663,0
113442,784,-22.065,0
113452,785,-21.92446,0
113462,784,-22.065,0
113472,780,-22.62717,0
113482,779,-22.76772,0
113492,790,-21.22175,0
113502,794,-20.65959,0
113512,782,-22.34608,0
113522,793,-20.80013,0
113532,787,-21.64338,0
113542,794,-20.65959,0
113552,796,-20.37851,0
113562,800,-19.81634,0
113572,795,-20.51904,0
113582,799,-19.95688,0
113592,795,-20.51904,0
113602,798,-20.09743,0
113612,804,-19.25417,0
113622,804,-19.25417,0
113632,795,-20.51904,0
113642,810,-18.41093,0
113652,812,-18.12984,0
113662,791,-21.08121,0
113672,803,-19.39472,0
113682,808,-18.69201,0
113692,806,-18.97309,0
113702,809,-18.55147,0
113712,812,-18.12984,0
113722,806,-18.97309,0
113732,810,-18.41093,0
113742,809,-18.55147,0
113752,814,-17.84875,0
113762,813,-17.9893,0
113772,809,-18.55147,0
113782,814,-17.84875,0
113792,811,-18.27039,0
113802,807,-18.83256,0
113812,815,-17.70821,0
113822,814,-17.84875,0
113832,821,-16.86497,0
113842,821,-16.86497,0
113852,820,-17.00552,0
113862,819,-17.14606,0
113872,832,-15.31902,0
113882,828,-15.88118,0
113892,829,-15.74065,0
113902,819,-17.14606,0
113912,833,-15.17847,0
113922,824,-16.44334,0
113932,828,-15.88118,0
113942,832,-15.31902,0
113952,831,-15.45955,0
113962,844,-13.63252,0
113972,831,-15.45955,0
113982,834,-15.03793,0
113992,831,-15.45955,0
114002,841,-14.05414,0
114012,836,-14.75684,0
114022,840,-14.19468,0
114032,841,-14.05414,0
114042,839,-14.33523,0
114052,849,-12.92981,0
114062,850,-12.78927,0
114072,850,-12.78927,0
114082,847,-13.2109,0
114092,843,-13.77306,0
114102,849,-12.92981,0
114112,844,-13.63252,0
114122,847,-13.2109,0
114132,849,-12.92981,0
114142,854,-12.2271,0
114152,858,-11.66493,0
114162,855,-12.08656,0
114172,853,-12.36765,0
114182,856,-11.94601,0
114192,851,-12.64873,0
114202,860,-11.38386,0
114212,857,-11.80549,0
114222,854,-12.2271,0
114232,864,-10.82169,0
114242,853,-12.36765,0
114252,856,-11.94601,0
114262,853,-12.36765,0
114272,858,-11.66493,0
114282,864,-10.82169,0
114292,855,-12.08656,0
114302,859,-11.5244,0
114312,867,-10.40006,0
114322,862,-11.10278,0
114332,864,-10.82169,0
114342,861,-11.24332,0
114352,865,-10.68114,0
114362,867,-10.40006,0
114372,864,-10.82169,0
114382,864,-10.82169,0
114392,865,-10.68114,0
114402,871,-9.837906,0
114412,872,-9.69735,0
114422,864,-10.82169,0
114432,871,-9.837906,0
114442,873,-9.556808,0
114452,876,-9.135193,0
114462,874,-9.416275,0
114472,870,-9.978447,0
114482,869,-10.11898,0
114492,871,-9.837906,0
114502,890,-7.16761,0
114512,881,-8.43248,0
114522,879,-8.71357,0
114532,875,-9.275734,0
114542,881,-8.43248,0
114552,884,-8.010857,0
114562,894,-6.605446,0
114572,882,-8.291939,0
114582,878,-8.854111,0
114592,883,-8.151398,0
114602,880,-8.573029,0
114612,872,-9.69735,0
114622,892,-6.886528,0
114632,886,-7.729767,0
114642,891,-7.027069,0
114652,880,-8.573029,0
114662,889,-7.308159,0
114672,882,-8.291939,0
114682,890,-7.16761,0
114692,884,-8.010857,0
114702,889,-7.308159,0
114712,891,-7.027069,0
114722,883,-8.151398,0
114732,909,-4.497322,0
114742,890,-7.16761,0
114752,892,-6.886528,0
114762,905,-5.059486,0
114772,897,-6.183815,0
114782,892,-6.886528,0
114792,887,-7.589226,0
114802,890,-7.16761,0
114812,892,-6.886528,0
114822,897,-6.183815,0
114832,889,-7.308159,0
114842,890,-7.16761,0
114852,908,-4.637863,0
114862,912,-4.075706,0
114872,897,-6.183815,0
114882,904,-5.200027,0
114892,908,-4.637863,0
114902,898,-6.043289,0
114912,912,-4.075706,0
114922,899,-5.902733,0
114932,899,-5.902733,0
114942,898,-6.043289,0
114952,913,-3.93515,0
114962,907,-4.778404,0
114972,914,-3.794617,0
114982,920,-2.951378,0
114992,917,-3.372986,0
115002,907,-4.778404,0
115012,910,-4.356781,0
115022,903,-5.340576,0
115032,907,-4.778404,0
115042,899,-5.902733,0
115052,900,-5.762199,0
115062,906,-4.918945,0
115072,902,-5.481117,0
115082,910,-4.356781,0
115092,902,-5.481117,0
115102,911,-4.216248,0
115112,922,-2.670273,0
115122,911,-4.216248,0
115132,913,-3.93515,0
115142,914,-3.794617,0
115152,914,-3.794617,0
115162,919,-3.091904,0
115172,912,-4.075706,0
115182,914,-3.794617,0
115192,921,-2.810829,0
115202,919,-3.091904,0
115212,923,-2.529747,0
115222,921,-2.810829,0
115232,917,-3.372986,0
115242,908,-4.637863,0
115252,928,-1.827034,0
115262,915,-3.654068,0
115272,919,-3.091904,0
115282,914,-3.794617,0
115292,914,-3.794617,0
115302,915,-3.654068,0
115312,928,-1.827034,0
115322,916,-3.513542,0
115332,926,-2.108116,0
115342,917,-3.372986,0
115352,931,-1.405403,0
115362,918,-3.23246,0
115372,920,-2.951378,0
115382,916,-3.513542,0
115392,922,-2.670273,0
115402,920,-2.951378,0
115412,921,-2.810829,0
115422,919,-3.091904,0
115432,933,-1.124321,0
115442,930,-1.545952,0
115452,931,-1.405403,0
115462,924,-2.389198,0
115472,925,-2.248665,0
115482,926,-2.108116,0
115492,924,-2.389198,0
115502,933,-1.124321,0
115512,925,-2.248665,0
115522,927,-1.96756,0
115532,926,-2.108116,0
115542,926,-2.108116,0
115552,929,-1.686508,0
115562,934,-0.983795,0
115572,935,-0.843246,0
115582,925,-2.248665,0
115592,924,-2.389198,0
115602,937,-0.562164,0
115612,922,-2.670273,0
115622,925,-2.248665,0
115632,927,-1.96756,0
115642,925,-2.248665,0
115652,926,-2.108116,0
115662,934,-0.983795,0
115672,929,-1.686508,0
115682,928,-1.827034,0
115692,931,-1.405403,0
115702,935,-0.843246,0
115712,928,-1.827034,0
115722,933,-1.124321,0
115732,931,-1.405403,0
115742,940,-0.140533,0
115752,934,-0.983795,0
115762,925,-2.248665,0
115772,930,-1.545952,0
115782,932,-1.264877,0
115792,931,-1.405403,0
115802,931,-1.405403,0
115812,926,-2.108116,0
115822,930,-1.545952,0
115832,931,-1.405403,0
115842,932,-1.264877,0
115852,933,-1.124321,0
115862,937,-0.562164,0
115872,936,-0.70269,0
115882,941,0,0
115892,928,-1.827034,0
115902,928,-1.827034,0
115912,939,-0.281082,0
115922,931,-1.405403,0
115932,951,1.405418,0
115942,933,-1.124321,0
115952,939,-0.281082,0
115962,939,-0.281082,0
115972,942,0.140549,0
115982,939,-0.281082,0
115992,941,0,0
116002,932,-1.264877,0
116012,930,-1.545952,0
116022,935,-0.843246,0
116032,935,-0.843246,0
116042,932,-1.264877,0
116052,937,-0.562164,0
116062,938,-0.421631,0
116072,937,-0.562164,0
116082,942,0.140549,0
116092,941,0,0
116102,937,-0.562164,0
116112,935,-0.843246,0
116122,929,-1.686508,0
116132,945,0.56218,0
116142,931,-1.405403,0
116152,944,0.421631,0
116162,952,1.545952,0
116172,938,-0.421631,0
116182,940,-0.140533,0
116192,939,-0.281082,0
116202,941,0,0
116212,935,-0.843246,0
116222,940,-0.140533,0
116232,940,-0.140533,0
116242,937,-0.562164,0
116252,943,0.281075,0
116262,939,-0.281082,0
116272,940,-0.140533,0
116282,939,-0.281082,0
116292,935,-0.843246,0
116302,949,1.124344,0
116312,950,1.26487,0
116322,934,-0.983795,0
116332,944,0.421631,0
116342,941,0,0
116352,942,0.140549,0
116362,932,-1.264877,0
116372,943,0.281075,0
116382,937,-0.562164,0
116392,935,-0.843246,0
116402,933,-1.124321,0
116412,943,0.281075,0
116422,948,0.983788,0
116432,946,0.702705,0
116442,945,0.56218,0
116452,949,1.124344,0
116462,941,0,0
116472,938,-0.421631,0
116482,939,-0.281082,0
116492,934,-0.983795,0
116502,941,0,0
116512,935,-0.843246,0
116522,933,-1.124321,0
116532,942,0.140549,0
116542,939,-0.281082,0
116552,933,-1.124321,0
116562,950,1.26487,0
116572,937,-0.562164,0
116582,942,0.140549,0
116592,932,-1.264877,0
116602,944,0.421631,0
116612,941,0,0
116622,940,-0.140533,0
116632,945,0.56218,0
116642,946,0.702705,0
116652,950,1.26487,0
116662,953,1.686501,0
116672,948,0.983788,0
116682,939,-0.281082,0
116692,940,-0.140533,0
116702,938,-0.421631,0
116712,934,-0.983795,0
116722,938,-0.421631,0
116732,937,-0.562164,0
116742,936,-0.70269,0
116752,939,-0.281082,0
116762,946,0.702705,0
116772,950,1.26487,0
116782,951,1.405418,0
116792,947,0.843262,0
116802,944,0.421631,0
116812,946,0.702705,0
116822,941,0,0
116832,934,-0.983795,0
116842,933,-1.124321,0
116852,941,0,0
116862,941,0,0
116872,933,-1.124321,0
116882,941,0,0
116892,941,0,0
116902,939,-0.281082,0
116912,946,0.702705,0
116922,944,0.421631,0
116932,942,0.140549,0
116942,944,0.421631,0
116952,938,-0.421631,0
116962,945,0.56218,0
116972,947,0.843262,0
116982,940,-0.140533,0
116992,937,-0.562164,0
117002,945,0.56218,0
117012,937,-0.562164,0
117022,949,1.124344,0
117032,948,0.983788,0
117042,946,0.702705,0
117052,939,-0.281082,0
117062,939,-0.281082,0
117072,937,-0.562164,0
117082,942,0.140549,0
117092,951,1.405418,0
117102,945,0.56218,0
117112,939,-0.281082,0
117122,947,0.843262,0
117132,944,0.421631,0
117142,946,0.702705,0
117152,949,1.124344,0
117162,942,0.140549,0
117172,950,1.26487,0
117182,942,0.140549,0
117192,946,0.702705,0
117202,945,0.56218,0
117212,946,0.702705,0
117222,948,0.983788,0
117232,948,0.983788,0
117242,950,1.26487,0
117252,949,1.124344,0
117262,941,0,0
117272,938,-0.421631,0
117282,939,-0.281082,0
117292,941,0,0
117302,942,0.140549,0
117312,945,0.56218,0
117322,944,0.421631,0
117332,943,0.281075,0
117342,941,0,0
117352,947,0.843262,0
117362,937,-0.562164,0
117372,938,-0.421631,0
117382,942,0.140549,0
117392,942,0.140549,0
117402,934,-0.983795,0
117412,934,-0.983795,0
117422,942,0.140549,0
117432,947,0.843262,0
117442,944,0.421631,0
117452,946,0.702705,0
117462,945,0.56218,0
117472,942,0.140549,0
117482,941,0,0
117492,949,1.124344,0
117502,942,0.140549,0
117512,936,-0.70269,0
117522,953,1.686501,0
117532,951,1.405418,0
117542,943,0.281075,0
117552,947,0.843262,0
117562,950,1.26487,0
117572,945,0.56218,0
117582,940,-0.140533,0
117592,942,0.140549,0
117602,950,1.26487,0
117612,939,-0.281082,0
117622,941,0,0
117632,943,0.281075,0
117642,945,0.56218,0
117652,938,-0.421631,0
117662,935,-0.843246,0
117672,941,0,0
117682,944,0.421631,0
117692,938,-0.421631,0
117702,940,-0.140533,0
117712,940,-0.140533,0
117722,937,-0.562164,0
117732,950,1.26487,0
117742,942,0.140549,0
117752,947,0.843262,0
117762,938,-0.421631,0
117772,947,0.843262,0
117782,944,0.421631,0
117792,943,0.281075,0
117802,942,0.140549,0
117812,940,-0.140533,0
117822,937,-0.562164,0
117832,948,0.983788,0
117842,940,-0.140533,0
117852,947,0.843262,0
117862,942,0.140549,0
117872,940,-0.140533,0
117882,944,0.421631,0
117892,939,-0.281082,0
117902,946,0.702705,0
117912,940,-0.140533,0
117922,940,-0.140533,0
117932,943,0.281075,0
117942,951,1.405418,0
117952,949,1.124344,0
117962,950,1.26487,0
117972,943,0.281075,0
117982,952,1.545952,0
117992,946,0.702705,0
118002,937,-0.562164,0
118012,946,0.702705,0
118022,956,2.108131,0
118032,944,0.421631,0
118042,949,1.124344,0
118052,940,-0.140533,0
118062,946,0.702705,0
118072,932,-1.264877,0
118082,945,0.56218,0
118092,932,-1.264877,0
118102,939,-0.281082,0
118112,945,0.56218,0
118122,940,-0.140533,0
118132,939,-0.281082,0
118142,944,0.421631,0
118152,946,0.702705,0
118162,946,0.702705,0
118172,945,0.56218,0
118182,949,1.124344,0
118192,941,0,0
118202,946,0.702705,0
118212,950,1.26487,0
118222,939,-0.281082,0
118232,946,0.702705,0
118242,948,0.983788,0
118252,942,0.140549,0
118262,942,0.140549,0
118272,943,0.281075,0
118282,941,0,0
118292,947,0.843262,0
118302,939,-0.281082,0
118312,941,0,0
118322,942,0.140549,0
118332,942,0.140549,0
118342,940,-0.140533,0
118352,937,-0.562164,0
118362,955,1.967583,0
118372,939,-0.281082,0
118382,951,1.405418,0
118392,945,0.56218,0
118402,947,0.843262,0
118412,943,0.281075,0
118422,951,1.405418,0
118432,942,0.140549,0
118442,945,0.56218,0
118452,945,0.56218,0
118462,942,0.140549,0
118472,945,0.56218,0
118482,945,0.56218,0
118492,933,-1.124321,0
118502,940,-0.140533,0
118512,941,0,0
118522,947,0.843262,0
118532,957,2.248657,0
118542,945,0.56218,0
118552,947,0.843262,0
118562,947,0.843262,0
118572,955,1.967583,0
118582,940,-0.140533,0
118592,943,0.281075,0
118602,936,-0.70269,0
118612,942,0.140549,0
118622,940,-0.140533,0
118632,940,-0.140533,0
118642,942,0.140549,0
118652,936,-0.70269,0
118662,940,-0.140533,0
118672,948,0.983788,0
118682,950,1.26487,0
118692,943,0.281075,0
118702,943,0.281075,0
118712,939,-0.281082,0
118722,940,-0.140533,0
118732,938,-0.421631,0
118742,947,0.843262,0
118752,942,0.140549,0
118762,947,0.843262,0
118772,943,0.281075,0
118782,947,0.843262,0
118792,941,0,0
118802,947,0.843262,0
118812,944,0.421631,0
118822,947,0.843262,0
118832,948,0.983788,0
118842,941,0,0
118852,941,0,0
118862,942,0.140549,0
118872,941,0,0
118882,944,0.421631,0
118892,941,0,0
118902,934,-0.983795,0
118912,941,0,0
118922,945,0.56218,0
118932,941,0,0
118942,940,-0.140533,0
118952,948,0.983788,0
118962,944,0.421631,0
118972,948,0.983788,0
118982,948,0.983788,0
118992,946,0.702705,0
119002,949,1.124344,0
119012,950,1.26487,0
119022,943,0.281075,0
119032,944,0.421631,0
119042,937,-0.562164,0
119052,938,-0.421631,0
119062,942,0.140549,0
119072,942,0.140549,0
119082,947,0.843262,0
119092,933,-1.124321,0
119102,947,0.843262,0
119112,947,0.843262,0
119122,946,0.702705,0
119132,947,0.843262,0
119142,942,0.140549,0
119152,953,1.686501,0
119162,932,-1.264877,0
119172,940,-0.140533,0
119182,942,0.140549,0
119192,953,1.686501,0
119202,946,0.702705,0
119212,940,-0.140533,0
119222,950,1.26487,0
119232,945,0.56218,0
119242,944,0.421631,0
119252,941,0,0
119262,940,-0.140533,0
119272,939,-0.281082,0
119282,936,-0.70269,0
119292,941,0,0
119302,936,-0.70269,0
119312,936,-0.70269,0
119322,943,0.281075,0
119332,939,-0.281082,0
119342,938,-0.421631,0
119352,952,1.545952,0
119362,943,0.281075,0
119372,952,1.545952,0
119382,935,-0.843246,0
119392,941,0,0
119402,944,0.421631,0
119412,939,-0.281082,0
119422,950,1.26487,0
119432,947,0.843262,0
119442,943,0.281075,0
119452,950,1.26487,0
119462,941,0,0
119472,942,0.140549,0
119482,949,1.124344,0
119492,938,-0.421631,0
119502,938,-0.421631,0
119512,936,-0.70269,0
119522,944,0.421631,0
119532,948,0.983788,0
119542,938,-0.421631,0
119552,950,1.26487,0
119562,956,2.108131,0
119572,947,0.843262,0
119582,959,2.529739,0
119592,953,1.686501,0
119602,946,0.702705,0
119612,935,-0.843246,0
119622,940,-0.140533,0
119632,942,0.140549,0
119642,945,0.56218,0
119652,944,0.421631,0
119662,945,0.56218,0
119672,942,0.140549,0
119682,940,-0.140533,0
119692,935,-0.843246,0
119702,937,-0.562164,0
119712,951,1.405418,0
119722,940,-0.140533,0
119732,942,0.140549,0
119742,953,1.686501,0
119752,943,0.281075,0
119762,950,1.26487,0
119772,949,1.124344,0
119782,950,1.26487,0
119792,951,1.405418,0
119802,950,1.26487,0
119812,952,1.545952,0
119822,952,1.545952,0
119832,941,0,0
119842,935,-0.843246,0
119852,946,0.702705,0
119862,944,0.421631,0
119872,943,0.281075,0
119882,942,0.140549,0
119892,943,0.281075,0
119902,945,0.56218,0
119912,941,0,0
119922,946,0.702705,0
119932,942,0.140549,0
119942,943,0.281075,0
119952,939,-0.281082,0
119962,940,-0.140533,0
119972,938,-0.421631,0
119982,939,-0.281082,0
119992,943,0.281075,0
120002,952,1.545952,0
120012,948,0.983788,0
120022,947,0.843262,0
120032,949,1.124344,0
120042,948,0.983788,0
120052,944,0.421631,0
120062,941,0,0
120072,936,-0.70269,0
120082,943,0.281075,0
120092,939,-0.281082,0
120102,946,0.702705,0
120112,940,-0.140533,0
120122,949,1.124344,0
120132,940,-0.140533,0
120142,940,-0.140533,0
120152,949,1.124344,0
120162,939,-0.281082,0
120172,944,0.421631,0
120182,942,0.140549,0
120192,940,-0.140533,0
120202,938,-0.421631,0
120212,940,-0.140533,0
120222,941,0,0
120232,941,0,0
120242,933,-1.124321,0
120252,941,0,0
120262,940,-0.140533,0
120272,937,-0.562164,0
120282,949,1.124344,0
120292,947,0.843262,0
120302,949,1.124344,0
120312,944,0.421631,0
120322,940,-0.140533,0
120332,943,0.281075,0
120342,931,-1.405403,0
120352,949,1.124344,0
120362,941,0,0
120372,954,1.827049,0
120382,954,1.827049,0
120392,940,-0.140533,0
120402,941,0,0
120412,942,0.140549,0
120422,950,1.26487,0
120432,943,0.281075,0
120442,942,0.140549,0
120452,941,0,0
120462,945,0.56218,0
120472,936,-0.70269,0
120482,946,0.702705,0
120492,941,0,0
120502,950,1.26487,0
120512,945,0.56218,0
120522,941,0,0
120532,940,-0.140533,0
120542,942,0.140549,0
120552,944,0.421631,0
120562,948,0.983788,0
120572,940,-0.140533,0
120582,947,0.843262,0
120592,939,-0.281082,0
120602,956,2.108131,0
120612,943,0.281075,0
120622,954,1.827049,0
120632,942,0.140549,0
120642,943,0.281075,0
120652,943,0.281075,0
120662,944,0.421631,0
120672,949,1.124344,0
120682,945,0.56218,0
120692,942,0.140549,0
120702,946,0.702705,0
120712,938,-0.421631,0
120722,952,1.545952,0
120732,946,0.702705,0
120742,945,0.56218,0
120752,948,0.983788,0
120762,946,0.702705,0
120772,947,0.843262,0
120782,944,0.421631,0
120792,943,0.281075,0
120802,946,0.702705,0
120812,947,0.843262,0
120822,942,0.140549,0
120832,953,1.686501,0
120842,943,0.281075,0
120852,944,0.421631,0
120862,945,0.56218,0
120872,955,1.967583,0
120882,946,0.702705,0
120892,942,0.140549,0
120902,947,0.843262,0
120912,945,0.56218,0
120922,941,0,0
120932,946,0.702705,0
120942,948,0.983788,0
120952,941,0,0
120962,943,0.281075,0
120972,951,1.405418,0
120982,950,1.26487,0
120992,939,-0.281082,0
121002,945,0.56218,0
121012,949,1.124344,0
121022,948,0.983788,0
121032,946,0.702705,0
121042,946,0.702705,0
121052,954,1.827049,0
121062,941,0,0
121072,939,-0.281082,0
121082,941,0,0
121092,943,0.281075,0
121102,941,0,0
121112,953,1.686501,0
121122,946,0.702705,0
121132,945,0.56218,0
121142,936,-0.70269,0
121152,942,0.140549,0
121162,942,0.140549,0
121172,948,0.983788,0
121182,940,-0.140533,0
121192,944,0.421631,0
121202,950,1.26487,0
121212,946,0.702705,0
121222,953,1.686501,0
121232,947,0.843262,0
121242,955,1.967583,0
121252,944,0.421631,0
121262,942,0.140549,0
121272,949,1.124344,0
121282,944,0.421631,0
121292,941,0,0
121302,950,1.26487,0
121312,942,0.140549,0
121322,934,-0.983795,0
121332,938,-0.421631,0
121342,944,0.421631,0
121352,955,1.967583,0
121362,948,0.983788,0
121372,951,1.405418,0
121382,939,-0.281082,0
121392,941,0,0
121402,942,0.140549,0
121412,941,0,0
121422,941,0,0
121432,940,-0.140533,0
121442,946,0.702705,0
121452,947,0.843262,0
121462,955,1.967583,0
121472,954,1.827049,0
121482,944,0.421631,0
121492,944,0.421631,0
121502,944,0.421631,0
121512,954,1.827049,0
121522,943,0.281075,0
121532,940,-0.140533,0
121542,939,-0.281082,0
121552,943,0.281075,0
121562,940,-0.140533,0
121572,941,0,0
121582,943,0.281075,0
121592,943,0.281075,0
121602,955,1.967583,0
121612,944,0.421631,0
121622,944,0.421631,0
121632,945,0.56218,0
121642,942,0.140549,0
121652,942,0.140549,0
121662,940,-0.140533,0
121672,947,0.843262,0
121682,951,1.405418,0
121692,949,1.124344,0
121702,948,0.983788,0
121712,944,0.421631,0
121722,946,0.702705,0
121732,938,-0.421631,0
121742,941,0,0
121752,937,-0.562164,0
121762,940,-0.140533,0
121772,941,0,0
121782,953,1.686501,0
121792,946,0.702705,0
121802,950,1.26487,0
121812,944,0.421631,0
121822,948,0.983788,0
121832,945,0.56218,0
121842,950,1.26487,0
121852,945,0.56218,0
121862,940,-0.140533,0
121872,940,-0.140533,0
121882,944,0.421631,0
121892,937,-0.562164,0
121902,947,0.843262,0
121912,940,-0.140533,0
121922,945,0.56218,0
121932,942,0.140549,0
121942,937,-0.562164,0
121952,936,-0.70269,0
121962,936,-0.70269,0
121972,941,0,0
121982,947,0.843262,0
121992,949,1.124344,0
122002,941,0,0
122012,944,0.421631,0
122022,941,0,0
122032,945,0.56218,0
122042,943,0.281075,0
122052,939,-0.281082,0
122062,946,0.702705,0
122072,937,-0.562164,0
122082,941,0,0
122092,940,-0.140533,0
122102,946,0.702705,0
122112,939,-0.281082,0
122122,941,0,0
122132,945,0.56218,0
122142,945,0.56218,0
122152,947,0.843262,0
122162,951,1.405418,0
122172,951,1.405418,0
122182,938,-0.421631,0
122192,938,-0.421631,0
122202,940,-0.140533,0
122212,941,0,0
122222,939,-0.281082,0
122232,935,-0.843246,0
122242,944,0.421631,0
122252,951,1.405418,0
122262,938,-0.421631,0
122272,940,-0.140533,0
122282,941,0,0
122292,946,0.702705,0
122302,934,-0.983795,0
122312,943,0.281075,0
122322,942,0.140549,0
122332,943,0.281075,0
122342,938,-0.421631,0
122352,940,-0.140533,0
122362,943,0.281075,0
122372,947,0.843262,0
122382,944,0.421631,0
122392,952,1.545952,0
122402,946,0.702705,0
122412,944,0.421631,0
122422,941,0,0
122432,941,0,0
122442,938,-0.421631,0
122452,942,0.140549,0
122462,943,0.281075,0
122472,933,-1.124321,0
122482,947,0.843262,0
122492,939,-0.281082,0
122502,946,0.702705,0
122512,950,1.26487,0
122522,943,0.281075,0
122532,939,-0.281082,0
122542,938,-0.421631,0
122552,938,-0.421631,0
122562,944,0.421631,0
122572,948,0.983788,0
122582,951,1.405418,0
122592,949,1.124344,0
122602,954,1.827049,0
122612,941,0,0
122622,952,1.545952,0
122632,944,0.421631,0
122642,947,0.843262,0
122652,940,-0.140533,0
122662,941,0,0
122672,945,0.56218,0
122682,953,1.686501,0
122692,948,0.983788,0
122702,944,0.421631,0
122712,949,1.124344,0
122722,946,0.702705,0
122732,944,0.421631,0
122742,937,-0.562164,0
122752,944,0.421631,0
122762,936,-0.70269,0
122772,944,0.421631,0
122782,950,1.26487,0
122792,938,-0.421631,0
122802,952,1.545952,0
122812,943,0.281075,0
122822,948,0.983788,0
122832,941,0,0
122842,946,0.702705,0
122852,951,1.405418,0
122862,942,0.140549,0
122872,947,0.843262,0
122882,937,-0.562164,0
122892,939,-0.281082,0
122902,942,0.140549,0
122912,940,-0.140533,0
122922,939,-0.281082,0
122932,938,-0.421631,0
122942,949,1.124344,0
122952,941,0,0
122962,944,0.421631,0
122972,941,0,0
122982,945,0.56218,0
122992,943,0.281075,0
123002,940,-0.140533,0
123012,945,0.56218,0
123022,943,0.281075,0
123032,949,1.124344,0
123042,950,1.26487,0
123052,943,0.281075,0
123062,942,0.140549,0
123072,947,0.843262,0
123082,941,0,0
123092,938,-0.421631,0
123102,939,-0.281082,0
123112,939,-0.281082,0
123122,943,0.281075,0
123132,943,0.281075,0
123142,947,0.843262,0
123152,941,0,0
123162,944,0.421631,0
123172,943,0.281075,0
123182,938,-0.421631,0
123192,943,0.281075,0
123202,940,-0.140533,0
123212,942,0.140549,0
123222,939,-0.281082,0
123232,940,-0.140533,0
123242,944,0.421631,0
123252,941,0,0
123262,946,0.702705,0
123272,939,-0.281082,0
123282,944,0.421631,0
123292,944,0.421631,0
123302,946,0.702705,0
123312,939,-0.281082,0
123322,937,-0.562164,0
123332,945,0.56218,0
123342,942,0.140549,0
123352,939,-0.281082,0
123362,939,-0.281082,0
123372,945,0.56218,0
123382,947,0.843262,0
123392,943,0.281075,0
123402,948,0.983788,0
123412,949,1.124344,0
123422,946,0.702705,0
123432,939,-0.281082,0
123442,952,1.545952,0
123452,952,1.545952,0
123462,942,0.140549,0
123472,948,0.983788,0
123482,948,0.983788,0
123492,942,0.140549,0
123502,951,1.405418,0
123512,939,-0.281082,0
123522,951,1.405418,0
123532,942,0.140549,0
123542,943,0.281075,0
123552,952,1.545952,0
123562,940,-0.140533,0
123572,951,1.405418,0
123582,939,-0.281082,0
123592,936,-0.70269,0
123602,945,0.56218,0
123612,939,-0.281082,0
123622,952,1.545952,0
123632,944,0.421631,0
123642,949,1.124344,0
123652,946,0.702705,0
123662,943,0.281075,0
123672,946,0.702705,0
123682,942,0.140549,0
123692,941,0,0
123702,941,0,0
123712,937,-0.562164,0
123722,946,0.702705,0
123732,937,-0.562164,0
123742,940,-0.140533,0
123752,953,1.686501,0
123762,942,0.140549,0
123772,943,0.281075,0
123782,944,0.421631,0
123792,948,0.983788,0
123802,941,0,0
123812,945,0.56218,0
123822,941,0,0
123832,943,0.281075,0
123842,938,-0.421631,0
123852,950,1.26487,0
123862,939,-0.281082,0
123872,949,1.124344,0
123882,941,0,0
123892,946,0.702705,0
123902,945,0.56218,0
123912,939,-0.281082,0
123922,955,1.967583,0
123932,938,-0.421631,0
123942,940,-0.140533,0
123952,937,-0.562164,0
123962,941,0,0
123972,936,-0.70269,0
123982,943,0.281075,0
123992,939,-0.281082,0
124002,943,0.281075,0
124012,939,-0.281082,0
124022,945,0.56218,0
124032,939,-0.281082,0
124042,939,-0.281082,0
124052,931,-1.405403,0
124062,938,-0.421631,0
124072,937,-0.562164,0
124082,941,0,0
124092,937,-0.562164,0
124102,936,-0.70269,0
124112,944,0.421631,0
124122,941,0,0
124132,936,-0.70269,0
124142,942,0.140549,0
124152,940,-0.140533,0
124162,933,-1.124321,0
124172,941,0,0
124182,935,-0.843246,0
124192,944,0.421631,0
124202,937,-0.562164,0
124212,944,0.421631,0
124222,938,-0.421631,0
124232,939,-0.281082,0
124242,934,-0.983795,0
124252,941,0,0
124262,939,-0.281082,0
124272,940,-0.140533,0
124282,940,-0.140533,0
124292,939,-0.281082,0
124302,943,0.281075,0
124312,938,-0.421631,0
124322,942,0.140549,0
124332,945,0.56218,0
124342,952,1.545952,0
124352,946,0.702705,0
124362,937,-0.562164,0
124372,952,1.545952,0
124382,941,0,0
124392,948,0.983788,0
124402,944,0.421631,0
124412,946,0.702705,0
124422,940,-0.140533,0
124432,937,-0.562164,0
124442,950,1.26487,0
124452,947,0.843262,0
124462,937,-0.562164,0
124472,945,0.56218,0
124482,944,0.421631,0
124492,940,-0.140533,0
124502,944,0.421631,0
124512,946,0.702705,0
124522,951,1.405418,0
124532,937,-0.562164,0
124542,939,-0.281082,0
124552,940,-0.140533,0
124562,940,-0.140533,0
124572,945,0.56218,0
124582,942,0.140549,0
124592,946,0.702705,0
124602,942,0.140549,0
124612,948,0.983788,0
124622,939,-0.281082,0
124632,947,0.843262,0
124642,942,0.140549,0
124652,939,-0.281082,0
124662,941,0,0
124672,943,0.281075,0
124682,945,0.56218,0
124692,942,0.140549,0
124702,939,-0.281082,0
124712,954,1.827049,0
124722,943,0.281075,0
124732,950,1.26487,0
124742,953,1.686501,0
124752,944,0.421631,0
124762,935,-0.843246,0
124772,942,0.140549,0
124782,943,0.281075,0
124792,950,1.26487,0
124802,943,0.281075,0
124812,943,0.281075,0
124822,942,0.140549,0
124832,941,0,0
124842,949,1.124344,0
124852,949,1.124344,0
124862,939,-0.281082,0
124872,940,-0.140533,0
124882,941,0,0
124892,937,-0.562164,0
124902,946,0.702705,0
124912,946,0.702705,0
124922,946,0.702705,0
124932,955,1.967583,0
124942,953,1.686501,0
124952,941,0,0
124962,941,0,0
124972,937,-0.562164,0
124982,943,0.281075,0
124992,934,-0.983795,0
125002,944,0.421631,0
125012,943,0.281075,0
125022,940,-0.140533,0
125032,939,-0.281082,0
125042,941,0,0
125052,947,0.843262,0
125062,945,0.56218,0
125072,944,0.421631,0
125082,952,1.545952,0
125092,953,1.686501,0
125102,937,-0.562164,0
125112,937,-0.562164,0
125122,949,1.124344,0
125132,946,0.702705,0
125142,945,0.56218,0
125152,943,0.281075,0
125162,941,0,0
125172,933,-1.124321,0
125182,952,1.545952,0
125192,943,0.281075,0
125202,951,1.405418,0
125212,941,0,0
125222,946,0.702705,0
125232,939,-0.281082,0
125242,941,0,0
125252,945,0.56218,0
125262,943,0.281075,0
125272,950,1.26487,0
125282,938,-0.421631,0
125292,945,0.56218,0
125302,943,0.281075,1
125312,939,-0.281082,1
125322,950,1.26487,1
125332,941,0,1
125342,941,0,1
125352,940,-0.140533,1
125362,942,0.140549,1
125372,953,1.686501,1
125382,941,0,1
125392,937,-0.562164,1
125402,939,-0.281082,1
125412,947,0.843262,1
125422,935,-0.843246,1
125432,941,0,1
125442,945,0.56218,1
125452,938,-0.421631,1
125462,951,1.405418,1
125472,946,0.702705,1
125482,942,0.140549,1
125492,949,1.124344,1
125502,942,0.140549,1
125512,947,0.843262,1
125522,950,1.26487,1
125532,951,1.405418,1
125542,948,0.983788,1
125552,951,1.405418,1
125562,945,0.56218,1
125572,939,-0.281082,1
125582,938,-0.421631,1
125592,954,1.827049,1
125602,946,0.702705,1
125612,946,0.702705,1
125622,947,0.843262,1
125632,950,1.26487,1
125642,954,1.827049,1
125652,936,-0.70269,1
125662,939,-0.281082,1
125672,940,-0.140533,1
125682,938,-0.421631,1
125692,946,0.702705,1
125702,943,0.281075,1
125712,950,1.26487,1
125722,949,1.124344,1
125732,951,1.405418,1
125742,938,-0.421631,1
125752,947,0.843262,1
125762,945,0.56218,1
125772,940,-0.140533,1
125782,937,-0.562164,1
125792,944,0.421631,1
125802,944,0.421631,1
125812,940,-0.140533,1
125822,934,-0.983795,1
125832,944,0.421631,1
125842,954,1.827049,1
125852,949,1.124344,1
125862,945,0.56218,1
125872,948,0.983788,1
125882,945,0.56218,1
125892,949,1.124344,1
125902,939,-0.281082,1
125912,939,-0.281082,1
125922,940,-0.140533,1
125932,942,0.140549,1
125942,943,0.281075,1
125952,940,-0.140533,1
125962,944,0.421631,1
125972,943,0.281075,1
125982,939,-0.281082,1
125992,954,1.827049,1
126002,940,-0.140533,1
126012,942,0.140549,1
126022,943,0.281075,1
126032,940,-0.140533,1
126042,937,-0.562164,1
126052,944,0.421631,1
126062,941,0,1
126072,946,0.702705,1
126082,937,-0.562164,1
126092,941,0,1
126102,939,-0.281082,1
126112,949,1.124344,1
126122,940,-0.140533,1
126132,942,0.140549,1
126142,934,-0.983795,1
126152,938,-0.421631,1
126162,944,0.421631,1
126172,944,0.421631,1
126182,938,-0.421631,1
126192,945,0.56218,1
126202,934,-0.983795,1
126212,945,0.56218,1
126222,940,-0.140533,1
126232,944,0.421631,1
126242,945,0.56218,1
126252,939,-0.281082,1
126262,939,-0.281082,1
126272,941,0,1
126282,936,-0.70269,1
126292,941,0,1
126302,940,-0.140533,1
126312,942,0.140549,1
126322,949,1.124344,1
126332,943,0.281075,1
126342,941,0,1
126352,943,0.281075,1
126362,942,0.140549,1
126372,891,-7.027069,1
126382,854,-12.2271,1
126392,830,-15.60011,1
126402,800,-19.81634,1
126412,765,-24.73529,1
126422,741,-28.10828,1
126432,705,-33.16779,1
126442,678,-36.96239,1
126452,665,-38.78944,1
126462,654,-40.33539,1
126472,628,-43.98947,1
126482,609,-46.65975,1
126492,596,-48.4868,1
126502,589,-49.47058,1
126512,575,-51.43817,1
126522,556,-54.10846,1
126532,538,-56.6382,1
126542,529,-57.90307,1
126552,524,-58.60578,1
126562,519,-59.30848,1
126572,507,-60.99498,1
126582,494,-62.82202,1
126592,498,-62.25985,1
126602,483,-64.36798,1
126612,475,-65.49231,1
126622,463,-67.1788,1
126632,469,-66.33556,1
126642,461,-67.45988,1
126652,458,-67.88152,1
126662,453,-68.58422,1
126672,442,-70.13017,1
126682,450,-69.00584,1
126692,446,-69.56801,1
126702,444,-69.8491,1
126712,434,-71.25451,1
126722,432,-71.53559,1
126732,437,-70.83289,1
126742,439,-70.5518,1
126752,426,-72.37885,1
126762,427,-72.2383,1
126772,423,-72.80046,1
126782,416,-73.78426,1
126792,418,-73.50317,1
126802,415,-73.9248,1
126812,418,-73.50317,1
126822,414,-74.06534,1
126832,410,-74.6275,1
126842,414,-74.06534,1
126852,415,-73.9248,1
126862,415,-73.9248,1
126872,408,-74.90858,1
126882,409,-74.76804,1
126892,409,-74.76804,1
126902,401,-75.89238,0
126912,399,-76.17346,0
126922,405,-75.33021,0
126932,398,-76.314,0
126942,397,-76.45454,0
126952,398,-76.314,0
126962,394,-76.87617,0
126972,398,-76.314,0
126982,397,-76.45454,0
126992,402,-75.75183,0
127002,395,-76.73563,0
127012,393,-77.01671,0
127022,393,-77.01671,0
127032,389,-77.57887,0
127042,394,-76.87617,0
127052,396,-76.59508,0
127062,397,-76.45454,0
127072,394,-76.87617,0
127082,391,-77.29779,0
127092,385,-78.14104,0
127102,389,-77.57887,0
127112,392,-77.15725,0
127122,388,-77.71941,0
127132,389,-77.57887,0
127142,391,-77.29779,0
127152,388,-77.71941,0
127162,390,-77.43833,0
127172,393,-77.01671,0
127182,384,-78.28158,0
127192,397,-76.45454,0
127202,388,-77.71941,0
127212,384,-78.28158,0
127222,390,-77.43833,0
127232,387,-77.85995,0
127242,391,-77.29779,0
127252,394,-76.87617,0
127262,393,-77.01671,0
127272,387,-77.85995,0
127282,388,-77.71941,0
127292,388,-77.71941,0
127302,388,-77.71941,0
127312,388,-77.71941,0
127322,387,-77.85995,0
127332,388,-77.71941,0
127342,389,-77.57887,0
127352,385,-78.14104,0
127362,391,-77.29779,0
127372,384,-78.28158,0
127382,386,-78.0005,0
127392,392,-77.15725,0
127402,386,-78.0005,0
127412,401,-75.89238,0
127422,390,-77.43833,0
127432,395,-76.73563,0
127442,393,-77.01671,0
127452,393,-77.01671,0
127462,383,-78.42213,0
127472,386,-78.0005,0
127482,385,-78.14104,0
127492,381,-78.7032,0
127502,384,-78.28158,0
127512,382,-78.56266,0
127522,392,-77.15725,0
127532,386,-78.0005,0
127542,385,-78.14104,0
127552,390,-77.43833,0
127562,388,-77.71941,0
127572,386,-78.0005,0
127582,385,-78.14104,0
127592,389,-77.57887,0
127602,384,-78.28158,0
127612,390,-77.43833,0
127622,391,-77.29779,0
127632,392,-77.15725,0
127642,394,-76.87617,0
127652,387,-77.85995,0
127662,385,-78.14104,0
127672,398,-76.314,0
127682,376,-79.40591,0
127692,382,-78.56266,0
127702,390,-77.43833,0
127712,386,-78.0005,0
127722,395,-76.73563,0
127732,388,-77.71941,0
127742,390,-77.43833,0
127752,395,-76.73563,0
127762,396,-76.59508,0
127772,392,-77.15725,0
127782,384,-78.28158,0
127792,393,-77.01671,0
127802,392,-77.15725,0
127812,389,-77.57887,0
127822,386,-78.0005,0
127832,394,-76.87617,0
127842,388,-77.71941,0
127852,385,-78.14104,0
127862,387,-77.85995,0
127872,395,-76.73563,0
127882,386,-78.0005,0
127892,384,-78.28158,0
127902,390,-77.43833,0
127912,384,-78.28158,0
127922,387,-77.85995,0
127932,387,-77.85995,0
127942,387,-77.85995,0
127952,414,-74.06534,0
127962,466,-66.75718,0
127972,475,-65.49231,0
127982,484,-64.22743,0
127992,485,-64.0869,0
128002,476,-65.35177,0
128012,483,-64.36798,0
128022,477,-65.21123,0
128032,488,-63.66527,0
128042,494,-62.82202,0
128052,487,-63.80581,0
128062,490,-63.38419,0
128072,490,-63.38419,0
128082,496,-62.54094,0
128092,491,-63.24364,0
128102,495,-62.68148,0
128112,500,-61.97878,0
128122,497,-62.4004,0
128132,501,-61.83823,0
128142,506,-61.13553,0
128152,506,-61.13553,0
128162,512,-60.29227,0
128172,509,-60.71389,0
128182,511,-60.43282,0
128192,519,-59.30848,0
128202,512,-60.29227,0
128212,513,-60.15174,0
128222,528,-58.04361,0
128232,520,-59.16794,0
128242,521,-59.0274,0
128252,520,-59.16794,0
128262,529,-57.90307,0
128272,525,-58.46524,0
128282,529,-57.90307,0
128292,531,-57.62199,0
128302,536,-56.91928,0
128312,537,-56.77874,0
128322,532,-57.48145,0
128332,538,-56.6382,0
128342,534,-57.20036,0
128352,539,-56.49765,0
128362,540,-56.35712,0
128372,545,-55.65441,0
128382,546,-55.51387,0
128392,549,-55.09224,0
128402,546,-55.51387,0
128412,553,-54.53008,0
128422,550,-54.95169,0
128432,550,-54.95169,0
128442,554,-54.38954,0
128452,563,-53.12466,0
128462,557,-53.96791,0
128472,558,-53.82737,0
128482,558,-53.82737,0
128492,562,-53.2652,0
128502,566,-52.70304,0
128512,574,-51.57871,0
128522,567,-52.5625,0
128532,567,-52.5625,0
128542,572,-51.85979,0
128552,577,-51.15708,0
128562,576,-51.29763,0
128572,576,-51.29763,0
128582,583,-50.31384,0
128592,578,-51.01654,0
128602,588,-49.61113,0
128612,583,-50.31384,0
128622,589,-49.47058,0
128632,577,-51.15708,0
128642,581,-50.59491,0
128652,594,-48.76788,0
128662,590,-49.33004,0
128672,592,-49.04896,0
128682,593,-48.90842,0
128692,590,-49.33004,0
128702,595,-48.62734,0
128712,598,-48.20571,0
128722,604,-47.36246,0
128732,591,-49.1895,0
128742,598,-48.20571,0
128752,602,-47.64354,0
128762,598,-48.20571,0
128772,608,-46.8003,0
128782,603,-47.503,0
128792,613,-46.09759,0
128802,607,-46.94084,0
128812,610,-46.51921,0
128822,611,-46.37867,0
128832,615,-45.81651,0
128842,612,-46.23813,0
128852,616,-45.67597,0
128862,622,-44.83271,0
128872,617,-45.53543,0
128882,628,-43.98947,0
128892,625,-44.41109,0
128902,618,-45.39488,0
128912,621,-44.97326,0
128922,624,-44.55164,0
128932,633,-43.28676,0
128942,630,-43.70838,0
128952,634,-43.14622,0
128962,626,-44.27055,0
128972,637,-42.7246,0
128982,638,-42.58406,0
128992,640,-42.30297,0
129002,645,-41.60027,0
129012,634,-43.14622,0
129022,645,-41.60027,0
129032,638,-42.58406,0
129042,644,-41.74081,0
129052,640,-42.30297,0
129062,645,-41.60027,0
129072,656,-40.05431,0
129082,652,-40.61647,0
129092,655,-40.19485,0
129102,656,-40.05431,0
129112,662,-39.21106,0
129122,661,-39.3516,0
129132,656,-40.05431,0
129142,661,-39.3516,0
129152,661,-39.3516,0
129162,659,-39.63268,0
129172,662,-39.21106,0
129182,664,-38.92997,0
129192,666,-38.6489,0
129202,675,-37.38402,0
129212,670,-38.08673,0
129222,674,-37.52456,0
129232,673,-37.6651,0
129242,670,-38.08673,0
129252,673,-37.6651,0
129262,675,-37.38402,0
129272,680,-36.68131,0
129282,675,-37.38402,0
129292,681,-36.54077,0
129302,680,-36.68131,0
129312,680,-36.68131,0
129322,687,-35.69753,0
129332,685,-35.97861,0
129342,682,-36.40022,0
129352,689,-35.41644,0
129362,692,-34.99481,0
129372,692,-34.99481,0
129382,691,-35.13535,0
129392,692,-34.99481,0
129402,700,-33.87048,0
129412,698,-34.15157,0
129422,700,-33.87048,0
129432,698,-34.15157,0
129442,704,-33.30831,0
129452,698,-34.15157,0
129462,707,-32.8867,0
129472,709,-32.60561,0
129482,705,-33.16779,0
129492,710,-32.46507,0
129502,706,-33.02724,0
129512,708,-32.74615,0
129522,719,-31.2002,0
129532,717,-31.48128,0
129542,715,-31.76237,0
129552,709,-32.60561,0
129562,718,-31.34074,0
129572,718,-31.34074,0
129582,726,-30.21641,0
129592,718,-31.34074,0
129602,723,-30.63802,0
129612,727,-30.07587,0
129622,723,-30.63802,0
129632,727,-30.07587,0
129642,725,-30.35696,0
129652,730,-29.65424,0
129662,737,-28.67046,0
129672,732,-29.37315,0
129682,734,-29.09207,0
129692,730,-29.65424,0
129702,736,-28.811,0
129712,734,-29.09207,0
129722,740,-28.24883,0
129732,736,-28.811,0
129742,750,-26.84341,0
129752,747,-27.26505,0
129762,751,-26.70287,0
129772,748,-27.1245,0
129782,746,-27.40558,0
129792,751,-26.70287,0
129802,758,-25.71908,0
129812,753,-26.42179,0
129822,758,-25.71908,0
129832,747,-27.26505,0
129842,754,-26.28124,0
129852,758,-25.71908,0
129862,763,-25.01637,0
129872,756,-26.00017,0
129882,761,-25.29746,0
129892,756,-26.00017,0
129902,758,-25.71908,0
129912,773,-23.61095,0
129922,759,-25.57854,0
129932,767,-24.45421,0
129942,758,-25.71908,0
129952,768,-24.31367,0
129962,762,-25.15692,0
129972,776,-23.18934,0
129982,764,-24.87582,0
129992,771,-23.89204,0
130002,775,-23.32987,0
130012,775,-23.32987,0
130022,776,-23.18934,0
130032,769,-24.17313,0
130042,774,-23.47041,0
130052,776,-23.18934,0
130062,783,-22.20554,0
130072,783,-22.20554,0
130082,784,-22.065,0
130092,783,-22.20554,0
130102,784,-22.065,0
130112,777,-23.0488,0
130122,781,-22.48663,0
130132,783,-22.20554,0
130142,791,-21.08121,0
130152,789,-21.3623,0
130162,791,-21.08121,0
130172,789,-21.3623,0
130182,791,-21.08121,0
130192,794,-20.65959,0
130202,790,-21.22175,0
130212,798,-20.09743,0
130222,790,-21.22175,0
130232,803,-19.39472,0
130242,813,-17.9893,0
130252,798,-20.09743,0
130262,803,-19.39472,0
130272,803,-19.39472,0
130282,808,-18.69201,0
130292,806,-18.97309,0
130302,804,-19.25417,0
130312,818,-17.2866,0
130322,808,-18.69201,0
130332,809,-18.55147,0
130342,819,-17.14606,0
130352,809,-18.55147,0
130362,813,-17.9893,0
130372,815,-17.70821,0
130382,815,-17.70821,0
130392,812,-18.12984,0
130402,819,-17.14606,0
130412,826,-16.16226,0
130422,824,-16.44334,0
130432,821,-16.86497,0
130442,818,-17.2866,0
130452,821,-16.86497,0
130462,819,-17.14606,0
130472,817,-17.42713,0
130482,822,-16.72443,0
130492,825,-16.3028,0
130502,822,-16.72443,0
130512,823,-16.58389,0
130522,827,-16.02172,0
130532,823,-16.58389,0
130542,835,-14.89739,0
130552,825,-16.3028,0
130562,832,-15.31902,0
130572,828,-15.88118,0
130582,831,-15.45955,0
130592,847,-13.2109,0
130602,842,-13.9136,0
130612,838,-14.47577,0
130622,840,-14.19468,0
130632,843,-13.77306,0
130642,837,-14.61631,0
130652,852,-12.50819,0
130662,842,-13.9136,0
130672,848,-13.07036,0
130682,843,-13.77306,0
130692,845,-13.49197,0
130702,851,-12.64873,0
130712,850,-12.78927,0
130722,849,-12.92981,0
130732,843,-13.77306,0
130742,854,-12.2271,0
130752,850,-12.78927,0
130762,856,-11.94601,0
130772,859,-11.5244,0
130782,849,-12.92981,0
130792,865,-10.68114,0
130802,850,-12.78927,0
130812,852,-12.50819,0
130822,854,-12.2271,0
130832,859,-11.5244,0
130842,862,-11.10278,0
130852,850,-12.78927,0
130862,860,-11.38386,0
130872,857,-11.80549,0
130882,864,-10.82169,0
130892,856,-11.94601,0
130902,859,-11.5244,0
130912,861,-11.24332,0
130922,862,-11.10278,0
130932,861,-11.24332,0
130942,860,-11.38386,0
130952,863,-10.96223,0
130962,866,-10.5406,0
130972,863,-10.96223,0
130982,874,-9.416275,0
130992,860,-11.38386,0
131002,866,-10.5406,0
131012,877,-8.994652,0
131022,873,-9.556808,0
131032,878,-8.854111,0
131042,874,-9.416275,0
131052,869,-10.11898,0
131062,874,-9.416275,0
131072,868,-10.25952,0
131082,879,-8.71357,0
131092,881,-8.43248,0
131102,878,-8.854111,0
131112,870,-9.978447,0
131122,878,-8.854111,0
131132,883,-8.151398,0
131142,877,-8.994652,0
131152,879,-8.71357,0
131162,876,-9.135193,0
131172,880,-8.573029,0
131182,876,-9.135193,0
131192,879,-8.71357,0
131202,886,-7.729767,0
131212,877,-8.994652,0
131222,881,-8.43248,0
131232,879,-8.71357,0
131242,878,-8.854111,0
131252,890,-7.16761,0
131262,893,-6.745987,0
131272,884,-8.010857,0
131282,880,-8.573029,0
131292,880,-8.573029,0
131302,881,-8.43248,0
131312,893,-6.745987,0
131322,881,-8.43248,0
131332,899,-5.902733,0
131342,900,-5.762199,0
131352,897,-6.183815,0
131362,889,-7.308159,0
131372,893,-6.745987,0
131382,894,-6.605446,0
131392,888,-7.4487,0
131402,890,-7.16761,0
131412,889,-7.308159,0
131422,900,-5.762199,0
131432,896,-6.324356,0
131442,896,-6.324356,0
131452,899,-5.902733,0
131462,892,-6.886528,0
131472,891,-7.027069,0
131482,899,-5.902733,0
131492,898,-6.043289,0
131502,896,-6.324356,0
131512,901,-5.621658,0
131522,898,-6.043289,0
131532,899,-5.902733,0
131542,912,-4.075706,0
131552,896,-6.324356,0
131562,916,-3.513542,0
131572,909,-4.497322,0
131582,907,-4.778404,0
131592,913,-3.93515,0
131602,900,-5.762199,0
131612,900,-5.762199,0
131622,904,-5.200027,0
131632,911,-4.216248,0
131642,902,-5.481117,0
131652,910,-4.356781,0
131662,909,-4.497322,0
131672,913,-3.93515,0
131682,914,-3.794617,0
131692,918,-3.23246,0
131702,908,-4.637863,0
131712,922,-2.670273,0
131722,911,-4.216248,0
131732,912,-4.075706,0
131742,919,-3.091904,0
131752,915,-3.654068,0
131762,906,-4.918945,0
131772,920,-2.951378,0
131782,921,-2.810829,0
131792,919,-3.091904,0
131802,911,-4.216248,0
131812,920,-2.951378,0
131822,912,-4.075706,0
131832,914,-3.794617,0
131842,909,-4.497322,0
131852,918,-3.23246,0
131862,929,-1.686508,0
131872,920,-2.951378,0
131882,913,-3.93515,0
131892,918,-3.23246,0
131902,915,-3.654068,0
131912,915,-3.654068,0
131922,921,-2.810829,0
131932,926,-2.108116,0
131942,918,-3.23246,0
131952,919,-3.091904,0
131962,922,-2.670273,0
131972,922,-2.670273,0
131982,909,-4.497322,0
131992,919,-3.091904,0
132002,922,-2.670273,0
132012,923,-2.529747,0
132022,919,-3.091904,0
132032,932,-1.264877,0
132042,919,-3.091904,0
132052,918,-3.23246,0
132062,924,-2.389198,0
132072,925,-2.248665,0
132082,921,-2.810829,0
132092,922,-2.670273,0
132102,927,-1.96756,0
132112,923,-2.529747,0
132122,922,-2.670273,0
132132,925,-2.248665,0
132142,918,-3.23246,0
132152,924,-2.389198,0
132162,923,-2.529747,0
132172,928,-1.827034,0
132182,926,-2.108116,0
132192,927,-1.96756,0
132202,928,-1.827034,0
132212,933,-1.124321,0
132222,929,-1.686508,0
132232,922,-2.670273,0
132242,927,-1.96756,0
132252,930,-1.545952,0
132262,925,-2.248665,0
132272,925,-2.248665,0
132282,931,-1.405403,0
132292,926,-2.108116,0
132302,923,-2.529747,0
132312,925,-2.248665,0
132322,934,-0.983795,0
132332,929,-1.686508,0
132342,924,-2.389198,0
132352,928,-1.827034,0
132362,930,-1.545952,0
132372,928,-1.827034,0
132382,924,-2.389198,0
132392,943,0.281075,0
132402,930,-1.545952,0
132412,940,-0.140533,0
132422,931,-1.405403,0
132432,936,-0.70269,0
132442,932,-1.264877,0
132452,925,-2.248665,0
132462,933,-1.124321,0
132472,936,-0.70269,0
132482,935,-0.843246,0
132492,935,-0.843246,0
132502,929,-1.686508,0
132512,935,-0.843246,0
132522,931,-1.405403,0
132532,930,-1.545952,0
132542,941,0,0
132552,930,-1.545952,0
132562,949,1.124344,0
132572,932,-1.264877,0
132582,939,-0.281082,0
132592,933,-1.124321,0
132602,941,0,0
132612,937,-0.562164,0
132622,930,-1.545952,0
132632,931,-1.405403,0
132642,931,-1.405403,0
132652,939,-0.281082,0
132662,938,-0.421631,0
132672,940,-0.140533,0
132682,940,-0.140533,0
132692,930,-1.545952,0
132702,934,-0.983795,0
132712,933,-1.124321,0
132722,936,-0.70269,0
132732,931,-1.405403,0
132742,938,-0.421631,0
132752,931,-1.405403,0
132762,939,-0.281082,0
132772,936,-0.70269,0
132782,934,-0.983795,0
132792,940,-0.140533,0
132802,935,-0.843246,0
132812,938,-0.421631,0
132822,940,-0.140533,0
132832,933,-1.124321,0
132842,936,-0.70269,0
132852,937,-0.562164,0
132862,933,-1.124321,0
132872,933,-1.124321,0
132882,940,-0.140533,0
132892,937,-0.562164,0
132902,936,-0.70269,0
132912,945,0.56218,0
132922,942,0.140549,0
132932,934,-0.983795,0
132942,941,0,0
132952,935,-0.843246,0
132962,935,-0.843246,0
132972,943,0.281075,0
132982,941,0,0
132992,939,-0.281082,0
133002,936,-0.70269,0
133012,944,0.421631,0
133022,949,1.124344,0
133032,946,0.702705,0
133042,939,-0.281082,0
133052,931,-1.405403,0
133062,936,-0.70269,0
133072,932,-1.264877,0
133082,938,-0.421631,0
133092,931,-1.405403,0
133102,940,-0.140533,0
133112,939,-0.281082,0
133122,935,-0.843246,0
133132,940,-0.140533,0
133142,938,-0.421631,0
133152,942,0.140549,0
133162,936,-0.70269,0
133172,938,-0.421631,0
133182,936,-0.70269,0
133192,944,0.421631,0
133202,939,-0.281082,0
133212,936,-0.70269,0
133222,935,-0.843246,0
133232,941,0,0
133242,943,0.281075,0
133252,939,-0.281082,0
133262,941,0,0
133272,941,0,0
133282,939,-0.281082,0
133292,940,-0.140533,0
133302,940,-0.140533,0
133312,937,-0.562164,0
133322,928,-1.827034,0
133332,943,0.281075,0
133342,937,-0.562164,0
133352,940,-0.140533,0
133362,937,-0.562164,0
133372,936,-0.70269,0
133382,935,-0.843246,0
133392,940,-0.140533,0
133402,940,-0.140533,0
133412,942,0.140549,0
133422,941,0,0
133432,944,0.421631,0
133442,942,0.140549,0
133452,942,0.140549,0
133462,944,0.421631,0
133472,945,0.56218,0
133482,936,-0.70269,0
133492,939,-0.281082,0
133502,938,-0.421631,0
133512,944,0.421631,0
133522,943,0.281075,0
133532,938,-0.421631,0
133542,937,-0.562164,0
133552,941,0,0
133562,950,1.26487,0
133572,937,-0.562164,0
133582,950,1.26487,0
133592,939,-0.281082,0
133602,944,0.421631,0
133612,944,0.421631,0
133622,938,-0.421631,0
133632,935,-0.843246,0
133642,946,0.702705,0
133652,940,-0.140533,0
133662,950,1.26487,0
133672,940,-0.140533,0
133682,952,1.545952,0
133692,947,0.843262,0
133702,947,0.843262,0
133712,951,1.405418,0
133722,943,0.281075,0
133732,939,-0.281082,0
133742,938,-0.421631,0
133752,947,0.843262,0
133762,947,0.843262,0
133772,941,0,0
133782,938,-0.421631,0
133792,940,-0.140533,0
133802,940,-0.140533,0
133812,949,1.124344,0
133822,939,-0.281082,0
133832,951,1.405418,0
133842,946,0.702705,0
133852,941,0,0
133862,943,0.281075,0
133872,936,-0.70269,0
133882,941,0,0
133892,940,-0.140533,0
133902,939,-0.281082,0
133912,942,0.140549,0
133922,938,-0.421631,0
133932,944,0.421631,0
133942,939,-0.281082,0
133952,943,0.281075,0
133962,936,-0.70269,0
133972,942,0.140549,0
133982,937,-0.562164,0
133992,942,0.140549,0
134002,941,0,0
134012,938,-0.421631,0
134022,943,0.281075,0
134032,937,-0.562164,0
134042,950,1.26487,0
134052,939,-0.281082,0
134062,943,0.281075,0
134072,936,-0.70269,0
134082,944,0.421631,0
134092,943,0.281075,0
134102,943,0.281075,0
134112,939,-0.281082,0
134122,942,0.140549,0
134132,946,0.702705,0
134142,937,-0.562164,0
134152,932,-1.264877,0
134162,945,0.56218,0
134172,948,0.983788,0
134182,948,0.983788,0
134192,942,0.140549,0
134202,949,1.124344,0
134212,940,-0.140533,0
134222,951,1.405418,0
134232,950,1.26487,0
134242,952,1.545952,0
134252,950,1.26487,0
134262,939,-0.281082,0
134272,948,0.983788,0
134282,949,1.124344,0
134292,957,2.248657,0
134302,939,-0.281082,0
134312,941,0,0
134322,944,0.421631,0
134332,956,2.108131,0
134342,948,0.983788,0
134352,949,1.124344,0
134362,946,0.702705,0
134372,946,0.702705,0
134382,937,-0.562164,0
134392,938,-0.421631,0
134402,944,0.421631,0
134412,939,-0.281082,0
134422,939,-0.281082,0
134432,940,-0.140533,0
134442,953,1.686501,0
134452,951,1.405418,0
134462,947,0.843262,0
134472,944,0.421631,0
134482,938,-0.421631,0
134492,934,-0.983795,0
134502,947,0.843262,0
134512,945,0.56218,0
134522,939,-0.281082,0
134532,951,1.405418,0
134542,950,1.26487,0
134552,948,0.983788,0
134562,946,0.702705,0
134572,950,1.26487,0
134582,939,-0.281082,0
134592,949,1.124344,0
134602,950,1.26487,0
134612,941,0,0
134622,945,0.56218,0
134632,939,-0.281082,0
134642,940,-0.140533,0
134652,938,-0.421631,0
134662,945,0.56218,0
134672,936,-0.70269,0
134682,942,0.140549,0
134692,937,-0.562164,0
134702,940,-0.140533,0
134712,940,-0.140533,0
134722,941,0,0
134732,940,-0.140533,0
134742,936,-0.70269,0
134752,941,0,0
134762,937,-0.562164,0
134772,939,-0.281082,0
134782,951,1.405418,0
134792,950,1.26487,0
134802,945,0.56218,0
134812,938,-0.421631,0
134822,939,-0.281082,0
134832,937,-0.562164,0
134842,940,-0.140533,0
134852,952,1.545952,0
134862,939,-0.281082,0
134872,941,0,0
134882,949,1.124344,0
134892,938,-0.421631,0
134902,937,-0.562164,0
134912,941,0,0
134922,942,0.140549,0
134932,954,1.827049,0
134942,951,1.405418,0
134952,943,0.281075,0
134962,942,0.140549,0
134972,947,0.843262,0
134982,944,0.421631,0
134992,952,1.545952,0
135002,948,0.983788,0
135012,940,-0.140533,0
135022,943,0.281075,0
135032,948,0.983788,0
135042,952,1.545952,0
135052,944,0.421631,0
135062,946,0.702705,0
135072,944,0.421631,0
135082,944,0.421631,0
135092,939,-0.281082,0
135102,940,-0.140533,0
135112,939,-0.281082,0
135122,940,-0.140533,0
135132,934,-0.983795,0
135142,939,-0.281082,0
135152,942,0.140549,0
135162,952,1.545952,0
135172,940,-0.140533,0
135182,942,0.140549,0
135192,941,0,0
135202,941,0,0
135212,942,0.140549,0
135222,945,0.56218,0
135232,941,0,0
135242,947,0.843262,0
135252,941,0,0
135262,945,0.56218,0
135272,940,-0.140533,0
135282,943,0.281075,0
135292,953,1.686501,0
135302,942,0.140549,0
135312,946,0.702705,0
135322,943,0.281075,0
135332,947,0.843262,0
135342,946,0.702705,0
135352,942,0.140549,0
135362,951,1.405418,0
135372,949,1.124344,0
135382,943,0.281075,0
135392,940,-0.140533,0
135402,948,0.983788,0
135412,948,0.983788,0
135422,953,1.686501,0
135432,942,0.140549,0
135442,941,0,0
135452,942,0.140549,0
135462,938,-0.421631,0
135472,947,0.843262,0
135482,937,-0.562164,0
135492,942,0.140549,0
135502,943,0.281075,0
135512,945,0.56218,0
135522,936,-0.70269,0
135532,939,-0.281082,0
135542,945,0.56218,0
135552,939,-0.281082,0
135562,942,0.140549,0
135572,938,-0.421631,0
135582,956,2.108131,0
135592,948,0.983788,0
135602,949,1.124344,0
135612,951,1.405418,0
135622,939,-0.281082,0
135632,951,1.405418,0
135642,949,1.124344,0
135652,945,0.56218,0
135662,939,-0.281082,0
135672,949,1.124344,0
135682,938,-0.421631,0
135692,948,0.983788,0
135702,943,0.281075,0
135712,945,0.56218,0
135722,948,0.983788,0
135732,939,-0.281082,0
135742,940,-0.140533,0
135752,941,0,0
135762,948,0.983788,0
135772,939,-0.281082,0
135782,950,1.26487,0
135792,943,0.281075,0
135802,939,-0.281082,0
135812,940,-0.140533,0
135822,940,-0.140533,0
135832,940,-0.140533,0
135842,947,0.843262,0
135852,954,1.827049,0
135862,945,0.56218,0
135872,946,0.702705,0
135882,942,0.140549,0
135892,941,0,0
135902,952,1.545952,0
135912,947,0.843262,0
135922,949,1.124344,0
135932,945,0.56218,0
135942,936,-0.70269,0
135952,939,-0.281082,0
135962,940,-0.140533,0
135972,942,0.140549,0
135982,941,0,0
135992,946,0.702705,0
136002,939,-0.281082,0
136012,947,0.843262,0
136022,947,0.843262,0
136032,946,0.702705,0
136042,948,0.983788,0
136052,945,0.56218,0
136062,942,0.140549,0
136072,942,0.140549,0
136082,945,0.56218,0
136092,945,0.56218,0
136102,942,0.140549,0
136112,937,-0.562164,0
136122,945,0.56218,0
136132,935,-0.843246,0
136142,943,0.281075,0
136152,947,0.843262,0
136162,938,-0.421631,0
136172,949,1.124344,0
136182,943,0.281075,0
136192,941,0,0
136202,942,0.140549,0
136212,940,-0.140533,0
136222,941,0,0
136232,943,0.281075,0
136242,950,1.26487,0
136252,941,0,0
136262,939,-0.281082,0
136272,940,-0.140533,0
136282,941,0,0
136292,937,-0.562164,0
136302,941,0,0
136312,939,-0.281082,0
136322,939,-0.281082,0
136332,949,1.124344,0
136342,939,-0.281082,0
136352,945,0.56218,0
136362,942,0.140549,0
136372,948,0.983788,0
136382,949,1.124344,0
136392,947,0.843262,0
136402,943,0.281075,0
136412,943,0.281075,0
136422,942,0.140549,0
136432,947,0.843262,0
136442,952,1.545952,0
136452,945,0.56218,0
136462,939,-0.281082,0
136472,949,1.124344,0
136482,946,0.702705,0
136492,943,0.281075,0
136502,943,0.281075,0
136512,944,0.421631,0
136522,936,-0.70269,0
136532,945,0.56218,0
136542,946,0.702705,0
136552,943,0.281075,0
136562,944,0.421631,0
136572,938,-0.421631,0
136582,935,-0.843246,0
136592,947,0.843262,0
136602,952,1.545952,0
136612,948,0.983788,0
136622,950,1.26487,0
136632,939,-0.281082,0
136642,944,0.421631,0
136652,948,0.983788,0
136662,941,0,0
136672,940,-0.140533,0
136682,943,0.281075,0
136692,941,0,0
136702,951,1.405418,0
136712,954,1.827049,0
136722,943,0.281075,0
136732,947,0.843262,0
136742,948,0.983788,0
136752,942,0.140549,0
136762,941,0,0
136772,938,-0.421631,0
136782,943,0.281075,0
136792,944,0.421631,0
136802,946,0.702705,0
136812,956,2.108131,0
136822,943,0.281075,0
136832,947,0.843262,0
136842,949,1.124344,0
136852,952,1.545952,0
136862,944,0.421631,0
136872,939,-0.281082,0
136882,940,-0.140533,0
136892,943,0.281075,0
136902,937,-0.562164,0
136912,948,0.983788,0
136922,941,0,0
136932,944,0.421631,0
136942,949,1.124344,0
136952,942,0.140549,0
136962,951,1.405418,0
136972,942,0.140549,0
136982,944,0.421631,0
136992,940,-0.140533,0
137002,941,0,0
137012,938,-0.421631,0
137022,943,0.281075,0
137032,936,-0.70269,0
137042,937,-0.562164,0
137052,946,0.702705,0
137062,946,0.702705,0
137072,943,0.281075,0
137082,946,0.702705,0
137092,939,-0.281082,0
137102,942,0.140549,0
137112,939,-0.281082,0
137122,939,-0.281082,0
137132,954,1.827049,0
137142,943,0.281075,0
137152,942,0.140549,0
137162,946,0.702705,0
137172,949,1.124344,0
137182,945,0.56218,0
137192,944,0.421631,0
137202,943,0.281075,0
137212,939,-0.281082,0
137222,935,-0.843246,0
137232,946,0.702705,0
137242,942,0.140549,0
137252,942,0.140549,0
137262,938,-0.421631,0
137272,941,0,0
137282,943,0.281075,0
137292,941,0,0
137302,943,0.281075,0
137312,943,0.281075,0
137322,951,1.405418,0
137332,952,1.545952,0
137342,944,0.421631,0
137352,949,1.124344,0
137362,947,0.843262,0
137372,947,0.843262,0
137382,940,-0.140533,0
137392,943,0.281075,0
137402,950,1.26487,0
137412,947,0.843262,0
137422,945,0.56218,0
137432,941,0,0
137442,948,0.983788,0
137452,941,0,0
137462,953,1.686501,0
137472,942,0.140549,0
137482,939,-0.281082,0
137492,940,-0.140533,0
137502,940,-0.140533,0
137512,938,-0.421631,0
137522,942,0.140549,0
137532,942,0.140549,0
137542,940,-0.140533,0
137552,945,0.56218,0
137562,944,0.421631,0
137572,944,0.421631,0
137582,934,-0.983795,0
137592,943,0.281075,0
137602,957,2.248657,0
137612,947,0.843262,0
137622,950,1.26487,0
137632,947,0.843262,0
137642,943,0.281075,0
137652,943,0.281075,0
137662,950,1.26487,0
137672,940,-0.140533,0
137682,944,0.421631,0
137692,942,0.140549,0
137702,937,-0.562164,0
137712,943,0.281075,0
137722,932,-1.264877,0
137732,944,0.421631,0
137742,943,0.281075,0
137752,941,0,0
137762,942,0.140549,0
137772,938,-0.421631,0
137782,944,0.421631,0
137792,945,0.56218,0
137802,958,2.389214,0
137812,947,0.843262,0
137822,941,0,0
137832,950,1.26487,0
137842,942,0.140549,0
137852,938,-0.421631,0
137862,952,1.545952,0
137872,944,0.421631,0
137882,942,0.140549,0
137892,955,1.967583,0
137902,941,0,0
137912,936,-0.70269,0
137922,940,-0.140533,0
137932,945,0.56218,0
137942,945,0.56218,0
137952,944,0.421631,0
137962,946,0.702705,0
137972,940,-0.140533,0
137982,945,0.56218,0
137992,948,0.983788,0
138002,940,-0.140533,0
138012,940,-0.140533,0
138022,948,0.983788,0
138032,938,-0.421631,0
138042,947,0.843262,0
138052,943,0.281075,0
138062,939,-0.281082,0
138072,934,-0.983795,0
138082,943,0.281075,0
138092,935,-0.843246,0
138102,952,1.545952,0
138112,940,-0.140533,0
138122,950,1.26487,0
138132,947,0.843262,0
138142,936,-0.70269,0
138152,955,1.967583,0
138162,941,0,0
138172,944,0.421631,0
138182,940,-0.140533,0
138192,943,0.281075,0
138202,939,-0.281082,0
138212,936,-0.70269,0
138222,945,0.56218,0
138232,944,0.421631,0
138242,956,2.108131,0
138252,941,0,0
138262,953,1.686501,0
138272,948,0.983788,0
138282,959,2.529739,0
138292,946,0.702705,0
138302,944,0.421631,0
138312,949,1.124344,0
138322,935,-0.843246,0
138332,941,0,0
138342,938,-0.421631,0
138352,947,0.843262,0
138362,946,0.702705,0
138372,949,1.124344,0
138382,947,0.843262,0
138392,949,1.124344,0
138402,943,0.281075,0
138412,939,-0.281082,0
138422,939,-0.281082,0
138432,940,-0.140533,0
138442,946,0.702705,0
138452,938,-0.421631,0
138462,941,0,0
138472,938,-0.421631,0
138482,955,1.967583,0
138492,940,-0.140533,0
138502,947,0.843262,0
138512,948,0.983788,0
138522,949,1.124344,0
138532,953,1.686501,0
138542,938,-0.421631,0
138552,941,0,0
138562,946,0.702705,0
138572,940,-0.140533,0
138582,945,0.56218,0
138592,937,-0.562164,0
138602,942,0.140549,0
138612,949,1.124344,0
138622,952,1.545952,0
138632,945,0.56218,0
138642,957,2.248657,0
138652,941,0,0
138662,944,0.421631,0
138672,944,0.421631,0
138682,945,0.56218,0
138692,941,0,0
138702,947,0.843262,0
138712,952,1.545952,0
138722,943,0.281075,0
138732,946,0.702705,0
138742,944,0.421631,0
138752,946,0.702705,0
138762,952,1.545952,0
138772,941,0,0
138782,944,0.421631,0
138792,938,-0.421631,0
138802,944,0.421631,0
138812,936,-0.70269,0
138822,944,0.421631,0
138832,948,0.983788,0
138842,940,-0.140533,0
138852,949,1.124344,0
138862,942,0.140549,0
138872,942,0.140549,0
138882,938,-0.421631,0
138892,942,0.140549,0
138902,943,0.281075,0
138912,941,0,0
138922,946,0.702705,0
138932,943,0.281075,0
138942,948,0.983788,0
138952,950,1.26487,0
138962,941,0,0
138972,938,-0.421631,0
138982,943,0.281075,0
138992,943,0.281075,0
139002,936,-0.70269,0
139012,939,-0.281082,0
139022,953,1.686501,0
139032,948,0.983788,0
139042,938,-0.421631,0
139052,948,0.983788,0
139062,953,1.686501,0
139072,943,0.281075,0
139082,950,1.26487,0
139092,940,-0.140533,0
139102,941,0,0
139112,935,-0.843246,0
139122,947,0.843262,0
139132,957,2.248657,0
139142,943,0.281075,0
139152,943,0.281075,0
139162,936,-0.70269,0
139172,940,-0.140533,0
139182,945,0.56218,0
139192,948,0.983788,0
139202,937,-0.562164,0
139212,947,0.843262,0
139222,942,0.140549,0
139232,949,1.124344,0
139242,936,-0.70269,0
139252,940,-0.140533,0
139262,939,-0.281082,0
139272,953,1.686501,0
139282,944,0.421631,0
139292,944,0.421631,0
139302,944,0.421631,0
139312,947,0.843262,0
139322,944,0.421631,0
139332,932,-1.264877,0
139342,945,0.56218,0
139352,942,0.140549,0
139362,940,-0.140533,0
139372,948,0.983788,0
139382,940,-0.140533,0
139392,946,0.702705,0
139402,943,0.281075,0
139412,942,0.140549,0
139422,942,0.140549,0
139432,943,0.281075,0
139442,944,0.421631,0
139452,944,0.421631,0
139462,939,-0.281082,0
139472,937,-0.562164,0
139482,944,0.421631,0
139492,944,0.421631,0
139502,941,0,0
139512,952,1.545952,0
139522,938,-0.421631,0
139532,946,0.702705,0
139542,939,-0.281082,0
139552,947,0.843262,0
139562,944,0.421631,0
139572,949,1.124344,0
139582,939,-0.281082,0
139592,943,0.281075,0
139602,953,1.686501,0
139612,943,0.281075,0
139622,954,1.827049,0
139632,942,0.140549,0
139642,942,0.140549,0
139652,939,-0.281082,0
139662,939,-0.281082,0
139672,941,0,0
139682,939,-0.281082,0
139692,935,-0.843246,0
139702,942,0.140549,0
139712,946,0.702705,0
139722,939,-0.281082,0
139732,953,1.686501,0
139742,940,-0.140533,0
139752,947,0.843262,0
139762,945,0.56218,0
139772,940,-0.140533,0
139782,939,-0.281082,0
139792,940,-0.140533,0
139802,943,0.281075,0
139812,946,0.702705,0
139822,952,1.545952,0
139832,940,-0.140533,0
139842,936,-0.70269,0
139852,952,1.545952,0
139862,945,0.56218,0
139872,946,0.702705,0
139882,941,0,0
139892,940,-0.140533,0
139902,948,0.983788,0
139912,943,0.281075,0
139922,956,2.108131,0
139932,945,0.56218,0
139942,945,0.56218,0
139952,949,1.124344,0
139962,941,0,0
139972,939,-0.281082,0
139982,939,-0.281082,0
139992,944,0.421631,0
140002,938,-0.421631,0
140012,937,-0.562164,0
140022,940,-0.140533,0
140032,936,-0.70269,0
140042,939,-0.281082,0
140052,946,0.702705,0
140062,946,0.702705,0
140072,949,1.124344,0
140082,945,0.56218,0
140092,944,0.421631,0
140102,945,0.56218,0
140112,943,0.281075,0
140122,941,0,0
140132,941,0,0
140142,946,0.702705,0
140152,937,-0.562164,0
140162,945,0.56218,0
140172,947,0.843262,0
140182,952,1.545952,0
140192,944,0.421631,0
140202,941,0,0
140212,944,0.421631,0
140222,942,0.140549,0
140232,945,0.56218,0
140242,940,-0.140533,0
140252,943,0.281075,0
140262,946,0.702705,0
140272,948,0.983788,0
140282,946,0.702705,0
140292,939,-0.281082,0
140302,941,0,0
140312,935,-0.843246,0
140322,941,0,0
140332,945,0.56218,0
140342,946,0.702705,0
140352,938,-0.421631,0
140362,943,0.281075,0
140372,949,1.124344,0
140382,948,0.983788,0
140392,945,0.56218,0
140402,949,1.124344,0
140412,938,-0.421631,0
140422,942,0.140549,0
140432,942,0.140549,0
140442,941,0,0
140452,939,-0.281082,0
140462,934,-0.983795,0
140472,940,-0.140533,0
140482,942,0.140549,0
140492,943,0.281075,0
140502,942,0.140549,0
140512,938,-0.421631,0
140522,941,0,0
140532,942,0.140549,0
140542,937,-0.562164,0
140552,944,0.421631,0
140562,943,0.281075,0
140572,950,1.26487,0
140582,943,0.281075,0
140592,942,0.140549,0
140602,944,0.421631,0
140612,942,0.140549,0
140622,941,0,0
140632,940,-0.140533,0
140642,944,0.421631,0
140652,936,-0.70269,0
140662,943,0.281075,0
140672,944,0.421631,0
140682,935,-0.843246,0
140692,944,0.421631,0
140702,939,-0.281082,0
140712,938,-0.421631,0
140722,941,0,0
140732,946,0.702705,0
140742,941,0,0
140752,937,-0.562164,0
140762,944,0.421631,0
140772,946,0.702705,0
140782,937,-0.562164,0
140792,939,-0.281082,0
140802,937,-0.562164,0
140812,940,-0.140533,0
140822,944,0.421631,0
140832,938,-0.421631,0
140842,939,-0.281082,0
140852,956,2.108131,0
140862,947,0.843262,0
140872,949,1.124344,0
140882,942,0.140549,0
140892,945,0.56218,0
140902,943,0.281075,0
140912,946,0.702705,0
140922,939,-0.281082,0
140932,949,1.124344,0
140942,942,0.140549,0
140952,945,0.56218,0
140962,946,0.702705,0
140972,951,1.405418,0
140982,955,1.967583,0
140992,935,-0.843246,0
141002,938,-0.421631,0
141012,941,0,0
141022,941,0,0
141032,939,-0.281082,0
141042,943,0.281075,0
141052,951,1.405418,0
141062,949,1.124344,0
141072,940,-0.140533,0
141082,949,1.124344,0
141092,949,1.124344,0
141102,936,-0.70269,0
141112,944,0.421631,0
141122,940,-0.140533,0
141132,939,-0.281082,0
141142,944,0.421631,0
141152,939,-0.281082,0
141162,947,0.843262,0
141172,952,1.545952,0
141182,946,0.702705,0
141192,944,0.421631,0
141202,946,0.702705,0
141212,939,-0.281082,0
141222,941,0,0
141232,943,0.281075,0
141242,941,0,0
141252,943,0.281075,0
141262,936,-0.70269,0
141272,935,-0.843246,0
141282,950,1.26487,0
141292,941,0,0
141302,943,0.281075,0
141312,941,0,0
141322,943,0.281075,0
141332,942,0.140549,0
141342,937,-0.562164,0
141352,940,-0.140533,0
141362,941,0,0
141372,946,0.702705,0
141382,940,-0.140533,0
141392,944,0.421631,0
141402,942,0.140549,0
141412,940,-0.140533,0
141422,940,-0.140533,0
141432,939,-0.281082,0
141442,943,0.281075,0
141452,940,-0.140533,0
141462,950,1.26487,0
141472,938,-0.421631,0
141482,944,0.421631,0
141492,932,-1.264877,0
141502,947,0.843262,0
141512,941,0,0
141522,940,-0.140533,0
141532,939,-0.281082,0
141542,944,0.421631,0
141552,944,0.421631,0
141562,939,-0.281082,0
141572,940,-0.140533,0
141582,940,-0.140533,0
141592,941,0,0
141602,936,-0.70269,0
141612,940,-0.140533,0
141622,940,-0.140533,0
141632,945,0.56218,0
141642,940,-0.140533,0
141652,934,-0.983795,0
141662,940,-0.140533,0
141672,937,-0.562164,0
141682,940,-0.140533,0
141692,940,-0.140533,0
141702,944,0.421631,0
141712,942,0.140549,0
141722,941,0,0
141732,937,-0.562164,0
141742,940,-0.140533,0
141752,940,-0.140533,0
141762,940,-0.140533,0
141772,949,1.124344,0
141782,955,1.967583,0
141792,941,0,0
141802,944,0.421631,0
141812,941,0,0
141822,953,1.686501,0
141832,942,0.140549,0
141842,946,0.702705,0
141852,937,-0.562164,0
141862,940,-0.140533,0
141872,947,0.843262,0
141882,952,1.545952,0
141892,939,-0.281082,0
141902,941,0,1
141912,946,0.702705,1
141922,938,-0.421631,1
141932,944,0.421631,1
141942,944,0.421631,1
141952,946,0.702705,1
141962,943,0.281075,1
141972,939,-0.281082,1
141982,939,-0.281082,1
141992,939,-0.281082,1
142002,937,-0.562164,1
142012,942,0.140549,1
142022,944,0.421631,1
142032,944,0.421631,1
142042,945,0.56218,1
142052,957,2.248657,1
142062,941,0,1
142072,943,0.281075,1
142082,950,1.26487,1
142092,946,0.702705,1
142102,943,0.281075,1
142112,941,0,1
142122,944,0.421631,1
142132,940,-0.140533,1
142142,952,1.545952,1
142152,949,1.124344,1
142162,947,0.843262,1
142172,940,-0.140533,1
142182,950,1.26487,1
142192,942,0.140549,1
142202,943,0.281075,1
142212,946,0.702705,1
142222,939,-0.281082,1
142232,938,-0.421631,1
142242,939,-0.281082,1
142252,937,-0.562164,1
142262,934,-0.983795,1
142272,943,0.281075,1
142282,949,1.124344,1
142292,945,0.56218,1
142302,953,1.686501,1
142312,944,0.421631,1
142322,945,0.56218,1
142332,944,0.421631,1
142342,946,0.702705,1
142352,940,-0.140533,1
142362,943,0.281075,1
142372,943,0.281075,1
142382,937,-0.562164,1
142392,942,0.140549,1
142402,951,1.405418,1
142412,950,1.26487,1
142422,937,-0.562164,1
142432,937,-0.562164,1
142442,937,-0.562164,1
142452,942,0.140549,1
142462,943,0.281075,1
142472,941,0,1
142482,941,0,1
142492,943,0.281075,1
142502,948,0.983788,1
142512,944,0.421631,1
142522,938,-0.421631,1
142532,934,-0.983795,1
142542,942,0.140549,1
142552,938,-0.421631,1
142562,944,0.421631,1
142572,944,0.421631,1
142582,942,0.140549,1
142592,935,-0.843246,1
142602,940,-0.140533,1
142612,943,0.281075,1
142622,953,1.686501,1
142632,945,0.56218,1
142642,943,0.281075,1
142652,948,0.983788,1
142662,952,1.545952,1
142672,951,1.405418,1
142682,941,0,1
142692,935,-0.843246,1
142702,942,0.140549,1
142712,940,-0.140533,1
142722,948,0.983788,1
142732,941,0,1
142742,947,0.843262,1
142752,945,0.56218,1
142762,938,-0.421631,1
142772,948,0.983788,1
142782,953,1.686501,1
142792,943,0.281075,1
142802,949,1.124344,1
142812,943,0.281075,1
142822,942,0.140549,1
142832,940,-0.140533,1
142842,940,-0.140533,1
142852,944,0.421631,1
142862,942,0.140549,1
142872,949,1.124344,1
142882,949,1.124344,1
142892,946,0.702705,1
142902,951,1.405418,1
142912,942,0.140549,1
142922,936,-0.70269,1
142932,936,-0.70269,1
142942,931,-1.405403,1
142952,887,-7.589226,1
142962,851,-12.64873,1
142972,795,-20.51904,1
142982,775,-23.32987,1
142992,742,-27.96774,1
143002,731,-29.51369,1
143012,698,-34.15157,1
143022,673,-37.6651,1
143032,647,-41.31918,1
143042,633,-43.28676,1
143052,617,-45.53543,1
143062,611,-46.37867,1
143072,585,-50.03275,1
143082,570,-52.14087,1
143092,566,-52.70304,1
143102,551,-54.81116,1
143112,545,-55.65441,1
143122,524,-58.60578,1
143132,522,-58.88686,1
143142,511,-60.43282,1
143152,508,-60.85444,1
143162,493,-62.96256,1
143172,484,-64.22743,1
143182,473,-65.77339,1
143192,479,-64.93015,1
143202,479,-64.93015,1
143212,469,-66.33556,1
143222,458,-67.88152,1
143232,461,-67.45988,1
143242,452,-68.72476,1
143252,445,-69.70855,1
143262,443,-69.98963,1
143272,440,-70.41126,1
143282,435,-71.11397,1
143292,434,-71.25451,1
143302,436,-70.97342,1
143312,435,-71.11397,1
143322,432,-71.53559,1
143332,430,-71.81667,1
143342,424,-72.65993,1
143352,426,-72.37885,1
143362,416,-73.78426,1
143372,420,-73.22208,1
143382,415,-73.9248,1
143392,410,-74.6275,1
143402,420,-73.22208,1
143412,413,-74.20588,1
143422,405,-75.33021,0
143432,413,-74.20588,0
143442,406,-75.18967,0
143452,404,-75.47075,0
143462,404,-75.47075,0
143472,400,-76.03291,0
143482,410,-74.6275,0
143492,398,-76.314,0
143502,398,-76.314,0
143512,402,-75.75183,0
143522,401,-75.89238,0
143532,393,-77.01671,0
143542,398,-76.314,0
143552,388,-77.71941,0
143562,395,-76.73563,0
143572,400,-76.03291,0
143582,392,-77.15725,0
143592,403,-75.61129,0
143602,389,-77.57887,0
143612,393,-77.01671,0
143622,392,-77.15725,0
143632,389,-77.57887,0
143642,387,-77.85995,0
143652,391,-77.29779,0
143662,390,-77.43833,0
143672,395,-76.73563,0
143682,397,-76.45454,0
143692,387,-77.85995,0
143702,396,-76.59508,0
143712,393,-77.01671,0
143722,385,-78.14104,0
143732,393,-77.01671,0
143742,389,-77.57887,0
143752,388,-77.71941,0
143762,384,-78.28158,0
143772,390,-77.43833,0
143782,387,-77.85995,0
143792,383,-78.42213,0
143802,383,-78.42213,0
143812,385,-78.14104,0
143822,394,-76.87617,0
143832,390,-77.43833,0
143842,387,-77.85995,0
143852,388,-77.71941,0
143862,390,-77.43833,0
143872,387,-77.85995,0
143882,391,-77.29779,0
143892,386,-78.0005,0
143902,387,-77.85995,0
143912,389,-77.57887,0
143922,382,-78.56266,0
143932,386,-78.0005,0
143942,386,-78.0005,0
143952,388,-77.71941,0
143962,391,-77.29779,0
143972,392,-77.15725,0
143982,387,-77.85995,0
143992,384,-78.28158,0
144002,382,-78.56266,0
144012,390,-77.43833,0
144022,382,-78.56266,0
144032,385,-78.14104,0
144042,388,-77.71941,0
144052,382,-78.56266,0
144062,381,-78.7032,0
144072,401,-75.89238,0
144082,384,-78.28158,0
144092,386,-78.0005,0
144102,400,-76.03291,0
144112,393,-77.01671,0
144122,388,-77.71941,0
144132,384,-78.28158,0
144142,392,-77.15725,0
144152,389,-77.57887,0
144162,391,-77.29779,0
144172,386,-78.0005,0
144182,390,-77.43833,0
144192,390,-77.43833,0
144202,385,-78.14104,0
144212,384,-78.28158,0
144222,393,-77.01671,0
144232,389,-77.57887,0
144242,390,-77.43833,0
144252,392,-77.15725,0
144262,386,-78.0005,0
144272,389,-77.57887,0
144282,386,-78.0005,0
144292,388,-77.71941,0
144302,390,-77.43833,0
144312,390,-77.43833,0
144322,386,-78.0005,0
144332,382,-78.56266,0
144342,386,-78.0005,0
144352,390,-77.43833,0
144362,386,-78.0005,0
144372,388,-77.71941,0
144382,387,-77.85995,0
144392,391,-77.29779,0
144402,387,-77.85995,0
144412,389,-77.57887,0
144422,385,-78.14104,0
144432,385,-78.14104,0
144442,385,-78.14104,0
144452,393,-77.01671,0
144462,415,-73.9248,0
144472,462,-67.31935,0
144482,483,-64.36798,0
144492,480,-64.7896,0
144502,476,-65.35177,0
144512,484,-64.22743,0
144522,484,-64.22743,0
144532,492,-63.1031,0
144542,487,-63.80581,0
144552,492,-63.1031,0
144562,490,-63.38419,0
144572,490,-63.38419,0
144582,491,-63.24364,0
144592,494,-62.82202,0
144602,493,-62.96256,0
144612,501,-61.83823,0
144622,500,-61.97878,0
144632,506,-61.13553,0
144642,504,-61.41661,0
144652,516,-59.73011,0
144662,505,-61.27607,0
144672,517,-59.58957,0
144682,511,-60.43282,0
144692,513,-60.15174,0
144702,518,-59.44902,0
144712,512,-60.29227,0
144722,517,-59.58957,0
144732,519,-59.30848,0
144742,516,-59.73011,0
144752,531,-57.62199,0
144762,522,-58.88686,0
144772,532,-57.48145,0
144782,524,-58.60578,0
144792,532,-57.48145,0
144802,534,-57.20036,0
144812,530,-57.76253,0
144822,536,-56.91928,0
144832,533,-57.3409,0
144842,540,-56.35712,0
144852,536,-56.91928,0
144862,532,-57.48145,0
144872,537,-56.77874,0
144882,542,-56.07603,0
144892,544,-55.79495,0
144902,551,-54.81116,0
144912,554,-54.38954,0
144922,551,-54.81116,0
144932,551,-54.81116,0
144942,555,-54.249,0
144952,550,-54.95169,0
144962,559,-53.68682,0
144972,562,-53.2652,0
144982,557,-53.96791,0
144992,560,-53.54628,0
145002,558,-53.82737,0
145012,564,-52.98412,0
145022,576,-51.29763,0
145032,566,-52.70304,0
145042,564,-52.98412,0
145052,572,-51.85979,0
145062,566,-52.70304,0
145072,578,-51.01654,0
145082,574,-51.57871,0
145092,569,-52.28141,0
145102,576,-51.29763,0
145112,579,-50.876,0
145122,574,-51.57871,0
145132,589,-49.47058,0
145142,588,-49.61113,0
145152,582,-50.45437,0
145162,587,-49.75167,0
145172,587,-49.75167,0
145182,590,-49.33004,0
145192,594,-48.76788,0
145202,601,-47.78408,0
145212,588,-49.61113,0
145222,596,-48.4868,0
145232,606,-47.08139,0
145242,603,-47.503,0
145252,601,-47.78408,0
145262,601,-47.78408,0
145272,607,-46.94084,0
145282,608,-46.8003,0
145292,603,-47.503,0
145302,603,-47.503,0
145312,607,-46.94084,0
145322,613,-46.09759,0
145332,618,-45.39488,0
145342,619,-45.25434,0
145352,618,-45.39488,0
145362,616,-45.67597,0
145372,624,-44.55164,0
145382,619,-45.25434,0
145392,630,-43.70838,0
145402,619,-45.25434,0
145412,627,-44.13001,0
145422,624,-44.55164,0
145432,628,-43.98947,0
145442,628,-43.98947,0
145452,628,-43.98947,0
145462,627,-44.13001,0
145472,629,-43.84893,0
145482,635,-43.00568,0
145492,634,-43.14622,0
145502,640,-42.30297,0
145512,635,-43.00568,0
145522,644,-41.74081,0
145532,642,-42.02188,0
145542,647,-41.31918,0
145552,645,-41.60027,0
145562,645,-41.60027,0
145572,646,-41.45972,0
145582,644,-41.74081,0
145592,655,-40.19485,0
145602,644,-41.74081,0
145612,655,-40.19485,0
145622,658,-39.77323,0
145632,653,-40.47593,0
145642,660,-39.49214,0
145652,663,-39.07051,0
145662,666,-38.6489,0
145672,668,-38.36781,0
145682,664,-38.92997,0
145692,658,-39.77323,0
145702,669,-38.22727,0
145712,664,-38.92997,0
145722,670,-38.08673,0
145732,672,-37.80564,0
145742,672,-37.80564,0
145752,680,-36.68131,0
145762,678,-36.96239,0
145772,686,-35.83807,0
145782,681,-36.54077,0
145792,691,-35.13535,0
145802,683,-36.25969,0
145812,687,-35.69753,0
145822,687,-35.69753,0
145832,695,-34.5732,0
145842,688,-35.55698,0
145852,685,-35.97861,0
145862,694,-34.71374,0
145872,693,-34.85427,0
145882,692,-34.99481,0
145892,695,-34.5732,0
145902,702,-33.5894,0
145912,706,-33.02724,0
145922,694,-34.71374,0
145932,713,-32.04344,0
145942,707,-32.8867,0
145952,697,-34.29211,0
145962,703,-33.44886,0
145972,699,-34.01102,0
145982,710,-32.46507,0
145992,703,-33.44886,0
146002,709,-32.60561,0
146012,706,-33.02724,0
146022,714,-31.9029,0
146032,711,-32.32453,0
146042,717,-31.48128,0
146052,713,-32.04344,0
146062,719,-31.2002,0
146072,723,-30.63802,0
146082,724,-30.49749,0
146092,718,-31.34074,0
146102,730,-29.65424,0
146112,723,-30.63802,0
146122,727,-30.07587,0
146132,730,-29.65424,0
146142,737,-28.67046,0
146152,732,-29.37315,0
146162,743,-27.8272,0
146172,733,-29.23261,0
146182,730,-29.65424,0
146192,729,-29.79478,0
146202,743,-27.8272,0
146212,740,-28.24883,0
146222,744,-27.68666,0
146232,744,-27.68666,0
146242,747,-27.26505,0
146252,739,-28.38937,0
146262,743,-27.8272,0
146272,738,-28.52991,0
146282,743,-27.8272,0
146292,746,-27.40558,0
146302,748,-27.1245,0
146312,749,-26.98395,0
146322,756,-26.00017,0
146332,753,-26.42179,0
146342,762,-25.15692,0
146352,755,-26.1407,0
146362,747,-27.26505,0
146372,756,-26.00017,0
146382,755,-26.1407,0
146392,752,-26.56233,0
146402,755,-26.1407,0
146412,762,-25.15692,0
146422,760,-25.438,0
146432,761,-25.29746,0
146442,766,-24.59476,0
146452,772,-23.7515,0
146462,763,-25.01637,0
146472,767,-24.45421,0
146482,775,-23.32987,0
146492,770,-24.03259,0
146502,768,-24.31367,0
146512,769,-24.17313,0
146522,782,-22.34608,0
146532,775,-23.32987,0
146542,775,-23.32987,0
146552,770,-24.03259,0
146562,778,-22.90826,0
146572,778,-22.90826,0
146582,776,-23.18934,0
146592,788,-21.50285,0
146602,783,-22.20554,0
146612,780,-22.62717,0
146622,785,-21.92446,0
146632,789,-21.3623,0
146642,788,-21.50285,0
146652,789,-21.3623,0
146662,790,-21.22175,0
146672,796,-20.37851,0
146682,795,-20.51904,0
146692,792,-20.94067,0
146702,798,-20.09743,0
146712,802,-19.53526,0
146722,791,-21.08121,0
146732,799,-19.95688,0
146742,801,-19.6758,0
146752,802,-19.53526,0
146762,809,-18.55147,0
146772,803,-19.39472,0
146782,801,-19.6758,0
146792,813,-17.9893,0
146802,811,-18.27039,0
146812,805,-19.11362,0
146822,806,-18.97309,0
146832,803,-19.39472,0
146842,811,-18.27039,0
146852,807,-18.83256,0
146862,824,-16.44334,0
146872,810,-18.41093,0
146882,808,-18.69201,0
146892,810,-18.41093,0
146902,810,-18.41093,0
146912,812,-18.12984,0
146922,819,-17.14606,0
146932,816,-17.56767,0
146942,814,-17.84875,0
146952,817,-17.42713,0
146962,816,-17.56767,0
146972,827,-16.02172,0
146982,826,-16.16226,0
146992,825,-16.3028,0
147002,822,-16.72443,0
147012,821,-16.86497,0
147022,826,-16.16226,0
147032,822,-16.72443,0
147042,825,-16.3028,0
147052,833,-15.17847,0
147062,829,-15.74065,0
147072,830,-15.60011,0
147082,832,-15.31902,0
147092,838,-14.47577,0
147102,832,-15.31902,0
147112,838,-14.47577,0
147122,833,-15.17847,0
147132,834,-15.03793,0
147142,846,-13.35143,0
147152,837,-14.61631,0
147162,842,-13.9136,0
147172,838,-14.47577,0
147182,834,-15.03793,0
147192,832,-15.31902,0
147202,847,-13.2109,0
147212,850,-12.78927,0
147222,857,-11.80549,0
147232,834,-15.03793,0
147242,842,-13.9136,0
147252,848,-13.07036,0
147262,846,-13.35143,0
147272,844,-13.63252,0
147282,849,-12.92981,0
147292,861,-11.24332,0
147302,862,-11.10278,0
147312,853,-12.36765,0
147322,857,-11.80549,0
147332,852,-12.50819,0
147342,856,-11.94601,0
147352,856,-11.94601,0
147362,857,-11.80549,0
147372,858,-11.66493,0
147382,857,-11.80549,0
147392,862,-11.10278,0
147402,857,-11.80549,0
147412,858,-11.66493,0
147422,865,-10.68114,0
147432,876,-9.135193,0
147442,872,-9.69735,0
147452,867,-10.40006,0
147462,867,-10.40006,0
147472,868,-10.25952,0
147482,864,-10.82169,0
147492,870,-9.978447,0
147502,868,-10.25952,0
147512,863,-10.96223,0
147522,879,-8.71357,0
147532,863,-10.96223,0
147542,880,-8.573029,0
147552,878,-8.854111,0
147562,871,-9.837906,0
147572,878,-8.854111,0
147582,871,-9.837906,0
147592,870,-9.978447,0
147602,874,-9.416275,0
147612,872,-9.69735,0
147622,872,-9.69735,0
147632,874,-9.416275,0
147642,881,-8.43248,0
147652,873,-9.556808,0
147662,880,-8.573029,0
147672,877,-8.994652,0
147682,879,-8.71357,0
147692,877,-8.994652,0
147702,881,-8.43248,0
147712,876,-9.135193,0
147722,878,-8.854111,0
147732,879,-8.71357,0
147742,876,-9.135193,0
147752,883,-8.151398,0
147762,881,-8.43248,0
147772,894,-6.605446,0
147782,883,-8.151398,0
147792,900,-5.762199,0
147802,895,-6.464897,0
147812,895,-6.464897,0
147822,888,-7.4487,0
147832,884,-8.010857,0
147842,888,-7.4487,0
147852,888,-7.4487,0
147862,888,-7.4487,0
147872,885,-7.870323,0
147882,893,-6.745987,0
147892,890,-7.16761,0
147902,888,-7.4487,0
147912,906,-4.918945,0
147922,901,-5.621658,0
147932,895,-6.464897,0
147942,903,-5.340576,0
147952,894,-6.605446,0
147962,891,-7.027069,0
147972,909,-4.497322,0
147982,900,-5.762199,0
147992,890,-7.16761,0
148002,901,-5.621658,0
148012,895,-6.464897,0
148022,906,-4.918945,0
148032,902,-5.481117,0
148042,915,-3.654068,0
148052,907,-4.778404,0
148062,916,-3.513542,0
148072,899,-5.902733,0
148082,899,-5.902733,0
148092,904,-5.200027,0
148102,903,-5.340576,0
148112,898,-6.043289,0
148122,897,-6.183815,0
148132,903,-5.340576,0
148142,899,-5.902733,0
148152,906,-4.918945,0
148162,918,-3.23246,0
148172,903,-5.340576,0
148182,901,-5.621658,0
148192,907,-4.778404,0
148202,904,-5.200027,0
148212,920,-2.951378,0
148222,909,-4.497322,0
148232,906,-4.918945,0
148242,913,-3.93515,0
148252,920,-2.951378,0
148262,912,-4.075706,0
148272,922,-2.670273,0
148282,913,-3.93515,0
148292,917,-3.372986,0
148302,919,-3.091904,0
148312,916,-3.513542,0
148322,911,-4.216248,0
148332,918,-3.23246,0
148342,923,-2.529747,0
148352,912,-4.075706,0
148362,923,-2.529747,0
148372,923,-2.529747,0
148382,926,-2.108116,0
148392,926,-2.108116,0
148402,916,-3.513542,0
148412,917,-3.372986,0
148422,922,-2.670273,0
148432,916,-3.513542,0
148442,922,-2.670273,0
148452,925,-2.248665,0
148462,920,-2.951378,0
148472,927,-1.96756,0
148482,915,-3.654068,0
148492,913,-3.93515,0
148502,917,-3.372986,0
148512,921,-2.810829,0
148522,923,-2.529747,0
148532,920,-2.951378,0
148542,919,-3.091904,0
148552,928,-1.827034,0
148562,932,-1.264877,0
148572,925,-2.248665,0
148582,926,-2.108116,0
148592,931,-1.405403,0
148602,925,-2.248665,0
148612,919,-3.091904,0
148622,919,-3.091904,0
148632,924,-2.389198,0
148642,922,-2.670273,0
148652,931,-1.405403,0
148662,925,-2.248665,0
148672,928,-1.827034,0
148682,919,-3.091904,0
148692,935,-0.843246,0
148702,932,-1.264877,0
148712,919,-3.091904,0
148722,930,-1.545952,0
148732,924,-2.389198,0
148742,924,-2.389198,0
148752,932,-1.264877,0
148762,927,-1.96756,0
148772,927,-1.96756,0
148782,930,-1.545952,0
148792,936,-0.70269,0
148802,928,-1.827034,0
148812,938,-0.421631,0
148822,935,-0.843246,0
148832,929,-1.686508,0
148842,925,-2.248665,0
148852,923,-2.529747,0
148862,927,-1.96756,0
148872,928,-1.827034,0
148882,930,-1.545952,0
148892,935,-0.843246,0
148902,935,-0.843246,0
148912,938,-0.421631,0
148922,940,-0.140533,0
148932,932,-1.264877,0
148942,947,0.843262,0
148952,942,0.140549,0
148962,925,-2.248665,0
148972,929,-1.686508,0
148982,926,-2.108116,0
148992,929,-1.686508,0
149002,933,-1.124321,0
149012,939,-0.281082,0
149022,936,-0.70269,0
149032,932,-1.264877,0
149042,948,0.983788,0
149052,942,0.140549,0
149062,942,0.140549,0
149072,933,-1.124321,0
149082,931,-1.405403,0
149092,929,-1.686508,0
149102,932,-1.264877,0
149112,927,-1.96756,0
149122,931,-1.405403,0
149132,930,-1.545952,0
149142,939,-0.281082,0
149152,935,-0.843246,0
149162,947,0.843262,0
149172,943,0.281075,0
149182,935,-0.843246,0
149192,936,-0.70269,0
149202,937,-0.562164,0
149212,939,-0.281082,0
149222,941,0,0
149232,932,-1.264877,0
149242,934,-0.983795,0
149252,935,-0.843246,0
149262,934,-0.983795,0
149272,934,-0.983795,0
149282,938,-0.421631,0
149292,945,0.56218,0
149302,931,-1.405403,0
149312,947,0.843262,0
149322,937,-0.562164,0
149332,943,0.281075,0
149342,941,0,0
149352,934,-0.983795,0
149362,940,-0.140533,0
149372,932,-1.264877,0
149382,936,-0.70269,0
149392,936,-0.70269,0
149402,935,-0.843246,0
149412,941,0,0
149422,934,-0.983795,0
149432,935,-0.843246,0
149442,933,-1.124321,0
149452,940,-0.140533,0
149462,937,-0.562164,0
149472,934,-0.983795,0
149482,937,-0.562164,0
149492,943,0.281075,0
149502,937,-0.562164,0
149512,944,0.421631,0
149522,938,-0.421631,0
149532,929,-1.686508,0
149542,941,0,0
149552,935,-0.843246,0
149562,950,1.26487,0
149572,937,-0.562164,0
149582,939,-0.281082,0
149592,942,0.140549,0
149602,947,0.843262,0
149612,939,-0.281082,0
149622,938,-0.421631,0
149632,944,0.421631,0
149642,940,-0.140533,0
149652,936,-0.70269,0
149662,953,1.686501,0
149672,939,-0.281082,0
149682,937,-0.562164,0
149692,942,0.140549,0
149702,935,-0.843246,0
149712,937,-0.562164,0
149722,949,1.124344,0
149732,938,-0.421631,0
149742,941,0,0
149752,942,0.140549,0
149762,940,-0.140533,0
149772,939,-0.281082,0
149782,946,0.702705,0
149792,949,1.124344,0
149802,939,-0.281082,0
149812,946,0.702705,0
149822,947,0.843262,0
149832,945,0.56218,0
149842,941,0,0
149852,945,0.56218,0
149862,940,-0.140533,0
149872,939,-0.281082,0
149882,943,0.281075,0
149892,942,0.140549,0
149902,949,1.124344,0
149912,949,1.124344,0
149922,941,0,0
149932,952,1.545952,0
149942,944,0.421631,0
149952,945,0.56218,0
149962,939,-0.281082,0
149972,941,0,0
149982,938,-0.421631,0
149992,936,-0.70269,0
150002,940,-0.140533,0
150012,941,0,0
150022,934,-0.983795,0
150032,938,-0.421631,0
150042,940,-0.140533,0
150052,936,-0.70269,0
150062,942,0.140549,0
150072,936,-0.70269,0
150082,939,-0.281082,0
150092,945,0.56218,0
150102,935,-0.843246,0
150112,938,-0.421631,0
150122,932,-1.264877,0
150132,939,-0.281082,0
150142,940,-0.140533,0
150152,948,0.983788,0
150162,943,0.281075,0
150172,939,-0.281082,0
150182,945,0.56218,0
150192,936,-0.70269,0
150202,948,0.983788,0
150212,935,-0.843246,0
150222,938,-0.421631,0
150232,938,-0.421631,0
150242,937,-0.562164,0
150252,945,0.56218,0
150262,938,-0.421631,0
150272,941,0,0
150282,938,-0.421631,0
150292,940,-0.140533,0
150302,939,-0.281082,0
150312,944,0.421631,0
150322,939,-0.281082,0
150332,938,-0.421631,0
150342,939,-0.281082,0
150352,934,-0.983795,0
150362,942,0.140549,0
150372,938,-0.421631,0
150382,938,-0.421631,0
150392,946,0.702705,0
150402,945,0.56218,0
150412,936,-0.70269,0
150422,942,0.140549,0
150432,936,-0.70269,0
150442,942,0.140549,0
150452,943,0.281075,0
150462,945,0.56218,0
150472,932,-1.264877,0
150482,939,-0.281082,0
150492,943,0.281075,0
150502,940,-0.140533,0
150512,944,0.421631,0
150522,944,0.421631,0
150532,943,0.281075,0
150542,941,0,0
150552,941,0,0
150562,934,-0.983795,0
150572,933,-1.124321,0
150582,939,-0.281082,0
150592,944,0.421631,0
150602,939,-0.281082,0
150612,946,0.702705,0
150622,940,-0.140533,0
150632,933,-1.124321,0
150642,938,-0.421631,0
150652,940,-0.140533,0
150662,939,-0.281082,0
150672,940,-0.140533,0
150682,945,0.56218,0
150692,941,0,0
150702,947,0.843262,0
150712,949,1.124344,0
150722,951,1.405418,0
150732,938,-0.421631,0
150742,936,-0.70269,0
150752,940,-0.140533,0
150762,938,-0.421631,0
150772,943,0.281075,0
150782,940,-0.140533,0
150792,950,1.26487,0
150802,945,0.56218,0
150812,947,0.843262,0
150822,947,0.843262,0
150832,939,-0.281082,0
150842,951,1.405418,0
150852,943,0.281075,0
150862,951,1.405418,0
150872,947,0.843262,0
150882,946,0.702705,0
150892,939,-0.281082,0
150902,942,0.140549,0
150912,944,0.421631,0
150922,938,-0.421631,0
150932,944,0.421631,0
150942,935,-0.843246,0
150952,938,-0.421631,0
150962,934,-0.983795,0
150972,942,0.140549,0
150982,933,-1.124321,0
150992,942,0.140549,0
151002,939,-0.281082,0
151012,947,0.843262,0
151022,949,1.124344,0
151032,947,0.843262,0
151042,953,1.686501,0
151052,945,0.56218,0
151062,954,1.827049,0
151072,951,1.405418,0
151082,946,0.702705,0
151092,943,0.281075,0
151102,941,0,0
151112,939,-0.281082,0
151122,939,-0.281082,0
151132,940,-0.140533,0
151142,943,0.281075,0
151152,940,-0.140533,0
151162,938,-0.421631,0
151172,943,0.281075,0
151182,940,-0.140533,0
151192,944,0.421631,0
151202,945,0.56218,0
151212,942,0.140549,0
151222,938,-0.421631,0
151232,947,0.843262,0
151242,941,0,0
151252,940,-0.140533,0
151262,941,0,0
151272,943,0.281075,0
151282,935,-0.843246,0
151292,940,-0.140533,0
151302,945,0.56218,0
151312,940,-0.140533,0
151322,940,-0.140533,0
151332,944,0.421631,0
151342,957,2.248657,0
151352,942,0.140549,0
151362,950,1.26487,0
151372,942,0.140549,0
151382,944,0.421631,0
151392,949,1.124344,0
151402,943,0.281075,0
151412,950,1.26487,0
151422,947,0.843262,0
151432,947,0.843262,0
151442,947,0.843262,0
151452,940,-0.140533,0
151462,954,1.827049,0
151472,944,0.421631,0
151482,952,1.545952,0
151492,946,0.702705,0
151502,946,0.702705,0
151512,943,0.281075,0
151522,952,1.545952,0
151532,947,0.843262,0
151542,948,0.983788,0
151552,942,0.140549,0
151562,946,0.702705,0
151572,940,-0.140533,0
151582,941,0,0
151592,947,0.843262,0
151602,935,-0.843246,0
151612,940,-0.140533,0
151622,945,0.56218,0
151632,943,0.281075,0
151642,939,-0.281082,0
151652,939,-0.281082,0
151662,946,0.702705,0
151672,937,-0.562164,0
151682,941,0,0
151692,943,0.281075,0
151702,944,0.421631,0
151712,947,0.843262,0
151722,946,0.702705,0
151732,946,0.702705,0
151742,950,1.26487,0
151752,942,0.140549,0
151762,957,2.248657,0
151772,941,0,0
151782,941,0,0
151792,943,0.281075,0
151802,943,0.281075,0
151812,950,1.26487,0
151822,946,0.702705,0
151832,948,0.983788,0
151842,939,-0.281082,0
151852,946,0.702705,0
151862,939,-0.281082,0
151872,940,-0.140533,0
151882,941,0,0
151892,943,0.281075,0
151902,945,0.56218,0
151912,941,0,0
151922,945,0.56218,0
151932,941,0,0
151942,950,1.26487,0
151952,940,-0.140533,0
151962,939,-0.281082,0
151972,945,0.56218,0
151982,940,-0.140533,0
151992,946,0.702705,0
152002,939,-0.281082,0
152012,935,-0.843246,0
152022,937,-0.562164,0
152032,940,-0.140533,0
152042,949,1.124344,0
152052,938,-0.421631,0
152062,942,0.140549,0
152072,942,0.140549,0
152082,939,-0.281082,0
152092,949,1.124344,0
152102,940,-0.140533,0
152112,939,-0.281082,0
152122,943,0.281075,0
152132,940,-0.140533,0
152142,943,0.281075,0
152152,937,-0.562164,0
152162,938,-0.421631,0
152172,939,-0.281082,0
152182,942,0.140549,0
152192,940,-0.140533,0
152202,938,-0.421631,0
152212,945,0.56218,0
152222,941,0,0
152232,937,-0.562164,0
152242,940,-0.140533,0
152252,941,0,0
152262,940,-0.140533,0
152272,941,0,0
152282,941,0,0
152292,943,0.281075,0
152302,941,0,0
152312,949,1.124344,0
152322,939,-0.281082,0
152332,943,0.281075,0
152342,941,0,0
152352,938,-0.421631,0
152362,944,0.421631,0
152372,939,-0.281082,0
152382,950,1.26487,0
152392,949,1.124344,0
152402,942,0.140549,0
152412,944,0.421631,0
152422,942,0.140549,0
152432,940,-0.140533,0
152442,943,0.281075,0
152452,940,-0.140533,0
152462,951,1.405418,0
152472,943,0.281075,0
152482,946,0.702705,0
152492,943,0.281075,0
152502,945,0.56218,0
152512,953,1.686501,0
152522,948,0.983788,0
152532,949,1.124344,0
152542,944,0.421631,0
152552,942,0.140549,0
152562,939,-0.281082,0
152572,944,0.421631,0
152582,937,-0.562164,0
152592,935,-0.843246,0
152602,938,-0.421631,0
152612,945,0.56218,0
152622,945,0.56218,0
152632,940,-0.140533,0
152642,940,-0.140533,0
152652,941,0,0
152662,939,-0.281082,0
152672,943,0.281075,0
152682,941,0,0
152692,941,0,0
152702,947,0.843262,0
152712,945,0.56218,0
152722,942,0.140549,0
152732,949,1.124344,0
152742,938,-0.421631,0
152752,944,0.421631,0
152762,943,0.281075,0
152772,943,0.281075,0
152782,945,0.56218,0
152792,944,0.421631,0
152802,942,0.140549,0
152812,944,0.421631,0
152822,938,-0.421631,0
152832,954,1.827049,0
152842,945,0.56218,0
152852,944,0.421631,0
152862,945,0.56218,0
152872,945,0.56218,0
152882,953,1.686501,0
152892,944,0.421631,0
152902,942,0.140549,0
152912,944,0.421631,0
152922,939,-0.281082,0
152932,949,1.124344,0
152942,949,1.124344,0
152952,942,0.140549,0
152962,939,-0.281082,0
152972,939,-0.281082,0
152982,947,0.843262,0
152992,943,0.281075,0
153002,938,-0.421631,0
153012,949,1.124344,0
153022,953,1.686501,0
153032,949,1.124344,0
153042,943,0.281075,0
153052,945,0.56218,0
153062,950,1.26487,0
153072,947,0.843262,0
153082,937,-0.562164,0
153092,945,0.56218,0
153102,939,-0.281082,0
153112,938,-0.421631,0
153122,940,-0.140533,0
153132,950,1.26487,0
153142,942,0.140549,0
153152,942,0.140549,0
153162,945,0.56218,0
153172,948,0.983788,0
153182,945,0.56218,0
153192,952,1.545952,0
153202,942,0.140549,0
153212,949,1.124344,0
153222,953,1.686501,0
153232,941,0,0
153242,944,0.421631,0
153252,940,-0.140533,0
153262,940,-0.140533,0
153272,947,0.843262,0
153282,959,2.529739,0
153292,949,1.124344,0
153302,947,0.843262,0
153312,947,0.843262,0
153322,942,0.140549,0
153332,946,0.702705,0
153342,946,0.702705,0
153352,941,0,0
153362,946,0.702705,0
153372,942,0.140549,0
153382,946,0.702705,0
153392,950,1.26487,0
153402,942,0.140549,0
153412,948,0.983788,0
153422,947,0.843262,0
153432,939,-0.281082,0
153442,941,0,0
153452,943,0.281075,0
153462,935,-0.843246,0
153472,950,1.26487,0
153482,943,0.281075,0
153492,935,-0.843246,0
153502,941,0,0
153512,952,1.545952,0
153522,947,0.843262,0
153532,949,1.124344,0
153542,954,1.827049,0
153552,942,0.140549,0
153562,936,-0.70269,0
153572,940,-0.140533,0
153582,939,-0.281082,0
153592,936,-0.70269,0
153602,940,-0.140533,0
153612,942,0.140549,0
153622,945,0.56218,0
153632,947,0.843262,0
153642,947,0.843262,0
153652,948,0.983788,0
153662,944,0.421631,0
153672,938,-0.421631,0
153682,950,1.26487,0
153692,947,0.843262,0
153702,950,1.26487,0
153712,947,0.843262,0
153722,941,0,0
153732,939,-0.281082,0
153742,938,-0.421631,0
153752,944,0.421631,0
153762,952,1.545952,0
153772,945,0.56218,0
153782,944,0.421631,0
153792,940,-0.140533,0
153802,940,-0.140533,0
153812,943,0.281075,0
153822,940,-0.140533,0
153832,941,0,0
153842,938,-0.421631,0
153852,938,-0.421631,0
153862,949,1.124344,0
153872,946,0.702705,0
153882,946,0.702705,0
153892,939,-0.281082,0
153902,940,-0.140533,0
153912,949,1.124344,0
153922,940,-0.140533,0
153932,951,1.405418,0
153942,946,0.702705,0
153952,940,-0.140533,0
153962,939,-0.281082,0
153972,943,0.281075,0
153982,943,0.281075,0
153992,940,-0.140533,0
154002,934,-0.983795,0
154012,944,0.421631,0
154022,943,0.281075,0
154032,944,0.421631,0
154042,947,0.843262,0
154052,941,0,0
154062,938,-0.421631,0
154072,946,0.702705,0
154082,939,-0.281082,0
154092,939,-0.281082,0
154102,946,0.702705,0
154112,950,1.26487,0
154122,942,0.140549,0
154132,935,-0.843246,0
154142,941,0,0
154152,940,-0.140533,0
154162,943,0.281075,0
154172,945,0.56218,0
154182,948,0.983788,0
154192,938,-0.421631,0
154202,945,0.56218,0
154212,939,-0.281082,0
154222,945,0.56218,0
154232,940,-0.140533,0
154242,940,-0.140533,0
154252,940,-0.140533,0
154262,937,-0.562164,0
154272,941,0,0
154282,944,0.421631,0
154292,945,0.56218,0
154302,943,0.281075,0
154312,960,2.670296,0
154322,935,-0.843246,0
154332,945,0.56218,0
154342,942,0.140549,0
154352,954,1.827049,0
154362,942,0.140549,0
154372,952,1.545952,0
154382,953,1.686501,0
154392,943,0.281075,0
154402,936,-0.70269,0
154412,944,0.421631,0
154422,946,0.702705,0
154432,946,0.702705,0
154442,940,-0.140533,0
154452,942,0.140549,0
154462,937,-0.562164,0
154472,941,0,0
154482,946,0.702705,0
154492,944,0.421631,0
154502,946,0.702705,0
154512,941,0,0
154522,943,0.281075,0
154532,943,0.281075,0
154542,940,-0.140533,0
154552,939,-0.281082,0
154562,942,0.140549,0
154572,941,0,0
154582,933,-1.124321,0
154592,934,-0.983795,0
154602,935,-0.843246,0
154612,953,1.686501,0
154622,950,1.26487,0
154632,942,0.140549,0
154642,944,0.421631,0
154652,952,1.545952,0
154662,943,0.281075,0
154672,944,0.421631,0
154682,938,-0.421631,0
154692,942,0.140549,0
154702,941,0,0
154712,941,0,0
154722,950,1.26487,0
154732,947,0.843262,0
154742,950,1.26487,0
154752,949,1.124344,0
154762,947,0.843262,0
154772,954,1.827049,0
154782,953,1.686501,0
154792,940,-0.140533,0
154802,935,-0.843246,0
154812,935,-0.843246,0
154822,941,0,0
154832,943,0.281075,0
154842,945,0.56218,0
154852,953,1.686501,0
154862,942,0.140549,0
154872,936,-0.70269,0
154882,946,0.702705,0
154892,952,1.545952,0
154902,947,0.843262,0
154912,944,0.421631,0
154922,940,-0.140533,0
154932,938,-0.421631,0
154942,941,0,0
154952,944,0.421631,0
154962,943,0.281075,0
154972,950,1.26487,0
154982,944,0.421631,0
154992,948,0.983788,0
155002,941,0,0
155012,935,-0.843246,0
155022,944,0.421631,0
155032,940,-0.140533,0
155042,945,0.56218,0
155052,951,1.405418,0
155062,952,1.545952,0
155072,937,-0.562164,0
155082,953,1.686501,0
155092,951,1.405418,0
155102,939,-0.281082,0
155112,945,0.56218,0
155122,937,-0.562164,0
155132,937,-0.562164,0
155142,940,-0.140533,0
155152,940,-0.140533,0
155162,947,0.843262,0
155172,938,-0.421631,0
155182,941,0,0
155192,938,-0.421631,0
155202,942,0.140549,0
155212,941,0,0
155222,945,0.56218,0
155232,941,0,0
155242,939,-0.281082,0
155252,943,0.281075,0
155262,945,0.56218,0
155272,943,0.281075,0
155282,950,1.26487,0
155292,942,0.140549,0
155302,943,0.281075,0
155312,950,1.26487,0
155322,945,0.56218,0
155332,952,1.545952,0
155342,934,-0.983795,0
155352,941,0,0
155362,947,0.843262,0
155372,942,0.140549,0
155382,948,0.983788,0
155392,946,0.702705,0
155402,946,0.702705,0
155412,944,0.421631,0
155422,940,-0.140533,0
155432,948,0.983788,0
155442,942,0.140549,0
155452,950,1.26487,0
155462,940,-0.140533,0
155472,938,-0.421631,0
155482,946,0.702705,0
155492,943,0.281075,0
155502,936,-0.70269,0
155512,949,1.124344,0
155522,941,0,0
155532,942,0.140549,0
155542,953,1.686501,0
155552,947,0.843262,0
155562,945,0.56218,0
155572,947,0.843262,0
155582,938,-0.421631,0
155592,938,-0.421631,0
155602,942,0.140549,0
155612,939,-0.281082,0
155622,943,0.281075,0
155632,953,1.686501,0
155642,944,0.421631,0
155652,946,0.702705,0
155662,940,-0.140533,0
155672,945,0.56218,0
155682,938,-0.421631,0
155692,939,-0.281082,0
155702,941,0,0
155712,950,1.26487,0
155722,942,0.140549,0
155732,944,0.421631,0
155742,943,0.281075,0
155752,943,0.281075,0
155762,950,1.26487,0
155772,949,1.124344,0
155782,947,0.843262,0
155792,955,1.967583,0
155802,945,0.56218,0
155812,942,0.140549,0
155822,940,-0.140533,0
155832,939,-0.281082,0
155842,947,0.843262,0
155852,944,0.421631,0
155862,944,0.421631,0
155872,937,-0.562164,0
155882,948,0.983788,0
155892,937,-0.562164,0
155902,947,0.843262,0
155912,940,-0.140533,0
155922,946,0.702705,0
155932,945,0.56218,0
155942,940,-0.140533,0
155952,949,1.124344,0
155962,952,1.545952,0
155972,944,0.421631,0
155982,942,0.140549,0
155992,941,0,0
156002,946,0.702705,0
156012,937,-0.562164,0
156022,941,0,0
156032,940,-0.140533,0
156042,948,0.983788,0
156052,951,1.405418,0
156062,950,1.26487,0
156072,944,0.421631,0
156082,941,0,0
156092,945,0.56218,0
156102,944,0.421631,0
156112,947,0.843262,0
156122,940,-0.140533,0
156132,956,2.108131,0
156142,953,1.686501,0
156152,939,-0.281082,0
156162,946,0.702705,0
156172,946,0.702705,0
156182,947,0.843262,0
156192,948,0.983788,0
156202,954,1.827049,0
156212,947,0.843262,0
156222,943,0.281075,0
156232,944,0.421631,0
156242,939,-0.281082,0
156252,943,0.281075,0
156262,939,-0.281082,0
156272,949,1.124344,0
156282,945,0.56218,0
156292,949,1.124344,0
156302,942,0.140549,0
156312,947,0.843262,0
156322,946,0.702705,0
156332,953,1.686501,0
156342,942,0.140549,0
156352,939,-0.281082,0
156362,943,0.281075,0
156372,940,-0.140533,0
156382,943,0.281075,0
156392,943,0.281075,0
156402,948,0.983788,0
156412,941,0,0
156422,938,-0.421631,0
156432,944,0.421631,0
156442,948,0.983788,0
156452,956,2.108131,0
156462,940,-0.140533,0
156472,950,1.26487,0
156482,942,0.140549,0
156492,939,-0.281082,0
156502,951,1.405418,0
156512,946,0.702705,0
156522,944,0.421631,0
156532,944,0.421631,0
156542,941,0,0
156552,948,0.983788,0
156562,944,0.421631,0
156572,940,-0.140533,0
156582,944,0.421631,0
156592,943,0.281075,0
156602,952,1.545952,0
156612,953,1.686501,0
156622,944,0.421631,0
156632,944,0.421631,0
156642,946,0.702705,0
156652,937,-0.562164,0
156662,941,0,0
156672,939,-0.281082,0
156682,949,1.124344,0
156692,949,1.124344,0
156702,939,-0.281082,0
156712,940,-0.140533,0
156722,937,-0.562164,0
156732,940,-0.140533,0
156742,945,0.56218,0
156752,951,1.405418,0
156762,955,1.967583,0
156772,941,0,0
156782,943,0.281075,0
156792,942,0.140549,0
156802,938,-0.421631,0
156812,949,1.124344,0
156822,934,-0.983795,0
156832,952,1.545952,0
156842,946,0.702705,0
156852,941,0,0
156862,943,0.281075,0
156872,943,0.281075,0
156882,947,0.843262,0
156892,940,-0.140533,0
156902,952,1.545952,0
156912,944,0.421631,0
156922,947,0.843262,0
156932,942,0.140549,0
156942,942,0.140549,0
156952,943,0.281075,0
156962,941,0,0
156972,941,0,0
156982,945,0.56218,0
156992,944,0.421631,0
157002,946,0.702705,0
157012,939,-0.281082,0
157022,940,-0.140533,0
157032,945,0.56218,0
157042,941,0,0
157052,937,-0.562164,0
157062,936,-0.70269,0
157072,947,0.843262,0
157082,941,0,0
157092,941,0,0
157102,947,0.843262,0
157112,945,0.56218,0
157122,946,0.702705,0
157132,940,-0.140533,0
157142,943,0.281075,0
157152,946,0.702705,0
157162,949,1.124344,0
157172,938,-0.421631,0
157182,937,-0.562164,0
157192,943,0.281075,0
157202,936,-0.70269,0
157212,948,0.983788,0
157222,950,1.26487,0
157232,952,1.545952,0
157242,945,0.56218,0
157252,938,-0.421631,0
157262,944,0.421631,0
157272,937,-0.562164,0
157282,951,1.405418,0
157292,944,0.421631,0
157302,948,0.983788,0
157312,947,0.843262,0
157322,940,-0.140533,0
157332,951,1.405418,0
157342,953,1.686501,0
157352,951,1.405418,0
157362,937,-0.562164,0
157372,941,0,0
157382,939,-0.281082,0
157392,938,-0.421631,0
157402,948,0.983788,0
157412,943,0.281075,0
157422,947,0.843262,0
157432,932,-1.264877,0
157442,950,1.26487,0
157452,945,0.56218,0
157462,936,-0.70269,0
157472,947,0.843262,0
157482,940,-0.140533,0
157492,939,-0.281082,0
157502,955,1.967583,0
157512,947,0.843262,0
157522,945,0.56218,0
157532,943,0.281075,0
157542,940,-0.140533,0
157552,949,1.124344,0
157562,947,0.843262,0
157572,943,0.281075,0
157582,954,1.827049,0
157592,950,1.26487,0
157602,946,0.702705,0
157612,940,-0.140533,0
157622,938,-0.421631,0
157632,940,-0.140533,0
157642,941,0,0
157652,942,0.140549,0
157662,939,-0.281082,0
157672,941,0,0
157682,939,-0.281082,0
157692,940,-0.140533,0
157702,938,-0.421631,0
157712,941,0,0
157722,941,0,0
157732,949,1.124344,0
157742,953,1.686501,0
157752,941,0,0
157762,954,1.827049,0
157772,944,0.421631,0
157782,942,0.140549,0
157792,952,1.545952,0
157802,954,1.827049,0
157812,945,0.56218,0
157822,948,0.983788,0
157832,940,-0.140533,0
157842,939,-0.281082,0
157852,935,-0.843246,0
157862,942,0.140549,0
157872,944,0.421631,0
157882,944,0.421631,0
157892,943,0.281075,0
157902,950,1.26487,0
157912,938,-0.421631,0
157922,941,0,0
157932,944,0.421631,0
157942,945,0.56218,0
157952,942,0.140549,0
157962,938,-0.421631,0
157972,940,-0.140533,0
157982,942,0.140549,0
157992,951,1.405418,0
158002,954,1.827049,0
158012,944,0.421631,0
158022,939,-0.281082,0
158032,940,-0.140533,0
158042,941,0,0
158052,939,-0.281082,0
158062,938,-0.421631,0
158072,949,1.124344,0
158082,949,1.124344,0
158092,943,0.281075,0
158102,952,1.545952,0
158112,940,-0.140533,0
158122,940,-0.140533,0
158132,940,-0.140533,0
158142,941,0,0
158152,933,-1.124321,0
158162,942,0.140549,0
158172,944,0.421631,0
158182,939,-0.281082,0
158192,948,0.983788,0
158202,939,-0.281082,0
158212,941,0,0
158222,942,0.140549,0
158232,943,0.281075,0
158242,936,-0.70269,0
158252,943,0.281075,0
158262,938,-0.421631,0
158272,943,0.281075,0
158282,937,-0.562164,0
158292,935,-0.843246,0
158302,942,0.140549,0
158312,943,0.281075,0
158322,943,0.281075,0
158332,941,0,0
158342,946,0.702705,0
158352,944,0.421631,0
158362,940,-0.140533,0
158372,938,-0.421631,0
158382,943,0.281075,0
158392,940,-0.140533,0
158402,952,1.545952,0
158412,945,0.56218,0
158422,945,0.56218,1
158432,947,0.843262,1
158442,946,0.702705,1
158452,947,0.843262,1
158462,946,0.702705,1
158472,945,0.56218,1
158482,946,0.702705,1
158492,935,-0.843246,1
158502,945,0.56218,1
158512,938,-0.421631,1
158522,942,0.140549,1
158532,940,-0.140533,1
158542,952,1.545952,1
158552,945,0.56218,1
158562,948,0.983788,1
158572,943,0.281075,1
158582,946,0.702705,1
158592,933,-1.124321,1
158602,938,-0.421631,1
158612,935,-0.843246,1
158622,946,0.702705,1
158632,939,-0.281082,1
158642,936,-0.70269,1
158652,948,0.983788,1
158662,945,0.56218,1
158672,949,1.124344,1
158682,944,0.421631,1
158692,942,0.140549,1
158702,942,0.140549,1
158712,943,0.281075,1
158722,953,1.686501,1
158732,940,-0.140533,1
158742,951,1.405418,1
158752,937,-0.562164,1
158762,942,0.140549,1
158772,943,0.281075,1
158782,945,0.56218,1
158792,938,-0.421631,1
158802,942,0.140549,1
158812,941,0,1
158822,945,0.56218,1
158832,944,0.421631,1
158842,936,-0.70269,1
158852,945,0.56218,1
158862,940,-0.140533,1
158872,941,0,1
158882,944,0.421631,1
158892,943,0.281075,1
158902,947,0.843262,1
158912,942,0.140549,1
158922,939,-0.281082,1
158932,933,-1.124321,1
158942,944,0.421631,1
158952,940,-0.140533,1
158962,945,0.56218,1
158972,944,0.421631,1
158982,939,-0.281082,1
158992,939,-0.281082,1
159002,940,-0.140533,1
159012,940,-0.140533,1
159022,948,0.983788,1
159032,943,0.281075,1
159042,940,-0.140533,1
159052,943,0.281075,1
159062,946,0.702705,1
159072,947,0.843262,1
159082,957,2.248657,1
159092,941,0,1
159102,942,0.140549,1
159112,940,-0.140533,1
159122,950,1.26487,1
159132,945,0.56218,1
159142,942,0.140549,1
159152,952,1.545952,1
159162,943,0.281075,1
159172,941,0,1
159182,947,0.843262,1
159192,956,2.108131,1
159202,948,0.983788,1
159212,950,1.26487,1
159222,949,1.124344,1
159232,949,1.124344,1
159242,949,1.124344,1
159252,951,1.405418,1
159262,939,-0.281082,1
159272,950,1.26487,1
159282,945,0.56218,1
159292,940,-0.140533,1
159302,946,0.702705,1
159312,946,0.702705,1
159322,949,1.124344,1
159332,948,0.983788,1
159342,938,-0.421631,1
159352,944,0.421631,1
159362,949,1.124344,1
159372,945,0.56218,1
159382,937,-0.562164,1
159392,949,1.124344,1
159402,939,-0.281082,1
159412,944,0.421631,1
159422,947,0.843262,1
159432,948,0.983788,1
159442,942,0.140549,1
159452,941,0,1
159462,942,0.140549,1
159472,938,-0.421631,1
159482,889,-7.308159,1
159492,856,-11.94601,1
159502,821,-16.86497,1
159512,798,-20.09743,1
159522,767,-24.45421,1
159532,736,-28.811,1
159542,710,-32.46507,1
159552,680,-36.68131,1
159562,667,-38.50835,1
159572,654,-40.33539,1
159582,632,-43.4273,1
159592,605,-47.22192,1
159602,589,-49.47058,1
159612,576,-51.29763,1
159622,577,-51.15708,1
159632,556,-54.10846,1
159642,544,-55.79495,1
159652,534,-57.20036,1
159662,531,-57.62199,1
159672,521,-59.0274,1
159682,513,-60.15174,1
159692,489,-63.52473,1
159702,490,-63.38419,1
159712,487,-63.80581,1
159722,477,-65.21123,1
159732,474,-65.63286,1
159742,462,-67.31935,1
159752,469,-66.33556,1
159762,463,-67.1788,1
159772,452,-68.72476,1
159782,443,-69.98963,1
159792,445,-69.70855,1
159802,447,-69.42747,1
159812,440,-70.41126,1
159822,433,-71.39505,1
159832,438,-70.69234,1
159842,432,-71.53559,1
159852,425,-72.51938,1
159862,429,-71.95721,1
159872,426,-72.37885,1
159882,421,-73.08154,1
159892,423,-72.80046,1
159902,417,-73.64371,1
159912,416,-73.78426,1
159922,422,-72.94101,1
159932,411,-74.48696,1
159942,410,-74.6275,1
159952,410,-74.6275,1
159962,413,-74.20588,1
159972,411,-74.48696,1
159982,404,-75.47075,0
159992,407,-75.04913,0
160002,407,-75.04913,0
160012,400,-76.03291,0
160022,400,-76.03291,0
160032,403,-75.61129,0
160042,403,-75.61129,0
160052,398,-76.314,0
160062,404,-75.47075,0
160072,402,-75.75183,0
160082,391,-77.29779,0
160092,397,-76.45454,0
160102,398,-76.314,0
160112,394,-76.87617,0
160122,408,-74.90858,0
160132,394,-76.87617,0
160142,392,-77.15725,0
160152,392,-77.15725,0
160162,390,-77.43833,0
160172,396,-76.59508,0
160182,402,-75.75183,0
160192,390,-77.43833,0
160202,390,-77.43833,0
160212,397,-76.45454,0
160222,386,-78.0005,0
160232,391,-77.29779,0
160242,382,-78.56266,0
160252,385,-78.14104,0
160262,388,-77.71941,0
160272,385,-78.14104,0
160282,386,-78.0005,0
160292,390,-77.43833,0
160302,389,-77.57887,0
160312,380,-78.84375,0
160322,388,-77.71941,0
160332,385,-78.14104,0
160342,385,-78.14104,0
160352,390,-77.43833,0
160362,394,-76.87617,0
160372,388,-77.71941,0
160382,391,-77.29779,0
160392,390,-77.43833,0
160402,386,-78.0005,0
160412,385,-78.14104,0
160422,389,-77.57887,0
160432,390,-77.43833,0
160442,384,-78.28158,0
160452,385,-78.14104,0
160462,398,-76.314,0
160472,393,-77.01671,0
160482,397,-76.45454,0
160492,395,-76.73563,0
160502,386,-78.0005,0
160512,384,-78.28158,0
160522,382,-78.56266,0
160532,399,-76.17346,0
160542,386,-78.0005,0
160552,396,-76.59508,0
160562,387,-77.85995,0
160572,393,-77.01671,0
160582,391,-77.29779,0
160592,386,-78.0005,0
160602,389,-77.57887,0
160612,389,-77.57887,0
160622,393,-77.01671,0
160632,391,-77.29779,0
160642,392,-77.15725,0
160652,380,-78.84375,0
160662,386,-78.0005,0
160672,391,-77.29779,0
160682,388,-77.71941,0
160692,383,-78.42213,0
160702,384,-78.28158,0
160712,386,-78.0005,0
160722,384,-78.28158,0
160732,402,-75.75183,0
160742,396,-76.59508,0
160752,397,-76.45454,0
160762,388,-77.71941,0
160772,392,-77.15725,0
160782,391,-77.29779,0
160792,392,-77.15725,0
160802,386,-78.0005,0
160812,392,-77.15725,0
160822,392,-77.15725,0
160832,391,-77.29779,0
160842,380,-78.84375,0
160852,385,-78.14104,0
160862,384,-78.28158,0
160872,389,-77.57887,0
160882,388,-77.71941,0
160892,389,-77.57887,0
160902,386,-78.0005,0
160912,387,-77.85995,0
160922,382,-78.56266,0
160932,395,-76.73563,0
160942,387,-77.85995,0
160952,390,-77.43833,0
160962,386,-78.0005,0
160972,392,-77.15725,0
160982,392,-77.15725,0
160992,389,-77.57887,0
161002,392,-77.15725,0
161012,392,-77.15725,0
161022,386,-78.0005,0
161032,449,-69.14639,0
161042,472,-65.91394,0
161052,475,-65.49231,0
161062,481,-64.64906,0
161072,481,-64.64906,0
161082,483,-64.36798,0
161092,487,-63.80581,0
161102,488,-63.66527,0
161112,489,-63.52473,0
161122,485,-64.0869,0
161132,488,-63.66527,0
161142,493,-62.96256,0
161152,497,-62.4004,0
161162,501,-61.83823,0
161172,504,-61.41661,0
161182,494,-62.82202,0
161192,504,-61.41661,0
161202,507,-60.99498,0
161212,512,-60.29227,0
161222,511,-60.43282,0
161232,510,-60.57336,0
161242,509,-60.71389,0
161252,509,-60.71389,0
161262,517,-59.58957,0
161272,503,-61.55715,0
161282,520,-59.16794,0
161292,518,-59.44902,0
161302,531,-57.62199,0
161312,523,-58.74632,0
161322,529,-57.90307,0
161332,533,-57.3409,0
161342,528,-58.04361,0
161352,533,-57.3409,0
161362,539,-56.49765,0
161372,535,-57.05983,0
161382,531,-57.62199,0
161392,535,-57.05983,0
161402,535,-57.05983,0
161412,539,-56.49765,0
161422,544,-55.79495,0
161432,545,-55.65441,0
161442,546,-55.51387,0
161452,545,-55.65441,0
161462,552,-54.67062,0
161472,552,-54.67062,0
161482,544,-55.79495,0
161492,550,-54.95169,0
161502,549,-55.09224,0
161512,560,-53.54628,0
161522,547,-55.37333,0
161532,568,-52.42195,0
161542,561,-53.40574,0
161552,561,-53.40574,0
161562,567,-52.5625,0
161572,566,-52.70304,0
161582,569,-52.28141,0
161592,568,-52.42195,0
161602,569,-52.28141,0
161612,566,-52.70304,0
161622,572,-51.85979,0
161632,570,-52.14087,0
161642,570,-52.14087,0
161652,580,-50.73545,0
161662,580,-50.73545,0
161672,579,-50.876,0
161682,580,-50.73545,0
161692,590,-49.33004,0
161702,584,-50.17329,0
161712,594,-48.76788,0
161722,592,-49.04896,0
161732,587,-49.75167,0
161742,592,-49.04896,0
161752,594,-48.76788,0
161762,592,-49.04896,0
161772,594,-48.76788,0
161782,605,-47.22192,0
161792,600,-47.92463,0
161802,600,-47.92463,0
161812,601,-47.78408,0
161822,603,-47.503,0
161832,600,-47.92463,0
161842,601,-47.78408,0
161852,608,-46.8003,0
161862,612,-46.23813,0
161872,607,-46.94084,0
161882,605,-47.22192,0
161892,612,-46.23813,0
161902,617,-45.53543,0
161912,624,-44.55164,0
161922,621,-44.97326,0
161932,614,-45.95705,0
161942,625,-44.41109,0
161952,618,-45.39488,0
161962,624,-44.55164,0
161972,622,-44.83271,0
161982,633,-43.28676,0
161992,632,-43.4273,0
162002,626,-44.27055,0
162012,628,-43.98947,0
162022,626,-44.27055,0
162032,635,-43.00568,0
162042,634,-43.14622,0
162052,637,-42.7246,0
162062,626,-44.27055,0
162072,638,-42.58406,0
162082,644,-41.74081,0
162092,641,-42.16243,0
162102,652,-40.61647,0
162112,646,-41.45972,0
162122,646,-41.45972,0
162132,646,-41.45972,0
162142,641,-42.16243,0
162152,658,-39.77323,0
162162,650,-40.89755,0
162172,652,-40.61647,0
162182,656,-40.05431,0
162192,655,-40.19485,0
162202,656,-40.05431,0
162212,658,-39.77323,0
162222,655,-40.19485,0
162232,666,-38.6489,0
162242,665,-38.78944,0
162252,663,-39.07051,0
162262,664,-38.92997,0
162272,670,-38.08673,0
162282,671,-37.94618,0
162292,668,-38.36781,0
162302,678,-36.96239,0
162312,668,-38.36781,0
162322,673,-37.6651,0
162332,673,-37.6651,0
162342,676,-37.24348,0
162352,681,-36.54077,0
162362,681,-36.54077,0
162372,686,-35.83807,0
162382,691,-35.13535,0
162392,684,-36.11915,0
162402,682,-36.40022,0
162412,688,-35.55698,0
162422,685,-35.97861,0
162432,700,-33.87048,0
162442,690,-35.2759,0
162452,694,-34.71374,0
162462,692,-34.99481,0
162472,701,-33.72994,0
162482,690,-35.2759,0
162492,696,-34.43266,0
162502,696,-34.43266,0
162512,697,-34.29211,0
162522,701,-33.72994,0
162532,703,-33.44886,0
162542,707,-32.8867,0
162552,704,-33.30831,0
162562,707,-32.8867,0
162572,718,-31.34074,0
162582,717,-31.48128,0
162592,719,-31.2002,0
162602,721,-30.91912,0
162612,712,-32.18399,0
162622,715,-31.76237,0
162632,711,-32.32453,0
162642,726,-30.21641,0
162652,722,-30.77856,0
162662,720,-31.05966,0
162672,724,-30.49749,0
162682,723,-30.63802,0
162692,724,-30.49749,0
162702,723,-30.63802,0
162712,729,-29.79478,0
162722,735,-28.95154,0
162732,726,-30.21641,0
162742,732,-29.37315,0
162752,729,-29.79478,0
162762,741,-28.10828,0
162772,734,-29.09207,0
162782,740,-28.24883,0
162792,736,-28.811,0
162802,738,-28.52991,0
162812,738,-28.52991,0
162822,749,-26.98395,0
162832,744,-27.68666,0
162842,742,-27.96774,0
162852,734,-29.09207,0
162862,742,-27.96774,0
162872,746,-27.40558,0
162882,750,-26.84341,0
162892,751,-26.70287,0
162902,752,-26.56233,0
162912,747,-27.26505,0
162922,757,-25.85963,0
162932,758,-25.71908,0
162942,764,-24.87582,0
162952,760,-25.438,0
162962,755,-26.1407,0
162972,749,-26.98395,0
162982,758,-25.71908,0
162992,753,-26.42179,0
163002,759,-25.57854,0
163012,762,-25.15692,0
163022,761,-25.29746,0
163032,772,-23.7515,0
163042,766,-24.59476,0
163052,777,-23.0488,0
163062,776,-23.18934,0
163072,765,-24.73529,0
163082,772,-23.7515,0
163092,770,-24.03259,0
163102,773,-23.61095,0
163112,772,-23.7515,0
163122,790,-21.22175,0
163132,772,-23.7515,0
163142,788,-21.50285,0
163152,787,-21.64338,0
163162,774,-23.47041,0
163172,795,-20.51904,0
163182,786,-21.78392,0
163192,780,-22.62717,0
163202,793,-20.80013,0
163212,787,-21.64338,0
163222,793,-20.80013,0
163232,798,-20.09743,0
163242,797,-20.23797,0
163252,792,-20.94067,0
163262,797,-20.23797,0
163272,797,-20.23797,0
163282,805,-19.11362,0
163292,797,-20.23797,0
163302,802,-19.53526,0
163312,797,-20.23797,0
163322,796,-20.37851,0
163332,803,-19.39472,0
163342,802,-19.53526,0
163352,807,-18.83256,0
163362,805,-19.11362,0
163372,803,-19.39472,0
163382,804,-19.25417,0
163392,807,-18.83256,0
163402,816,-17.56767,0
163412,804,-19.25417,0
163422,811,-18.27039,0
163432,809,-18.55147,0
163442,821,-16.86497,0
163452,812,-18.12984,0
163462,814,-17.84875,0
163472,816,-17.56767,0
163482,816,-17.56767,0
163492,811,-18.27039,0
163502,811,-18.27039,0
163512,811,-18.27039,0
163522,813,-17.9893,0
163532,820,-17.00552,0
163542,823,-16.58389,0
163552,832,-15.31902,0
163562,830,-15.60011,0
163572,827,-16.02172,0
163582,818,-17.2866,0
163592,826,-16.16226,0
163602,837,-14.61631,0
163612,825,-16.3028,0
163622,829,-15.74065,0
163632,828,-15.88118,0
163642,834,-15.03793,0
163652,828,-15.88118,0
163662,831,-15.45955,0
163672,835,-14.89739,0
163682,836,-14.75684,0
163692,834,-15.03793,0
163702,837,-14.61631,0
163712,836,-14.75684,0
163722,844,-13.63252,0
163732,836,-14.75684,0
163742,838,-14.47577,0
163752,836,-14.75684,0
163762,833,-15.17847,0
163772,835,-14.89739,0
163782,844,-13.63252,0
163792,850,-12.78927,0
163802,855,-12.08656,0
163812,849,-12.92981,0
163822,850,-12.78927,0
163832,845,-13.49197,0
163842,859,-11.5244,0
163852,850,-12.78927,0
163862,850,-12.78927,0
163872,853,-12.36765,0
163882,846,-13.35143,0
163892,854,-12.2271,0
163902,853,-12.36765,0
163912,862,-11.10278,0
163922,862,-11.10278,0
163932,860,-11.38386,0
163942,868,-10.25952,0
163952,866,-10.5406,0
163962,857,-11.80549,0
163972,858,-11.66493,0
163982,859,-11.5244,0
163992,862,-11.10278,0
164002,851,-12.64873,0
164012,868,-10.25952,0
164022,866,-10.5406,0
164032,873,-9.556808,0
164042,859,-11.5244,0
164052,864,-10.82169,0
164062,869,-10.11898,0
164072,867,-10.40006,0
164082,865,-10.68114,0
164092,875,-9.275734,0
164102,867,-10.40006,0
164112,867,-10.40006,0
164122,875,-9.275734,0
164132,870,-9.978447,0
164142,877,-8.994652,0
164152,878,-8.854111,0
164162,881,-8.43248,0
164172,881,-8.43248,0
164182,873,-9.556808,0
164192,876,-9.135193,0
164202,874,-9.416275,0
164212,876,-9.135193,0
164222,874,-9.416275,0
164232,882,-8.291939,0
164242,884,-8.010857,0
164252,889,-7.308159,0
164262,879,-8.71357,0
164272,888,-7.4487,0
164282,897,-6.183815,0
164292,879,-8.71357,0
164302,880,-8.573029,0
164312,881,-8.43248,0
164322,881,-8.43248,0
164332,878,-8.854111,0
164342,887,-7.589226,0
164352,887,-7.589226,0
164362,883,-8.151398,0
164372,881,-8.43248,0
164382,891,-7.027069,0
164392,882,-8.291939,0
164402,887,-7.589226,0
164412,885,-7.870323,0
164422,887,-7.589226,0
164432,891,-7.027069,0
164442,898,-6.043289,0
164452,888,-7.4487,0
164462,892,-6.886528,0
164472,892,-6.886528,0
164482,900,-5.762199,0
164492,902,-5.481117,0
164502,899,-5.902733,0
164512,886,-7.729767,0
164522,895,-6.464897,0
164532,893,-6.745987,0
164542,892,-6.886528,0
164552,897,-6.183815,0
164562,892,-6.886528,0
164572,896,-6.324356,0
164582,895,-6.464897,0
164592,903,-5.340576,0
164602,905,-5.059486,0
164612,899,-5.902733,0
164622,899,-5.902733,0
164632,900,-5.762199,0
164642,904,-5.200027,0
164652,904,-5.200027,0
164662,904,-5.200027,0
164672,907,-4.778404,0
164682,904,-5.200027,0
164692,908,-4.637863,0
164702,908,-4.637863,0
164712,907,-4.778404,0
164722,904,-5.200027,0
164732,902,-5.481117,0
164742,906,-4.918945,0
164752,903,-5.340576,0
164762,903,-5.340576,0
164772,901,-5.621658,0
164782,905,-5.059486,0
164792,905,-5.059486,0
164802,913,-3.93515,0
164812,908,-4.637863,0
164822,911,-4.216248,0
164832,912,-4.075706,0
164842,918,-3.23246,0
164852,915,-3.654068,0
164862,911,-4.216248,0
164872,918,-3.23246,0
164882,907,-4.778404,0
164892,915,-3.654068,0
164902,906,-4.918945,0
164912,912,-4.075706,0
164922,915,-3.654068,0
164932,913,-3.93515,0
164942,920,-2.951378,0
164952,917,-3.372986,0
164962,918,-3.23246,0
164972,916,-3.513542,0
164982,915,-3.654068,0
164992,913,-3.93515,0
165002,920,-2.951378,0
165012,914,-3.794617,0
165022,913,-3.93515,0
165032,923,-2.529747,0
165042,913,-3.93515,0
165052,927,-1.96756,0
165062,915,-3.654068,0
165072,932,-1.264877,0
165082,923,-2.529747,0
165092,921,-2.810829,0
165102,923,-2.529747,0
165112,920,-2.951378,0
165122,922,-2.670273,0
165132,921,-2.810829,0
165142,921,-2.810829,0
165152,915,-3.654068,0
165162,921,-2.810829,0
165172,923,-2.529747,0
165182,926,-2.108116,0
165192,929,-1.686508,0
165202,925,-2.248665,0
165212,923,-2.529747,0
165222,926,-2.108116,0
165232,922,-2.670273,0
165242,920,-2.951378,0
165252,931,-1.405403,0
165262,923,-2.529747,0
165272,934,-0.983795,0
165282,928,-1.827034,0
165292,924,-2.389198,0
165302,930,-1.545952,0
165312,920,-2.951378,0
165322,929,-1.686508,0
165332,925,-2.248665,0
165342,931,-1.405403,0
165352,924,-2.389198,0
165362,929,-1.686508,0
165372,936,-0.70269,0
165382,925,-2.248665,0
165392,941,0,0
165402,926,-2.108116,0
165412,926,-2.108116,0
165422,936,-0.70269,0
165432,929,-1.686508,0
165442,938,-0.421631,0
165452,933,-1.124321,0
165462,936,-0.70269,0
165472,931,-1.405403,0
165482,932,-1.264877,0
165492,940,-0.140533,0
165502,946,0.702705,0
165512,935,-0.843246,0
165522,927,-1.96756,0
165532,932,-1.264877,0
165542,935,-0.843246,0
165552,931,-1.405403,0
165562,932,-1.264877,0
165572,938,-0.421631,0
165582,930,-1.545952,0
165592,936,-0.70269,0
165602,935,-0.843246,0
165612,932,-1.264877,0
165622,937,-0.562164,0
165632,936,-0.70269,0
165642,931,-1.405403,0
165652,930,-1.545952,0
165662,937,-0.562164,0
165672,933,-1.124321,0
165682,935,-0.843246,0
165692,943,0.281075,0
165702,931,-1.405403,0
165712,943,0.281075,0
165722,937,-0.562164,0
165732,940,-0.140533,0
165742,937,-0.562164,0
165752,943,0.281075,0
165762,933,-1.124321,0
165772,936,-0.70269,0
165782,931,-1.405403,0
165792,938,-0.421631,0
165802,941,0,0
165812,946,0.702705,0
165822,939,-0.281082,0
165832,944,0.421631,0
165842,947,0.843262,0
165852,946,0.702705,0
165862,937,-0.562164,0
165872,942,0.140549,0
165882,934,-0.983795,0
165892,931,-1.405403,0
165902,940,-0.140533,0
165912,938,-0.421631,0
165922,938,-0.421631,0
165932,943,0.281075,0
165942,938,-0.421631,0
165952,943,0.281075,0
165962,941,0,0
165972,943,0.281075,0
165982,940,-0.140533,0
165992,932,-1.264877,0
166002,941,0,0
166012,937,-0.562164,0
166022,930,-1.545952,0
166032,939,-0.281082,0
166042,936,-0.70269,0
166052,943,0.281075,0
166062,939,-0.281082,0
166072,934,-0.983795,0
166082,941,0,0
166092,936,-0.70269,0
166102,940,-0.140533,0
166112,944,0.421631,0
166122,937,-0.562164,0
166132,939,-0.281082,0
166142,939,-0.281082,0
166152,939,-0.281082,0
166162,939,-0.281082,0
166172,935,-0.843246,0
166182,933,-1.124321,0
166192,943,0.281075,0
166202,942,0.140549,0
166212,938,-0.421631,0
166222,939,-0.281082,0
166232,940,-0.140533,0
166242,937,-0.562164,0
166252,943,0.281075,0
166262,935,-0.843246,0
166272,940,-0.140533,0
166282,947,0.843262,0
166292,942,0.140549,0
166302,941,0,0
166312,944,0.421631,0
166322,940,-0.140533,0
166332,935,-0.843246,0
166342,951,1.405418,0
166352,945,0.56218,0
166362,944,0.421631,0
166372,936,-0.70269,0
166382,934,-0.983795,0
166392,938,-0.421631,0
166402,940,-0.140533,0
166412,942,0.140549,0
166422,954,1.827049,0
166432,947,0.843262,0
166442,944,0.421631,0
166452,945,0.56218,0
166462,943,0.281075,0
166472,945,0.56218,0
166482,940,-0.140533,0
166492,935,-0.843246,0
166502,938,-0.421631,0
166512,943,0.281075,0
166522,951,1.405418,0
166532,937,-0.562164,0
166542,942,0.140549,0
166552,941,0,0
166562,940,-0.140533,0
166572,949,1.124344,0
166582,942,0.140549,0
166592,949,1.124344,0
166602,944,0.421631,0
166612,941,0,0
166622,942,0.140549,0
166632,938,-0.421631,0
166642,943,0.281075,0
166652,939,-0.281082,0
166662,941,0,0
166672,938,-0.421631,0
166682,945,0.56218,0
166692,946,0.702705,0
166702,947,0.843262,0
166712,940,-0.140533,0
166722,948,0.983788,0
166732,941,0,0
166742,936,-0.70269,0
166752,935,-0.843246,0
166762,945,0.56218,0
166772,950,1.26487,0
166782,942,0.140549,0
166792,938,-0.421631,0
166802,939,-0.281082,0
166812,937,-0.562164,0
166822,939,-0.281082,0
166832,946,0.702705,0
166842,954,1.827049,0
166852,943,0.281075,0
166862,943,0.281075,0
166872,941,0,0
166882,933,-1.124321,0
166892,939,-0.281082,0
166902,940,-0.140533,0
166912,946,0.702705,0
166922,941,0,0
166932,950,1.26487,0
166942,955,1.967583,0
166952,942,0.140549,0
166962,943,0.281075,0
166972,942,0.140549,0
166982,943,0.281075,0
166992,939,-0.281082,0
167002,945,0.56218,0
167012,950,1.26487,0
167022,953,1.686501,0
167032,946,0.702705,0
167042,949,1.124344,0
167052,944,0.421631,0
167062,942,0.140549,0
167072,945,0.56218,0
167082,947,0.843262,0
167092,954,1.827049,0
167102,936,-0.70269,0
167112,940,-0.140533,0
167122,943,0.281075,0
167132,943,0.281075,0
167142,944,0.421631,0
167152,942,0.140549,0
167162,951,1.405418,0
167172,946,0.702705,0
167182,945,0.56218,0
167192,948,0.983788,0
167202,947,0.843262,0
167212,939,-0.281082,0
167222,939,-0.281082,0
167232,943,0.281075,0
167242,935,-0.843246,0
167252,948,0.983788,0
167262,946,0.702705,0
167272,947,0.843262,0
167282,947,0.843262,0
167292,948,0.983788,0
167302,950,1.26487,0
167312,947,0.843262,0
167322,948,0.983788,0
167332,937,-0.562164,0
167342,946,0.702705,0
167352,940,-0.140533,0
167362,938,-0.421631,0
167372,945,0.56218,0
167382,945,0.56218,0
167392,941,0,0
167402,945,0.56218,0
167412,952,1.545952,0
167422,941,0,0
167432,948,0.983788,0
167442,947,0.843262,0
167452,940,-0.140533,0
167462,940,-0.140533,0
167472,942,0.140549,0
167482,945,0.56218,0
167492,952,1.545952,0
167502,947,0.843262,0
167512,944,0.421631,0
167522,944,0.421631,0
167532,941,0,0
167542,945,0.56218,0
167552,943,0.281075,0
167562,948,0.983788,0
167572,958,2.389214,0
167582,941,0,0
167592,950,1.26487,0
167602,952,1.545952,0
167612,946,0.702705,0
167622,949,1.124344,0
167632,949,1.124344,0
167642,949,1.124344,0
167652,948,0.983788,0
167662,938,-0.421631,0
167672,939,-0.281082,0
167682,942,0.140549,0
167692,935,-0.843246,0
167702,941,0,0
167712,941,0,0
167722,948,0.983788,0
167732,942,0.140549,0
167742,945,0.56218,0
167752,944,0.421631,0
167762,939,-0.281082,0
167772,955,1.967583,0
167782,944,0.421631,0
167792,945,0.56218,0
167802,945,0.56218,0
167812,946,0.702705,0
167822,942,0.140549,0
167832,940,-0.140533,0
167842,946,0.702705,0
167852,939,-0.281082,0
167862,948,0.983788,0
167872,941,0,0
167882,948,0.983788,0
167892,948,0.983788,0
167902,943,0.281075,0
167912,949,1.124344,0
167922,945,0.56218,0
167932,943,0.281075,0
167942,942,0.140549,0
167952,936,-0.70269,0
167962,945,0.56218,0
167972,943,0.281075,0
167982,942,0.140549,0
167992,940,-0.140533,0
168002,940,-0.140533,0
168012,938,-0.421631,0
168022,951,1.405418,0
168032,943,0.281075,0
168042,938,-0.421631,0
168052,939,-0.281082,0
168062,936,-0.70269,0
168072,939,-0.281082,0
168082,939,-0.281082,0
168092,943,0.281075,0
168102,942,0.140549,0
168112,944,0.421631,0
168122,942,0.140549,0
168132,951,1.405418,0
168142,942,0.140549,0
168152,944,0.421631,0
168162,951,1.405418,0
168172,943,0.281075,0
168182,948,0.983788,0
168192,943,0.281075,0
168202,943,0.281075,0
168212,940,-0.140533,0
168222,940,-0.140533,0
168232,943,0.281075,0
168242,945,0.56218,0
168252,941,0,0
168262,950,1.26487,0
168272,947,0.843262,0
168282,948,0.983788,0
168292,952,1.545952,0
168302,940,-0.140533,0
168312,940,-0.140533,0
168322,940,-0.140533,0
168332,940,-0.140533,0
168342,941,0,0
168352,939,-0.281082,0
168362,944,0.421631,0
168372,948,0.983788,0
168382,944,0.421631,0
168392,942,0.140549,0
168402,951,1.405418,0
168412,955,1.967583,0
168422,937,-0.562164,0
168432,936,-0.70269,0
168442,947,0.843262,0
168452,945,0.56218,0
168462,941,0,0
168472,930,-1.545952,0
168482,944,0.421631,0
168492,943,0.281075,0
168502,955,1.967583,0
168512,944,0.421631,0
168522,945,0.56218,0
168532,943,0.281075,0
168542,954,1.827049,0
168552,936,-0.70269,0
168562,936,-0.70269,0
168572,936,-0.70269,0
168582,935,-0.843246,0
168592,946,0.702705,0
168602,941,0,0
168612,946,0.702705,0
168622,942,0.140549,0
168632,943,0.281075,0
168642,946,0.702705,0
168652,940,-0.140533,0
168662,942,0.140549,0
168672,945,0.56218,0
168682,940,-0.140533,0
168692,938,-0.421631,0
168702,943,0.281075,0
168712,940,-0.140533,0
168722,949,1.124344,0
168732,939,-0.281082,0
168742,951,1.405418,0
168752,950,1.26487,0
168762,949,1.124344,0
168772,944,0.421631,0
168782,943,0.281075,0
168792,941,0,0
168802,946,0.702705,0
168812,951,1.405418,0
168822,948,0.983788,0
168832,937,-0.562164,0
168842,953,1.686501,0
168852,946,0.702705,0
168862,937,-0.562164,0
168872,949,1.124344,0
168882,949,1.124344,0
168892,943,0.281075,0
168902,940,-0.140533,0
168912,942,0.140549,0
168922,937,-0.562164,0
168932,937,-0.562164,0
168942,952,1.545952,0
168952,951,1.405418,0
168962,946,0.702705,0
168972,954,1.827049,0
168982,945,0.56218,0
168992,951,1.405418,0
169002,945,0.56218,0
169012,941,0,0
169022,936,-0.70269,0
169032,942,0.140549,0
169042,938,-0.421631,0
169052,938,-0.421631,0
169062,944,0.421631,0
169072,941,0,0
169082,943,0.281075,0
169092,947,0.843262,0
169102,948,0.983788,0
169112,948,0.983788,0
169122,951,1.405418,0
169132,940,-0.140533,0
169142,948,0.983788,0
169152,939,-0.281082,0
169162,950,1.26487,0
169172,944,0.421631,0
169182,938,-0.421631,0
169192,935,-0.843246,0
169202,942,0.140549,0
169212,950,1.26487,0
169222,942,0.140549,0
169232,940,-0.140533,0
169242,934,-0.983795,0
169252,941,0,0
169262,937,-0.562164,0
169272,943,0.281075,0
169282,943,0.281075,0
169292,943,0.281075,0
169302,941,0,0
169312,945,0.56218,0
169322,942,0.140549,0
169332,947,0.843262,0
169342,937,-0.562164,0
169352,945,0.56218,0
169362,939,-0.281082,0
169372,935,-0.843246,0
169382,944,0.421631,0
169392,940,-0.140533,0
169402,941,0,0
169412,938,-0.421631,0
169422,942,0.140549,0
169432,943,0.281075,0
169442,931,-1.405403,0
169452,942,0.140549,0
169462,935,-0.843246,0
169472,944,0.421631,0
169482,938,-0.421631,0
169492,933,-1.124321,0
169502,944,0.421631,0
169512,945,0.56218,0
169522,942,0.140549,0
169532,941,0,0
169542,943,0.281075,0
169552,937,-0.562164,0
169562,942,0.140549,0
169572,939,-0.281082,0
169582,945,0.56218,0
