t_ms,adc,p_kpa,pump
977795,887,-1.26487,0
977805,891,-0.702713,0
977815,887,-1.26487,0
977825,893,-0.421631,0
977835,892,-0.562172,0
977845,887,-1.26487,0
977855,890,-0.843254,0
977865,896,0,0
977875,890,-0.843254,0
977885,885,-1.545967,0
977895,893,-0.421631,0
977905,891,-0.702713,0
977915,890,-0.843254,0
977925,894,-0.28109,0
977935,892,-0.562172,0
977945,893,-0.421631,0
977955,898,0.281067,0
977965,895,-0.140541,0
977975,890,-0.843254,0
977985,890,-0.843254,0
977995,887,-1.26487,0
978005,895,-0.140541,0
978015,882,-1.967583,0
978025,891,-0.702713,0
978035,895,-0.140541,0
978045,887,-1.26487,0
978055,892,-0.562172,0
978065,886,-1.405411,0
978075,903,0.98378,0
978085,895,-0.140541,0
978095,888,-1.124344,0
978105,893,-0.421631,0
978115,896,0,0
978125,902,0.843239,0
978135,897,0.140541,0
978145,894,-0.28109,0
978155,895,-0.140541,0
978165,908,1.686493,0
978175,896,0,0
978185,897,0.140541,0
978195,885,-1.545967,0
978205,902,0.843239,0
978215,901,0.702698,0
978225,895,-0.140541,0
978235,902,0.843239,0
978245,887,-1.26487,0
978255,905,1.26487,0
978265,886,-1.405411,0
978275,896,0,0
978285,890,-0.843254,0
978295,889,-0.983803,0
978305,895,-0.140541,0
978315,893,-0.421631,0
978325,898,0.281067,0
978335,890,-0.843254,0
978345,886,-1.405411,0
978355,887,-1.26487,0
978365,887,-1.26487,0
978375,902,0.843239,0
978385,891,-0.702713,0
978395,891,-0.702713,0
978405,883,-1.827042,0
978415,895,-0.140541,0
978425,887,-1.26487,0
978435,888,-1.124344,0
978445,890,-0.843254,0
978455,893,-0.421631,0
978465,896,0,0
978475,899,0.421623,0
978485,899,0.421623,0
978495,887,-1.26487,0
978505,898,0.281067,0
978515,884,-1.686501,0
978525,894,-0.28109,0
978535,892,-0.562172,0
978545,891,-0.702713,0
978555,895,-0.140541,0
978565,895,-0.140541,0
978575,896,0,0
978585,893,-0.421631,0
978595,892,-0.562172,0
978605,892,-0.562172,0
978615,894,-0.28109,0
978625,898,0.281067,0
978635,893,-0.421631,0
978645,886,-1.405411,0
978655,893,-0.421631,0
978665,895,-0.140541,0
978675,884,-1.686501,0
978685,892,-0.562172,0
978695,885,-1.545967,0
978705,887,-1.26487,0
978715,889,-0.983803,0
978725,896,0,0
978735,891,-0.702713,0
978745,892,-0.562172,0
978755,896,0,0
978765,890,-0.843254,0
978775,901,0.702698,0
978785,894,-0.28109,0
978795,885,-1.545967,0
978805,897,0.140541,0
978815,888,-1.124344,0
978825,899,0.421623,0
978835,888,-1.124344,0
978845,887,-1.26487,0
978855,887,-1.26487,0
978865,899,0.421623,0
978875,898,0.281067,0
978885,891,-0.702713,0
978895,889,-0.983803,0
978905,901,0.702698,0
978915,899,0.421623,0
978925,893,-0.421631,0
978935,905,1.26487,0
978945,887,-1.26487,0
978955,899,0.421623,0
978965,892,-0.562172,0
978975,901,0.702698,0
978985,903,0.98378,0
978995,894,-0.28109,0
979005,895,-0.140541,0
979015,881,-2.108124,0
979025,887,-1.26487,0
979035,887,-1.26487,0
979045,890,-0.843254,0
979055,889,-0.983803,0
979065,887,-1.26487,0
979075,892,-0.562172,0
979085,900,0.562157,0
979095,890,-0.843254,0
979105,892,-0.562172,0
979115,896,0,0
979125,898,0.281067,0
979135,885,-1.545967,0
979145,895,-0.140541,0
979155,900,0.562157,0
979165,902,0.843239,0
979175,894,-0.28109,0
979185,900,0.562157,0
979195,891,-0.702713,0
979205,897,0.140541,0
979215,890,-0.843254,0
979225,892,-0.562172,0
979235,894,-0.28109,0
979245,887,-1.26487,0
979255,893,-0.421631,0
979265,897,0.140541,0
979275,894,-0.28109,0
979285,894,-0.28109,0
979295,890,-0.843254,0
979305,895,-0.140541,0
979315,886,-1.405411,0
979325,901,0.702698,0
979335,892,-0.562172,0
979345,896,0,0
979355,897,0.140541,0
979365,892,-0.562172,0
979375,889,-0.983803,0
979385,892,-0.562172,0
979395,887,-1.26487,0
979405,902,0.843239,0
979415,896,0,0
979425,895,-0.140541,0
979435,896,0,0
979445,887,-1.26487,0
979455,898,0.281067,0
979465,889,-0.983803,0
979475,897,0.140541,0
979485,898,0.281067,0
979495,885,-1.545967,0
979505,900,0.562157,0
979515,887,-1.26487,0
979525,901,0.702698,0
979535,893,-0.421631,1
979545,881,-2.108124,1
979555,892,-0.562172,1
979565,886,-1.405411,1
979575,895,-0.140541,1
979585,904,1.124329,1
979595,842,-7.589241,1
979605,833,-8.854118,1
979615,820,-10.68116,1
979625,820,-10.68116,1
979635,828,-9.556824,1
979645,816,-11.24332,1
979655,816,-11.24332,1
979665,806,-12.64874,1
979675,822,-10.40007,1
979685,819,-10.8217,1
979695,809,-12.22711,1
979705,819,-10.8217,1
979715,803,-13.07037,1
979725,814,-11.5244,1
979735,816,-11.24332,1
979745,808,-12.36765,1
979755,816,-11.24332,1
979765,803,-13.07037,1
979775,822,-10.40007,1
979785,814,-11.5244,1
979795,810,-12.08657,1
979805,815,-11.38386,1
979815,801,-13.35144,1
979825,813,-11.66494,1
979835,821,-10.54062,1
979845,810,-12.08657,1
979855,809,-12.22711,1
979865,814,-11.5244,1
979875,811,-11.94603,1
979885,820,-10.68116,1
979895,815,-11.38386,1
979905,812,-11.80549,1
979915,804,-12.92981,1
979925,808,-12.36765,1
979935,814,-11.5244,1
979945,811,-11.94603,1
979955,818,-10.96224,1
979965,806,-12.64874,1
979975,809,-12.22711,1
979985,811,-11.94603,1
979995,808,-12.36765,1
980005,809,-12.22711,1
980015,803,-13.07037,1
980025,805,-12.78927,1
980035,817,-11.10278,1
980045,805,-12.78927,1
980055,811,-11.94603,1
980065,801,-13.35144,1
980075,815,-11.38386,1
980085,821,-10.54062,1
980095,812,-11.80549,1
980105,810,-12.08657,1
980115,803,-13.07037,1
980125,813,-11.66494,1
980135,825,-9.978447,1
980145,808,-12.36765,1
980155,759,-19.25418,1
980165,727,-23.75151,1
980175,698,-27.82722,1
980185,682,-30.07587,1
980195,659,-33.30833,1
980205,640,-35.97861,1
980215,611,-40.05432,1
980225,595,-42.30298,1
980235,576,-44.97327,1
980245,565,-46.51923,1
980255,554,-48.06518,1
980265,532,-51.15709,1
980275,529,-51.57872,1
980285,511,-54.10846,1
980295,506,-54.81117,1
980305,495,-56.35712,1
980315,487,-57.48146,1
980325,473,-59.44903,1
980335,464,-60.71391,0
980345,453,-62.25986,0
980355,445,-63.38419,0
980365,439,-64.22745,0
980375,431,-65.35178,0
980385,494,-56.49766,0
980395,503,-55.23279,0
980405,512,-53.96792,0
980415,506,-54.81117,0
980425,507,-54.67062,0
980435,509,-54.38954,0
980445,500,-55.65442,0
980455,514,-53.68683,0
980465,496,-56.21658,0
980475,506,-54.81117,0
980485,501,-55.51388,0
980495,502,-55.37333,0
980505,502,-55.37333,0
980515,506,-54.81117,0
980525,504,-55.09225,0
980535,505,-54.95171,0
980545,511,-54.10846,0
980555,504,-55.09225,0
980565,501,-55.51388,0
980575,505,-54.95171,0
980585,507,-54.67062,0
980595,506,-54.81117,0
980605,508,-54.53009,0
980615,507,-54.67062,0
980625,507,-54.67062,0
980635,513,-53.82738,0
980645,513,-53.82738,0
980655,503,-55.23279,0
980665,504,-55.09225,0
980675,506,-54.81117,0
980685,512,-53.96792,0
980695,509,-54.38954,0
980705,508,-54.53009,0
980715,507,-54.67062,0
980725,519,-52.98413,0
980735,507,-54.67062,0
980745,513,-53.82738,0
980755,508,-54.53009,0
980765,511,-54.10846,0
980775,510,-54.249,0
980785,503,-55.23279,0
980795,510,-54.249,0
980805,512,-53.96792,0
980815,512,-53.96792,0
980825,513,-53.82738,0
980835,510,-54.249,0
980845,505,-54.95171,0
980855,501,-55.51388,0
980865,502,-55.37333,0
980875,518,-53.12467,0
980885,505,-54.95171,0
980895,511,-54.10846,0
980905,516,-53.40575,0
980915,517,-53.26521,0
980925,507,-54.67062,0
980935,510,-54.249,0
980945,521,-52.70305,0
980955,511,-54.10846,0
980965,504,-55.09225,0
980975,512,-53.96792,0
980985,509,-54.38954,0
980995,505,-54.95171,0
981005,506,-54.81117,0
981015,509,-54.38954,0
981025,511,-54.10846,0
981035,504,-55.09225,0
981045,501,-55.51388,0
981055,509,-54.38954,0
981065,506,-54.81117,0
981075,515,-53.5463,0
981085,504,-55.09225,0
981095,506,-54.81117,0
981105,510,-54.249,0
981115,517,-53.26521,0
981125,509,-54.38954,0
981135,508,-54.53009,0
981145,509,-54.38954,0
981155,510,-54.249,0
981165,505,-54.95171,0
981175,505,-54.95171,0
981185,509,-54.38954,0
981195,508,-54.53009,0
981205,501,-55.51388,0
981215,505,-54.95171,0
981225,504,-55.09225,0
981235,507,-54.67062,0
981245,511,-54.10846,0
981255,516,-53.40575,0
981265,506,-54.81117,0
981275,517,-53.26521,0
981285,506,-54.81117,0
981295,509,-54.38954,0
981305,509,-54.38954,0
981315,504,-55.09225,0
981325,517,-53.26521,0
981335,516,-53.40575,0
981345,508,-54.53009,0
981355,507,-54.67062,0
981365,511,-54.10846,0
981375,507,-54.67062,0
981385,515,-53.5463,0
981395,508,-54.53009,0
981405,505,-54.95171,0
981415,504,-55.09225,0
981425,513,-53.82738,0
981435,518,-53.12467,0
981445,509,-54.38954,0
981455,504,-55.09225,0
981465,509,-54.38954,0
981475,509,-54.38954,0
981485,514,-53.68683,0
981495,513,-53.82738,0
981505,519,-52.98413,0
981515,510,-54.249,0
981525,511,-54.10846,0
981535,508,-54.53009,0
981545,511,-54.10846,0
981555,508,-54.53009,0
981565,503,-55.23279,0
981575,499,-55.79496,0
981585,506,-54.81117,0
981595,514,-53.68683,0
981605,511,-54.10846,0
981615,506,-54.81117,0
981625,511,-54.10846,0
981635,508,-54.53009,0
981645,503,-55.23279,0
981655,512,-53.96792,0
981665,505,-54.95171,0
981675,508,-54.53009,0
981685,509,-54.38954,0
981695,516,-53.40575,0
981705,522,-52.56251,0
981715,501,-55.51388,0
981725,517,-53.26521,0
981735,506,-54.81117,0
981745,513,-53.82738,0
981755,520,-52.84359,0
981765,507,-54.67062,0
981775,510,-54.249,0
981785,508,-54.53009,0
981795,520,-52.84359,0
981805,508,-54.53009,0
981815,512,-53.96792,0
981825,513,-53.82738,0
981835,512,-53.96792,0
981845,516,-53.40575,0
981855,512,-53.96792,0
981865,520,-52.84359,0
981875,513,-53.82738,0
981885,508,-54.53009,0
981895,515,-53.5463,0
981905,515,-53.5463,0
981915,517,-53.26521,0
981925,511,-54.10846,0
981935,520,-52.84359,0
981945,509,-54.38954,0
981955,519,-52.98413,0
981965,506,-54.81117,0
981975,513,-53.82738,0
981985,508,-54.53009,0
981995,511,-54.10846,0
982005,510,-54.249,0
982015,511,-54.10846,0
982025,516,-53.40575,0
982035,516,-53.40575,0
982045,510,-54.249,0
982055,509,-54.38954,0
982065,509,-54.38954,0
982075,509,-54.38954,0
982085,508,-54.53009,0
982095,515,-53.5463,0
982105,514,-53.68683,0
982115,521,-52.70305,0
982125,514,-53.68683,0
982135,508,-54.53009,0
982145,510,-54.249,0
982155,519,-52.98413,0
982165,517,-53.26521,0
982175,516,-53.40575,0
982185,510,-54.249,0
982195,523,-52.42196,0
982205,508,-54.53009,0
982215,512,-53.96792,0
982225,515,-53.5463,0
982235,513,-53.82738,0
982245,505,-54.95171,0
982255,514,-53.68683,0
982265,504,-55.09225,0
982275,519,-52.98413,0
982285,505,-54.95171,0
982295,508,-54.53009,0
982305,507,-54.67062,0
982315,508,-54.53009,0
982325,516,-53.40575,0
982335,507,-54.67062,0
982345,509,-54.38954,0
982355,516,-53.40575,0
982365,512,-53.96792,0
982375,510,-54.249,0
982385,509,-54.38954,0
982395,512,-53.96792,0
982405,503,-55.23279,0
982415,504,-55.09225,0
982425,507,-54.67062,0
982435,510,-54.249,0
982445,512,-53.96792,0
982455,513,-53.82738,0
982465,509,-54.38954,0
982475,512,-53.96792,0
982485,510,-54.249,0
982495,516,-53.40575,0
982505,512,-53.96792,0
982515,507,-54.67062,0
982525,512,-53.96792,0
982535,504,-55.09225,0
982545,514,-53.68683,0
982555,511,-54.10846,0
982565,510,-54.249,0
982575,507,-54.67062,0
982585,509,-54.38954,0
982595,513,-53.82738,0
982605,519,-52.98413,0
982615,508,-54.53009,0
982625,513,-53.82738,0
982635,511,-54.10846,0
982645,512,-53.96792,0
982655,516,-53.40575,0
982665,512,-53.96792,0
982675,517,-53.26521,0
982685,515,-53.5463,0
982695,513,-53.82738,0
982705,525,-52.14088,0
982715,513,-53.82738,0
982725,510,-54.249,0
982735,501,-55.51388,0
982745,508,-54.53009,0
982755,523,-52.42196,0
982765,514,-53.68683,0
982775,527,-51.85979,0
982785,507,-54.67062,0
982795,515,-53.5463,0
982805,516,-53.40575,0
982815,502,-55.37333,0
982825,521,-52.70305,0
982835,515,-53.5463,0
982845,515,-53.5463,0
982855,504,-55.09225,0
982865,513,-53.82738,0
982875,520,-52.84359,0
982885,516,-53.40575,0
982895,507,-54.67062,0
982905,514,-53.68683,0
982915,509,-54.38954,0
982925,507,-54.67062,0
982935,513,-53.82738,0
982945,509,-54.38954,0
982955,514,-53.68683,0
982965,510,-54.249,0
982975,515,-53.5463,0
982985,511,-54.10846,0
982995,508,-54.53009,0
983005,522,-52.56251,0
983015,512,-53.96792,0
983025,518,-53.12467,0
983035,513,-53.82738,0
983045,515,-53.5463,0
983055,517,-53.26521,0
983065,511,-54.10846,0
983075,508,-54.53009,0
983085,510,-54.249,0
983095,518,-53.12467,0
983105,512,-53.96792,0
983115,512,-53.96792,0
983125,516,-53.40575,0
983135,505,-54.95171,0
983145,517,-53.26521,0
983155,518,-53.12467,0
983165,511,-54.10846,0
983175,514,-53.68683,0
983185,513,-53.82738,0
983195,512,-53.96792,0
983205,501,-55.51388,0
983215,502,-55.37333,0
983225,515,-53.5463,0
983235,507,-54.67062,0
983245,518,-53.12467,0
983255,508,-54.53009,0
983265,509,-54.38954,0
983275,524,-52.28142,0
983285,513,-53.82738,0
983295,513,-53.82738,0
983305,510,-54.249,0
983315,513,-53.82738,0
983325,511,-54.10846,0
983335,519,-52.98413,0
983345,514,-53.68683,0
983355,519,-52.98413,0
983365,513,-53.82738,0
983375,505,-54.95171,0
983385,522,-52.56251,0
983395,513,-53.82738,0
983405,522,-52.56251,0
983415,514,-53.68683,0
983425,510,-54.249,0
983435,505,-54.95171,0
983445,517,-53.26521,0
983455,505,-54.95171,0
983465,513,-53.82738,0
983475,515,-53.5463,0
983485,510,-54.249,0
983495,515,-53.5463,0
983505,521,-52.70305,0
983515,512,-53.96792,0
983525,520,-52.84359,0
983535,512,-53.96792,0
983545,515,-53.5463,0
983555,509,-54.38954,0
983565,513,-53.82738,0
983575,508,-54.53009,0
983585,508,-54.53009,0
983595,517,-53.26521,0
983605,506,-54.81117,0
983615,514,-53.68683,0
983625,516,-53.40575,0
983635,519,-52.98413,0
983645,512,-53.96792,0
983655,517,-53.26521,0
983665,521,-52.70305,0
983675,519,-52.98413,0
983685,506,-54.81117,0
983695,512,-53.96792,0
983705,526,-52.00034,0
983715,515,-53.5463,0
983725,520,-52.84359,0
983735,512,-53.96792,0
983745,518,-53.12467,0
983755,519,-52.98413,0
983765,516,-53.40575,0
983775,518,-53.12467,0
983785,517,-53.26521,0
983795,516,-53.40575,0
983805,514,-53.68683,0
983815,513,-53.82738,0
983825,511,-54.10846,0
983835,516,-53.40575,0
983845,523,-52.42196,0
983855,519,-52.98413,0
983865,510,-54.249,0
983875,518,-53.12467,0
983885,512,-53.96792,0
983895,519,-52.98413,0
983905,520,-52.84359,0
983915,513,-53.82738,0
983925,515,-53.5463,0
983935,510,-54.249,0
983945,521,-52.70305,0
983955,513,-53.82738,0
983965,511,-54.10846,0
983975,515,-53.5463,0
983985,509,-54.38954,0
983995,516,-53.40575,0
984005,507,-54.67062,0
984015,515,-53.5463,0
984025,520,-52.84359,0
984035,511,-54.10846,0
984045,510,-54.249,0
984055,518,-53.12467,0
984065,519,-52.98413,0
984075,522,-52.56251,0
984085,517,-53.26521,0
984095,511,-54.10846,0
984105,518,-53.12467,0
984115,515,-53.5463,0
984125,519,-52.98413,0
984135,517,-53.26521,0
984145,512,-53.96792,0
984155,510,-54.249,0
984165,520,-52.84359,0
984175,510,-54.249,0
984185,517,-53.26521,0
984195,508,-54.53009,0
984205,521,-52.70305,0
984215,514,-53.68683,0
984225,518,-53.12467,0
984235,510,-54.249,0
984245,520,-52.84359,0
984255,523,-52.42196,0
984265,508,-54.53009,0
984275,517,-53.26521,0
984285,518,-53.12467,0
984295,523,-52.42196,0
984305,519,-52.98413,0
984315,517,-53.26521,0
984325,521,-52.70305,0
984335,512,-53.96792,0
984345,519,-52.98413,0
984355,514,-53.68683,0
984365,520,-52.84359,0
984375,518,-53.12467,0
984385,523,-52.42196,0
984395,519,-52.98413,0
984405,522,-52.56251,0
984415,516,-53.40575,0
984425,516,-53.40575,0
984435,509,-54.38954,0
984445,517,-53.26521,0
984455,516,-53.40575,0
984465,516,-53.40575,0
984475,524,-52.28142,0
984485,519,-52.98413,0
984495,513,-53.82738,0
984505,521,-52.70305,0
984515,515,-53.5463,0
984525,507,-54.67062,0
984535,518,-53.12467,0
984545,522,-52.56251,0
984555,506,-54.81117,0
984565,523,-52.42196,0
984575,503,-55.23279,0
984585,516,-53.40575,0
984595,520,-52.84359,0
984605,521,-52.70305,0
984615,522,-52.56251,0
984625,516,-53.40575,0
984635,517,-53.26521,0
984645,519,-52.98413,0
984655,514,-53.68683,0
984665,519,-52.98413,0
984675,515,-53.5463,0
984685,514,-53.68683,0
984695,516,-53.40575,0
984705,523,-52.42196,0
984715,516,-53.40575,0
984725,514,-53.68683,0
984735,521,-52.70305,0
984745,520,-52.84359,0
984755,514,-53.68683,0
984765,514,-53.68683,0
984775,519,-52.98413,0
984785,522,-52.56251,0
984795,518,-53.12467,0
984805,516,-53.40575,0
984815,521,-52.70305,0
984825,526,-52.00034,0
984835,514,-53.68683,0
984845,515,-53.5463,0
984855,519,-52.98413,0
984865,523,-52.42196,0
984875,518,-53.12467,0
984885,520,-52.84359,0
984895,512,-53.96792,0
984905,524,-52.28142,0
984915,522,-52.56251,0
984925,514,-53.68683,0
984935,519,-52.98413,0
984945,518,-53.12467,0
984955,514,-53.68683,0
984965,517,-53.26521,0
984975,518,-53.12467,0
984985,507,-54.67062,0
984995,520,-52.84359,0
985005,521,-52.70305,0
985015,516,-53.40575,0
985025,524,-52.28142,0
985035,519,-52.98413,0
985045,519,-52.98413,0
985055,520,-52.84359,0
985065,521,-52.70305,0
985075,517,-53.26521,0
985085,512,-53.96792,0
985095,516,-53.40575,0
985105,518,-53.12467,0
985115,514,-53.68683,0
985125,514,-53.68683,0
985135,524,-52.28142,0
985145,516,-53.40575,0
985155,517,-53.26521,0
985165,519,-52.98413,0
985175,519,-52.98413,0
985185,517,-53.26521,0
985195,518,-53.12467,0
985205,517,-53.26521,0
985215,517,-53.26521,0
985225,510,-54.249,0
985235,522,-52.56251,0
985245,522,-52.56251,0
985255,526,-52.00034,0
985265,511,-54.10846,0
985275,520,-52.84359,0
985285,520,-52.84359,0
985295,525,-52.14088,0
985305,522,-52.56251,0
985315,514,-53.68683,0
985325,518,-53.12467,0
985335,511,-54.10846,0
985345,519,-52.98413,0
985355,519,-52.98413,0
985365,526,-52.00034,0
985375,525,-52.14088,0
985385,519,-52.98413,0
985395,518,-53.12467,0
985405,517,-53.26521,0
985415,518,-53.12467,0
985425,516,-53.40575,0
985435,515,-53.5463,0
985445,515,-53.5463,0
985455,527,-51.85979,0
985465,524,-52.28142,0
985475,518,-53.12467,0
985485,520,-52.84359,0
985495,525,-52.14088,0
985505,518,-53.12467,0
985515,517,-53.26521,0
985525,521,-52.70305,0
985535,510,-54.249,0
985545,516,-53.40575,0
985555,518,-53.12467,0
985565,517,-53.26521,0
985575,509,-54.38954,0
985585,511,-54.10846,0
985595,528,-51.71926,0
985605,507,-54.67062,0
985615,528,-51.71926,0
985625,519,-52.98413,0
985635,520,-52.84359,0
985645,518,-53.12467,0
985655,510,-54.249,0
985665,518,-53.12467,0
985675,520,-52.84359,0
985685,518,-53.12467,0
985695,523,-52.42196,0
985705,522,-52.56251,0
985715,528,-51.71926,0
985725,520,-52.84359,0
985735,518,-53.12467,0
985745,518,-53.12467,0
985755,509,-54.38954,0
985765,523,-52.42196,0
985775,517,-53.26521,0
985785,511,-54.10846,0
985795,513,-53.82738,0
985805,520,-52.84359,0
985815,512,-53.96792,0
985825,518,-53.12467,0
985835,514,-53.68683,0
985845,517,-53.26521,0
985855,521,-52.70305,0
985865,520,-52.84359,0
985875,516,-53.40575,0
985885,521,-52.70305,0
985895,523,-52.42196,0
985905,524,-52.28142,0
985915,506,-54.81117,0
985925,525,-52.14088,0
985935,516,-53.40575,0
985945,520,-52.84359,0
985955,518,-53.12467,0
985965,519,-52.98413,0
985975,520,-52.84359,0
985985,517,-53.26521,0
985995,519,-52.98413,0
986005,525,-52.14088,0
986015,521,-52.70305,0
986025,514,-53.68683,0
986035,516,-53.40575,0
986045,509,-54.38954,0
986055,524,-52.28142,0
986065,519,-52.98413,0
986075,519,-52.98413,0
986085,520,-52.84359,0
986095,517,-53.26521,0
986105,509,-54.38954,0
986115,513,-53.82738,0
986125,520,-52.84359,0
986135,508,-54.53009,0
986145,520,-52.84359,0
986155,522,-52.56251,0
986165,519,-52.98413,0
986175,521,-52.70305,0
986185,528,-51.71926,0
986195,520,-52.84359,0
986205,528,-51.71926,0
986215,513,-53.82738,0
986225,516,-53.40575,0
986235,521,-52.70305,0
986245,520,-52.84359,0
986255,524,-52.28142,0
986265,520,-52.84359,0
986275,529,-51.57872,0
986285,522,-52.56251,0
986295,521,-52.70305,0
986305,524,-52.28142,0
986315,514,-53.68683,0
986325,514,-53.68683,0
986335,518,-53.12467,0
986345,518,-53.12467,0
986355,522,-52.56251,0
986365,520,-52.84359,0
986375,516,-53.40575,0
986385,523,-52.42196,0
986395,520,-52.84359,0
986405,525,-52.14088,0
986415,521,-52.70305,0
986425,522,-52.56251,0
986435,520,-52.84359,0
986445,522,-52.56251,0
986455,525,-52.14088,0
986465,525,-52.14088,0
986475,521,-52.70305,0
986485,522,-52.56251,0
986495,525,-52.14088,0
986505,525,-52.14088,0
986515,516,-53.40575,0
986525,512,-53.96792,0
986535,520,-52.84359,0
986545,524,-52.28142,0
986555,520,-52.84359,0
986565,512,-53.96792,0
986575,521,-52.70305,0
986585,512,-53.96792,0
986595,510,-54.249,0
986605,520,-52.84359,1
986615,508,-54.53009,1
986625,512,-53.96792,1
986635,520,-52.84359,1
986645,515,-53.5463,1
986655,500,-55.65442,1
986665,485,-57.76254,1
986675,477,-58.88687,1
986685,463,-60.85445,1
986695,468,-60.15174,1
986705,455,-61.97878,1
986715,447,-63.10312,1
986725,433,-65.07069,1
986735,428,-65.7734,1
986745,423,-66.4761,1
986755,419,-67.03828,1
986765,413,-67.88152,1
986775,422,-66.61665,1
986785,404,-69.14639,1
986795,402,-69.42747,1
986805,390,-71.11398,1
986815,391,-70.97343,1
986825,390,-71.11398,1
986835,394,-70.55181,1
986845,385,-71.81668,1
986855,382,-72.2383,1
986865,381,-72.37885,1
986875,383,-72.09777,1
986885,371,-73.78426,1
986895,374,-73.36264,1
986905,373,-73.50318,1
986915,364,-74.76805,1
986925,366,-74.48697,1
986935,362,-75.04913,1
986945,371,-73.78426,1
986955,358,-75.61131,1
986965,364,-74.76805,1
986975,358,-75.61131,1
986985,353,-76.31401,1
986995,356,-75.89239,1
987005,350,-76.73563,1
987015,352,-76.45454,1
987025,355,-76.03293,1
987035,349,-76.87617,1
987045,346,-77.2978,1
987055,351,-76.59509,1
987065,345,-77.43834,1
987075,347,-77.15726,1
987085,352,-76.45454,1
987095,341,-78.0005,1
987105,341,-78.0005,1
987115,352,-76.45454,1
987125,346,-77.2978,1
987135,341,-78.0005,1
987145,344,-77.57889,1
987155,345,-77.43834,1
987165,346,-77.2978,1
987175,347,-77.15726,1
987185,344,-77.57889,1
987195,348,-77.01672,1
987205,340,-78.14104,1
987215,342,-77.85996,1
987225,344,-77.57889,1
987235,340,-78.14104,1
987245,350,-76.73563,1
987255,345,-77.43834,1
987265,347,-77.15726,1
987275,342,-77.85996,1
987285,336,-78.70322,1
987295,349,-76.87617,1
987305,347,-77.15726,1
987315,344,-77.57889,1
987325,337,-78.56267,1
987335,345,-77.43834,1
987345,341,-78.0005,1
987355,339,-78.28159,1
987365,344,-77.57889,1
987375,345,-77.43834,1
987385,339,-78.28159,1
987395,342,-77.85996,1
987405,338,-78.42213,1
987415,344,-77.57889,1
987425,344,-77.57889,1
987435,341,-78.0005,1
987445,342,-77.85996,1
987455,339,-78.28159,1
987465,350,-76.73563,1
987475,341,-78.0005,1
987485,337,-78.56267,1
987495,343,-77.71942,1
987505,345,-77.43834,1
987515,342,-77.85996,1
987525,344,-77.57889,1
987535,343,-77.71942,1
987545,340,-78.14104,1
987555,344,-77.57889,1
987565,341,-78.0005,1
987575,337,-78.56267,1
987585,342,-77.85996,1
987595,340,-78.14104,1
987605,334,-78.9843,1
987615,344,-77.57889,1
987625,340,-78.14104,1
987635,342,-77.85996,1
987645,338,-78.42213,1
987655,338,-78.42213,1
987665,340,-78.14104,1
987675,336,-78.70322,1
987685,343,-77.71942,1
987695,339,-78.28159,1
987705,341,-78.0005,1
987715,345,-77.43834,1
987725,340,-78.14104,1
987735,337,-78.56267,1
987745,342,-77.85996,1
987755,339,-78.28159,1
987765,341,-78.0005,1
987775,346,-77.2978,1
987785,335,-78.84376,1
987795,338,-78.42213,1
987805,337,-78.56267,1
987815,337,-78.56267,1
987825,337,-78.56267,1
987835,344,-77.57889,1
987845,337,-78.56267,1
987855,340,-78.14104,1
987865,343,-77.71942,1
987875,341,-78.0005,1
987885,344,-77.57889,1
987895,341,-78.0005,1
987905,337,-78.56267,1
987915,342,-77.85996,1
987925,339,-78.28159,1
987935,339,-78.28159,1
987945,341,-78.0005,1
987955,343,-77.71942,1
987965,335,-78.84376,1
987975,333,-79.12484,1
987985,335,-78.84376,1
987995,338,-78.42213,1
988005,340,-78.14104,1
988015,344,-77.57889,1
988025,344,-77.57889,1
988035,335,-78.84376,1
988045,337,-78.56267,1
988055,334,-78.9843,1
988065,342,-77.85996,1
988075,337,-78.56267,1
988085,337,-78.56267,1
988095,344,-77.57889,1
988105,342,-77.85996,1
988115,343,-77.71942,1
988125,344,-77.57889,1
988135,336,-78.70322,1
988145,342,-77.85996,1
988155,344,-77.57889,1
988165,337,-78.56267,1
988175,344,-77.57889,1
988185,341,-78.0005,1
988195,340,-78.14104,1
988205,335,-78.84376,1
988215,333,-79.12484,1
988225,337,-78.56267,1
988235,332,-79.26537,1
988245,337,-78.56267,1
988255,335,-78.84376,1
988265,342,-77.85996,1
988275,340,-78.14104,1
988285,339,-78.28159,1
988295,341,-78.0005,1
988305,339,-78.28159,1
988315,340,-78.14104,1
988325,336,-78.70322,1
988335,335,-78.84376,1
988345,345,-77.43834,1
988355,336,-78.70322,1
988365,337,-78.56267,1
988375,338,-78.42213,1
988385,338,-78.42213,1
988395,345,-77.43834,1
988405,332,-79.26537,1
988415,340,-78.14104,1
988425,337,-78.56267,1
988435,343,-77.71942,1
988445,338,-78.42213,1
988455,337,-78.56267,1
988465,342,-77.85996,1
988475,335,-78.84376,1
988485,341,-78.0005,1
988495,339,-78.28159,1
988505,337,-78.56267,1
988515,340,-78.14104,1
988525,341,-78.0005,1
988535,339,-78.28159,1
988545,340,-78.14104,1
988555,340,-78.14104,1
988565,343,-77.71942,1
988575,340,-78.14104,1
988585,340,-78.14104,1
988595,340,-78.14104,1
988605,336,-78.70322,1
988615,338,-78.42213,1
988625,337,-78.56267,1
988635,343,-77.71942,1
988645,343,-77.71942,1
988655,343,-77.71942,1
988665,341,-78.0005,1
988675,338,-78.42213,1
988685,338,-78.42213,1
988695,338,-78.42213,1
988705,340,-78.14104,1
988715,345,-77.43834,1
988725,347,-77.15726,1
988735,340,-78.14104,1
988745,346,-77.2978,1
988755,338,-78.42213,1
988765,345,-77.43834,1
988775,339,-78.28159,1
988785,342,-77.85996,1
988795,338,-78.42213,1
988805,340,-78.14104,1
988815,338,-78.42213,1
988825,343,-77.71942,1
988835,342,-77.85996,1
988845,344,-77.57889,1
988855,346,-77.2978,1
988865,335,-78.84376,1
988875,339,-78.28159,1
988885,338,-78.42213,1
988895,340,-78.14104,1
988905,342,-77.85996,1
988915,337,-78.56267,1
988925,335,-78.84376,1
988935,340,-78.14104,1
988945,345,-77.43834,1
988955,339,-78.28159,1
988965,337,-78.56267,1
988975,345,-77.43834,1
988985,342,-77.85996,1
988995,345,-77.43834,1
989005,339,-78.28159,1
989015,338,-78.42213,1
989025,340,-78.14104,1
989035,339,-78.28159,1
989045,339,-78.28159,1
989055,340,-78.14104,1
989065,347,-77.15726,1
989075,339,-78.28159,1
989085,340,-78.14104,1
989095,342,-77.85996,1
989105,346,-77.2978,1
989115,344,-77.57889,1
989125,342,-77.85996,1
989135,341,-78.0005,1
989145,340,-78.14104,1
989155,346,-77.2978,1
989165,342,-77.85996,1
989175,340,-78.14104,1
989185,341,-78.0005,1
989195,344,-77.57889,1
989205,337,-78.56267,1
989215,335,-78.84376,1
989225,338,-78.42213,1
989235,337,-78.56267,1
989245,341,-78.0005,1
989255,343,-77.71942,1
989265,343,-77.71942,1
989275,341,-78.0005,1
989285,342,-77.85996,1
989295,338,-78.42213,1
989305,338,-78.42213,1
989315,337,-78.56267,1
989325,335,-78.84376,1
989335,345,-77.43834,1
989345,339,-78.28159,1
989355,337,-78.56267,1
989365,339,-78.28159,1
989375,338,-78.42213,1
989385,346,-77.2978,1
989395,343,-77.71942,1
989405,338,-78.42213,1
989415,343,-77.71942,1
989425,347,-77.15726,1
989435,339,-78.28159,1
989445,342,-77.85996,1
989455,342,-77.85996,1
989465,341,-78.0005,1
989475,343,-77.71942,1
989485,343,-77.71942,1
989495,343,-77.71942,1
989505,337,-78.56267,1
989515,346,-77.2978,1
989525,340,-78.14104,1
989535,337,-78.56267,1
989545,339,-78.28159,1
989555,337,-78.56267,1
989565,333,-79.12484,1
989575,340,-78.14104,1
989585,348,-77.01672,1
989595,337,-78.56267,1
989605,344,-77.57889,1
989615,337,-78.56267,1
989625,338,-78.42213,1
989635,347,-77.15726,1
989645,337,-78.56267,1
989655,339,-78.28159,1
989665,344,-77.57889,1
989675,340,-78.14104,1
989685,342,-77.85996,1
989695,344,-77.57889,1
989705,336,-78.70322,1
989715,343,-77.71942,1
989725,337,-78.56267,1
989735,341,-78.0005,1
989745,346,-77.2978,1
989755,342,-77.85996,1
989765,340,-78.14104,1
989775,342,-77.85996,1
989785,346,-77.2978,1
989795,438,-64.36799,1
989805,552,-48.34626,1
989815,633,-36.9624,1
989825,706,-26.70289,1
989835,765,-18.41093,1
989845,818,-10.96224,1
989855,869,-3.794624,1
989865,926,4.21624,1
989875,955,8.291939,1
989885,958,8.71357,1
989895,970,10.40005,1
989905,983,12.2271,1
989915,994,13.77306,1
989925,1001,14.75685,1
989935,992,13.49197,1
989945,987,12.78926,1
989955,989,13.07034,1
989965,1005,15.31901,1
989975,1010,16.02172,1
989985,997,14.19469,1
989995,993,13.63251,1
990005,979,11.66492,1
990015,1013,16.44335,1
990025,1011,16.16225,1
990035,1003,15.03793,1
990045,995,13.9136,1
990055,984,12.36763,1
990065,1004,15.17848,1
990075,1001,14.75685,1
990085,1012,16.3028,1
990095,1005,15.31901,1
990105,991,13.35143,1
990115,990,13.2109,1
990125,1004,15.17848,1
990135,1004,15.17848,1
990145,1013,16.44335,1
990155,991,13.35143,1
990165,986,12.64874,1
990175,1001,14.75685,1
990185,1006,15.45956,1
990195,1019,17.28659,1
990205,1000,14.61629,1
990215,995,13.9136,1
990225,986,12.64874,0
990235,1001,14.75685,0
990245,1012,16.3028,0
990255,1008,15.74064,0
990265,997,14.19469,0
990275,921,3.513527,0
990285,919,3.232452,0
990295,914,2.529739,0
990305,898,0.281067,0
990315,904,1.124329,0
990325,904,1.124329,0
990335,900,0.562157,0
990345,899,0.421623,0
990355,891,-0.702713,0
990365,897,0.140541,0
990375,887,-1.26487,0
990385,890,-0.843254,0
990395,889,-0.983803,0
990405,892,-0.562172,0
990415,889,-0.983803,0
990425,892,-0.562172,0
990435,893,-0.421631,0
990445,892,-0.562172,0
990455,886,-1.405411,0
990465,889,-0.983803,0
990475,888,-1.124344,0
990485,888,-1.124344,0
990495,890,-0.843254,0
990505,887,-1.26487,0
990515,888,-1.124344,0
990525,891,-0.702713,0
990535,892,-0.562172,0
990545,887,-1.26487,0
990555,888,-1.124344,0
990565,888,-1.124344,0
990575,891,-0.702713,0
990585,889,-0.983803,0
990595,889,-0.983803,0
990605,889,-0.983803,0
990615,890,-0.843254,0
990625,888,-1.124344,0
990635,892,-0.562172,0
990645,899,0.421623,0
990655,888,-1.124344,0
990665,884,-1.686501,0
990675,890,-0.843254,0
990685,890,-0.843254,0
990695,884,-1.686501,0
990705,889,-0.983803,0
990715,887,-1.26487,0
990725,890,-0.843254,0
990735,887,-1.26487,0
990745,901,0.702698,0
990755,891,-0.702713,0
990765,888,-1.124344,0
990775,887,-1.26487,0
990785,887,-1.26487,0
990795,895,-0.140541,0
990805,893,-0.421631,0
990815,889,-0.983803,0
990825,890,-0.843254,0
990835,889,-0.983803,0
990845,889,-0.983803,0
990855,891,-0.702713,0
990865,887,-1.26487,0
990875,892,-0.562172,0
990885,887,-1.26487,0
990895,887,-1.26487,0
990905,891,-0.702713,0
990915,892,-0.562172,0
990925,887,-1.26487,0
990935,884,-1.686501,0
990945,891,-0.702713,0
990955,887,-1.26487,0
990965,889,-0.983803,0
990975,891,-0.702713,0
990985,882,-1.967583,0
990995,890,-0.843254,0
991005,884,-1.686501,0
991015,898,0.281067,0
991025,891,-0.702713,0
991035,892,-0.562172,0
991045,897,0.140541,0
991055,889,-0.983803,0
991065,891,-0.702713,0
991075,889,-0.983803,0
991085,886,-1.405411,0
991095,888,-1.124344,0
991105,886,-1.405411,0
991115,891,-0.702713,0
991125,886,-1.405411,0
991135,891,-0.702713,0
991145,885,-1.545967,0
991155,894,-0.28109,0
991165,889,-0.983803,0
991175,887,-1.26487,0
991185,891,-0.702713,0
991195,893,-0.421631,0
991205,886,-1.405411,0
991215,886,-1.405411,0
991225,892,-0.562172,0
991235,887,-1.26487,0
991245,896,0,0
991255,890,-0.843254,0
991265,882,-1.967583,0
991275,889,-0.983803,0
991285,894,-0.28109,0
991295,891,-0.702713,0
991305,891,-0.702713,0
991315,889,-0.983803,0
991325,891,-0.702713,0
991335,887,-1.26487,0
991345,884,-1.686501,0
991355,884,-1.686501,0
991365,882,-1.967583,0
991375,890,-0.843254,0
991385,889,-0.983803,0
991395,886,-1.405411,0
991405,891,-0.702713,0
991415,896,0,0
991425,895,-0.140541,0
991435,892,-0.562172,0
991445,884,-1.686501,0
991455,888,-1.124344,0
991465,884,-1.686501,0
991475,892,-0.562172,0
991485,887,-1.26487,0
991495,894,-0.28109,0
991505,889,-0.983803,0
991515,894,-0.28109,0
991525,890,-0.843254,0
991535,890,-0.843254,0
991545,888,-1.124344,0
991555,893,-0.421631,0
991565,889,-0.983803,0
991575,895,-0.140541,0
991585,886,-1.405411,0
991595,885,-1.545967,0
991605,892,-0.562172,0
991615,892,-0.562172,0
991625,891,-0.702713,0
991635,892,-0.562172,0
991645,888,-1.124344,0
991655,886,-1.405411,0
991665,887,-1.26487,0
991675,890,-0.843254,0
991685,889,-0.983803,0
991695,882,-1.967583,0
991705,886,-1.405411,0
991715,887,-1.26487,0
991725,892,-0.562172,0
991735,890,-0.843254,0
991745,893,-0.421631,0
991755,883,-1.827042,0
991765,897,0.140541,0
991775,893,-0.421631,0
991785,900,0.562157,0
991795,896,0,0
991805,888,-1.124344,0
991815,892,-0.562172,0
991825,891,-0.702713,0
991835,887,-1.26487,0
991845,894,-0.28109,0
991855,891,-0.702713,0
991865,899,0.421623,0
991875,885,-1.545967,0
991885,891,-0.702713,0
991895,884,-1.686501,0
991905,892,-0.562172,0
991915,887,-1.26487,0
991925,889,-0.983803,0
991935,888,-1.124344,0
991945,891,-0.702713,0
991955,887,-1.26487,0
991965,887,-1.26487,0
991975,892,-0.562172,0
991985,903,0.98378,0
991995,881,-2.108124,0
992005,887,-1.26487,0
992015,889,-0.983803,0
992025,887,-1.26487,0
992035,884,-1.686501,0
992045,886,-1.405411,0
992055,887,-1.26487,0
992065,891,-0.702713,0
992075,892,-0.562172,0
992085,890,-0.843254,0
992095,900,0.562157,0
992105,883,-1.827042,0
992115,887,-1.26487,0
992125,891,-0.702713,0
992135,885,-1.545967,0
992145,888,-1.124344,0
992155,893,-0.421631,0
992165,891,-0.702713,0
992175,894,-0.28109,0
992185,883,-1.827042,0
992195,890,-0.843254,0
992205,886,-1.405411,0
992215,894,-0.28109,0
992225,890,-0.843254,0
992235,890,-0.843254,0
992245,890,-0.843254,0
992255,887,-1.26487,0
992265,891,-0.702713,0
992275,890,-0.843254,0
992285,891,-0.702713,0
992295,890,-0.843254,0
992305,890,-0.843254,0
992315,890,-0.843254,0
992325,886,-1.405411,0
992335,891,-0.702713,0
992345,890,-0.843254,0
992355,896,0,0
992365,886,-1.405411,0
992375,881,-2.108124,0
992385,890,-0.843254,0
992395,893,-0.421631,0
992405,888,-1.124344,0
992415,900,0.562157,0
992425,893,-0.421631,0
992435,887,-1.26487,0
992445,896,0,0
992455,884,-1.686501,0
992465,903,0.98378,0
992475,890,-0.843254,0
992485,898,0.281067,0
992495,896,0,0
992505,893,-0.421631,0
992515,896,0,0
992525,897,0.140541,0
992535,894,-0.28109,0
992545,902,0.843239,0
992555,894,-0.28109,0
992565,897,0.140541,0
992575,890,-0.843254,0
992585,891,-0.702713,0
992595,893,-0.421631,0
992605,886,-1.405411,0
992615,898,0.281067,0
992625,887,-1.26487,0
992635,896,0,0
992645,892,-0.562172,0
992655,897,0.140541,0
992665,889,-0.983803,0
992675,897,0.140541,0
992685,895,-0.140541,0
992695,897,0.140541,0
992705,891,-0.702713,0
992715,902,0.843239,0
992725,892,-0.562172,0
992735,895,-0.140541,0
992745,902,0.843239,0
992755,894,-0.28109,0
992765,888,-1.124344,0
992775,895,-0.140541,0
992785,895,-0.140541,0
992795,899,0.421623,0
992805,901,0.702698,0
992815,897,0.140541,0
992825,894,-0.28109,0
992835,896,0,0
992845,891,-0.702713,0
992855,901,0.702698,0
992865,901,0.702698,0
992875,896,0,0
992885,894,-0.28109,0
992895,895,-0.140541,0
992905,887,-1.26487,0
992915,894,-0.28109,0
992925,896,0,0
992935,897,0.140541,0
992945,895,-0.140541,0
992955,890,-0.843254,0
992965,887,-1.26487,0
992975,891,-0.702713,0
992985,893,-0.421631,0
992995,897,0.140541,0
993005,897,0.140541,0
993015,907,1.545952,0
993025,892,-0.562172,0
993035,900,0.562157,0
993045,888,-1.124344,0
993055,897,0.140541,0
993065,892,-0.562172,0
993075,893,-0.421631,0
993085,885,-1.545967,0
993095,889,-0.983803,0
993105,896,0,0
993115,899,0.421623,0
993125,887,-1.26487,0
993135,905,1.26487,0
993145,903,0.98378,0
993155,889,-0.983803,0
993165,887,-1.26487,0
993175,901,0.702698,0
993185,897,0.140541,0
993195,900,0.562157,0
993205,891,-0.702713,0
993215,887,-1.26487,0
993225,890,-0.843254,0
993235,893,-0.421631,0
993245,896,0,0
993255,897,0.140541,0
993265,903,0.98378,0
993275,885,-1.545967,0
993285,897,0.140541,0
993295,888,-1.124344,0
993305,899,0.421623,0
993315,899,0.421623,0
993325,890,-0.843254,0
993335,901,0.702698,0
993345,890,-0.843254,0
993355,890,-0.843254,0
993365,896,0,0
993375,898,0.281067,0
993385,892,-0.562172,0
993395,886,-1.405411,0
993405,892,-0.562172,0
993415,891,-0.702713,0
993425,898,0.281067,0
993435,892,-0.562172,0
993445,895,-0.140541,0
993455,893,-0.421631,0
993465,893,-0.421631,0
993475,889,-0.983803,0
993485,897,0.140541,0
993495,891,-0.702713,0
993505,898,0.281067,0
993515,890,-0.843254,0
993525,888,-1.124344,0
993535,890,-0.843254,0
993545,900,0.562157,0
993555,890,-0.843254,0
993565,891,-0.702713,0
993575,892,-0.562172,0
993585,890,-0.843254,0
993595,892,-0.562172,0
993605,910,1.967575,0
993615,889,-0.983803,0
993625,883,-1.827042,0
993635,898,0.281067,0
993645,891,-0.702713,0
993655,903,0.98378,0
993665,897,0.140541,0
993675,894,-0.28109,0
993685,893,-0.421631,0
993695,894,-0.28109,0
993705,893,-0.421631,0
993715,893,-0.421631,0
993725,885,-1.545967,0
993735,893,-0.421631,0
993745,896,0,0
993755,894,-0.28109,0
993765,897,0.140541,0
993775,896,0,0
993785,893,-0.421631,0
993795,900,0.562157,0
993805,903,0.98378,0
993815,895,-0.140541,0
993825,898,0.281067,0
993835,901,0.702698,0
993845,889,-0.983803,0
993855,898,0.281067,0
993865,892,-0.562172,0
993875,885,-1.545967,0
993885,902,0.843239,0
993895,898,0.281067,0
993905,890,-0.843254,0
993915,900,0.562157,0
993925,893,-0.421631,0
993935,896,0,0
993945,890,-0.843254,0
993955,889,-0.983803,0
993965,904,1.124329,0
993975,885,-1.545967,0
993985,895,-0.140541,0
993995,898,0.281067,0
994005,894,-0.28109,0
994015,899,0.421623,0
994025,891,-0.702713,0
994035,897,0.140541,0
994045,887,-1.26487,0
994055,898,0.281067,0
994065,896,0,0
994075,888,-1.124344,0
994085,893,-0.421631,0
994095,891,-0.702713,0
994105,898,0.281067,0
994115,888,-1.124344,0
994125,880,-2.248672,0
994135,894,-0.28109,0
994145,908,1.686493,0
994155,901,0.702698,0
994165,897,0.140541,0
994175,892,-0.562172,0
994185,893,-0.421631,0
994195,892,-0.562172,0
994205,897,0.140541,0
994215,885,-1.545967,0
994225,895,-0.140541,0
994235,903,0.98378,0
994245,887,-1.26487,0
994255,899,0.421623,0
994265,890,-0.843254,0
994275,896,0,0
994285,906,1.405411,0
994295,887,-1.26487,0
994305,900,0.562157,0
994315,892,-0.562172,0
994325,889,-0.983803,0
994335,899,0.421623,0
994345,897,0.140541,0
994355,899,0.421623,0
994365,894,-0.28109,0
994375,897,0.140541,0
994385,902,0.843239,0
994395,889,-0.983803,0
994405,886,-1.405411,0
994415,896,0,0
994425,901,0.702698,0
994435,895,-0.140541,0
994445,902,0.843239,0
994455,896,0,0
994465,894,-0.28109,0
994475,886,-1.405411,0
994485,897,0.140541,0
994495,899,0.421623,0
994505,897,0.140541,0
994515,890,-0.843254,0
994525,894,-0.28109,0
994535,896,0,0
994545,896,0,0
994555,899,0.421623,0
994565,891,-0.702713,0
994575,888,-1.124344,0
994585,885,-1.545967,0
994595,887,-1.26487,0
994605,899,0.421623,0
994615,894,-0.28109,0
994625,889,-0.983803,0
994635,890,-0.843254,1
994645,896,0,1
994655,887,-1.26487,1
994665,901,0.702698,1
994675,894,-0.28109,1
994685,899,0.421623,1
994695,835,-8.573036,1
994705,835,-8.573036,1
994715,839,-8.010872,1
994725,817,-11.10278,1
994735,820,-10.68116,1
994745,813,-11.66494,1
994755,808,-12.36765,1
994765,809,-12.22711,1
994775,811,-11.94603,1
994785,820,-10.68116,1
994795,818,-10.96224,1
994805,810,-12.08657,1
994815,819,-10.8217,1
994825,812,-11.80549,1
994835,823,-10.25953,1
994845,808,-12.36765,1
994855,810,-12.08657,1
994865,815,-11.38386,1
994875,818,-10.96224,1
994885,811,-11.94603,1
994895,803,-13.07037,1
994905,806,-12.64874,1
994915,816,-11.24332,1
994925,818,-10.96224,1
994935,810,-12.08657,1
994945,810,-12.08657,1
994955,809,-12.22711,1
994965,813,-11.66494,1
994975,817,-11.10278,1
994985,818,-10.96224,1
994995,808,-12.36765,1
995005,806,-12.64874,1
995015,812,-11.80549,1
995025,815,-11.38386,1
995035,815,-11.38386,1
995045,808,-12.36765,1
995055,809,-12.22711,1
995065,806,-12.64874,1
995075,814,-11.5244,1
995085,813,-11.66494,1
995095,806,-12.64874,1
995105,808,-12.36765,1
995115,808,-12.36765,1
995125,808,-12.36765,1
995135,812,-11.80549,1
995145,814,-11.5244,1
995155,810,-12.08657,1
995165,808,-12.36765,1
995175,816,-11.24332,1
995185,820,-10.68116,1
995195,813,-11.66494,1
995205,812,-11.80549,1
995215,809,-12.22711,1
995225,812,-11.80549,1
995235,812,-11.80549,1
995245,809,-12.22711,1
995255,807,-12.5082,1
995265,800,-13.49198,1
995275,757,-19.53527,1
995285,727,-23.75151,1
995295,698,-27.82722,1
995305,676,-30.91913,1
995315,647,-34.99483,1
995325,640,-35.97861,1
995335,618,-39.07053,1
995345,594,-42.44353,1
995355,581,-44.27056,1
995365,567,-46.23814,1
995375,545,-49.33005,1
995385,545,-49.33005,1
995395,530,-51.43818,1
995405,502,-55.37333,1
995415,495,-56.35712,1
995425,489,-57.20037,1
995435,476,-59.02741,1
995445,482,-58.18416,1
995455,465,-60.57337,0
995465,456,-61.83824,0
995475,444,-63.52474,0
995485,445,-63.38419,0
995495,434,-64.93015,0
995505,433,-65.07069,0
995515,492,-56.77875,0
995525,493,-56.6382,0
995535,501,-55.51388,0
995545,506,-54.81117,0
995555,503,-55.23279,0
995565,499,-55.79496,0
995575,494,-56.49766,0
995585,498,-55.9355,0
995595,500,-55.65442,0
995605,501,-55.51388,0
995615,501,-55.51388,0
995625,494,-56.49766,0
995635,505,-54.95171,0
995645,497,-56.07604,0
995655,499,-55.79496,0
995665,502,-55.37333,0
995675,498,-55.9355,0
995685,498,-55.9355,0
995695,494,-56.49766,0
995705,501,-55.51388,0
995715,506,-54.81117,0
995725,496,-56.21658,0
995735,491,-56.91929,0
995745,495,-56.35712,0
995755,500,-55.65442,0
995765,500,-55.65442,0
995775,496,-56.21658,0
995785,506,-54.81117,0
995795,495,-56.35712,0
995805,500,-55.65442,0
995815,498,-55.9355,0
995825,500,-55.65442,0
995835,504,-55.09225,0
995845,497,-56.07604,0
995855,503,-55.23279,0
995865,501,-55.51388,0
995875,495,-56.35712,0
995885,500,-55.65442,0
995895,503,-55.23279,0
995905,506,-54.81117,0
995915,497,-56.07604,0
995925,498,-55.9355,0
995935,500,-55.65442,0
995945,505,-54.95171,0
995955,505,-54.95171,0
995965,502,-55.37333,0
995975,498,-55.9355,0
995985,498,-55.9355,0
995995,495,-56.35712,0
996005,505,-54.95171,0
996015,500,-55.65442,0
996025,500,-55.65442,0
996035,504,-55.09225,0
996045,496,-56.21658,0
996055,507,-54.67062,0
996065,500,-55.65442,0
996075,504,-55.09225,0
996085,496,-56.21658,0
996095,499,-55.79496,0
996105,500,-55.65442,0
996115,502,-55.37333,0
996125,501,-55.51388,0
996135,495,-56.35712,0
996145,501,-55.51388,0
996155,498,-55.9355,0
996165,503,-55.23279,0
996175,500,-55.65442,0
996185,507,-54.67062,0
996195,501,-55.51388,0
996205,498,-55.9355,0
996215,500,-55.65442,0
996225,499,-55.79496,0
996235,495,-56.35712,0
996245,495,-56.35712,0
996255,501,-55.51388,0
996265,499,-55.79496,0
996275,492,-56.77875,0
996285,500,-55.65442,0
996295,500,-55.65442,0
996305,505,-54.95171,0
996315,500,-55.65442,0
996325,498,-55.9355,0
996335,502,-55.37333,0
996345,493,-56.6382,0
996355,501,-55.51388,0
996365,500,-55.65442,0
996375,499,-55.79496,0
996385,499,-55.79496,0
996395,495,-56.35712,0
996405,502,-55.37333,0
996415,504,-55.09225,0
996425,506,-54.81117,0
996435,506,-54.81117,0
996445,501,-55.51388,0
996455,500,-55.65442,0
996465,508,-54.53009,0
996475,504,-55.09225,0
996485,505,-54.95171,0
996495,503,-55.23279,0
996505,504,-55.09225,0
996515,508,-54.53009,0
996525,502,-55.37333,0
996535,504,-55.09225,0
996545,498,-55.9355,0
996555,504,-55.09225,0
996565,499,-55.79496,0
996575,500,-55.65442,0
996585,500,-55.65442,0
996595,502,-55.37333,0
996605,511,-54.10846,0
996615,496,-56.21658,0
996625,505,-54.95171,0
996635,503,-55.23279,0
996645,504,-55.09225,0
996655,498,-55.9355,0
996665,507,-54.67062,0
996675,504,-55.09225,0
996685,499,-55.79496,0
996695,504,-55.09225,0
996705,497,-56.07604,0
996715,511,-54.10846,0
996725,497,-56.07604,0
996735,503,-55.23279,0
996745,504,-55.09225,0
996755,505,-54.95171,0
996765,510,-54.249,0
996775,507,-54.67062,0
996785,497,-56.07604,0
996795,508,-54.53009,0
996805,498,-55.9355,0
996815,501,-55.51388,0
996825,504,-55.09225,0
996835,502,-55.37333,0
996845,507,-54.67062,0
996855,511,-54.10846,0
996865,497,-56.07604,0
996875,494,-56.49766,0
996885,505,-54.95171,0
996895,506,-54.81117,0
996905,501,-55.51388,0
996915,505,-54.95171,0
996925,505,-54.95171,0
996935,506,-54.81117,0
996945,510,-54.249,0
996955,497,-56.07604,0
996965,500,-55.65442,0
996975,510,-54.249,0
996985,498,-55.9355,0
996995,503,-55.23279,0
997005,508,-54.53009,0
997015,503,-55.23279,0
997025,511,-54.10846,0
997035,517,-53.26521,0
997045,501,-55.51388,0
997055,504,-55.09225,0
997065,502,-55.37333,0
997075,494,-56.49766,0
997085,499,-55.79496,0
997095,503,-55.23279,0
997105,500,-55.65442,0
997115,496,-56.21658,0
997125,501,-55.51388,0
997135,501,-55.51388,0
997145,503,-55.23279,0
997155,504,-55.09225,0
997165,500,-55.65442,0
997175,500,-55.65442,0
997185,510,-54.249,0
997195,496,-56.21658,0
997205,505,-54.95171,0
997215,507,-54.67062,0
997225,495,-56.35712,0
997235,509,-54.38954,0
997245,499,-55.79496,0
997255,500,-55.65442,0
997265,497,-56.07604,0
997275,501,-55.51388,0
997285,512,-53.96792,0
997295,502,-55.37333,0
997305,504,-55.09225,0
997315,498,-55.9355,0
997325,501,-55.51388,0
997335,501,-55.51388,0
997345,510,-54.249,0
997355,504,-55.09225,0
997365,509,-54.38954,0
997375,504,-55.09225,0
997385,499,-55.79496,0
997395,504,-55.09225,0
997405,498,-55.9355,0
997415,503,-55.23279,0
997425,505,-54.95171,0
997435,501,-55.51388,0
997445,498,-55.9355,0
997455,503,-55.23279,0
997465,503,-55.23279,0
997475,499,-55.79496,0
997485,515,-53.5463,0
997495,503,-55.23279,0
997505,504,-55.09225,0
997515,504,-55.09225,0
997525,510,-54.249,0
997535,511,-54.10846,0
997545,502,-55.37333,0
997555,504,-55.09225,0
997565,506,-54.81117,0
997575,498,-55.9355,0
997585,497,-56.07604,0
997595,505,-54.95171,0
997605,511,-54.10846,0
997615,498,-55.9355,0
997625,507,-54.67062,0
997635,495,-56.35712,0
997645,505,-54.95171,0
997655,508,-54.53009,0
997665,501,-55.51388,0
997675,500,-55.65442,0
997685,511,-54.10846,0
997695,506,-54.81117,0
997705,500,-55.65442,0
997715,512,-53.96792,0
997725,506,-54.81117,0
997735,507,-54.67062,0
997745,510,-54.249,0
997755,511,-54.10846,0
997765,505,-54.95171,0
997775,501,-55.51388,0
997785,513,-53.82738,0
997795,509,-54.38954,0
997805,515,-53.5463,0
997815,506,-54.81117,0
997825,501,-55.51388,0
997835,502,-55.37333,0
997845,503,-55.23279,0
997855,507,-54.67062,0
997865,500,-55.65442,0
997875,503,-55.23279,0
997885,500,-55.65442,0
997895,501,-55.51388,0
997905,503,-55.23279,0
997915,503,-55.23279,0
997925,501,-55.51388,0
997935,506,-54.81117,0
997945,510,-54.249,0
997955,506,-54.81117,0
997965,508,-54.53009,0
997975,506,-54.81117,0
997985,514,-53.68683,0
997995,505,-54.95171,0
998005,505,-54.95171,0
998015,508,-54.53009,0
998025,510,-54.249,0
998035,504,-55.09225,0
998045,501,-55.51388,0
998055,508,-54.53009,0
998065,497,-56.07604,0
998075,514,-53.68683,0
998085,500,-55.65442,0
998095,503,-55.23279,0
998105,507,-54.67062,0
998115,501,-55.51388,0
998125,510,-54.249,0
998135,501,-55.51388,0
998145,509,-54.38954,0
998155,502,-55.37333,0
998165,505,-54.95171,0
998175,505,-54.95171,0
998185,506,-54.81117,0
998195,509,-54.38954,0
998205,501,-55.51388,0
998215,503,-55.23279,0
998225,503,-55.23279,0
998235,508,-54.53009,0
998245,504,-55.09225,0
998255,512,-53.96792,0
998265,503,-55.23279,0
998275,509,-54.38954,0
998285,512,-53.96792,0
998295,504,-55.09225,0
998305,507,-54.67062,0
998315,502,-55.37333,0
998325,510,-54.249,0
998335,509,-54.38954,0
998345,505,-54.95171,0
998355,502,-55.37333,0
998365,506,-54.81117,0
998375,499,-55.79496,0
998385,513,-53.82738,0
998395,507,-54.67062,0
998405,507,-54.67062,0
998415,510,-54.249,0
998425,501,-55.51388,0
998435,504,-55.09225,0
998445,503,-55.23279,0
998455,500,-55.65442,0
998465,504,-55.09225,0
998475,500,-55.65442,0
998485,507,-54.67062,0
998495,507,-54.67062,0
998505,509,-54.38954,0
998515,510,-54.249,0
998525,502,-55.37333,0
998535,505,-54.95171,0
998545,505,-54.95171,0
998555,519,-52.98413,0
998565,509,-54.38954,0
998575,507,-54.67062,0
998585,506,-54.81117,0
998595,505,-54.95171,0
998605,503,-55.23279,0
998615,514,-53.68683,0
998625,513,-53.82738,0
998635,501,-55.51388,0
998645,501,-55.51388,0
998655,503,-55.23279,0
998665,512,-53.96792,0
998675,497,-56.07604,0
998685,516,-53.40575,0
998695,503,-55.23279,0
998705,510,-54.249,0
998715,507,-54.67062,0
998725,503,-55.23279,0
998735,512,-53.96792,0
998745,506,-54.81117,0
998755,510,-54.249,0
998765,514,-53.68683,0
998775,508,-54.53009,0
998785,516,-53.40575,0
998795,502,-55.37333,0
998805,501,-55.51388,0
998815,508,-54.53009,0
998825,510,-54.249,0
998835,506,-54.81117,0
998845,506,-54.81117,0
998855,507,-54.67062,0
998865,506,-54.81117,0
998875,512,-53.96792,0
998885,506,-54.81117,0
998895,498,-55.9355,0
998905,501,-55.51388,0
998915,515,-53.5463,0
998925,509,-54.38954,0
998935,513,-53.82738,0
998945,502,-55.37333,0
998955,511,-54.10846,0
998965,507,-54.67062,0
998975,507,-54.67062,0
998985,510,-54.249,0
998995,512,-53.96792,0
999005,509,-54.38954,0
999015,516,-53.40575,0
999025,513,-53.82738,0
999035,506,-54.81117,0
999045,512,-53.96792,0
999055,496,-56.21658,0
999065,501,-55.51388,0
999075,509,-54.38954,0
999085,502,-55.37333,0
999095,504,-55.09225,0
999105,498,-55.9355,0
999115,511,-54.10846,0
999125,510,-54.249,0
999135,511,-54.10846,0
999145,507,-54.67062,0
999155,508,-54.53009,0
999165,502,-55.37333,0
999175,506,-54.81117,0
999185,510,-54.249,0
999195,506,-54.81117,0
999205,514,-53.68683,0
999215,505,-54.95171,0
999225,501,-55.51388,0
999235,509,-54.38954,0
999245,507,-54.67062,0
999255,508,-54.53009,0
999265,511,-54.10846,0
999275,511,-54.10846,0
999285,507,-54.67062,0
999295,505,-54.95171,0
999305,511,-54.10846,0
999315,515,-53.5463,0
999325,506,-54.81117,0
999335,503,-55.23279,0
999345,509,-54.38954,0
999355,512,-53.96792,0
999365,508,-54.53009,0
999375,510,-54.249,0
999385,503,-55.23279,0
999395,502,-55.37333,0
999405,501,-55.51388,0
999415,506,-54.81117,0
999425,498,-55.9355,0
999435,502,-55.37333,0
999445,508,-54.53009,0
999455,506,-54.81117,0
999465,507,-54.67062,0
999475,505,-54.95171,0
999485,504,-55.09225,0
999495,511,-54.10846,0
999505,515,-53.5463,0
999515,503,-55.23279,0
999525,508,-54.53009,0
999535,517,-53.26521,0
999545,505,-54.95171,0
999555,518,-53.12467,0
999565,508,-54.53009,0
999575,519,-52.98413,0
999585,498,-55.9355,0
999595,502,-55.37333,0
999605,512,-53.96792,0
999615,509,-54.38954,0
999625,514,-53.68683,0
999635,501,-55.51388,0
999645,511,-54.10846,0
999655,517,-53.26521,0
999665,509,-54.38954,0
999675,514,-53.68683,0
999685,510,-54.249,0
999695,504,-55.09225,0
999705,516,-53.40575,0
999715,500,-55.65442,0
999725,506,-54.81117,0
999735,509,-54.38954,0
999745,501,-55.51388,0
999755,509,-54.38954,0
999765,507,-54.67062,0
999775,503,-55.23279,0
999785,508,-54.53009,0
999795,500,-55.65442,0
999805,518,-53.12467,0
999815,515,-53.5463,0
999825,512,-53.96792,0
999835,505,-54.95171,0
999845,503,-55.23279,0
999855,507,-54.67062,0
999865,509,-54.38954,0
999875,511,-54.10846,0
999885,506,-54.81117,0
999895,504,-55.09225,0
999905,503,-55.23279,0
999915,515,-53.5463,0
999925,511,-54.10846,0
999935,514,-53.68683,0
999945,503,-55.23279,0
999955,505,-54.95171,0
999965,506,-54.81117,0
999975,512,-53.96792,0
999985,506,-54.81117,0
999995,506,-54.81117,0
1000005,516,-53.40575,0
1000015,507,-54.67062,0
1000025,508,-54.53009,0
1000035,509,-54.38954,0
1000045,509,-54.38954,0
1000055,510,-54.249,0
1000065,518,-53.12467,0
1000075,509,-54.38954,0
1000085,509,-54.38954,0
1000095,500,-55.65442,0
1000105,502,-55.37333,0
1000115,509,-54.38954,0
1000125,499,-55.79496,0
1000135,512,-53.96792,0
1000145,509,-54.38954,0
1000155,510,-54.249,0
1000165,511,-54.10846,0
1000175,515,-53.5463,0
1000185,514,-53.68683,0
1000195,510,-54.249,0
1000205,508,-54.53009,0
1000215,508,-54.53009,0
1000225,513,-53.82738,0
1000235,513,-53.82738,0
1000245,502,-55.37333,0
1000255,499,-55.79496,0
1000265,509,-54.38954,0
1000275,511,-54.10846,0
1000285,505,-54.95171,0
1000295,511,-54.10846,0
1000305,502,-55.37333,0
1000315,508,-54.53009,0
1000325,505,-54.95171,0
1000335,508,-54.53009,0
1000345,506,-54.81117,0
1000355,511,-54.10846,0
1000365,506,-54.81117,0
1000375,512,-53.96792,0
1000385,513,-53.82738,0
1000395,512,-53.96792,0
1000405,508,-54.53009,0
1000415,511,-54.10846,0
1000425,510,-54.249,0
1000435,509,-54.38954,0
1000445,498,-55.9355,0
1000455,512,-53.96792,0
1000465,499,-55.79496,0
1000475,510,-54.249,0
1000485,507,-54.67062,0
1000495,509,-54.38954,0
1000505,512,-53.96792,0
1000515,507,-54.67062,0
1000525,514,-53.68683,0
1000535,512,-53.96792,0
1000545,512,-53.96792,0
1000555,506,-54.81117,0
1000565,510,-54.249,0
1000575,509,-54.38954,0
1000585,511,-54.10846,0
1000595,504,-55.09225,0
1000605,507,-54.67062,0
1000615,516,-53.40575,0
1000625,510,-54.249,0
1000635,513,-53.82738,0
1000645,519,-52.98413,0
1000655,507,-54.67062,0
1000665,521,-52.70305,0
1000675,508,-54.53009,0
1000685,518,-53.12467,0
1000695,517,-53.26521,0
1000705,508,-54.53009,0
1000715,517,-53.26521,0
1000725,506,-54.81117,0
1000735,515,-53.5463,0
1000745,501,-55.51388,0
1000755,505,-54.95171,0
1000765,510,-54.249,0
1000775,501,-55.51388,0
1000785,508,-54.53009,0
1000795,514,-53.68683,0
1000805,507,-54.67062,0
1000815,504,-55.09225,0
1000825,512,-53.96792,0
1000835,505,-54.95171,0
1000845,511,-54.10846,0
1000855,518,-53.12467,0
1000865,505,-54.95171,0
1000875,513,-53.82738,0
1000885,508,-54.53009,0
1000895,520,-52.84359,0
1000905,517,-53.26521,0
1000915,512,-53.96792,0
1000925,513,-53.82738,0
1000935,515,-53.5463,0
1000945,514,-53.68683,0
1000955,517,-53.26521,0
1000965,510,-54.249,0
1000975,510,-54.249,0
1000985,514,-53.68683,0
1000995,513,-53.82738,0
1001005,521,-52.70305,0
1001015,510,-54.249,0
1001025,515,-53.5463,0
1001035,510,-54.249,0
1001045,512,-53.96792,0
1001055,517,-53.26521,0
1001065,508,-54.53009,0
1001075,515,-53.5463,0
1001085,514,-53.68683,0
1001095,510,-54.249,0
1001105,506,-54.81117,0
1001115,511,-54.10846,0
1001125,504,-55.09225,0
1001135,518,-53.12467,0
1001145,519,-52.98413,0
1001155,510,-54.249,0
1001165,519,-52.98413,0
1001175,515,-53.5463,0
1001185,514,-53.68683,0
1001195,511,-54.10846,0
1001205,516,-53.40575,0
1001215,504,-55.09225,0
1001225,517,-53.26521,0
1001235,509,-54.38954,0
1001245,507,-54.67062,0
1001255,514,-53.68683,0
1001265,511,-54.10846,0
1001275,509,-54.38954,0
1001285,518,-53.12467,0
1001295,511,-54.10846,0
1001305,509,-54.38954,0
1001315,504,-55.09225,0
1001325,506,-54.81117,0
1001335,504,-55.09225,0
1001345,512,-53.96792,0
1001355,509,-54.38954,0
1001365,511,-54.10846,0
1001375,514,-53.68683,0
1001385,510,-54.249,0
1001395,515,-53.5463,0
1001405,509,-54.38954,0
1001415,511,-54.10846,0
1001425,507,-54.67062,0
1001435,514,-53.68683,0
1001445,510,-54.249,0
1001455,511,-54.10846,0
1001465,518,-53.12467,0
1001475,516,-53.40575,0
1001485,511,-54.10846,0
1001495,514,-53.68683,0
1001505,516,-53.40575,0
1001515,511,-54.10846,0
1001525,517,-53.26521,0
1001535,517,-53.26521,0
1001545,517,-53.26521,0
1001555,513,-53.82738,0
1001565,505,-54.95171,0
1001575,503,-55.23279,0
1001585,516,-53.40575,0
1001595,523,-52.42196,0
1001605,516,-53.40575,0
1001615,521,-52.70305,0
1001625,513,-53.82738,0
1001635,518,-53.12467,0
1001645,512,-53.96792,0
1001655,514,-53.68683,0
1001665,517,-53.26521,0
1001675,509,-54.38954,0
1001685,512,-53.96792,0
1001695,515,-53.5463,0
1001705,513,-53.82738,0
1001715,505,-54.95171,1
1001725,505,-54.95171,1
1001735,503,-55.23279,1
1001745,507,-54.67062,1
1001755,507,-54.67062,1
1001765,489,-57.20037,1
1001775,487,-57.48146,1
1001785,465,-60.57337,1
1001795,463,-60.85445,1
1001805,463,-60.85445,1
1001815,446,-63.24365,1
1001825,439,-64.22745,1
1001835,426,-66.05449,1
1001845,432,-65.21124,1
1001855,424,-66.33557,1
1001865,422,-66.61665,1
1001875,413,-67.88152,1
1001885,405,-69.00585,1
1001895,409,-68.44369,1
1001905,407,-68.72477,1
1001915,392,-70.83289,1
1001925,388,-71.39506,1
1001935,394,-70.55181,1
1001945,381,-72.37885,1
1001955,384,-71.95722,1
1001965,376,-73.08156,1
1001975,379,-72.65993,1
1001985,370,-73.9248,1
1001995,374,-73.36264,1
1002005,369,-74.06535,1
1002015,368,-74.20589,1
1002025,367,-74.34643,1
1002035,365,-74.62752,1
1002045,363,-74.90859,1
1002055,367,-74.34643,1
1002065,362,-75.04913,1
1002075,366,-74.48697,1
1002085,355,-76.03293,1
1002095,356,-75.89239,1
1002105,353,-76.31401,1
1002115,347,-77.15726,1
1002125,350,-76.73563,1
1002135,349,-76.87617,1
1002145,356,-75.89239,1
1002155,351,-76.59509,1
1002165,352,-76.45454,1
1002175,351,-76.59509,1
1002185,350,-76.73563,1
1002195,345,-77.43834,1
1002205,357,-75.75184,1
1002215,347,-77.15726,1
1002225,344,-77.57889,1
1002235,352,-76.45454,1
1002245,349,-76.87617,1
1002255,341,-78.0005,1
1002265,343,-77.71942,1
1002275,339,-78.28159,1
1002285,349,-76.87617,1
1002295,343,-77.71942,1
1002305,346,-77.2978,1
1002315,342,-77.85996,1
1002325,343,-77.71942,1
1002335,340,-78.14104,1
1002345,347,-77.15726,1
1002355,340,-78.14104,1
1002365,341,-78.0005,1
1002375,344,-77.57889,1
1002385,344,-77.57889,1
1002395,341,-78.0005,1
1002405,342,-77.85996,1
1002415,345,-77.43834,1
1002425,344,-77.57889,1
1002435,340,-78.14104,1
1002445,342,-77.85996,1
1002455,342,-77.85996,1
1002465,342,-77.85996,1
1002475,345,-77.43834,1
1002485,347,-77.15726,1
1002495,345,-77.43834,1
1002505,337,-78.56267,1
1002515,346,-77.2978,1
1002525,339,-78.28159,1
1002535,341,-78.0005,1
1002545,348,-77.01672,1
1002555,346,-77.2978,1
1002565,340,-78.14104,1
1002575,342,-77.85996,1
1002585,339,-78.28159,1
1002595,341,-78.0005,1
1002605,336,-78.70322,1
1002615,342,-77.85996,1
1002625,342,-77.85996,1
1002635,340,-78.14104,1
1002645,344,-77.57889,1
1002655,339,-78.28159,1
1002665,335,-78.84376,1
1002675,341,-78.0005,1
1002685,335,-78.84376,1
1002695,345,-77.43834,1
1002705,341,-78.0005,1
1002715,340,-78.14104,1
1002725,335,-78.84376,1
1002735,331,-79.40591,1
1002745,333,-79.12484,1
1002755,339,-78.28159,1
1002765,337,-78.56267,1
1002775,340,-78.14104,1
1002785,339,-78.28159,1
1002795,345,-77.43834,1
1002805,341,-78.0005,1
1002815,342,-77.85996,1
1002825,344,-77.57889,1
1002835,342,-77.85996,1
1002845,336,-78.70322,1
1002855,338,-78.42213,1
1002865,346,-77.2978,1
1002875,343,-77.71942,1
1002885,336,-78.70322,1
1002895,346,-77.2978,1
1002905,337,-78.56267,1
1002915,339,-78.28159,1
1002925,341,-78.0005,1
1002935,335,-78.84376,1
1002945,340,-78.14104,1
1002955,342,-77.85996,1
1002965,338,-78.42213,1
1002975,340,-78.14104,1
1002985,331,-79.40591,1
1002995,341,-78.0005,1
1003005,336,-78.70322,1
1003015,338,-78.42213,1
1003025,338,-78.42213,1
1003035,343,-77.71942,1
1003045,337,-78.56267,1
1003055,344,-77.57889,1
1003065,341,-78.0005,1
1003075,336,-78.70322,1
1003085,334,-78.9843,1
1003095,344,-77.57889,1
1003105,337,-78.56267,1
1003115,336,-78.70322,1
1003125,338,-78.42213,1
1003135,338,-78.42213,1
1003145,337,-78.56267,1
1003155,339,-78.28159,1
1003165,336,-78.70322,1
1003175,339,-78.28159,1
1003185,342,-77.85996,1
1003195,345,-77.43834,1
1003205,345,-77.43834,1
1003215,334,-78.9843,1
1003225,341,-78.0005,1
1003235,338,-78.42213,1
1003245,331,-79.40591,1
1003255,339,-78.28159,1
1003265,337,-78.56267,1
1003275,337,-78.56267,1
1003285,337,-78.56267,1
1003295,341,-78.0005,1
1003305,335,-78.84376,1
1003315,339,-78.28159,1
1003325,343,-77.71942,1
1003335,335,-78.84376,1
1003345,336,-78.70322,1
1003355,336,-78.70322,1
1003365,343,-77.71942,1
1003375,337,-78.56267,1
1003385,336,-78.70322,1
1003395,344,-77.57889,1
1003405,343,-77.71942,1
1003415,337,-78.56267,1
1003425,339,-78.28159,1
1003435,334,-78.9843,1
1003445,344,-77.57889,1
1003455,335,-78.84376,1
1003465,338,-78.42213,1
1003475,337,-78.56267,1
1003485,340,-78.14104,1
1003495,337,-78.56267,1
1003505,341,-78.0005,1
1003515,341,-78.0005,1
1003525,334,-78.9843,1
1003535,338,-78.42213,1
1003545,343,-77.71942,1
1003555,342,-77.85996,1
1003565,335,-78.84376,1
1003575,339,-78.28159,1
1003585,341,-78.0005,1
1003595,338,-78.42213,1
1003605,338,-78.42213,1
1003615,338,-78.42213,1
1003625,340,-78.14104,1
1003635,341,-78.0005,1
1003645,332,-79.26537,1
1003655,339,-78.28159,1
1003665,338,-78.42213,1
1003675,341,-78.0005,1
1003685,338,-78.42213,1
1003695,341,-78.0005,1
1003705,340,-78.14104,1
1003715,337,-78.56267,1
1003725,343,-77.71942,1
1003735,344,-77.57889,1
1003745,337,-78.56267,1
1003755,334,-78.9843,1
1003765,338,-78.42213,1
1003775,344,-77.57889,1
1003785,346,-77.2978,1
1003795,341,-78.0005,1
1003805,332,-79.26537,1
1003815,335,-78.84376,1
1003825,343,-77.71942,1
1003835,341,-78.0005,1
1003845,344,-77.57889,1
1003855,343,-77.71942,1
1003865,338,-78.42213,1
1003875,340,-78.14104,1
1003885,341,-78.0005,1
1003895,337,-78.56267,1
1003905,347,-77.15726,1
1003915,341,-78.0005,1
1003925,345,-77.43834,1
1003935,345,-77.43834,1
1003945,339,-78.28159,1
1003955,333,-79.12484,1
1003965,339,-78.28159,1
1003975,342,-77.85996,1
1003985,342,-77.85996,1
1003995,338,-78.42213,1
1004005,341,-78.0005,1
1004015,337,-78.56267,1
1004025,343,-77.71942,1
1004035,335,-78.84376,1
1004045,334,-78.9843,1
1004055,340,-78.14104,1
1004065,337,-78.56267,1
1004075,340,-78.14104,1
1004085,337,-78.56267,1
1004095,349,-76.87617,1
1004105,342,-77.85996,1
1004115,338,-78.42213,1
1004125,336,-78.70322,1
1004135,338,-78.42213,1
1004145,335,-78.84376,1
1004155,339,-78.28159,1
1004165,336,-78.70322,1
1004175,338,-78.42213,1
1004185,340,-78.14104,1
1004195,339,-78.28159,1
1004205,352,-76.45454,1
1004215,340,-78.14104,1
1004225,344,-77.57889,1
1004235,342,-77.85996,1
1004245,344,-77.57889,1
1004255,341,-78.0005,1
1004265,337,-78.56267,1
1004275,348,-77.01672,1
1004285,341,-78.0005,1
1004295,335,-78.84376,1
1004305,345,-77.43834,1
1004315,345,-77.43834,1
1004325,342,-77.85996,1
1004335,338,-78.42213,1
1004345,340,-78.14104,1
1004355,336,-78.70322,1
1004365,335,-78.84376,1
1004375,332,-79.26537,1
1004385,337,-78.56267,1
1004395,338,-78.42213,1
1004405,342,-77.85996,1
1004415,335,-78.84376,1
1004425,347,-77.15726,1
1004435,339,-78.28159,1
1004445,341,-78.0005,1
1004455,341,-78.0005,1
1004465,337,-78.56267,1
1004475,337,-78.56267,1
1004485,343,-77.71942,1
1004495,345,-77.43834,1
1004505,333,-79.12484,1
1004515,340,-78.14104,1
1004525,342,-77.85996,1
1004535,346,-77.2978,1
1004545,340,-78.14104,1
1004555,339,-78.28159,1
1004565,342,-77.85996,1
1004575,340,-78.14104,1
1004585,344,-77.57889,1
1004595,342,-77.85996,1
1004605,344,-77.57889,1
1004615,340,-78.14104,1
1004625,340,-78.14104,1
1004635,336,-78.70322,1
1004645,337,-78.56267,1
1004655,341,-78.0005,1
1004665,341,-78.0005,1
1004675,340,-78.14104,1
1004685,341,-78.0005,1
1004695,336,-78.70322,1
1004705,351,-76.59509,1
1004715,342,-77.85996,1
1004725,341,-78.0005,1
1004735,340,-78.14104,1
1004745,338,-78.42213,1
1004755,348,-77.01672,1
1004765,336,-78.70322,1
1004775,349,-76.87617,1
1004785,338,-78.42213,1
1004795,340,-78.14104,1
1004805,340,-78.14104,1
1004815,338,-78.42213,1
1004825,342,-77.85996,1
1004835,339,-78.28159,1
1004845,332,-79.26537,1
1004855,341,-78.0005,1
1004865,341,-78.0005,1
1004875,339,-78.28159,1
1004885,339,-78.28159,1
1004895,342,-77.85996,1
1004905,343,-77.71942,1
1004915,344,-77.57889,1
1004925,476,-59.02741,1
1004935,578,-44.69218,1
1004945,664,-32.60561,1
1004955,729,-23.47043,1
1004965,792,-14.61632,1
1004975,846,-7.027069,1
1004985,881,-2.108124,1
1004995,927,4.356796,1
1005005,955,8.291939,1
1005015,982,12.08656,1
1005025,995,13.9136,1
1005035,975,11.10276,1
1005045,983,12.2271,1
1005055,997,14.19469,1
1005065,1014,16.58388,1
1005075,1002,14.89738,1
1005085,999,14.47577,1
1005095,999,14.47577,1
1005105,984,12.36763,1
1005115,999,14.47577,1
1005125,1016,16.86496,1
1005135,1001,14.75685,1
1005145,1000,14.61629,1
1005155,989,13.07034,1
1005165,1001,14.75685,1
1005175,1016,16.86496,1
1005185,1012,16.3028,1
1005195,1002,14.89738,1
1005205,994,13.77306,1
1005215,990,13.2109,1
1005225,1012,16.3028,1
1005235,1007,15.60009,1
1005245,1015,16.72443,1
1005255,991,13.35143,1
1005265,983,12.2271,1
1005275,1012,16.3028,1
1005285,1020,17.42712,1
1005295,1007,15.60009,1
1005305,1002,14.89738,1
1005315,995,13.9136,1
1005325,1002,14.89738,1
1005335,1005,15.31901,1
1005345,1023,17.84875,1
1005355,1012,16.3028,1
1005365,992,13.49197,1
1005375,991,13.35143,0
1005385,998,14.33522,0
1005395,1004,15.17848,0
1005405,1005,15.31901,0
1005415,944,6.745987,0
1005425,924,3.935158,0
1005435,912,2.24865,0
1005445,907,1.545952,0
1005455,911,2.108109,0
1005465,895,-0.140541,0
1005475,897,0.140541,0
1005485,891,-0.702713,0
1005495,893,-0.421631,0
1005505,904,1.124329,0
1005515,894,-0.28109,0
1005525,894,-0.28109,0
1005535,897,0.140541,0
1005545,907,1.545952,0
1005555,898,0.281067,0
1005565,895,-0.140541,0
1005575,892,-0.562172,0
1005585,886,-1.405411,0
1005595,891,-0.702713,0
1005605,891,-0.702713,0
1005615,896,0,0
1005625,893,-0.421631,0
1005635,904,1.124329,0
1005645,898,0.281067,0
1005655,905,1.26487,0
1005665,897,0.140541,0
1005675,888,-1.124344,0
1005685,890,-0.843254,0
1005695,887,-1.26487,0
1005705,896,0,0
1005715,889,-0.983803,0
1005725,896,0,0
1005735,897,0.140541,0
1005745,893,-0.421631,0
1005755,894,-0.28109,0
1005765,893,-0.421631,0
1005775,888,-1.124344,0
1005785,897,0.140541,0
1005795,903,0.98378,0
1005805,894,-0.28109,0
1005815,902,0.843239,0
1005825,893,-0.421631,0
1005835,889,-0.983803,0
1005845,902,0.843239,0
1005855,897,0.140541,0
1005865,897,0.140541,0
1005875,894,-0.28109,0
1005885,897,0.140541,0
1005895,897,0.140541,0
1005905,898,0.281067,0
1005915,900,0.562157,0
1005925,896,0,0
1005935,884,-1.686501,0
1005945,889,-0.983803,0
1005955,888,-1.124344,0
1005965,889,-0.983803,0
1005975,889,-0.983803,0
1005985,891,-0.702713,0
1005995,895,-0.140541,0
1006005,908,1.686493,0
1006015,898,0.281067,0
1006025,900,0.562157,0
1006035,890,-0.843254,0
1006045,893,-0.421631,0
1006055,891,-0.702713,0
1006065,890,-0.843254,0
1006075,901,0.702698,0
1006085,889,-0.983803,0
1006095,884,-1.686501,0
1006105,903,0.98378,0
1006115,886,-1.405411,0
1006125,890,-0.843254,0
1006135,894,-0.28109,0
1006145,897,0.140541,0
1006155,899,0.421623,0
1006165,898,0.281067,0
1006175,896,0,0
1006185,890,-0.843254,0
1006195,893,-0.421631,0
1006205,886,-1.405411,0
1006215,887,-1.26487,0
1006225,893,-0.421631,0
1006235,888,-1.124344,0
1006245,899,0.421623,0
1006255,896,0,0
1006265,889,-0.983803,0
1006275,897,0.140541,0
1006285,899,0.421623,0
1006295,897,0.140541,0
1006305,894,-0.28109,0
1006315,889,-0.983803,0
1006325,895,-0.140541,0
1006335,892,-0.562172,0
1006345,891,-0.702713,0
1006355,897,0.140541,0
1006365,895,-0.140541,0
1006375,896,0,0
1006385,884,-1.686501,0
1006395,892,-0.562172,0
1006405,881,-2.108124,0
1006415,891,-0.702713,0
1006425,893,-0.421631,0
1006435,898,0.281067,0
1006445,893,-0.421631,0
1006455,892,-0.562172,0
1006465,902,0.843239,0
1006475,896,0,0
1006485,899,0.421623,0
1006495,894,-0.28109,0
1006505,888,-1.124344,0
1006515,895,-0.140541,0
1006525,893,-0.421631,0
1006535,889,-0.983803,0
1006545,900,0.562157,0
1006555,887,-1.26487,0
1006565,889,-0.983803,0
1006575,894,-0.28109,0
1006585,890,-0.843254,0
1006595,889,-0.983803,0
1006605,890,-0.843254,0
1006615,894,-0.28109,0
1006625,895,-0.140541,0
1006635,898,0.281067,0
1006645,894,-0.28109,0
1006655,903,0.98378,0
1006665,898,0.281067,0
1006675,891,-0.702713,0
1006685,893,-0.421631,0
1006695,891,-0.702713,0
1006705,900,0.562157,0
1006715,897,0.140541,0
1006725,894,-0.28109,0
1006735,892,-0.562172,0
1006745,904,1.124329,0
1006755,894,-0.28109,0
1006765,896,0,0
1006775,887,-1.26487,0
1006785,896,0,0
1006795,898,0.281067,0
1006805,896,0,0
1006815,892,-0.562172,0
1006825,892,-0.562172,0
1006835,890,-0.843254,0
1006845,901,0.702698,0
1006855,895,-0.140541,0
1006865,900,0.562157,0
1006875,890,-0.843254,0
1006885,896,0,0
1006895,894,-0.28109,0
1006905,899,0.421623,0
1006915,894,-0.28109,0
1006925,896,0,0
1006935,898,0.281067,0
1006945,901,0.702698,0
1006955,891,-0.702713,0
1006965,896,0,0
1006975,892,-0.562172,0
1006985,886,-1.405411,0
1006995,904,1.124329,0
1007005,884,-1.686501,0
1007015,898,0.281067,0
1007025,892,-0.562172,0
1007035,894,-0.28109,0
1007045,893,-0.421631,0
1007055,893,-0.421631,0
1007065,902,0.843239,0
1007075,899,0.421623,0
1007085,896,0,0
1007095,899,0.421623,0
1007105,892,-0.562172,0
1007115,895,-0.140541,0
1007125,897,0.140541,0
1007135,887,-1.26487,0
1007145,888,-1.124344,0
1007155,893,-0.421631,0
1007165,894,-0.28109,0
1007175,891,-0.702713,0
1007185,890,-0.843254,0
1007195,894,-0.28109,0
1007205,894,-0.28109,0
1007215,892,-0.562172,0
1007225,891,-0.702713,0
1007235,890,-0.843254,0
1007245,887,-1.26487,0
1007255,885,-1.545967,0
1007265,879,-2.389214,0
1007275,884,-1.686501,0
1007285,891,-0.702713,0
1007295,889,-0.983803,0
1007305,897,0.140541,0
1007315,895,-0.140541,0
1007325,896,0,0
1007335,888,-1.124344,0
1007345,891,-0.702713,0
1007355,896,0,0
1007365,892,-0.562172,0
1007375,900,0.562157,0
1007385,892,-0.562172,0
1007395,889,-0.983803,0
1007405,900,0.562157,0
1007415,899,0.421623,0
1007425,895,-0.140541,0
1007435,885,-1.545967,0
1007445,895,-0.140541,0
1007455,886,-1.405411,0
1007465,897,0.140541,0
1007475,901,0.702698,0
1007485,887,-1.26487,0
1007495,889,-0.983803,0
1007505,892,-0.562172,0
1007515,903,0.98378,0
1007525,904,1.124329,0
1007535,885,-1.545967,0
1007545,895,-0.140541,0
1007555,893,-0.421631,0
1007565,908,1.686493,0
1007575,897,0.140541,0
1007585,887,-1.26487,0
1007595,893,-0.421631,0
1007605,895,-0.140541,0
1007615,888,-1.124344,0
1007625,890,-0.843254,0
1007635,887,-1.26487,0
1007645,898,0.281067,0
1007655,896,0,0
1007665,897,0.140541,0
1007675,901,0.702698,0
1007685,898,0.281067,0
1007695,891,-0.702713,0
1007705,900,0.562157,0
1007715,891,-0.702713,0
1007725,893,-0.421631,0
1007735,889,-0.983803,0
1007745,896,0,0
1007755,894,-0.28109,0
1007765,897,0.140541,0
1007775,905,1.26487,0
1007785,885,-1.545967,0
1007795,892,-0.562172,0
1007805,900,0.562157,0
1007815,895,-0.140541,0
1007825,896,0,0
1007835,891,-0.702713,0
1007845,898,0.281067,0
1007855,886,-1.405411,0
1007865,897,0.140541,0
1007875,895,-0.140541,0
1007885,895,-0.140541,0
1007895,900,0.562157,0
1007905,901,0.702698,0
1007915,893,-0.421631,0
1007925,894,-0.28109,0
1007935,899,0.421623,0
1007945,900,0.562157,0
1007955,893,-0.421631,0
1007965,900,0.562157,0
1007975,892,-0.562172,0
1007985,886,-1.405411,0
1007995,895,-0.140541,0
1008005,892,-0.562172,0
1008015,897,0.140541,0
1008025,893,-0.421631,0
1008035,889,-0.983803,0
1008045,899,0.421623,0
1008055,900,0.562157,0
1008065,893,-0.421631,0
1008075,898,0.281067,0
1008085,889,-0.983803,0
1008095,901,0.702698,0
1008105,900,0.562157,0
1008115,901,0.702698,0
1008125,893,-0.421631,0
1008135,892,-0.562172,0
1008145,897,0.140541,0
1008155,895,-0.140541,0
1008165,903,0.98378,0
1008175,892,-0.562172,0
1008185,892,-0.562172,0
1008195,889,-0.983803,0
1008205,887,-1.26487,0
1008215,891,-0.702713,0
1008225,887,-1.26487,0
1008235,892,-0.562172,0
1008245,897,0.140541,0
1008255,892,-0.562172,0
1008265,905,1.26487,0
1008275,900,0.562157,0
1008285,890,-0.843254,0
1008295,895,-0.140541,0
1008305,897,0.140541,0
1008315,891,-0.702713,0
1008325,889,-0.983803,0
1008335,883,-1.827042,0
1008345,892,-0.562172,0
1008355,898,0.281067,0
1008365,893,-0.421631,0
1008375,892,-0.562172,0
1008385,892,-0.562172,0
1008395,895,-0.140541,0
1008405,895,-0.140541,0
1008415,897,0.140541,0
1008425,889,-0.983803,0
1008435,895,-0.140541,0
1008445,895,-0.140541,0
1008455,892,-0.562172,0
1008465,887,-1.26487,0
1008475,900,0.562157,0
1008485,889,-0.983803,0
1008495,906,1.405411,0
1008505,897,0.140541,0
1008515,903,0.98378,0
1008525,899,0.421623,0
1008535,894,-0.28109,0
1008545,893,-0.421631,0
1008555,890,-0.843254,0
1008565,893,-0.421631,0
1008575,900,0.562157,0
1008585,888,-1.124344,0
1008595,892,-0.562172,0
1008605,896,0,0
1008615,895,-0.140541,0
1008625,890,-0.843254,0
1008635,892,-0.562172,0
1008645,899,0.421623,0
1008655,889,-0.983803,0
1008665,895,-0.140541,0
1008675,899,0.421623,0
1008685,894,-0.28109,0
1008695,896,0,0
1008705,901,0.702698,0
1008715,891,-0.702713,0
1008725,892,-0.562172,0
1008735,898,0.281067,0
1008745,898,0.281067,0
1008755,891,-0.702713,0
1008765,885,-1.545967,0
1008775,895,-0.140541,0
1008785,888,-1.124344,0
1008795,895,-0.140541,0
1008805,889,-0.983803,0
1008815,896,0,0
1008825,887,-1.26487,0
1008835,895,-0.140541,0
1008845,894,-0.28109,0
1008855,891,-0.702713,0
1008865,900,0.562157,0
1008875,894,-0.28109,0
1008885,896,0,0
1008895,894,-0.28109,0
1008905,903,0.98378,0
1008915,892,-0.562172,0
1008925,896,0,0
1008935,890,-0.843254,0
1008945,897,0.140541,0
1008955,899,0.421623,0
1008965,899,0.421623,0
1008975,904,1.124329,0
1008985,898,0.281067,0
1008995,907,1.545952,0
1009005,893,-0.421631,0
1009015,902,0.843239,0
1009025,900,0.562157,0
1009035,889,-0.983803,0
1009045,894,-0.28109,0
1009055,886,-1.405411,0
1009065,897,0.140541,0
1009075,888,-1.124344,0
1009085,896,0,0
1009095,896,0,0
1009105,892,-0.562172,0
1009115,899,0.421623,0
1009125,895,-0.140541,0
1009135,894,-0.28109,0
1009145,892,-0.562172,0
1009155,887,-1.26487,0
1009165,887,-1.26487,0
1009175,889,-0.983803,0
1009185,888,-1.124344,0
1009195,894,-0.28109,0
1009205,895,-0.140541,0
1009215,888,-1.124344,0
1009225,887,-1.26487,0
1009235,886,-1.405411,0
1009245,895,-0.140541,0
1009255,884,-1.686501,0
1009265,900,0.562157,0
1009275,900,0.562157,0
1009285,893,-0.421631,0
1009295,891,-0.702713,0
1009305,885,-1.545967,0
1009315,895,-0.140541,0
1009325,890,-0.843254,0
1009335,904,1.124329,0
1009345,892,-0.562172,0
1009355,897,0.140541,0
1009365,887,-1.26487,0
1009375,897,0.140541,0
1009385,891,-0.702713,0
1009395,890,-0.843254,0
1009405,892,-0.562172,0
1009415,883,-1.827042,0
1009425,905,1.26487,0
1009435,896,0,0
1009445,893,-0.421631,0
1009455,889,-0.983803,0
1009465,890,-0.843254,0
1009475,894,-0.28109,0
1009485,897,0.140541,0
1009495,895,-0.140541,0
1009505,894,-0.28109,0
1009515,888,-1.124344,0
1009525,898,0.281067,0
1009535,898,0.281067,0
1009545,896,0,0
1009555,895,-0.140541,0
1009565,902,0.843239,0
1009575,900,0.562157,0
1009585,885,-1.545967,0
1009595,897,0.140541,0
1009605,891,-0.702713,0
1009615,890,-0.843254,0
1009625,900,0.562157,0
1009635,887,-1.26487,0
1009645,888,-1.124344,0
1009655,888,-1.124344,0
1009665,900,0.562157,0
1009675,895,-0.140541,0
1009685,899,0.421623,0
1009695,900,0.562157,1
1009705,899,0.421623,1
1009715,889,-0.983803,1
1009725,891,-0.702713,1
1009735,891,-0.702713,1
1009745,892,-0.562172,1
1009755,848,-6.746002,1
1009765,844,-7.308167,1
1009775,821,-10.54062,1
1009785,827,-9.697365,1
1009795,828,-9.556824,1
1009805,818,-10.96224,1
1009815,818,-10.96224,1
1009825,812,-11.80549,1
1009835,816,-11.24332,1
1009845,815,-11.38386,1
1009855,809,-12.22711,1
1009865,811,-11.94603,1
1009875,805,-12.78927,1
1009885,809,-12.22711,1
1009895,816,-11.24332,1
1009905,816,-11.24332,1
1009915,814,-11.5244,1
1009925,807,-12.5082,1
1009935,813,-11.66494,1
1009945,820,-10.68116,1
1009955,810,-12.08657,1
1009965,805,-12.78927,1
1009975,805,-12.78927,1
1009985,813,-11.66494,1
1009995,821,-10.54062,1
1010005,815,-11.38386,1
1010015,811,-11.94603,1
1010025,805,-12.78927,1
1010035,814,-11.5244,1
1010045,819,-10.8217,1
1010055,808,-12.36765,1
1010065,819,-10.8217,1
1010075,801,-13.35144,1
1010085,807,-12.5082,1
1010095,818,-10.96224,1
1010105,805,-12.78927,1
1010115,806,-12.64874,1
1010125,802,-13.2109,1
1010135,811,-11.94603,1
1010145,821,-10.54062,1
1010155,807,-12.5082,1
1010165,808,-12.36765,1
1010175,805,-12.78927,1
1010185,813,-11.66494,1
1010195,825,-9.978447,1
1010205,810,-12.08657,1
1010215,807,-12.5082,1
1010225,804,-12.92981,1
1010235,806,-12.64874,1
1010245,823,-10.25953,1
1010255,809,-12.22711,1
1010265,814,-11.5244,1
1010275,802,-13.2109,1
1010285,814,-11.5244,1
1010295,814,-11.5244,1
1010305,811,-11.94603,1
1010315,787,-15.31902,1
1010325,742,-21.64339,1
1010335,719,-24.87584,1
1010345,703,-27.1245,1
1010355,671,-31.62183,1
1010365,653,-34.15157,1
1010375,628,-37.66511,1
1010385,608,-40.47594,1
1010395,586,-43.56785,1
1010405,579,-44.55164,1
1010415,563,-46.80031,1
1010425,548,-48.90842,1
1010435,532,-51.15709,1
1010445,521,-52.70305,1
1010455,511,-54.10846,1
1010465,502,-55.37333,1
1010475,487,-57.48146,1
1010485,474,-59.3085,1
1010495,479,-58.60579,1
1010505,461,-61.13553,0
1010515,449,-62.82204,0
1010525,445,-63.38419,0
1010535,439,-64.22745,0
1010545,481,-58.32471,0
1010555,497,-56.07604,0
1010565,506,-54.81117,0
1010575,502,-55.37333,0
1010585,504,-55.09225,0
1010595,501,-55.51388,0
1010605,502,-55.37333,0
1010615,511,-54.10846,0
1010625,497,-56.07604,0
1010635,506,-54.81117,0
1010645,502,-55.37333,0
1010655,506,-54.81117,0
1010665,503,-55.23279,0
1010675,503,-55.23279,0
1010685,503,-55.23279,0
1010695,512,-53.96792,0
1010705,507,-54.67062,0
1010715,516,-53.40575,0
1010725,512,-53.96792,0
1010735,508,-54.53009,0
1010745,508,-54.53009,0
1010755,503,-55.23279,0
1010765,514,-53.68683,0
1010775,512,-53.96792,0
1010785,510,-54.249,0
1010795,515,-53.5463,0
1010805,513,-53.82738,0
1010815,513,-53.82738,0
1010825,502,-55.37333,0
1010835,507,-54.67062,0
1010845,511,-54.10846,0
1010855,509,-54.38954,0
1010865,504,-55.09225,0
1010875,502,-55.37333,0
1010885,508,-54.53009,0
1010895,501,-55.51388,0
1010905,502,-55.37333,0
1010915,504,-55.09225,0
1010925,519,-52.98413,0
1010935,504,-55.09225,0
1010945,511,-54.10846,0
1010955,503,-55.23279,0
1010965,506,-54.81117,0
1010975,511,-54.10846,0
1010985,502,-55.37333,0
1010995,504,-55.09225,0
1011005,507,-54.67062,0
1011015,510,-54.249,0
1011025,505,-54.95171,0
1011035,508,-54.53009,0
1011045,513,-53.82738,0
1011055,507,-54.67062,0
1011065,519,-52.98413,0
1011075,508,-54.53009,0
1011085,507,-54.67062,0
1011095,513,-53.82738,0
1011105,506,-54.81117,0
1011115,514,-53.68683,0
1011125,513,-53.82738,0
1011135,507,-54.67062,0
1011145,507,-54.67062,0
1011155,502,-55.37333,0
1011165,511,-54.10846,0
1011175,505,-54.95171,0
1011185,517,-53.26521,0
1011195,512,-53.96792,0
1011205,507,-54.67062,0
1011215,506,-54.81117,0
1011225,515,-53.5463,0
1011235,508,-54.53009,0
1011245,517,-53.26521,0
1011255,509,-54.38954,0
1011265,509,-54.38954,0
1011275,508,-54.53009,0
1011285,506,-54.81117,0
1011295,511,-54.10846,0
1011305,507,-54.67062,0
1011315,505,-54.95171,0
1011325,511,-54.10846,0
1011335,517,-53.26521,0
1011345,506,-54.81117,0
1011355,505,-54.95171,0
1011365,516,-53.40575,0
1011375,502,-55.37333,0
1011385,516,-53.40575,0
1011395,508,-54.53009,0
1011405,500,-55.65442,0
1011415,507,-54.67062,0
1011425,506,-54.81117,0
1011435,515,-53.5463,0
1011445,507,-54.67062,0
1011455,506,-54.81117,0
1011465,505,-54.95171,0
1011475,513,-53.82738,0
1011485,512,-53.96792,0
1011495,512,-53.96792,0
1011505,506,-54.81117,0
1011515,522,-52.56251,0
1011525,518,-53.12467,0
1011535,508,-54.53009,0
1011545,510,-54.249,0
1011555,511,-54.10846,0
1011565,518,-53.12467,0
1011575,507,-54.67062,0
1011585,507,-54.67062,0
1011595,508,-54.53009,0
1011605,506,-54.81117,0
1011615,515,-53.5463,0
1011625,504,-55.09225,0
1011635,511,-54.10846,0
1011645,507,-54.67062,0
1011655,510,-54.249,0
1011665,509,-54.38954,0
1011675,508,-54.53009,0
1011685,515,-53.5463,0
1011695,512,-53.96792,0
1011705,513,-53.82738,0
1011715,508,-54.53009,0
1011725,518,-53.12467,0
1011735,512,-53.96792,0
1011745,502,-55.37333,0
1011755,505,-54.95171,0
1011765,517,-53.26521,0
1011775,504,-55.09225,0
1011785,506,-54.81117,0
1011795,513,-53.82738,0
1011805,502,-55.37333,0
1011815,502,-55.37333,0
1011825,512,-53.96792,0
1011835,520,-52.84359,0
1011845,509,-54.38954,0
1011855,510,-54.249,0
1011865,507,-54.67062,0
1011875,504,-55.09225,0
1011885,509,-54.38954,0
1011895,512,-53.96792,0
1011905,510,-54.249,0
1011915,510,-54.249,0
1011925,513,-53.82738,0
1011935,509,-54.38954,0
1011945,520,-52.84359,0
1011955,506,-54.81117,0
1011965,512,-53.96792,0
1011975,503,-55.23279,0
1011985,507,-54.67062,0
1011995,499,-55.79496,0
1012005,505,-54.95171,0
1012015,515,-53.5463,0
1012025,519,-52.98413,0
1012035,508,-54.53009,0
1012045,507,-54.67062,0
1012055,508,-54.53009,0
1012065,521,-52.70305,0
1012075,514,-53.68683,0
1012085,523,-52.42196,0
1012095,513,-53.82738,0
1012105,503,-55.23279,0
1012115,504,-55.09225,0
1012125,509,-54.38954,0
1012135,507,-54.67062,0
1012145,512,-53.96792,0
1012155,506,-54.81117,0
1012165,502,-55.37333,0
1012175,504,-55.09225,0
1012185,508,-54.53009,0
1012195,522,-52.56251,0
1012205,504,-55.09225,0
1012215,507,-54.67062,0
1012225,506,-54.81117,0
1012235,509,-54.38954,0
1012245,504,-55.09225,0
1012255,508,-54.53009,0
1012265,508,-54.53009,0
1012275,513,-53.82738,0
1012285,512,-53.96792,0
1012295,506,-54.81117,0
1012305,508,-54.53009,0
1012315,513,-53.82738,0
1012325,510,-54.249,0
1012335,511,-54.10846,0
1012345,507,-54.67062,0
1012355,511,-54.10846,0
1012365,513,-53.82738,0
1012375,509,-54.38954,0
1012385,523,-52.42196,0
1012395,516,-53.40575,0
1012405,509,-54.38954,0
1012415,506,-54.81117,0
1012425,511,-54.10846,0
1012435,506,-54.81117,0
1012445,506,-54.81117,0
1012455,508,-54.53009,0
1012465,513,-53.82738,0
1012475,508,-54.53009,0
1012485,509,-54.38954,0
1012495,519,-52.98413,0
1012505,508,-54.53009,0
1012515,508,-54.53009,0
1012525,517,-53.26521,0
1012535,509,-54.38954,0
1012545,512,-53.96792,0
1012555,505,-54.95171,0
1012565,512,-53.96792,0
1012575,513,-53.82738,0
1012585,519,-52.98413,0
1012595,510,-54.249,0
1012605,514,-53.68683,0
1012615,510,-54.249,0
1012625,515,-53.5463,0
1012635,521,-52.70305,0
1012645,515,-53.5463,0
1012655,510,-54.249,0
1012665,507,-54.67062,0
1012675,514,-53.68683,0
1012685,515,-53.5463,0
1012695,508,-54.53009,0
1012705,515,-53.5463,0
1012715,512,-53.96792,0
1012725,524,-52.28142,0
1012735,507,-54.67062,0
1012745,516,-53.40575,0
1012755,512,-53.96792,0
1012765,519,-52.98413,0
1012775,511,-54.10846,0
1012785,514,-53.68683,0
1012795,517,-53.26521,0
1012805,513,-53.82738,0
1012815,516,-53.40575,0
1012825,511,-54.10846,0
1012835,504,-55.09225,0
1012845,511,-54.10846,0
1012855,520,-52.84359,0
1012865,503,-55.23279,0
1012875,505,-54.95171,0
1012885,516,-53.40575,0
1012895,511,-54.10846,0
1012905,516,-53.40575,0
1012915,510,-54.249,0
1012925,513,-53.82738,0
1012935,511,-54.10846,0
1012945,512,-53.96792,0
1012955,515,-53.5463,0
1012965,516,-53.40575,0
1012975,519,-52.98413,0
1012985,511,-54.10846,0
1012995,516,-53.40575,0
1013005,508,-54.53009,0
1013015,514,-53.68683,0
1013025,510,-54.249,0
1013035,511,-54.10846,0
1013045,506,-54.81117,0
1013055,514,-53.68683,0
1013065,509,-54.38954,0
1013075,511,-54.10846,0
1013085,517,-53.26521,0
1013095,511,-54.10846,0
1013105,510,-54.249,0
1013115,520,-52.84359,0
1013125,506,-54.81117,0
1013135,514,-53.68683,0
1013145,516,-53.40575,0
1013155,514,-53.68683,0
1013165,515,-53.5463,0
1013175,519,-52.98413,0
1013185,505,-54.95171,0
1013195,510,-54.249,0
1013205,506,-54.81117,0
1013215,520,-52.84359,0
1013225,508,-54.53009,0
1013235,513,-53.82738,0
1013245,513,-53.82738,0
1013255,515,-53.5463,0
1013265,517,-53.26521,0
1013275,517,-53.26521,0
1013285,524,-52.28142,0
1013295,519,-52.98413,0
1013305,519,-52.98413,0
1013315,512,-53.96792,0
1013325,517,-53.26521,0
1013335,520,-52.84359,0
1013345,512,-53.96792,0
1013355,519,-52.98413,0
1013365,519,-52.98413,0
1013375,515,-53.5463,0
1013385,514,-53.68683,0
1013395,518,-53.12467,0
1013405,515,-53.5463,0
1013415,510,-54.249,0
1013425,516,-53.40575,0
1013435,511,-54.10846,0
1013445,525,-52.14088,0
1013455,518,-53.12467,0
1013465,520,-52.84359,0
1013475,520,-52.84359,0
1013485,521,-52.70305,0
1013495,515,-53.5463,0
1013505,506,-54.81117,0
1013515,514,-53.68683,0
1013525,511,-54.10846,0
1013535,520,-52.84359,0
1013545,506,-54.81117,0
1013555,513,-53.82738,0
1013565,511,-54.10846,0
1013575,521,-52.70305,0
1013585,511,-54.10846,0
1013595,507,-54.67062,0
1013605,517,-53.26521,0
1013615,518,-53.12467,0
1013625,510,-54.249,0
1013635,522,-52.56251,0
1013645,508,-54.53009,0
1013655,518,-53.12467,0
1013665,510,-54.249,0
1013675,506,-54.81117,0
1013685,522,-52.56251,0
1013695,510,-54.249,0
1013705,519,-52.98413,0
1013715,512,-53.96792,0
1013725,515,-53.5463,0
1013735,517,-53.26521,0
1013745,523,-52.42196,0
1013755,517,-53.26521,0
1013765,519,-52.98413,0
1013775,520,-52.84359,0
1013785,515,-53.5463,0
1013795,523,-52.42196,0
1013805,515,-53.5463,0
1013815,521,-52.70305,0
1013825,512,-53.96792,0
1013835,511,-54.10846,0
1013845,526,-52.00034,0
1013855,529,-51.57872,0
1013865,515,-53.5463,0
1013875,517,-53.26521,0
1013885,516,-53.40575,0
1013895,510,-54.249,0
1013905,521,-52.70305,0
1013915,512,-53.96792,0
1013925,508,-54.53009,0
1013935,510,-54.249,0
1013945,514,-53.68683,0
1013955,518,-53.12467,0
1013965,514,-53.68683,0
1013975,505,-54.95171,0
1013985,514,-53.68683,0
1013995,516,-53.40575,0
1014005,517,-53.26521,0
1014015,522,-52.56251,0
1014025,518,-53.12467,0
1014035,514,-53.68683,0
1014045,514,-53.68683,0
1014055,519,-52.98413,0
1014065,522,-52.56251,0
1014075,519,-52.98413,0
1014085,511,-54.10846,0
1014095,519,-52.98413,0
1014105,517,-53.26521,0
1014115,513,-53.82738,0
1014125,519,-52.98413,0
1014135,512,-53.96792,0
1014145,507,-54.67062,0
1014155,520,-52.84359,0
1014165,509,-54.38954,0
1014175,520,-52.84359,0
1014185,510,-54.249,0
1014195,516,-53.40575,0
1014205,519,-52.98413,0
1014215,513,-53.82738,0
1014225,514,-53.68683,0
1014235,517,-53.26521,0
1014245,511,-54.10846,0
1014255,508,-54.53009,0
1014265,517,-53.26521,0
1014275,509,-54.38954,0
1014285,519,-52.98413,0
1014295,523,-52.42196,0
1014305,520,-52.84359,0
1014315,520,-52.84359,0
1014325,509,-54.38954,0
1014335,510,-54.249,0
1014345,512,-53.96792,0
1014355,508,-54.53009,0
1014365,515,-53.5463,0
1014375,507,-54.67062,0
1014385,521,-52.70305,0
1014395,508,-54.53009,0
1014405,514,-53.68683,0
1014415,516,-53.40575,0
1014425,516,-53.40575,0
1014435,513,-53.82738,0
1014445,521,-52.70305,0
1014455,515,-53.5463,0
1014465,515,-53.5463,0
1014475,506,-54.81117,0
1014485,521,-52.70305,0
1014495,517,-53.26521,0
1014505,506,-54.81117,0
1014515,521,-52.70305,0
1014525,515,-53.5463,0
1014535,524,-52.28142,0
1014545,518,-53.12467,0
1014555,515,-53.5463,0
1014565,517,-53.26521,0
1014575,510,-54.249,0
1014585,517,-53.26521,0
1014595,510,-54.249,0
1014605,519,-52.98413,0
1014615,516,-53.40575,0
1014625,508,-54.53009,0
1014635,524,-52.28142,0
1014645,519,-52.98413,0
1014655,523,-52.42196,0
1014665,519,-52.98413,0
1014675,519,-52.98413,0
1014685,507,-54.67062,0
1014695,515,-53.5463,0
1014705,517,-53.26521,0
1014715,514,-53.68683,0
1014725,514,-53.68683,0
1014735,515,-53.5463,0
1014745,512,-53.96792,0
1014755,513,-53.82738,0
1014765,519,-52.98413,0
1014775,519,-52.98413,0
1014785,511,-54.10846,0
1014795,521,-52.70305,0
1014805,524,-52.28142,0
1014815,520,-52.84359,0
1014825,516,-53.40575,0
1014835,521,-52.70305,0
1014845,515,-53.5463,0
1014855,522,-52.56251,0
1014865,525,-52.14088,0
1014875,518,-53.12467,0
1014885,522,-52.56251,0
1014895,517,-53.26521,0
1014905,522,-52.56251,0
1014915,516,-53.40575,0
1014925,524,-52.28142,0
1014935,512,-53.96792,0
1014945,514,-53.68683,0
1014955,515,-53.5463,0
1014965,513,-53.82738,0
1014975,524,-52.28142,0
1014985,518,-53.12467,0
1014995,512,-53.96792,0
1015005,514,-53.68683,0
1015015,512,-53.96792,0
1015025,516,-53.40575,0
1015035,515,-53.5463,0
1015045,517,-53.26521,0
1015055,520,-52.84359,0
1015065,526,-52.00034,0
1015075,513,-53.82738,0
1015085,516,-53.40575,0
1015095,520,-52.84359,0
1015105,518,-53.12467,0
1015115,518,-53.12467,0
1015125,515,-53.5463,0
1015135,514,-53.68683,0
1015145,517,-53.26521,0
1015155,517,-53.26521,0
1015165,513,-53.82738,0
1015175,516,-53.40575,0
1015185,518,-53.12467,0
1015195,516,-53.40575,0
1015205,521,-52.70305,0
1015215,515,-53.5463,0
1015225,513,-53.82738,0
1015235,514,-53.68683,0
1015245,515,-53.5463,0
1015255,518,-53.12467,0
1015265,518,-53.12467,0
1015275,516,-53.40575,0
1015285,511,-54.10846,0
1015295,516,-53.40575,0
1015305,517,-53.26521,0
1015315,522,-52.56251,0
1015325,512,-53.96792,0
1015335,522,-52.56251,0
1015345,521,-52.70305,0
1015355,519,-52.98413,0
1015365,519,-52.98413,0
1015375,516,-53.40575,0
1015385,503,-55.23279,0
1015395,521,-52.70305,0
1015405,515,-53.5463,0
1015415,514,-53.68683,0
1015425,513,-53.82738,0
1015435,525,-52.14088,0
1015445,513,-53.82738,0
1015455,521,-52.70305,0
1015465,515,-53.5463,0
1015475,521,-52.70305,0
1015485,518,-53.12467,0
1015495,514,-53.68683,0
1015505,512,-53.96792,0
1015515,523,-52.42196,0
1015525,524,-52.28142,0
1015535,519,-52.98413,0
1015545,516,-53.40575,0
1015555,514,-53.68683,0
1015565,519,-52.98413,0
1015575,516,-53.40575,0
1015585,523,-52.42196,0
1015595,513,-53.82738,0
1015605,525,-52.14088,0
1015615,511,-54.10846,0
1015625,526,-52.00034,0
1015635,518,-53.12467,0
1015645,510,-54.249,0
1015655,529,-51.57872,0
1015665,523,-52.42196,0
1015675,513,-53.82738,0
1015685,509,-54.38954,0
1015695,524,-52.28142,0
1015705,513,-53.82738,0
1015715,519,-52.98413,0
1015725,521,-52.70305,0
1015735,525,-52.14088,0
1015745,528,-51.71926,0
1015755,518,-53.12467,0
1015765,518,-53.12467,0
1015775,512,-53.96792,0
1015785,523,-52.42196,0
1015795,516,-53.40575,0
1015805,520,-52.84359,0
1015815,524,-52.28142,0
1015825,523,-52.42196,0
1015835,528,-51.71926,0
1015845,517,-53.26521,0
1015855,514,-53.68683,0
1015865,521,-52.70305,0
1015875,523,-52.42196,0
1015885,514,-53.68683,0
1015895,516,-53.40575,0
1015905,520,-52.84359,0
1015915,510,-54.249,0
1015925,514,-53.68683,0
1015935,512,-53.96792,0
1015945,520,-52.84359,0
1015955,513,-53.82738,0
1015965,509,-54.38954,0
1015975,514,-53.68683,0
1015985,507,-54.67062,0
1015995,527,-51.85979,0
1016005,521,-52.70305,0
1016015,517,-53.26521,0
1016025,512,-53.96792,0
1016035,519,-52.98413,0
1016045,517,-53.26521,0
1016055,521,-52.70305,0
1016065,523,-52.42196,0
1016075,511,-54.10846,0
1016085,519,-52.98413,0
1016095,518,-53.12467,0
1016105,511,-54.10846,0
1016115,518,-53.12467,0
1016125,516,-53.40575,0
1016135,522,-52.56251,0
1016145,517,-53.26521,0
1016155,510,-54.249,0
1016165,511,-54.10846,0
1016175,517,-53.26521,0
1016185,522,-52.56251,0
1016195,515,-53.5463,0
1016205,525,-52.14088,0
1016215,513,-53.82738,0
1016225,512,-53.96792,0
1016235,510,-54.249,0
1016245,521,-52.70305,0
1016255,515,-53.5463,0
1016265,526,-52.00034,0
1016275,516,-53.40575,0
1016285,516,-53.40575,0
1016295,516,-53.40575,0
1016305,521,-52.70305,0
1016315,524,-52.28142,0
1016325,520,-52.84359,0
1016335,517,-53.26521,0
1016345,514,-53.68683,0
1016355,529,-51.57872,0
1016365,522,-52.56251,0
1016375,511,-54.10846,0
1016385,513,-53.82738,0
1016395,515,-53.5463,0
1016405,518,-53.12467,0
1016415,524,-52.28142,0
1016425,513,-53.82738,0
1016435,517,-53.26521,0
1016445,518,-53.12467,0
1016455,521,-52.70305,0
1016465,515,-53.5463,0
1016475,517,-53.26521,0
1016485,517,-53.26521,0
1016495,527,-51.85979,0
1016505,524,-52.28142,0
1016515,526,-52.00034,0
1016525,517,-53.26521,0
1016535,513,-53.82738,0
1016545,519,-52.98413,0
1016555,521,-52.70305,0
1016565,531,-51.29763,0
1016575,517,-53.26521,0
1016585,518,-53.12467,0
1016595,515,-53.5463,0
1016605,514,-53.68683,0
1016615,515,-53.5463,0
1016625,515,-53.5463,0
1016635,523,-52.42196,0
1016645,511,-54.10846,0
1016655,521,-52.70305,0
1016665,525,-52.14088,0
1016675,518,-53.12467,0
1016685,522,-52.56251,0
1016695,529,-51.57872,0
1016705,520,-52.84359,0
1016715,519,-52.98413,0
1016725,512,-53.96792,0
1016735,515,-53.5463,0
1016745,522,-52.56251,0
1016755,528,-51.71926,0
1016765,524,-52.28142,0
1016775,517,-53.26521,0
1016785,521,-52.70305,0
1016795,515,-53.5463,1
1016805,513,-53.82738,1
1016815,518,-53.12467,1
1016825,518,-53.12467,1
1016835,502,-55.37333,1
1016845,488,-57.34092,1
1016855,488,-57.34092,1
1016865,471,-59.73012,1
1016875,463,-60.85445,1
1016885,460,-61.27608,1
1016895,443,-63.66528,1
1016905,436,-64.64906,1
1016915,434,-64.93015,1
1016925,428,-65.7734,1
1016935,427,-65.91394,1
1016945,423,-66.4761,1
1016955,417,-67.31936,1
1016965,417,-67.31936,1
1016975,404,-69.14639,1
1016985,401,-69.56802,1
1016995,405,-69.00585,1
1017005,396,-70.27072,1
1017015,397,-70.13019,1
1017025,385,-71.81668,1
1017035,387,-71.5356,1
1017045,381,-72.37885,1
1017055,385,-71.81668,1
1017065,377,-72.94101,1
1017075,371,-73.78426,1
1017085,372,-73.64372,1
1017095,366,-74.48697,1
1017105,366,-74.48697,1
1017115,360,-75.33022,1
1017125,359,-75.47076,1
1017135,358,-75.61131,1
1017145,354,-76.17346,1
1017155,363,-74.90859,1
1017165,351,-76.59509,1
1017175,355,-76.03293,1
1017185,355,-76.03293,1
1017195,353,-76.31401,1
1017205,356,-75.89239,1
1017215,347,-77.15726,1
1017225,349,-76.87617,1
1017235,343,-77.71942,1
1017245,345,-77.43834,1
1017255,342,-77.85996,1
1017265,348,-77.01672,1
1017275,350,-76.73563,1
1017285,348,-77.01672,1
1017295,346,-77.2978,1
1017305,351,-76.59509,1
1017315,343,-77.71942,1
1017325,343,-77.71942,1
1017335,348,-77.01672,1
1017345,344,-77.57889,1
1017355,342,-77.85996,1
1017365,343,-77.71942,1
1017375,335,-78.84376,1
1017385,347,-77.15726,1
1017395,341,-78.0005,1
1017405,339,-78.28159,1
1017415,347,-77.15726,1
1017425,343,-77.71942,1
1017435,346,-77.2978,1
1017445,341,-78.0005,1
1017455,345,-77.43834,1
1017465,348,-77.01672,1
1017475,342,-77.85996,1
1017485,341,-78.0005,1
1017495,339,-78.28159,1
1017505,345,-77.43834,1
1017515,342,-77.85996,1
1017525,339,-78.28159,1
1017535,348,-77.01672,1
1017545,346,-77.2978,1
1017555,346,-77.2978,1
1017565,348,-77.01672,1
1017575,338,-78.42213,1
1017585,341,-78.0005,1
1017595,341,-78.0005,1
1017605,346,-77.2978,1
1017615,341,-78.0005,1
1017625,340,-78.14104,1
1017635,345,-77.43834,1
1017645,337,-78.56267,1
1017655,341,-78.0005,1
1017665,347,-77.15726,1
1017675,341,-78.0005,1
1017685,341,-78.0005,1
1017695,342,-77.85996,1
1017705,343,-77.71942,1
1017715,337,-78.56267,1
1017725,339,-78.28159,1
1017735,346,-77.2978,1
1017745,338,-78.42213,1
1017755,347,-77.15726,1
1017765,339,-78.28159,1
1017775,342,-77.85996,1
1017785,342,-77.85996,1
1017795,337,-78.56267,1
1017805,345,-77.43834,1
1017815,341,-78.0005,1
1017825,342,-77.85996,1
1017835,339,-78.28159,1
1017845,344,-77.57889,1
1017855,338,-78.42213,1
1017865,334,-78.9843,1
1017875,345,-77.43834,1
1017885,345,-77.43834,1
1017895,349,-76.87617,1
1017905,337,-78.56267,1
1017915,348,-77.01672,1
1017925,342,-77.85996,1
1017935,340,-78.14104,1
1017945,339,-78.28159,1
1017955,339,-78.28159,1
1017965,347,-77.15726,1
1017975,343,-77.71942,1
1017985,338,-78.42213,1
1017995,339,-78.28159,1
1018005,341,-78.0005,1
1018015,347,-77.15726,1
1018025,343,-77.71942,1
1018035,346,-77.2978,1
1018045,338,-78.42213,1
1018055,341,-78.0005,1
1018065,333,-79.12484,1
1018075,341,-78.0005,1
1018085,338,-78.42213,1
1018095,339,-78.28159,1
1018105,339,-78.28159,1
1018115,337,-78.56267,1
1018125,341,-78.0005,1
1018135,341,-78.0005,1
1018145,339,-78.28159,1
1018155,336,-78.70322,1
1018165,338,-78.42213,1
1018175,340,-78.14104,1
1018185,343,-77.71942,1
1018195,339,-78.28159,1
1018205,334,-78.9843,1
1018215,338,-78.42213,1
1018225,343,-77.71942,1
1018235,338,-78.42213,1
1018245,339,-78.28159,1
1018255,336,-78.70322,1
1018265,344,-77.57889,1
1018275,336,-78.70322,1
1018285,347,-77.15726,1
1018295,341,-78.0005,1
1018305,334,-78.9843,1
1018315,345,-77.43834,1
1018325,340,-78.14104,1
1018335,337,-78.56267,1
1018345,341,-78.0005,1
1018355,345,-77.43834,1
1018365,340,-78.14104,1
1018375,330,-79.54646,1
1018385,338,-78.42213,1
1018395,334,-78.9843,1
1018405,343,-77.71942,1
1018415,344,-77.57889,1
1018425,341,-78.0005,1
1018435,340,-78.14104,1
1018445,342,-77.85996,1
1018455,339,-78.28159,1
1018465,339,-78.28159,1
1018475,339,-78.28159,1
1018485,344,-77.57889,1
1018495,341,-78.0005,1
1018505,341,-78.0005,1
1018515,336,-78.70322,1
1018525,337,-78.56267,1
1018535,338,-78.42213,1
1018545,342,-77.85996,1
1018555,340,-78.14104,1
1018565,341,-78.0005,1
1018575,339,-78.28159,1
1018585,341,-78.0005,1
1018595,335,-78.84376,1
1018605,343,-77.71942,1
1018615,341,-78.0005,1
1018625,338,-78.42213,1
1018635,340,-78.14104,1
1018645,339,-78.28159,1
1018655,336,-78.70322,1
1018665,343,-77.71942,1
1018675,332,-79.26537,1
1018685,343,-77.71942,1
1018695,339,-78.28159,1
1018705,342,-77.85996,1
1018715,342,-77.85996,1
1018725,340,-78.14104,1
1018735,333,-79.12484,1
1018745,341,-78.0005,1
1018755,345,-77.43834,1
1018765,335,-78.84376,1
1018775,335,-78.84376,1
1018785,340,-78.14104,1
1018795,337,-78.56267,1
1018805,345,-77.43834,1
1018815,336,-78.70322,1
1018825,343,-77.71942,1
1018835,343,-77.71942,1
1018845,341,-78.0005,1
1018855,347,-77.15726,1
1018865,345,-77.43834,1
1018875,341,-78.0005,1
1018885,332,-79.26537,1
1018895,336,-78.70322,1
1018905,338,-78.42213,1
1018915,339,-78.28159,1
1018925,340,-78.14104,1
1018935,343,-77.71942,1
1018945,329,-79.687,1
1018955,341,-78.0005,1
1018965,341,-78.0005,1
1018975,337,-78.56267,1
1018985,340,-78.14104,1
1018995,341,-78.0005,1
1019005,339,-78.28159,1
1019015,346,-77.2978,1
1019025,343,-77.71942,1
1019035,346,-77.2978,1
1019045,339,-78.28159,1
1019055,334,-78.9843,1
1019065,345,-77.43834,1
1019075,344,-77.57889,1
1019085,341,-78.0005,1
1019095,337,-78.56267,1
1019105,340,-78.14104,1
1019115,337,-78.56267,1
1019125,340,-78.14104,1
1019135,341,-78.0005,1
1019145,342,-77.85996,1
1019155,343,-77.71942,1
1019165,339,-78.28159,1
1019175,344,-77.57889,1
1019185,338,-78.42213,1
1019195,340,-78.14104,1
1019205,339,-78.28159,1
1019215,340,-78.14104,1
1019225,338,-78.42213,1
1019235,340,-78.14104,1
1019245,342,-77.85996,1
1019255,345,-77.43834,1
1019265,342,-77.85996,1
1019275,337,-78.56267,1
1019285,345,-77.43834,1
1019295,335,-78.84376,1
1019305,340,-78.14104,1
1019315,341,-78.0005,1
1019325,342,-77.85996,1
1019335,349,-76.87617,1
1019345,340,-78.14104,1
1019355,341,-78.0005,1
1019365,339,-78.28159,1
1019375,348,-77.01672,1
1019385,345,-77.43834,1
1019395,340,-78.14104,1
1019405,344,-77.57889,1
1019415,345,-77.43834,1
1019425,343,-77.71942,1
1019435,335,-78.84376,1
1019445,334,-78.9843,1
1019455,345,-77.43834,1
1019465,340,-78.14104,1
1019475,342,-77.85996,1
1019485,348,-77.01672,1
1019495,344,-77.57889,1
1019505,345,-77.43834,1
1019515,339,-78.28159,1
1019525,345,-77.43834,1
1019535,342,-77.85996,1
1019545,343,-77.71942,1
1019555,339,-78.28159,1
1019565,340,-78.14104,1
1019575,337,-78.56267,1
1019585,350,-76.73563,1
1019595,341,-78.0005,1
1019605,340,-78.14104,1
1019615,343,-77.71942,1
1019625,340,-78.14104,1
1019635,349,-76.87617,1
1019645,340,-78.14104,1
1019655,338,-78.42213,1
1019665,338,-78.42213,1
1019675,340,-78.14104,1
1019685,344,-77.57889,1
1019695,344,-77.57889,1
1019705,341,-78.0005,1
1019715,340,-78.14104,1
1019725,340,-78.14104,1
1019735,343,-77.71942,1
1019745,340,-78.14104,1
1019755,337,-78.56267,1
1019765,340,-78.14104,1
1019775,338,-78.42213,1
1019785,344,-77.57889,1
1019795,339,-78.28159,1
1019805,340,-78.14104,1
1019815,339,-78.28159,1
1019825,340,-78.14104,1
1019835,340,-78.14104,1
1019845,343,-77.71942,1
1019855,342,-77.85996,1
1019865,340,-78.14104,1
1019875,343,-77.71942,1
1019885,341,-78.0005,1
1019895,343,-77.71942,1
1019905,342,-77.85996,1
1019915,337,-78.56267,1
1019925,345,-77.43834,1
1019935,341,-78.0005,1
1019945,339,-78.28159,1
1019955,338,-78.42213,1
1019965,338,-78.42213,1
1019975,341,-78.0005,1
1019985,338,-78.42213,1
1019995,342,-77.85996,1
1020005,340,-78.14104,1
1020015,339,-78.28159,1
1020025,343,-77.71942,1
1020035,415,-67.60044,1
1020045,530,-51.43818,1
1020055,617,-39.21107,1
1020065,693,-28.52991,1
1020075,756,-19.67581,1
1020085,812,-11.80549,1
1020095,857,-5.481133,1
1020105,907,1.545952,1
1020115,952,7.870308,1
1020125,971,10.5406,1
1020135,967,9.978439,1
1020145,963,9.416283,1
1020155,981,11.94602,1
1020165,994,13.77306,1
1020175,1004,15.17848,1
1020185,995,13.9136,1
1020195,987,12.78926,1
1020205,983,12.2271,1
1020215,1003,15.03793,1
1020225,1001,14.75685,1
1020235,1010,16.02172,1
1020245,984,12.36763,1
1020255,982,12.08656,1
1020265,1003,15.03793,1
1020275,1003,15.03793,1
1020285,1003,15.03793,1
1020295,992,13.49197,1
1020305,990,13.2109,1
1020315,995,13.9136,1
1020325,1001,14.75685,1
1020335,1010,16.02172,1
1020345,994,13.77306,1
1020355,989,13.07034,1
1020365,986,12.64874,1
1020375,998,14.33522,1
1020385,1012,16.3028,1
1020395,1009,15.88117,1
1020405,991,13.35143,1
1020415,983,12.2271,1
1020425,995,13.9136,1
1020435,1007,15.60009,1
1020445,1005,15.31901,1
1020455,1002,14.89738,1
1020465,1001,14.75685,1
1020475,987,12.78926,0
1020485,1009,15.88117,0
1020495,1005,15.31901,0
1020505,1007,15.60009,0
1020515,989,13.07034,0
1020525,981,11.94602,0
1020535,951,7.729774,0
1020545,920,3.372978,0
1020555,914,2.529739,0
1020565,904,1.124329,0
1020575,909,1.827034,0
1020585,905,1.26487,0
1020595,891,-0.702713,0
1020605,895,-0.140541,0
1020615,887,-1.26487,0
1020625,889,-0.983803,0
1020635,892,-0.562172,0
1020645,894,-0.28109,0
1020655,888,-1.124344,0
1020665,891,-0.702713,0
1020675,897,0.140541,0
1020685,894,-0.28109,0
1020695,892,-0.562172,0
1020705,894,-0.28109,0
1020715,888,-1.124344,0
1020725,886,-1.405411,0
1020735,885,-1.545967,0
1020745,888,-1.124344,0
1020755,887,-1.26487,0
1020765,886,-1.405411,0
1020775,883,-1.827042,0
1020785,892,-0.562172,0
1020795,891,-0.702713,0
1020805,897,0.140541,0
1020815,894,-0.28109,0
1020825,897,0.140541,0
1020835,889,-0.983803,0
1020845,887,-1.26487,0
1020855,890,-0.843254,0
1020865,886,-1.405411,0
1020875,889,-0.983803,0
1020885,899,0.421623,0
1020895,892,-0.562172,0
1020905,887,-1.26487,0
1020915,886,-1.405411,0
1020925,900,0.562157,0
1020935,896,0,0
1020945,889,-0.983803,0
1020955,888,-1.124344,0
1020965,891,-0.702713,0
1020975,887,-1.26487,0
1020985,892,-0.562172,0
1020995,891,-0.702713,0
1021005,889,-0.983803,0
1021015,889,-0.983803,0
1021025,886,-1.405411,0
1021035,888,-1.124344,0
1021045,889,-0.983803,0
1021055,884,-1.686501,0
1021065,890,-0.843254,0
1021075,897,0.140541,0
1021085,888,-1.124344,0
1021095,889,-0.983803,0
1021105,892,-0.562172,0
1021115,893,-0.421631,0
1021125,896,0,0
1021135,886,-1.405411,0
1021145,884,-1.686501,0
1021155,890,-0.843254,0
1021165,891,-0.702713,0
1021175,883,-1.827042,0
1021185,887,-1.26487,0
1021195,889,-0.983803,0
1021205,889,-0.983803,0
1021215,885,-1.545967,0
1021225,887,-1.26487,0
1021235,892,-0.562172,0
1021245,888,-1.124344,0
1021255,897,0.140541,0
1021265,885,-1.545967,0
1021275,888,-1.124344,0
1021285,890,-0.843254,0
1021295,889,-0.983803,0
1021305,886,-1.405411,0
1021315,893,-0.421631,0
1021325,884,-1.686501,0
1021335,893,-0.421631,0
1021345,890,-0.843254,0
1021355,890,-0.843254,0
1021365,888,-1.124344,0
1021375,887,-1.26487,0
1021385,884,-1.686501,0
1021395,894,-0.28109,0
1021405,885,-1.545967,0
1021415,896,0,0
1021425,886,-1.405411,0
1021435,891,-0.702713,0
1021445,890,-0.843254,0
1021455,894,-0.28109,0
1021465,894,-0.28109,0
1021475,896,0,0
1021485,894,-0.28109,0
1021495,887,-1.26487,0
1021505,894,-0.28109,0
1021515,889,-0.983803,0
1021525,888,-1.124344,0
1021535,886,-1.405411,0
1021545,885,-1.545967,0
1021555,896,0,0
1021565,886,-1.405411,0
1021575,891,-0.702713,0
1021585,888,-1.124344,0
1021595,884,-1.686501,0
1021605,888,-1.124344,0
1021615,883,-1.827042,0
1021625,886,-1.405411,0
1021635,891,-0.702713,0
1021645,889,-0.983803,0
1021655,891,-0.702713,0
1021665,890,-0.843254,0
1021675,889,-0.983803,0
1021685,897,0.140541,0
1021695,890,-0.843254,0
1021705,889,-0.983803,0
1021715,884,-1.686501,0
1021725,890,-0.843254,0
1021735,889,-0.983803,0
1021745,886,-1.405411,0
1021755,888,-1.124344,0
1021765,882,-1.967583,0
1021775,886,-1.405411,0
1021785,905,1.26487,0
1021795,894,-0.28109,0
1021805,895,-0.140541,0
1021815,891,-0.702713,0
1021825,891,-0.702713,0
1021835,888,-1.124344,0
1021845,887,-1.26487,0
1021855,893,-0.421631,0
1021865,887,-1.26487,0
1021875,889,-0.983803,0
1021885,890,-0.843254,0
1021895,885,-1.545967,0
1021905,882,-1.967583,0
1021915,894,-0.28109,0
1021925,887,-1.26487,0
1021935,884,-1.686501,0
1021945,888,-1.124344,0
1021955,891,-0.702713,0
1021965,887,-1.26487,0
1021975,883,-1.827042,0
1021985,889,-0.983803,0
1021995,887,-1.26487,0
1022005,890,-0.843254,0
1022015,890,-0.843254,0
1022025,888,-1.124344,0
1022035,891,-0.702713,0
1022045,886,-1.405411,0
1022055,891,-0.702713,0
1022065,887,-1.26487,0
1022075,892,-0.562172,0
1022085,891,-0.702713,0
1022095,890,-0.843254,0
1022105,889,-0.983803,0
1022115,891,-0.702713,0
1022125,892,-0.562172,0
1022135,885,-1.545967,0
1022145,887,-1.26487,0
1022155,885,-1.545967,0
1022165,888,-1.124344,0
1022175,892,-0.562172,0
1022185,883,-1.827042,0
1022195,893,-0.421631,0
1022205,885,-1.545967,0
1022215,884,-1.686501,0
1022225,898,0.281067,0
1022235,896,0,0
1022245,889,-0.983803,0
1022255,887,-1.26487,0
1022265,889,-0.983803,0
1022275,889,-0.983803,0
1022285,889,-0.983803,0
1022295,886,-1.405411,0
1022305,900,0.562157,0
1022315,888,-1.124344,0
1022325,890,-0.843254,0
1022335,889,-0.983803,0
1022345,896,0,0
1022355,894,-0.28109,0
1022365,895,-0.140541,0
1022375,889,-0.983803,0
1022385,885,-1.545967,0
1022395,890,-0.843254,0
1022405,895,-0.140541,0
1022415,891,-0.702713,0
1022425,886,-1.405411,0
1022435,891,-0.702713,0
1022445,889,-0.983803,0
1022455,901,0.702698,0
1022465,890,-0.843254,0
1022475,896,0,0
1022485,891,-0.702713,0
1022495,896,0,0
1022505,894,-0.28109,0
1022515,887,-1.26487,0
1022525,896,0,0
1022535,897,0.140541,0
1022545,890,-0.843254,0
1022555,896,0,0
1022565,885,-1.545967,0
1022575,900,0.562157,0
1022585,893,-0.421631,0
1022595,892,-0.562172,0
1022605,890,-0.843254,0
1022615,894,-0.28109,0
1022625,899,0.421623,0
1022635,881,-2.108124,0
1022645,894,-0.28109,0
1022655,891,-0.702713,0
1022665,892,-0.562172,0
1022675,892,-0.562172,0
1022685,887,-1.26487,0
1022695,885,-1.545967,0
1022705,893,-0.421631,0
1022715,889,-0.983803,0
1022725,894,-0.28109,0
1022735,897,0.140541,0
1022745,898,0.281067,0
1022755,899,0.421623,0
1022765,898,0.281067,0
1022775,894,-0.28109,0
1022785,908,1.686493,0
1022795,892,-0.562172,0
1022805,896,0,0
1022815,889,-0.983803,0
1022825,903,0.98378,0
1022835,898,0.281067,0
1022845,889,-0.983803,0
1022855,895,-0.140541,0
1022865,891,-0.702713,0
1022875,895,-0.140541,0
1022885,892,-0.562172,0
1022895,898,0.281067,0
1022905,900,0.562157,0
1022915,894,-0.28109,0
1022925,897,0.140541,0
1022935,898,0.281067,0
1022945,900,0.562157,0
1022955,891,-0.702713,0
1022965,892,-0.562172,0
1022975,896,0,0
1022985,904,1.124329,0
1022995,893,-0.421631,0
1023005,888,-1.124344,0
1023015,889,-0.983803,0
1023025,901,0.702698,0
1023035,902,0.843239,0
1023045,899,0.421623,0
1023055,892,-0.562172,0
1023065,895,-0.140541,0
1023075,885,-1.545967,0
1023085,896,0,0
1023095,884,-1.686501,0
1023105,894,-0.28109,0
1023115,894,-0.28109,0
1023125,893,-0.421631,0
1023135,893,-0.421631,0
1023145,893,-0.421631,0
1023155,890,-0.843254,0
1023165,883,-1.827042,0
1023175,889,-0.983803,0
1023185,890,-0.843254,0
1023195,895,-0.140541,0
1023205,899,0.421623,0
1023215,887,-1.26487,0
1023225,899,0.421623,0
1023235,902,0.843239,0
1023245,892,-0.562172,0
1023255,900,0.562157,0
1023265,888,-1.124344,0
1023275,891,-0.702713,0
1023285,887,-1.26487,0
1023295,895,-0.140541,0
1023305,885,-1.545967,0
1023315,894,-0.28109,0
1023325,901,0.702698,0
1023335,894,-0.28109,0
1023345,896,0,0
1023355,899,0.421623,0
1023365,886,-1.405411,0
1023375,899,0.421623,0
1023385,895,-0.140541,0
1023395,890,-0.843254,0
1023405,892,-0.562172,0
1023415,891,-0.702713,0
1023425,896,0,0
1023435,891,-0.702713,0
1023445,891,-0.702713,0
1023455,894,-0.28109,0
1023465,883,-1.827042,0
1023475,891,-0.702713,0
1023485,893,-0.421631,0
1023495,898,0.281067,0
1023505,901,0.702698,0
1023515,891,-0.702713,0
1023525,898,0.281067,0
1023535,898,0.281067,0
1023545,892,-0.562172,0
1023555,891,-0.702713,0
1023565,896,0,0
1023575,888,-1.124344,0
1023585,904,1.124329,0
1023595,897,0.140541,0
1023605,899,0.421623,0
1023615,886,-1.405411,0
1023625,895,-0.140541,0
1023635,895,-0.140541,0
1023645,895,-0.140541,0
1023655,891,-0.702713,0
1023665,890,-0.843254,0
1023675,901,0.702698,0
1023685,893,-0.421631,0
1023695,901,0.702698,0
1023705,890,-0.843254,0
1023715,888,-1.124344,0
1023725,887,-1.26487,0
1023735,893,-0.421631,0
1023745,895,-0.140541,0
1023755,892,-0.562172,0
1023765,882,-1.967583,0
1023775,888,-1.124344,0
1023785,900,0.562157,0
1023795,897,0.140541,0
1023805,903,0.98378,0
1023815,891,-0.702713,0
1023825,896,0,0
1023835,892,-0.562172,0
1023845,886,-1.405411,0
1023855,886,-1.405411,0
1023865,887,-1.26487,0
1023875,904,1.124329,0
1023885,882,-1.967583,0
1023895,906,1.405411,0
1023905,893,-0.421631,0
1023915,887,-1.26487,0
1023925,895,-0.140541,0
1023935,898,0.281067,0
1023945,896,0,0
1023955,889,-0.983803,0
1023965,892,-0.562172,0
1023975,891,-0.702713,0
1023985,892,-0.562172,0
1023995,889,-0.983803,0
1024005,896,0,0
1024015,890,-0.843254,0
1024025,888,-1.124344,0
1024035,892,-0.562172,0
1024045,893,-0.421631,0
1024055,899,0.421623,0
1024065,885,-1.545967,0
1024075,904,1.124329,0
1024085,884,-1.686501,0
1024095,891,-0.702713,0
1024105,891,-0.702713,0
1024115,889,-0.983803,0
1024125,896,0,0
1024135,896,0,0
1024145,896,0,0
1024155,898,0.281067,0
1024165,896,0,0
1024175,894,-0.28109,0
1024185,890,-0.843254,0
1024195,899,0.421623,0
1024205,888,-1.124344,0
1024215,893,-0.421631,0
1024225,893,-0.421631,0
1024235,896,0,0
1024245,898,0.281067,0
1024255,899,0.421623,0
1024265,885,-1.545967,0
1024275,897,0.140541,0
1024285,897,0.140541,0
1024295,892,-0.562172,0
1024305,891,-0.702713,0
1024315,887,-1.26487,0
1024325,894,-0.28109,0
1024335,893,-0.421631,0
1024345,900,0.562157,0
1024355,889,-0.983803,0
1024365,894,-0.28109,0
1024375,889,-0.983803,0
1024385,892,-0.562172,0
1024395,896,0,0
1024405,893,-0.421631,0
1024415,891,-0.702713,0
1024425,896,0,0
1024435,896,0,0
1024445,903,0.98378,0
1024455,892,-0.562172,0
1024465,887,-1.26487,0
1024475,890,-0.843254,0
1024485,891,-0.702713,0
1024495,892,-0.562172,0
1024505,893,-0.421631,0
1024515,889,-0.983803,0
1024525,889,-0.983803,0
1024535,889,-0.983803,0
1024545,899,0.421623,0
1024555,899,0.421623,0
1024565,885,-1.545967,0
1024575,893,-0.421631,0
1024585,896,0,0
1024595,899,0.421623,0
1024605,888,-1.124344,0
1024615,887,-1.26487,0
1024625,902,0.843239,0
1024635,890,-0.843254,0
1024645,896,0,0
1024655,894,-0.28109,0
1024665,892,-0.562172,0
1024675,889,-0.983803,0
1024685,892,-0.562172,0
1024695,893,-0.421631,0
1024705,886,-1.405411,0
1024715,891,-0.702713,0
1024725,893,-0.421631,0
1024735,895,-0.140541,0
1024745,889,-0.983803,0
1024755,894,-0.28109,0
1024765,893,-0.421631,0
1024775,887,-1.26487,0
1024785,886,-1.405411,0
1024795,893,-0.421631,0
1024805,886,-1.405411,0
1024815,890,-0.843254,0
1024825,887,-1.26487,0
1024835,895,-0.140541,0
1024845,895,-0.140541,0
1024855,893,-0.421631,0
1024865,899,0.421623,0
1024875,897,0.140541,0
1024885,890,-0.843254,0
1024895,898,0.281067,0
1024905,885,-1.545967,0
1024915,888,-1.124344,0
1024925,899,0.421623,0
1024935,883,-1.827042,1
1024945,891,-0.702713,1
1024955,897,0.140541,1
1024965,884,-1.686501,1
1024975,891,-0.702713,1
1024985,843,-7.4487,1
1024995,846,-7.027069,1
1025005,834,-8.713577,1
1025015,820,-10.68116,1
1025025,814,-11.5244,1
1025035,804,-12.92981,1
1025045,813,-11.66494,1
1025055,814,-11.5244,1
1025065,810,-12.08657,1
1025075,818,-10.96224,1
1025085,808,-12.36765,1
1025095,819,-10.8217,1
1025105,813,-11.66494,1
1025115,810,-12.08657,1
1025125,806,-12.64874,1
1025135,807,-12.5082,1
1025145,804,-12.92981,1
1025155,813,-11.66494,1
1025165,810,-12.08657,1
1025175,821,-10.54062,1
1025185,806,-12.64874,1
1025195,808,-12.36765,1
1025205,815,-11.38386,1
1025215,812,-11.80549,1
1025225,807,-12.5082,1
1025235,802,-13.2109,1
1025245,806,-12.64874,1
1025255,813,-11.66494,1
1025265,811,-11.94603,1
1025275,812,-11.80549,1
1025285,810,-12.08657,1
1025295,807,-12.5082,1
1025305,818,-10.96224,1
1025315,813,-11.66494,1
1025325,815,-11.38386,1
1025335,805,-12.78927,1
1025345,812,-11.80549,1
1025355,813,-11.66494,1
1025365,810,-12.08657,1
1025375,820,-10.68116,1
1025385,806,-12.64874,1
1025395,811,-11.94603,1
1025405,827,-9.697365,1
1025415,802,-13.2109,1
1025425,819,-10.8217,1
1025435,804,-12.92981,1
1025445,805,-12.78927,1
1025455,816,-11.24332,1
1025465,819,-10.8217,1
1025475,815,-11.38386,1
1025485,805,-12.78927,1
1025495,812,-11.80549,1
1025505,811,-11.94603,1
1025515,820,-10.68116,1
1025525,810,-12.08657,1
1025535,802,-13.2109,1
1025545,782,-16.02173,1
1025555,739,-22.06502,1
1025565,739,-22.06502,1
1025575,701,-27.40559,1
1025585,672,-31.48129,1
1025595,640,-35.97861,1
1025605,623,-38.36781,1
1025615,614,-39.6327,1
1025625,597,-42.0219,1
1025635,572,-45.53543,1
1025645,552,-48.34626,1
1025655,538,-50.31384,1
1025665,538,-50.31384,1
1025675,522,-52.56251,1
1025685,514,-53.68683,1
1025695,493,-56.6382,1
1025705,482,-58.18416,1
1025715,486,-57.62199,1
1025725,466,-60.43282,0
1025735,459,-61.41662,0
1025745,447,-63.10312,0
1025755,444,-63.52474,0
1025765,437,-64.50853,0
1025775,436,-64.64906,0
1025785,465,-60.57337,0
1025795,494,-56.49766,0
1025805,493,-56.6382,0
1025815,495,-56.35712,0
1025825,499,-55.79496,0
1025835,490,-57.05983,0
1025845,499,-55.79496,0
1025855,498,-55.9355,0
1025865,492,-56.77875,0
1025875,501,-55.51388,0
1025885,494,-56.49766,0
1025895,499,-55.79496,0
1025905,503,-55.23279,0
1025915,494,-56.49766,0
1025925,499,-55.79496,0
1025935,496,-56.21658,0
1025945,499,-55.79496,0
1025955,498,-55.9355,0
1025965,489,-57.20037,0
1025975,501,-55.51388,0
1025985,509,-54.38954,0
1025995,503,-55.23279,0
1026005,501,-55.51388,0
1026015,499,-55.79496,0
1026025,490,-57.05983,0
1026035,507,-54.67062,0
1026045,502,-55.37333,0
1026055,498,-55.9355,0
1026065,499,-55.79496,0
1026075,501,-55.51388,0
1026085,493,-56.6382,0
1026095,497,-56.07604,0
1026105,498,-55.9355,0
1026115,500,-55.65442,0
1026125,495,-56.35712,0
1026135,500,-55.65442,0
1026145,503,-55.23279,0
1026155,499,-55.79496,0
1026165,498,-55.9355,0
1026175,492,-56.77875,0
1026185,506,-54.81117,0
1026195,502,-55.37333,0
1026205,500,-55.65442,0
1026215,497,-56.07604,0
1026225,498,-55.9355,0
1026235,495,-56.35712,0
1026245,500,-55.65442,0
1026255,501,-55.51388,0
1026265,506,-54.81117,0
1026275,505,-54.95171,0
1026285,498,-55.9355,0
1026295,501,-55.51388,0
1026305,501,-55.51388,0
1026315,501,-55.51388,0
1026325,495,-56.35712,0
1026335,499,-55.79496,0
1026345,501,-55.51388,0
1026355,499,-55.79496,0
1026365,506,-54.81117,0
1026375,500,-55.65442,0
1026385,494,-56.49766,0
1026395,505,-54.95171,0
1026405,501,-55.51388,0
1026415,506,-54.81117,0
1026425,506,-54.81117,0
1026435,501,-55.51388,0
1026445,503,-55.23279,0
1026455,492,-56.77875,0
1026465,503,-55.23279,0
1026475,499,-55.79496,0
1026485,504,-55.09225,0
1026495,502,-55.37333,0
1026505,510,-54.249,0
1026515,493,-56.6382,0
1026525,497,-56.07604,0
1026535,499,-55.79496,0
1026545,498,-55.9355,0
1026555,500,-55.65442,0
1026565,499,-55.79496,0
1026575,506,-54.81117,0
1026585,506,-54.81117,0
1026595,499,-55.79496,0
1026605,497,-56.07604,0
1026615,503,-55.23279,0
1026625,498,-55.9355,0
1026635,500,-55.65442,0
1026645,502,-55.37333,0
1026655,497,-56.07604,0
1026665,510,-54.249,0
1026675,494,-56.49766,0
1026685,500,-55.65442,0
1026695,498,-55.9355,0
1026705,498,-55.9355,0
1026715,503,-55.23279,0
1026725,501,-55.51388,0
1026735,501,-55.51388,0
1026745,496,-56.21658,0
1026755,503,-55.23279,0
1026765,499,-55.79496,0
1026775,500,-55.65442,0
1026785,490,-57.05983,0
1026795,499,-55.79496,0
1026805,498,-55.9355,0
1026815,505,-54.95171,0
1026825,504,-55.09225,0
1026835,497,-56.07604,0
1026845,493,-56.6382,0
1026855,499,-55.79496,0
1026865,497,-56.07604,0
1026875,499,-55.79496,0
1026885,498,-55.9355,0
1026895,492,-56.77875,0
1026905,500,-55.65442,0
1026915,494,-56.49766,0
1026925,504,-55.09225,0
1026935,503,-55.23279,0
1026945,506,-54.81117,0
1026955,505,-54.95171,0
1026965,498,-55.9355,0
1026975,500,-55.65442,0
1026985,496,-56.21658,0
1026995,502,-55.37333,0
1027005,500,-55.65442,0
1027015,508,-54.53009,0
1027025,505,-54.95171,0
1027035,495,-56.35712,0
1027045,496,-56.21658,0
1027055,498,-55.9355,0
1027065,504,-55.09225,0
1027075,508,-54.53009,0
1027085,497,-56.07604,0
1027095,500,-55.65442,0
1027105,500,-55.65442,0
1027115,512,-53.96792,0
1027125,508,-54.53009,0
1027135,500,-55.65442,0
1027145,508,-54.53009,0
1027155,507,-54.67062,0
1027165,505,-54.95171,0
1027175,507,-54.67062,0
1027185,507,-54.67062,0
1027195,502,-55.37333,0
1027205,505,-54.95171,0
1027215,510,-54.249,0
1027225,504,-55.09225,0
1027235,497,-56.07604,0
1027245,500,-55.65442,0
1027255,508,-54.53009,0
1027265,509,-54.38954,0
1027275,501,-55.51388,0
1027285,498,-55.9355,0
1027295,509,-54.38954,0
1027305,496,-56.21658,0
1027315,501,-55.51388,0
1027325,513,-53.82738,0
1027335,501,-55.51388,0
1027345,508,-54.53009,0
1027355,495,-56.35712,0
1027365,509,-54.38954,0
1027375,504,-55.09225,0
1027385,496,-56.21658,0
1027395,508,-54.53009,0
1027405,500,-55.65442,0
1027415,510,-54.249,0
1027425,508,-54.53009,0
1027435,502,-55.37333,0
1027445,504,-55.09225,0
1027455,509,-54.38954,0
1027465,503,-55.23279,0
1027475,500,-55.65442,0
1027485,500,-55.65442,0
1027495,497,-56.07604,0
1027505,506,-54.81117,0
1027515,501,-55.51388,0
1027525,502,-55.37333,0
1027535,505,-54.95171,0
1027545,506,-54.81117,0
1027555,498,-55.9355,0
1027565,502,-55.37333,0
1027575,504,-55.09225,0
1027585,503,-55.23279,0
1027595,507,-54.67062,0
1027605,497,-56.07604,0
1027615,500,-55.65442,0
1027625,505,-54.95171,0
1027635,501,-55.51388,0
1027645,504,-55.09225,0
1027655,505,-54.95171,0
1027665,507,-54.67062,0
1027675,498,-55.9355,0
1027685,500,-55.65442,0
1027695,506,-54.81117,0
1027705,501,-55.51388,0
1027715,503,-55.23279,0
1027725,509,-54.38954,0
1027735,500,-55.65442,0
1027745,506,-54.81117,0
1027755,499,-55.79496,0
1027765,499,-55.79496,0
1027775,508,-54.53009,0
1027785,504,-55.09225,0
1027795,505,-54.95171,0
1027805,512,-53.96792,0
1027815,502,-55.37333,0
1027825,511,-54.10846,0
1027835,505,-54.95171,0
1027845,504,-55.09225,0
1027855,505,-54.95171,0
1027865,507,-54.67062,0
1027875,505,-54.95171,0
1027885,506,-54.81117,0
1027895,508,-54.53009,0
1027905,504,-55.09225,0
1027915,498,-55.9355,0
1027925,502,-55.37333,0
1027935,509,-54.38954,0
1027945,503,-55.23279,0
1027955,499,-55.79496,0
1027965,507,-54.67062,0
1027975,508,-54.53009,0
1027985,509,-54.38954,0
1027995,506,-54.81117,0
1028005,500,-55.65442,0
1028015,508,-54.53009,0
1028025,499,-55.79496,0
1028035,496,-56.21658,0
1028045,514,-53.68683,0
1028055,501,-55.51388,0
1028065,508,-54.53009,0
1028075,509,-54.38954,0
1028085,497,-56.07604,0
1028095,508,-54.53009,0
1028105,496,-56.21658,0
1028115,502,-55.37333,0
1028125,506,-54.81117,0
1028135,498,-55.9355,0
1028145,500,-55.65442,0
1028155,506,-54.81117,0
1028165,505,-54.95171,0
1028175,505,-54.95171,0
1028185,504,-55.09225,0
1028195,503,-55.23279,0
1028205,514,-53.68683,0
1028215,505,-54.95171,0
1028225,505,-54.95171,0
1028235,503,-55.23279,0
1028245,501,-55.51388,0
1028255,497,-56.07604,0
1028265,504,-55.09225,0
1028275,510,-54.249,0
1028285,494,-56.49766,0
1028295,505,-54.95171,0
1028305,500,-55.65442,0
1028315,508,-54.53009,0
1028325,501,-55.51388,0
1028335,499,-55.79496,0
1028345,512,-53.96792,0
1028355,501,-55.51388,0
1028365,497,-56.07604,0
1028375,503,-55.23279,0
1028385,498,-55.9355,0
1028395,509,-54.38954,0
1028405,501,-55.51388,0
1028415,513,-53.82738,0
1028425,502,-55.37333,0
1028435,498,-55.9355,0
1028445,505,-54.95171,0
1028455,504,-55.09225,0
1028465,505,-54.95171,0
1028475,498,-55.9355,0
1028485,501,-55.51388,0
1028495,511,-54.10846,0
1028505,502,-55.37333,0
1028515,511,-54.10846,0
1028525,497,-56.07604,0
1028535,501,-55.51388,0
1028545,508,-54.53009,0
1028555,502,-55.37333,0
1028565,500,-55.65442,0
1028575,509,-54.38954,0
1028585,506,-54.81117,0
1028595,514,-53.68683,0
1028605,501,-55.51388,0
1028615,506,-54.81117,0
1028625,502,-55.37333,0
1028635,500,-55.65442,0
1028645,499,-55.79496,0
1028655,506,-54.81117,0
1028665,512,-53.96792,0
1028675,509,-54.38954,0
1028685,506,-54.81117,0
1028695,503,-55.23279,0
1028705,501,-55.51388,0
1028715,504,-55.09225,0
1028725,503,-55.23279,0
1028735,501,-55.51388,0
1028745,505,-54.95171,0
1028755,506,-54.81117,0
1028765,509,-54.38954,0
1028775,503,-55.23279,0
1028785,500,-55.65442,0
1028795,496,-56.21658,0
1028805,506,-54.81117,0
1028815,503,-55.23279,0
1028825,509,-54.38954,0
1028835,501,-55.51388,0
1028845,508,-54.53009,0
1028855,507,-54.67062,0
1028865,511,-54.10846,0
1028875,500,-55.65442,0
1028885,500,-55.65442,0
1028895,504,-55.09225,0
1028905,501,-55.51388,0
1028915,509,-54.38954,0
1028925,496,-56.21658,0
1028935,506,-54.81117,0
1028945,506,-54.81117,0
1028955,504,-55.09225,0
1028965,503,-55.23279,0
1028975,509,-54.38954,0
1028985,502,-55.37333,0
1028995,502,-55.37333,0
1029005,500,-55.65442,0
1029015,501,-55.51388,0
1029025,502,-55.37333,0
1029035,499,-55.79496,0
1029045,502,-55.37333,0
1029055,501,-55.51388,0
1029065,509,-54.38954,0
1029075,507,-54.67062,0
1029085,501,-55.51388,0
1029095,498,-55.9355,0
1029105,505,-54.95171,0
1029115,509,-54.38954,0
1029125,505,-54.95171,0
1029135,510,-54.249,0
1029145,503,-55.23279,0
1029155,509,-54.38954,0
1029165,502,-55.37333,0
1029175,507,-54.67062,0
1029185,509,-54.38954,0
1029195,504,-55.09225,0
1029205,504,-55.09225,0
1029215,505,-54.95171,0
1029225,503,-55.23279,0
1029235,503,-55.23279,0
1029245,511,-54.10846,0
1029255,511,-54.10846,0
1029265,505,-54.95171,0
1029275,508,-54.53009,0
1029285,499,-55.79496,0
1029295,513,-53.82738,0
1029305,503,-55.23279,0
1029315,503,-55.23279,0
1029325,513,-53.82738,0
1029335,500,-55.65442,0
1029345,511,-54.10846,0
1029355,508,-54.53009,0
1029365,506,-54.81117,0
1029375,501,-55.51388,0
1029385,516,-53.40575,0
1029395,505,-54.95171,0
1029405,501,-55.51388,0
1029415,509,-54.38954,0
1029425,502,-55.37333,0
1029435,516,-53.40575,0
1029445,503,-55.23279,0
1029455,508,-54.53009,0
1029465,509,-54.38954,0
1029475,507,-54.67062,0
1029485,508,-54.53009,0
1029495,508,-54.53009,0
1029505,514,-53.68683,0
1029515,510,-54.249,0
1029525,504,-55.09225,0
1029535,504,-55.09225,0
1029545,506,-54.81117,0
1029555,506,-54.81117,0
1029565,505,-54.95171,0
1029575,503,-55.23279,0
1029585,504,-55.09225,0
1029595,511,-54.10846,0
1029605,503,-55.23279,0
1029615,512,-53.96792,0
1029625,503,-55.23279,0
1029635,509,-54.38954,0
1029645,510,-54.249,0
1029655,506,-54.81117,0
1029665,512,-53.96792,0
1029675,509,-54.38954,0
1029685,513,-53.82738,0
1029695,511,-54.10846,0
1029705,504,-55.09225,0
1029715,506,-54.81117,0
1029725,508,-54.53009,0
1029735,506,-54.81117,0
1029745,508,-54.53009,0
1029755,510,-54.249,0
1029765,504,-55.09225,0
1029775,515,-53.5463,0
1029785,509,-54.38954,0
1029795,512,-53.96792,0
1029805,504,-55.09225,0
1029815,508,-54.53009,0
1029825,503,-55.23279,0
1029835,511,-54.10846,0
1029845,506,-54.81117,0
1029855,513,-53.82738,0
1029865,510,-54.249,0
1029875,514,-53.68683,0
1029885,508,-54.53009,0
1029895,508,-54.53009,0
1029905,509,-54.38954,0
1029915,498,-55.9355,0
1029925,509,-54.38954,0
1029935,514,-53.68683,0
1029945,511,-54.10846,0
1029955,513,-53.82738,0
1029965,509,-54.38954,0
1029975,506,-54.81117,0
1029985,508,-54.53009,0
1029995,507,-54.67062,0
1030005,501,-55.51388,0
1030015,511,-54.10846,0
1030025,499,-55.79496,0
1030035,505,-54.95171,0
1030045,500,-55.65442,0
1030055,503,-55.23279,0
1030065,511,-54.10846,0
1030075,516,-53.40575,0
1030085,507,-54.67062,0
1030095,509,-54.38954,0
1030105,504,-55.09225,0
1030115,509,-54.38954,0
1030125,505,-54.95171,0
1030135,514,-53.68683,0
1030145,507,-54.67062,0
1030155,510,-54.249,0
1030165,502,-55.37333,0
1030175,509,-54.38954,0
1030185,507,-54.67062,0
1030195,502,-55.37333,0
1030205,505,-54.95171,0
1030215,502,-55.37333,0
1030225,504,-55.09225,0
1030235,503,-55.23279,0
1030245,507,-54.67062,0
1030255,509,-54.38954,0
1030265,499,-55.79496,0
1030275,510,-54.249,0
1030285,513,-53.82738,0
1030295,510,-54.249,0
1030305,504,-55.09225,0
1030315,515,-53.5463,0
1030325,512,-53.96792,0
1030335,504,-55.09225,0
1030345,518,-53.12467,0
1030355,511,-54.10846,0
1030365,506,-54.81117,0
1030375,509,-54.38954,0
1030385,505,-54.95171,0
1030395,508,-54.53009,0
1030405,507,-54.67062,0
1030415,505,-54.95171,0
1030425,511,-54.10846,0
1030435,508,-54.53009,0
1030445,504,-55.09225,0
1030455,512,-53.96792,0
1030465,503,-55.23279,0
1030475,507,-54.67062,0
1030485,506,-54.81117,0
1030495,507,-54.67062,0
1030505,523,-52.42196,0
1030515,511,-54.10846,0
1030525,507,-54.67062,0
1030535,505,-54.95171,0
1030545,514,-53.68683,0
1030555,509,-54.38954,0
1030565,518,-53.12467,0
1030575,505,-54.95171,0
1030585,510,-54.249,0
1030595,505,-54.95171,0
1030605,506,-54.81117,0
1030615,509,-54.38954,0
1030625,500,-55.65442,0
1030635,503,-55.23279,0
1030645,514,-53.68683,0
1030655,513,-53.82738,0
1030665,518,-53.12467,0
1030675,506,-54.81117,0
1030685,506,-54.81117,0
1030695,507,-54.67062,0
1030705,514,-53.68683,0
1030715,509,-54.38954,0
1030725,513,-53.82738,0
1030735,511,-54.10846,0
1030745,508,-54.53009,0
1030755,516,-53.40575,0
1030765,510,-54.249,0
1030775,510,-54.249,0
1030785,512,-53.96792,0
1030795,515,-53.5463,0
1030805,507,-54.67062,0
1030815,506,-54.81117,0
1030825,514,-53.68683,0
1030835,511,-54.10846,0
1030845,514,-53.68683,0
1030855,507,-54.67062,0
1030865,509,-54.38954,0
1030875,506,-54.81117,0
1030885,510,-54.249,0
1030895,508,-54.53009,0
1030905,511,-54.10846,0
1030915,510,-54.249,0
1030925,515,-53.5463,0
1030935,513,-53.82738,0
1030945,510,-54.249,0
1030955,507,-54.67062,0
1030965,511,-54.10846,0
1030975,510,-54.249,0
1030985,508,-54.53009,0
1030995,510,-54.249,0
1031005,501,-55.51388,0
1031015,511,-54.10846,0
1031025,508,-54.53009,0
1031035,507,-54.67062,0
1031045,507,-54.67062,0
1031055,505,-54.95171,0
1031065,504,-55.09225,0
1031075,502,-55.37333,0
1031085,513,-53.82738,0
1031095,511,-54.10846,0
1031105,510,-54.249,0
1031115,504,-55.09225,0
1031125,511,-54.10846,0
1031135,517,-53.26521,0
1031145,505,-54.95171,0
1031155,501,-55.51388,0
1031165,516,-53.40575,0
1031175,515,-53.5463,0
1031185,500,-55.65442,0
1031195,503,-55.23279,0
1031205,512,-53.96792,0
1031215,508,-54.53009,0
1031225,512,-53.96792,0
1031235,509,-54.38954,0
1031245,509,-54.38954,0
1031255,514,-53.68683,0
1031265,518,-53.12467,0
1031275,502,-55.37333,0
1031285,505,-54.95171,0
1031295,499,-55.79496,0
1031305,505,-54.95171,0
1031315,510,-54.249,0
1031325,503,-55.23279,0
1031335,512,-53.96792,0
1031345,502,-55.37333,0
1031355,509,-54.38954,0
1031365,512,-53.96792,0
1031375,505,-54.95171,0
1031385,511,-54.10846,0
1031395,512,-53.96792,0
1031405,504,-55.09225,0
1031415,509,-54.38954,0
1031425,506,-54.81117,0
1031435,504,-55.09225,0
1031445,515,-53.5463,0
1031455,510,-54.249,0
1031465,507,-54.67062,0
1031475,505,-54.95171,0
1031485,509,-54.38954,0
1031495,510,-54.249,0
1031505,508,-54.53009,0
1031515,502,-55.37333,0
1031525,506,-54.81117,0
1031535,506,-54.81117,0
1031545,512,-53.96792,0
1031555,509,-54.38954,0
1031565,506,-54.81117,0
1031575,516,-53.40575,0
1031585,515,-53.5463,0
1031595,517,-53.26521,0
1031605,500,-55.65442,0
1031615,512,-53.96792,0
1031625,510,-54.249,0
1031635,508,-54.53009,0
1031645,511,-54.10846,0
1031655,517,-53.26521,0
1031665,510,-54.249,0
1031675,512,-53.96792,0
1031685,512,-53.96792,0
1031695,505,-54.95171,0
1031705,507,-54.67062,0
1031715,507,-54.67062,0
1031725,515,-53.5463,0
1031735,508,-54.53009,0
1031745,507,-54.67062,0
1031755,505,-54.95171,0
1031765,514,-53.68683,0
1031775,523,-52.42196,0
1031785,506,-54.81117,0
1031795,515,-53.5463,0
1031805,505,-54.95171,0
1031815,515,-53.5463,0
1031825,511,-54.10846,0
1031835,508,-54.53009,0
1031845,517,-53.26521,0
1031855,509,-54.38954,0
1031865,516,-53.40575,0
1031875,508,-54.53009,0
1031885,507,-54.67062,0
1031895,506,-54.81117,0
1031905,513,-53.82738,0
1031915,511,-54.10846,0
1031925,509,-54.38954,0
1031935,508,-54.53009,0
1031945,509,-54.38954,0
1031955,516,-53.40575,0
1031965,507,-54.67062,0
1031975,509,-54.38954,0
1031985,521,-52.70305,0
1031995,509,-54.38954,0
1032005,514,-53.68683,0
1032015,519,-52.98413,0
1032025,502,-55.37333,0
1032035,516,-53.40575,0
1032045,513,-53.82738,0
1032055,511,-54.10846,0
1032065,514,-53.68683,0
1032075,512,-53.96792,0
1032085,521,-52.70305,0
1032095,511,-54.10846,0
1032105,507,-54.67062,0
1032115,501,-55.51388,0
1032125,506,-54.81117,0
1032135,519,-52.98413,0
1032145,510,-54.249,0
1032155,504,-55.09225,0
1032165,509,-54.38954,0
1032175,510,-54.249,0
1032185,504,-55.09225,0
1032195,510,-54.249,0
1032205,511,-54.10846,0
1032215,514,-53.68683,0
1032225,506,-54.81117,0
1032235,508,-54.53009,0
1032245,505,-54.95171,0
1032255,512,-53.96792,0
1032265,509,-54.38954,0
1032275,507,-54.67062,1
1032285,513,-53.82738,1
1032295,514,-53.68683,1
1032305,501,-55.51388,1
1032315,497,-56.07604,1
1032325,482,-58.18416,1
1032335,484,-57.90308,1
1032345,465,-60.57337,1
1032355,452,-62.4004,1
1032365,456,-61.83824,1
1032375,440,-64.08691,1
1032385,436,-64.64906,1
1032395,437,-64.50853,1
1032405,419,-67.03828,1
1032415,419,-67.03828,1
1032425,422,-66.61665,1
1032435,414,-67.74098,1
1032445,408,-68.58423,1
1032455,401,-69.56802,1
1032465,390,-71.11398,1
1032475,401,-69.56802,1
1032485,389,-71.25452,1
1032495,392,-70.83289,1
1032505,387,-71.5356,1
1032515,381,-72.37885,1
1032525,380,-72.51939,1
1032535,376,-73.08156,1
1032545,375,-73.22209,1
1032555,371,-73.78426,1
1032565,364,-74.76805,1
1032575,369,-74.06535,1
1032585,365,-74.62752,1
1032595,361,-75.18967,1
1032605,359,-75.47076,1
1032615,361,-75.18967,1
1032625,358,-75.61131,1
1032635,357,-75.75184,1
1032645,357,-75.75184,1
1032655,346,-77.2978,1
1032665,360,-75.33022,1
1032675,352,-76.45454,1
1032685,352,-76.45454,1
1032695,353,-76.31401,1
1032705,345,-77.43834,1
1032715,350,-76.73563,1
1032725,350,-76.73563,1
1032735,353,-76.31401,1
1032745,351,-76.59509,1
1032755,342,-77.85996,1
1032765,351,-76.59509,1
1032775,349,-76.87617,1
1032785,346,-77.2978,1
1032795,335,-78.84376,1
1032805,344,-77.57889,1
1032815,342,-77.85996,1
1032825,347,-77.15726,1
1032835,346,-77.2978,1
1032845,346,-77.2978,1
1032855,334,-78.9843,1
1032865,344,-77.57889,1
1032875,341,-78.0005,1
1032885,337,-78.56267,1
1032895,345,-77.43834,1
1032905,347,-77.15726,1
1032915,338,-78.42213,1
1032925,345,-77.43834,1
1032935,340,-78.14104,1
1032945,345,-77.43834,1
1032955,340,-78.14104,1
1032965,341,-78.0005,1
1032975,344,-77.57889,1
1032985,342,-77.85996,1
1032995,343,-77.71942,1
1033005,339,-78.28159,1
1033015,342,-77.85996,1
1033025,345,-77.43834,1
1033035,345,-77.43834,1
1033045,336,-78.70322,1
1033055,334,-78.9843,1
1033065,346,-77.2978,1
1033075,341,-78.0005,1
1033085,338,-78.42213,1
1033095,341,-78.0005,1
1033105,337,-78.56267,1
1033115,342,-77.85996,1
1033125,342,-77.85996,1
1033135,337,-78.56267,1
1033145,335,-78.84376,1
1033155,342,-77.85996,1
1033165,342,-77.85996,1
1033175,340,-78.14104,1
1033185,340,-78.14104,1
1033195,339,-78.28159,1
1033205,339,-78.28159,1
1033215,342,-77.85996,1
1033225,337,-78.56267,1
1033235,334,-78.9843,1
1033245,329,-79.687,1
1033255,336,-78.70322,1
1033265,341,-78.0005,1
1033275,340,-78.14104,1
1033285,340,-78.14104,1
1033295,346,-77.2978,1
1033305,336,-78.70322,1
1033315,342,-77.85996,1
1033325,339,-78.28159,1
1033335,341,-78.0005,1
1033345,338,-78.42213,1
1033355,334,-78.9843,1
1033365,339,-78.28159,1
1033375,339,-78.28159,1
1033385,339,-78.28159,1
1033395,339,-78.28159,1
1033405,339,-78.28159,1
1033415,339,-78.28159,1
1033425,335,-78.84376,1
1033435,340,-78.14104,1
1033445,337,-78.56267,1
1033455,337,-78.56267,1
1033465,330,-79.54646,1
1033475,342,-77.85996,1
1033485,341,-78.0005,1
1033495,332,-79.26537,1
1033505,340,-78.14104,1
1033515,340,-78.14104,1
1033525,343,-77.71942,1
1033535,340,-78.14104,1
1033545,343,-77.71942,1
1033555,344,-77.57889,1
1033565,342,-77.85996,1
1033575,335,-78.84376,1
1033585,336,-78.70322,1
1033595,335,-78.84376,1
1033605,333,-79.12484,1
1033615,332,-79.26537,1
1033625,340,-78.14104,1
1033635,336,-78.70322,1
1033645,340,-78.14104,1
1033655,337,-78.56267,1
1033665,336,-78.70322,1
1033675,335,-78.84376,1
1033685,342,-77.85996,1
1033695,339,-78.28159,1
1033705,339,-78.28159,1
1033715,339,-78.28159,1
1033725,339,-78.28159,1
1033735,335,-78.84376,1
1033745,331,-79.40591,1
1033755,334,-78.9843,1
1033765,336,-78.70322,1
1033775,338,-78.42213,1
1033785,340,-78.14104,1
1033795,331,-79.40591,1
1033805,340,-78.14104,1
1033815,338,-78.42213,1
1033825,336,-78.70322,1
1033835,338,-78.42213,1
1033845,334,-78.9843,1
1033855,341,-78.0005,1
1033865,346,-77.2978,1
1033875,340,-78.14104,1
1033885,338,-78.42213,1
1033895,340,-78.14104,1
1033905,338,-78.42213,1
1033915,334,-78.9843,1
1033925,336,-78.70322,1
1033935,336,-78.70322,1
1033945,341,-78.0005,1
1033955,342,-77.85996,1
1033965,341,-78.0005,1
1033975,345,-77.43834,1
1033985,341,-78.0005,1
1033995,332,-79.26537,1
1034005,340,-78.14104,1
1034015,335,-78.84376,1
1034025,338,-78.42213,1
1034035,338,-78.42213,1
1034045,345,-77.43834,1
1034055,338,-78.42213,1
1034065,334,-78.9843,1
1034075,334,-78.9843,1
1034085,341,-78.0005,1
1034095,334,-78.9843,1
1034105,337,-78.56267,1
1034115,340,-78.14104,1
1034125,334,-78.9843,1
1034135,338,-78.42213,1
1034145,343,-77.71942,1
1034155,335,-78.84376,1
1034165,339,-78.28159,1
1034175,340,-78.14104,1
1034185,345,-77.43834,1
1034195,338,-78.42213,1
1034205,344,-77.57889,1
1034215,338,-78.42213,1
1034225,341,-78.0005,1
1034235,335,-78.84376,1
1034245,340,-78.14104,1
1034255,334,-78.9843,1
1034265,342,-77.85996,1
1034275,338,-78.42213,1
1034285,341,-78.0005,1
1034295,339,-78.28159,1
1034305,343,-77.71942,1
1034315,343,-77.71942,1
1034325,336,-78.70322,1
1034335,337,-78.56267,1
1034345,340,-78.14104,1
1034355,337,-78.56267,1
1034365,341,-78.0005,1
1034375,336,-78.70322,1
1034385,338,-78.42213,1
1034395,336,-78.70322,1
1034405,342,-77.85996,1
1034415,334,-78.9843,1
1034425,336,-78.70322,1
1034435,341,-78.0005,1
1034445,341,-78.0005,1
1034455,337,-78.56267,1
1034465,337,-78.56267,1
1034475,344,-77.57889,1
1034485,336,-78.70322,1
1034495,337,-78.56267,1
1034505,337,-78.56267,1
1034515,339,-78.28159,1
1034525,338,-78.42213,1
1034535,337,-78.56267,1
1034545,339,-78.28159,1
1034555,333,-79.12484,1
1034565,338,-78.42213,1
1034575,340,-78.14104,1
1034585,337,-78.56267,1
1034595,344,-77.57889,1
1034605,343,-77.71942,1
1034615,339,-78.28159,1
1034625,338,-78.42213,1
1034635,337,-78.56267,1
1034645,338,-78.42213,1
1034655,343,-77.71942,1
1034665,337,-78.56267,1
1034675,340,-78.14104,1
1034685,342,-77.85996,1
1034695,342,-77.85996,1
1034705,334,-78.9843,1
1034715,345,-77.43834,1
1034725,334,-78.9843,1
1034735,337,-78.56267,1
1034745,336,-78.70322,1
1034755,335,-78.84376,1
1034765,345,-77.43834,1
1034775,341,-78.0005,1
1034785,343,-77.71942,1
1034795,336,-78.70322,1
1034805,336,-78.70322,1
1034815,342,-77.85996,1
1034825,341,-78.0005,1
1034835,339,-78.28159,1
1034845,340,-78.14104,1
1034855,349,-76.87617,1
1034865,340,-78.14104,1
1034875,343,-77.71942,1
1034885,347,-77.15726,1
1034895,337,-78.56267,1
1034905,342,-77.85996,1
1034915,344,-77.57889,1
1034925,341,-78.0005,1
1034935,333,-79.12484,1
1034945,330,-79.54646,1
1034955,337,-78.56267,1
1034965,335,-78.84376,1
1034975,341,-78.0005,1
1034985,342,-77.85996,1
1034995,347,-77.15726,1
1035005,341,-78.0005,1
1035015,337,-78.56267,1
1035025,334,-78.9843,1
1035035,345,-77.43834,1
1035045,333,-79.12484,1
1035055,340,-78.14104,1
1035065,341,-78.0005,1
1035075,334,-78.9843,1
1035085,341,-78.0005,1
1035095,346,-77.2978,1
1035105,335,-78.84376,1
1035115,339,-78.28159,1
1035125,337,-78.56267,1
1035135,340,-78.14104,1
1035145,343,-77.71942,1
1035155,338,-78.42213,1
1035165,343,-77.71942,1
1035175,333,-79.12484,1
1035185,337,-78.56267,1
1035195,348,-77.01672,1
1035205,340,-78.14104,1
1035215,335,-78.84376,1
1035225,335,-78.84376,1
1035235,334,-78.9843,1
1035245,334,-78.9843,1
1035255,334,-78.9843,1
1035265,344,-77.57889,1
1035275,337,-78.56267,1
1035285,339,-78.28159,1
1035295,334,-78.9843,1
1035305,338,-78.42213,1
1035315,331,-79.40591,1
1035325,336,-78.70322,1
1035335,344,-77.57889,1
1035345,339,-78.28159,1
1035355,344,-77.57889,1
1035365,339,-78.28159,1
1035375,340,-78.14104,1
1035385,344,-77.57889,1
1035395,346,-77.2978,1
1035405,337,-78.56267,1
1035415,341,-78.0005,1
1035425,333,-79.12484,1
1035435,345,-77.43834,1
1035445,337,-78.56267,1
1035455,340,-78.14104,1
1035465,337,-78.56267,1
1035475,339,-78.28159,1
1035485,340,-78.14104,1
1035495,368,-74.20589,1
1035505,498,-55.9355,1
1035515,596,-42.16244,1
1035525,670,-31.76237,1
1035535,748,-20.80015,1
1035545,803,-13.07037,1
1035555,853,-6.043289,1
1035565,894,-0.28109,1
1035575,943,6.605431,1
1035585,978,11.52439,1
1035595,971,10.5406,1
1035605,965,9.697357,1
1035615,993,13.63251,1
1035625,1003,15.03793,1
1035635,1009,15.88117,1
1035645,1002,14.89738,1
1035655,988,12.92982,1
1035665,988,12.92982,1
1035675,1004,15.17848,1
1035685,1003,15.03793,1
1035695,1016,16.86496,1
1035705,992,13.49197,1
1035715,995,13.9136,1
1035725,999,14.47577,1
1035735,1018,17.14606,1
1035745,1002,14.89738,1
1035755,998,14.33522,1
1035765,994,13.77306,1
1035775,993,13.63251,1
1035785,1020,17.42712,1
1035795,1016,16.86496,1
1035805,1008,15.74064,1
1035815,993,13.63251,1
1035825,983,12.2271,1
1035835,1001,14.75685,1
1035845,1012,16.3028,1
1035855,1008,15.74064,1
1035865,996,14.05414,1
1035875,983,12.2271,1
1035885,1002,14.89738,1
1035895,1006,15.45956,1
1035905,1014,16.58388,1
1035915,1004,15.17848,1
1035925,1001,14.75685,1
1035935,994,13.77306,1
1035945,1001,14.75685,0
1035955,1017,17.00551,0
1035965,998,14.33522,0
1035975,989,13.07034,0
1035985,991,13.35143,0
1035995,998,14.33522,0
1036005,986,12.64874,0
1036015,930,4.778404,0
1036025,921,3.513527,0
1036035,909,1.827034,0
1036045,907,1.545952,0
1036055,910,1.967575,0
1036065,899,0.421623,0
1036075,896,0,0
1036085,899,0.421623,0
1036095,890,-0.843254,0
1036105,897,0.140541,0
1036115,896,0,0
1036125,889,-0.983803,0
1036135,898,0.281067,0
1036145,899,0.421623,0
1036155,886,-1.405411,0
1036165,892,-0.562172,0
1036175,891,-0.702713,0
1036185,896,0,0
1036195,895,-0.140541,0
1036205,896,0,0
1036215,902,0.843239,0
1036225,894,-0.28109,0
1036235,894,-0.28109,0
1036245,893,-0.421631,0
1036255,894,-0.28109,0
1036265,898,0.281067,0
1036275,889,-0.983803,0
1036285,894,-0.28109,0
1036295,901,0.702698,0
1036305,894,-0.28109,0
1036315,891,-0.702713,0
1036325,888,-1.124344,0
1036335,897,0.140541,0
1036345,896,0,0
1036355,892,-0.562172,0
1036365,892,-0.562172,0
1036375,892,-0.562172,0
1036385,885,-1.545967,0
1036395,887,-1.26487,0
1036405,899,0.421623,0
1036415,894,-0.28109,0
1036425,891,-0.702713,0
1036435,895,-0.140541,0
1036445,895,-0.140541,0
1036455,893,-0.421631,0
1036465,895,-0.140541,0
1036475,895,-0.140541,0
1036485,905,1.26487,0
1036495,895,-0.140541,0
1036505,903,0.98378,0
1036515,906,1.405411,0
1036525,892,-0.562172,0
1036535,898,0.281067,0
1036545,891,-0.702713,0
1036555,895,-0.140541,0
1036565,897,0.140541,0
1036575,897,0.140541,0
1036585,897,0.140541,0
1036595,892,-0.562172,0
1036605,889,-0.983803,0
1036615,898,0.281067,0
1036625,888,-1.124344,0
1036635,893,-0.421631,0
1036645,888,-1.124344,0
1036655,888,-1.124344,0
1036665,894,-0.28109,0
1036675,886,-1.405411,0
1036685,896,0,0
1036695,895,-0.140541,0
1036705,901,0.702698,0
1036715,892,-0.562172,0
1036725,885,-1.545967,0
1036735,892,-0.562172,0
1036745,887,-1.26487,0
1036755,889,-0.983803,0
1036765,904,1.124329,0
1036775,888,-1.124344,0
1036785,897,0.140541,0
1036795,900,0.562157,0
1036805,894,-0.28109,0
1036815,898,0.281067,0
1036825,890,-0.843254,0
1036835,894,-0.28109,0
1036845,895,-0.140541,0
1036855,902,0.843239,0
1036865,894,-0.28109,0
1036875,879,-2.389214,0
1036885,888,-1.124344,0
1036895,891,-0.702713,0
1036905,901,0.702698,0
1036915,898,0.281067,0
1036925,889,-0.983803,0
1036935,894,-0.28109,0
1036945,889,-0.983803,0
1036955,892,-0.562172,0
1036965,890,-0.843254,0
1036975,881,-2.108124,0
1036985,889,-0.983803,0
1036995,895,-0.140541,0
1037005,892,-0.562172,0
1037015,891,-0.702713,0
1037025,894,-0.28109,0
1037035,896,0,0
1037045,897,0.140541,0
1037055,899,0.421623,0
1037065,897,0.140541,0
1037075,887,-1.26487,0
1037085,902,0.843239,0
1037095,894,-0.28109,0
1037105,889,-0.983803,0
1037115,896,0,0
1037125,884,-1.686501,0
1037135,896,0,0
1037145,893,-0.421631,0
1037155,890,-0.843254,0
1037165,903,0.98378,0
1037175,891,-0.702713,0
1037185,886,-1.405411,0
1037195,892,-0.562172,0
1037205,891,-0.702713,0
1037215,890,-0.843254,0
1037225,887,-1.26487,0
1037235,892,-0.562172,0
1037245,890,-0.843254,0
1037255,889,-0.983803,0
1037265,897,0.140541,0
1037275,889,-0.983803,0
1037285,894,-0.28109,0
1037295,885,-1.545967,0
1037305,898,0.281067,0
1037315,897,0.140541,0
1037325,889,-0.983803,0
1037335,901,0.702698,0
1037345,885,-1.545967,0
1037355,896,0,0
1037365,900,0.562157,0
1037375,892,-0.562172,0
1037385,896,0,0
1037395,887,-1.26487,0
1037405,898,0.281067,0
1037415,884,-1.686501,0
1037425,892,-0.562172,0
1037435,890,-0.843254,0
1037445,898,0.281067,0
1037455,899,0.421623,0
1037465,893,-0.421631,0
1037475,890,-0.843254,0
1037485,894,-0.28109,0
1037495,894,-0.28109,0
1037505,903,0.98378,0
1037515,891,-0.702713,0
1037525,890,-0.843254,0
1037535,888,-1.124344,0
1037545,887,-1.26487,0
1037555,893,-0.421631,0
1037565,904,1.124329,0
1037575,897,0.140541,0
1037585,901,0.702698,0
1037595,897,0.140541,0
1037605,898,0.281067,0
1037615,888,-1.124344,0
1037625,886,-1.405411,0
1037635,894,-0.28109,0
1037645,884,-1.686501,0
1037655,891,-0.702713,0
1037665,892,-0.562172,0
1037675,889,-0.983803,0
1037685,897,0.140541,0
1037695,898,0.281067,0
1037705,896,0,0
1037715,897,0.140541,0
1037725,889,-0.983803,0
1037735,902,0.843239,0
1037745,895,-0.140541,0
1037755,896,0,0
1037765,898,0.281067,0
1037775,896,0,0
1037785,896,0,0
1037795,887,-1.26487,0
1037805,893,-0.421631,0
1037815,887,-1.26487,0
1037825,888,-1.124344,0
1037835,900,0.562157,0
1037845,900,0.562157,0
1037855,901,0.702698,0
1037865,883,-1.827042,0
1037875,886,-1.405411,0
1037885,886,-1.405411,0
1037895,887,-1.26487,0
1037905,898,0.281067,0
1037915,891,-0.702713,0
1037925,903,0.98378,0
1037935,891,-0.702713,0
1037945,893,-0.421631,0
1037955,898,0.281067,0
1037965,905,1.26487,0
1037975,895,-0.140541,0
1037985,899,0.421623,0
1037995,890,-0.843254,0
1038005,894,-0.28109,0
1038015,898,0.281067,0
1038025,895,-0.140541,0
1038035,902,0.843239,0
1038045,899,0.421623,0
1038055,887,-1.26487,0
1038065,899,0.421623,0
1038075,891,-0.702713,0
1038085,888,-1.124344,0
1038095,897,0.140541,0
1038105,894,-0.28109,0
1038115,899,0.421623,0
1038125,902,0.843239,0
1038135,901,0.702698,0
1038145,888,-1.124344,0
1038155,898,0.281067,0
1038165,889,-0.983803,0
1038175,894,-0.28109,0
1038185,887,-1.26487,0
1038195,895,-0.140541,0
1038205,897,0.140541,0
1038215,906,1.405411,0
1038225,884,-1.686501,0
1038235,885,-1.545967,0
1038245,889,-0.983803,0
1038255,891,-0.702713,0
1038265,903,0.98378,0
1038275,898,0.281067,0
1038285,896,0,0
1038295,887,-1.26487,0
1038305,894,-0.28109,0
1038315,900,0.562157,0
1038325,894,-0.28109,0
1038335,893,-0.421631,0
1038345,888,-1.124344,0
1038355,893,-0.421631,0
1038365,893,-0.421631,0
1038375,901,0.702698,0
1038385,899,0.421623,0
1038395,896,0,0
1038405,885,-1.545967,0
1038415,891,-0.702713,0
1038425,893,-0.421631,0
1038435,897,0.140541,0
1038445,901,0.702698,0
1038455,892,-0.562172,0
1038465,889,-0.983803,0
1038475,896,0,0
1038485,895,-0.140541,0
1038495,896,0,0
1038505,895,-0.140541,0
1038515,899,0.421623,0
1038525,891,-0.702713,0
1038535,889,-0.983803,0
1038545,892,-0.562172,0
1038555,893,-0.421631,0
1038565,895,-0.140541,0
1038575,889,-0.983803,0
1038585,899,0.421623,0
1038595,882,-1.967583,0
1038605,899,0.421623,0
1038615,884,-1.686501,0
1038625,900,0.562157,0
1038635,901,0.702698,0
1038645,883,-1.827042,0
1038655,886,-1.405411,0
1038665,895,-0.140541,0
1038675,894,-0.28109,0
1038685,895,-0.140541,0
1038695,896,0,0
1038705,904,1.124329,0
1038715,904,1.124329,0
1038725,892,-0.562172,0
1038735,899,0.421623,0
1038745,884,-1.686501,0
1038755,887,-1.26487,0
1038765,896,0,0
1038775,893,-0.421631,0
1038785,898,0.281067,0
1038795,893,-0.421631,0
1038805,901,0.702698,0
1038815,898,0.281067,0
1038825,895,-0.140541,0
1038835,895,-0.140541,0
1038845,894,-0.28109,0
1038855,889,-0.983803,0
1038865,893,-0.421631,0
1038875,901,0.702698,0
1038885,893,-0.421631,0
1038895,894,-0.28109,0
1038905,902,0.843239,0
1038915,895,-0.140541,0
1038925,892,-0.562172,0
1038935,888,-1.124344,0
1038945,900,0.562157,0
1038955,898,0.281067,0
1038965,887,-1.26487,0
1038975,894,-0.28109,0
1038985,898,0.281067,0
1038995,891,-0.702713,0
1039005,897,0.140541,0
1039015,895,-0.140541,0
1039025,894,-0.28109,0
1039035,898,0.281067,0
1039045,897,0.140541,0
1039055,902,0.843239,0
1039065,900,0.562157,0
1039075,897,0.140541,0
1039085,900,0.562157,0
1039095,886,-1.405411,0
1039105,894,-0.28109,0
1039115,899,0.421623,0
1039125,896,0,0
1039135,894,-0.28109,0
1039145,890,-0.843254,0
1039155,899,0.421623,0
1039165,891,-0.702713,0
1039175,888,-1.124344,0
1039185,899,0.421623,0
1039195,888,-1.124344,0
1039205,898,0.281067,0
1039215,888,-1.124344,0
1039225,884,-1.686501,0
1039235,890,-0.843254,0
1039245,892,-0.562172,0
1039255,892,-0.562172,0
1039265,900,0.562157,0
1039275,896,0,0
1039285,893,-0.421631,0
1039295,894,-0.28109,0
1039305,890,-0.843254,0
1039315,885,-1.545967,0
1039325,897,0.140541,0
1039335,889,-0.983803,0
1039345,889,-0.983803,0
1039355,896,0,0
1039365,895,-0.140541,0
1039375,895,-0.140541,0
1039385,883,-1.827042,0
1039395,897,0.140541,0
1039405,894,-0.28109,0
1039415,889,-0.983803,0
1039425,887,-1.26487,0
1039435,890,-0.843254,0
1039445,893,-0.421631,0
1039455,897,0.140541,0
1039465,899,0.421623,0
1039475,891,-0.702713,0
1039485,897,0.140541,0
1039495,890,-0.843254,0
1039505,893,-0.421631,0
1039515,896,0,0
1039525,891,-0.702713,0
1039535,898,0.281067,0
1039545,889,-0.983803,0
1039555,900,0.562157,0
1039565,895,-0.140541,0
1039575,890,-0.843254,0
1039585,894,-0.28109,0
1039595,892,-0.562172,0
1039605,898,0.281067,0
1039615,895,-0.140541,0
1039625,901,0.702698,0
1039635,891,-0.702713,0
1039645,886,-1.405411,0
1039655,894,-0.28109,0
1039665,889,-0.983803,0
1039675,896,0,0
1039685,886,-1.405411,0
1039695,893,-0.421631,0
1039705,898,0.281067,0
1039715,901,0.702698,0
1039725,895,-0.140541,0
1039735,893,-0.421631,0
1039745,899,0.421623,0
1039755,892,-0.562172,0
1039765,892,-0.562172,0
1039775,892,-0.562172,0
1039785,893,-0.421631,0
1039795,885,-1.545967,0
1039805,894,-0.28109,0
1039815,886,-1.405411,0
1039825,896,0,0
1039835,890,-0.843254,0
1039845,891,-0.702713,0
1039855,894,-0.28109,0
1039865,882,-1.967583,0
1039875,902,0.843239,0
1039885,898,0.281067,0
1039895,883,-1.827042,0
1039905,892,-0.562172,0
1039915,887,-1.26487,0
1039925,897,0.140541,0
1039935,890,-0.843254,0
1039945,888,-1.124344,0
1039955,898,0.281067,0
1039965,903,0.98378,0
1039975,888,-1.124344,0
1039985,897,0.140541,0
1039995,896,0,0
1040005,898,0.281067,0
1040015,899,0.421623,0
1040025,894,-0.28109,0
1040035,898,0.281067,0
1040045,888,-1.124344,0
1040055,896,0,0
1040065,892,-0.562172,0
1040075,893,-0.421631,0
1040085,899,0.421623,0
1040095,889,-0.983803,0
1040105,898,0.281067,0
1040115,887,-1.26487,0
1040125,888,-1.124344,0
1040135,892,-0.562172,0
1040145,891,-0.702713,0
1040155,892,-0.562172,0
1040165,895,-0.140541,0
1040175,894,-0.28109,0
1040185,887,-1.26487,0
1040195,889,-0.983803,0
1040205,894,-0.28109,0
1040215,883,-1.827042,0
1040225,889,-0.983803,0
1040235,883,-1.827042,0
1040245,886,-1.405411,0
1040255,894,-0.28109,0
1040265,900,0.562157,0
1040275,892,-0.562172,0
1040285,896,0,0
1040295,891,-0.702713,0
1040305,891,-0.702713,0
1040315,896,0,0
1040325,896,0,0
1040335,891,-0.702713,1
1040345,887,-1.26487,1
1040355,887,-1.26487,1
1040365,897,0.140541,1
1040375,887,-1.26487,1
1040385,873,-3.232452,1
1040395,845,-7.16761,1
1040405,825,-9.978447,1
1040415,817,-11.10278,1
1040425,809,-12.22711,1
1040435,816,-11.24332,1
1040445,815,-11.38386,1
1040455,813,-11.66494,1
1040465,808,-12.36765,1
1040475,808,-12.36765,1
1040485,820,-10.68116,1
1040495,814,-11.5244,1
1040505,813,-11.66494,1
1040515,810,-12.08657,1
1040525,806,-12.64874,1
1040535,822,-10.40007,1
1040545,809,-12.22711,1
1040555,818,-10.96224,1
1040565,806,-12.64874,1
1040575,806,-12.64874,1
1040585,818,-10.96224,1
1040595,812,-11.80549,1
1040605,820,-10.68116,1
1040615,804,-12.92981,1
1040625,808,-12.36765,1
1040635,823,-10.25953,1
1040645,814,-11.5244,1
1040655,816,-11.24332,1
1040665,806,-12.64874,1
1040675,807,-12.5082,1
1040685,809,-12.22711,1
1040695,813,-11.66494,1
1040705,813,-11.66494,1
1040715,809,-12.22711,1
1040725,803,-13.07037,1
1040735,815,-11.38386,1
1040745,813,-11.66494,1
1040755,817,-11.10278,1
1040765,804,-12.92981,1
1040775,805,-12.78927,1
1040785,815,-11.38386,1
1040795,811,-11.94603,1
1040805,818,-10.96224,1
1040815,801,-13.35144,1
1040825,807,-12.5082,1
1040835,815,-11.38386,1
1040845,811,-11.94603,1
1040855,818,-10.96224,1
1040865,812,-11.80549,1
1040875,801,-13.35144,1
1040885,810,-12.08657,1
1040895,814,-11.5244,1
1040905,813,-11.66494,1
1040915,810,-12.08657,1
1040925,810,-12.08657,1
1040935,813,-11.66494,1
1040945,814,-11.5244,1
1040955,815,-11.38386,1
1040965,814,-11.5244,1
1040975,805,-12.78927,1
1040985,778,-16.5839,1
1040995,746,-21.08122,1
1041005,726,-23.89205,1
1041015,681,-30.21642,1
1041025,668,-32.04345,1
1041035,645,-35.27591,1
1041045,628,-37.66511,1
1041055,608,-40.47594,1
1041065,589,-43.14622,1
1041075,572,-45.53543,1
1041085,558,-47.50301,1
1041095,548,-48.90842,1
1041105,539,-50.1733,1
1041115,519,-52.98413,1
1041125,499,-55.79496,1
1041135,491,-56.91929,1
1041145,485,-57.76254,1
1041155,477,-58.88687,1
1041165,458,-61.55716,0
1041175,455,-61.97878,0
1041185,452,-62.4004,0
1041195,434,-64.93015,0
1041205,488,-57.34092,0
1041215,505,-54.95171,0
1041225,514,-53.68683,0
1041235,507,-54.67062,0
1041245,505,-54.95171,0
1041255,511,-54.10846,0
1041265,519,-52.98413,0
1041275,510,-54.249,0
1041285,527,-51.85979,0
1041295,508,-54.53009,0
1041305,509,-54.38954,0
1041315,514,-53.68683,0
1041325,514,-53.68683,0
1041335,514,-53.68683,0
1041345,518,-53.12467,0
1041355,506,-54.81117,0
1041365,511,-54.10846,0
1041375,509,-54.38954,0
1041385,515,-53.5463,0
1041395,515,-53.5463,0
1041405,509,-54.38954,0
1041415,511,-54.10846,0
1041425,510,-54.249,0
1041435,507,-54.67062,0
1041445,513,-53.82738,0
1041455,520,-52.84359,0
1041465,513,-53.82738,0
1041475,512,-53.96792,0
1041485,517,-53.26521,0
1041495,512,-53.96792,0
1041505,516,-53.40575,0
1041515,517,-53.26521,0
1041525,513,-53.82738,0
1041535,509,-54.38954,0
1041545,512,-53.96792,0
1041555,519,-52.98413,0
1041565,512,-53.96792,0
1041575,518,-53.12467,0
1041585,519,-52.98413,0
1041595,512,-53.96792,0
1041605,505,-54.95171,0
1041615,512,-53.96792,0
1041625,503,-55.23279,0
1041635,517,-53.26521,0
1041645,520,-52.84359,0
1041655,519,-52.98413,0
1041665,510,-54.249,0
1041675,512,-53.96792,0
1041685,515,-53.5463,0
1041695,513,-53.82738,0
1041705,517,-53.26521,0
1041715,509,-54.38954,0
1041725,513,-53.82738,0
1041735,514,-53.68683,0
1041745,518,-53.12467,0
1041755,518,-53.12467,0
1041765,510,-54.249,0
1041775,517,-53.26521,0
1041785,525,-52.14088,0
1041795,515,-53.5463,0
1041805,520,-52.84359,0
1041815,522,-52.56251,0
1041825,512,-53.96792,0
1041835,523,-52.42196,0
1041845,513,-53.82738,0
1041855,518,-53.12467,0
1041865,522,-52.56251,0
1041875,528,-51.71926,0
1041885,509,-54.38954,0
1041895,518,-53.12467,0
1041905,507,-54.67062,0
1041915,510,-54.249,0
1041925,514,-53.68683,0
1041935,514,-53.68683,0
1041945,515,-53.5463,0
1041955,507,-54.67062,0
1041965,528,-51.71926,0
1041975,520,-52.84359,0
1041985,517,-53.26521,0
1041995,515,-53.5463,0
1042005,515,-53.5463,0
1042015,511,-54.10846,0
1042025,513,-53.82738,0
1042035,518,-53.12467,0
1042045,517,-53.26521,0
1042055,519,-52.98413,0
1042065,524,-52.28142,0
1042075,525,-52.14088,0
1042085,522,-52.56251,0
1042095,517,-53.26521,0
1042105,521,-52.70305,0
1042115,508,-54.53009,0
1042125,514,-53.68683,0
1042135,514,-53.68683,0
1042145,518,-53.12467,0
1042155,515,-53.5463,0
1042165,519,-52.98413,0
1042175,517,-53.26521,0
1042185,513,-53.82738,0
1042195,520,-52.84359,0
1042205,518,-53.12467,0
1042215,514,-53.68683,0
1042225,517,-53.26521,0
1042235,513,-53.82738,0
1042245,520,-52.84359,0
1042255,516,-53.40575,0
1042265,511,-54.10846,0
1042275,525,-52.14088,0
1042285,521,-52.70305,0
1042295,519,-52.98413,0
1042305,520,-52.84359,0
1042315,525,-52.14088,0
1042325,526,-52.00034,0
1042335,520,-52.84359,0
1042345,519,-52.98413,0
1042355,515,-53.5463,0
1042365,518,-53.12467,0
1042375,519,-52.98413,0
1042385,517,-53.26521,0
1042395,508,-54.53009,0
1042405,510,-54.249,0
1042415,514,-53.68683,0
1042425,513,-53.82738,0
1042435,514,-53.68683,0
1042445,513,-53.82738,0
1042455,516,-53.40575,0
1042465,516,-53.40575,0
1042475,519,-52.98413,0
1042485,514,-53.68683,0
1042495,510,-54.249,0
1042505,522,-52.56251,0
1042515,516,-53.40575,0
1042525,513,-53.82738,0
1042535,519,-52.98413,0
1042545,514,-53.68683,0
1042555,514,-53.68683,0
1042565,512,-53.96792,0
1042575,522,-52.56251,0
1042585,513,-53.82738,0
1042595,520,-52.84359,0
1042605,517,-53.26521,0
1042615,514,-53.68683,0
1042625,512,-53.96792,0
1042635,519,-52.98413,0
1042645,515,-53.5463,0
1042655,524,-52.28142,0
1042665,509,-54.38954,0
1042675,521,-52.70305,0
1042685,510,-54.249,0
1042695,525,-52.14088,0
1042705,516,-53.40575,0
1042715,524,-52.28142,0
1042725,523,-52.42196,0
1042735,504,-55.09225,0
1042745,519,-52.98413,0
1042755,519,-52.98413,0
1042765,518,-53.12467,0
1042775,520,-52.84359,0
1042785,521,-52.70305,0
1042795,519,-52.98413,0
1042805,512,-53.96792,0
1042815,509,-54.38954,0
1042825,516,-53.40575,0
1042835,513,-53.82738,0
1042845,514,-53.68683,0
1042855,514,-53.68683,0
1042865,513,-53.82738,0
1042875,518,-53.12467,0
1042885,517,-53.26521,0
1042895,514,-53.68683,0
1042905,518,-53.12467,0
1042915,512,-53.96792,0
1042925,518,-53.12467,0
1042935,514,-53.68683,0
1042945,522,-52.56251,0
1042955,516,-53.40575,0
1042965,519,-52.98413,0
1042975,520,-52.84359,0
1042985,524,-52.28142,0
1042995,522,-52.56251,0
1043005,520,-52.84359,0
1043015,520,-52.84359,0
1043025,517,-53.26521,0
1043035,516,-53.40575,0
1043045,523,-52.42196,0
1043055,520,-52.84359,0
1043065,521,-52.70305,0
1043075,525,-52.14088,0
1043085,520,-52.84359,0
1043095,525,-52.14088,0
1043105,515,-53.5463,0
1043115,516,-53.40575,0
1043125,516,-53.40575,0
1043135,527,-51.85979,0
1043145,522,-52.56251,0
1043155,524,-52.28142,0
1043165,516,-53.40575,0
1043175,520,-52.84359,0
1043185,522,-52.56251,0
1043195,519,-52.98413,0
1043205,516,-53.40575,0
1043215,513,-53.82738,0
1043225,511,-54.10846,0
1043235,530,-51.43818,0
1043245,518,-53.12467,0
1043255,515,-53.5463,0
1043265,527,-51.85979,0
1043275,522,-52.56251,0
1043285,516,-53.40575,0
1043295,527,-51.85979,0
1043305,517,-53.26521,0
1043315,521,-52.70305,0
1043325,520,-52.84359,0
1043335,512,-53.96792,0
1043345,510,-54.249,0
1043355,504,-55.09225,0
1043365,511,-54.10846,0
1043375,520,-52.84359,0
1043385,515,-53.5463,0
1043395,517,-53.26521,0
1043405,514,-53.68683,0
1043415,515,-53.5463,0
1043425,521,-52.70305,0
1043435,518,-53.12467,0
1043445,520,-52.84359,0
1043455,518,-53.12467,0
1043465,513,-53.82738,0
1043475,516,-53.40575,0
1043485,516,-53.40575,0
1043495,523,-52.42196,0
1043505,526,-52.00034,0
1043515,521,-52.70305,0
1043525,527,-51.85979,0
1043535,530,-51.43818,0
1043545,515,-53.5463,0
1043555,518,-53.12467,0
1043565,520,-52.84359,0
1043575,513,-53.82738,0
1043585,531,-51.29763,0
1043595,514,-53.68683,0
1043605,522,-52.56251,0
1043615,510,-54.249,0
1043625,522,-52.56251,0
1043635,518,-53.12467,0
1043645,522,-52.56251,0
1043655,514,-53.68683,0
1043665,525,-52.14088,0
1043675,521,-52.70305,0
1043685,514,-53.68683,0
1043695,517,-53.26521,0
1043705,512,-53.96792,0
1043715,520,-52.84359,0
1043725,519,-52.98413,0
1043735,513,-53.82738,0
1043745,518,-53.12467,0
1043755,528,-51.71926,0
1043765,518,-53.12467,0
1043775,517,-53.26521,0
1043785,522,-52.56251,0
1043795,524,-52.28142,0
1043805,521,-52.70305,0
1043815,510,-54.249,0
1043825,515,-53.5463,0
1043835,517,-53.26521,0
1043845,524,-52.28142,0
1043855,522,-52.56251,0
1043865,516,-53.40575,0
1043875,525,-52.14088,0
1043885,517,-53.26521,0
1043895,516,-53.40575,0
1043905,513,-53.82738,0
1043915,519,-52.98413,0
1043925,521,-52.70305,0
1043935,514,-53.68683,0
1043945,530,-51.43818,0
1043955,511,-54.10846,0
1043965,524,-52.28142,0
1043975,522,-52.56251,0
1043985,521,-52.70305,0
1043995,523,-52.42196,0
1044005,530,-51.43818,0
1044015,513,-53.82738,0
1044025,519,-52.98413,0
1044035,516,-53.40575,0
1044045,517,-53.26521,0
1044055,521,-52.70305,0
1044065,518,-53.12467,0
1044075,518,-53.12467,0
1044085,516,-53.40575,0
1044095,527,-51.85979,0
1044105,518,-53.12467,0
1044115,517,-53.26521,0
1044125,525,-52.14088,0
1044135,513,-53.82738,0
1044145,523,-52.42196,0
1044155,526,-52.00034,0
1044165,522,-52.56251,0
1044175,522,-52.56251,0
1044185,520,-52.84359,0
1044195,516,-53.40575,0
1044205,527,-51.85979,0
1044215,528,-51.71926,0
1044225,521,-52.70305,0
1044235,521,-52.70305,0
1044245,513,-53.82738,0
1044255,520,-52.84359,0
1044265,516,-53.40575,0
1044275,522,-52.56251,0
1044285,521,-52.70305,0
1044295,518,-53.12467,0
1044305,524,-52.28142,0
1044315,525,-52.14088,0
1044325,519,-52.98413,0
1044335,518,-53.12467,0
1044345,525,-52.14088,0
1044355,519,-52.98413,0
1044365,517,-53.26521,0
1044375,520,-52.84359,0
1044385,515,-53.5463,0
1044395,522,-52.56251,0
1044405,517,-53.26521,0
1044415,527,-51.85979,0
1044425,522,-52.56251,0
1044435,520,-52.84359,0
1044445,512,-53.96792,0
1044455,521,-52.70305,0
1044465,519,-52.98413,0
1044475,520,-52.84359,0
1044485,529,-51.57872,0
1044495,523,-52.42196,0
1044505,531,-51.29763,0
1044515,528,-51.71926,0
1044525,524,-52.28142,0
1044535,513,-53.82738,0
1044545,515,-53.5463,0
1044555,518,-53.12467,0
1044565,528,-51.71926,0
1044575,529,-51.57872,0
1044585,514,-53.68683,0
1044595,522,-52.56251,0
1044605,527,-51.85979,0
1044615,517,-53.26521,0
1044625,527,-51.85979,0
1044635,519,-52.98413,0
1044645,524,-52.28142,0
1044655,520,-52.84359,0
1044665,522,-52.56251,0
1044675,515,-53.5463,0
1044685,513,-53.82738,0
1044695,523,-52.42196,0
1044705,525,-52.14088,0
1044715,518,-53.12467,0
1044725,517,-53.26521,0
1044735,533,-51.01655,0
1044745,524,-52.28142,0
1044755,522,-52.56251,0
1044765,523,-52.42196,0
1044775,524,-52.28142,0
1044785,521,-52.70305,0
1044795,522,-52.56251,0
1044805,525,-52.14088,0
1044815,523,-52.42196,0
1044825,526,-52.00034,0
1044835,522,-52.56251,0
1044845,526,-52.00034,0
1044855,522,-52.56251,0
1044865,520,-52.84359,0
1044875,519,-52.98413,0
1044885,525,-52.14088,0
1044895,529,-51.57872,0
1044905,517,-53.26521,0
1044915,515,-53.5463,0
1044925,528,-51.71926,0
1044935,524,-52.28142,0
1044945,522,-52.56251,0
1044955,516,-53.40575,0
1044965,519,-52.98413,0
1044975,527,-51.85979,0
1044985,532,-51.15709,0
1044995,519,-52.98413,0
1045005,525,-52.14088,0
1045015,515,-53.5463,0
1045025,519,-52.98413,0
1045035,519,-52.98413,0
1045045,521,-52.70305,0
1045055,517,-53.26521,0
1045065,527,-51.85979,0
1045075,525,-52.14088,0
1045085,527,-51.85979,0
1045095,529,-51.57872,0
1045105,523,-52.42196,0
1045115,528,-51.71926,0
1045125,522,-52.56251,0
1045135,514,-53.68683,0
1045145,520,-52.84359,0
1045155,518,-53.12467,0
1045165,524,-52.28142,0
1045175,518,-53.12467,0
1045185,513,-53.82738,0
1045195,524,-52.28142,0
1045205,520,-52.84359,0
1045215,517,-53.26521,0
1045225,516,-53.40575,0
1045235,521,-52.70305,0
1045245,525,-52.14088,0
1045255,524,-52.28142,0
1045265,513,-53.82738,0
1045275,517,-53.26521,0
1045285,520,-52.84359,0
1045295,523,-52.42196,0
1045305,515,-53.5463,0
1045315,515,-53.5463,0
1045325,528,-51.71926,0
1045335,521,-52.70305,0
1045345,525,-52.14088,0
1045355,518,-53.12467,0
1045365,521,-52.70305,0
1045375,518,-53.12467,0
1045385,526,-52.00034,0
1045395,525,-52.14088,0
1045405,521,-52.70305,0
1045415,523,-52.42196,0
1045425,524,-52.28142,0
1045435,513,-53.82738,0
1045445,523,-52.42196,0
1045455,528,-51.71926,0
1045465,517,-53.26521,0
1045475,524,-52.28142,0
1045485,526,-52.00034,0
1045495,523,-52.42196,0
1045505,525,-52.14088,0
1045515,518,-53.12467,0
1045525,517,-53.26521,0
1045535,530,-51.43818,0
1045545,524,-52.28142,0
1045555,523,-52.42196,0
1045565,523,-52.42196,0
1045575,519,-52.98413,0
1045585,525,-52.14088,0
1045595,523,-52.42196,0
1045605,527,-51.85979,0
1045615,520,-52.84359,0
1045625,527,-51.85979,0
1045635,517,-53.26521,0
1045645,528,-51.71926,0
1045655,526,-52.00034,0
1045665,516,-53.40575,0
1045675,519,-52.98413,0
1045685,522,-52.56251,0
1045695,525,-52.14088,0
1045705,530,-51.43818,0
1045715,526,-52.00034,0
1045725,520,-52.84359,0
1045735,519,-52.98413,0
1045745,521,-52.70305,0
1045755,524,-52.28142,0
1045765,516,-53.40575,0
1045775,527,-51.85979,0
1045785,525,-52.14088,0
1045795,526,-52.00034,0
1045805,522,-52.56251,0
1045815,516,-53.40575,0
1045825,533,-51.01655,0
1045835,520,-52.84359,0
1045845,521,-52.70305,0
1045855,519,-52.98413,0
1045865,521,-52.70305,0
1045875,525,-52.14088,0
1045885,516,-53.40575,0
1045895,529,-51.57872,0
1045905,525,-52.14088,0
1045915,529,-51.57872,0
1045925,518,-53.12467,0
1045935,523,-52.42196,0
1045945,526,-52.00034,0
1045955,531,-51.29763,0
1045965,529,-51.57872,0
1045975,523,-52.42196,0
1045985,527,-51.85979,0
1045995,514,-53.68683,0
1046005,527,-51.85979,0
1046015,527,-51.85979,0
1046025,523,-52.42196,0
1046035,523,-52.42196,0
1046045,526,-52.00034,0
1046055,522,-52.56251,0
1046065,524,-52.28142,0
1046075,528,-51.71926,0
1046085,521,-52.70305,0
1046095,522,-52.56251,0
1046105,518,-53.12467,0
1046115,520,-52.84359,0
1046125,521,-52.70305,0
1046135,523,-52.42196,0
1046145,534,-50.876,0
1046155,527,-51.85979,0
1046165,529,-51.57872,0
1046175,523,-52.42196,0
1046185,520,-52.84359,0
1046195,522,-52.56251,0
1046205,520,-52.84359,0
1046215,523,-52.42196,0
1046225,524,-52.28142,0
1046235,528,-51.71926,0
1046245,513,-53.82738,0
1046255,527,-51.85979,0
1046265,524,-52.28142,0
1046275,528,-51.71926,0
1046285,530,-51.43818,0
1046295,521,-52.70305,0
1046305,527,-51.85979,0
1046315,523,-52.42196,0
1046325,525,-52.14088,0
1046335,522,-52.56251,0
1046345,523,-52.42196,0
1046355,522,-52.56251,0
1046365,515,-53.5463,0
1046375,521,-52.70305,0
1046385,523,-52.42196,0
1046395,529,-51.57872,0
1046405,518,-53.12467,0
1046415,530,-51.43818,0
1046425,523,-52.42196,0
1046435,521,-52.70305,0
1046445,523,-52.42196,0
1046455,528,-51.71926,0
1046465,527,-51.85979,0
1046475,527,-51.85979,0
1046485,522,-52.56251,0
1046495,526,-52.00034,0
1046505,521,-52.70305,0
1046515,523,-52.42196,0
1046525,528,-51.71926,0
1046535,525,-52.14088,0
1046545,518,-53.12467,0
1046555,530,-51.43818,0
1046565,530,-51.43818,0
1046575,512,-53.96792,0
1046585,527,-51.85979,0
1046595,519,-52.98413,0
1046605,520,-52.84359,0
1046615,530,-51.43818,0
1046625,531,-51.29763,0
1046635,525,-52.14088,0
1046645,516,-53.40575,0
1046655,525,-52.14088,0
1046665,521,-52.70305,0
1046675,522,-52.56251,0
1046685,526,-52.00034,0
1046695,522,-52.56251,0
1046705,522,-52.56251,0
1046715,522,-52.56251,0
1046725,529,-51.57872,0
1046735,522,-52.56251,0
1046745,524,-52.28142,0
1046755,526,-52.00034,0
1046765,518,-53.12467,0
1046775,527,-51.85979,0
1046785,519,-52.98413,0
1046795,525,-52.14088,0
1046805,524,-52.28142,0
1046815,515,-53.5463,0
1046825,529,-51.57872,0
1046835,521,-52.70305,0
1046845,526,-52.00034,0
1046855,522,-52.56251,0
1046865,524,-52.28142,0
1046875,523,-52.42196,0
1046885,528,-51.71926,0
1046895,522,-52.56251,0
1046905,530,-51.43818,0
1046915,517,-53.26521,0
1046925,518,-53.12467,0
1046935,519,-52.98413,0
1046945,530,-51.43818,0
1046955,525,-52.14088,0
1046965,529,-51.57872,0
1046975,523,-52.42196,0
1046985,526,-52.00034,0
1046995,523,-52.42196,0
1047005,524,-52.28142,0
1047015,526,-52.00034,0
1047025,536,-50.59492,0
1047035,526,-52.00034,0
1047045,523,-52.42196,0
1047055,524,-52.28142,0
1047065,524,-52.28142,0
1047075,531,-51.29763,0
1047085,525,-52.14088,0
1047095,528,-51.71926,0
1047105,519,-52.98413,0
1047115,526,-52.00034,0
1047125,528,-51.71926,0
1047135,529,-51.57872,0
1047145,524,-52.28142,0
1047155,522,-52.56251,0
1047165,522,-52.56251,0
1047175,527,-51.85979,0
1047185,529,-51.57872,0
1047195,526,-52.00034,0
1047205,526,-52.00034,0
1047215,524,-52.28142,0
1047225,513,-53.82738,0
1047235,522,-52.56251,0
1047245,521,-52.70305,0
1047255,529,-51.57872,0
1047265,523,-52.42196,0
1047275,521,-52.70305,0
1047285,519,-52.98413,0
1047295,525,-52.14088,0
1047305,525,-52.14088,0
1047315,526,-52.00034,0
1047325,527,-51.85979,0
1047335,523,-52.42196,0
1047345,518,-53.12467,0
1047355,524,-52.28142,0
1047365,514,-53.68683,0
1047375,521,-52.70305,0
1047385,520,-52.84359,0
1047395,528,-51.71926,0
1047405,524,-52.28142,0
1047415,523,-52.42196,0
1047425,522,-52.56251,0
1047435,523,-52.42196,0
1047445,519,-52.98413,0
1047455,520,-52.84359,1
1047465,521,-52.70305,1
1047475,524,-52.28142,1
1047485,523,-52.42196,1
1047495,490,-57.05983,1
1047505,496,-56.21658,1
1047515,481,-58.32471,1
1047525,486,-57.62199,1
1047535,460,-61.27608,1
1047545,460,-61.27608,1
1047555,458,-61.55716,1
1047565,446,-63.24365,1
1047575,438,-64.36799,1
1047585,427,-65.91394,1
1047595,428,-65.7734,1
1047605,418,-67.17881,1
1047615,417,-67.31936,1
1047625,412,-68.02206,1
1047635,410,-68.30315,1
1047645,408,-68.58423,1
1047655,395,-70.41127,1
1047665,400,-69.70856,1
1047675,395,-70.41127,1
1047685,383,-72.09777,1
1047695,383,-72.09777,1
1047705,387,-71.5356,1
1047715,377,-72.94101,1
1047725,372,-73.64372,1
1047735,379,-72.65993,1
1047745,368,-74.20589,1
1047755,374,-73.36264,1
1047765,369,-74.06535,1
1047775,370,-73.9248,1
1047785,367,-74.34643,1
1047795,357,-75.75184,1
1047805,352,-76.45454,1
1047815,353,-76.31401,1
1047825,358,-75.61131,1
1047835,351,-76.59509,1
1047845,349,-76.87617,1
1047855,353,-76.31401,1
1047865,357,-75.75184,1
1047875,348,-77.01672,1
1047885,350,-76.73563,1
1047895,342,-77.85996,1
1047905,354,-76.17346,1
1047915,347,-77.15726,1
1047925,346,-77.2978,1
1047935,348,-77.01672,1
1047945,342,-77.85996,1
1047955,348,-77.01672,1
1047965,349,-76.87617,1
1047975,340,-78.14104,1
1047985,339,-78.28159,1
1047995,342,-77.85996,1
1048005,338,-78.42213,1
1048015,346,-77.2978,1
1048025,345,-77.43834,1
1048035,339,-78.28159,1
1048045,343,-77.71942,1
1048055,345,-77.43834,1
1048065,344,-77.57889,1
1048075,345,-77.43834,1
1048085,339,-78.28159,1
1048095,346,-77.2978,1
1048105,346,-77.2978,1
1048115,348,-77.01672,1
1048125,348,-77.01672,1
1048135,342,-77.85996,1
1048145,342,-77.85996,1
1048155,336,-78.70322,1
1048165,342,-77.85996,1
1048175,339,-78.28159,1
1048185,340,-78.14104,1
1048195,343,-77.71942,1
1048205,341,-78.0005,1
1048215,336,-78.70322,1
1048225,338,-78.42213,1
1048235,340,-78.14104,1
1048245,339,-78.28159,1
1048255,340,-78.14104,1
1048265,339,-78.28159,1
1048275,334,-78.9843,1
1048285,343,-77.71942,1
1048295,340,-78.14104,1
1048305,343,-77.71942,1
1048315,344,-77.57889,1
1048325,340,-78.14104,1
1048335,340,-78.14104,1
1048345,343,-77.71942,1
1048355,344,-77.57889,1
1048365,342,-77.85996,1
1048375,340,-78.14104,1
1048385,333,-79.12484,1
1048395,340,-78.14104,1
1048405,339,-78.28159,1
1048415,340,-78.14104,1
1048425,339,-78.28159,1
1048435,339,-78.28159,1
1048445,337,-78.56267,1
1048455,335,-78.84376,1
1048465,339,-78.28159,1
1048475,339,-78.28159,1
1048485,338,-78.42213,1
1048495,338,-78.42213,1
1048505,338,-78.42213,1
1048515,339,-78.28159,1
1048525,339,-78.28159,1
1048535,337,-78.56267,1
1048545,345,-77.43834,1
1048555,341,-78.0005,1
1048565,335,-78.84376,1
1048575,334,-78.9843,1
1048585,334,-78.9843,1
1048595,345,-77.43834,1
1048605,335,-78.84376,1
1048615,342,-77.85996,1
1048625,342,-77.85996,1
1048635,334,-78.9843,1
1048645,338,-78.42213,1
1048655,335,-78.84376,1
1048665,337,-78.56267,1
1048675,343,-77.71942,1
1048685,339,-78.28159,1
1048695,337,-78.56267,1
1048705,336,-78.70322,1
1048715,336,-78.70322,1
1048725,342,-77.85996,1
1048735,343,-77.71942,1
1048745,342,-77.85996,1
1048755,336,-78.70322,1
1048765,333,-79.12484,1
1048775,329,-79.687,1
1048785,339,-78.28159,1
1048795,338,-78.42213,1
1048805,335,-78.84376,1
1048815,332,-79.26537,1
1048825,342,-77.85996,1
1048835,337,-78.56267,1
1048845,337,-78.56267,1
1048855,335,-78.84376,1
1048865,340,-78.14104,1
1048875,338,-78.42213,1
1048885,339,-78.28159,1
1048895,339,-78.28159,1
1048905,339,-78.28159,1
1048915,340,-78.14104,1
1048925,341,-78.0005,1
1048935,333,-79.12484,1
1048945,333,-79.12484,1
1048955,339,-78.28159,1
1048965,342,-77.85996,1
1048975,342,-77.85996,1
1048985,337,-78.56267,1
1048995,339,-78.28159,1
1049005,331,-79.40591,1
1049015,338,-78.42213,1
1049025,337,-78.56267,1
1049035,334,-78.9843,1
1049045,338,-78.42213,1
1049055,331,-79.40591,1
1049065,334,-78.9843,1
1049075,334,-78.9843,1
1049085,339,-78.28159,1
1049095,340,-78.14104,1
1049105,337,-78.56267,1
1049115,332,-79.26537,1
1049125,337,-78.56267,1
1049135,329,-79.687,1
1049145,344,-77.57889,1
1049155,338,-78.42213,1
1049165,334,-78.9843,1
1049175,335,-78.84376,1
1049185,337,-78.56267,1
1049195,335,-78.84376,1
1049205,335,-78.84376,1
1049215,335,-78.84376,1
1049225,334,-78.9843,1
1049235,339,-78.28159,1
1049245,343,-77.71942,1
1049255,333,-79.12484,1
1049265,334,-78.9843,1
1049275,337,-78.56267,1
1049285,334,-78.9843,1
1049295,335,-78.84376,1
1049305,337,-78.56267,1
1049315,339,-78.28159,1
1049325,344,-77.57889,1
1049335,335,-78.84376,1
1049345,342,-77.85996,1
1049355,340,-78.14104,1
1049365,336,-78.70322,1
1049375,337,-78.56267,1
1049385,338,-78.42213,1
1049395,344,-77.57889,1
1049405,339,-78.28159,1
1049415,342,-77.85996,1
1049425,339,-78.28159,1
1049435,335,-78.84376,1
1049445,337,-78.56267,1
1049455,339,-78.28159,1
1049465,340,-78.14104,1
1049475,339,-78.28159,1
1049485,333,-79.12484,1
1049495,334,-78.9843,1
1049505,330,-79.54646,1
1049515,339,-78.28159,1
1049525,336,-78.70322,1
1049535,338,-78.42213,1
1049545,339,-78.28159,1
1049555,337,-78.56267,1
1049565,342,-77.85996,1
1049575,342,-77.85996,1
1049585,339,-78.28159,1
1049595,340,-78.14104,1
1049605,343,-77.71942,1
1049615,348,-77.01672,1
1049625,340,-78.14104,1
1049635,341,-78.0005,1
1049645,338,-78.42213,1
1049655,339,-78.28159,1
1049665,337,-78.56267,1
1049675,340,-78.14104,1
1049685,339,-78.28159,1
1049695,339,-78.28159,1
1049705,334,-78.9843,1
1049715,335,-78.84376,1
1049725,337,-78.56267,1
1049735,333,-79.12484,1
1049745,342,-77.85996,1
1049755,329,-79.687,1
1049765,339,-78.28159,1
1049775,341,-78.0005,1
1049785,337,-78.56267,1
1049795,337,-78.56267,1
1049805,343,-77.71942,1
1049815,335,-78.84376,1
1049825,342,-77.85996,1
1049835,339,-78.28159,1
1049845,332,-79.26537,1
1049855,339,-78.28159,1
1049865,337,-78.56267,1
1049875,333,-79.12484,1
1049885,340,-78.14104,1
1049895,335,-78.84376,1
1049905,338,-78.42213,1
1049915,338,-78.42213,1
1049925,335,-78.84376,1
1049935,334,-78.9843,1
1049945,336,-78.70322,1
1049955,340,-78.14104,1
1049965,333,-79.12484,1
1049975,337,-78.56267,1
1049985,337,-78.56267,1
1049995,340,-78.14104,1
1050005,337,-78.56267,1
1050015,337,-78.56267,1
1050025,339,-78.28159,1
1050035,336,-78.70322,1
1050045,330,-79.54646,1
1050055,337,-78.56267,1
1050065,334,-78.9843,1
1050075,335,-78.84376,1
1050085,337,-78.56267,1
1050095,337,-78.56267,1
1050105,332,-79.26537,1
1050115,337,-78.56267,1
1050125,338,-78.42213,1
1050135,340,-78.14104,1
1050145,340,-78.14104,1
1050155,342,-77.85996,1
1050165,344,-77.57889,1
1050175,335,-78.84376,1
1050185,340,-78.14104,1
1050195,341,-78.0005,1
1050205,340,-78.14104,1
1050215,339,-78.28159,1
1050225,337,-78.56267,1
1050235,332,-79.26537,1
1050245,340,-78.14104,1
1050255,334,-78.9843,1
1050265,338,-78.42213,1
1050275,333,-79.12484,1
1050285,339,-78.28159,1
1050295,334,-78.9843,1
1050305,336,-78.70322,1
1050315,336,-78.70322,1
1050325,337,-78.56267,1
1050335,335,-78.84376,1
1050345,342,-77.85996,1
1050355,336,-78.70322,1
1050365,341,-78.0005,1
1050375,342,-77.85996,1
1050385,335,-78.84376,1
1050395,336,-78.70322,1
1050405,339,-78.28159,1
1050415,342,-77.85996,1
1050425,336,-78.70322,1
1050435,334,-78.9843,1
1050445,343,-77.71942,1
1050455,337,-78.56267,1
1050465,334,-78.9843,1
1050475,343,-77.71942,1
1050485,340,-78.14104,1
1050495,335,-78.84376,1
1050505,343,-77.71942,1
1050515,337,-78.56267,1
1050525,337,-78.56267,1
1050535,337,-78.56267,1
1050545,337,-78.56267,1
1050555,337,-78.56267,1
1050565,335,-78.84376,1
1050575,339,-78.28159,1
1050585,337,-78.56267,1
1050595,341,-78.0005,1
1050605,334,-78.9843,1
1050615,338,-78.42213,1
1050625,401,-69.56802,1
1050635,512,-53.96792,1
1050645,602,-41.31919,1
1050655,678,-30.63804,1
1050665,746,-21.08122,1
1050675,808,-12.36765,1
1050685,857,-5.481133,1
1050695,886,-1.405411,1
1050705,931,4.918953,1
1050715,959,8.854095,1
1050725,978,11.52439,1
1050735,979,11.66492,1
1050745,972,10.68115,1
1050755,984,12.36763,1
1050765,992,13.49197,1
1050775,1008,15.74064,1
1050785,997,14.19469,1
1050795,985,12.50819,1
1050805,985,12.50819,1
1050815,997,14.19469,1
1050825,1005,15.31901,1
1050835,1005,15.31901,1
1050845,996,14.05414,1
1050855,983,12.2271,1
1050865,989,13.07034,1
1050875,1004,15.17848,1
1050885,1009,15.88117,1
1050895,998,14.33522,1
1050905,991,13.35143,1
1050915,987,12.78926,1
1050925,1000,14.61629,1
1050935,1004,15.17848,1
1050945,1007,15.60009,1
1050955,992,13.49197,1
1050965,980,11.80547,1
1050975,1002,14.89738,1
1050985,1009,15.88117,1
1050995,1009,15.88117,1
1051005,1002,14.89738,1
1051015,989,13.07034,1
1051025,985,12.50819,1
1051035,1002,14.89738,1
1051045,1007,15.60009,1
1051055,999,14.47577,1
1051065,992,13.49197,1
1051075,983,12.2271,0
1051085,998,14.33522,0
1051095,1002,14.89738,0
1051105,1000,14.61629,0
1051115,919,3.232452,0
1051125,918,3.091896,0
1051135,904,1.124329,0
1051145,895,-0.140541,0
1051155,893,-0.421631,0
1051165,900,0.562157,0
1051175,893,-0.421631,0
1051185,890,-0.843254,0
1051195,895,-0.140541,0
1051205,894,-0.28109,0
1051215,891,-0.702713,0
1051225,891,-0.702713,0
1051235,892,-0.562172,0
1051245,892,-0.562172,0
1051255,894,-0.28109,0
1051265,888,-1.124344,0
1051275,890,-0.843254,0
1051285,889,-0.983803,0
1051295,887,-1.26487,0
1051305,888,-1.124344,0
1051315,901,0.702698,0
1051325,882,-1.967583,0
1051335,895,-0.140541,0
1051345,903,0.98378,0
1051355,887,-1.26487,0
1051365,895,-0.140541,0
1051375,889,-0.983803,0
1051385,886,-1.405411,0
1051395,894,-0.28109,0
1051405,883,-1.827042,0
1051415,893,-0.421631,0
1051425,887,-1.26487,0
1051435,892,-0.562172,0
1051445,883,-1.827042,0
1051455,887,-1.26487,0
1051465,888,-1.124344,0
1051475,895,-0.140541,0
1051485,888,-1.124344,0
1051495,895,-0.140541,0
1051505,888,-1.124344,0
1051515,888,-1.124344,0
1051525,885,-1.545967,0
1051535,889,-0.983803,0
1051545,895,-0.140541,0
1051555,877,-2.670296,0
1051565,892,-0.562172,0
1051575,896,0,0
1051585,885,-1.545967,0
1051595,890,-0.843254,0
1051605,888,-1.124344,0
1051615,886,-1.405411,0
1051625,889,-0.983803,0
1051635,887,-1.26487,0
1051645,892,-0.562172,0
1051655,888,-1.124344,0
1051665,897,0.140541,0
1051675,891,-0.702713,0
1051685,894,-0.28109,0
1051695,887,-1.26487,0
1051705,885,-1.545967,0
1051715,896,0,0
1051725,881,-2.108124,0
1051735,887,-1.26487,0
1051745,891,-0.702713,0
1051755,888,-1.124344,0
1051765,887,-1.26487,0
1051775,891,-0.702713,0
1051785,889,-0.983803,0
1051795,895,-0.140541,0
1051805,886,-1.405411,0
1051815,890,-0.843254,0
1051825,884,-1.686501,0
1051835,886,-1.405411,0
1051845,895,-0.140541,0
1051855,892,-0.562172,0
1051865,885,-1.545967,0
1051875,895,-0.140541,0
1051885,883,-1.827042,0
1051895,886,-1.405411,0
1051905,890,-0.843254,0
1051915,886,-1.405411,0
1051925,888,-1.124344,0
1051935,886,-1.405411,0
1051945,887,-1.26487,0
1051955,890,-0.843254,0
1051965,888,-1.124344,0
1051975,888,-1.124344,0
1051985,889,-0.983803,0
1051995,891,-0.702713,0
1052005,893,-0.421631,0
1052015,890,-0.843254,0
1052025,884,-1.686501,0
1052035,886,-1.405411,0
1052045,892,-0.562172,0
1052055,887,-1.26487,0
1052065,888,-1.124344,0
1052075,886,-1.405411,0
1052085,885,-1.545967,0
1052095,886,-1.405411,0
1052105,885,-1.545967,0
1052115,891,-0.702713,0
1052125,889,-0.983803,0
1052135,896,0,0
1052145,882,-1.967583,0
1052155,891,-0.702713,0
1052165,889,-0.983803,0
1052175,886,-1.405411,0
1052185,883,-1.827042,0
1052195,885,-1.545967,0
1052205,886,-1.405411,0
1052215,890,-0.843254,0
1052225,889,-0.983803,0
1052235,888,-1.124344,0
1052245,887,-1.26487,0
1052255,885,-1.545967,0
1052265,881,-2.108124,0
1052275,883,-1.827042,0
1052285,881,-2.108124,0
1052295,890,-0.843254,0
1052305,885,-1.545967,0
1052315,887,-1.26487,0
1052325,884,-1.686501,0
1052335,886,-1.405411,0
1052345,884,-1.686501,0
1052355,882,-1.967583,0
1052365,890,-0.843254,0
1052375,891,-0.702713,0
1052385,891,-0.702713,0
1052395,886,-1.405411,0
1052405,883,-1.827042,0
1052415,890,-0.843254,0
1052425,889,-0.983803,0
1052435,888,-1.124344,0
1052445,887,-1.26487,0
1052455,890,-0.843254,0
1052465,886,-1.405411,0
1052475,897,0.140541,0
1052485,883,-1.827042,0
1052495,890,-0.843254,0
1052505,887,-1.26487,0
1052515,892,-0.562172,0
1052525,887,-1.26487,0
1052535,888,-1.124344,0
1052545,904,1.124329,0
1052555,885,-1.545967,0
1052565,892,-0.562172,0
1052575,884,-1.686501,0
1052585,885,-1.545967,0
1052595,886,-1.405411,0
1052605,888,-1.124344,0
1052615,886,-1.405411,0
1052625,887,-1.26487,0
1052635,892,-0.562172,0
1052645,881,-2.108124,0
1052655,890,-0.843254,0
1052665,890,-0.843254,0
1052675,883,-1.827042,0
1052685,897,0.140541,0
1052695,886,-1.405411,0
1052705,888,-1.124344,0
1052715,897,0.140541,0
1052725,893,-0.421631,0
1052735,898,0.281067,0
1052745,898,0.281067,0
1052755,898,0.281067,0
1052765,893,-0.421631,0
1052775,899,0.421623,0
1052785,893,-0.421631,0
1052795,895,-0.140541,0
1052805,893,-0.421631,0
1052815,891,-0.702713,0
1052825,898,0.281067,0
1052835,904,1.124329,0
1052845,901,0.702698,0
1052855,893,-0.421631,0
1052865,902,0.843239,0
1052875,886,-1.405411,0
1052885,902,0.843239,0
1052895,891,-0.702713,0
1052905,896,0,0
1052915,897,0.140541,0
1052925,894,-0.28109,0
1052935,898,0.281067,0
1052945,888,-1.124344,0
1052955,894,-0.28109,0
1052965,893,-0.421631,0
1052975,885,-1.545967,0
1052985,882,-1.967583,0
1052995,899,0.421623,0
1053005,893,-0.421631,0
1053015,886,-1.405411,0
1053025,889,-0.983803,0
1053035,892,-0.562172,0
1053045,892,-0.562172,0
1053055,890,-0.843254,0
1053065,895,-0.140541,0
1053075,896,0,0
1053085,902,0.843239,0
1053095,890,-0.843254,0
1053105,888,-1.124344,0
1053115,902,0.843239,0
1053125,898,0.281067,0
1053135,899,0.421623,0
1053145,895,-0.140541,0
1053155,893,-0.421631,0
1053165,897,0.140541,0
1053175,896,0,0
1053185,897,0.140541,0
1053195,898,0.281067,0
1053205,892,-0.562172,0
1053215,885,-1.545967,0
1053225,887,-1.26487,0
1053235,894,-0.28109,0
1053245,898,0.281067,0
1053255,895,-0.140541,0
1053265,892,-0.562172,0
1053275,893,-0.421631,0
1053285,893,-0.421631,0
1053295,889,-0.983803,0
1053305,891,-0.702713,0
1053315,895,-0.140541,0
1053325,887,-1.26487,0
1053335,899,0.421623,0
1053345,889,-0.983803,0
1053355,887,-1.26487,0
1053365,905,1.26487,0
1053375,895,-0.140541,0
1053385,895,-0.140541,0
1053395,896,0,0
1053405,897,0.140541,0
1053415,894,-0.28109,0
1053425,891,-0.702713,0
1053435,897,0.140541,0
1053445,897,0.140541,0
1053455,890,-0.843254,0
1053465,895,-0.140541,0
1053475,896,0,0
1053485,888,-1.124344,0
1053495,891,-0.702713,0
1053505,891,-0.702713,0
1053515,897,0.140541,0
1053525,892,-0.562172,0
1053535,895,-0.140541,0
1053545,889,-0.983803,0
1053555,892,-0.562172,0
1053565,904,1.124329,0
1053575,898,0.281067,0
1053585,893,-0.421631,0
1053595,899,0.421623,0
1053605,893,-0.421631,0
1053615,900,0.562157,0
1053625,886,-1.405411,0
1053635,899,0.421623,0
1053645,898,0.281067,0
1053655,887,-1.26487,0
1053665,898,0.281067,0
1053675,897,0.140541,0
1053685,905,1.26487,0
1053695,897,0.140541,0
1053705,891,-0.702713,0
1053715,897,0.140541,0
1053725,894,-0.28109,0
1053735,885,-1.545967,0
1053745,889,-0.983803,0
1053755,894,-0.28109,0
1053765,886,-1.405411,0
1053775,887,-1.26487,0
1053785,882,-1.967583,0
1053795,894,-0.28109,0
1053805,889,-0.983803,0
1053815,897,0.140541,0
1053825,891,-0.702713,0
1053835,895,-0.140541,0
1053845,895,-0.140541,0
1053855,888,-1.124344,0
1053865,901,0.702698,0
1053875,891,-0.702713,0
1053885,900,0.562157,0
1053895,887,-1.26487,0
1053905,886,-1.405411,0
1053915,886,-1.405411,0
1053925,885,-1.545967,0
1053935,890,-0.843254,0
1053945,890,-0.843254,0
1053955,888,-1.124344,0
1053965,891,-0.702713,0
1053975,886,-1.405411,0
1053985,896,0,0
1053995,894,-0.28109,0
1054005,892,-0.562172,0
1054015,889,-0.983803,0
1054025,897,0.140541,0
1054035,894,-0.28109,0
1054045,888,-1.124344,0
1054055,897,0.140541,0
1054065,897,0.140541,0
1054075,895,-0.140541,0
1054085,905,1.26487,0
1054095,891,-0.702713,0
1054105,887,-1.26487,0
1054115,891,-0.702713,0
1054125,890,-0.843254,0
1054135,889,-0.983803,0
1054145,886,-1.405411,0
1054155,894,-0.28109,0
1054165,896,0,0
1054175,892,-0.562172,0
1054185,901,0.702698,0
1054195,887,-1.26487,0
1054205,882,-1.967583,0
1054215,884,-1.686501,0
1054225,883,-1.827042,0
1054235,885,-1.545967,0
1054245,892,-0.562172,0
1054255,890,-0.843254,0
1054265,897,0.140541,0
1054275,892,-0.562172,0
1054285,898,0.281067,0
1054295,896,0,0
1054305,887,-1.26487,0
1054315,895,-0.140541,0
1054325,891,-0.702713,0
1054335,893,-0.421631,0
1054345,889,-0.983803,0
1054355,893,-0.421631,0
1054365,903,0.98378,0
1054375,883,-1.827042,0
1054385,900,0.562157,0
1054395,896,0,0
1054405,900,0.562157,0
1054415,890,-0.843254,0
1054425,887,-1.26487,0
1054435,894,-0.28109,0
1054445,887,-1.26487,0
1054455,904,1.124329,0
1054465,901,0.702698,0
1054475,904,1.124329,0
1054485,893,-0.421631,0
1054495,889,-0.983803,0
1054505,893,-0.421631,0
1054515,888,-1.124344,0
1054525,891,-0.702713,0
1054535,892,-0.562172,0
1054545,887,-1.26487,0
1054555,897,0.140541,0
1054565,893,-0.421631,0
1054575,888,-1.124344,0
1054585,895,-0.140541,0
1054595,888,-1.124344,0
1054605,893,-0.421631,0
1054615,899,0.421623,0
1054625,887,-1.26487,0
1054635,903,0.98378,0
1054645,895,-0.140541,0
1054655,898,0.281067,0
1054665,899,0.421623,0
1054675,885,-1.545967,0
1054685,893,-0.421631,0
1054695,899,0.421623,0
1054705,896,0,0
1054715,892,-0.562172,0
1054725,883,-1.827042,0
1054735,900,0.562157,0
1054745,893,-0.421631,0
1054755,895,-0.140541,0
1054765,900,0.562157,0
1054775,895,-0.140541,0
1054785,891,-0.702713,0
1054795,887,-1.26487,0
1054805,890,-0.843254,0
1054815,897,0.140541,0
1054825,892,-0.562172,0
1054835,893,-0.421631,0
1054845,898,0.281067,0
1054855,889,-0.983803,0
1054865,889,-0.983803,0
1054875,889,-0.983803,0
1054885,897,0.140541,0
1054895,896,0,0
1054905,900,0.562157,0
1054915,894,-0.28109,0
1054925,903,0.98378,0
1054935,888,-1.124344,0
1054945,903,0.98378,0
1054955,898,0.281067,0
1054965,897,0.140541,0
1054975,894,-0.28109,0
1054985,902,0.843239,0
1054995,888,-1.124344,0
1055005,899,0.421623,0
1055015,894,-0.28109,0
1055025,891,-0.702713,0
1055035,896,0,0
1055045,897,0.140541,0
1055055,885,-1.545967,0
1055065,905,1.26487,0
1055075,892,-0.562172,0
1055085,897,0.140541,0
1055095,895,-0.140541,0
1055105,890,-0.843254,0
1055115,885,-1.545967,0
1055125,893,-0.421631,0
1055135,897,0.140541,0
1055145,895,-0.140541,0
1055155,896,0,0
1055165,890,-0.843254,0
1055175,890,-0.843254,0
1055185,902,0.843239,0
1055195,898,0.281067,0
1055205,895,-0.140541,0
1055215,896,0,0
1055225,888,-1.124344,0
1055235,885,-1.545967,0
1055245,899,0.421623,0
1055255,897,0.140541,0
1055265,886,-1.405411,0
1055275,887,-1.26487,0
1055285,901,0.702698,0
1055295,895,-0.140541,0
1055305,892,-0.562172,0
1055315,894,-0.28109,0
1055325,893,-0.421631,0
1055335,898,0.281067,0
1055345,895,-0.140541,0
1055355,892,-0.562172,0
1055365,890,-0.843254,0
1055375,895,-0.140541,0
1055385,903,0.98378,0
1055395,895,-0.140541,0
1055405,903,0.98378,0
1055415,890,-0.843254,0
1055425,883,-1.827042,0
1055435,890,-0.843254,0
1055445,888,-1.124344,0
1055455,890,-0.843254,0
1055465,896,0,0
1055475,890,-0.843254,0
1055485,894,-0.28109,0
1055495,892,-0.562172,0
1055505,885,-1.545967,0
1055515,898,0.281067,1
1055525,885,-1.545967,1
1055535,898,0.281067,1
1055545,889,-0.983803,1
1055555,840,-7.870323,1
1055565,828,-9.556824,1
1055575,821,-10.54062,1
1055585,831,-9.135193,1
1055595,816,-11.24332,1
1055605,814,-11.5244,1
1055615,805,-12.78927,1
1055625,806,-12.64874,1
1055635,819,-10.8217,1
1055645,801,-13.35144,1
1055655,803,-13.07037,1
1055665,809,-12.22711,1
1055675,800,-13.49198,1
1055685,815,-11.38386,1
1055695,808,-12.36765,1
1055705,806,-12.64874,1
1055715,798,-13.77307,1
1055725,814,-11.5244,1
1055735,812,-11.80549,1
1055745,814,-11.5244,1
1055755,809,-12.22711,1
1055765,808,-12.36765,1
1055775,804,-12.92981,1
1055785,821,-10.54062,1
1055795,808,-12.36765,1
1055805,813,-11.66494,1
1055815,814,-11.5244,1
1055825,802,-13.2109,1
1055835,820,-10.68116,1
1055845,813,-11.66494,1
1055855,817,-11.10278,1
1055865,807,-12.5082,1
1055875,814,-11.5244,1
1055885,817,-11.10278,1
1055895,814,-11.5244,1
1055905,812,-11.80549,1
1055915,815,-11.38386,1
1055925,812,-11.80549,1
1055935,814,-11.5244,1
1055945,808,-12.36765,1
1055955,820,-10.68116,1
1055965,806,-12.64874,1
1055975,808,-12.36765,1
1055985,813,-11.66494,1
1055995,810,-12.08657,1
1056005,812,-11.80549,1
1056015,796,-14.05415,1
1056025,802,-13.2109,1
1056035,817,-11.10278,1
1056045,816,-11.24332,1
1056055,815,-11.38386,1
1056065,809,-12.22711,1
1056075,804,-12.92981,1
1056085,820,-10.68116,1
1056095,814,-11.5244,1
1056105,810,-12.08657,1
1056115,805,-12.78927,1
1056125,806,-12.64874,1
1056135,817,-11.10278,1
1056145,779,-16.44336,1
1056155,739,-22.06502,1
1056165,710,-26.14072,1
1056175,683,-29.93533,1
1056185,673,-31.34074,1
1056195,657,-33.58941,1
1056205,626,-37.9462,1
1056215,604,-41.03811,1
1056225,581,-44.27056,1
1056235,562,-46.94084,1
1056245,559,-47.36247,1
1056255,544,-49.47059,1
1056265,532,-51.15709,1
1056275,517,-53.26521,1
1056285,500,-55.65442,1
1056295,496,-56.21658,1
1056305,488,-57.34092,1
1056315,477,-58.88687,1
1056325,460,-61.27608,0
1056335,458,-61.55716,0
1056345,449,-62.82204,0
1056355,450,-62.68149,0
1056365,484,-57.90308,0
1056375,501,-55.51388,0
1056385,508,-54.53009,0
1056395,507,-54.67062,0
1056405,512,-53.96792,0
1056415,508,-54.53009,0
1056425,513,-53.82738,0
1056435,503,-55.23279,0
1056445,515,-53.5463,0
1056455,501,-55.51388,0
1056465,512,-53.96792,0
1056475,509,-54.38954,0
1056485,507,-54.67062,0
1056495,509,-54.38954,0
1056505,508,-54.53009,0
1056515,513,-53.82738,0
1056525,506,-54.81117,0
1056535,513,-53.82738,0
1056545,519,-52.98413,0
1056555,511,-54.10846,0
1056565,513,-53.82738,0
1056575,503,-55.23279,0
1056585,521,-52.70305,0
1056595,514,-53.68683,0
1056605,512,-53.96792,0
1056615,506,-54.81117,0
1056625,512,-53.96792,0
1056635,503,-55.23279,0
1056645,506,-54.81117,0
1056655,513,-53.82738,0
1056665,512,-53.96792,0
1056675,506,-54.81117,0
1056685,509,-54.38954,0
1056695,508,-54.53009,0
1056705,501,-55.51388,0
1056715,516,-53.40575,0
1056725,504,-55.09225,0
1056735,508,-54.53009,0
1056745,510,-54.249,0
1056755,513,-53.82738,0
1056765,507,-54.67062,0
1056775,505,-54.95171,0
1056785,513,-53.82738,0
1056795,505,-54.95171,0
1056805,513,-53.82738,0
1056815,514,-53.68683,0
1056825,504,-55.09225,0
1056835,510,-54.249,0
1056845,503,-55.23279,0
1056855,513,-53.82738,0
1056865,517,-53.26521,0
1056875,507,-54.67062,0
1056885,514,-53.68683,0
1056895,506,-54.81117,0
1056905,513,-53.82738,0
1056915,512,-53.96792,0
1056925,505,-54.95171,0
1056935,510,-54.249,0
1056945,511,-54.10846,0
1056955,507,-54.67062,0
1056965,520,-52.84359,0
1056975,513,-53.82738,0
1056985,506,-54.81117,0
1056995,518,-53.12467,0
1057005,513,-53.82738,0
1057015,513,-53.82738,0
1057025,508,-54.53009,0
1057035,503,-55.23279,0
1057045,513,-53.82738,0
1057055,517,-53.26521,0
1057065,521,-52.70305,0
1057075,515,-53.5463,0
1057085,507,-54.67062,0
1057095,514,-53.68683,0
1057105,500,-55.65442,0
1057115,508,-54.53009,0
1057125,511,-54.10846,0
1057135,517,-53.26521,0
1057145,510,-54.249,0
1057155,517,-53.26521,0
1057165,514,-53.68683,0
1057175,509,-54.38954,0
1057185,510,-54.249,0
1057195,516,-53.40575,0
1057205,519,-52.98413,0
1057215,504,-55.09225,0
1057225,513,-53.82738,0
1057235,505,-54.95171,0
1057245,520,-52.84359,0
1057255,512,-53.96792,0
1057265,523,-52.42196,0
1057275,509,-54.38954,0
1057285,515,-53.5463,0
1057295,504,-55.09225,0
1057305,513,-53.82738,0
1057315,516,-53.40575,0
1057325,512,-53.96792,0
1057335,509,-54.38954,0
1057345,507,-54.67062,0
1057355,511,-54.10846,0
1057365,516,-53.40575,0
1057375,515,-53.5463,0
1057385,518,-53.12467,0
1057395,505,-54.95171,0
1057405,513,-53.82738,0
1057415,515,-53.5463,0
1057425,507,-54.67062,0
1057435,514,-53.68683,0
1057445,511,-54.10846,0
1057455,513,-53.82738,0
1057465,511,-54.10846,0
1057475,509,-54.38954,0
1057485,513,-53.82738,0
1057495,513,-53.82738,0
1057505,511,-54.10846,0
1057515,508,-54.53009,0
1057525,508,-54.53009,0
1057535,512,-53.96792,0
1057545,507,-54.67062,0
1057555,517,-53.26521,0
1057565,514,-53.68683,0
1057575,511,-54.10846,0
1057585,508,-54.53009,0
1057595,514,-53.68683,0
1057605,519,-52.98413,0
1057615,510,-54.249,0
1057625,502,-55.37333,0
1057635,515,-53.5463,0
1057645,519,-52.98413,0
1057655,507,-54.67062,0
1057665,509,-54.38954,0
1057675,505,-54.95171,0
1057685,514,-53.68683,0
1057695,517,-53.26521,0
1057705,513,-53.82738,0
1057715,509,-54.38954,0
1057725,509,-54.38954,0
1057735,515,-53.5463,0
1057745,509,-54.38954,0
1057755,509,-54.38954,0
1057765,512,-53.96792,0
1057775,516,-53.40575,0
1057785,515,-53.5463,0
1057795,504,-55.09225,0
1057805,516,-53.40575,0
1057815,516,-53.40575,0
1057825,503,-55.23279,0
1057835,505,-54.95171,0
1057845,508,-54.53009,0
1057855,511,-54.10846,0
1057865,515,-53.5463,0
1057875,523,-52.42196,0
1057885,513,-53.82738,0
1057895,518,-53.12467,0
1057905,517,-53.26521,0
1057915,506,-54.81117,0
1057925,519,-52.98413,0
1057935,515,-53.5463,0
1057945,516,-53.40575,0
1057955,508,-54.53009,0
1057965,513,-53.82738,0
1057975,504,-55.09225,0
1057985,517,-53.26521,0
1057995,505,-54.95171,0
1058005,510,-54.249,0
1058015,515,-53.5463,0
1058025,507,-54.67062,0
1058035,518,-53.12467,0
1058045,519,-52.98413,0
1058055,517,-53.26521,0
1058065,511,-54.10846,0
1058075,517,-53.26521,0
1058085,513,-53.82738,0
1058095,513,-53.82738,0
1058105,510,-54.249,0
1058115,514,-53.68683,0
1058125,514,-53.68683,0
1058135,508,-54.53009,0
1058145,516,-53.40575,0
1058155,518,-53.12467,0
1058165,512,-53.96792,0
1058175,513,-53.82738,0
1058185,509,-54.38954,0
1058195,518,-53.12467,0
1058205,515,-53.5463,0
1058215,515,-53.5463,0
1058225,516,-53.40575,0
1058235,504,-55.09225,0
1058245,519,-52.98413,0
1058255,515,-53.5463,0
1058265,513,-53.82738,0
1058275,516,-53.40575,0
1058285,519,-52.98413,0
1058295,513,-53.82738,0
1058305,514,-53.68683,0
1058315,518,-53.12467,0
1058325,509,-54.38954,0
1058335,528,-51.71926,0
1058345,512,-53.96792,0
1058355,519,-52.98413,0
1058365,515,-53.5463,0
1058375,508,-54.53009,0
1058385,521,-52.70305,0
1058395,514,-53.68683,0
1058405,520,-52.84359,0
1058415,518,-53.12467,0
1058425,514,-53.68683,0
1058435,512,-53.96792,0
1058445,516,-53.40575,0
1058455,517,-53.26521,0
1058465,510,-54.249,0
1058475,513,-53.82738,0
1058485,515,-53.5463,0
1058495,516,-53.40575,0
1058505,516,-53.40575,0
1058515,524,-52.28142,0
1058525,522,-52.56251,0
1058535,507,-54.67062,0
1058545,512,-53.96792,0
1058555,510,-54.249,0
1058565,520,-52.84359,0
1058575,512,-53.96792,0
1058585,514,-53.68683,0
1058595,510,-54.249,0
1058605,513,-53.82738,0
1058615,516,-53.40575,0
1058625,517,-53.26521,0
1058635,507,-54.67062,0
1058645,516,-53.40575,0
1058655,516,-53.40575,0
1058665,510,-54.249,0
1058675,521,-52.70305,0
1058685,515,-53.5463,0
1058695,513,-53.82738,0
1058705,520,-52.84359,0
1058715,510,-54.249,0
1058725,516,-53.40575,0
1058735,513,-53.82738,0
1058745,512,-53.96792,0
1058755,523,-52.42196,0
1058765,528,-51.71926,0
1058775,512,-53.96792,0
1058785,506,-54.81117,0
1058795,510,-54.249,0
1058805,516,-53.40575,0
1058815,510,-54.249,0
1058825,518,-53.12467,0
1058835,522,-52.56251,0
1058845,520,-52.84359,0
1058855,508,-54.53009,0
1058865,520,-52.84359,0
1058875,509,-54.38954,0
1058885,513,-53.82738,0
1058895,514,-53.68683,0
1058905,516,-53.40575,0
1058915,510,-54.249,0
1058925,525,-52.14088,0
1058935,512,-53.96792,0
1058945,521,-52.70305,0
1058955,521,-52.70305,0
1058965,517,-53.26521,0
1058975,518,-53.12467,0
1058985,521,-52.70305,0
1058995,517,-53.26521,0
1059005,519,-52.98413,0
1059015,510,-54.249,0
1059025,516,-53.40575,0
1059035,524,-52.28142,0
1059045,517,-53.26521,0
1059055,518,-53.12467,0
1059065,516,-53.40575,0
1059075,519,-52.98413,0
1059085,524,-52.28142,0
1059095,522,-52.56251,0
1059105,524,-52.28142,0
1059115,518,-53.12467,0
1059125,512,-53.96792,0
1059135,513,-53.82738,0
1059145,510,-54.249,0
1059155,511,-54.10846,0
1059165,517,-53.26521,0
1059175,511,-54.10846,0
1059185,518,-53.12467,0
1059195,521,-52.70305,0
1059205,518,-53.12467,0
1059215,515,-53.5463,0
1059225,517,-53.26521,0
1059235,510,-54.249,0
1059245,514,-53.68683,0
1059255,511,-54.10846,0
1059265,515,-53.5463,0
1059275,521,-52.70305,0
1059285,516,-53.40575,0
1059295,513,-53.82738,0
1059305,516,-53.40575,0
1059315,519,-52.98413,0
1059325,520,-52.84359,0
1059335,510,-54.249,0
1059345,519,-52.98413,0
1059355,528,-51.71926,0
1059365,520,-52.84359,0
1059375,520,-52.84359,0
1059385,511,-54.10846,0
1059395,520,-52.84359,0
1059405,517,-53.26521,0
1059415,513,-53.82738,0
1059425,512,-53.96792,0
1059435,512,-53.96792,0
1059445,515,-53.5463,0
1059455,513,-53.82738,0
1059465,520,-52.84359,0
1059475,516,-53.40575,0
1059485,521,-52.70305,0
1059495,511,-54.10846,0
1059505,519,-52.98413,0
1059515,521,-52.70305,0
1059525,518,-53.12467,0
1059535,521,-52.70305,0
1059545,516,-53.40575,0
1059555,517,-53.26521,0
1059565,521,-52.70305,0
1059575,522,-52.56251,0
1059585,510,-54.249,0
1059595,510,-54.249,0
1059605,528,-51.71926,0
1059615,511,-54.10846,0
1059625,521,-52.70305,0
1059635,514,-53.68683,0
1059645,521,-52.70305,0
1059655,523,-52.42196,0
1059665,521,-52.70305,0
1059675,520,-52.84359,0
1059685,519,-52.98413,0
1059695,529,-51.57872,0
1059705,517,-53.26521,0
1059715,526,-52.00034,0
1059725,517,-53.26521,0
1059735,520,-52.84359,0
1059745,528,-51.71926,0
1059755,520,-52.84359,0
1059765,516,-53.40575,0
1059775,524,-52.28142,0
1059785,521,-52.70305,0
1059795,523,-52.42196,0
1059805,517,-53.26521,0
1059815,524,-52.28142,0
1059825,522,-52.56251,0
1059835,513,-53.82738,0
1059845,513,-53.82738,0
1059855,526,-52.00034,0
1059865,517,-53.26521,0
1059875,514,-53.68683,0
1059885,517,-53.26521,0
1059895,519,-52.98413,0
1059905,521,-52.70305,0
1059915,519,-52.98413,0
1059925,518,-53.12467,0
1059935,521,-52.70305,0
1059945,515,-53.5463,0
1059955,523,-52.42196,0
1059965,517,-53.26521,0
1059975,522,-52.56251,0
1059985,522,-52.56251,0
1059995,519,-52.98413,0
1060005,521,-52.70305,0
1060015,522,-52.56251,0
1060025,513,-53.82738,0
1060035,512,-53.96792,0
1060045,520,-52.84359,0
1060055,516,-53.40575,0
1060065,524,-52.28142,0
1060075,521,-52.70305,0
1060085,520,-52.84359,0
1060095,518,-53.12467,0
1060105,519,-52.98413,0
1060115,518,-53.12467,0
1060125,515,-53.5463,0
1060135,520,-52.84359,0
1060145,521,-52.70305,0
1060155,521,-52.70305,0
1060165,522,-52.56251,0
1060175,527,-51.85979,0
1060185,518,-53.12467,0
1060195,514,-53.68683,0
1060205,517,-53.26521,0
1060215,518,-53.12467,0
1060225,521,-52.70305,0
1060235,508,-54.53009,0
1060245,522,-52.56251,0
1060255,518,-53.12467,0
1060265,521,-52.70305,0
1060275,522,-52.56251,0
1060285,522,-52.56251,0
1060295,522,-52.56251,0
1060305,527,-51.85979,0
1060315,514,-53.68683,0
1060325,522,-52.56251,0
1060335,521,-52.70305,0
1060345,512,-53.96792,0
1060355,519,-52.98413,0
1060365,517,-53.26521,0
1060375,519,-52.98413,0
1060385,524,-52.28142,0
1060395,514,-53.68683,0
1060405,520,-52.84359,0
1060415,511,-54.10846,0
1060425,526,-52.00034,0
1060435,517,-53.26521,0
1060445,521,-52.70305,0
1060455,523,-52.42196,0
1060465,526,-52.00034,0
1060475,516,-53.40575,0
1060485,518,-53.12467,0
1060495,522,-52.56251,0
1060505,523,-52.42196,0
1060515,525,-52.14088,0
1060525,528,-51.71926,0
1060535,530,-51.43818,0
1060545,515,-53.5463,0
1060555,525,-52.14088,0
1060565,527,-51.85979,0
1060575,516,-53.40575,0
1060585,520,-52.84359,0
1060595,513,-53.82738,0
1060605,523,-52.42196,0
1060615,523,-52.42196,0
1060625,521,-52.70305,0
1060635,512,-53.96792,0
1060645,516,-53.40575,0
1060655,522,-52.56251,0
1060665,526,-52.00034,0
1060675,511,-54.10846,0
1060685,513,-53.82738,0
1060695,515,-53.5463,0
1060705,529,-51.57872,0
1060715,508,-54.53009,0
1060725,514,-53.68683,0
1060735,517,-53.26521,0
1060745,523,-52.42196,0
1060755,528,-51.71926,0
1060765,522,-52.56251,0
1060775,523,-52.42196,0
1060785,524,-52.28142,0
1060795,519,-52.98413,0
1060805,524,-52.28142,0
1060815,517,-53.26521,0
1060825,522,-52.56251,0
1060835,519,-52.98413,0
1060845,518,-53.12467,0
1060855,525,-52.14088,0
1060865,529,-51.57872,0
1060875,532,-51.15709,0
1060885,521,-52.70305,0
1060895,516,-53.40575,0
1060905,512,-53.96792,0
1060915,520,-52.84359,0
1060925,525,-52.14088,0
1060935,518,-53.12467,0
1060945,519,-52.98413,0
1060955,516,-53.40575,0
1060965,530,-51.43818,0
1060975,521,-52.70305,0
1060985,521,-52.70305,0
1060995,519,-52.98413,0
1061005,522,-52.56251,0
1061015,516,-53.40575,0
1061025,518,-53.12467,0
1061035,524,-52.28142,0
1061045,525,-52.14088,0
1061055,522,-52.56251,0
1061065,520,-52.84359,0
1061075,518,-53.12467,0
1061085,519,-52.98413,0
1061095,521,-52.70305,0
1061105,511,-54.10846,0
1061115,515,-53.5463,0
1061125,521,-52.70305,0
1061135,522,-52.56251,0
1061145,515,-53.5463,0
1061155,514,-53.68683,0
1061165,516,-53.40575,0
1061175,523,-52.42196,0
1061185,528,-51.71926,0
1061195,524,-52.28142,0
1061205,520,-52.84359,0
1061215,531,-51.29763,0
1061225,514,-53.68683,0
1061235,517,-53.26521,0
1061245,511,-54.10846,0
1061255,523,-52.42196,0
1061265,524,-52.28142,0
1061275,516,-53.40575,0
1061285,515,-53.5463,0
1061295,512,-53.96792,0
1061305,518,-53.12467,0
1061315,524,-52.28142,0
1061325,514,-53.68683,0
1061335,514,-53.68683,0
1061345,520,-52.84359,0
1061355,518,-53.12467,0
1061365,525,-52.14088,0
1061375,524,-52.28142,0
1061385,517,-53.26521,0
1061395,516,-53.40575,0
1061405,518,-53.12467,0
1061415,524,-52.28142,0
1061425,523,-52.42196,0
1061435,523,-52.42196,0
1061445,517,-53.26521,0
1061455,516,-53.40575,0
1061465,526,-52.00034,0
1061475,524,-52.28142,0
1061485,512,-53.96792,0
1061495,522,-52.56251,0
1061505,525,-52.14088,0
1061515,519,-52.98413,0
1061525,520,-52.84359,0
1061535,517,-53.26521,0
1061545,513,-53.82738,0
1061555,524,-52.28142,0
1061565,525,-52.14088,0
1061575,522,-52.56251,0
1061585,516,-53.40575,0
1061595,517,-53.26521,0
1061605,521,-52.70305,0
1061615,519,-52.98413,0
1061625,524,-52.28142,0
1061635,516,-53.40575,0
1061645,516,-53.40575,0
1061655,524,-52.28142,0
1061665,522,-52.56251,0
1061675,523,-52.42196,0
1061685,522,-52.56251,0
1061695,519,-52.98413,0
1061705,524,-52.28142,0
1061715,512,-53.96792,0
1061725,522,-52.56251,0
1061735,529,-51.57872,0
1061745,520,-52.84359,0
1061755,515,-53.5463,0
1061765,520,-52.84359,0
1061775,526,-52.00034,0
1061785,526,-52.00034,0
1061795,521,-52.70305,0
1061805,515,-53.5463,0
1061815,516,-53.40575,0
1061825,517,-53.26521,0
1061835,532,-51.15709,0
1061845,516,-53.40575,0
1061855,526,-52.00034,0
1061865,520,-52.84359,0
1061875,525,-52.14088,0
1061885,521,-52.70305,0
1061895,522,-52.56251,0
1061905,527,-51.85979,0
1061915,529,-51.57872,0
1061925,520,-52.84359,0
1061935,520,-52.84359,0
1061945,515,-53.5463,0
1061955,521,-52.70305,0
1061965,526,-52.00034,0
1061975,519,-52.98413,0
1061985,517,-53.26521,0
1061995,529,-51.57872,0
1062005,517,-53.26521,0
1062015,527,-51.85979,0
1062025,525,-52.14088,0
1062035,512,-53.96792,0
1062045,525,-52.14088,0
1062055,523,-52.42196,0
1062065,509,-54.38954,0
1062075,518,-53.12467,0
1062085,523,-52.42196,0
1062095,518,-53.12467,0
1062105,525,-52.14088,0
1062115,513,-53.82738,0
1062125,521,-52.70305,0
1062135,525,-52.14088,0
1062145,518,-53.12467,0
1062155,517,-53.26521,0
1062165,522,-52.56251,0
1062175,522,-52.56251,0
1062185,522,-52.56251,0
1062195,528,-51.71926,0
1062205,524,-52.28142,0
1062215,525,-52.14088,0
1062225,514,-53.68683,0
1062235,512,-53.96792,0
1062245,515,-53.5463,0
1062255,519,-52.98413,0
1062265,522,-52.56251,0
1062275,525,-52.14088,0
1062285,518,-53.12467,0
1062295,527,-51.85979,0
1062305,528,-51.71926,0
1062315,518,-53.12467,0
1062325,519,-52.98413,0
1062335,517,-53.26521,0
1062345,519,-52.98413,0
1062355,523,-52.42196,0
1062365,515,-53.5463,0
1062375,526,-52.00034,0
1062385,527,-51.85979,0
1062395,525,-52.14088,0
1062405,524,-52.28142,0
1062415,526,-52.00034,0
1062425,534,-50.876,0
1062435,528,-51.71926,0
1062445,521,-52.70305,0
1062455,528,-51.71926,0
1062465,525,-52.14088,0
1062475,527,-51.85979,0
1062485,524,-52.28142,0
1062495,525,-52.14088,0
1062505,518,-53.12467,0
1062515,523,-52.42196,0
1062525,527,-51.85979,0
1062535,524,-52.28142,0
1062545,517,-53.26521,1
1062555,533,-51.01655,1
1062565,517,-53.26521,1
1062575,524,-52.28142,1
1062585,522,-52.56251,1
1062595,497,-56.07604,1
1062605,501,-55.51388,1
1062615,476,-59.02741,1
1062625,478,-58.74633,1
1062635,459,-61.41662,1
1062645,455,-61.97878,1
1062655,448,-62.96257,1
1062665,440,-64.08691,1
1062675,433,-65.07069,1
1062685,426,-66.05449,1
1062695,422,-66.61665,1
1062705,420,-66.89773,1
1062715,411,-68.16261,1
1062725,409,-68.44369,1
1062735,406,-68.86531,1
1062745,400,-69.70856,1
1062755,400,-69.70856,1
1062765,379,-72.65993,1
1062775,381,-72.37885,1
1062785,392,-70.83289,1
1062795,383,-72.09777,1
1062805,377,-72.94101,1
1062815,373,-73.50318,1
1062825,380,-72.51939,1
1062835,368,-74.20589,1
1062845,371,-73.78426,1
1062855,366,-74.48697,1
1062865,362,-75.04913,1
1062875,362,-75.04913,1
1062885,357,-75.75184,1
1062895,361,-75.18967,1
1062905,355,-76.03293,1
1062915,351,-76.59509,1
1062925,353,-76.31401,1
1062935,353,-76.31401,1
1062945,357,-75.75184,1
1062955,353,-76.31401,1
1062965,351,-76.59509,1
1062975,348,-77.01672,1
1062985,352,-76.45454,1
1062995,342,-77.85996,1
1063005,345,-77.43834,1
1063015,347,-77.15726,1
1063025,351,-76.59509,1
1063035,354,-76.17346,1
1063045,345,-77.43834,1
1063055,357,-75.75184,1
1063065,344,-77.57889,1
1063075,345,-77.43834,1
1063085,343,-77.71942,1
1063095,343,-77.71942,1
1063105,341,-78.0005,1
1063115,348,-77.01672,1
1063125,339,-78.28159,1
1063135,341,-78.0005,1
1063145,349,-76.87617,1
1063155,342,-77.85996,1
1063165,345,-77.43834,1
1063175,348,-77.01672,1
1063185,340,-78.14104,1
1063195,340,-78.14104,1
1063205,338,-78.42213,1
1063215,336,-78.70322,1
1063225,342,-77.85996,1
1063235,342,-77.85996,1
1063245,336,-78.70322,1
1063255,345,-77.43834,1
1063265,339,-78.28159,1
1063275,342,-77.85996,1
1063285,342,-77.85996,1
1063295,339,-78.28159,1
1063305,346,-77.2978,1
1063315,343,-77.71942,1
1063325,346,-77.2978,1
1063335,349,-76.87617,1
1063345,338,-78.42213,1
1063355,336,-78.70322,1
1063365,338,-78.42213,1
1063375,343,-77.71942,1
1063385,340,-78.14104,1
1063395,344,-77.57889,1
1063405,339,-78.28159,1
1063415,340,-78.14104,1
1063425,343,-77.71942,1
1063435,340,-78.14104,1
1063445,338,-78.42213,1
1063455,342,-77.85996,1
1063465,344,-77.57889,1
1063475,340,-78.14104,1
1063485,343,-77.71942,1
1063495,340,-78.14104,1
1063505,345,-77.43834,1
1063515,334,-78.9843,1
1063525,336,-78.70322,1
1063535,339,-78.28159,1
1063545,339,-78.28159,1
1063555,337,-78.56267,1
1063565,341,-78.0005,1
1063575,335,-78.84376,1
1063585,335,-78.84376,1
1063595,339,-78.28159,1
1063605,341,-78.0005,1
1063615,337,-78.56267,1
1063625,337,-78.56267,1
1063635,336,-78.70322,1
1063645,338,-78.42213,1
1063655,335,-78.84376,1
1063665,333,-79.12484,1
1063675,343,-77.71942,1
1063685,335,-78.84376,1
1063695,341,-78.0005,1
1063705,345,-77.43834,1
1063715,340,-78.14104,1
1063725,335,-78.84376,1
1063735,332,-79.26537,1
1063745,341,-78.0005,1
1063755,338,-78.42213,1
1063765,341,-78.0005,1
1063775,335,-78.84376,1
1063785,336,-78.70322,1
1063795,338,-78.42213,1
1063805,339,-78.28159,1
1063815,336,-78.70322,1
1063825,336,-78.70322,1
1063835,331,-79.40591,1
1063845,340,-78.14104,1
1063855,342,-77.85996,1
1063865,335,-78.84376,1
1063875,344,-77.57889,1
1063885,336,-78.70322,1
1063895,334,-78.9843,1
1063905,339,-78.28159,1
1063915,332,-79.26537,1
1063925,344,-77.57889,1
1063935,334,-78.9843,1
1063945,332,-79.26537,1
1063955,339,-78.28159,1
1063965,342,-77.85996,1
1063975,339,-78.28159,1
1063985,337,-78.56267,1
1063995,336,-78.70322,1
1064005,337,-78.56267,1
1064015,335,-78.84376,1
1064025,337,-78.56267,1
1064035,332,-79.26537,1
1064045,343,-77.71942,1
1064055,344,-77.57889,1
1064065,340,-78.14104,1
1064075,341,-78.0005,1
1064085,334,-78.9843,1
1064095,339,-78.28159,1
1064105,333,-79.12484,1
1064115,334,-78.9843,1
1064125,329,-79.687,1
1064135,339,-78.28159,1
1064145,341,-78.0005,1
1064155,337,-78.56267,1
1064165,345,-77.43834,1
1064175,345,-77.43834,1
1064185,344,-77.57889,1
1064195,334,-78.9843,1
1064205,339,-78.28159,1
1064215,341,-78.0005,1
1064225,341,-78.0005,1
1064235,338,-78.42213,1
1064245,342,-77.85996,1
1064255,338,-78.42213,1
1064265,338,-78.42213,1
1064275,335,-78.84376,1
1064285,340,-78.14104,1
1064295,341,-78.0005,1
1064305,339,-78.28159,1
1064315,342,-77.85996,1
1064325,336,-78.70322,1
1064335,331,-79.40591,1
1064345,334,-78.9843,1
1064355,338,-78.42213,1
1064365,332,-79.26537,1
1064375,344,-77.57889,1
1064385,339,-78.28159,1
1064395,346,-77.2978,1
1064405,345,-77.43834,1
1064415,335,-78.84376,1
1064425,339,-78.28159,1
1064435,342,-77.85996,1
1064445,346,-77.2978,1
1064455,334,-78.9843,1
1064465,337,-78.56267,1
1064475,340,-78.14104,1
1064485,343,-77.71942,1
1064495,341,-78.0005,1
1064505,339,-78.28159,1
1064515,341,-78.0005,1
1064525,337,-78.56267,1
1064535,339,-78.28159,1
1064545,346,-77.2978,1
1064555,339,-78.28159,1
1064565,335,-78.84376,1
1064575,343,-77.71942,1
1064585,339,-78.28159,1
1064595,332,-79.26537,1
1064605,347,-77.15726,1
1064615,334,-78.9843,1
1064625,342,-77.85996,1
1064635,337,-78.56267,1
1064645,341,-78.0005,1
1064655,338,-78.42213,1
1064665,336,-78.70322,1
1064675,338,-78.42213,1
1064685,334,-78.9843,1
1064695,334,-78.9843,1
1064705,339,-78.28159,1
1064715,339,-78.28159,1
1064725,338,-78.42213,1
1064735,335,-78.84376,1
1064745,336,-78.70322,1
1064755,339,-78.28159,1
1064765,340,-78.14104,1
1064775,339,-78.28159,1
1064785,339,-78.28159,1
1064795,332,-79.26537,1
1064805,337,-78.56267,1
1064815,337,-78.56267,1
1064825,340,-78.14104,1
1064835,343,-77.71942,1
1064845,333,-79.12484,1
1064855,337,-78.56267,1
1064865,338,-78.42213,1
1064875,343,-77.71942,1
1064885,338,-78.42213,1
1064895,337,-78.56267,1
1064905,343,-77.71942,1
1064915,338,-78.42213,1
1064925,340,-78.14104,1
1064935,336,-78.70322,1
1064945,344,-77.57889,1
1064955,338,-78.42213,1
1064965,336,-78.70322,1
1064975,341,-78.0005,1
1064985,343,-77.71942,1
1064995,335,-78.84376,1
1065005,337,-78.56267,1
1065015,339,-78.28159,1
1065025,341,-78.0005,1
1065035,340,-78.14104,1
1065045,341,-78.0005,1
1065055,339,-78.28159,1
1065065,343,-77.71942,1
1065075,338,-78.42213,1
1065085,336,-78.70322,1
1065095,345,-77.43834,1
1065105,343,-77.71942,1
1065115,338,-78.42213,1
1065125,341,-78.0005,1
1065135,340,-78.14104,1
1065145,348,-77.01672,1
1065155,341,-78.0005,1
1065165,335,-78.84376,1
1065175,335,-78.84376,1
1065185,339,-78.28159,1
1065195,338,-78.42213,1
1065205,340,-78.14104,1
1065215,341,-78.0005,1
1065225,343,-77.71942,1
1065235,341,-78.0005,1
1065245,343,-77.71942,1
1065255,335,-78.84376,1
1065265,340,-78.14104,1
1065275,334,-78.9843,1
1065285,342,-77.85996,1
1065295,343,-77.71942,1
1065305,343,-77.71942,1
1065315,334,-78.9843,1
1065325,342,-77.85996,1
1065335,335,-78.84376,1
1065345,342,-77.85996,1
1065355,339,-78.28159,1
1065365,339,-78.28159,1
1065375,343,-77.71942,1
1065385,341,-78.0005,1
1065395,344,-77.57889,1
1065405,337,-78.56267,1
1065415,342,-77.85996,1
1065425,345,-77.43834,1
1065435,342,-77.85996,1
1065445,342,-77.85996,1
1065455,340,-78.14104,1
1065465,343,-77.71942,1
1065475,336,-78.70322,1
1065485,343,-77.71942,1
1065495,339,-78.28159,1
1065505,340,-78.14104,1
1065515,345,-77.43834,1
1065525,338,-78.42213,1
1065535,345,-77.43834,1
1065545,341,-78.0005,1
1065555,338,-78.42213,1
1065565,339,-78.28159,1
1065575,342,-77.85996,1
1065585,338,-78.42213,1
1065595,343,-77.71942,1
1065605,346,-77.2978,1
1065615,334,-78.9843,1
1065625,345,-77.43834,1
1065635,339,-78.28159,1
1065645,339,-78.28159,1
1065655,339,-78.28159,1
1065665,341,-78.0005,1
1065675,339,-78.28159,1
1065685,341,-78.0005,1
1065695,339,-78.28159,1
1065705,341,-78.0005,1
1065715,335,-78.84376,1
1065725,337,-78.56267,1
1065735,339,-78.28159,1
1065745,359,-75.47076,1
1065755,475,-59.16795,1
1065765,580,-44.4111,1
1065775,661,-33.02724,1
1065785,742,-21.64339,1
1065795,792,-14.61632,1
1065805,852,-6.18383,1
1065815,885,-1.545967,1
1065825,924,3.935158,1
1065835,963,9.416283,1
1065845,977,11.38387,1
1065855,985,12.50819,1
1065865,972,10.68115,1
1065875,984,12.36763,1
1065885,991,13.35143,1
1065895,1003,15.03793,1
1065905,1004,15.17848,1
1065915,995,13.9136,1
1065925,990,13.2109,1
1065935,987,12.78926,1
1065945,1006,15.45956,1
1065955,1007,15.60009,1
1065965,1001,14.75685,1
1065975,993,13.63251,1
1065985,981,11.94602,1
1065995,993,13.63251,1
1066005,1008,15.74064,1
1066015,1005,15.31901,1
1066025,994,13.77306,1
1066035,993,13.63251,1
1066045,988,12.92982,1
1066055,1007,15.60009,1
1066065,1000,14.61629,1
1066075,1008,15.74064,1
1066085,991,13.35143,1
1066095,980,11.80547,1
1066105,998,14.33522,1
1066115,1008,15.74064,1
1066125,1012,16.3028,1
1066135,997,14.19469,1
1066145,983,12.2271,1
1066155,1000,14.61629,1
1066165,999,14.47577,1
1066175,1014,16.58388,1
1066185,991,13.35143,1
1066195,996,14.05414,1
1066205,987,12.78926,0
1066215,992,13.49197,0
1066225,1004,15.17848,0
1066235,1003,15.03793,0
1066245,988,12.92982,0
1066255,917,2.95137,0
1066265,919,3.232452,0
1066275,901,0.702698,0
1066285,890,-0.843254,0
1066295,899,0.421623,0
1066305,895,-0.140541,0
1066315,888,-1.124344,0
1066325,895,-0.140541,0
1066335,890,-0.843254,0
1066345,895,-0.140541,0
1066355,889,-0.983803,0
1066365,885,-1.545967,0
1066375,895,-0.140541,0
1066385,893,-0.421631,0
1066395,896,0,0
1066405,901,0.702698,0
1066415,893,-0.421631,0
1066425,893,-0.421631,0
1066435,886,-1.405411,0
1066445,896,0,0
1066455,893,-0.421631,0
1066465,888,-1.124344,0
1066475,898,0.281067,0
1066485,902,0.843239,0
1066495,896,0,0
1066505,898,0.281067,0
1066515,894,-0.28109,0
1066525,889,-0.983803,0
1066535,890,-0.843254,0
1066545,895,-0.140541,0
1066555,893,-0.421631,0
1066565,900,0.562157,0
1066575,890,-0.843254,0
1066585,891,-0.702713,0
1066595,898,0.281067,0
1066605,898,0.281067,0
1066615,888,-1.124344,0
1066625,896,0,0
1066635,883,-1.827042,0
1066645,890,-0.843254,0
1066655,887,-1.26487,0
1066665,894,-0.28109,0
1066675,899,0.421623,0
1066685,888,-1.124344,0
1066695,903,0.98378,0
1066705,894,-0.28109,0
1066715,900,0.562157,0
1066725,893,-0.421631,0
1066735,892,-0.562172,0
1066745,892,-0.562172,0
1066755,892,-0.562172,0
1066765,898,0.281067,0
1066775,895,-0.140541,0
1066785,893,-0.421631,0
1066795,901,0.702698,0
1066805,904,1.124329,0
1066815,901,0.702698,0
1066825,895,-0.140541,0
1066835,885,-1.545967,0
1066845,893,-0.421631,0
1066855,897,0.140541,0
1066865,889,-0.983803,0
1066875,882,-1.967583,0
1066885,897,0.140541,0
1066895,893,-0.421631,0
1066905,881,-2.108124,0
1066915,899,0.421623,0
1066925,900,0.562157,0
1066935,896,0,0
1066945,897,0.140541,0
1066955,892,-0.562172,0
1066965,894,-0.28109,0
1066975,892,-0.562172,0
1066985,893,-0.421631,0
1066995,898,0.281067,0
1067005,900,0.562157,0
1067015,892,-0.562172,0
1067025,892,-0.562172,0
1067035,898,0.281067,0
1067045,898,0.281067,0
1067055,901,0.702698,0
1067065,891,-0.702713,0
1067075,898,0.281067,0
1067085,887,-1.26487,0
1067095,900,0.562157,0
1067105,895,-0.140541,0
1067115,905,1.26487,0
1067125,886,-1.405411,0
1067135,892,-0.562172,0
1067145,891,-0.702713,0
1067155,901,0.702698,0
1067165,896,0,0
1067175,890,-0.843254,0
1067185,892,-0.562172,0
1067195,890,-0.843254,0
1067205,886,-1.405411,0
1067215,893,-0.421631,0
1067225,887,-1.26487,0
1067235,884,-1.686501,0
1067245,897,0.140541,0
1067255,893,-0.421631,0
1067265,893,-0.421631,0
1067275,904,1.124329,0
1067285,892,-0.562172,0
1067295,893,-0.421631,0
1067305,884,-1.686501,0
1067315,894,-0.28109,0
1067325,889,-0.983803,0
1067335,885,-1.545967,0
1067345,887,-1.26487,0
1067355,886,-1.405411,0
1067365,885,-1.545967,0
1067375,892,-0.562172,0
1067385,885,-1.545967,0
1067395,900,0.562157,0
1067405,893,-0.421631,0
1067415,897,0.140541,0
1067425,888,-1.124344,0
1067435,889,-0.983803,0
1067445,898,0.281067,0
1067455,894,-0.28109,0
1067465,895,-0.140541,0
1067475,886,-1.405411,0
1067485,887,-1.26487,0
1067495,896,0,0
1067505,908,1.686493,0
1067515,894,-0.28109,0
1067525,891,-0.702713,0
1067535,886,-1.405411,0
1067545,899,0.421623,0
1067555,896,0,0
1067565,893,-0.421631,0
1067575,899,0.421623,0
1067585,894,-0.28109,0
1067595,892,-0.562172,0
1067605,883,-1.827042,0
1067615,890,-0.843254,0
1067625,890,-0.843254,0
1067635,891,-0.702713,0
1067645,895,-0.140541,0
1067655,897,0.140541,0
1067665,896,0,0
1067675,881,-2.108124,0
1067685,892,-0.562172,0
1067695,898,0.281067,0
1067705,893,-0.421631,0
1067715,895,-0.140541,0
1067725,893,-0.421631,0
1067735,892,-0.562172,0
1067745,890,-0.843254,0
1067755,885,-1.545967,0
1067765,905,1.26487,0
1067775,896,0,0
1067785,899,0.421623,0
1067795,897,0.140541,0
1067805,903,0.98378,0
1067815,890,-0.843254,0
1067825,904,1.124329,0
1067835,896,0,0
1067845,889,-0.983803,0
1067855,900,0.562157,0
1067865,902,0.843239,0
1067875,893,-0.421631,0
1067885,894,-0.28109,0
1067895,899,0.421623,0
1067905,892,-0.562172,0
1067915,890,-0.843254,0
1067925,891,-0.702713,0
1067935,896,0,0
1067945,893,-0.421631,0
1067955,901,0.702698,0
1067965,905,1.26487,0
1067975,889,-0.983803,0
1067985,888,-1.124344,0
1067995,896,0,0
1068005,894,-0.28109,0
1068015,892,-0.562172,0
1068025,898,0.281067,0
1068035,890,-0.843254,0
1068045,893,-0.421631,0
1068055,895,-0.140541,0
1068065,896,0,0
1068075,904,1.124329,0
1068085,889,-0.983803,0
1068095,885,-1.545967,0
1068105,892,-0.562172,0
1068115,902,0.843239,0
1068125,897,0.140541,0
1068135,894,-0.28109,0
1068145,895,-0.140541,0
1068155,881,-2.108124,0
1068165,903,0.98378,0
1068175,897,0.140541,0
1068185,903,0.98378,0
1068195,895,-0.140541,0
1068205,885,-1.545967,0
1068215,888,-1.124344,0
1068225,890,-0.843254,0
1068235,888,-1.124344,0
1068245,892,-0.562172,0
1068255,895,-0.140541,0
1068265,886,-1.405411,0
1068275,893,-0.421631,0
1068285,900,0.562157,0
1068295,901,0.702698,0
1068305,893,-0.421631,0
1068315,882,-1.967583,0
1068325,890,-0.843254,0
1068335,882,-1.967583,0
1068345,894,-0.28109,0
1068355,900,0.562157,0
1068365,897,0.140541,0
1068375,890,-0.843254,0
1068385,881,-2.108124,0
1068395,892,-0.562172,0
1068405,893,-0.421631,0
1068415,904,1.124329,0
1068425,889,-0.983803,0
1068435,896,0,0
1068445,901,0.702698,0
1068455,896,0,0
1068465,895,-0.140541,0
1068475,890,-0.843254,0
1068485,899,0.421623,0
1068495,897,0.140541,0
1068505,895,-0.140541,0
1068515,894,-0.28109,0
1068525,893,-0.421631,0
1068535,885,-1.545967,0
1068545,898,0.281067,0
1068555,893,-0.421631,0
1068565,891,-0.702713,0
1068575,896,0,0
1068585,893,-0.421631,0
1068595,897,0.140541,0
1068605,895,-0.140541,0
1068615,893,-0.421631,0
1068625,894,-0.28109,0
1068635,885,-1.545967,0
1068645,899,0.421623,0
1068655,885,-1.545967,0
1068665,896,0,0
1068675,883,-1.827042,0
1068685,891,-0.702713,0
1068695,907,1.545952,0
1068705,887,-1.26487,0
1068715,897,0.140541,0
1068725,894,-0.28109,0
1068735,885,-1.545967,0
1068745,888,-1.124344,0
1068755,889,-0.983803,0
1068765,898,0.281067,0
1068775,900,0.562157,0
1068785,893,-0.421631,0
1068795,887,-1.26487,0
1068805,890,-0.843254,0
1068815,897,0.140541,0
1068825,897,0.140541,0
1068835,893,-0.421631,0
1068845,894,-0.28109,0
1068855,883,-1.827042,0
1068865,897,0.140541,0
1068875,884,-1.686501,0
1068885,887,-1.26487,0
1068895,887,-1.26487,0
1068905,885,-1.545967,0
1068915,892,-0.562172,0
1068925,894,-0.28109,0
1068935,882,-1.967583,0
1068945,890,-0.843254,0
1068955,893,-0.421631,0
1068965,894,-0.28109,0
1068975,889,-0.983803,0
1068985,887,-1.26487,0
1068995,887,-1.26487,0
1069005,888,-1.124344,0
1069015,894,-0.28109,0
1069025,899,0.421623,0
1069035,892,-0.562172,0
1069045,894,-0.28109,0
1069055,897,0.140541,0
1069065,897,0.140541,0
1069075,900,0.562157,0
1069085,886,-1.405411,0
1069095,895,-0.140541,0
1069105,887,-1.26487,0
1069115,896,0,0
1069125,889,-0.983803,0
1069135,886,-1.405411,0
1069145,896,0,0
1069155,897,0.140541,0
1069165,896,0,0
1069175,886,-1.405411,0
1069185,882,-1.967583,0
1069195,897,0.140541,0
1069205,891,-0.702713,0
1069215,889,-0.983803,0
1069225,896,0,0
1069235,892,-0.562172,0
1069245,892,-0.562172,0
1069255,893,-0.421631,0
1069265,896,0,0
1069275,892,-0.562172,0
1069285,889,-0.983803,0
1069295,900,0.562157,0
1069305,888,-1.124344,0
1069315,889,-0.983803,0
1069325,905,1.26487,0
1069335,890,-0.843254,0
1069345,894,-0.28109,0
1069355,894,-0.28109,0
1069365,900,0.562157,0
1069375,891,-0.702713,0
1069385,882,-1.967583,0
1069395,891,-0.702713,0
1069405,882,-1.967583,0
1069415,895,-0.140541,0
1069425,893,-0.421631,0
1069435,894,-0.28109,0
1069445,898,0.281067,0
1069455,890,-0.843254,0
1069465,898,0.281067,0
1069475,888,-1.124344,0
1069485,889,-0.983803,0
1069495,902,0.843239,0
1069505,898,0.281067,0
1069515,892,-0.562172,0
1069525,899,0.421623,0
1069535,892,-0.562172,0
1069545,884,-1.686501,0
1069555,900,0.562157,0
1069565,895,-0.140541,0
1069575,904,1.124329,0
1069585,889,-0.983803,0
1069595,888,-1.124344,0
1069605,897,0.140541,0
1069615,895,-0.140541,0
1069625,889,-0.983803,0
1069635,886,-1.405411,0
1069645,895,-0.140541,0
1069655,881,-2.108124,0
1069665,896,0,0
1069675,883,-1.827042,0
1069685,894,-0.28109,0
1069695,894,-0.28109,0
1069705,897,0.140541,0
1069715,897,0.140541,0
1069725,888,-1.124344,0
1069735,892,-0.562172,0
1069745,901,0.702698,0
1069755,897,0.140541,0
1069765,892,-0.562172,0
1069775,894,-0.28109,0
1069785,890,-0.843254,0
1069795,893,-0.421631,0
1069805,887,-1.26487,0
1069815,892,-0.562172,0
1069825,898,0.281067,0
1069835,891,-0.702713,0
1069845,895,-0.140541,0
1069855,883,-1.827042,0
1069865,899,0.421623,0
1069875,894,-0.28109,0
1069885,891,-0.702713,0
1069895,886,-1.405411,0
1069905,891,-0.702713,0
1069915,899,0.421623,0
1069925,895,-0.140541,0
1069935,886,-1.405411,0
1069945,900,0.562157,0
1069955,894,-0.28109,0
1069965,898,0.281067,0
1069975,890,-0.843254,0
1069985,882,-1.967583,0
1069995,892,-0.562172,0
1070005,890,-0.843254,0
1070015,900,0.562157,0
1070025,893,-0.421631,0
1070035,888,-1.124344,0
1070045,893,-0.421631,0
1070055,898,0.281067,0
1070065,893,-0.421631,0
1070075,894,-0.28109,0
1070085,883,-1.827042,0
1070095,895,-0.140541,0
1070105,893,-0.421631,0
1070115,904,1.124329,0
1070125,885,-1.545967,0
1070135,886,-1.405411,0
1070145,895,-0.140541,0
1070155,886,-1.405411,0
1070165,893,-0.421631,0
1070175,885,-1.545967,0
1070185,889,-0.983803,0
1070195,898,0.281067,0
1070205,894,-0.28109,0
1070215,889,-0.983803,0
1070225,890,-0.843254,0
1070235,890,-0.843254,0
1070245,901,0.702698,0
1070255,884,-1.686501,0
1070265,893,-0.421631,0
1070275,894,-0.28109,0
1070285,893,-0.421631,0
1070295,897,0.140541,0
1070305,888,-1.124344,0
1070315,887,-1.26487,0
1070325,893,-0.421631,0
1070335,888,-1.124344,0
1070345,905,1.26487,0
1070355,892,-0.562172,0
1070365,903,0.98378,0
1070375,891,-0.702713,0
1070385,889,-0.983803,0
1070395,901,0.702698,0
1070405,899,0.421623,0
1070415,905,1.26487,0
1070425,889,-0.983803,0
1070435,893,-0.421631,0
1070445,900,0.562157,0
1070455,891,-0.702713,0
1070465,875,-2.951378,0
1070475,889,-0.983803,0
1070485,887,-1.26487,0
1070495,894,-0.28109,0
1070505,889,-0.983803,0
1070515,893,-0.421631,0
1070525,903,0.98378,0
1070535,897,0.140541,0
1070545,895,-0.140541,0
1070555,890,-0.843254,0
1070565,900,0.562157,0
1070575,895,-0.140541,0
1070585,889,-0.983803,0
1070595,897,0.140541,0
1070605,891,-0.702713,0
1070615,894,-0.28109,0
1070625,892,-0.562172,1
1070635,885,-1.545967,1
1070645,891,-0.702713,1
1070655,891,-0.702713,1
1070665,864,-4.49733,1
1070675,840,-7.870323,1
1070685,825,-9.978447,1
1070695,835,-8.573036,1
1070705,818,-10.96224,1
1070715,817,-11.10278,1
1070725,809,-12.22711,1
1070735,808,-12.36765,1
1070745,819,-10.8217,1
1070755,815,-11.38386,1
1070765,813,-11.66494,1
1070775,807,-12.5082,1
1070785,802,-13.2109,1
1070795,823,-10.25953,1
1070805,809,-12.22711,1
1070815,807,-12.5082,1
1070825,810,-12.08657,1
1070835,809,-12.22711,1
1070845,820,-10.68116,1
1070855,807,-12.5082,1
1070865,810,-12.08657,1
1070875,810,-12.08657,1
1070885,811,-11.94603,1
1070895,824,-10.11899,1
1070905,809,-12.22711,1
1070915,808,-12.36765,1
1070925,804,-12.92981,1
1070935,810,-12.08657,1
1070945,821,-10.54062,1
1070955,814,-11.5244,1
1070965,811,-11.94603,1
1070975,806,-12.64874,1
1070985,804,-12.92981,1
1070995,813,-11.66494,1
1071005,808,-12.36765,1
1071015,809,-12.22711,1
1071025,802,-13.2109,1
1071035,806,-12.64874,1
1071045,821,-10.54062,1
1071055,814,-11.5244,1
1071065,807,-12.5082,1
1071075,800,-13.49198,1
1071085,806,-12.64874,1
1071095,820,-10.68116,1
1071105,813,-11.66494,1
1071115,817,-11.10278,1
1071125,801,-13.35144,1
1071135,809,-12.22711,1
1071145,812,-11.80549,1
1071155,811,-11.94603,1
1071165,811,-11.94603,1
1071175,807,-12.5082,1
1071185,813,-11.66494,1
1071195,822,-10.40007,1
1071205,809,-12.22711,1
1071215,805,-12.78927,1
1071225,808,-12.36765,1
1071235,756,-19.67581,1
1071245,743,-21.50285,1
1071255,705,-26.84343,1
1071265,685,-29.65426,1
1071275,661,-33.02724,1
1071285,630,-37.38403,1
1071295,621,-38.6489,1
1071305,604,-41.03811,1
1071315,583,-43.98948,1
1071325,572,-45.53543,1
1071335,549,-48.76789,1
1071345,544,-49.47059,1
1071355,533,-51.01655,1
1071365,515,-53.5463,1
1071375,497,-56.07604,1
1071385,486,-57.62199,1
1071395,485,-57.76254,1
1071405,471,-59.73012,1
1071415,470,-59.87066,1
1071425,452,-62.4004,0
1071435,447,-63.10312,0
1071445,443,-63.66528,0
1071455,436,-64.64906,0
1071465,425,-66.19502,0
1071475,467,-60.29229,0
1071485,493,-56.6382,0
1071495,497,-56.07604,0
1071505,496,-56.21658,0
1071515,502,-55.37333,0
1071525,492,-56.77875,0
1071535,493,-56.6382,0
1071545,498,-55.9355,0
1071555,499,-55.79496,0
1071565,496,-56.21658,0
1071575,497,-56.07604,0
1071585,495,-56.35712,0
1071595,498,-55.9355,0
1071605,498,-55.9355,0
1071615,497,-56.07604,0
1071625,501,-55.51388,0
1071635,494,-56.49766,0
1071645,498,-55.9355,0
1071655,497,-56.07604,0
1071665,501,-55.51388,0
1071675,497,-56.07604,0
1071685,499,-55.79496,0
1071695,496,-56.21658,0
1071705,492,-56.77875,0
1071715,496,-56.21658,0
1071725,499,-55.79496,0
1071735,498,-55.9355,0
1071745,501,-55.51388,0
1071755,494,-56.49766,0
1071765,502,-55.37333,0
1071775,496,-56.21658,0
1071785,504,-55.09225,0
1071795,500,-55.65442,0
1071805,494,-56.49766,0
1071815,496,-56.21658,0
1071825,503,-55.23279,0
1071835,494,-56.49766,0
1071845,502,-55.37333,0
1071855,501,-55.51388,0
1071865,504,-55.09225,0
1071875,499,-55.79496,0
1071885,506,-54.81117,0
1071895,498,-55.9355,0
1071905,498,-55.9355,0
1071915,501,-55.51388,0
1071925,501,-55.51388,0
1071935,495,-56.35712,0
1071945,495,-56.35712,0
1071955,500,-55.65442,0
1071965,496,-56.21658,0
1071975,501,-55.51388,0
1071985,505,-54.95171,0
1071995,498,-55.9355,0
1072005,501,-55.51388,0
1072015,498,-55.9355,0
1072025,498,-55.9355,0
1072035,492,-56.77875,0
1072045,499,-55.79496,0
1072055,499,-55.79496,0
1072065,501,-55.51388,0
1072075,498,-55.9355,0
1072085,494,-56.49766,0
1072095,501,-55.51388,0
1072105,500,-55.65442,0
1072115,493,-56.6382,0
1072125,498,-55.9355,0
1072135,500,-55.65442,0
1072145,498,-55.9355,0
1072155,501,-55.51388,0
1072165,507,-54.67062,0
1072175,500,-55.65442,0
1072185,496,-56.21658,0
1072195,495,-56.35712,0
1072205,498,-55.9355,0
1072215,500,-55.65442,0
1072225,496,-56.21658,0
1072235,495,-56.35712,0
1072245,498,-55.9355,0
1072255,497,-56.07604,0
1072265,497,-56.07604,0
1072275,498,-55.9355,0
1072285,497,-56.07604,0
1072295,493,-56.6382,0
1072305,490,-57.05983,0
1072315,495,-56.35712,0
1072325,493,-56.6382,0
1072335,496,-56.21658,0
1072345,497,-56.07604,0
1072355,498,-55.9355,0
1072365,502,-55.37333,0
1072375,503,-55.23279,0
1072385,499,-55.79496,0
1072395,503,-55.23279,0
1072405,497,-56.07604,0
1072415,502,-55.37333,0
1072425,494,-56.49766,0
1072435,502,-55.37333,0
1072445,503,-55.23279,0
1072455,496,-56.21658,0
1072465,503,-55.23279,0
1072475,493,-56.6382,0
1072485,500,-55.65442,0
1072495,499,-55.79496,0
1072505,492,-56.77875,0
1072515,497,-56.07604,0
1072525,502,-55.37333,0
1072535,501,-55.51388,0
1072545,500,-55.65442,0
1072555,504,-55.09225,0
1072565,497,-56.07604,0
1072575,495,-56.35712,0
1072585,499,-55.79496,0
1072595,504,-55.09225,0
1072605,499,-55.79496,0
1072615,507,-54.67062,0
1072625,500,-55.65442,0
1072635,498,-55.9355,0
1072645,498,-55.9355,0
1072655,500,-55.65442,0
1072665,504,-55.09225,0
1072675,498,-55.9355,0
1072685,504,-55.09225,0
1072695,495,-56.35712,0
1072705,498,-55.9355,0
1072715,503,-55.23279,0
1072725,505,-54.95171,0
1072735,501,-55.51388,0
1072745,499,-55.79496,0
1072755,498,-55.9355,0
1072765,500,-55.65442,0
1072775,501,-55.51388,0
1072785,497,-56.07604,0
1072795,500,-55.65442,0
1072805,499,-55.79496,0
1072815,504,-55.09225,0
1072825,506,-54.81117,0
1072835,496,-56.21658,0
1072845,499,-55.79496,0
1072855,505,-54.95171,0
1072865,511,-54.10846,0
1072875,503,-55.23279,0
1072885,503,-55.23279,0
1072895,509,-54.38954,0
1072905,490,-57.05983,0
1072915,496,-56.21658,0
1072925,499,-55.79496,0
1072935,493,-56.6382,0
1072945,499,-55.79496,0
1072955,504,-55.09225,0
1072965,500,-55.65442,0
1072975,506,-54.81117,0
1072985,505,-54.95171,0
1072995,494,-56.49766,0
1073005,502,-55.37333,0
1073015,504,-55.09225,0
1073025,497,-56.07604,0
1073035,499,-55.79496,0
1073045,504,-55.09225,0
1073055,493,-56.6382,0
1073065,507,-54.67062,0
1073075,500,-55.65442,0
1073085,506,-54.81117,0
1073095,493,-56.6382,0
1073105,498,-55.9355,0
1073115,499,-55.79496,0
1073125,500,-55.65442,0
1073135,503,-55.23279,0
1073145,507,-54.67062,0
1073155,500,-55.65442,0
1073165,498,-55.9355,0
1073175,502,-55.37333,0
1073185,503,-55.23279,0
1073195,503,-55.23279,0
1073205,503,-55.23279,0
1073215,499,-55.79496,0
1073225,497,-56.07604,0
1073235,502,-55.37333,0
1073245,504,-55.09225,0
1073255,502,-55.37333,0
1073265,507,-54.67062,0
1073275,502,-55.37333,0
1073285,509,-54.38954,0
1073295,498,-55.9355,0
1073305,498,-55.9355,0
1073315,502,-55.37333,0
1073325,501,-55.51388,0
1073335,499,-55.79496,0
1073345,499,-55.79496,0
1073355,499,-55.79496,0
1073365,503,-55.23279,0
1073375,494,-56.49766,0
1073385,504,-55.09225,0
1073395,497,-56.07604,0
1073405,499,-55.79496,0
1073415,504,-55.09225,0
1073425,501,-55.51388,0
1073435,499,-55.79496,0
1073445,501,-55.51388,0
1073455,499,-55.79496,0
1073465,503,-55.23279,0
1073475,500,-55.65442,0
1073485,495,-56.35712,0
1073495,495,-56.35712,0
1073505,496,-56.21658,0
1073515,501,-55.51388,0
1073525,496,-56.21658,0
1073535,501,-55.51388,0
1073545,498,-55.9355,0
1073555,498,-55.9355,0
1073565,506,-54.81117,0
1073575,496,-56.21658,0
1073585,512,-53.96792,0
1073595,503,-55.23279,0
1073605,496,-56.21658,0
1073615,507,-54.67062,0
1073625,499,-55.79496,0
1073635,500,-55.65442,0
1073645,504,-55.09225,0
1073655,499,-55.79496,0
1073665,503,-55.23279,0
1073675,498,-55.9355,0
1073685,497,-56.07604,0
1073695,501,-55.51388,0
1073705,494,-56.49766,0
1073715,499,-55.79496,0
1073725,505,-54.95171,0
1073735,499,-55.79496,0
1073745,506,-54.81117,0
1073755,499,-55.79496,0
1073765,503,-55.23279,0
1073775,497,-56.07604,0
1073785,506,-54.81117,0
1073795,504,-55.09225,0
1073805,501,-55.51388,0
1073815,506,-54.81117,0
1073825,501,-55.51388,0
1073835,505,-54.95171,0
1073845,501,-55.51388,0
1073855,502,-55.37333,0
1073865,492,-56.77875,0
1073875,495,-56.35712,0
1073885,497,-56.07604,0
1073895,499,-55.79496,0
1073905,499,-55.79496,0
1073915,502,-55.37333,0
1073925,499,-55.79496,0
1073935,505,-54.95171,0
1073945,498,-55.9355,0
1073955,499,-55.79496,0
1073965,505,-54.95171,0
1073975,507,-54.67062,0
1073985,503,-55.23279,0
1073995,502,-55.37333,0
1074005,500,-55.65442,0
1074015,501,-55.51388,0
1074025,501,-55.51388,0
1074035,497,-56.07604,0
1074045,502,-55.37333,0
1074055,496,-56.21658,0
1074065,512,-53.96792,0
1074075,505,-54.95171,0
1074085,503,-55.23279,0
1074095,502,-55.37333,0
1074105,499,-55.79496,0
1074115,504,-55.09225,0
1074125,498,-55.9355,0
1074135,495,-56.35712,0
1074145,499,-55.79496,0
1074155,500,-55.65442,0
1074165,513,-53.82738,0
1074175,506,-54.81117,0
1074185,501,-55.51388,0
1074195,503,-55.23279,0
1074205,498,-55.9355,0
1074215,499,-55.79496,0
1074225,501,-55.51388,0
1074235,505,-54.95171,0
1074245,506,-54.81117,0
1074255,497,-56.07604,0
1074265,499,-55.79496,0
1074275,509,-54.38954,0
1074285,499,-55.79496,0
1074295,509,-54.38954,0
1074305,499,-55.79496,0
1074315,506,-54.81117,0
1074325,501,-55.51388,0
1074335,498,-55.9355,0
1074345,503,-55.23279,0
1074355,502,-55.37333,0
1074365,504,-55.09225,0
1074375,496,-56.21658,0
1074385,496,-56.21658,0
1074395,501,-55.51388,0
1074405,497,-56.07604,0
1074415,503,-55.23279,0
1074425,498,-55.9355,0
1074435,510,-54.249,0
1074445,506,-54.81117,0
1074455,504,-55.09225,0
1074465,507,-54.67062,0
1074475,513,-53.82738,0
1074485,504,-55.09225,0
1074495,509,-54.38954,0
1074505,495,-56.35712,0
1074515,507,-54.67062,0
1074525,505,-54.95171,0
1074535,503,-55.23279,0
1074545,514,-53.68683,0
1074555,500,-55.65442,0
1074565,503,-55.23279,0
1074575,509,-54.38954,0
1074585,506,-54.81117,0
1074595,508,-54.53009,0
1074605,499,-55.79496,0
1074615,505,-54.95171,0
1074625,503,-55.23279,0
1074635,491,-56.91929,0
1074645,498,-55.9355,0
1074655,498,-55.9355,0
1074665,503,-55.23279,0
1074675,500,-55.65442,0
1074685,498,-55.9355,0
1074695,511,-54.10846,0
1074705,499,-55.79496,0
1074715,508,-54.53009,0
1074725,498,-55.9355,0
1074735,499,-55.79496,0
1074745,508,-54.53009,0
1074755,495,-56.35712,0
1074765,505,-54.95171,0
1074775,503,-55.23279,0
1074785,499,-55.79496,0
1074795,507,-54.67062,0
1074805,501,-55.51388,0
1074815,518,-53.12467,0
1074825,505,-54.95171,0
1074835,504,-55.09225,0
1074845,508,-54.53009,0
1074855,499,-55.79496,0
1074865,503,-55.23279,0
1074875,516,-53.40575,0
1074885,494,-56.49766,0
1074895,506,-54.81117,0
1074905,505,-54.95171,0
1074915,499,-55.79496,0
1074925,503,-55.23279,0
1074935,507,-54.67062,0
1074945,500,-55.65442,0
1074955,510,-54.249,0
1074965,504,-55.09225,0
1074975,496,-56.21658,0
1074985,509,-54.38954,0
1074995,505,-54.95171,0
1075005,506,-54.81117,0
1075015,506,-54.81117,0
1075025,499,-55.79496,0
1075035,508,-54.53009,0
1075045,504,-55.09225,0
1075055,502,-55.37333,0
1075065,497,-56.07604,0
1075075,509,-54.38954,0
1075085,511,-54.10846,0
1075095,506,-54.81117,0
1075105,500,-55.65442,0
1075115,512,-53.96792,0
1075125,497,-56.07604,0
1075135,503,-55.23279,0
1075145,504,-55.09225,0
1075155,513,-53.82738,0
1075165,505,-54.95171,0
1075175,501,-55.51388,0
1075185,517,-53.26521,0
1075195,506,-54.81117,0
1075205,505,-54.95171,0
1075215,503,-55.23279,0
1075225,513,-53.82738,0
1075235,509,-54.38954,0
1075245,512,-53.96792,0
1075255,505,-54.95171,0
1075265,498,-55.9355,0
1075275,509,-54.38954,0
1075285,505,-54.95171,0
1075295,496,-56.21658,0
1075305,500,-55.65442,0
1075315,507,-54.67062,0
1075325,509,-54.38954,0
1075335,513,-53.82738,0
1075345,503,-55.23279,0
1075355,501,-55.51388,0
1075365,508,-54.53009,0
1075375,502,-55.37333,0
1075385,506,-54.81117,0
1075395,500,-55.65442,0
1075405,504,-55.09225,0
1075415,509,-54.38954,0
1075425,508,-54.53009,0
1075435,501,-55.51388,0
1075445,512,-53.96792,0
1075455,506,-54.81117,0
1075465,511,-54.10846,0
1075475,496,-56.21658,0
1075485,503,-55.23279,0
1075495,509,-54.38954,0
1075505,501,-55.51388,0
1075515,510,-54.249,0
1075525,512,-53.96792,0
1075535,505,-54.95171,0
1075545,503,-55.23279,0
1075555,501,-55.51388,0
1075565,506,-54.81117,0
1075575,501,-55.51388,0
1075585,505,-54.95171,0
1075595,504,-55.09225,0
1075605,506,-54.81117,0
1075615,508,-54.53009,0
1075625,502,-55.37333,0
1075635,515,-53.5463,0
1075645,500,-55.65442,0
1075655,505,-54.95171,0
1075665,500,-55.65442,0
1075675,502,-55.37333,0
1075685,499,-55.79496,0
1075695,496,-56.21658,0
1075705,513,-53.82738,0
1075715,508,-54.53009,0
1075725,505,-54.95171,0
1075735,502,-55.37333,0
1075745,511,-54.10846,0
1075755,508,-54.53009,0
1075765,509,-54.38954,0
1075775,513,-53.82738,0
1075785,501,-55.51388,0
1075795,508,-54.53009,0
1075805,507,-54.67062,0
1075815,509,-54.38954,0
1075825,505,-54.95171,0
1075835,508,-54.53009,0
1075845,506,-54.81117,0
1075855,501,-55.51388,0
1075865,510,-54.249,0
1075875,495,-56.35712,0
1075885,500,-55.65442,0
1075895,508,-54.53009,0
1075905,505,-54.95171,0
1075915,510,-54.249,0
1075925,501,-55.51388,0
1075935,504,-55.09225,0
1075945,507,-54.67062,0
1075955,514,-53.68683,0
1075965,510,-54.249,0
1075975,499,-55.79496,0
1075985,502,-55.37333,0
1075995,513,-53.82738,0
1076005,508,-54.53009,0
1076015,512,-53.96792,0
1076025,508,-54.53009,0
1076035,503,-55.23279,0
1076045,505,-54.95171,0
1076055,506,-54.81117,0
1076065,504,-55.09225,0
1076075,504,-55.09225,0
1076085,518,-53.12467,0
1076095,516,-53.40575,0
1076105,497,-56.07604,0
1076115,509,-54.38954,0
1076125,500,-55.65442,0
1076135,506,-54.81117,0
1076145,508,-54.53009,0
1076155,504,-55.09225,0
1076165,506,-54.81117,0
1076175,507,-54.67062,0
1076185,506,-54.81117,0
1076195,511,-54.10846,0
1076205,506,-54.81117,0
1076215,509,-54.38954,0
1076225,508,-54.53009,0
1076235,499,-55.79496,0
1076245,508,-54.53009,0
1076255,506,-54.81117,0
1076265,505,-54.95171,0
1076275,514,-53.68683,0
1076285,501,-55.51388,0
1076295,505,-54.95171,0
1076305,511,-54.10846,0
1076315,502,-55.37333,0
1076325,507,-54.67062,0
1076335,513,-53.82738,0
1076345,508,-54.53009,0
1076355,505,-54.95171,0
1076365,509,-54.38954,0
1076375,510,-54.249,0
1076385,510,-54.249,0
1076395,508,-54.53009,0
1076405,501,-55.51388,0
1076415,507,-54.67062,0
1076425,503,-55.23279,0
1076435,511,-54.10846,0
1076445,512,-53.96792,0
1076455,508,-54.53009,0
1076465,502,-55.37333,0
1076475,504,-55.09225,0
1076485,502,-55.37333,0
1076495,509,-54.38954,0
1076505,516,-53.40575,0
1076515,510,-54.249,0
1076525,505,-54.95171,0
1076535,511,-54.10846,0
1076545,506,-54.81117,0
1076555,504,-55.09225,0
1076565,515,-53.5463,0
1076575,512,-53.96792,0
1076585,513,-53.82738,0
1076595,504,-55.09225,0
1076605,507,-54.67062,0
1076615,515,-53.5463,0
1076625,503,-55.23279,0
1076635,510,-54.249,0
1076645,502,-55.37333,0
1076655,505,-54.95171,0
1076665,511,-54.10846,0
1076675,505,-54.95171,0
1076685,515,-53.5463,0
1076695,508,-54.53009,0
1076705,508,-54.53009,0
1076715,511,-54.10846,0
1076725,507,-54.67062,0
1076735,506,-54.81117,0
1076745,504,-55.09225,0
1076755,501,-55.51388,0
1076765,511,-54.10846,0
1076775,508,-54.53009,0
1076785,506,-54.81117,0
1076795,511,-54.10846,0
1076805,505,-54.95171,0
1076815,510,-54.249,0
1076825,501,-55.51388,0
1076835,511,-54.10846,0
1076845,509,-54.38954,0
1076855,507,-54.67062,0
1076865,510,-54.249,0
1076875,506,-54.81117,0
1076885,511,-54.10846,0
1076895,500,-55.65442,0
1076905,502,-55.37333,0
1076915,505,-54.95171,0
1076925,503,-55.23279,0
1076935,520,-52.84359,0
1076945,508,-54.53009,0
1076955,505,-54.95171,0
1076965,506,-54.81117,0
1076975,500,-55.65442,0
1076985,510,-54.249,0
1076995,500,-55.65442,0
1077005,509,-54.38954,0
1077015,504,-55.09225,0
1077025,513,-53.82738,0
1077035,509,-54.38954,0
1077045,504,-55.09225,0
1077055,514,-53.68683,0
1077065,506,-54.81117,0
1077075,502,-55.37333,0
1077085,509,-54.38954,0
1077095,512,-53.96792,0
1077105,515,-53.5463,0
1077115,510,-54.249,0
1077125,513,-53.82738,0
1077135,511,-54.10846,0
1077145,509,-54.38954,0
1077155,506,-54.81117,0
1077165,503,-55.23279,0
1077175,513,-53.82738,0
1077185,508,-54.53009,0
1077195,512,-53.96792,0
1077205,517,-53.26521,0
1077215,501,-55.51388,0
1077225,506,-54.81117,0
1077235,503,-55.23279,0
1077245,514,-53.68683,0
1077255,497,-56.07604,0
1077265,506,-54.81117,0
1077275,503,-55.23279,0
1077285,503,-55.23279,0
1077295,503,-55.23279,0
1077305,506,-54.81117,0
1077315,506,-54.81117,0
1077325,506,-54.81117,0
1077335,514,-53.68683,0
1077345,512,-53.96792,0
1077355,513,-53.82738,0
1077365,503,-55.23279,0
1077375,511,-54.10846,0
1077385,517,-53.26521,0
1077395,512,-53.96792,0
1077405,511,-54.10846,0
1077415,502,-55.37333,0
1077425,505,-54.95171,0
1077435,508,-54.53009,0
1077445,508,-54.53009,0
1077455,507,-54.67062,0
1077465,503,-55.23279,0
1077475,506,-54.81117,0
1077485,505,-54.95171,0
1077495,509,-54.38954,0
1077505,509,-54.38954,0
1077515,514,-53.68683,0
1077525,506,-54.81117,0
1077535,501,-55.51388,0
1077545,513,-53.82738,0
1077555,512,-53.96792,0
1077565,509,-54.38954,0
1077575,504,-55.09225,0
1077585,503,-55.23279,0
1077595,507,-54.67062,0
1077605,505,-54.95171,0
1077615,513,-53.82738,0
1077625,503,-55.23279,0
1077635,508,-54.53009,0
1077645,512,-53.96792,0
1077655,510,-54.249,0
1077665,506,-54.81117,0
1077675,504,-55.09225,0
1077685,513,-53.82738,0
1077695,507,-54.67062,0
1077705,515,-53.5463,0
1077715,514,-53.68683,0
1077725,506,-54.81117,0
1077735,507,-54.67062,0
1077745,513,-53.82738,0
1077755,505,-54.95171,0
1077765,509,-54.38954,0
1077775,504,-55.09225,0
1077785,513,-53.82738,0
1077795,516,-53.40575,0
1077805,506,-54.81117,0
1077815,512,-53.96792,0
1077825,499,-55.79496,0
1077835,510,-54.249,0
1077845,504,-55.09225,0
1077855,516,-53.40575,0
1077865,516,-53.40575,0
1077875,502,-55.37333,0
1077885,507,-54.67062,0
1077895,513,-53.82738,0
1077905,516,-53.40575,0
1077915,504,-55.09225,0
1077925,514,-53.68683,0
1077935,515,-53.5463,0
1077945,507,-54.67062,0
1077955,511,-54.10846,0
1077965,515,-53.5463,0
1077975,502,-55.37333,0
1077985,508,-54.53009,0
1077995,507,-54.67062,1
1078005,513,-53.82738,1
1078015,512,-53.96792,1
1078025,506,-54.81117,1
1078035,509,-54.38954,1
1078045,508,-54.53009,1
1078055,493,-56.6382,1
1078065,476,-59.02741,1
1078075,463,-60.85445,1
1078085,449,-62.82204,1
1078095,446,-63.24365,1
1078105,449,-62.82204,1
1078115,435,-64.78961,1
1078125,430,-65.49232,1
1078135,428,-65.7734,1
1078145,418,-67.17881,1
1078155,425,-66.19502,1
1078165,414,-67.74098,1
1078175,402,-69.42747,1
1078185,402,-69.42747,1
1078195,405,-69.00585,1
1078205,397,-70.13019,1
1078215,389,-71.25452,1
1078225,382,-72.2383,1
1078235,380,-72.51939,1
1078245,383,-72.09777,1
1078255,376,-73.08156,1
1078265,379,-72.65993,1
1078275,375,-73.22209,1
1078285,375,-73.22209,1
1078295,369,-74.06535,1
1078305,367,-74.34643,1
1078315,370,-73.9248,1
1078325,356,-75.89239,1
1078335,357,-75.75184,1
1078345,360,-75.33022,1
1078355,355,-76.03293,1
1078365,355,-76.03293,1
1078375,363,-74.90859,1
1078385,357,-75.75184,1
1078395,354,-76.17346,1
1078405,342,-77.85996,1
1078415,347,-77.15726,1
1078425,347,-77.15726,1
1078435,351,-76.59509,1
1078445,350,-76.73563,1
1078455,349,-76.87617,1
1078465,348,-77.01672,1
1078475,341,-78.0005,1
1078485,343,-77.71942,1
1078495,342,-77.85996,1
1078505,347,-77.15726,1
1078515,343,-77.71942,1
1078525,344,-77.57889,1
1078535,347,-77.15726,1
1078545,338,-78.42213,1
1078555,347,-77.15726,1
1078565,342,-77.85996,1
1078575,342,-77.85996,1
1078585,341,-78.0005,1
1078595,344,-77.57889,1
1078605,340,-78.14104,1
1078615,341,-78.0005,1
1078625,340,-78.14104,1
1078635,343,-77.71942,1
1078645,339,-78.28159,1
1078655,334,-78.9843,1
1078665,345,-77.43834,1
1078675,337,-78.56267,1
1078685,339,-78.28159,1
1078695,343,-77.71942,1
1078705,342,-77.85996,1
1078715,345,-77.43834,1
1078725,343,-77.71942,1
1078735,338,-78.42213,1
1078745,341,-78.0005,1
1078755,346,-77.2978,1
1078765,337,-78.56267,1
1078775,341,-78.0005,1
1078785,336,-78.70322,1
1078795,338,-78.42213,1
1078805,344,-77.57889,1
1078815,340,-78.14104,1
1078825,341,-78.0005,1
1078835,341,-78.0005,1
1078845,343,-77.71942,1
1078855,345,-77.43834,1
1078865,333,-79.12484,1
1078875,338,-78.42213,1
1078885,330,-79.54646,1
1078895,343,-77.71942,1
1078905,343,-77.71942,1
1078915,342,-77.85996,1
1078925,338,-78.42213,1
1078935,341,-78.0005,1
1078945,342,-77.85996,1
1078955,344,-77.57889,1
1078965,339,-78.28159,1
1078975,339,-78.28159,1
1078985,337,-78.56267,1
1078995,338,-78.42213,1
1079005,338,-78.42213,1
1079015,337,-78.56267,1
1079025,339,-78.28159,1
1079035,338,-78.42213,1
1079045,337,-78.56267,1
1079055,336,-78.70322,1
1079065,339,-78.28159,1
1079075,341,-78.0005,1
1079085,339,-78.28159,1
1079095,336,-78.70322,1
1079105,342,-77.85996,1
1079115,333,-79.12484,1
1079125,338,-78.42213,1
1079135,337,-78.56267,1
1079145,333,-79.12484,1
1079155,336,-78.70322,1
1079165,336,-78.70322,1
1079175,330,-79.54646,1
1079185,337,-78.56267,1
1079195,336,-78.70322,1
1079205,338,-78.42213,1
1079215,336,-78.70322,1
1079225,342,-77.85996,1
1079235,334,-78.9843,1
1079245,337,-78.56267,1
1079255,340,-78.14104,1
1079265,337,-78.56267,1
1079275,335,-78.84376,1
1079285,340,-78.14104,1
1079295,337,-78.56267,1
1079305,342,-77.85996,1
1079315,341,-78.0005,1
1079325,337,-78.56267,1
1079335,336,-78.70322,1
1079345,332,-79.26537,1
1079355,340,-78.14104,1
1079365,334,-78.9843,1
1079375,339,-78.28159,1
1079385,336,-78.70322,1
1079395,339,-78.28159,1
1079405,337,-78.56267,1
1079415,337,-78.56267,1
1079425,338,-78.42213,1
1079435,339,-78.28159,1
1079445,334,-78.9843,1
1079455,339,-78.28159,1
1079465,336,-78.70322,1
1079475,338,-78.42213,1
1079485,333,-79.12484,1
1079495,336,-78.70322,1
1079505,334,-78.9843,1
1079515,338,-78.42213,1
1079525,339,-78.28159,1
1079535,340,-78.14104,1
1079545,344,-77.57889,1
1079555,334,-78.9843,1
1079565,337,-78.56267,1
1079575,341,-78.0005,1
1079585,337,-78.56267,1
1079595,341,-78.0005,1
1079605,334,-78.9843,1
1079615,336,-78.70322,1
1079625,336,-78.70322,1
1079635,331,-79.40591,1
1079645,337,-78.56267,1
1079655,340,-78.14104,1
1079665,336,-78.70322,1
1079675,340,-78.14104,1
1079685,335,-78.84376,1
1079695,336,-78.70322,1
1079705,332,-79.26537,1
1079715,338,-78.42213,1
1079725,338,-78.42213,1
1079735,341,-78.0005,1
1079745,343,-77.71942,1
1079755,338,-78.42213,1
1079765,337,-78.56267,1
1079775,331,-79.40591,1
1079785,336,-78.70322,1
1079795,334,-78.9843,1
1079805,329,-79.687,1
1079815,333,-79.12484,1
1079825,332,-79.26537,1
1079835,334,-78.9843,1
1079845,333,-79.12484,1
1079855,341,-78.0005,1
1079865,336,-78.70322,1
1079875,338,-78.42213,1
1079885,343,-77.71942,1
1079895,332,-79.26537,1
1079905,340,-78.14104,1
1079915,336,-78.70322,1
1079925,332,-79.26537,1
1079935,337,-78.56267,1
1079945,329,-79.687,1
1079955,333,-79.12484,1
1079965,330,-79.54646,1
1079975,334,-78.9843,1
1079985,336,-78.70322,1
1079995,335,-78.84376,1
1080005,336,-78.70322,1
1080015,336,-78.70322,1
1080025,336,-78.70322,1
1080035,332,-79.26537,1
1080045,339,-78.28159,1
1080055,333,-79.12484,1
1080065,334,-78.9843,1
1080075,333,-79.12484,1
1080085,335,-78.84376,1
1080095,340,-78.14104,1
1080105,336,-78.70322,1
1080115,329,-79.687,1
1080125,340,-78.14104,1
1080135,341,-78.0005,1
1080145,337,-78.56267,1
1080155,340,-78.14104,1
1080165,341,-78.0005,1
1080175,337,-78.56267,1
1080185,332,-79.26537,1
1080195,338,-78.42213,1
1080205,339,-78.28159,1
1080215,335,-78.84376,1
1080225,338,-78.42213,1
1080235,334,-78.9843,1
1080245,336,-78.70322,1
1080255,340,-78.14104,1
1080265,335,-78.84376,1
1080275,331,-79.40591,1
1080285,332,-79.26537,1
1080295,340,-78.14104,1
1080305,340,-78.14104,1
1080315,335,-78.84376,1
1080325,338,-78.42213,1
1080335,337,-78.56267,1
1080345,332,-79.26537,1
1080355,336,-78.70322,1
1080365,340,-78.14104,1
1080375,339,-78.28159,1
1080385,335,-78.84376,1
1080395,339,-78.28159,1
1080405,339,-78.28159,1
1080415,333,-79.12484,1
1080425,339,-78.28159,1
1080435,339,-78.28159,1
1080445,341,-78.0005,1
1080455,339,-78.28159,1
1080465,340,-78.14104,1
1080475,339,-78.28159,1
1080485,335,-78.84376,1
1080495,339,-78.28159,1
1080505,335,-78.84376,1
1080515,337,-78.56267,1
1080525,340,-78.14104,1
1080535,341,-78.0005,1
1080545,334,-78.9843,1
1080555,336,-78.70322,1
1080565,331,-79.40591,1
1080575,335,-78.84376,1
1080585,332,-79.26537,1
1080595,338,-78.42213,1
1080605,335,-78.84376,1
1080615,339,-78.28159,1
1080625,338,-78.42213,1
1080635,342,-77.85996,1
1080645,338,-78.42213,1
1080655,338,-78.42213,1
1080665,343,-77.71942,1
1080675,337,-78.56267,1
1080685,338,-78.42213,1
1080695,339,-78.28159,1
1080705,335,-78.84376,1
1080715,335,-78.84376,1
1080725,340,-78.14104,1
1080735,332,-79.26537,1
1080745,342,-77.85996,1
1080755,335,-78.84376,1
1080765,336,-78.70322,1
1080775,339,-78.28159,1
1080785,333,-79.12484,1
1080795,339,-78.28159,1
1080805,338,-78.42213,1
1080815,335,-78.84376,1
1080825,339,-78.28159,1
1080835,340,-78.14104,1
1080845,342,-77.85996,1
1080855,336,-78.70322,1
1080865,338,-78.42213,1
1080875,336,-78.70322,1
1080885,341,-78.0005,1
1080895,335,-78.84376,1
1080905,337,-78.56267,1
1080915,333,-79.12484,1
1080925,344,-77.57889,1
1080935,342,-77.85996,1
1080945,337,-78.56267,1
1080955,337,-78.56267,1
1080965,340,-78.14104,1
1080975,337,-78.56267,1
1080985,336,-78.70322,1
1080995,340,-78.14104,1
1081005,341,-78.0005,1
1081015,345,-77.43834,1
1081025,338,-78.42213,1
1081035,340,-78.14104,1
1081045,335,-78.84376,1
1081055,335,-78.84376,1
1081065,335,-78.84376,1
1081075,335,-78.84376,1
1081085,341,-78.0005,1
1081095,333,-79.12484,1
1081105,340,-78.14104,1
1081115,341,-78.0005,1
1081125,337,-78.56267,1
1081135,342,-77.85996,1
1081145,339,-78.28159,1
1081155,336,-78.70322,1
1081165,366,-74.48697,1
1081175,492,-56.77875,1
1081185,588,-43.28677,1
1081195,670,-31.76237,1
1081205,737,-22.3461,1
1081215,788,-15.17849,1
1081225,849,-6.605453,1
1081235,896,0,1
1081245,925,4.075691,1
1081255,943,6.605431,1
1081265,962,9.275726,1
1081275,981,11.94602,1
1081285,992,13.49197,1
1081295,985,12.50819,1
1081305,975,11.10276,1
1081315,986,12.64874,1
1081325,994,13.77306,1
1081335,1005,15.31901,1
1081345,993,13.63251,1
1081355,987,12.78926,1
1081365,980,11.80547,1
1081375,997,14.19469,1
1081385,1002,14.89738,1
1081395,1002,14.89738,1
1081405,984,12.36763,1
1081415,980,11.80547,1
1081425,998,14.33522,1
1081435,1002,14.89738,1
1081445,1002,14.89738,1
1081455,988,12.92982,1
1081465,986,12.64874,1
1081475,986,12.64874,1
1081485,999,14.47577,1
1081495,1002,14.89738,1
1081505,1001,14.75685,1
1081515,991,13.35143,1
1081525,978,11.52439,1
1081535,998,14.33522,1
1081545,1002,14.89738,1
1081555,1001,14.75685,1
1081565,998,14.33522,1
1081575,984,12.36763,1
1081585,991,13.35143,1
1081595,1000,14.61629,1
1081605,1004,15.17848,1
1081615,998,14.33522,1
1081625,983,12.2271,0
1081635,980,11.80547,0
1081645,998,14.33522,0
1081655,1005,15.31901,0
1081665,1000,14.61629,0
1081675,990,13.2109,0
1081685,927,4.356796,0
1081695,908,1.686493,0
1081705,901,0.702698,0
1081715,902,0.843239,0
1081725,892,-0.562172,0
1081735,890,-0.843254,0
1081745,893,-0.421631,0
1081755,893,-0.421631,0
1081765,893,-0.421631,0
1081775,890,-0.843254,0
1081785,896,0,0
1081795,892,-0.562172,0
1081805,885,-1.545967,0
1081815,891,-0.702713,0
1081825,890,-0.843254,0
1081835,887,-1.26487,0
1081845,885,-1.545967,0
1081855,894,-0.28109,0
1081865,888,-1.124344,0
1081875,887,-1.26487,0
1081885,889,-0.983803,0
1081895,889,-0.983803,0
1081905,888,-1.124344,0
1081915,885,-1.545967,0
1081925,888,-1.124344,0
1081935,890,-0.843254,0
1081945,885,-1.545967,0
1081955,892,-0.562172,0
1081965,881,-2.108124,0
1081975,884,-1.686501,0
1081985,890,-0.843254,0
1081995,894,-0.28109,0
1082005,891,-0.702713,0
1082015,889,-0.983803,0
1082025,886,-1.405411,0
1082035,886,-1.405411,0
1082045,888,-1.124344,0
1082055,892,-0.562172,0
1082065,889,-0.983803,0
1082075,888,-1.124344,0
1082085,891,-0.702713,0
1082095,888,-1.124344,0
1082105,887,-1.26487,0
1082115,883,-1.827042,0
1082125,897,0.140541,0
1082135,892,-0.562172,0
1082145,884,-1.686501,0
1082155,886,-1.405411,0
1082165,887,-1.26487,0
1082175,894,-0.28109,0
1082185,883,-1.827042,0
1082195,889,-0.983803,0
1082205,891,-0.702713,0
1082215,884,-1.686501,0
1082225,892,-0.562172,0
1082235,890,-0.843254,0
1082245,888,-1.124344,0
1082255,890,-0.843254,0
1082265,887,-1.26487,0
1082275,888,-1.124344,0
1082285,889,-0.983803,0
1082295,887,-1.26487,0
1082305,897,0.140541,0
1082315,885,-1.545967,0
1082325,891,-0.702713,0
1082335,895,-0.140541,0
1082345,887,-1.26487,0
1082355,903,0.98378,0
1082365,889,-0.983803,0
1082375,888,-1.124344,0
1082385,885,-1.545967,0
1082395,880,-2.248672,0
1082405,888,-1.124344,0
1082415,890,-0.843254,0
1082425,891,-0.702713,0
1082435,888,-1.124344,0
1082445,886,-1.405411,0
1082455,890,-0.843254,0
1082465,889,-0.983803,0
1082475,890,-0.843254,0
1082485,888,-1.124344,0
1082495,885,-1.545967,0
1082505,895,-0.140541,0
1082515,892,-0.562172,0
1082525,897,0.140541,0
1082535,892,-0.562172,0
1082545,890,-0.843254,0
1082555,903,0.98378,0
1082565,899,0.421623,0
1082575,886,-1.405411,0
1082585,898,0.281067,0
1082595,890,-0.843254,0
1082605,900,0.562157,0
1082615,889,-0.983803,0
1082625,885,-1.545967,0
1082635,901,0.702698,0
1082645,892,-0.562172,0
1082655,892,-0.562172,0
1082665,891,-0.702713,0
1082675,898,0.281067,0
1082685,889,-0.983803,0
1082695,886,-1.405411,0
1082705,893,-0.421631,0
1082715,895,-0.140541,0
1082725,891,-0.702713,0
1082735,896,0,0
1082745,889,-0.983803,0
1082755,894,-0.28109,0
1082765,890,-0.843254,0
1082775,899,0.421623,0
1082785,891,-0.702713,0
1082795,891,-0.702713,0
1082805,895,-0.140541,0
1082815,891,-0.702713,0
1082825,882,-1.967583,0
1082835,889,-0.983803,0
1082845,892,-0.562172,0
1082855,894,-0.28109,0
1082865,897,0.140541,0
1082875,899,0.421623,0
1082885,892,-0.562172,0
1082895,897,0.140541,0
1082905,894,-0.28109,0
1082915,898,0.281067,0
1082925,890,-0.843254,0
1082935,886,-1.405411,0
1082945,886,-1.405411,0
1082955,885,-1.545967,0
1082965,894,-0.28109,0
1082975,883,-1.827042,0
1082985,895,-0.140541,0
1082995,890,-0.843254,0
1083005,886,-1.405411,0
1083015,887,-1.26487,0
1083025,898,0.281067,0
1083035,898,0.281067,0
1083045,893,-0.421631,0
1083055,889,-0.983803,0
1083065,897,0.140541,0
1083075,900,0.562157,0
1083085,896,0,0
1083095,900,0.562157,0
1083105,897,0.140541,0
1083115,894,-0.28109,0
1083125,892,-0.562172,0
1083135,895,-0.140541,0
1083145,897,0.140541,0
1083155,897,0.140541,0
1083165,891,-0.702713,0
1083175,896,0,0
1083185,897,0.140541,0
1083195,897,0.140541,0
1083205,894,-0.28109,0
1083215,888,-1.124344,0
1083225,887,-1.26487,0
1083235,887,-1.26487,0
1083245,891,-0.702713,0
1083255,888,-1.124344,0
1083265,905,1.26487,0
1083275,896,0,0
1083285,901,0.702698,0
1083295,894,-0.28109,0
1083305,899,0.421623,0
1083315,888,-1.124344,0
1083325,893,-0.421631,0
1083335,892,-0.562172,0
1083345,890,-0.843254,0
1083355,894,-0.28109,0
1083365,891,-0.702713,0
1083375,896,0,0
1083385,899,0.421623,0
1083395,888,-1.124344,0
1083405,897,0.140541,0
1083415,887,-1.26487,0
1083425,888,-1.124344,0
1083435,891,-0.702713,0
1083445,888,-1.124344,0
1083455,892,-0.562172,0
1083465,893,-0.421631,0
1083475,894,-0.28109,0
1083485,883,-1.827042,0
1083495,899,0.421623,0
1083505,896,0,0
1083515,900,0.562157,0
1083525,892,-0.562172,0
1083535,893,-0.421631,0
1083545,899,0.421623,0
1083555,901,0.702698,0
1083565,889,-0.983803,0
1083575,891,-0.702713,0
1083585,886,-1.405411,0
1083595,895,-0.140541,0
1083605,898,0.281067,0
1083615,891,-0.702713,0
1083625,901,0.702698,0
1083635,893,-0.421631,0
1083645,900,0.562157,0
1083655,896,0,0
1083665,887,-1.26487,0
1083675,901,0.702698,0
1083685,885,-1.545967,0
1083695,900,0.562157,0
1083705,907,1.545952,0
1083715,900,0.562157,0
1083725,902,0.843239,0
1083735,890,-0.843254,0
1083745,894,-0.28109,0
1083755,897,0.140541,0
1083765,894,-0.28109,0
1083775,897,0.140541,0
1083785,890,-0.843254,0
1083795,889,-0.983803,0
1083805,896,0,0
1083815,891,-0.702713,0
1083825,893,-0.421631,0
1083835,894,-0.28109,0
1083845,893,-0.421631,0
1083855,898,0.281067,0
1083865,891,-0.702713,0
1083875,902,0.843239,0
1083885,894,-0.28109,0
1083895,897,0.140541,0
1083905,900,0.562157,0
1083915,897,0.140541,0
1083925,896,0,0
1083935,888,-1.124344,0
1083945,901,0.702698,0
1083955,899,0.421623,0
1083965,895,-0.140541,0
1083975,903,0.98378,0
1083985,892,-0.562172,0
1083995,893,-0.421631,0
1084005,893,-0.421631,0
1084015,892,-0.562172,0
1084025,900,0.562157,0
1084035,892,-0.562172,0
1084045,889,-0.983803,0
1084055,893,-0.421631,0
1084065,889,-0.983803,0
1084075,891,-0.702713,0
1084085,904,1.124329,0
1084095,897,0.140541,0
1084105,888,-1.124344,0
1084115,895,-0.140541,0
1084125,883,-1.827042,0
1084135,896,0,0
1084145,893,-0.421631,0
1084155,907,1.545952,0
1084165,894,-0.28109,0
1084175,898,0.281067,0
1084185,895,-0.140541,0
1084195,899,0.421623,0
1084205,891,-0.702713,0
1084215,883,-1.827042,0
1084225,885,-1.545967,0
1084235,885,-1.545967,0
1084245,890,-0.843254,0
1084255,896,0,0
1084265,895,-0.140541,0
1084275,890,-0.843254,0
1084285,896,0,0
1084295,897,0.140541,0
1084305,897,0.140541,0
1084315,885,-1.545967,0
1084325,897,0.140541,0
1084335,892,-0.562172,0
1084345,899,0.421623,0
1084355,892,-0.562172,0
1084365,888,-1.124344,0
1084375,895,-0.140541,0
1084385,889,-0.983803,0
1084395,896,0,0
1084405,898,0.281067,0
1084415,885,-1.545967,0
1084425,896,0,0
1084435,890,-0.843254,0
1084445,886,-1.405411,0
1084455,892,-0.562172,0
1084465,887,-1.26487,0
1084475,899,0.421623,0
1084485,896,0,0
1084495,893,-0.421631,0
1084505,900,0.562157,0
1084515,897,0.140541,0
1084525,892,-0.562172,0
1084535,890,-0.843254,0
1084545,893,-0.421631,0
1084555,899,0.421623,0
1084565,893,-0.421631,0
1084575,895,-0.140541,0
1084585,899,0.421623,0
1084595,899,0.421623,0
1084605,894,-0.28109,0
1084615,884,-1.686501,0
1084625,899,0.421623,0
1084635,887,-1.26487,0
1084645,891,-0.702713,0
1084655,899,0.421623,0
1084665,888,-1.124344,0
1084675,903,0.98378,0
1084685,886,-1.405411,0
1084695,893,-0.421631,0
1084705,894,-0.28109,0
1084715,894,-0.28109,0
1084725,893,-0.421631,0
1084735,893,-0.421631,0
1084745,899,0.421623,0
1084755,896,0,0
1084765,890,-0.843254,0
1084775,901,0.702698,0
1084785,887,-1.26487,0
1084795,886,-1.405411,0
1084805,901,0.702698,0
1084815,888,-1.124344,0
1084825,896,0,0
1084835,899,0.421623,0
1084845,901,0.702698,0
1084855,897,0.140541,0
1084865,883,-1.827042,0
1084875,899,0.421623,0
1084885,896,0,0
1084895,901,0.702698,0
1084905,893,-0.421631,0
1084915,891,-0.702713,0
1084925,891,-0.702713,0
1084935,893,-0.421631,0
1084945,890,-0.843254,0
1084955,888,-1.124344,0
1084965,891,-0.702713,0
1084975,891,-0.702713,0
1084985,897,0.140541,0
1084995,899,0.421623,0
1085005,899,0.421623,0
1085015,891,-0.702713,0
1085025,891,-0.702713,0
1085035,885,-1.545967,0
1085045,889,-0.983803,0
1085055,896,0,0
1085065,894,-0.28109,0
1085075,896,0,0
1085085,894,-0.28109,0
1085095,897,0.140541,0
1085105,902,0.843239,0
1085115,889,-0.983803,0
1085125,897,0.140541,0
1085135,889,-0.983803,0
1085145,896,0,0
1085155,884,-1.686501,0
1085165,886,-1.405411,0
1085175,898,0.281067,0
1085185,898,0.281067,0
1085195,893,-0.421631,0
1085205,889,-0.983803,0
1085215,891,-0.702713,0
1085225,890,-0.843254,0
1085235,891,-0.702713,0
1085245,895,-0.140541,0
1085255,893,-0.421631,0
1085265,890,-0.843254,0
1085275,892,-0.562172,0
1085285,896,0,0
1085295,897,0.140541,0
1085305,894,-0.28109,0
1085315,887,-1.26487,0
1085325,897,0.140541,0
1085335,892,-0.562172,0
1085345,899,0.421623,0
1085355,897,0.140541,0
1085365,887,-1.26487,0
1085375,901,0.702698,0
1085385,895,-0.140541,0
1085395,895,-0.140541,0
1085405,892,-0.562172,0
1085415,885,-1.545967,0
1085425,904,1.124329,0
1085435,891,-0.702713,0
1085445,890,-0.843254,0
1085455,897,0.140541,0
1085465,888,-1.124344,0
1085475,893,-0.421631,0
1085485,892,-0.562172,0
1085495,898,0.281067,0
1085505,891,-0.702713,0
1085515,888,-1.124344,0
1085525,897,0.140541,0
1085535,888,-1.124344,0
1085545,897,0.140541,0
1085555,883,-1.827042,0
1085565,889,-0.983803,0
1085575,895,-0.140541,0
1085585,901,0.702698,0
1085595,901,0.702698,0
1085605,886,-1.405411,0
1085615,886,-1.405411,0
1085625,894,-0.28109,0
1085635,885,-1.545967,0
1085645,883,-1.827042,0
1085655,886,-1.405411,0
1085665,889,-0.983803,0
1085675,890,-0.843254,0
1085685,891,-0.702713,0
1085695,899,0.421623,0
1085705,890,-0.843254,0
1085715,896,0,0
1085725,897,0.140541,0
1085735,892,-0.562172,0
1085745,900,0.562157,0
1085755,890,-0.843254,0
1085765,889,-0.983803,0
1085775,901,0.702698,0
1085785,899,0.421623,0
1085795,892,-0.562172,0
1085805,901,0.702698,0
1085815,886,-1.405411,0
1085825,892,-0.562172,0
1085835,892,-0.562172,0
1085845,892,-0.562172,0
1085855,901,0.702698,0
1085865,887,-1.26487,0
1085875,896,0,0
1085885,884,-1.686501,0
1085895,893,-0.421631,0
1085905,898,0.281067,0
1085915,890,-0.843254,0
1085925,897,0.140541,0
1085935,882,-1.967583,0
1085945,896,0,0
1085955,895,-0.140541,0
1085965,890,-0.843254,0
1085975,893,-0.421631,1
1085985,900,0.562157,1
1085995,893,-0.421631,1
1086005,887,-1.26487,1
1086015,891,-0.702713,1
1086025,884,-1.686501,1
1086035,845,-7.16761,1
1086045,827,-9.697365,1
1086055,827,-9.697365,1
1086065,825,-9.978447,1
1086075,827,-9.697365,1
1086085,810,-12.08657,1
1086095,804,-12.92981,1
1086105,808,-12.36765,1
1086115,813,-11.66494,1
1086125,813,-11.66494,1
1086135,811,-11.94603,1
1086145,812,-11.80549,1
1086155,806,-12.64874,1
1086165,811,-11.94603,1
1086175,823,-10.25953,1
1086185,808,-12.36765,1
1086195,809,-12.22711,1
1086205,815,-11.38386,1
1086215,813,-11.66494,1
1086225,810,-12.08657,1
1086235,803,-13.07037,1
1086245,805,-12.78927,1
1086255,809,-12.22711,1
1086265,815,-11.38386,1
1086275,817,-11.10278,1
1086285,810,-12.08657,1
1086295,814,-11.5244,1
1086305,804,-12.92981,1
1086315,812,-11.80549,1
1086325,815,-11.38386,1
1086335,810,-12.08657,1
1086345,803,-13.07037,1
1086355,815,-11.38386,1
1086365,813,-11.66494,1
1086375,819,-10.8217,1
1086385,810,-12.08657,1
1086395,815,-11.38386,1
1086405,795,-14.19469,1
1086415,814,-11.5244,1
1086425,826,-9.837906,1
1086435,815,-11.38386,1
1086445,808,-12.36765,1
1086455,814,-11.5244,1
1086465,822,-10.40007,1
1086475,825,-9.978447,1
1086485,810,-12.08657,1
1086495,812,-11.80549,1
1086505,797,-13.91361,1
1086515,819,-10.8217,1
1086525,807,-12.5082,1
1086535,807,-12.5082,1
1086545,811,-11.94603,1
1086555,813,-11.66494,1
1086565,808,-12.36765,1
1086575,817,-11.10278,1
1086585,810,-12.08657,1
1086595,786,-15.45956,1
1086605,745,-21.22176,1
1086615,720,-24.73531,1
1086625,706,-26.70289,1
1086635,672,-31.48129,1
1086645,645,-35.27591,1
1086655,621,-38.6489,1
1086665,605,-40.89757,1
1086675,603,-41.17864,1
1086685,575,-45.11381,1
1086695,564,-46.65977,1
1086705,541,-49.89222,1
1086715,527,-51.85979,1
1086725,533,-51.01655,1
1086735,518,-53.12467,1
1086745,494,-56.49766,1
1086755,484,-57.90308,1
1086765,474,-59.3085,1
1086775,474,-59.3085,1
1086785,469,-60.0112,0
1086795,452,-62.4004,0
1086805,435,-64.78961,0
1086815,435,-64.78961,0
1086825,430,-65.49232,0
1086835,474,-59.3085,0
1086845,496,-56.21658,0
1086855,497,-56.07604,0
1086865,498,-55.9355,0
1086875,489,-57.20037,0
1086885,497,-56.07604,0
1086895,498,-55.9355,0
1086905,499,-55.79496,0
1086915,503,-55.23279,0
1086925,505,-54.95171,0
1086935,500,-55.65442,0
1086945,505,-54.95171,0
1086955,500,-55.65442,0
1086965,502,-55.37333,0
1086975,504,-55.09225,0
1086985,499,-55.79496,0
1086995,504,-55.09225,0
1087005,495,-56.35712,0
1087015,496,-56.21658,0
1087025,506,-54.81117,0
1087035,497,-56.07604,0
1087045,506,-54.81117,0
1087055,504,-55.09225,0
1087065,507,-54.67062,0
1087075,502,-55.37333,0
1087085,504,-55.09225,0
1087095,505,-54.95171,0
1087105,498,-55.9355,0
1087115,500,-55.65442,0
1087125,501,-55.51388,0
1087135,500,-55.65442,0
1087145,506,-54.81117,0
1087155,500,-55.65442,0
1087165,493,-56.6382,0
1087175,505,-54.95171,0
1087185,503,-55.23279,0
1087195,507,-54.67062,0
1087205,504,-55.09225,0
1087215,497,-56.07604,0
1087225,499,-55.79496,0
1087235,505,-54.95171,0
1087245,503,-55.23279,0
1087255,493,-56.6382,0
1087265,499,-55.79496,0
1087275,500,-55.65442,0
1087285,506,-54.81117,0
1087295,500,-55.65442,0
1087305,500,-55.65442,0
1087315,503,-55.23279,0
1087325,500,-55.65442,0
1087335,502,-55.37333,0
1087345,509,-54.38954,0
1087355,512,-53.96792,0
1087365,503,-55.23279,0
1087375,503,-55.23279,0
1087385,499,-55.79496,0
1087395,504,-55.09225,0
1087405,499,-55.79496,0
1087415,502,-55.37333,0
1087425,497,-56.07604,0
1087435,504,-55.09225,0
1087445,511,-54.10846,0
1087455,502,-55.37333,0
1087465,500,-55.65442,0
1087475,492,-56.77875,0
1087485,504,-55.09225,0
1087495,499,-55.79496,0
1087505,505,-54.95171,0
1087515,500,-55.65442,0
1087525,506,-54.81117,0
1087535,502,-55.37333,0
1087545,507,-54.67062,0
1087555,499,-55.79496,0
1087565,505,-54.95171,0
1087575,500,-55.65442,0
1087585,498,-55.9355,0
1087595,503,-55.23279,0
1087605,511,-54.10846,0
1087615,496,-56.21658,0
1087625,502,-55.37333,0
1087635,502,-55.37333,0
1087645,508,-54.53009,0
1087655,506,-54.81117,0
1087665,501,-55.51388,0
1087675,500,-55.65442,0
1087685,500,-55.65442,0
1087695,506,-54.81117,0
1087705,498,-55.9355,0
1087715,505,-54.95171,0
1087725,503,-55.23279,0
1087735,506,-54.81117,0
1087745,502,-55.37333,0
1087755,505,-54.95171,0
1087765,493,-56.6382,0
1087775,500,-55.65442,0
1087785,509,-54.38954,0
1087795,502,-55.37333,0
1087805,503,-55.23279,0
1087815,502,-55.37333,0
1087825,499,-55.79496,0
1087835,510,-54.249,0
1087845,502,-55.37333,0
1087855,502,-55.37333,0
1087865,496,-56.21658,0
1087875,513,-53.82738,0
1087885,498,-55.9355,0
1087895,513,-53.82738,0
1087905,497,-56.07604,0
1087915,498,-55.9355,0
1087925,504,-55.09225,0
1087935,497,-56.07604,0
1087945,505,-54.95171,0
1087955,501,-55.51388,0
1087965,499,-55.79496,0
1087975,503,-55.23279,0
1087985,511,-54.10846,0
1087995,505,-54.95171,0
1088005,504,-55.09225,0
1088015,496,-56.21658,0
1088025,509,-54.38954,0
1088035,496,-56.21658,0
1088045,509,-54.38954,0
1088055,508,-54.53009,0
1088065,497,-56.07604,0
1088075,511,-54.10846,0
1088085,506,-54.81117,0
1088095,500,-55.65442,0
1088105,503,-55.23279,0
1088115,503,-55.23279,0
1088125,505,-54.95171,0
1088135,499,-55.79496,0
1088145,500,-55.65442,0
1088155,497,-56.07604,0
1088165,504,-55.09225,0
1088175,504,-55.09225,0
1088185,500,-55.65442,0
1088195,502,-55.37333,0
1088205,501,-55.51388,0
1088215,510,-54.249,0
1088225,495,-56.35712,0
1088235,502,-55.37333,0
1088245,496,-56.21658,0
1088255,497,-56.07604,0
1088265,501,-55.51388,0
1088275,503,-55.23279,0
1088285,503,-55.23279,0
1088295,506,-54.81117,0
1088305,503,-55.23279,0
1088315,503,-55.23279,0
1088325,510,-54.249,0
1088335,512,-53.96792,0
1088345,500,-55.65442,0
1088355,509,-54.38954,0
1088365,502,-55.37333,0
1088375,500,-55.65442,0
1088385,499,-55.79496,0
1088395,515,-53.5463,0
1088405,503,-55.23279,0
1088415,507,-54.67062,0
1088425,508,-54.53009,0
1088435,507,-54.67062,0
1088445,503,-55.23279,0
1088455,503,-55.23279,0
1088465,507,-54.67062,0
1088475,501,-55.51388,0
1088485,498,-55.9355,0
1088495,505,-54.95171,0
1088505,500,-55.65442,0
1088515,508,-54.53009,0
1088525,501,-55.51388,0
1088535,502,-55.37333,0
1088545,504,-55.09225,0
1088555,507,-54.67062,0
1088565,509,-54.38954,0
1088575,511,-54.10846,0
1088585,494,-56.49766,0
1088595,508,-54.53009,0
1088605,501,-55.51388,0
1088615,501,-55.51388,0
1088625,499,-55.79496,0
1088635,503,-55.23279,0
1088645,514,-53.68683,0
1088655,506,-54.81117,0
1088665,508,-54.53009,0
1088675,500,-55.65442,0
1088685,503,-55.23279,0
1088695,515,-53.5463,0
1088705,512,-53.96792,0
1088715,509,-54.38954,0
1088725,502,-55.37333,0
1088735,502,-55.37333,0
1088745,508,-54.53009,0
1088755,503,-55.23279,0
1088765,504,-55.09225,0
1088775,507,-54.67062,0
1088785,509,-54.38954,0
1088795,508,-54.53009,0
1088805,510,-54.249,0
1088815,510,-54.249,0
1088825,504,-55.09225,0
1088835,506,-54.81117,0
1088845,503,-55.23279,0
1088855,502,-55.37333,0
1088865,505,-54.95171,0
1088875,510,-54.249,0
1088885,509,-54.38954,0
1088895,503,-55.23279,0
1088905,507,-54.67062,0
1088915,510,-54.249,0
1088925,501,-55.51388,0
1088935,504,-55.09225,0
1088945,506,-54.81117,0
1088955,502,-55.37333,0
1088965,509,-54.38954,0
1088975,505,-54.95171,0
1088985,519,-52.98413,0
1088995,497,-56.07604,0
1089005,512,-53.96792,0
1089015,506,-54.81117,0
1089025,508,-54.53009,0
1089035,499,-55.79496,0
1089045,498,-55.9355,0
1089055,504,-55.09225,0
1089065,509,-54.38954,0
1089075,510,-54.249,0
1089085,507,-54.67062,0
1089095,509,-54.38954,0
1089105,512,-53.96792,0
1089115,509,-54.38954,0
1089125,515,-53.5463,0
1089135,503,-55.23279,0
1089145,511,-54.10846,0
1089155,504,-55.09225,0
1089165,506,-54.81117,0
1089175,505,-54.95171,0
1089185,502,-55.37333,0
1089195,515,-53.5463,0
1089205,505,-54.95171,0
1089215,507,-54.67062,0
1089225,507,-54.67062,0
1089235,499,-55.79496,0
1089245,504,-55.09225,0
1089255,510,-54.249,0
1089265,515,-53.5463,0
1089275,506,-54.81117,0
1089285,503,-55.23279,0
1089295,506,-54.81117,0
1089305,512,-53.96792,0
1089315,507,-54.67062,0
1089325,505,-54.95171,0
1089335,506,-54.81117,0
1089345,505,-54.95171,0
1089355,508,-54.53009,0
1089365,506,-54.81117,0
1089375,508,-54.53009,0
1089385,502,-55.37333,0
1089395,510,-54.249,0
1089405,504,-55.09225,0
1089415,515,-53.5463,0
1089425,510,-54.249,0
1089435,508,-54.53009,0
1089445,512,-53.96792,0
1089455,511,-54.10846,0
1089465,510,-54.249,0
1089475,512,-53.96792,0
1089485,502,-55.37333,0
1089495,503,-55.23279,0
1089505,508,-54.53009,0
1089515,501,-55.51388,0
1089525,513,-53.82738,0
1089535,517,-53.26521,0
1089545,506,-54.81117,0
1089555,509,-54.38954,0
1089565,504,-55.09225,0
1089575,515,-53.5463,0
1089585,506,-54.81117,0
1089595,502,-55.37333,0
1089605,504,-55.09225,0
1089615,511,-54.10846,0
1089625,508,-54.53009,0
1089635,501,-55.51388,0
1089645,516,-53.40575,0
1089655,498,-55.9355,0
1089665,513,-53.82738,0
1089675,508,-54.53009,0
1089685,504,-55.09225,0
1089695,508,-54.53009,0
1089705,505,-54.95171,0
1089715,515,-53.5463,0
1089725,502,-55.37333,0
1089735,505,-54.95171,0
1089745,509,-54.38954,0
1089755,505,-54.95171,0
1089765,510,-54.249,0
1089775,512,-53.96792,0
1089785,507,-54.67062,0
1089795,507,-54.67062,0
1089805,497,-56.07604,0
1089815,511,-54.10846,0
1089825,504,-55.09225,0
1089835,504,-55.09225,0
1089845,515,-53.5463,0
1089855,498,-55.9355,0
1089865,507,-54.67062,0
1089875,514,-53.68683,0
1089885,505,-54.95171,0
1089895,506,-54.81117,0
1089905,510,-54.249,0
1089915,511,-54.10846,0
1089925,506,-54.81117,0
1089935,504,-55.09225,0
1089945,512,-53.96792,0
1089955,507,-54.67062,0
1089965,514,-53.68683,0
1089975,506,-54.81117,0
1089985,510,-54.249,0
1089995,504,-55.09225,0
1090005,513,-53.82738,0
1090015,511,-54.10846,0
1090025,501,-55.51388,0
1090035,509,-54.38954,0
1090045,503,-55.23279,0
1090055,504,-55.09225,0
1090065,503,-55.23279,0
1090075,507,-54.67062,0
1090085,502,-55.37333,0
1090095,509,-54.38954,0
1090105,502,-55.37333,0
1090115,511,-54.10846,0
1090125,505,-54.95171,0
1090135,514,-53.68683,0
1090145,506,-54.81117,0
1090155,506,-54.81117,0
1090165,499,-55.79496,0
1090175,510,-54.249,0
1090185,514,-53.68683,0
1090195,512,-53.96792,0
1090205,505,-54.95171,0
1090215,507,-54.67062,0
1090225,507,-54.67062,0
1090235,503,-55.23279,0
1090245,506,-54.81117,0
1090255,510,-54.249,0
1090265,510,-54.249,0
1090275,511,-54.10846,0
1090285,502,-55.37333,0
1090295,514,-53.68683,0
1090305,502,-55.37333,0
1090315,509,-54.38954,0
1090325,507,-54.67062,0
1090335,502,-55.37333,0
1090345,511,-54.10846,0
1090355,512,-53.96792,0
1090365,511,-54.10846,0
1090375,518,-53.12467,0
1090385,507,-54.67062,0
1090395,503,-55.23279,0
1090405,513,-53.82738,0
1090415,512,-53.96792,0
1090425,509,-54.38954,0
1090435,503,-55.23279,0
1090445,501,-55.51388,0
1090455,505,-54.95171,0
1090465,516,-53.40575,0
1090475,518,-53.12467,0
1090485,494,-56.49766,0
1090495,503,-55.23279,0
1090505,510,-54.249,0
1090515,504,-55.09225,0
1090525,501,-55.51388,0
1090535,500,-55.65442,0
1090545,510,-54.249,0
1090555,516,-53.40575,0
1090565,507,-54.67062,0
1090575,507,-54.67062,0
1090585,503,-55.23279,0
1090595,502,-55.37333,0
1090605,512,-53.96792,0
1090615,513,-53.82738,0
1090625,503,-55.23279,0
1090635,505,-54.95171,0
1090645,516,-53.40575,0
1090655,501,-55.51388,0
1090665,512,-53.96792,0
1090675,505,-54.95171,0
1090685,503,-55.23279,0
1090695,504,-55.09225,0
1090705,506,-54.81117,0
1090715,516,-53.40575,0
1090725,500,-55.65442,0
1090735,508,-54.53009,0
1090745,512,-53.96792,0
1090755,505,-54.95171,0
1090765,515,-53.5463,0
1090775,510,-54.249,0
1090785,500,-55.65442,0
1090795,505,-54.95171,0
1090805,506,-54.81117,0
1090815,516,-53.40575,0
1090825,509,-54.38954,0
1090835,510,-54.249,0
1090845,513,-53.82738,0
1090855,503,-55.23279,0
1090865,509,-54.38954,0
1090875,508,-54.53009,0
1090885,512,-53.96792,0
1090895,512,-53.96792,0
1090905,506,-54.81117,0
1090915,511,-54.10846,0
1090925,509,-54.38954,0
1090935,517,-53.26521,0
1090945,513,-53.82738,0
1090955,508,-54.53009,0
1090965,516,-53.40575,0
1090975,508,-54.53009,0
1090985,519,-52.98413,0
1090995,517,-53.26521,0
1091005,510,-54.249,0
1091015,513,-53.82738,0
1091025,507,-54.67062,0
1091035,514,-53.68683,0
1091045,517,-53.26521,0
1091055,511,-54.10846,0
1091065,509,-54.38954,0
1091075,500,-55.65442,0
1091085,512,-53.96792,0
1091095,515,-53.5463,0
1091105,509,-54.38954,0
1091115,509,-54.38954,0
1091125,512,-53.96792,0
1091135,504,-55.09225,0
1091145,510,-54.249,0
1091155,514,-53.68683,0
1091165,504,-55.09225,0
1091175,516,-53.40575,0
1091185,505,-54.95171,0
1091195,509,-54.38954,0
1091205,509,-54.38954,0
1091215,519,-52.98413,0
1091225,510,-54.249,0
1091235,503,-55.23279,0
1091245,509,-54.38954,0
1091255,512,-53.96792,0
1091265,506,-54.81117,0
1091275,507,-54.67062,0
1091285,511,-54.10846,0
1091295,507,-54.67062,0
1091305,512,-53.96792,0
1091315,511,-54.10846,0
1091325,517,-53.26521,0
1091335,505,-54.95171,0
1091345,518,-53.12467,0
1091355,513,-53.82738,0
1091365,517,-53.26521,0
1091375,514,-53.68683,0
1091385,510,-54.249,0
1091395,518,-53.12467,0
1091405,511,-54.10846,0
1091415,506,-54.81117,0
1091425,515,-53.5463,0
1091435,505,-54.95171,0
1091445,510,-54.249,0
1091455,511,-54.10846,0
1091465,506,-54.81117,0
1091475,509,-54.38954,0
1091485,512,-53.96792,0
1091495,518,-53.12467,0
1091505,506,-54.81117,0
1091515,513,-53.82738,0
1091525,506,-54.81117,0
1091535,510,-54.249,0
1091545,504,-55.09225,0
1091555,513,-53.82738,0
1091565,515,-53.5463,0
1091575,509,-54.38954,0
1091585,519,-52.98413,0
1091595,508,-54.53009,0
1091605,503,-55.23279,0
1091615,504,-55.09225,0
1091625,511,-54.10846,0
1091635,507,-54.67062,0
1091645,513,-53.82738,0
1091655,515,-53.5463,0
1091665,502,-55.37333,0
1091675,508,-54.53009,0
1091685,518,-53.12467,0
1091695,513,-53.82738,0
1091705,512,-53.96792,0
1091715,515,-53.5463,0
1091725,509,-54.38954,0
1091735,512,-53.96792,0
1091745,506,-54.81117,0
1091755,513,-53.82738,0
1091765,511,-54.10846,0
1091775,504,-55.09225,0
1091785,515,-53.5463,0
1091795,508,-54.53009,0
1091805,511,-54.10846,0
1091815,516,-53.40575,0
1091825,515,-53.5463,0
1091835,513,-53.82738,0
1091845,514,-53.68683,0
1091855,511,-54.10846,0
1091865,508,-54.53009,0
1091875,515,-53.5463,0
1091885,518,-53.12467,0
1091895,507,-54.67062,0
1091905,513,-53.82738,0
1091915,515,-53.5463,0
1091925,512,-53.96792,0
1091935,515,-53.5463,0
1091945,503,-55.23279,0
1091955,511,-54.10846,0
1091965,513,-53.82738,0
1091975,511,-54.10846,0
1091985,520,-52.84359,0
1091995,510,-54.249,0
1092005,521,-52.70305,0
1092015,515,-53.5463,0
1092025,509,-54.38954,0
1092035,512,-53.96792,0
1092045,513,-53.82738,0
1092055,514,-53.68683,0
1092065,510,-54.249,0
1092075,511,-54.10846,0
1092085,519,-52.98413,0
1092095,518,-53.12467,0
1092105,510,-54.249,0
1092115,509,-54.38954,0
1092125,523,-52.42196,0
1092135,507,-54.67062,0
1092145,506,-54.81117,0
1092155,508,-54.53009,0
1092165,509,-54.38954,0
1092175,505,-54.95171,0
1092185,508,-54.53009,0
1092195,508,-54.53009,0
1092205,508,-54.53009,0
1092215,511,-54.10846,0
1092225,517,-53.26521,0
1092235,515,-53.5463,0
1092245,512,-53.96792,0
1092255,503,-55.23279,0
1092265,498,-55.9355,0
1092275,513,-53.82738,0
1092285,515,-53.5463,0
1092295,505,-54.95171,0
1092305,504,-55.09225,0
1092315,512,-53.96792,0
1092325,513,-53.82738,0
1092335,510,-54.249,0
1092345,514,-53.68683,0
1092355,512,-53.96792,0
1092365,505,-54.95171,0
1092375,511,-54.10846,0
1092385,509,-54.38954,0
1092395,515,-53.5463,0
1092405,505,-54.95171,0
1092415,512,-53.96792,0
1092425,505,-54.95171,0
1092435,505,-54.95171,0
1092445,515,-53.5463,0
1092455,512,-53.96792,0
1092465,515,-53.5463,0
1092475,510,-54.249,0
1092485,518,-53.12467,0
1092495,511,-54.10846,0
1092505,518,-53.12467,0
1092515,502,-55.37333,0
1092525,514,-53.68683,0
1092535,507,-54.67062,0
1092545,514,-53.68683,0
1092555,516,-53.40575,0
1092565,520,-52.84359,0
1092575,513,-53.82738,0
1092585,511,-54.10846,0
1092595,515,-53.5463,0
1092605,513,-53.82738,0
1092615,512,-53.96792,0
1092625,518,-53.12467,0
1092635,514,-53.68683,0
1092645,518,-53.12467,0
1092655,504,-55.09225,0
1092665,520,-52.84359,0
1092675,506,-54.81117,0
1092685,524,-52.28142,0
1092695,522,-52.56251,0
1092705,511,-54.10846,0
1092715,519,-52.98413,0
1092725,505,-54.95171,0
1092735,512,-53.96792,0
1092745,510,-54.249,0
1092755,511,-54.10846,0
1092765,515,-53.5463,0
1092775,512,-53.96792,0
1092785,507,-54.67062,0
1092795,513,-53.82738,0
1092805,515,-53.5463,0
1092815,512,-53.96792,0
1092825,523,-52.42196,0
1092835,510,-54.249,0
1092845,523,-52.42196,0
1092855,505,-54.95171,0
1092865,512,-53.96792,0
1092875,514,-53.68683,0
1092885,514,-53.68683,0
1092895,514,-53.68683,0
1092905,508,-54.53009,0
1092915,503,-55.23279,0
1092925,512,-53.96792,0
1092935,506,-54.81117,0
1092945,515,-53.5463,0
1092955,501,-55.51388,0
1092965,522,-52.56251,0
1092975,516,-53.40575,0
1092985,513,-53.82738,0
1092995,514,-53.68683,0
1093005,515,-53.5463,1
1093015,510,-54.249,1
1093025,504,-55.09225,1
1093035,512,-53.96792,1
1093045,517,-53.26521,1
1093055,496,-56.21658,1
1093065,491,-56.91929,1
1093075,478,-58.74633,1
1093085,475,-59.16795,1
1093095,469,-60.0112,1
1093105,455,-61.97878,1
1093115,448,-62.96257,1
1093125,442,-63.80582,1
1093135,436,-64.64906,1
1093145,427,-65.91394,1
1093155,417,-67.31936,1
1093165,425,-66.19502,1
1093175,412,-68.02206,1
1093185,409,-68.44369,1
1093195,404,-69.14639,1
1093205,396,-70.27072,1
1093215,405,-69.00585,1
1093225,392,-70.83289,1
1093235,393,-70.69235,1
1093245,386,-71.67614,1
1093255,379,-72.65993,1
1093265,383,-72.09777,1
1093275,377,-72.94101,1
1093285,377,-72.94101,1
1093295,372,-73.64372,1
1093305,367,-74.34643,1
1093315,369,-74.06535,1
1093325,364,-74.76805,1
1093335,358,-75.61131,1
1093345,357,-75.75184,1
1093355,358,-75.61131,1
1093365,360,-75.33022,1
1093375,352,-76.45454,1
1093385,358,-75.61131,1
1093395,348,-77.01672,1
1093405,349,-76.87617,1
1093415,354,-76.17346,1
1093425,349,-76.87617,1
1093435,351,-76.59509,1
1093445,347,-77.15726,1
1093455,339,-78.28159,1
1093465,349,-76.87617,1
1093475,353,-76.31401,1
1093485,352,-76.45454,1
1093495,345,-77.43834,1
1093505,347,-77.15726,1
1093515,351,-76.59509,1
1093525,343,-77.71942,1
1093535,344,-77.57889,1
1093545,342,-77.85996,1
1093555,341,-78.0005,1
1093565,343,-77.71942,1
1093575,337,-78.56267,1
1093585,350,-76.73563,1
1093595,343,-77.71942,1
1093605,347,-77.15726,1
1093615,348,-77.01672,1
1093625,337,-78.56267,1
1093635,346,-77.2978,1
1093645,349,-76.87617,1
1093655,338,-78.42213,1
1093665,339,-78.28159,1
1093675,341,-78.0005,1
1093685,340,-78.14104,1
1093695,345,-77.43834,1
1093705,340,-78.14104,1
1093715,345,-77.43834,1
1093725,336,-78.70322,1
1093735,342,-77.85996,1
1093745,342,-77.85996,1
1093755,341,-78.0005,1
1093765,343,-77.71942,1
1093775,337,-78.56267,1
1093785,340,-78.14104,1
1093795,347,-77.15726,1
1093805,336,-78.70322,1
1093815,346,-77.2978,1
1093825,341,-78.0005,1
1093835,340,-78.14104,1
1093845,339,-78.28159,1
1093855,340,-78.14104,1
1093865,333,-79.12484,1
1093875,342,-77.85996,1
1093885,343,-77.71942,1
1093895,341,-78.0005,1
1093905,340,-78.14104,1
1093915,345,-77.43834,1
1093925,341,-78.0005,1
1093935,340,-78.14104,1
1093945,340,-78.14104,1
1093955,343,-77.71942,1
1093965,336,-78.70322,1
1093975,339,-78.28159,1
1093985,334,-78.9843,1
1093995,335,-78.84376,1
1094005,341,-78.0005,1
1094015,332,-79.26537,1
1094025,345,-77.43834,1
1094035,340,-78.14104,1
1094045,340,-78.14104,1
1094055,338,-78.42213,1
1094065,338,-78.42213,1
1094075,337,-78.56267,1
1094085,342,-77.85996,1
1094095,332,-79.26537,1
1094105,337,-78.56267,1
1094115,346,-77.2978,1
1094125,336,-78.70322,1
1094135,341,-78.0005,1
1094145,346,-77.2978,1
1094155,336,-78.70322,1
1094165,341,-78.0005,1
1094175,333,-79.12484,1
1094185,342,-77.85996,1
1094195,337,-78.56267,1
1094205,334,-78.9843,1
1094215,335,-78.84376,1
1094225,328,-79.82755,1
1094235,332,-79.26537,1
1094245,335,-78.84376,1
1094255,335,-78.84376,1
1094265,339,-78.28159,1
1094275,337,-78.56267,1
1094285,339,-78.28159,1
1094295,335,-78.84376,1
1094305,335,-78.84376,1
1094315,336,-78.70322,1
1094325,336,-78.70322,1
1094335,333,-79.12484,1
1094345,331,-79.40591,1
1094355,336,-78.70322,1
1094365,342,-77.85996,1
1094375,335,-78.84376,1
1094385,337,-78.56267,1
1094395,337,-78.56267,1
1094405,334,-78.9843,1
1094415,335,-78.84376,1
1094425,339,-78.28159,1
1094435,333,-79.12484,1
1094445,330,-79.54646,1
1094455,335,-78.84376,1
1094465,343,-77.71942,1
1094475,329,-79.687,1
1094485,339,-78.28159,1
1094495,342,-77.85996,1
1094505,325,-80.24917,1
1094515,338,-78.42213,1
1094525,334,-78.9843,1
1094535,338,-78.42213,1
1094545,333,-79.12484,1
1094555,334,-78.9843,1
1094565,335,-78.84376,1
1094575,341,-78.0005,1
1094585,342,-77.85996,1
1094595,342,-77.85996,1
1094605,338,-78.42213,1
1094615,339,-78.28159,1
1094625,331,-79.40591,1
1094635,335,-78.84376,1
1094645,337,-78.56267,1
1094655,332,-79.26537,1
1094665,344,-77.57889,1
1094675,337,-78.56267,1
1094685,337,-78.56267,1
1094695,337,-78.56267,1
1094705,336,-78.70322,1
1094715,336,-78.70322,1
1094725,343,-77.71942,1
1094735,331,-79.40591,1
1094745,335,-78.84376,1
1094755,339,-78.28159,1
1094765,333,-79.12484,1
1094775,336,-78.70322,1
1094785,333,-79.12484,1
1094795,338,-78.42213,1
1094805,333,-79.12484,1
1094815,336,-78.70322,1
1094825,339,-78.28159,1
1094835,336,-78.70322,1
1094845,333,-79.12484,1
1094855,338,-78.42213,1
1094865,343,-77.71942,1
1094875,334,-78.9843,1
1094885,341,-78.0005,1
1094895,337,-78.56267,1
1094905,339,-78.28159,1
1094915,334,-78.9843,1
1094925,338,-78.42213,1
1094935,337,-78.56267,1
1094945,338,-78.42213,1
1094955,336,-78.70322,1
1094965,336,-78.70322,1
1094975,341,-78.0005,1
1094985,340,-78.14104,1
1094995,342,-77.85996,1
1095005,330,-79.54646,1
1095015,339,-78.28159,1
1095025,338,-78.42213,1
1095035,336,-78.70322,1
1095045,336,-78.70322,1
1095055,341,-78.0005,1
1095065,337,-78.56267,1
1095075,339,-78.28159,1
1095085,340,-78.14104,1
1095095,329,-79.687,1
1095105,340,-78.14104,1
1095115,338,-78.42213,1
1095125,335,-78.84376,1
1095135,340,-78.14104,1
1095145,336,-78.70322,1
1095155,341,-78.0005,1
1095165,342,-77.85996,1
1095175,336,-78.70322,1
1095185,340,-78.14104,1
1095195,334,-78.9843,1
1095205,339,-78.28159,1
1095215,339,-78.28159,1
1095225,335,-78.84376,1
1095235,336,-78.70322,1
1095245,335,-78.84376,1
1095255,329,-79.687,1
1095265,342,-77.85996,1
1095275,343,-77.71942,1
1095285,343,-77.71942,1
1095295,338,-78.42213,1
1095305,336,-78.70322,1
1095315,335,-78.84376,1
1095325,332,-79.26537,1
1095335,345,-77.43834,1
1095345,338,-78.42213,1
1095355,341,-78.0005,1
1095365,336,-78.70322,1
1095375,342,-77.85996,1
1095385,340,-78.14104,1
1095395,343,-77.71942,1
1095405,332,-79.26537,1
1095415,347,-77.15726,1
1095425,331,-79.40591,1
1095435,342,-77.85996,1
1095445,341,-78.0005,1
1095455,346,-77.2978,1
1095465,339,-78.28159,1
1095475,338,-78.42213,1
1095485,340,-78.14104,1
1095495,338,-78.42213,1
1095505,335,-78.84376,1
1095515,344,-77.57889,1
1095525,333,-79.12484,1
1095535,337,-78.56267,1
1095545,338,-78.42213,1
1095555,345,-77.43834,1
1095565,335,-78.84376,1
1095575,335,-78.84376,1
1095585,334,-78.9843,1
1095595,336,-78.70322,1
1095605,337,-78.56267,1
1095615,346,-77.2978,1
1095625,343,-77.71942,1
1095635,341,-78.0005,1
1095645,336,-78.70322,1
1095655,338,-78.42213,1
1095665,338,-78.42213,1
1095675,334,-78.9843,1
1095685,346,-77.2978,1
1095695,339,-78.28159,1
1095705,334,-78.9843,1
1095715,343,-77.71942,1
1095725,338,-78.42213,1
1095735,341,-78.0005,1
1095745,331,-79.40591,1
1095755,342,-77.85996,1
1095765,336,-78.70322,1
1095775,340,-78.14104,1
1095785,341,-78.0005,1
1095795,346,-77.2978,1
1095805,340,-78.14104,1
1095815,345,-77.43834,1
1095825,339,-78.28159,1
1095835,348,-77.01672,1
1095845,347,-77.15726,1
1095855,334,-78.9843,1
1095865,340,-78.14104,1
1095875,339,-78.28159,1
1095885,343,-77.71942,1
1095895,341,-78.0005,1
1095905,342,-77.85996,1
1095915,332,-79.26537,1
1095925,337,-78.56267,1
1095935,337,-78.56267,1
1095945,339,-78.28159,1
1095955,338,-78.42213,1
1095965,348,-77.01672,1
1095975,339,-78.28159,1
1095985,349,-76.87617,1
1095995,348,-77.01672,1
1096005,341,-78.0005,1
1096015,343,-77.71942,1
1096025,333,-79.12484,1
1096035,344,-77.57889,1
1096045,339,-78.28159,1
1096055,338,-78.42213,1
1096065,342,-77.85996,1
1096075,338,-78.42213,1
1096085,335,-78.84376,1
1096095,332,-79.26537,1
1096105,345,-77.43834,1
1096115,345,-77.43834,1
1096125,336,-78.70322,0
1096135,342,-77.85996,1
1096145,343,-77.71942,1
1096155,340,-78.14104,1
1096165,359,-75.47076,1
1096175,412,-68.02206,1
1096185,507,-54.67062,1
1096195,599,-41.74081,1
1096205,666,-32.32454,1
1096215,737,-22.3461,1
1096225,798,-13.77307,1
1096235,860,-5.059502,1
1096245,892,-0.562172,1
1096255,937,5.762192,1
1096265,958,8.71357,1
1096275,980,11.80547,1
1096285,992,13.49197,1
1096295,989,13.07034,1
1096305,981,11.94602,1
1096315,995,13.9136,1
1096325,1009,15.88117,1
1096335,1009,15.88117,1
1096345,1001,14.75685,1
1096355,989,13.07034,1
1096365,992,13.49197,1
1096375,1004,15.17848,1
1096385,1015,16.72443,1
1096395,1010,16.02172,1
1096405,995,13.9136,1
1096415,982,12.08656,1
1096425,994,13.77306,1
1096435,1005,15.31901,1
1096445,1007,15.60009,1
1096455,997,14.19469,1
1096465,994,13.77306,1
1096475,1002,14.89738,1
1096485,1014,16.58388,1
1096495,1009,15.88117,1
1096505,1005,15.31901,1
1096515,985,12.50819,1
1096525,993,13.63251,1
1096535,1009,15.88117,1
1096545,1016,16.86496,1
1096555,1009,15.88117,1
1096565,993,13.63251,1
1096575,984,12.36763,1
1096585,1005,15.31901,1
1096595,1011,16.16225,1
1096605,1006,15.45956,1
1096615,1006,15.45956,1
1096625,990,13.2109,1
1096635,993,13.63251,0
1096645,1005,15.31901,0
1096655,1006,15.45956,0
1096665,1004,15.17848,0
1096675,938,5.902725,0
1096685,919,3.232452,0
1096695,914,2.529739,0
1096705,912,2.24865,0
1096715,895,-0.140541,0
1096725,894,-0.28109,0
1096735,900,0.562157,0
1096745,896,0,0
1096755,901,0.702698,0
1096765,886,-1.405411,0
1096775,889,-0.983803,0
1096785,901,0.702698,0
1096795,900,0.562157,0
1096805,889,-0.983803,0
1096815,892,-0.562172,0
1096825,891,-0.702713,0
1096835,891,-0.702713,0
1096845,901,0.702698,0
1096855,901,0.702698,0
1096865,894,-0.28109,0
1096875,890,-0.843254,0
1096885,895,-0.140541,0
1096895,892,-0.562172,0
1096905,898,0.281067,0
1096915,904,1.124329,0
1096925,887,-1.26487,0
1096935,886,-1.405411,0
1096945,889,-0.983803,0
1096955,893,-0.421631,0
1096965,882,-1.967583,0
1096975,885,-1.545967,0
1096985,897,0.140541,0
1096995,892,-0.562172,0
1097005,898,0.281067,0
1097015,887,-1.26487,0
1097025,892,-0.562172,0
1097035,898,0.281067,0
1097045,897,0.140541,0
1097055,892,-0.562172,0
1097065,893,-0.421631,0
1097075,883,-1.827042,0
1097085,895,-0.140541,0
1097095,894,-0.28109,0
1097105,898,0.281067,0
1097115,894,-0.28109,0
1097125,894,-0.28109,0
1097135,892,-0.562172,0
1097145,894,-0.28109,0
1097155,890,-0.843254,0
1097165,893,-0.421631,0
1097175,882,-1.967583,0
1097185,902,0.843239,0
1097195,890,-0.843254,0
1097205,909,1.827034,0
1097215,890,-0.843254,0
1097225,889,-0.983803,0
1097235,890,-0.843254,0
1097245,885,-1.545967,0
1097255,900,0.562157,0
1097265,884,-1.686501,0
1097275,890,-0.843254,0
1097285,893,-0.421631,0
1097295,894,-0.28109,0
1097305,896,0,0
1097315,889,-0.983803,0
1097325,888,-1.124344,0
1097335,900,0.562157,0
1097345,896,0,0
1097355,892,-0.562172,0
1097365,901,0.702698,0
1097375,891,-0.702713,0
1097385,898,0.281067,0
1097395,887,-1.26487,0
1097405,898,0.281067,0
1097415,885,-1.545967,0
1097425,894,-0.28109,0
1097435,888,-1.124344,0
1097445,887,-1.26487,0
1097455,893,-0.421631,0
1097465,890,-0.843254,0
1097475,886,-1.405411,0
1097485,889,-0.983803,0
1097495,888,-1.124344,0
1097505,895,-0.140541,0
1097515,889,-0.983803,0
1097525,899,0.421623,0
1097535,894,-0.28109,0
1097545,889,-0.983803,0
1097555,895,-0.140541,0
1097565,902,0.843239,0
1097575,898,0.281067,0
1097585,890,-0.843254,0
1097595,889,-0.983803,0
1097605,892,-0.562172,0
1097615,892,-0.562172,0
1097625,892,-0.562172,0
1097635,899,0.421623,0
1097645,892,-0.562172,0
1097655,883,-1.827042,0
1097665,898,0.281067,0
1097675,886,-1.405411,0
1097685,898,0.281067,0
1097695,890,-0.843254,0
1097705,898,0.281067,0
1097715,894,-0.28109,0
1097725,894,-0.28109,0
1097735,894,-0.28109,0
1097745,892,-0.562172,0
1097755,899,0.421623,0
1097765,886,-1.405411,0
1097775,886,-1.405411,0
1097785,895,-0.140541,0
1097795,896,0,0
1097805,892,-0.562172,0
1097815,891,-0.702713,0
1097825,887,-1.26487,0
1097835,901,0.702698,0
1097845,896,0,0
1097855,892,-0.562172,0
1097865,898,0.281067,0
1097875,889,-0.983803,0
1097885,901,0.702698,0
1097895,889,-0.983803,0
1097905,896,0,0
1097915,896,0,0
1097925,891,-0.702713,0
1097935,895,-0.140541,0
1097945,890,-0.843254,0
1097955,899,0.421623,0
1097965,888,-1.124344,0
1097975,887,-1.26487,0
1097985,889,-0.983803,0
1097995,887,-1.26487,0
1098005,901,0.702698,0
1098015,883,-1.827042,0
1098025,889,-0.983803,0
1098035,891,-0.702713,0
1098045,900,0.562157,0
1098055,894,-0.28109,0
1098065,893,-0.421631,0
1098075,891,-0.702713,0
1098085,897,0.140541,0
1098095,901,0.702698,0
1098105,893,-0.421631,0
1098115,902,0.843239,0
1098125,892,-0.562172,0
1098135,894,-0.28109,0
1098145,887,-1.26487,0
1098155,893,-0.421631,0
1098165,893,-0.421631,0
1098175,889,-0.983803,0
1098185,890,-0.843254,0
1098195,891,-0.702713,0
1098205,899,0.421623,0
1098215,888,-1.124344,0
1098225,891,-0.702713,0
1098235,895,-0.140541,0
1098245,890,-0.843254,0
1098255,899,0.421623,0
1098265,897,0.140541,0
1098275,885,-1.545967,0
1098285,892,-0.562172,0
1098295,885,-1.545967,0
1098305,890,-0.843254,0
1098315,889,-0.983803,0
1098325,887,-1.26487,0
1098335,891,-0.702713,0
1098345,885,-1.545967,0
1098355,897,0.140541,0
1098365,900,0.562157,0
1098375,894,-0.28109,0
1098385,903,0.98378,0
1098395,898,0.281067,0
1098405,900,0.562157,0
1098415,887,-1.26487,0
1098425,884,-1.686501,0
1098435,900,0.562157,0
1098445,884,-1.686501,0
1098455,896,0,0
1098465,893,-0.421631,0
1098475,887,-1.26487,0
1098485,900,0.562157,0
1098495,887,-1.26487,0
1098505,889,-0.983803,0
1098515,898,0.281067,0
1098525,892,-0.562172,0
1098535,898,0.281067,0
1098545,904,1.124329,0
1098555,887,-1.26487,0
1098565,883,-1.827042,0
1098575,886,-1.405411,0
1098585,895,-0.140541,0
1098595,890,-0.843254,0
1098605,899,0.421623,0
1098615,888,-1.124344,0
1098625,885,-1.545967,0
1098635,903,0.98378,0
1098645,898,0.281067,0
1098655,894,-0.28109,0
1098665,889,-0.983803,0
1098675,887,-1.26487,0
1098685,895,-0.140541,0
1098695,888,-1.124344,0
1098705,894,-0.28109,0
1098715,896,0,0
1098725,882,-1.967583,0
1098735,895,-0.140541,0
1098745,894,-0.28109,0
1098755,898,0.281067,0
1098765,897,0.140541,0
1098775,886,-1.405411,0
1098785,893,-0.421631,0
1098795,886,-1.405411,0
1098805,888,-1.124344,0
1098815,899,0.421623,0
1098825,897,0.140541,0
1098835,895,-0.140541,0
1098845,900,0.562157,0
1098855,891,-0.702713,0
1098865,891,-0.702713,0
1098875,895,-0.140541,0
1098885,898,0.281067,0
1098895,893,-0.421631,0
1098905,891,-0.702713,0
1098915,895,-0.140541,0
1098925,895,-0.140541,0
1098935,896,0,0
1098945,899,0.421623,0
1098955,889,-0.983803,0
1098965,893,-0.421631,0
1098975,896,0,0
1098985,895,-0.140541,0
1098995,901,0.702698,0
1099005,895,-0.140541,0
1099015,889,-0.983803,0
1099025,893,-0.421631,0
1099035,898,0.281067,0
1099045,900,0.562157,0
1099055,899,0.421623,0
1099065,897,0.140541,0
1099075,884,-1.686501,0
1099085,898,0.281067,0
1099095,895,-0.140541,0
1099105,891,-0.702713,0
1099115,905,1.26487,0
1099125,891,-0.702713,0
1099135,896,0,0
1099145,904,1.124329,0
1099155,893,-0.421631,0
1099165,894,-0.28109,0
1099175,895,-0.140541,0
1099185,890,-0.843254,0
1099195,898,0.281067,0
1099205,891,-0.702713,0
1099215,887,-1.26487,0
1099225,889,-0.983803,0
1099235,888,-1.124344,0
1099245,887,-1.26487,0
1099255,886,-1.405411,0
1099265,894,-0.28109,0
1099275,895,-0.140541,0
1099285,898,0.281067,0
1099295,888,-1.124344,0
1099305,893,-0.421631,0
1099315,890,-0.843254,0
1099325,895,-0.140541,0
1099335,894,-0.28109,0
1099345,893,-0.421631,0
1099355,896,0,0
1099365,886,-1.405411,0
1099375,889,-0.983803,0
1099385,896,0,0
1099395,892,-0.562172,0
1099405,902,0.843239,0
1099415,889,-0.983803,0
1099425,882,-1.967583,0
1099435,891,-0.702713,0
1099445,891,-0.702713,0
1099455,892,-0.562172,0
1099465,899,0.421623,0
1099475,892,-0.562172,0
1099485,889,-0.983803,0
1099495,889,-0.983803,0
1099505,891,-0.702713,0
1099515,881,-2.108124,0
1099525,886,-1.405411,0
1099535,904,1.124329,0
1099545,892,-0.562172,0
1099555,892,-0.562172,0
1099565,889,-0.983803,0
1099575,895,-0.140541,0
1099585,898,0.281067,0
1099595,888,-1.124344,0
1099605,896,0,0
1099615,894,-0.28109,0
1099625,890,-0.843254,0
1099635,894,-0.28109,0
1099645,889,-0.983803,0
1099655,893,-0.421631,0
1099665,886,-1.405411,0
1099675,895,-0.140541,0
1099685,893,-0.421631,0
1099695,887,-1.26487,0
1099705,894,-0.28109,0
1099715,898,0.281067,0
1099725,900,0.562157,0
1099735,899,0.421623,0
1099745,890,-0.843254,0
1099755,898,0.281067,0
1099765,891,-0.702713,0
1099775,895,-0.140541,0
1099785,897,0.140541,0
1099795,889,-0.983803,0
1099805,890,-0.843254,0
1099815,898,0.281067,0
1099825,898,0.281067,0
1099835,897,0.140541,0
1099845,887,-1.26487,0
1099855,892,-0.562172,0
1099865,898,0.281067,0
1099875,897,0.140541,0
1099885,898,0.281067,0
1099895,899,0.421623,0
1099905,893,-0.421631,0
1099915,887,-1.26487,0
1099925,882,-1.967583,0
1099935,898,0.281067,0
1099945,891,-0.702713,0
1099955,899,0.421623,0
1099965,891,-0.702713,0
1099975,886,-1.405411,0
1099985,899,0.421623,0
1099995,896,0,0
1100005,885,-1.545967,0
1100015,890,-0.843254,0
1100025,896,0,0
1100035,890,-0.843254,0
1100045,881,-2.108124,0
1100055,889,-0.983803,0
1100065,889,-0.983803,0
1100075,899,0.421623,0
1100085,899,0.421623,0
1100095,896,0,0
1100105,895,-0.140541,0
1100115,889,-0.983803,0
1100125,887,-1.26487,0
1100135,898,0.281067,0
1100145,889,-0.983803,0
1100155,897,0.140541,0
1100165,899,0.421623,0
1100175,891,-0.702713,0
1100185,882,-1.967583,0
1100195,898,0.281067,0
1100205,902,0.843239,0
1100215,886,-1.405411,0
1100225,881,-2.108124,0
1100235,885,-1.545967,0
1100245,888,-1.124344,0
1100255,902,0.843239,0
1100265,896,0,0
1100275,892,-0.562172,0
1100285,899,0.421623,0
1100295,891,-0.702713,0
1100305,889,-0.983803,0
1100315,901,0.702698,0
1100325,897,0.140541,0
1100335,890,-0.843254,0
1100345,886,-1.405411,0
1100355,892,-0.562172,0
1100365,895,-0.140541,0
1100375,897,0.140541,0
1100385,896,0,0
1100395,897,0.140541,0
1100405,898,0.281067,0
1100415,890,-0.843254,0
1100425,894,-0.28109,0
1100435,886,-1.405411,0
1100445,889,-0.983803,0
1100455,895,-0.140541,0
1100465,887,-1.26487,0
1100475,901,0.702698,0
1100485,893,-0.421631,0
1100495,889,-0.983803,0
1100505,890,-0.843254,0
1100515,895,-0.140541,0
1100525,899,0.421623,0
1100535,891,-0.702713,0
1100545,889,-0.983803,0
1100555,898,0.281067,0
1100565,895,-0.140541,0
1100575,889,-0.983803,0
1100585,901,0.702698,0
1100595,896,0,0
1100605,902,0.843239,0
1100615,898,0.281067,0
1100625,889,-0.983803,0
1100635,888,-1.124344,0
1100645,891,-0.702713,0
1100655,897,0.140541,0
1100665,889,-0.983803,0
1100675,893,-0.421631,0
1100685,885,-1.545967,0
1100695,891,-0.702713,0
1100705,895,-0.140541,0
1100715,887,-1.26487,0
1100725,895,-0.140541,0
1100735,886,-1.405411,0
1100745,895,-0.140541,0
1100755,901,0.702698,0
1100765,888,-1.124344,0
1100775,884,-1.686501,0
1100785,895,-0.140541,0
1100795,881,-2.108124,0
1100805,901,0.702698,0
1100815,899,0.421623,0
1100825,889,-0.983803,0
1100835,894,-0.28109,0
1100845,891,-0.702713,0
1100855,894,-0.28109,0
1100865,890,-0.843254,0
1100875,896,0,0
1100885,902,0.843239,0
1100895,892,-0.562172,0
1100905,895,-0.140541,0
1100915,890,-0.843254,0
1100925,899,0.421623,0
1100935,899,0.421623,0
1100945,893,-0.421631,0
1100955,902,0.843239,0
1100965,887,-1.26487,1
1100975,895,-0.140541,1
1100985,891,-0.702713,1
1100995,892,-0.562172,1
1101005,898,0.281067,1
1101015,872,-3.372993,1
1101025,834,-8.713577,1
1101035,828,-9.556824,1
1101045,820,-10.68116,1
1101055,815,-11.38386,1
1101065,822,-10.40007,1
1101075,820,-10.68116,1
1101085,810,-12.08657,1
1101095,804,-12.92981,1
1101105,812,-11.80549,1
1101115,815,-11.38386,1
1101125,812,-11.80549,1
1101135,813,-11.66494,1
1101145,802,-13.2109,1
1101155,813,-11.66494,1
1101165,819,-10.8217,1
1101175,818,-10.96224,1
1101185,808,-12.36765,1
1101195,803,-13.07037,1
1101205,811,-11.94603,1
1101215,809,-12.22711,1
1101225,814,-11.5244,1
1101235,805,-12.78927,1
1101245,806,-12.64874,1
1101255,807,-12.5082,1
1101265,811,-11.94603,1
1101275,814,-11.5244,1
1101285,806,-12.64874,1
1101295,806,-12.64874,1
1101305,808,-12.36765,1
1101315,820,-10.68116,1
1101325,813,-11.66494,1
1101335,811,-11.94603,1
1101345,806,-12.64874,1
1101355,813,-11.66494,1
1101365,818,-10.96224,1
1101375,813,-11.66494,1
1101385,816,-11.24332,1
1101395,801,-13.35144,1
1101405,811,-11.94603,1
1101415,817,-11.10278,1
1101425,819,-10.8217,1
1101435,822,-10.40007,1
1101445,805,-12.78927,1
1101455,809,-12.22711,1
1101465,816,-11.24332,1
1101475,816,-11.24332,1
1101485,817,-11.10278,1
1101495,801,-13.35144,1
1101505,813,-11.66494,1
1101515,814,-11.5244,1
1101525,815,-11.38386,1
1101535,808,-12.36765,1
1101545,805,-12.78927,1
1101555,812,-11.80549,1
1101565,826,-9.837906,1
1101575,812,-11.80549,1
1101585,769,-17.84877,1
1101595,737,-22.3461,1
1101605,700,-27.54613,1
1101615,695,-28.24884,1
1101625,673,-31.34074,1
1101635,635,-36.68133,1
1101645,612,-39.91377,1
1101655,599,-41.74081,1
1101665,581,-44.27056,1
1101675,572,-45.53543,1
1101685,553,-48.20572,1
1101695,543,-49.61113,1
1101705,529,-51.57872,1
1101715,505,-54.95171,1
1101725,506,-54.81117,1
1101735,495,-56.35712,1
1101745,478,-58.74633,1
1101755,478,-58.74633,1
1101765,462,-60.99499,0
1101775,459,-61.41662,0
1101785,452,-62.4004,0
1101795,438,-64.36799,0
1101805,475,-59.16795,0
1101815,501,-55.51388,0
1101825,506,-54.81117,0
1101835,509,-54.38954,0
1101845,499,-55.79496,0
1101855,510,-54.249,0
1101865,504,-55.09225,0
1101875,508,-54.53009,0
1101885,508,-54.53009,0
1101895,506,-54.81117,0
1101905,506,-54.81117,0
1101915,509,-54.38954,0
1101925,505,-54.95171,0
1101935,511,-54.10846,0
1101945,506,-54.81117,0
1101955,511,-54.10846,0
1101965,502,-55.37333,0
1101975,510,-54.249,0
1101985,509,-54.38954,0
1101995,515,-53.5463,0
1102005,511,-54.10846,0
1102015,500,-55.65442,0
1102025,504,-55.09225,0
1102035,509,-54.38954,0
1102045,510,-54.249,0
1102055,510,-54.249,0
1102065,512,-53.96792,0
1102075,502,-55.37333,0
1102085,513,-53.82738,0
1102095,511,-54.10846,0
1102105,516,-53.40575,0
1102115,511,-54.10846,0
1102125,511,-54.10846,0
1102135,521,-52.70305,0
1102145,505,-54.95171,0
1102155,510,-54.249,0
1102165,506,-54.81117,0
1102175,501,-55.51388,0
1102185,513,-53.82738,0
1102195,503,-55.23279,0
1102205,515,-53.5463,0
1102215,510,-54.249,0
1102225,505,-54.95171,0
1102235,513,-53.82738,0
1102245,509,-54.38954,0
1102255,500,-55.65442,0
1102265,499,-55.79496,0
1102275,516,-53.40575,0
1102285,504,-55.09225,0
1102295,504,-55.09225,0
1102305,514,-53.68683,0
1102315,509,-54.38954,0
1102325,511,-54.10846,0
1102335,505,-54.95171,0
1102345,515,-53.5463,0
1102355,509,-54.38954,0
1102365,509,-54.38954,0
1102375,513,-53.82738,0
1102385,503,-55.23279,0
1102395,508,-54.53009,0
1102405,510,-54.249,0
1102415,509,-54.38954,0
1102425,512,-53.96792,0
1102435,524,-52.28142,0
1102445,511,-54.10846,0
1102455,522,-52.56251,0
1102465,499,-55.79496,0
1102475,519,-52.98413,0
1102485,516,-53.40575,0
1102495,516,-53.40575,0
1102505,516,-53.40575,0
1102515,509,-54.38954,0
1102525,514,-53.68683,0
1102535,507,-54.67062,0
1102545,504,-55.09225,0
1102555,513,-53.82738,0
1102565,511,-54.10846,0
1102575,504,-55.09225,0
1102585,518,-53.12467,0
1102595,509,-54.38954,0
1102605,508,-54.53009,0
1102615,509,-54.38954,0
1102625,513,-53.82738,0
1102635,509,-54.38954,0
1102645,509,-54.38954,0
1102655,521,-52.70305,0
1102665,500,-55.65442,0
1102675,509,-54.38954,0
1102685,508,-54.53009,0
1102695,510,-54.249,0
1102705,504,-55.09225,0
1102715,513,-53.82738,0
1102725,509,-54.38954,0
1102735,508,-54.53009,0
1102745,510,-54.249,0
1102755,515,-53.5463,0
1102765,507,-54.67062,0
1102775,513,-53.82738,0
1102785,513,-53.82738,0
1102795,508,-54.53009,0
1102805,507,-54.67062,0
1102815,513,-53.82738,0
1102825,518,-53.12467,0
1102835,507,-54.67062,0
1102845,513,-53.82738,0
1102855,510,-54.249,0
1102865,501,-55.51388,0
1102875,508,-54.53009,0
1102885,517,-53.26521,0
1102895,515,-53.5463,0
1102905,516,-53.40575,0
1102915,513,-53.82738,0
1102925,511,-54.10846,0
1102935,521,-52.70305,0
1102945,511,-54.10846,0
1102955,519,-52.98413,0
1102965,508,-54.53009,0
1102975,509,-54.38954,0
1102985,510,-54.249,0
1102995,509,-54.38954,0
1103005,516,-53.40575,0
1103015,507,-54.67062,0
1103025,517,-53.26521,0
1103035,508,-54.53009,0
1103045,511,-54.10846,0
1103055,508,-54.53009,0
1103065,508,-54.53009,0
1103075,511,-54.10846,0
1103085,519,-52.98413,0
1103095,510,-54.249,0
1103105,518,-53.12467,0
1103115,510,-54.249,0
1103125,515,-53.5463,0
1103135,515,-53.5463,0
1103145,507,-54.67062,0
1103155,506,-54.81117,0
1103165,508,-54.53009,0
1103175,520,-52.84359,0
1103185,510,-54.249,0
1103195,512,-53.96792,0
1103205,509,-54.38954,0
1103215,515,-53.5463,0
1103225,503,-55.23279,0
1103235,509,-54.38954,0
1103245,502,-55.37333,0
1103255,512,-53.96792,0
1103265,507,-54.67062,0
1103275,515,-53.5463,0
1103285,507,-54.67062,0
1103295,511,-54.10846,0
1103305,520,-52.84359,0
1103315,517,-53.26521,0
1103325,512,-53.96792,0
1103335,518,-53.12467,0
1103345,511,-54.10846,0
1103355,511,-54.10846,0
1103365,519,-52.98413,0
1103375,512,-53.96792,0
1103385,518,-53.12467,0
1103395,508,-54.53009,0
1103405,510,-54.249,0
1103415,507,-54.67062,0
1103425,511,-54.10846,0
1103435,502,-55.37333,0
1103445,504,-55.09225,0
1103455,513,-53.82738,0
1103465,516,-53.40575,0
1103475,509,-54.38954,0
1103485,509,-54.38954,0
1103495,517,-53.26521,0
1103505,517,-53.26521,0
1103515,510,-54.249,0
1103525,519,-52.98413,0
1103535,515,-53.5463,0
1103545,513,-53.82738,0
1103555,506,-54.81117,0
1103565,515,-53.5463,0
1103575,506,-54.81117,0
1103585,513,-53.82738,0
1103595,510,-54.249,0
1103605,513,-53.82738,0
1103615,519,-52.98413,0
1103625,516,-53.40575,0
1103635,505,-54.95171,0
1103645,508,-54.53009,0
1103655,514,-53.68683,0
1103665,510,-54.249,0
1103675,514,-53.68683,0
1103685,511,-54.10846,0
1103695,504,-55.09225,0
1103705,519,-52.98413,0
1103715,511,-54.10846,0
1103725,524,-52.28142,0
1103735,506,-54.81117,0
1103745,517,-53.26521,0
1103755,520,-52.84359,0
1103765,509,-54.38954,0
1103775,521,-52.70305,0
1103785,507,-54.67062,0
1103795,514,-53.68683,0
1103805,514,-53.68683,0
1103815,512,-53.96792,0
1103825,505,-54.95171,0
1103835,518,-53.12467,0
1103845,514,-53.68683,0
1103855,508,-54.53009,0
1103865,508,-54.53009,0
1103875,513,-53.82738,0
1103885,509,-54.38954,0
1103895,511,-54.10846,0
1103905,511,-54.10846,0
1103915,509,-54.38954,0
1103925,519,-52.98413,0
1103935,513,-53.82738,0
1103945,520,-52.84359,0
1103955,515,-53.5463,0
1103965,506,-54.81117,0
1103975,513,-53.82738,0
1103985,517,-53.26521,0
1103995,520,-52.84359,0
1104005,514,-53.68683,0
1104015,514,-53.68683,0
1104025,524,-52.28142,0
1104035,515,-53.5463,0
1104045,514,-53.68683,0
1104055,511,-54.10846,0
1104065,512,-53.96792,0
1104075,513,-53.82738,0
1104085,509,-54.38954,0
1104095,517,-53.26521,0
1104105,516,-53.40575,0
1104115,523,-52.42196,0
1104125,512,-53.96792,0
1104135,527,-51.85979,0
1104145,524,-52.28142,0
1104155,519,-52.98413,0
1104165,507,-54.67062,0
1104175,517,-53.26521,0
1104185,521,-52.70305,0
1104195,514,-53.68683,0
1104205,519,-52.98413,0
1104215,517,-53.26521,0
1104225,517,-53.26521,0
1104235,511,-54.10846,0
1104245,523,-52.42196,0
1104255,523,-52.42196,0
1104265,524,-52.28142,0
1104275,510,-54.249,0
1104285,512,-53.96792,0
1104295,510,-54.249,0
1104305,512,-53.96792,0
1104315,515,-53.5463,0
1104325,506,-54.81117,0
1104335,524,-52.28142,0
1104345,509,-54.38954,0
1104355,519,-52.98413,0
1104365,513,-53.82738,0
1104375,518,-53.12467,0
1104385,513,-53.82738,0
1104395,514,-53.68683,0
1104405,514,-53.68683,0
1104415,509,-54.38954,0
1104425,515,-53.5463,0
1104435,505,-54.95171,0
1104445,513,-53.82738,0
1104455,522,-52.56251,0
1104465,514,-53.68683,0
1104475,517,-53.26521,0
1104485,513,-53.82738,0
1104495,515,-53.5463,0
1104505,516,-53.40575,0
1104515,516,-53.40575,0
1104525,519,-52.98413,0
1104535,510,-54.249,0
1104545,521,-52.70305,0
1104555,510,-54.249,0
1104565,514,-53.68683,0
1104575,510,-54.249,0
1104585,512,-53.96792,0
1104595,517,-53.26521,0
1104605,521,-52.70305,0
1104615,511,-54.10846,0
1104625,520,-52.84359,0
1104635,509,-54.38954,0
1104645,517,-53.26521,0
1104655,511,-54.10846,0
1104665,510,-54.249,0
1104675,508,-54.53009,0
1104685,508,-54.53009,0
1104695,523,-52.42196,0
1104705,520,-52.84359,0
1104715,507,-54.67062,0
1104725,522,-52.56251,0
1104735,520,-52.84359,0
1104745,526,-52.00034,0
1104755,521,-52.70305,0
1104765,518,-53.12467,0
1104775,515,-53.5463,0
1104785,512,-53.96792,0
1104795,515,-53.5463,0
1104805,511,-54.10846,0
1104815,519,-52.98413,0
1104825,520,-52.84359,0
1104835,519,-52.98413,0
1104845,519,-52.98413,0
1104855,514,-53.68683,0
1104865,513,-53.82738,0
1104875,517,-53.26521,0
1104885,518,-53.12467,0
1104895,516,-53.40575,0
1104905,518,-53.12467,0
1104915,517,-53.26521,0
1104925,513,-53.82738,0
1104935,520,-52.84359,0
1104945,516,-53.40575,0
1104955,511,-54.10846,0
1104965,506,-54.81117,0
1104975,518,-53.12467,0
1104985,518,-53.12467,0
1104995,507,-54.67062,0
1105005,517,-53.26521,0
1105015,512,-53.96792,0
1105025,516,-53.40575,0
1105035,518,-53.12467,0
1105045,516,-53.40575,0
1105055,514,-53.68683,0
1105065,512,-53.96792,0
1105075,519,-52.98413,0
1105085,519,-52.98413,0
1105095,514,-53.68683,0
1105105,517,-53.26521,0
1105115,509,-54.38954,0
1105125,518,-53.12467,0
1105135,510,-54.249,0
1105145,524,-52.28142,0
1105155,511,-54.10846,0
1105165,516,-53.40575,0
1105175,517,-53.26521,0
1105185,520,-52.84359,0
1105195,520,-52.84359,0
1105205,518,-53.12467,0
1105215,516,-53.40575,0
1105225,512,-53.96792,0
1105235,518,-53.12467,0
1105245,523,-52.42196,0
1105255,512,-53.96792,0
1105265,516,-53.40575,0
1105275,505,-54.95171,0
1105285,508,-54.53009,0
1105295,513,-53.82738,0
1105305,519,-52.98413,0
1105315,511,-54.10846,0
1105325,521,-52.70305,0
1105335,523,-52.42196,0
1105345,517,-53.26521,0
1105355,511,-54.10846,0
1105365,513,-53.82738,0
1105375,515,-53.5463,0
1105385,513,-53.82738,0
1105395,520,-52.84359,0
1105405,529,-51.57872,0
1105415,510,-54.249,0
1105425,518,-53.12467,0
1105435,521,-52.70305,0
1105445,522,-52.56251,0
1105455,521,-52.70305,0
1105465,518,-53.12467,0
1105475,529,-51.57872,0
1105485,514,-53.68683,0
1105495,514,-53.68683,0
1105505,520,-52.84359,0
1105515,522,-52.56251,0
1105525,517,-53.26521,0
1105535,523,-52.42196,0
1105545,525,-52.14088,0
1105555,520,-52.84359,0
1105565,514,-53.68683,0
1105575,520,-52.84359,0
1105585,511,-54.10846,0
1105595,516,-53.40575,0
1105605,528,-51.71926,0
1105615,523,-52.42196,0
1105625,518,-53.12467,0
1105635,506,-54.81117,0
1105645,516,-53.40575,0
1105655,518,-53.12467,0
1105665,514,-53.68683,0
1105675,513,-53.82738,0
1105685,505,-54.95171,0
1105695,515,-53.5463,0
1105705,511,-54.10846,0
1105715,512,-53.96792,0
1105725,507,-54.67062,0
1105735,523,-52.42196,0
1105745,511,-54.10846,0
1105755,522,-52.56251,0
1105765,523,-52.42196,0
1105775,513,-53.82738,0
1105785,514,-53.68683,0
1105795,514,-53.68683,0
1105805,519,-52.98413,0
1105815,526,-52.00034,0
1105825,520,-52.84359,0
1105835,518,-53.12467,0
1105845,523,-52.42196,0
1105855,518,-53.12467,0
1105865,510,-54.249,0
1105875,519,-52.98413,0
1105885,529,-51.57872,0
1105895,523,-52.42196,0
1105905,520,-52.84359,0
1105915,514,-53.68683,0
1105925,510,-54.249,0
1105935,517,-53.26521,0
1105945,513,-53.82738,0
1105955,514,-53.68683,0
1105965,515,-53.5463,0
1105975,525,-52.14088,0
1105985,517,-53.26521,0
1105995,520,-52.84359,0
1106005,507,-54.67062,0
1106015,518,-53.12467,0
1106025,517,-53.26521,0
1106035,517,-53.26521,0
1106045,512,-53.96792,0
1106055,511,-54.10846,0
1106065,506,-54.81117,0
1106075,510,-54.249,0
1106085,515,-53.5463,0
1106095,512,-53.96792,0
1106105,517,-53.26521,0
1106115,511,-54.10846,0
1106125,516,-53.40575,0
1106135,518,-53.12467,0
1106145,508,-54.53009,0
1106155,518,-53.12467,0
1106165,511,-54.10846,0
1106175,516,-53.40575,0
1106185,521,-52.70305,0
1106195,514,-53.68683,0
1106205,516,-53.40575,0
1106215,514,-53.68683,0
1106225,513,-53.82738,0
1106235,510,-54.249,0
1106245,518,-53.12467,0
1106255,510,-54.249,0
1106265,520,-52.84359,0
1106275,513,-53.82738,0
1106285,515,-53.5463,0
1106295,520,-52.84359,0
1106305,512,-53.96792,0
1106315,513,-53.82738,0
1106325,514,-53.68683,0
1106335,513,-53.82738,0
1106345,509,-54.38954,0
1106355,513,-53.82738,0
1106365,517,-53.26521,0
1106375,515,-53.5463,0
1106385,520,-52.84359,0
1106395,512,-53.96792,0
1106405,514,-53.68683,0
1106415,516,-53.40575,0
1106425,517,-53.26521,0
1106435,517,-53.26521,0
1106445,512,-53.96792,0
1106455,519,-52.98413,0
1106465,513,-53.82738,0
1106475,518,-53.12467,0
1106485,509,-54.38954,0
1106495,514,-53.68683,0
1106505,513,-53.82738,0
1106515,516,-53.40575,0
1106525,521,-52.70305,0
1106535,505,-54.95171,0
1106545,515,-53.5463,0
1106555,510,-54.249,0
1106565,514,-53.68683,0
1106575,510,-54.249,0
1106585,519,-52.98413,0
1106595,516,-53.40575,0
1106605,517,-53.26521,0
1106615,505,-54.95171,0
1106625,514,-53.68683,0
1106635,514,-53.68683,0
1106645,516,-53.40575,0
1106655,512,-53.96792,0
1106665,508,-54.53009,0
1106675,517,-53.26521,0
1106685,520,-52.84359,0
1106695,513,-53.82738,0
1106705,518,-53.12467,0
1106715,515,-53.5463,0
1106725,526,-52.00034,0
1106735,517,-53.26521,0
1106745,522,-52.56251,0
1106755,513,-53.82738,0
1106765,516,-53.40575,0
1106775,518,-53.12467,0
1106785,523,-52.42196,0
1106795,513,-53.82738,0
1106805,520,-52.84359,0
1106815,511,-54.10846,0
1106825,524,-52.28142,0
1106835,528,-51.71926,0
1106845,519,-52.98413,0
1106855,521,-52.70305,0
1106865,525,-52.14088,0
1106875,519,-52.98413,0
1106885,514,-53.68683,0
1106895,524,-52.28142,0
1106905,514,-53.68683,0
1106915,517,-53.26521,0
1106925,521,-52.70305,0
1106935,522,-52.56251,0
1106945,513,-53.82738,0
1106955,528,-51.71926,0
1106965,511,-54.10846,0
1106975,525,-52.14088,0
1106985,515,-53.5463,0
1106995,526,-52.00034,0
1107005,518,-53.12467,0
1107015,528,-51.71926,0
1107025,520,-52.84359,0
1107035,528,-51.71926,0
1107045,511,-54.10846,0
1107055,523,-52.42196,0
1107065,517,-53.26521,0
1107075,519,-52.98413,0
1107085,525,-52.14088,0
1107095,514,-53.68683,0
1107105,519,-52.98413,0
1107115,521,-52.70305,0
1107125,513,-53.82738,0
1107135,516,-53.40575,0
1107145,519,-52.98413,0
1107155,512,-53.96792,0
1107165,518,-53.12467,0
1107175,517,-53.26521,0
1107185,511,-54.10846,0
1107195,523,-52.42196,0
1107205,516,-53.40575,0
1107215,517,-53.26521,0
1107225,516,-53.40575,0
1107235,513,-53.82738,0
1107245,523,-52.42196,0
1107255,516,-53.40575,0
1107265,520,-52.84359,0
1107275,516,-53.40575,0
1107285,517,-53.26521,0
1107295,521,-52.70305,0
1107305,513,-53.82738,0
1107315,510,-54.249,0
1107325,526,-52.00034,0
1107335,516,-53.40575,0
1107345,524,-52.28142,0
1107355,525,-52.14088,0
1107365,510,-54.249,0
1107375,517,-53.26521,0
1107385,511,-54.10846,0
1107395,517,-53.26521,0
1107405,517,-53.26521,0
1107415,513,-53.82738,0
1107425,518,-53.12467,0
1107435,512,-53.96792,0
1107445,514,-53.68683,0
1107455,512,-53.96792,0
1107465,513,-53.82738,0
1107475,524,-52.28142,0
1107485,516,-53.40575,0
1107495,514,-53.68683,0
1107505,522,-52.56251,0
1107515,518,-53.12467,0
1107525,520,-52.84359,0
1107535,521,-52.70305,0
1107545,525,-52.14088,0
1107555,521,-52.70305,0
1107565,519,-52.98413,0
1107575,522,-52.56251,0
1107585,523,-52.42196,0
1107595,519,-52.98413,0
1107605,519,-52.98413,0
1107615,515,-53.5463,0
1107625,522,-52.56251,0
1107635,517,-53.26521,0
1107645,525,-52.14088,0
1107655,515,-53.5463,0
1107665,517,-53.26521,0
1107675,522,-52.56251,0
1107685,519,-52.98413,0
1107695,532,-51.15709,0
1107705,519,-52.98413,0
1107715,519,-52.98413,0
1107725,525,-52.14088,0
1107735,516,-53.40575,0
1107745,529,-51.57872,0
1107755,517,-53.26521,0
1107765,511,-54.10846,0
1107775,521,-52.70305,0
1107785,521,-52.70305,0
1107795,519,-52.98413,0
1107805,526,-52.00034,0
1107815,520,-52.84359,0
1107825,520,-52.84359,0
1107835,514,-53.68683,0
1107845,522,-52.56251,0
1107855,525,-52.14088,0
1107865,518,-53.12467,0
1107875,518,-53.12467,0
1107885,522,-52.56251,0
1107895,524,-52.28142,0
1107905,517,-53.26521,0
1107915,519,-52.98413,0
1107925,515,-53.5463,0
1107935,515,-53.5463,0
1107945,521,-52.70305,0
1107955,521,-52.70305,0
1107965,520,-52.84359,0
1107975,518,-53.12467,0
1107985,518,-53.12467,0
1107995,521,-52.70305,0
1108005,525,-52.14088,0
1108015,530,-51.43818,0
1108025,521,-52.70305,0
1108035,517,-53.26521,0
1108045,524,-52.28142,0
1108055,523,-52.42196,0
1108065,527,-51.85979,0
1108075,525,-52.14088,0
1108085,515,-53.5463,0
1108095,524,-52.28142,0
1108105,517,-53.26521,0
1108115,520,-52.84359,0
1108125,524,-52.28142,0
1108135,522,-52.56251,0
1108145,520,-52.84359,0
1108155,519,-52.98413,0
1108165,529,-51.57872,0
1108175,530,-51.43818,0
1108185,525,-52.14088,0
1108195,525,-52.14088,0
1108205,516,-53.40575,0
1108215,513,-53.82738,0
1108225,510,-54.249,0
1108235,516,-53.40575,0
1108245,529,-51.57872,0
1108255,526,-52.00034,0
1108265,526,-52.00034,0
1108275,524,-52.28142,0
1108285,524,-52.28142,0
1108295,524,-52.28142,1
1108305,524,-52.28142,1
1108315,522,-52.56251,1
1108325,517,-53.26521,1
1108335,523,-52.42196,1
1108345,516,-53.40575,1
1108355,506,-54.81117,1
1108365,497,-56.07604,1
1108375,486,-57.62199,1
1108385,477,-58.88687,1
1108395,471,-59.73012,1
1108405,462,-60.99499,1
1108415,450,-62.68149,1
1108425,442,-63.80582,1
1108435,429,-65.63286,1
1108445,435,-64.78961,1
1108455,428,-65.7734,1
1108465,420,-66.89773,1
1108475,418,-67.17881,1
1108485,416,-67.4599,1
1108495,403,-69.28693,1
1108505,403,-69.28693,1
1108515,393,-70.69235,1
1108525,397,-70.13019,1
1108535,393,-70.69235,1
1108545,386,-71.67614,1
1108555,386,-71.67614,1
1108565,386,-71.67614,1
1108575,383,-72.09777,1
1108585,377,-72.94101,1
1108595,374,-73.36264,1
1108605,369,-74.06535,1
1108615,373,-73.50318,1
1108625,367,-74.34643,1
1108635,363,-74.90859,1
1108645,356,-75.89239,1
1108655,361,-75.18967,1
1108665,355,-76.03293,1
1108675,359,-75.47076,1
1108685,358,-75.61131,1
1108695,353,-76.31401,1
1108705,352,-76.45454,1
1108715,355,-76.03293,1
1108725,352,-76.45454,1
1108735,350,-76.73563,1
1108745,349,-76.87617,1
1108755,348,-77.01672,1
1108765,354,-76.17346,1
1108775,347,-77.15726,1
1108785,345,-77.43834,1
1108795,352,-76.45454,1
1108805,344,-77.57889,1
1108815,346,-77.2978,1
1108825,342,-77.85996,1
1108835,343,-77.71942,1
1108845,345,-77.43834,1
1108855,342,-77.85996,1
1108865,343,-77.71942,1
1108875,342,-77.85996,1
1108885,340,-78.14104,1
1108895,337,-78.56267,1
1108905,339,-78.28159,1
1108915,344,-77.57889,1
1108925,343,-77.71942,1
1108935,344,-77.57889,1
1108945,336,-78.70322,1
1108955,338,-78.42213,1
1108965,344,-77.57889,1
1108975,342,-77.85996,1
1108985,342,-77.85996,1
1108995,348,-77.01672,1
1109005,338,-78.42213,1
1109015,342,-77.85996,1
1109025,343,-77.71942,1
1109035,347,-77.15726,1
1109045,345,-77.43834,1
1109055,345,-77.43834,1
1109065,344,-77.57889,1
1109075,341,-78.0005,1
1109085,339,-78.28159,1
1109095,345,-77.43834,1
1109105,338,-78.42213,1
1109115,335,-78.84376,1
1109125,339,-78.28159,1
1109135,336,-78.70322,1
1109145,333,-79.12484,1
1109155,345,-77.43834,1
1109165,346,-77.2978,1
1109175,341,-78.0005,1
1109185,337,-78.56267,1
1109195,335,-78.84376,1
1109205,337,-78.56267,1
1109215,336,-78.70322,1
1109225,343,-77.71942,1
1109235,339,-78.28159,1
1109245,338,-78.42213,1
1109255,329,-79.687,1
1109265,339,-78.28159,1
1109275,333,-79.12484,1
1109285,342,-77.85996,1
1109295,340,-78.14104,1
1109305,337,-78.56267,1
1109315,346,-77.2978,1
1109325,337,-78.56267,1
1109335,327,-79.96809,1
1109345,341,-78.0005,1
1109355,344,-77.57889,1
1109365,330,-79.54646,1
1109375,342,-77.85996,1
1109385,336,-78.70322,1
1109395,337,-78.56267,1
1109405,335,-78.84376,1
1109415,338,-78.42213,1
1109425,339,-78.28159,1
1109435,338,-78.42213,1
1109445,337,-78.56267,1
1109455,333,-79.12484,1
1109465,340,-78.14104,1
1109475,341,-78.0005,1
1109485,333,-79.12484,1
1109495,341,-78.0005,1
1109505,334,-78.9843,1
1109515,335,-78.84376,1
1109525,336,-78.70322,1
1109535,334,-78.9843,1
1109545,343,-77.71942,1
1109555,341,-78.0005,1
1109565,340,-78.14104,1
1109575,336,-78.70322,1
1109585,335,-78.84376,1
1109595,335,-78.84376,1
1109605,343,-77.71942,1
1109615,336,-78.70322,1
1109625,332,-79.26537,1
1109635,336,-78.70322,1
1109645,337,-78.56267,1
1109655,336,-78.70322,1
1109665,331,-79.40591,1
1109675,339,-78.28159,1
1109685,338,-78.42213,1
1109695,335,-78.84376,1
1109705,334,-78.9843,1
1109715,341,-78.0005,1
1109725,341,-78.0005,1
1109735,335,-78.84376,1
1109745,339,-78.28159,1
1109755,330,-79.54646,1
1109765,337,-78.56267,1
1109775,335,-78.84376,1
1109785,332,-79.26537,1
1109795,334,-78.9843,1
1109805,332,-79.26537,1
1109815,339,-78.28159,1
1109825,332,-79.26537,1
1109835,336,-78.70322,1
1109845,335,-78.84376,1
1109855,338,-78.42213,1
1109865,337,-78.56267,1
1109875,342,-77.85996,1
1109885,345,-77.43834,1
1109895,337,-78.56267,1
1109905,333,-79.12484,1
1109915,336,-78.70322,1
1109925,335,-78.84376,1
1109935,332,-79.26537,1
1109945,335,-78.84376,1
1109955,336,-78.70322,1
1109965,336,-78.70322,1
1109975,340,-78.14104,1
1109985,333,-79.12484,1
1109995,336,-78.70322,1
1110005,339,-78.28159,1
1110015,334,-78.9843,1
1110025,332,-79.26537,1
1110035,338,-78.42213,1
1110045,331,-79.40591,1
1110055,335,-78.84376,1
1110065,338,-78.42213,1
1110075,334,-78.9843,1
1110085,334,-78.9843,1
1110095,334,-78.9843,1
1110105,337,-78.56267,1
1110115,339,-78.28159,1
1110125,345,-77.43834,1
1110135,336,-78.70322,1
1110145,334,-78.9843,1
1110155,336,-78.70322,1
1110165,335,-78.84376,1
1110175,337,-78.56267,1
1110185,335,-78.84376,1
1110195,338,-78.42213,1
1110205,339,-78.28159,1
1110215,342,-77.85996,1
1110225,337,-78.56267,1
1110235,340,-78.14104,1
1110245,339,-78.28159,1
1110255,335,-78.84376,1
1110265,332,-79.26537,1
1110275,335,-78.84376,1
1110285,338,-78.42213,1
1110295,335,-78.84376,1
1110305,339,-78.28159,1
1110315,335,-78.84376,1
1110325,337,-78.56267,1
1110335,336,-78.70322,1
1110345,335,-78.84376,1
1110355,330,-79.54646,1
1110365,338,-78.42213,1
1110375,337,-78.56267,1
1110385,336,-78.70322,1
1110395,338,-78.42213,1
1110405,341,-78.0005,1
1110415,337,-78.56267,1
1110425,339,-78.28159,1
1110435,332,-79.26537,1
1110445,337,-78.56267,1
1110455,333,-79.12484,1
1110465,333,-79.12484,1
1110475,339,-78.28159,1
1110485,335,-78.84376,1
1110495,334,-78.9843,1
1110505,336,-78.70322,1
1110515,337,-78.56267,1
1110525,340,-78.14104,1
1110535,337,-78.56267,1
1110545,333,-79.12484,1
1110555,336,-78.70322,1
1110565,342,-77.85996,1
1110575,335,-78.84376,1
1110585,339,-78.28159,1
1110595,337,-78.56267,1
1110605,338,-78.42213,1
1110615,334,-78.9843,1
1110625,334,-78.9843,1
1110635,336,-78.70322,1
1110645,335,-78.84376,1
1110655,341,-78.0005,1
1110665,340,-78.14104,1
1110675,343,-77.71942,1
1110685,335,-78.84376,1
1110695,334,-78.9843,1
1110705,340,-78.14104,1
1110715,334,-78.9843,1
1110725,330,-79.54646,1
1110735,332,-79.26537,1
1110745,340,-78.14104,1
1110755,338,-78.42213,1
1110765,335,-78.84376,1
1110775,336,-78.70322,1
1110785,339,-78.28159,1
1110795,336,-78.70322,1
1110805,337,-78.56267,1
1110815,335,-78.84376,1
1110825,338,-78.42213,1
1110835,345,-77.43834,1
1110845,335,-78.84376,1
1110855,340,-78.14104,1
1110865,332,-79.26537,1
1110875,341,-78.0005,1
1110885,334,-78.9843,1
1110895,339,-78.28159,1
1110905,341,-78.0005,1
1110915,335,-78.84376,1
1110925,343,-77.71942,1
1110935,336,-78.70322,1
1110945,342,-77.85996,1
1110955,335,-78.84376,1
1110965,342,-77.85996,1
1110975,337,-78.56267,1
1110985,342,-77.85996,1
1110995,338,-78.42213,1
1111005,336,-78.70322,1
1111015,334,-78.9843,1
1111025,340,-78.14104,1
1111035,338,-78.42213,1
1111045,336,-78.70322,1
1111055,339,-78.28159,1
1111065,344,-77.57889,1
1111075,335,-78.84376,1
1111085,338,-78.42213,1
1111095,337,-78.56267,1
1111105,336,-78.70322,1
1111115,339,-78.28159,1
1111125,329,-79.687,1
1111135,340,-78.14104,1
1111145,339,-78.28159,1
1111155,341,-78.0005,1
1111165,335,-78.84376,1
1111175,334,-78.9843,1
1111185,335,-78.84376,1
1111195,340,-78.14104,1
1111205,334,-78.9843,1
1111215,339,-78.28159,1
1111225,340,-78.14104,1
1111235,337,-78.56267,1
1111245,342,-77.85996,1
1111255,336,-78.70322,1
1111265,339,-78.28159,1
1111275,340,-78.14104,1
1111285,340,-78.14104,1
1111295,341,-78.0005,1
1111305,339,-78.28159,1
1111315,343,-77.71942,1
1111325,334,-78.9843,1
1111335,336,-78.70322,1
1111345,340,-78.14104,1
1111355,337,-78.56267,1
1111365,343,-77.71942,1
1111375,337,-78.56267,1
1111385,336,-78.70322,1
1111395,333,-79.12484,1
1111405,339,-78.28159,1
1111415,339,-78.28159,1
1111425,342,-77.85996,1
1111435,336,-78.70322,1
1111445,340,-78.14104,1
1111455,339,-78.28159,1
1111465,337,-78.56267,1
1111475,342,-77.85996,1
1111485,342,-77.85996,1
1111495,340,-78.14104,1
1111505,391,-70.97343,1
1111515,503,-55.23279,1
1111525,595,-42.30298,1
1111535,673,-31.34074,1
1111545,746,-21.08122,1
1111555,799,-13.63252,1
1111565,860,-5.059502,1
1111575,900,0.562157,1
1111585,932,5.059479,1
1111595,938,5.902725,1
1111605,974,10.96223,1
1111615,987,12.78926,1
1111625,992,13.49197,1
1111635,975,11.10276,1
1111645,975,11.10276,1
1111655,990,13.2109,1
1111665,995,13.9136,1
1111675,1000,14.61629,1
1111685,989,13.07034,1
1111695,981,11.94602,1
1111705,986,12.64874,1
1111715,1003,15.03793,1
1111725,1007,15.60009,1
1111735,993,13.63251,1
1111745,981,11.94602,1
1111755,984,12.36763,1
1111765,998,14.33522,1
1111775,1000,14.61629,1
1111785,1000,14.61629,1
1111795,992,13.49197,1
1111805,977,11.38387,1
1111815,1005,15.31901,1
1111825,1006,15.45956,1
1111835,1004,15.17848,1
1111845,998,14.33522,1
1111855,985,12.50819,1
1111865,988,12.92982,1
1111875,997,14.19469,1
1111885,1000,14.61629,1
1111895,992,13.49197,1
1111905,983,12.2271,1
1111915,975,11.10276,1
1111925,999,14.47577,1
1111935,1010,16.02172,1
1111945,1004,15.17848,1
1111955,984,12.36763,0
1111965,987,12.78926,0
1111975,992,13.49197,0
1111985,1004,15.17848,0
1111995,1002,14.89738,0
1112005,943,6.605431,0
1112015,913,2.389206,0
1112025,917,2.95137,0
1112035,905,1.26487,0
1112045,889,-0.983803,0
1112055,890,-0.843254,0
1112065,883,-1.827042,0
1112075,892,-0.562172,0
1112085,896,0,0
1112095,887,-1.26487,0
1112105,888,-1.124344,0
1112115,888,-1.124344,0
1112125,888,-1.124344,0
1112135,889,-0.983803,0
1112145,891,-0.702713,0
1112155,887,-1.26487,0
1112165,890,-0.843254,0
1112175,891,-0.702713,0
1112185,887,-1.26487,0
1112195,889,-0.983803,0
1112205,889,-0.983803,0
1112215,884,-1.686501,0
1112225,887,-1.26487,0
1112235,886,-1.405411,0
1112245,888,-1.124344,0
1112255,889,-0.983803,0
1112265,889,-0.983803,0
1112275,889,-0.983803,0
1112285,885,-1.545967,0
1112295,888,-1.124344,0
1112305,891,-0.702713,0
1112315,882,-1.967583,0
1112325,886,-1.405411,0
1112335,893,-0.421631,0
1112345,892,-0.562172,0
1112355,888,-1.124344,0
1112365,885,-1.545967,0
1112375,888,-1.124344,0
1112385,890,-0.843254,0
1112395,885,-1.545967,0
1112405,890,-0.843254,0
1112415,890,-0.843254,0
1112425,896,0,0
1112435,885,-1.545967,0
1112445,892,-0.562172,0
1112455,884,-1.686501,0
1112465,888,-1.124344,0
1112475,896,0,0
1112485,895,-0.140541,0
1112495,888,-1.124344,0
1112505,887,-1.26487,0
1112515,899,0.421623,0
1112525,893,-0.421631,0
1112535,902,0.843239,0
1112545,890,-0.843254,0
1112555,892,-0.562172,0
1112565,885,-1.545967,0
1112575,894,-0.28109,0
1112585,897,0.140541,0
1112595,902,0.843239,0
1112605,895,-0.140541,0
1112615,895,-0.140541,0
1112625,893,-0.421631,0
1112635,887,-1.26487,0
1112645,902,0.843239,0
1112655,895,-0.140541,0
1112665,898,0.281067,0
1112675,889,-0.983803,0
1112685,881,-2.108124,0
1112695,905,1.26487,0
1112705,885,-1.545967,0
1112715,898,0.281067,0
1112725,889,-0.983803,0
1112735,900,0.562157,0
1112745,898,0.281067,0
1112755,885,-1.545967,0
1112765,900,0.562157,0
1112775,892,-0.562172,0
1112785,890,-0.843254,0
1112795,896,0,0
1112805,892,-0.562172,0
1112815,891,-0.702713,0
1112825,894,-0.28109,0
1112835,903,0.98378,0
1112845,902,0.843239,0
1112855,898,0.281067,0
1112865,900,0.562157,0
1112875,894,-0.28109,0
1112885,895,-0.140541,0
1112895,898,0.281067,0
1112905,884,-1.686501,0
1112915,885,-1.545967,0
1112925,891,-0.702713,0
1112935,895,-0.140541,0
1112945,905,1.26487,0
1112955,886,-1.405411,0
1112965,898,0.281067,0
1112975,889,-0.983803,0
1112985,884,-1.686501,0
1112995,889,-0.983803,0
1113005,888,-1.124344,0
1113015,903,0.98378,0
1113025,897,0.140541,0
1113035,902,0.843239,0
1113045,896,0,0
1113055,901,0.702698,0
1113065,892,-0.562172,0
1113075,894,-0.28109,0
1113085,898,0.281067,0
1113095,891,-0.702713,0
1113105,898,0.281067,0
1113115,898,0.281067,0
1113125,883,-1.827042,0
1113135,894,-0.28109,0
1113145,896,0,0
1113155,896,0,0
1113165,895,-0.140541,0
1113175,903,0.98378,0
1113185,892,-0.562172,0
1113195,902,0.843239,0
1113205,884,-1.686501,0
1113215,895,-0.140541,0
1113225,895,-0.140541,0
1113235,904,1.124329,0
1113245,897,0.140541,0
1113255,886,-1.405411,0
1113265,901,0.702698,0
1113275,898,0.281067,0
1113285,904,1.124329,0
1113295,892,-0.562172,0
1113305,900,0.562157,0
1113315,890,-0.843254,0
1113325,900,0.562157,0
1113335,907,1.545952,0
1113345,900,0.562157,0
1113355,900,0.562157,0
1113365,892,-0.562172,0
1113375,886,-1.405411,0
1113385,893,-0.421631,0
1113395,906,1.405411,0
1113405,891,-0.702713,0
1113415,896,0,0
1113425,903,0.98378,0
1113435,898,0.281067,0
1113445,897,0.140541,0
1113455,887,-1.26487,0
1113465,890,-0.843254,0
1113475,888,-1.124344,0
1113485,891,-0.702713,0
1113495,898,0.281067,0
1113505,883,-1.827042,0
1113515,895,-0.140541,0
1113525,885,-1.545967,0
1113535,897,0.140541,0
1113545,894,-0.28109,0
1113555,892,-0.562172,0
1113565,892,-0.562172,0
1113575,879,-2.389214,0
1113585,896,0,0
1113595,895,-0.140541,0
1113605,899,0.421623,0
1113615,892,-0.562172,0
1113625,892,-0.562172,0
1113635,897,0.140541,0
1113645,883,-1.827042,0
1113655,887,-1.26487,0
1113665,904,1.124329,0
1113675,891,-0.702713,0
1113685,884,-1.686501,0
1113695,884,-1.686501,0
1113705,888,-1.124344,0
1113715,902,0.843239,0
1113725,893,-0.421631,0
1113735,892,-0.562172,0
1113745,902,0.843239,0
1113755,901,0.702698,0
1113765,902,0.843239,0
1113775,885,-1.545967,0
1113785,891,-0.702713,0
1113795,885,-1.545967,0
1113805,887,-1.26487,0
1113815,896,0,0
1113825,889,-0.983803,0
1113835,896,0,0
1113845,891,-0.702713,0
1113855,899,0.421623,0
1113865,897,0.140541,0
1113875,905,1.26487,0
1113885,891,-0.702713,0
1113895,897,0.140541,0
1113905,892,-0.562172,0
1113915,895,-0.140541,0
1113925,894,-0.28109,0
1113935,897,0.140541,0
1113945,901,0.702698,0
1113955,890,-0.843254,0
1113965,887,-1.26487,0
1113975,893,-0.421631,0
1113985,897,0.140541,0
1113995,899,0.421623,0
1114005,894,-0.28109,0
1114015,891,-0.702713,0
1114025,891,-0.702713,0
1114035,899,0.421623,0
1114045,896,0,0
1114055,897,0.140541,0
1114065,895,-0.140541,0
1114075,900,0.562157,0
1114085,895,-0.140541,0
1114095,891,-0.702713,0
1114105,896,0,0
1114115,893,-0.421631,0
1114125,892,-0.562172,0
1114135,891,-0.702713,0
1114145,883,-1.827042,0
1114155,891,-0.702713,0
1114165,890,-0.843254,0
1114175,881,-2.108124,0
1114185,898,0.281067,0
1114195,904,1.124329,0
1114205,893,-0.421631,0
1114215,885,-1.545967,0
1114225,889,-0.983803,0
1114235,897,0.140541,0
1114245,889,-0.983803,0
1114255,888,-1.124344,0
1114265,890,-0.843254,0
1114275,895,-0.140541,0
1114285,899,0.421623,0
1114295,892,-0.562172,0
1114305,889,-0.983803,0
1114315,901,0.702698,0
1114325,891,-0.702713,0
1114335,897,0.140541,0
1114345,900,0.562157,0
1114355,890,-0.843254,0
1114365,892,-0.562172,0
1114375,891,-0.702713,0
1114385,896,0,0
1114395,896,0,0
1114405,891,-0.702713,0
1114415,889,-0.983803,0
1114425,894,-0.28109,0
1114435,888,-1.124344,0
1114445,890,-0.843254,0
1114455,886,-1.405411,0
1114465,893,-0.421631,0
1114475,882,-1.967583,0
1114485,890,-0.843254,0
1114495,890,-0.843254,0
1114505,889,-0.983803,0
1114515,901,0.702698,0
1114525,901,0.702698,0
1114535,894,-0.28109,0
1114545,897,0.140541,0
1114555,889,-0.983803,0
1114565,900,0.562157,0
1114575,897,0.140541,0
1114585,890,-0.843254,0
1114595,902,0.843239,0
1114605,897,0.140541,0
1114615,883,-1.827042,0
1114625,896,0,0
1114635,898,0.281067,0
1114645,893,-0.421631,0
1114655,890,-0.843254,0
1114665,903,0.98378,0
1114675,887,-1.26487,0
1114685,885,-1.545967,0
1114695,889,-0.983803,0
1114705,886,-1.405411,0
1114715,899,0.421623,0
1114725,896,0,0
1114735,899,0.421623,0
1114745,895,-0.140541,0
1114755,890,-0.843254,0
1114765,890,-0.843254,0
1114775,886,-1.405411,0
1114785,886,-1.405411,0
1114795,901,0.702698,0
1114805,883,-1.827042,0
1114815,897,0.140541,0
1114825,897,0.140541,0
1114835,897,0.140541,0
1114845,885,-1.545967,0
1114855,895,-0.140541,0
1114865,900,0.562157,0
1114875,892,-0.562172,0
1114885,897,0.140541,0
1114895,903,0.98378,0
1114905,882,-1.967583,0
1114915,893,-0.421631,0
1114925,886,-1.405411,0
1114935,892,-0.562172,0
1114945,893,-0.421631,0
1114955,881,-2.108124,0
1114965,894,-0.28109,0
1114975,898,0.281067,0
1114985,897,0.140541,0
1114995,898,0.281067,0
1115005,890,-0.843254,0
1115015,890,-0.843254,0
1115025,886,-1.405411,0
1115035,890,-0.843254,0
1115045,894,-0.28109,0
1115055,885,-1.545967,0
1115065,902,0.843239,0
1115075,895,-0.140541,0
1115085,898,0.281067,0
1115095,898,0.281067,0
1115105,886,-1.405411,0
1115115,892,-0.562172,0
1115125,892,-0.562172,0
1115135,894,-0.28109,0
1115145,891,-0.702713,0
1115155,886,-1.405411,0
1115165,901,0.702698,0
1115175,894,-0.28109,0
1115185,894,-0.28109,0
1115195,896,0,0
1115205,884,-1.686501,0
1115215,888,-1.124344,0
1115225,887,-1.26487,0
1115235,897,0.140541,0
1115245,888,-1.124344,0
1115255,888,-1.124344,0
1115265,898,0.281067,0
1115275,890,-0.843254,0
1115285,905,1.26487,0
1115295,893,-0.421631,0
1115305,892,-0.562172,0
1115315,894,-0.28109,0
1115325,900,0.562157,0
1115335,899,0.421623,0
1115345,905,1.26487,0
1115355,891,-0.702713,0
1115365,891,-0.702713,0
1115375,894,-0.28109,0
1115385,898,0.281067,0
1115395,892,-0.562172,0
1115405,893,-0.421631,0
1115415,897,0.140541,0
1115425,897,0.140541,0
1115435,902,0.843239,0
1115445,900,0.562157,0
1115455,888,-1.124344,0
1115465,899,0.421623,0
1115475,892,-0.562172,0
1115485,904,1.124329,0
1115495,899,0.421623,0
1115505,893,-0.421631,0
1115515,892,-0.562172,0
1115525,899,0.421623,0
1115535,898,0.281067,0
1115545,892,-0.562172,0
1115555,892,-0.562172,0
1115565,894,-0.28109,0
1115575,890,-0.843254,0
1115585,895,-0.140541,0
1115595,891,-0.702713,0
1115605,887,-1.26487,0
1115615,897,0.140541,0
1115625,891,-0.702713,0
1115635,897,0.140541,0
1115645,886,-1.405411,0
1115655,889,-0.983803,0
1115665,894,-0.28109,0
1115675,885,-1.545967,0
1115685,890,-0.843254,0
1115695,890,-0.843254,0
1115705,887,-1.26487,0
1115715,904,1.124329,0
1115725,889,-0.983803,0
1115735,890,-0.843254,0
1115745,896,0,0
1115755,895,-0.140541,0
1115765,905,1.26487,0
1115775,898,0.281067,0
1115785,900,0.562157,0
1115795,891,-0.702713,0
1115805,887,-1.26487,0
1115815,894,-0.28109,0
1115825,892,-0.562172,0
1115835,898,0.281067,0
1115845,892,-0.562172,0
1115855,890,-0.843254,0
1115865,901,0.702698,0
1115875,891,-0.702713,0
1115885,892,-0.562172,0
1115895,900,0.562157,0
1115905,883,-1.827042,0
1115915,891,-0.702713,0
1115925,887,-1.26487,0
1115935,895,-0.140541,0
1115945,894,-0.28109,0
1115955,892,-0.562172,0
1115965,896,0,0
1115975,898,0.281067,0
1115985,897,0.140541,0
1115995,899,0.421623,0
1116005,897,0.140541,0
1116015,898,0.281067,0
1116025,888,-1.124344,0
1116035,898,0.281067,0
1116045,889,-0.983803,0
1116055,888,-1.124344,0
1116065,899,0.421623,0
1116075,899,0.421623,0
1116085,897,0.140541,0
1116095,900,0.562157,0
1116105,903,0.98378,0
1116115,892,-0.562172,0
1116125,901,0.702698,0
1116135,895,-0.140541,0
1116145,894,-0.28109,0
1116155,890,-0.843254,0
1116165,888,-1.124344,0
1116175,897,0.140541,0
1116185,892,-0.562172,0
1116195,897,0.140541,0
1116205,887,-1.26487,0
1116215,893,-0.421631,0
1116225,894,-0.28109,0
1116235,897,0.140541,0
1116245,891,-0.702713,0
1116255,899,0.421623,0
1116265,900,0.562157,0
1116275,887,-1.26487,0
1116285,897,0.140541,0
1116295,895,-0.140541,0
1116305,901,0.702698,0
1116315,897,0.140541,0
1116325,897,0.140541,0
1116335,896,0,0
1116345,891,-0.702713,0
1116355,887,-1.26487,0
1116365,899,0.421623,0
1116375,887,-1.26487,0
1116385,896,0,0
1116395,893,-0.421631,1
1116405,897,0.140541,1
1116415,896,0,1
1116425,886,-1.405411,1
1116435,838,-8.151413,1
1116445,833,-8.854118,1
1116455,824,-10.11899,1
1116465,824,-10.11899,1
1116475,812,-11.80549,1
1116485,807,-12.5082,1
1116495,817,-11.10278,1
1116505,817,-11.10278,1
1116515,815,-11.38386,1
1116525,807,-12.5082,1
1116535,816,-11.24332,1
1116545,802,-13.2109,1
1116555,811,-11.94603,1
1116565,819,-10.8217,1
1116575,817,-11.10278,1
1116585,801,-13.35144,1
1116595,811,-11.94603,1
1116605,819,-10.8217,1
1116615,817,-11.10278,1
1116625,811,-11.94603,1
1116635,805,-12.78927,1
1116645,805,-12.78927,1
1116655,818,-10.96224,1
1116665,815,-11.38386,1
1116675,810,-12.08657,1
1116685,803,-13.07037,1
1116695,814,-11.5244,1
1116705,819,-10.8217,1
1116715,821,-10.54062,1
1116725,806,-12.64874,1
1116735,816,-11.24332,1
1116745,812,-11.80549,1
1116755,820,-10.68116,1
1116765,814,-11.5244,1
1116775,812,-11.80549,1
1116785,812,-11.80549,1
1116795,806,-12.64874,1
1116805,820,-10.68116,1
1116815,808,-12.36765,1
1116825,812,-11.80549,1
1116835,811,-11.94603,1
1116845,805,-12.78927,1
1116855,817,-11.10278,1
1116865,812,-11.80549,1
1116875,818,-10.96224,1
1116885,804,-12.92981,1
1116895,807,-12.5082,1
1116905,813,-11.66494,1
1116915,817,-11.10278,1
1116925,810,-12.08657,1
1116935,810,-12.08657,1
1116945,806,-12.64874,1
1116955,817,-11.10278,1
1116965,812,-11.80549,1
1116975,803,-13.07037,1
1116985,807,-12.5082,1
1116995,802,-13.2109,1
1117005,802,-13.2109,1
1117015,759,-19.25418,1
1117025,728,-23.61097,1
1117035,703,-27.1245,1
1117045,668,-32.04345,1
1117055,658,-33.44887,1
1117065,635,-36.68133,1
1117075,609,-40.3354,1
1117085,588,-43.28677,1
1117095,579,-44.55164,1
1117105,565,-46.51923,1
1117115,550,-48.62734,1
1117125,539,-50.1733,1
1117135,523,-52.42196,1
1117145,503,-55.23279,1
1117155,494,-56.49766,1
1117165,490,-57.05983,1
1117175,474,-59.3085,1
1117185,467,-60.29229,0
1117195,458,-61.55716,0
1117205,447,-63.10312,0
1117215,453,-62.25986,0
1117225,439,-64.22745,0
1117235,500,-55.65442,0
1117245,501,-55.51388,0
1117255,506,-54.81117,0
1117265,501,-55.51388,0
1117275,512,-53.96792,0
1117285,518,-53.12467,0
1117295,502,-55.37333,0
1117305,508,-54.53009,0
1117315,510,-54.249,0
1117325,503,-55.23279,0
1117335,518,-53.12467,0
1117345,518,-53.12467,0
1117355,508,-54.53009,0
1117365,511,-54.10846,0
1117375,504,-55.09225,0
1117385,509,-54.38954,0
1117395,512,-53.96792,0
1117405,504,-55.09225,0
1117415,504,-55.09225,0
1117425,511,-54.10846,0
1117435,513,-53.82738,0
1117445,508,-54.53009,0
1117455,510,-54.249,0
1117465,517,-53.26521,0
1117475,506,-54.81117,0
1117485,504,-55.09225,0
1117495,508,-54.53009,0
1117505,512,-53.96792,0
1117515,517,-53.26521,0
1117525,506,-54.81117,0
1117535,511,-54.10846,0
1117545,513,-53.82738,0
1117555,514,-53.68683,0
1117565,514,-53.68683,0
1117575,508,-54.53009,0
1117585,510,-54.249,0
1117595,506,-54.81117,0
1117605,507,-54.67062,0
1117615,514,-53.68683,0
1117625,506,-54.81117,0
1117635,512,-53.96792,0
1117645,509,-54.38954,0
1117655,516,-53.40575,0
1117665,516,-53.40575,0
1117675,506,-54.81117,0
1117685,509,-54.38954,0
1117695,506,-54.81117,0
1117705,517,-53.26521,0
1117715,514,-53.68683,0
1117725,507,-54.67062,0
1117735,512,-53.96792,0
1117745,503,-55.23279,0
1117755,516,-53.40575,0
1117765,510,-54.249,0
1117775,508,-54.53009,0
1117785,512,-53.96792,0
1117795,522,-52.56251,0
1117805,509,-54.38954,0
1117815,514,-53.68683,0
1117825,511,-54.10846,0
1117835,516,-53.40575,0
1117845,505,-54.95171,0
1117855,508,-54.53009,0
1117865,517,-53.26521,0
1117875,506,-54.81117,0
1117885,509,-54.38954,0
1117895,519,-52.98413,0
1117905,508,-54.53009,0
1117915,504,-55.09225,0
1117925,514,-53.68683,0
1117935,509,-54.38954,0
1117945,513,-53.82738,0
1117955,502,-55.37333,0
1117965,506,-54.81117,0
1117975,507,-54.67062,0
1117985,518,-53.12467,0
1117995,510,-54.249,0
1118005,520,-52.84359,0
1118015,512,-53.96792,0
1118025,507,-54.67062,0
1118035,510,-54.249,0
1118045,508,-54.53009,0
1118055,507,-54.67062,0
1118065,515,-53.5463,0
1118075,500,-55.65442,0
1118085,517,-53.26521,0
1118095,513,-53.82738,0
1118105,516,-53.40575,0
1118115,508,-54.53009,0
1118125,514,-53.68683,0
1118135,506,-54.81117,0
1118145,517,-53.26521,0
1118155,509,-54.38954,0
1118165,509,-54.38954,0
1118175,511,-54.10846,0
1118185,509,-54.38954,0
1118195,512,-53.96792,0
1118205,510,-54.249,0
1118215,502,-55.37333,0
1118225,512,-53.96792,0
1118235,513,-53.82738,0
1118245,507,-54.67062,0
1118255,505,-54.95171,0
1118265,509,-54.38954,0
1118275,515,-53.5463,0
1118285,517,-53.26521,0
1118295,522,-52.56251,0
1118305,516,-53.40575,0
1118315,514,-53.68683,0
1118325,512,-53.96792,0
1118335,512,-53.96792,0
1118345,516,-53.40575,0
1118355,516,-53.40575,0
1118365,507,-54.67062,0
1118375,510,-54.249,0
1118385,515,-53.5463,0
1118395,500,-55.65442,0
1118405,512,-53.96792,0
1118415,508,-54.53009,0
1118425,505,-54.95171,0
1118435,519,-52.98413,0
1118445,510,-54.249,0
1118455,513,-53.82738,0
1118465,513,-53.82738,0
1118475,514,-53.68683,0
1118485,510,-54.249,0
1118495,505,-54.95171,0
1118505,519,-52.98413,0
1118515,519,-52.98413,0
1118525,506,-54.81117,0
1118535,514,-53.68683,0
1118545,517,-53.26521,0
1118555,514,-53.68683,0
1118565,516,-53.40575,0
1118575,511,-54.10846,0
1118585,517,-53.26521,0
1118595,517,-53.26521,0
1118605,515,-53.5463,0
1118615,508,-54.53009,0
1118625,506,-54.81117,0
1118635,519,-52.98413,0
1118645,523,-52.42196,0
1118655,522,-52.56251,0
1118665,511,-54.10846,0
1118675,512,-53.96792,0
1118685,512,-53.96792,0
1118695,509,-54.38954,0
1118705,517,-53.26521,0
1118715,513,-53.82738,0
1118725,511,-54.10846,0
1118735,513,-53.82738,0
1118745,504,-55.09225,0
1118755,511,-54.10846,0
1118765,518,-53.12467,0
1118775,515,-53.5463,0
1118785,521,-52.70305,0
1118795,517,-53.26521,0
1118805,521,-52.70305,0
1118815,516,-53.40575,0
1118825,510,-54.249,0
1118835,514,-53.68683,0
1118845,526,-52.00034,0
1118855,513,-53.82738,0
1118865,518,-53.12467,0
1118875,512,-53.96792,0
1118885,510,-54.249,0
1118895,518,-53.12467,0
1118905,512,-53.96792,0
1118915,519,-52.98413,0
1118925,511,-54.10846,0
1118935,517,-53.26521,0
1118945,512,-53.96792,0
1118955,508,-54.53009,0
1118965,512,-53.96792,0
1118975,515,-53.5463,0
1118985,514,-53.68683,0
1118995,509,-54.38954,0
1119005,521,-52.70305,0
1119015,510,-54.249,0
1119025,514,-53.68683,0
1119035,508,-54.53009,0
1119045,505,-54.95171,0
1119055,506,-54.81117,0
1119065,511,-54.10846,0
1119075,508,-54.53009,0
1119085,515,-53.5463,0
1119095,510,-54.249,0
1119105,516,-53.40575,0
1119115,517,-53.26521,0
1119125,511,-54.10846,0
1119135,512,-53.96792,0
1119145,512,-53.96792,0
1119155,521,-52.70305,0
1119165,517,-53.26521,0
1119175,511,-54.10846,0
1119185,521,-52.70305,0
1119195,522,-52.56251,0
1119205,510,-54.249,0
1119215,511,-54.10846,0
1119225,513,-53.82738,0
1119235,507,-54.67062,0
1119245,504,-55.09225,0
1119255,518,-53.12467,0
1119265,513,-53.82738,0
1119275,514,-53.68683,0
1119285,515,-53.5463,0
1119295,511,-54.10846,0
1119305,513,-53.82738,0
1119315,513,-53.82738,0
1119325,510,-54.249,0
1119335,519,-52.98413,0
1119345,517,-53.26521,0
1119355,520,-52.84359,0
1119365,509,-54.38954,0
1119375,507,-54.67062,0
1119385,515,-53.5463,0
1119395,520,-52.84359,0
1119405,520,-52.84359,0
1119415,521,-52.70305,0
1119425,513,-53.82738,0
1119435,505,-54.95171,0
1119445,509,-54.38954,0
1119455,512,-53.96792,0
1119465,519,-52.98413,0
1119475,510,-54.249,0
1119485,519,-52.98413,0
1119495,513,-53.82738,0
1119505,521,-52.70305,0
1119515,512,-53.96792,0
1119525,513,-53.82738,0
1119535,521,-52.70305,0
1119545,506,-54.81117,0
1119555,509,-54.38954,0
1119565,514,-53.68683,0
1119575,519,-52.98413,0
1119585,521,-52.70305,0
1119595,515,-53.5463,0
1119605,526,-52.00034,0
1119615,514,-53.68683,0
1119625,507,-54.67062,0
1119635,515,-53.5463,0
1119645,516,-53.40575,0
1119655,518,-53.12467,0
1119665,518,-53.12467,0
1119675,510,-54.249,0
1119685,518,-53.12467,0
1119695,519,-52.98413,0
1119705,519,-52.98413,0
1119715,507,-54.67062,0
1119725,513,-53.82738,0
1119735,511,-54.10846,0
1119745,519,-52.98413,0
1119755,515,-53.5463,0
1119765,521,-52.70305,0
1119775,518,-53.12467,0
1119785,521,-52.70305,0
1119795,511,-54.10846,0
1119805,512,-53.96792,0
1119815,512,-53.96792,0
1119825,509,-54.38954,0
1119835,514,-53.68683,0
1119845,511,-54.10846,0
1119855,519,-52.98413,0
1119865,511,-54.10846,0
1119875,501,-55.51388,0
1119885,523,-52.42196,0
1119895,514,-53.68683,0
1119905,520,-52.84359,0
1119915,507,-54.67062,0
1119925,514,-53.68683,0
1119935,522,-52.56251,0
1119945,513,-53.82738,0
1119955,513,-53.82738,0
1119965,515,-53.5463,0
1119975,510,-54.249,0
1119985,519,-52.98413,0
1119995,522,-52.56251,0
1120005,515,-53.5463,0
1120015,513,-53.82738,0
1120025,523,-52.42196,0
1120035,519,-52.98413,0
1120045,511,-54.10846,0
1120055,517,-53.26521,0
1120065,508,-54.53009,0
1120075,519,-52.98413,0
1120085,515,-53.5463,0
1120095,509,-54.38954,0
1120105,520,-52.84359,0
1120115,522,-52.56251,0
1120125,515,-53.5463,0
1120135,526,-52.00034,0
1120145,508,-54.53009,0
1120155,519,-52.98413,0
1120165,517,-53.26521,0
1120175,517,-53.26521,0
1120185,525,-52.14088,0
1120195,513,-53.82738,0
1120205,519,-52.98413,0
1120215,512,-53.96792,0
1120225,509,-54.38954,0
1120235,511,-54.10846,0
1120245,512,-53.96792,0
1120255,521,-52.70305,0
1120265,524,-52.28142,0
1120275,513,-53.82738,0
1120285,516,-53.40575,0
1120295,513,-53.82738,0
1120305,510,-54.249,0
1120315,518,-53.12467,0
1120325,522,-52.56251,0
1120335,513,-53.82738,0
1120345,521,-52.70305,0
1120355,515,-53.5463,0
1120365,515,-53.5463,0
1120375,518,-53.12467,0
1120385,512,-53.96792,0
1120395,517,-53.26521,0
1120405,515,-53.5463,0
1120415,514,-53.68683,0
1120425,514,-53.68683,0
1120435,522,-52.56251,0
1120445,524,-52.28142,0
1120455,528,-51.71926,0
1120465,521,-52.70305,0
1120475,517,-53.26521,0
1120485,520,-52.84359,0
1120495,523,-52.42196,0
1120505,518,-53.12467,0
1120515,515,-53.5463,0
1120525,512,-53.96792,0
1120535,512,-53.96792,0
1120545,520,-52.84359,0
1120555,519,-52.98413,0
1120565,516,-53.40575,0
1120575,529,-51.57872,0
1120585,525,-52.14088,0
1120595,521,-52.70305,0
1120605,516,-53.40575,0
1120615,521,-52.70305,0
1120625,514,-53.68683,0
1120635,521,-52.70305,0
1120645,509,-54.38954,0
1120655,510,-54.249,0
1120665,516,-53.40575,0
1120675,520,-52.84359,0
1120685,506,-54.81117,0
1120695,514,-53.68683,0
1120705,516,-53.40575,0
1120715,510,-54.249,0
1120725,515,-53.5463,0
1120735,511,-54.10846,0
1120745,518,-53.12467,0
1120755,518,-53.12467,0
1120765,526,-52.00034,0
1120775,526,-52.00034,0
1120785,521,-52.70305,0
1120795,521,-52.70305,0
1120805,512,-53.96792,0
1120815,519,-52.98413,0
1120825,517,-53.26521,0
1120835,526,-52.00034,0
1120845,512,-53.96792,0
1120855,520,-52.84359,0
1120865,519,-52.98413,0
1120875,526,-52.00034,0
1120885,522,-52.56251,0
1120895,520,-52.84359,0
1120905,513,-53.82738,0
1120915,522,-52.56251,0
1120925,519,-52.98413,0
1120935,513,-53.82738,0
1120945,521,-52.70305,0
1120955,510,-54.249,0
1120965,514,-53.68683,0
1120975,519,-52.98413,0
1120985,520,-52.84359,0
1120995,520,-52.84359,0
1121005,518,-53.12467,0
1121015,516,-53.40575,0
1121025,516,-53.40575,0
1121035,523,-52.42196,0
1121045,511,-54.10846,0
1121055,515,-53.5463,0
1121065,524,-52.28142,0
1121075,525,-52.14088,0
1121085,525,-52.14088,0
1121095,514,-53.68683,0
1121105,512,-53.96792,0
1121115,519,-52.98413,0
1121125,528,-51.71926,0
1121135,518,-53.12467,0
1121145,518,-53.12467,0
1121155,514,-53.68683,0
1121165,527,-51.85979,0
1121175,522,-52.56251,0
1121185,519,-52.98413,0
1121195,514,-53.68683,0
1121205,515,-53.5463,0
1121215,519,-52.98413,0
1121225,516,-53.40575,0
1121235,513,-53.82738,0
1121245,518,-53.12467,0
1121255,520,-52.84359,0
1121265,517,-53.26521,0
1121275,511,-54.10846,0
1121285,523,-52.42196,0
1121295,520,-52.84359,0
1121305,517,-53.26521,0
1121315,516,-53.40575,0
1121325,513,-53.82738,0
1121335,518,-53.12467,0
1121345,522,-52.56251,0
1121355,525,-52.14088,0
1121365,527,-51.85979,0
1121375,520,-52.84359,0
1121385,527,-51.85979,0
1121395,525,-52.14088,0
1121405,520,-52.84359,0
1121415,511,-54.10846,0
1121425,525,-52.14088,0
1121435,523,-52.42196,0
1121445,525,-52.14088,0
1121455,518,-53.12467,0
1121465,516,-53.40575,0
1121475,516,-53.40575,0
1121485,524,-52.28142,0
1121495,522,-52.56251,0
1121505,518,-53.12467,0
1121515,517,-53.26521,0
1121525,529,-51.57872,0
1121535,519,-52.98413,0
1121545,514,-53.68683,0
1121555,514,-53.68683,0
1121565,523,-52.42196,0
1121575,517,-53.26521,0
1121585,517,-53.26521,0
1121595,519,-52.98413,0
1121605,514,-53.68683,0
1121615,528,-51.71926,0
1121625,519,-52.98413,0
1121635,526,-52.00034,0
1121645,517,-53.26521,0
1121655,520,-52.84359,0
1121665,515,-53.5463,0
1121675,519,-52.98413,0
1121685,521,-52.70305,0
1121695,521,-52.70305,0
1121705,518,-53.12467,0
1121715,522,-52.56251,0
1121725,515,-53.5463,0
1121735,523,-52.42196,0
1121745,523,-52.42196,0
1121755,521,-52.70305,0
1121765,521,-52.70305,0
1121775,516,-53.40575,0
1121785,523,-52.42196,0
1121795,517,-53.26521,0
1121805,508,-54.53009,0
1121815,516,-53.40575,0
1121825,521,-52.70305,0
1121835,522,-52.56251,0
1121845,513,-53.82738,0
1121855,514,-53.68683,0
1121865,517,-53.26521,0
1121875,520,-52.84359,0
1121885,524,-52.28142,0
1121895,522,-52.56251,0
1121905,522,-52.56251,0
1121915,520,-52.84359,0
1121925,517,-53.26521,0
1121935,524,-52.28142,0
1121945,520,-52.84359,0
1121955,522,-52.56251,0
1121965,511,-54.10846,0
1121975,525,-52.14088,0
1121985,515,-53.5463,0
1121995,518,-53.12467,0
1122005,513,-53.82738,0
1122015,524,-52.28142,0
1122025,523,-52.42196,0
1122035,517,-53.26521,0
1122045,514,-53.68683,0
1122055,530,-51.43818,0
1122065,523,-52.42196,0
1122075,522,-52.56251,0
1122085,516,-53.40575,0
1122095,520,-52.84359,0
1122105,518,-53.12467,0
1122115,525,-52.14088,0
1122125,519,-52.98413,0
1122135,518,-53.12467,0
1122145,516,-53.40575,0
1122155,512,-53.96792,0
1122165,521,-52.70305,0
1122175,519,-52.98413,0
1122185,524,-52.28142,0
1122195,525,-52.14088,0
1122205,530,-51.43818,0
1122215,522,-52.56251,0
1122225,516,-53.40575,0
1122235,514,-53.68683,0
1122245,513,-53.82738,0
1122255,519,-52.98413,0
1122265,516,-53.40575,0
1122275,525,-52.14088,0
1122285,521,-52.70305,0
1122295,517,-53.26521,0
1122305,520,-52.84359,0
1122315,516,-53.40575,0
1122325,524,-52.28142,0
1122335,519,-52.98413,0
1122345,531,-51.29763,0
1122355,523,-52.42196,0
1122365,520,-52.84359,0
1122375,522,-52.56251,0
1122385,515,-53.5463,0
1122395,521,-52.70305,0
1122405,523,-52.42196,0
1122415,526,-52.00034,0
1122425,527,-51.85979,0
1122435,526,-52.00034,0
1122445,517,-53.26521,0
1122455,530,-51.43818,0
1122465,515,-53.5463,0
1122475,520,-52.84359,0
1122485,524,-52.28142,0
1122495,514,-53.68683,0
1122505,524,-52.28142,0
1122515,514,-53.68683,0
1122525,516,-53.40575,0
1122535,522,-52.56251,0
1122545,518,-53.12467,0
1122555,520,-52.84359,0
1122565,529,-51.57872,0
1122575,521,-52.70305,0
1122585,519,-52.98413,0
1122595,528,-51.71926,0
1122605,516,-53.40575,0
1122615,524,-52.28142,0
1122625,525,-52.14088,0
1122635,525,-52.14088,0
1122645,523,-52.42196,0
1122655,523,-52.42196,0
1122665,523,-52.42196,0
1122675,523,-52.42196,0
1122685,518,-53.12467,0
1122695,511,-54.10846,0
1122705,527,-51.85979,0
1122715,528,-51.71926,0
1122725,520,-52.84359,0
1122735,522,-52.56251,0
1122745,517,-53.26521,0
1122755,527,-51.85979,0
1122765,521,-52.70305,0
1122775,510,-54.249,0
1122785,517,-53.26521,0
1122795,507,-54.67062,0
1122805,525,-52.14088,0
1122815,520,-52.84359,0
1122825,520,-52.84359,0
1122835,527,-51.85979,0
1122845,516,-53.40575,0
1122855,526,-52.00034,0
1122865,523,-52.42196,0
1122875,524,-52.28142,0
1122885,526,-52.00034,0
1122895,506,-54.81117,0
1122905,526,-52.00034,0
1122915,521,-52.70305,0
1122925,516,-53.40575,0
1122935,519,-52.98413,0
1122945,517,-53.26521,0
1122955,524,-52.28142,0
1122965,525,-52.14088,0
1122975,529,-51.57872,0
1122985,523,-52.42196,0
1122995,515,-53.5463,0
1123005,522,-52.56251,0
1123015,527,-51.85979,0
1123025,509,-54.38954,0
1123035,524,-52.28142,0
1123045,522,-52.56251,0
1123055,523,-52.42196,0
1123065,521,-52.70305,0
1123075,514,-53.68683,0
1123085,524,-52.28142,0
1123095,518,-53.12467,0
1123105,526,-52.00034,0
1123115,517,-53.26521,0
1123125,517,-53.26521,0
1123135,515,-53.5463,0
1123145,512,-53.96792,0
1123155,522,-52.56251,0
1123165,518,-53.12467,0
1123175,530,-51.43818,0
1123185,529,-51.57872,0
1123195,519,-52.98413,0
1123205,524,-52.28142,0
1123215,522,-52.56251,0
1123225,523,-52.42196,0
1123235,511,-54.10846,0
1123245,518,-53.12467,0
1123255,519,-52.98413,0
1123265,530,-51.43818,0
1123275,522,-52.56251,0
1123285,529,-51.57872,0
1123295,521,-52.70305,0
1123305,526,-52.00034,0
1123315,518,-53.12467,0
1123325,516,-53.40575,0
1123335,523,-52.42196,0
1123345,520,-52.84359,0
1123355,525,-52.14088,0
1123365,520,-52.84359,0
1123375,524,-52.28142,0
1123385,517,-53.26521,0
1123395,518,-53.12467,0
1123405,530,-51.43818,0
1123415,531,-51.29763,0
1123425,531,-51.29763,0
1123435,517,-53.26521,0
1123445,522,-52.56251,1
1123455,515,-53.5463,1
1123465,516,-53.40575,1
1123475,521,-52.70305,1
1123485,516,-53.40575,1
1123495,504,-55.09225,1
1123505,491,-56.91929,1
1123515,487,-57.48146,1
1123525,468,-60.15174,1
1123535,473,-59.44903,1
1123545,453,-62.25986,1
1123555,456,-61.83824,1
1123565,449,-62.82204,1
1123575,444,-63.52474,1
1123585,435,-64.78961,1
1123595,424,-66.33557,1
1123605,422,-66.61665,1
1123615,415,-67.60044,1
1123625,418,-67.17881,1
1123635,408,-68.58423,1
1123645,401,-69.56802,1
1123655,401,-69.56802,1
1123665,400,-69.70856,1
1123675,396,-70.27072,1
1123685,383,-72.09777,1
1123695,387,-71.5356,1
1123705,385,-71.81668,1
1123715,378,-72.80048,1
1123725,377,-72.94101,1
1123735,372,-73.64372,1
1123745,367,-74.34643,1
1123755,376,-73.08156,1
1123765,361,-75.18967,1
1123775,365,-74.62752,1
1123785,361,-75.18967,1
1123795,366,-74.48697,1
1123805,360,-75.33022,1
1123815,358,-75.61131,1
1123825,355,-76.03293,1
1123835,356,-75.89239,1
1123845,351,-76.59509,1
1123855,353,-76.31401,1
1123865,353,-76.31401,1
1123875,353,-76.31401,1
1123885,349,-76.87617,1
1123895,348,-77.01672,1
1123905,350,-76.73563,1
1123915,348,-77.01672,1
1123925,343,-77.71942,1
1123935,348,-77.01672,1
1123945,343,-77.71942,1
1123955,340,-78.14104,1
1123965,347,-77.15726,1
1123975,344,-77.57889,1
1123985,348,-77.01672,1
1123995,343,-77.71942,1
1124005,354,-76.17346,1
1124015,340,-78.14104,1
1124025,346,-77.2978,1
1124035,348,-77.01672,1
1124045,341,-78.0005,1
1124055,345,-77.43834,1
1124065,341,-78.0005,1
1124075,346,-77.2978,1
1124085,345,-77.43834,1
1124095,347,-77.15726,1
1124105,345,-77.43834,1
1124115,340,-78.14104,1
1124125,344,-77.57889,1
1124135,350,-76.73563,1
1124145,344,-77.57889,1
1124155,344,-77.57889,1
1124165,343,-77.71942,1
1124175,341,-78.0005,1
1124185,342,-77.85996,1
1124195,340,-78.14104,1
1124205,340,-78.14104,1
1124215,339,-78.28159,1
1124225,339,-78.28159,1
1124235,342,-77.85996,1
1124245,339,-78.28159,1
1124255,345,-77.43834,1
1124265,340,-78.14104,1
1124275,340,-78.14104,1
1124285,339,-78.28159,1
1124295,337,-78.56267,1
1124305,337,-78.56267,1
1124315,334,-78.9843,1
1124325,339,-78.28159,1
1124335,345,-77.43834,1
1124345,335,-78.84376,1
1124355,342,-77.85996,1
1124365,337,-78.56267,1
1124375,340,-78.14104,1
1124385,336,-78.70322,1
1124395,341,-78.0005,1
1124405,341,-78.0005,1
1124415,337,-78.56267,1
1124425,340,-78.14104,1
1124435,336,-78.70322,1
1124445,340,-78.14104,1
1124455,337,-78.56267,1
1124465,346,-77.2978,1
1124475,344,-77.57889,1
1124485,340,-78.14104,1
1124495,342,-77.85996,1
1124505,341,-78.0005,1
1124515,332,-79.26537,1
1124525,330,-79.54646,1
1124535,333,-79.12484,1
1124545,348,-77.01672,1
1124555,340,-78.14104,1
1124565,340,-78.14104,1
1124575,340,-78.14104,1
1124585,336,-78.70322,1
1124595,330,-79.54646,1
1124605,343,-77.71942,1
1124615,337,-78.56267,1
1124625,341,-78.0005,1
1124635,335,-78.84376,1
1124645,338,-78.42213,1
1124655,342,-77.85996,1
1124665,338,-78.42213,1
1124675,339,-78.28159,1
1124685,331,-79.40591,1
1124695,342,-77.85996,1
1124705,340,-78.14104,1
1124715,345,-77.43834,1
1124725,341,-78.0005,1
1124735,338,-78.42213,1
1124745,330,-79.54646,1
1124755,338,-78.42213,1
1124765,335,-78.84376,1
1124775,339,-78.28159,1
1124785,343,-77.71942,1
1124795,339,-78.28159,1
1124805,337,-78.56267,1
1124815,343,-77.71942,1
1124825,333,-79.12484,1
1124835,339,-78.28159,1
1124845,337,-78.56267,1
1124855,341,-78.0005,1
1124865,343,-77.71942,1
1124875,343,-77.71942,1
1124885,342,-77.85996,1
1124895,342,-77.85996,1
1124905,337,-78.56267,1
1124915,336,-78.70322,1
1124925,336,-78.70322,1
1124935,334,-78.9843,1
1124945,338,-78.42213,1
1124955,337,-78.56267,1
1124965,333,-79.12484,1
1124975,341,-78.0005,1
1124985,344,-77.57889,1
1124995,335,-78.84376,1
1125005,337,-78.56267,1
1125015,337,-78.56267,1
1125025,335,-78.84376,1
1125035,334,-78.9843,1
1125045,343,-77.71942,1
1125055,338,-78.42213,1
1125065,331,-79.40591,1
1125075,346,-77.2978,1
1125085,337,-78.56267,1
1125095,336,-78.70322,1
1125105,333,-79.12484,1
1125115,331,-79.40591,1
1125125,341,-78.0005,1
1125135,344,-77.57889,1
1125145,341,-78.0005,1
1125155,334,-78.9843,1
1125165,337,-78.56267,1
1125175,341,-78.0005,1
1125185,339,-78.28159,1
1125195,342,-77.85996,1
1125205,341,-78.0005,1
1125215,342,-77.85996,1
1125225,335,-78.84376,1
1125235,334,-78.9843,1
1125245,330,-79.54646,1
1125255,340,-78.14104,1
1125265,337,-78.56267,1
1125275,337,-78.56267,1
1125285,340,-78.14104,1
1125295,341,-78.0005,1
1125305,336,-78.70322,1
1125315,337,-78.56267,1
1125325,338,-78.42213,1
1125335,337,-78.56267,1
1125345,339,-78.28159,1
1125355,341,-78.0005,1
1125365,336,-78.70322,1
1125375,342,-77.85996,1
1125385,338,-78.42213,1
1125395,342,-77.85996,1
1125405,343,-77.71942,1
1125415,341,-78.0005,1
1125425,338,-78.42213,1
1125435,341,-78.0005,1
1125445,336,-78.70322,1
1125455,337,-78.56267,1
1125465,338,-78.42213,1
1125475,334,-78.9843,1
1125485,332,-79.26537,1
1125495,340,-78.14104,1
1125505,338,-78.42213,1
1125515,334,-78.9843,1
1125525,337,-78.56267,1
1125535,338,-78.42213,1
1125545,338,-78.42213,1
1125555,339,-78.28159,1
1125565,338,-78.42213,1
1125575,338,-78.42213,1
1125585,343,-77.71942,1
1125595,343,-77.71942,1
1125605,339,-78.28159,1
1125615,339,-78.28159,1
1125625,338,-78.42213,1
1125635,338,-78.42213,1
1125645,335,-78.84376,1
1125655,339,-78.28159,1
1125665,339,-78.28159,1
1125675,341,-78.0005,1
1125685,337,-78.56267,1
1125695,338,-78.42213,1
1125705,334,-78.9843,1
1125715,338,-78.42213,1
1125725,340,-78.14104,1
1125735,337,-78.56267,1
1125745,341,-78.0005,1
1125755,339,-78.28159,1
1125765,333,-79.12484,1
1125775,343,-77.71942,1
1125785,339,-78.28159,1
1125795,346,-77.2978,1
1125805,335,-78.84376,1
1125815,339,-78.28159,1
1125825,337,-78.56267,1
1125835,338,-78.42213,1
1125845,335,-78.84376,1
1125855,335,-78.84376,1
1125865,344,-77.57889,1
1125875,338,-78.42213,1
1125885,340,-78.14104,1
1125895,340,-78.14104,1
1125905,340,-78.14104,1
1125915,341,-78.0005,1
1125925,340,-78.14104,1
1125935,336,-78.70322,1
1125945,337,-78.56267,1
1125955,343,-77.71942,1
1125965,338,-78.42213,1
1125975,340,-78.14104,1
1125985,332,-79.26537,1
1125995,342,-77.85996,1
1126005,341,-78.0005,1
1126015,339,-78.28159,1
1126025,344,-77.57889,1
1126035,341,-78.0005,1
1126045,343,-77.71942,1
1126055,338,-78.42213,1
1126065,343,-77.71942,1
1126075,340,-78.14104,1
1126085,342,-77.85996,1
1126095,346,-77.2978,1
1126105,343,-77.71942,1
1126115,342,-77.85996,1
1126125,344,-77.57889,1
1126135,341,-78.0005,1
1126145,339,-78.28159,1
1126155,346,-77.2978,1
1126165,342,-77.85996,1
1126175,341,-78.0005,1
1126185,344,-77.57889,1
1126195,342,-77.85996,1
1126205,338,-78.42213,1
1126215,336,-78.70322,1
1126225,345,-77.43834,1
1126235,334,-78.9843,1
1126245,341,-78.0005,1
1126255,341,-78.0005,1
1126265,338,-78.42213,1
1126275,345,-77.43834,1
1126285,340,-78.14104,1
1126295,336,-78.70322,1
1126305,333,-79.12484,1
1126315,343,-77.71942,1
1126325,339,-78.28159,1
1126335,341,-78.0005,1
1126345,346,-77.2978,1
1126355,340,-78.14104,1
1126365,335,-78.84376,1
1126375,337,-78.56267,1
1126385,338,-78.42213,1
1126395,338,-78.42213,1
1126405,341,-78.0005,1
1126415,335,-78.84376,1
1126425,339,-78.28159,1
1126435,345,-77.43834,1
1126445,339,-78.28159,1
1126455,342,-77.85996,1
1126465,344,-77.57889,1
1126475,338,-78.42213,1
1126485,341,-78.0005,1
1126495,338,-78.42213,1
1126505,337,-78.56267,1
1126515,335,-78.84376,1
1126525,340,-78.14104,1
1126535,339,-78.28159,1
1126545,347,-77.15726,1
1126555,340,-78.14104,1
1126565,332,-79.26537,1
1126575,338,-78.42213,1
1126585,339,-78.28159,1
1126595,341,-78.0005,1
1126605,346,-77.2978,1
1126615,342,-77.85996,1
1126625,342,-77.85996,1
1126635,348,-77.01672,1
1126645,347,-77.15726,1
1126655,485,-57.76254,1
1126665,584,-43.84894,1
1126675,672,-31.48129,1
1126685,731,-23.18934,1
1126695,799,-13.63252,1
1126705,850,-6.464912,1
1126715,880,-2.248672,1
1126725,934,5.340561,1
1126735,964,9.556808,1
1126745,990,13.2109,1
1126755,982,12.08656,1
1126765,971,10.5406,1
1126775,978,11.52439,1
1126785,992,13.49197,1
1126795,1007,15.60009,1
1126805,1002,14.89738,1
1126815,992,13.49197,1
1126825,984,12.36763,1
1126835,1001,14.75685,1
1126845,1012,16.3028,1
1126855,1010,16.02172,1
1126865,993,13.63251,1
1126875,995,13.9136,1
1126885,990,13.2109,1
1126895,1003,15.03793,1
1126905,1011,16.16225,1
1126915,1002,14.89738,1
1126925,986,12.64874,1
1126935,991,13.35143,1
1126945,1006,15.45956,1
1126955,1016,16.86496,1
1126965,1005,15.31901,1
1126975,997,14.19469,1
1126985,985,12.50819,1
1126995,1000,14.61629,1
1127005,1016,16.86496,1
1127015,1005,15.31901,1
1127025,1004,15.17848,1
1127035,992,13.49197,1
1127045,988,12.92982,1
1127055,1007,15.60009,1
1127065,1008,15.74064,1
1127075,1005,15.31901,1
1127085,991,13.35143,1
1127095,989,13.07034,1
1127105,1006,15.45956,0
1127115,1005,15.31901,0
1127125,1007,15.60009,0
1127135,996,14.05414,0
1127145,979,11.66492,0
1127155,945,6.886536,0
1127165,916,2.810814,0
1127175,915,2.670288,0
1127185,894,-0.28109,0
1127195,903,0.98378,0
1127205,899,0.421623,0
1127215,889,-0.983803,0
1127225,897,0.140541,0
1127235,904,1.124329,0
1127245,893,-0.421631,0
1127255,885,-1.545967,0
1127265,888,-1.124344,0
1127275,900,0.562157,0
1127285,893,-0.421631,0
1127295,899,0.421623,0
1127305,891,-0.702713,0
1127315,900,0.562157,0
1127325,889,-0.983803,0
1127335,884,-1.686501,0
1127345,897,0.140541,0
1127355,895,-0.140541,0
1127365,892,-0.562172,0
1127375,891,-0.702713,0
1127385,886,-1.405411,0
1127395,899,0.421623,0
1127405,892,-0.562172,0
1127415,884,-1.686501,0
1127425,895,-0.140541,0
1127435,899,0.421623,0
1127445,897,0.140541,0
1127455,885,-1.545967,0
1127465,884,-1.686501,0
1127475,898,0.281067,0
1127485,890,-0.843254,0
1127495,893,-0.421631,0
1127505,899,0.421623,0
1127515,894,-0.28109,0
1127525,897,0.140541,0
1127535,892,-0.562172,0
1127545,903,0.98378,0
1127555,896,0,0
1127565,903,0.98378,0
1127575,892,-0.562172,0
1127585,895,-0.140541,0
1127595,904,1.124329,0
1127605,894,-0.28109,0
1127615,888,-1.124344,0
1127625,899,0.421623,0
1127635,900,0.562157,0
1127645,887,-1.26487,0
1127655,896,0,0
1127665,885,-1.545967,0
1127675,894,-0.28109,0
1127685,889,-0.983803,0
1127695,885,-1.545967,0
1127705,900,0.562157,0
1127715,886,-1.405411,0
1127725,901,0.702698,0
1127735,887,-1.26487,0
1127745,898,0.281067,0
1127755,898,0.281067,0
1127765,886,-1.405411,0
1127775,895,-0.140541,0
1127785,896,0,0
1127795,901,0.702698,0
1127805,892,-0.562172,0
1127815,888,-1.124344,0
1127825,898,0.281067,0
1127835,892,-0.562172,0
1127845,887,-1.26487,0
1127855,895,-0.140541,0
1127865,895,-0.140541,0
1127875,892,-0.562172,0
1127885,907,1.545952,0
1127895,894,-0.28109,0
1127905,890,-0.843254,0
1127915,891,-0.702713,0
1127925,900,0.562157,0
1127935,890,-0.843254,0
1127945,891,-0.702713,0
1127955,898,0.281067,0
1127965,890,-0.843254,0
1127975,900,0.562157,0
1127985,891,-0.702713,0
1127995,895,-0.140541,0
1128005,899,0.421623,0
1128015,896,0,0
1128025,893,-0.421631,0
1128035,885,-1.545967,0
1128045,901,0.702698,0
1128055,897,0.140541,0
1128065,900,0.562157,0
1128075,895,-0.140541,0
1128085,892,-0.562172,0
1128095,898,0.281067,0
1128105,890,-0.843254,0
1128115,896,0,0
1128125,885,-1.545967,0
1128135,897,0.140541,0
1128145,902,0.843239,0
1128155,895,-0.140541,0
1128165,890,-0.843254,0
1128175,890,-0.843254,0
1128185,894,-0.28109,0
1128195,893,-0.421631,0
1128205,898,0.281067,0
1128215,890,-0.843254,0
1128225,896,0,0
1128235,888,-1.124344,0
1128245,900,0.562157,0
1128255,886,-1.405411,0
1128265,898,0.281067,0
1128275,900,0.562157,0
1128285,887,-1.26487,0
1128295,898,0.281067,0
1128305,897,0.140541,0
1128315,901,0.702698,0
1128325,896,0,0
1128335,897,0.140541,0
1128345,897,0.140541,0
1128355,899,0.421623,0
1128365,901,0.702698,0
1128375,892,-0.562172,0
1128385,892,-0.562172,0
1128395,895,-0.140541,0
1128405,898,0.281067,0
1128415,893,-0.421631,0
1128425,901,0.702698,0
1128435,902,0.843239,0
1128445,900,0.562157,0
1128455,894,-0.28109,0
1128465,892,-0.562172,0
1128475,902,0.843239,0
1128485,887,-1.26487,0
1128495,902,0.843239,0
1128505,895,-0.140541,0
1128515,897,0.140541,0
1128525,900,0.562157,0
1128535,892,-0.562172,0
1128545,891,-0.702713,0
1128555,887,-1.26487,0
1128565,895,-0.140541,0
1128575,895,-0.140541,0
1128585,898,0.281067,0
1128595,884,-1.686501,0
1128605,890,-0.843254,0
1128615,896,0,0
1128625,891,-0.702713,0
1128635,895,-0.140541,0
1128645,887,-1.26487,0
1128655,898,0.281067,0
1128665,900,0.562157,0
1128675,891,-0.702713,0
1128685,888,-1.124344,0
1128695,892,-0.562172,0
1128705,896,0,0
1128715,894,-0.28109,0
1128725,885,-1.545967,0
1128735,886,-1.405411,0
1128745,896,0,0
1128755,894,-0.28109,0
1128765,896,0,0
1128775,903,0.98378,0
1128785,898,0.281067,0
1128795,894,-0.28109,0
1128805,885,-1.545967,0
1128815,900,0.562157,0
1128825,890,-0.843254,0
1128835,898,0.281067,0
1128845,901,0.702698,0
1128855,898,0.281067,0
1128865,901,0.702698,0
1128875,896,0,0
1128885,897,0.140541,0
1128895,892,-0.562172,0
1128905,903,0.98378,0
1128915,891,-0.702713,0
1128925,897,0.140541,0
1128935,897,0.140541,0
1128945,887,-1.26487,0
1128955,906,1.405411,0
1128965,890,-0.843254,0
1128975,898,0.281067,0
1128985,889,-0.983803,0
1128995,891,-0.702713,0
1129005,893,-0.421631,0
1129015,891,-0.702713,0
1129025,888,-1.124344,0
1129035,892,-0.562172,0
1129045,894,-0.28109,0
1129055,893,-0.421631,0
1129065,897,0.140541,0
1129075,898,0.281067,0
1129085,895,-0.140541,0
1129095,900,0.562157,0
1129105,897,0.140541,0
1129115,903,0.98378,0
1129125,902,0.843239,0
1129135,898,0.281067,0
1129145,898,0.281067,0
1129155,891,-0.702713,0
1129165,898,0.281067,0
1129175,898,0.281067,0
1129185,895,-0.140541,0
1129195,895,-0.140541,0
1129205,886,-1.405411,0
1129215,896,0,0
1129225,891,-0.702713,0
1129235,887,-1.26487,0
1129245,883,-1.827042,0
1129255,900,0.562157,0
1129265,899,0.421623,0
1129275,901,0.702698,0
1129285,898,0.281067,0
1129295,899,0.421623,0
1129305,893,-0.421631,0
1129315,901,0.702698,0
1129325,895,-0.140541,0
1129335,896,0,0
1129345,895,-0.140541,0
1129355,895,-0.140541,0
1129365,901,0.702698,0
1129375,896,0,0
1129385,891,-0.702713,0
1129395,896,0,0
1129405,899,0.421623,0
1129415,892,-0.562172,0
1129425,901,0.702698,0
1129435,905,1.26487,0
1129445,890,-0.843254,0
1129455,900,0.562157,0
1129465,905,1.26487,0
1129475,898,0.281067,0
1129485,895,-0.140541,0
1129495,903,0.98378,0
1129505,892,-0.562172,0
1129515,898,0.281067,0
1129525,895,-0.140541,0
1129535,896,0,0
1129545,900,0.562157,0
1129555,888,-1.124344,0
1129565,887,-1.26487,0
1129575,894,-0.28109,0
1129585,890,-0.843254,0
1129595,898,0.281067,0
1129605,892,-0.562172,0
1129615,893,-0.421631,0
1129625,892,-0.562172,0
1129635,894,-0.28109,0
1129645,894,-0.28109,0
1129655,898,0.281067,0
1129665,901,0.702698,0
1129675,901,0.702698,0
1129685,889,-0.983803,0
1129695,885,-1.545967,0
1129705,905,1.26487,0
1129715,895,-0.140541,0
1129725,888,-1.124344,0
1129735,885,-1.545967,0
1129745,895,-0.140541,0
1129755,898,0.281067,0
1129765,898,0.281067,0
1129775,899,0.421623,0
1129785,893,-0.421631,0
1129795,890,-0.843254,0
1129805,888,-1.124344,0
1129815,889,-0.983803,0
1129825,902,0.843239,0
1129835,896,0,0
1129845,898,0.281067,0
1129855,893,-0.421631,0
1129865,895,-0.140541,0
1129875,901,0.702698,0
1129885,896,0,0
1129895,886,-1.405411,0
1129905,893,-0.421631,0
1129915,899,0.421623,0
1129925,896,0,0
1129935,897,0.140541,0
1129945,895,-0.140541,0
1129955,897,0.140541,0
1129965,900,0.562157,0
1129975,895,-0.140541,0
1129985,897,0.140541,0
1129995,899,0.421623,0
1130005,892,-0.562172,0
1130015,889,-0.983803,0
1130025,895,-0.140541,0
1130035,893,-0.421631,0
1130045,905,1.26487,0
1130055,897,0.140541,0
1130065,898,0.281067,0
1130075,899,0.421623,0
1130085,898,0.281067,0
1130095,890,-0.843254,0
1130105,890,-0.843254,0
1130115,898,0.281067,0
1130125,881,-2.108124,0
