t_ms,adc,p_kpa,pump
45595,705,-29.93533,1
45605,704,-30.07585,1
45615,698,-30.91911,1
45625,711,-29.09207,1
45635,706,-29.79478,1
45645,696,-31.2002,1
45655,664,-35.69751,1
45665,655,-36.96239,1
45675,626,-41.03809,1
45685,610,-43.28675,1
45695,591,-45.95704,1
45705,567,-49.33004,1
45715,569,-49.04895,1
45725,546,-52.28141,1
45735,537,-53.54628,1
45745,520,-55.93548,1
45755,513,-56.91928,1
45765,503,-58.32469,1
45775,489,-60.29227,1
45785,479,-61.69768,1
45795,473,-62.54093,1
45805,470,-62.96255,1
45815,460,-64.36797,1
45825,456,-64.93014,1
45835,448,-66.05447,1
45845,441,-67.03825,1
45855,434,-68.02205,1
45865,435,-67.88151,1
45875,426,-69.14638,1
45885,424,-69.42747,1
45895,421,-69.84909,1
45905,419,-70.13017,1
45915,417,-70.41125,1
45925,414,-70.83288,1
45935,404,-72.23829,1
45945,406,-71.95721,1
45955,399,-72.941,1
45965,400,-72.80046,1
45975,397,-73.22208,1
45985,390,-74.20587,1
45995,387,-74.62749,1
46005,383,-75.18967,1
46015,388,-74.48695,1
46025,380,-75.61128,1
46035,381,-75.47075,1
46045,378,-75.89237,1
46055,375,-76.314,1
46065,375,-76.314,1
46075,373,-76.59508,1
46085,375,-76.314,1
46095,370,-77.0167,1
46105,369,-77.15724,1
46115,372,-76.73562,1
46125,371,-76.87616,1
46135,374,-76.45454,1
46145,369,-77.15724,1
46155,366,-77.57887,1
46165,368,-77.29778,1
46175,368,-77.29778,1
46185,367,-77.43832,1
46195,359,-78.56265,1
46205,363,-78.00049,1
46215,362,-78.14103,1
46225,357,-78.84373,1
46235,367,-77.43832,1
46245,365,-77.71941,1
46255,360,-78.42212,1
46265,356,-78.98428,1
46275,367,-77.43832,1
46285,367,-77.43832,1
46295,363,-78.00049,1
46305,357,-78.84373,1
46315,357,-78.84373,1
46325,361,-78.28157,1
46335,360,-78.42212,1
46345,359,-78.56265,1
46355,364,-77.85995,1
46365,361,-78.28157,1
46375,357,-78.84373,1
46385,366,-77.57887,1
46395,366,-77.57887,1
46405,361,-78.28157,1
46415,360,-78.42212,1
46425,364,-77.85995,1
46435,358,-78.7032,1
46445,358,-78.7032,1
46455,358,-78.7032,1
46465,364,-77.85995,1
46475,362,-78.14103,1
46485,358,-78.7032,1
46495,357,-78.84373,1
46505,358,-78.7032,1
46515,363,-78.00049,1
46525,361,-78.28157,1
46535,359,-78.56265,1
46545,359,-78.56265,1
46555,358,-78.7032,1
46565,360,-78.42212,1
46575,360,-78.42212,1
46585,361,-78.28157,1
46595,361,-78.28157,1
46605,360,-78.42212,1
46615,364,-77.85995,1
46625,354,-79.26537,1
46635,356,-78.98428,1
46645,359,-78.56265,1
46655,357,-78.84373,1
46665,359,-78.56265,1
46675,362,-78.14103,1
46685,355,-79.12482,1
46695,359,-78.56265,1
46705,360,-78.42212,1
46715,365,-77.71941,1
46725,359,-78.56265,1
46735,363,-78.00049,1
46745,359,-78.56265,1
46755,359,-78.56265,1
46765,359,-78.56265,1
46775,362,-78.14103,1
46785,364,-77.85995,1
46795,356,-78.98428,1
46805,357,-78.84373,1
46815,357,-78.84373,1
46825,360,-78.42212,1
46835,360,-78.42212,1
46845,359,-78.56265,1
46855,361,-78.28157,1
46865,359,-78.56265,1
46875,351,-79.68699,1
46885,364,-77.85995,1
46895,360,-78.42212,1
46905,358,-78.7032,1
46915,359,-78.56265,1
46925,360,-78.42212,1
46935,358,-78.7032,1
46945,359,-78.56265,1
46955,357,-78.84373,1
46965,352,-79.54644,1
46975,357,-78.84373,1
46985,367,-77.43832,1
46995,362,-78.14103,1
47005,357,-78.84373,1
47015,362,-78.14103,1
47025,357,-78.84373,1
47035,357,-78.84373,1
47045,362,-78.14103,1
47055,360,-78.42212,1
47065,359,-78.56265,1
47075,360,-78.42212,1
47085,358,-78.7032,1
47095,358,-78.7032,1
47105,358,-78.7032,1
47115,358,-78.7032,1
47125,360,-78.42212,1
47135,360,-78.42212,1
47145,356,-78.98428,1
47155,359,-78.56265,1
47165,356,-78.98428,1
47175,355,-79.12482,1
47185,356,-78.98428,1
47195,356,-78.98428,1
47205,357,-78.84373,1
47215,357,-78.84373,1
47225,358,-78.7032,1
47235,356,-78.98428,1
47245,355,-79.12482,1
47255,357,-78.84373,1
47265,360,-78.42212,1
47275,355,-79.12482,1
47285,362,-78.14103,1
47295,358,-78.7032,1
47305,359,-78.56265,1
47315,360,-78.42212,1
47325,356,-78.98428,1
47335,360,-78.42212,1
47345,358,-78.7032,1
47355,358,-78.7032,1
47365,359,-78.56265,1
47375,359,-78.56265,1
47385,361,-78.28157,1
47395,355,-79.12482,1
47405,355,-79.12482,1
47415,358,-78.7032,1
47425,356,-78.98428,1
47435,356,-78.98428,1
47445,360,-78.42212,1
47455,349,-79.96807,1
47465,358,-78.7032,1
47475,355,-79.12482,1
47485,359,-78.56265,1
47495,350,-79.82753,1
47505,361,-78.28157,1
47515,358,-78.7032,1
47525,358,-78.7032,1
47535,363,-78.00049,1
47545,353,-79.40591,1
47555,363,-78.00049,1
47565,352,-79.54644,1
47575,358,-78.7032,1
47585,359,-78.56265,1
47595,356,-78.98428,1
47605,360,-78.42212,1
47615,363,-78.00049,1
47625,358,-78.7032,1
47635,359,-78.56265,1
47645,360,-78.42212,1
47655,360,-78.42212,1
47665,358,-78.7032,1
47675,355,-79.12482,1
47685,358,-78.7032,1
47695,365,-77.71941,1
47705,361,-78.28157,1
47715,360,-78.42212,1
47725,355,-79.12482,1
47735,363,-78.00049,1
47745,359,-78.56265,1
47755,361,-78.28157,1
47765,363,-78.00049,1
47775,351,-79.68699,1
47785,360,-78.42212,1
47795,358,-78.7032,1
47805,358,-78.7032,1
47815,361,-78.28157,1
47825,360,-78.42212,1
47835,358,-78.7032,1
47845,356,-78.98428,1
47855,356,-78.98428,1
47865,356,-78.98428,1
47875,357,-78.84373,1
47885,359,-78.56265,1
47895,363,-78.00049,1
47905,357,-78.84373,1
47915,363,-78.00049,1
47925,362,-78.14103,1
47935,362,-78.14103,1
47945,363,-78.00049,1
47955,356,-78.98428,1
47965,354,-79.26537,1
47975,361,-78.28157,1
47985,361,-78.28157,1
47995,354,-79.26537,1
48005,358,-78.7032,1
48015,358,-78.7032,1
48025,362,-78.14103,1
48035,357,-78.84373,1
48045,360,-78.42212,1
48055,356,-78.98428,1
48065,355,-79.12482,1
48075,356,-78.98428,1
48085,353,-79.40591,1
48095,359,-78.56265,1
48105,362,-78.14103,1
48115,359,-78.56265,1
48125,361,-78.28157,1
48135,361,-78.28157,1
48145,358,-78.7032,1
48155,358,-78.7032,1
48165,358,-78.7032,1
48175,357,-78.84373,1
48185,360,-78.42212,1
48195,353,-79.40591,1
48205,355,-79.12482,1
48215,354,-79.26537,1
48225,355,-79.12482,1
48235,359,-78.56265,1
48245,363,-78.00049,1
48255,358,-78.7032,1
48265,366,-77.57887,1
48275,353,-79.40591,1
48285,366,-77.57887,1
48295,358,-78.7032,1
48305,361,-78.28157,1
48315,358,-78.7032,1
48325,358,-78.7032,1
48335,361,-78.28157,1
48345,363,-78.00049,1
48355,364,-77.85995,1
48365,363,-78.00049,1
48375,362,-78.14103,1
48385,355,-79.12482,1
48395,355,-79.12482,1
48405,358,-78.7032,1
48415,359,-78.56265,1
48425,357,-78.84373,1
48435,364,-77.85995,1
48445,359,-78.56265,1
48455,355,-79.12482,1
48465,362,-78.14103,1
48475,361,-78.28157,1
48485,362,-78.14103,1
48495,359,-78.56265,1
48505,357,-78.84373,1
48515,358,-78.7032,1
48525,357,-78.84373,1
48535,360,-78.42212,1
48545,358,-78.7032,1
48555,363,-78.00049,1
48565,357,-78.84373,1
48575,361,-78.28157,1
48585,359,-78.56265,1
48595,365,-77.71941,1
48605,366,-77.57887,1
48615,363,-78.00049,1
48625,364,-77.85995,1
48635,358,-78.7032,1
48645,359,-78.56265,1
48655,359,-78.56265,1
48665,360,-78.42212,1
48675,355,-79.12482,1
48685,359,-78.56265,1
48695,361,-78.28157,1
48705,363,-78.00049,1
48715,365,-77.71941,1
48725,360,-78.42212,1
48735,364,-77.85995,1
48745,363,-78.00049,1
48755,360,-78.42212,1
48765,361,-78.28157,1
48775,354,-79.26537,1
48785,359,-78.56265,1
48795,356,-78.98428,1
48805,366,-77.57887,1
48815,365,-77.71941,1
48825,358,-78.7032,1
48835,364,-77.85995,1
48845,361,-78.28157,1
48855,360,-78.42212,1
48865,367,-77.43832,1
48875,361,-78.28157,1
48885,360,-78.42212,1
48895,361,-78.28157,1
48905,362,-78.14103,1
48915,361,-78.28157,1
48925,356,-78.98428,0
48935,361,-78.28157,0
48945,362,-78.14103,0
48955,358,-78.7032,0
48965,361,-78.28157,0
48975,362,-78.14103,0
48985,434,-68.02205,0
48995,446,-66.33555,0
49005,451,-65.63284,0
49015,453,-65.35176,0
49025,446,-66.33555,0
49035,445,-66.47609,0
49045,448,-66.05447,0
49055,457,-64.7896,0
49065,450,-65.77338,0
49075,447,-66.19501,0
49085,449,-65.91393,0
49095,448,-66.05447,0
49105,449,-65.91393,0
49115,451,-65.63284,0
49125,443,-66.75717,0
49135,446,-66.33555,0
49145,451,-65.63284,0
49155,446,-66.33555,0
49165,445,-66.47609,0
49175,447,-66.19501,0
49185,448,-66.05447,0
49195,454,-65.21122,0
49205,452,-65.49229,0
49215,446,-66.33555,0
49225,447,-66.19501,0
49235,452,-65.49229,0
49245,452,-65.49229,0
49255,450,-65.77338,0
49265,455,-65.07068,0
49275,449,-65.91393,0
49285,454,-65.21122,0
49295,453,-65.35176,0
49305,452,-65.49229,0
49315,452,-65.49229,0
49325,451,-65.63284,0
49335,451,-65.63284,0
49345,449,-65.91393,0
49355,450,-65.77338,0
49365,448,-66.05447,0
49375,450,-65.77338,0
49385,448,-66.05447,0
49395,447,-66.19501,0
49405,450,-65.77338,0
49415,444,-66.61664,0
49425,446,-66.33555,0
49435,449,-65.91393,0
49445,449,-65.91393,0
49455,454,-65.21122,0
49465,454,-65.21122,0
49475,450,-65.77338,0
49485,455,-65.07068,0
49495,453,-65.35176,0
49505,446,-66.33555,0
49515,448,-66.05447,0
49525,448,-66.05447,0
49535,451,-65.63284,0
49545,452,-65.49229,0
49555,453,-65.35176,0
49565,457,-64.7896,0
49575,451,-65.63284,0
49585,455,-65.07068,0
49595,449,-65.91393,0
49605,455,-65.07068,0
49615,453,-65.35176,0
49625,448,-66.05447,0
49635,453,-65.35176,0
49645,456,-64.93014,0
49655,440,-67.1788,0
49665,451,-65.63284,0
49675,453,-65.35176,0
49685,448,-66.05447,0
49695,446,-66.33555,0
49705,449,-65.91393,0
49715,449,-65.91393,0
49725,447,-66.19501,0
49735,447,-66.19501,0
49745,453,-65.35176,0
49755,451,-65.63284,0
49765,446,-66.33555,0
49775,450,-65.77338,0
49785,450,-65.77338,0
49795,451,-65.63284,0
49805,451,-65.63284,0
49815,452,-65.49229,0
49825,452,-65.49229,0
49835,450,-65.77338,0
49845,451,-65.63284,0
49855,451,-65.63284,0
49865,455,-65.07068,0
49875,450,-65.77338,0
49885,446,-66.33555,0
49895,444,-66.61664,0
49905,453,-65.35176,0
49915,452,-65.49229,0
49925,446,-66.33555,0
49935,448,-66.05447,0
49945,448,-66.05447,0
49955,449,-65.91393,0
49965,452,-65.49229,0
49975,446,-66.33555,0
49985,452,-65.49229,0
49995,449,-65.91393,0
50005,451,-65.63284,0
50015,454,-65.21122,0
50025,451,-65.63284,0
50035,454,-65.21122,0
50045,449,-65.91393,0
50055,452,-65.49229,0
50065,456,-64.93014,0
50075,450,-65.77338,0
50085,449,-65.91393,0
50095,452,-65.49229,0
50105,456,-64.93014,0
50115,447,-66.19501,0
50125,450,-65.77338,0
50135,452,-65.49229,0
50145,454,-65.21122,0
50155,451,-65.63284,0
50165,454,-65.21122,0
50175,447,-66.19501,0
50185,451,-65.63284,0
50195,452,-65.49229,0
50205,452,-65.49229,0
50215,450,-65.77338,0
50225,446,-66.33555,0
50235,451,-65.63284,0
50245,455,-65.07068,0
50255,451,-65.63284,0
50265,457,-64.7896,0
50275,451,-65.63284,0
50285,452,-65.49229,0
50295,449,-65.91393,0
50305,454,-65.21122,0
50315,452,-65.49229,0
50325,454,-65.21122,0
50335,453,-65.35176,0
50345,451,-65.63284,0
50355,458,-64.64905,0
50365,451,-65.63284,0
50375,450,-65.77338,0
50385,449,-65.91393,0
50395,452,-65.49229,0
50405,450,-65.77338,0
50415,456,-64.93014,0
50425,446,-66.33555,0
50435,453,-65.35176,0
50445,450,-65.77338,0
50455,449,-65.91393,0
50465,446,-66.33555,0
50475,448,-66.05447,0
50485,449,-65.91393,0
50495,450,-65.77338,0
50505,449,-65.91393,0
50515,448,-66.05447,0
50525,444,-66.61664,0
50535,451,-65.63284,0
50545,452,-65.49229,0
50555,453,-65.35176,0
50565,442,-66.89772,0
50575,449,-65.91393,0
50585,456,-64.93014,0
50595,453,-65.35176,0
50605,451,-65.63284,0
50615,447,-66.19501,0
50625,452,-65.49229,0
50635,452,-65.49229,0
50645,458,-64.64905,0
50655,450,-65.77338,0
50665,453,-65.35176,0
50675,451,-65.63284,0
50685,453,-65.35176,0
50695,454,-65.21122,0
50705,456,-64.93014,0
50715,455,-65.07068,0
50725,448,-66.05447,0
50735,452,-65.49229,0
50745,448,-66.05447,0
50755,456,-64.93014,0
50765,454,-65.21122,0
50775,448,-66.05447,0
50785,454,-65.21122,0
50795,451,-65.63284,0
50805,453,-65.35176,0
50815,456,-64.93014,0
50825,452,-65.49229,0
50835,452,-65.49229,0
50845,453,-65.35176,0
50855,452,-65.49229,0
50865,453,-65.35176,0
50875,453,-65.35176,0
50885,457,-64.7896,0
50895,455,-65.07068,0
50905,456,-64.93014,0
50915,459,-64.50851,0
50925,458,-64.64905,0
50935,445,-66.47609,0
50945,453,-65.35176,0
50955,452,-65.49229,0
50965,451,-65.63284,0
50975,451,-65.63284,0
50985,456,-64.93014,0
50995,453,-65.35176,0
51005,453,-65.35176,0
51015,456,-64.93014,0
51025,450,-65.77338,0
51035,454,-65.21122,0
51045,453,-65.35176,0
51055,454,-65.21122,0
51065,457,-64.7896,0
51075,456,-64.93014,0
51085,452,-65.49229,0
51095,454,-65.21122,0
51105,455,-65.07068,0
51115,457,-64.7896,0
51125,460,-64.36797,0
51135,448,-66.05447,0
51145,452,-65.49229,0
51155,453,-65.35176,0
51165,449,-65.91393,0
51175,449,-65.91393,0
51185,458,-64.64905,0
51195,452,-65.49229,0
51205,443,-66.75717,0
51215,449,-65.91393,0
51225,450,-65.77338,0
51235,452,-65.49229,0
51245,452,-65.49229,0
51255,450,-65.77338,0
51265,454,-65.21122,0
51275,454,-65.21122,0
51285,453,-65.35176,0
51295,449,-65.91393,0
51305,450,-65.77338,0
51315,451,-65.63284,0
51325,453,-65.35176,0
51335,451,-65.63284,0
51345,455,-65.07068,0
51355,456,-64.93014,0
51365,461,-64.22743,0
51375,452,-65.49229,0
51385,453,-65.35176,0
51395,452,-65.49229,0
51405,456,-64.93014,0
51415,453,-65.35176,0
51425,455,-65.07068,0
51435,457,-64.7896,0
51445,457,-64.7896,0
51455,449,-65.91393,0
51465,455,-65.07068,0
51475,457,-64.7896,0
51485,454,-65.21122,0
51495,457,-64.7896,0
51505,451,-65.63284,0
51515,454,-65.21122,0
51525,452,-65.49229,0
51535,452,-65.49229,0
51545,451,-65.63284,0
51555,456,-64.93014,0
51565,451,-65.63284,0
51575,458,-64.64905,0
51585,452,-65.49229,0
51595,456,-64.93014,0
51605,454,-65.21122,0
51615,460,-64.36797,0
51625,454,-65.21122,0
51635,456,-64.93014,0
51645,455,-65.07068,0
51655,451,-65.63284,0
51665,459,-64.50851,0
51675,455,-65.07068,0
51685,457,-64.7896,0
51695,452,-65.49229,0
51705,452,-65.49229,0
51715,454,-65.21122,0
51725,453,-65.35176,0
51735,457,-64.7896,0
51745,452,-65.49229,0
51755,449,-65.91393,0
51765,455,-65.07068,0
51775,454,-65.21122,0
51785,457,-64.7896,0
51795,451,-65.63284,0
51805,456,-64.93014,0
51815,458,-64.64905,0
51825,457,-64.7896,0
51835,450,-65.77338,0
51845,457,-64.7896,0
51855,451,-65.63284,0
51865,453,-65.35176,0
51875,454,-65.21122,0
51885,454,-65.21122,0
51895,453,-65.35176,0
51905,448,-66.05447,0
51915,453,-65.35176,0
51925,452,-65.49229,0
51935,452,-65.49229,0
51945,445,-66.47609,1
51955,454,-65.21122,1
51965,455,-65.07068,1
51975,446,-66.33555,1
51985,454,-65.21122,1
51995,439,-67.31934,1
52005,435,-67.88151,1
52015,431,-68.44367,1
52025,432,-68.30313,1
52035,427,-69.00584,1
52045,426,-69.14638,1
52055,418,-70.27071,1
52065,412,-71.11396,1
52075,414,-70.83288,1
52085,409,-71.53558,1
52095,397,-73.22208,1
52105,394,-73.64371,1
52115,391,-74.06533,1
52125,399,-72.941,1
52135,389,-74.34641,1
52145,390,-74.20587,1
52155,384,-75.04912,1
52165,386,-74.76804,1
52175,388,-74.48695,1
52185,383,-75.18967,1
52195,378,-75.89237,1
52205,373,-76.59508,1
52215,373,-76.59508,1
52225,370,-77.0167,1
52235,375,-76.314,1
52245,374,-76.45454,1
52255,371,-76.87616,1
52265,372,-76.73562,1
52275,367,-77.43832,1
52285,375,-76.314,1
52295,362,-78.14103,1
52305,366,-77.57887,1
52315,366,-77.57887,1
52325,367,-77.43832,1
52335,364,-77.85995,1
52345,366,-77.57887,1
52355,368,-77.29778,1
52365,361,-78.28157,1
52375,366,-77.57887,1
52385,361,-78.28157,1
52395,363,-78.00049,1
52405,365,-77.71941,1
52415,365,-77.71941,1
52425,364,-77.85995,1
52435,369,-77.15724,1
52445,363,-78.00049,1
52455,367,-77.43832,1
52465,364,-77.85995,1
52475,365,-77.71941,1
52485,362,-78.14103,1
52495,360,-78.42212,1
52505,364,-77.85995,1
52515,359,-78.56265,1
52525,368,-77.29778,1
52535,359,-78.56265,1
52545,359,-78.56265,1
52555,359,-78.56265,1
52565,361,-78.28157,1
52575,363,-78.00049,1
52585,367,-77.43832,1
52595,363,-78.00049,1
52605,364,-77.85995,1
52615,359,-78.56265,1
52625,364,-77.85995,1
52635,359,-78.56265,1
52645,366,-77.57887,1
52655,364,-77.85995,1
52665,361,-78.28157,1
52675,362,-78.14103,1
52685,356,-78.98428,1
52695,361,-78.28157,1
52705,364,-77.85995,1
52715,362,-78.14103,1
52725,360,-78.42212,1
52735,361,-78.28157,1
52745,362,-78.14103,1
52755,364,-77.85995,1
52765,362,-78.14103,1
52775,368,-77.29778,1
52785,358,-78.7032,1
52795,356,-78.98428,1
52805,362,-78.14103,1
52815,359,-78.56265,1
52825,355,-79.12482,1
52835,361,-78.28157,1
52845,359,-78.56265,1
52855,362,-78.14103,1
52865,356,-78.98428,1
52875,361,-78.28157,1
52885,361,-78.28157,1
52895,361,-78.28157,1
52905,362,-78.14103,1
52915,359,-78.56265,1
52925,361,-78.28157,1
52935,360,-78.42212,1
52945,355,-79.12482,1
52955,362,-78.14103,1
52965,360,-78.42212,1
52975,357,-78.84373,1
52985,361,-78.28157,1
52995,361,-78.28157,1
53005,355,-79.12482,1
53015,360,-78.42212,1
53025,360,-78.42212,1
53035,360,-78.42212,1
53045,361,-78.28157,1
53055,358,-78.7032,1
53065,358,-78.7032,1
53075,360,-78.42212,1
53085,362,-78.14103,1
53095,360,-78.42212,1
53105,357,-78.84373,1
53115,358,-78.7032,1
53125,360,-78.42212,1
53135,362,-78.14103,1
53145,356,-78.98428,1
53155,362,-78.14103,1
53165,360,-78.42212,1
53175,358,-78.7032,1
53185,361,-78.28157,1
53195,359,-78.56265,1
53205,357,-78.84373,1
53215,363,-78.00049,1
53225,360,-78.42212,1
53235,360,-78.42212,1
53245,353,-79.40591,1
53255,360,-78.42212,1
53265,358,-78.7032,1
53275,361,-78.28157,1
53285,357,-78.84373,1
53295,352,-79.54644,1
53305,363,-78.00049,1
53315,359,-78.56265,1
53325,357,-78.84373,1
53335,360,-78.42212,1
53345,359,-78.56265,1
53355,358,-78.7032,1
53365,359,-78.56265,1
53375,351,-79.68699,1
53385,359,-78.56265,1
53395,360,-78.42212,1
53405,360,-78.42212,1
53415,360,-78.42212,1
53425,359,-78.56265,1
53435,361,-78.28157,1
53445,355,-79.12482,1
53455,361,-78.28157,1
53465,364,-77.85995,1
53475,362,-78.14103,1
53485,361,-78.28157,1
53495,359,-78.56265,1
53505,359,-78.56265,1
53515,359,-78.56265,1
53525,362,-78.14103,1
53535,358,-78.7032,1
53545,359,-78.56265,1
53555,359,-78.56265,1
53565,358,-78.7032,1
53575,362,-78.14103,1
53585,362,-78.14103,1
53595,360,-78.42212,1
53605,358,-78.7032,1
53615,364,-77.85995,1
53625,360,-78.42212,1
53635,366,-77.57887,1
53645,357,-78.84373,1
53655,359,-78.56265,1
53665,359,-78.56265,1
53675,364,-77.85995,1
53685,357,-78.84373,1
53695,358,-78.7032,1
53705,367,-77.43832,1
53715,358,-78.7032,1
53725,355,-79.12482,1
53735,362,-78.14103,1
53745,357,-78.84373,1
53755,361,-78.28157,1
53765,361,-78.28157,1
53775,362,-78.14103,1
53785,365,-77.71941,1
53795,357,-78.84373,1
53805,358,-78.7032,1
53815,357,-78.84373,1
53825,359,-78.56265,1
53835,364,-77.85995,1
53845,359,-78.56265,1
53855,361,-78.28157,1
53865,362,-78.14103,1
53875,363,-78.00049,1
53885,365,-77.71941,1
53895,349,-79.96807,1
53905,361,-78.28157,1
53915,358,-78.7032,1
53925,361,-78.28157,1
53935,360,-78.42212,1
53945,365,-77.71941,1
53955,358,-78.7032,1
53965,364,-77.85995,1
53975,361,-78.28157,1
53985,359,-78.56265,1
53995,358,-78.7032,1
54005,355,-79.12482,1
54015,362,-78.14103,1
54025,359,-78.56265,1
54035,354,-79.26537,1
54045,355,-79.12482,1
54055,363,-78.00049,1
54065,362,-78.14103,1
54075,365,-77.71941,1
54085,362,-78.14103,1
54095,360,-78.42212,1
54105,363,-78.00049,1
54115,363,-78.00049,1
54125,358,-78.7032,1
54135,368,-77.29778,1
54145,360,-78.42212,1
54155,365,-77.71941,1
54165,358,-78.7032,1
54175,363,-78.00049,1
54185,355,-79.12482,1
54195,355,-79.12482,1
54205,360,-78.42212,1
54215,362,-78.14103,1
54225,356,-78.98428,1
54235,369,-77.15724,1
54245,360,-78.42212,1
54255,360,-78.42212,1
54265,359,-78.56265,1
54275,358,-78.7032,1
54285,360,-78.42212,1
54295,360,-78.42212,1
54305,363,-78.00049,1
54315,363,-78.00049,1
54325,365,-77.71941,1
54335,363,-78.00049,1
54345,358,-78.7032,1
54355,367,-77.43832,1
54365,360,-78.42212,1
54375,364,-77.85995,1
54385,362,-78.14103,1
54395,360,-78.42212,1
54405,359,-78.56265,1
54415,360,-78.42212,1
54425,363,-78.00049,1
54435,365,-77.71941,1
54445,358,-78.7032,1
54455,359,-78.56265,1
54465,359,-78.56265,1
54475,363,-78.00049,1
54485,361,-78.28157,1
54495,364,-77.85995,1
54505,364,-77.85995,1
54515,362,-78.14103,1
54525,361,-78.28157,1
54535,362,-78.14103,1
54545,358,-78.7032,1
54555,361,-78.28157,1
54565,361,-78.28157,1
54575,364,-77.85995,1
54585,360,-78.42212,1
54595,356,-78.98428,1
54605,364,-77.85995,1
54615,359,-78.56265,1
54625,365,-77.71941,1
54635,360,-78.42212,1
54645,364,-77.85995,1
54655,361,-78.28157,1
54665,364,-77.85995,1
54675,359,-78.56265,1
54685,364,-77.85995,1
54695,358,-78.7032,1
54705,361,-78.28157,1
54715,363,-78.00049,1
54725,360,-78.42212,1
54735,361,-78.28157,1
54745,358,-78.7032,1
54755,358,-78.7032,1
54765,359,-78.56265,1
54775,361,-78.28157,1
54785,361,-78.28157,1
54795,361,-78.28157,1
54805,365,-77.71941,1
54815,361,-78.28157,1
54825,363,-78.00049,1
54835,363,-78.00049,1
54845,362,-78.14103,1
54855,364,-77.85995,1
54865,361,-78.28157,1
54875,361,-78.28157,1
54885,364,-77.85995,1
54895,363,-78.00049,1
54905,359,-78.56265,1
54915,357,-78.84373,1
54925,366,-77.57887,1
54935,362,-78.14103,1
54945,363,-78.00049,1
54955,361,-78.28157,1
54965,362,-78.14103,1
54975,361,-78.28157,1
54985,353,-79.40591,1
54995,356,-78.98428,1
55005,364,-77.85995,1
55015,363,-78.00049,1
55025,366,-77.57887,1
55035,362,-78.14103,1
55045,361,-78.28157,1
55055,367,-77.43832,1
55065,363,-78.00049,1
55075,362,-78.14103,1
55085,367,-77.43832,1
55095,359,-78.56265,1
55105,365,-77.71941,1
55115,361,-78.28157,0
55125,364,-77.85995,1
55135,369,-77.15724,1
55145,359,-78.56265,1
55155,367,-77.43832,1
55165,363,-78.00049,1
55175,427,-69.00584,1
55185,444,-66.61664,1
55195,474,-62.40039,1
55205,569,-49.04895,1
55215,654,-37.10293,1
55225,729,-26.56232,1
55235,805,-15.88116,1
55245,871,-6.605446,1
55255,921,0.421631,1
55265,947,4.075722,1
55275,1009,12.78928,1
55285,1065,20.65961,0
55295,1099,25.43801,0
55305,1103,26.00018,0
55315,1102,25.85963,0
55325,1093,24.59475,0
55335,1045,17.84879,0
55345,1027,15.31904,0
55355,1037,16.72444,0
55365,1024,14.89741,0
55375,1034,16.30281,0
55385,1025,15.03793,0
55395,1028,15.45956,0
55405,1027,15.31904,0
55415,1019,14.19469,0
55425,1024,14.89741,0
55435,1014,13.49198,0
55445,1022,14.61633,0
55455,1023,14.75686,0
55465,1014,13.49198,0
55475,1023,14.75686,0
55485,1032,16.02173,0
55495,1023,14.75686,0
55505,1019,14.19469,0
55515,1029,15.60012,0
55525,1025,15.03793,0
55535,1027,15.31904,0
55545,1024,14.89741,0
55555,1018,14.05417,0
55565,1019,14.19469,0
55575,1025,15.03793,0
55585,1026,15.17849,0
55595,1019,14.19469,0
55605,1028,15.45956,0
55615,1021,14.47578,0
55625,1015,13.63254,0
55635,1018,14.05417,0
55645,1019,14.19469,0
55655,1014,13.49198,0
55665,1024,14.89741,0
55675,1025,15.03793,0
55685,1021,14.47578,0
55695,1022,14.61633,0
55705,1022,14.61633,0
55715,1014,13.49198,0
55725,1021,14.47578,0
55735,1019,14.19469,0
55745,1028,15.45956,0
55755,1017,13.91361,0
55765,1023,14.75686,0
55775,1026,15.17849,0
55785,1021,14.47578,0
55795,1017,13.91361,0
55805,1015,13.63254,0
55815,1014,13.49198,0
55825,1015,13.63254,0
55835,1023,14.75686,0
55845,1014,13.49198,0
55855,1014,13.49198,0
55865,1017,13.91361,0
55875,1020,14.33523,0
55885,1015,13.63254,0
55895,1018,14.05417,0
55905,1015,13.63254,0
55915,1017,13.91361,0
55925,1019,14.19469,0
55935,1017,13.91361,0
55945,1016,13.77306,0
55955,1017,13.91361,0
55965,1011,13.07035,0
55975,1010,12.92982,0
55985,1016,13.77306,0
55995,1013,13.35146,0
56005,1011,13.07035,0
56015,1008,12.64874,0
56025,1005,12.22711,0
56035,995,10.82171,0
56045,1006,12.36766,0
56055,1009,12.78928,0
56065,996,10.96224,0
56075,1006,12.36766,0
56085,1002,11.80548,0
56095,1001,11.66496,0
56105,999,11.38387,0
56115,997,11.10279,0
56125,1002,11.80548,0
56135,1000,11.5244,0
56145,994,10.68116,0
56155,993,10.54061,0
56165,987,9.697365,0
56175,989,9.978447,0
56185,985,9.41629,0
56195,978,8.432495,0
56205,979,8.573029,0
56215,978,8.432495,0
56225,983,9.135208,0
56235,985,9.41629,0
56245,973,7.729782,0
56255,981,8.854126,0
56265,970,7.308151,0
56275,974,7.870338,0
56285,976,8.151413,0
56295,973,7.729782,0
56305,973,7.729782,0
56315,975,8.010864,0
56325,967,6.886543,0
56335,966,6.745995,0
56345,961,6.043282,0
56355,959,5.762199,0
56365,953,4.918961,0
56375,960,5.902756,0
56385,955,5.200043,0
56395,950,4.49733,0
56405,950,4.49733,0
56415,943,3.513535,0
56425,949,4.356804,0
56435,946,3.935165,0
56445,947,4.075722,0
56455,940,3.091927,0
56465,947,4.075722,0
56475,946,3.935165,0
56485,948,4.216248,0
56495,945,3.79464,0
56505,942,3.373009,0
56515,940,3.091927,0
56525,941,3.23246,0
56535,950,4.49733,0
56545,950,4.49733,0
56555,945,3.79464,0
56565,938,2.810829,0
56575,946,3.935165,0
56585,948,4.216248,0
56595,943,3.513535,0
56605,940,3.091927,0
56615,934,2.248665,0
56625,950,4.49733,0
56635,941,3.23246,0
56645,948,4.216248,0
56655,943,3.513535,0
56665,939,2.951378,0
56675,945,3.79464,0
56685,943,3.513535,0
56695,947,4.075722,0
56705,947,4.075722,0
56715,946,3.935165,0
56725,942,3.373009,0
56735,944,3.654091,0
56745,948,4.216248,0
56755,941,3.23246,0
56765,948,4.216248,0
56775,948,4.216248,0
56785,944,3.654091,0
56795,937,2.670296,0
56805,954,5.059509,0
56815,936,2.52977,0
56825,948,4.216248,0
56835,945,3.79464,0
56845,943,3.513535,0
56855,942,3.373009,0
56865,942,3.373009,0
56875,946,3.935165,0
56885,945,3.79464,0
56895,945,3.79464,0
56905,947,4.075722,0
56915,942,3.373009,0
56925,938,2.810829,0
56935,936,2.52977,0
56945,947,4.075722,0
56955,939,2.951378,0
56965,940,3.091927,0
56975,942,3.373009,0
56985,948,4.216248,0
56995,951,4.637878,0
57005,945,3.79464,0
57015,943,3.513535,0
57025,944,3.654091,0
57035,949,4.356804,0
57045,945,3.79464,0
57055,946,3.935165,0
57065,936,2.52977,0
57075,945,3.79464,0
57085,945,3.79464,0
57095,951,4.637878,0
57105,944,3.654091,0
57115,939,2.951378,0
57125,949,4.356804,0
57135,946,3.935165,0
57145,944,3.654091,0
57155,942,3.373009,0
57165,939,2.951378,0
57175,941,3.23246,0
57185,936,2.52977,0
57195,950,4.49733,0
57205,944,3.654091,0
57215,940,3.091927,0
57225,947,4.075722,0
57235,944,3.654091,0
57245,945,3.79464,0
57255,947,4.075722,0
57265,942,3.373009,0
57275,945,3.79464,0
57285,948,4.216248,0
57295,943,3.513535,0
57305,948,4.216248,0
57315,939,2.951378,0
57325,942,3.373009,0
57335,952,4.778412,0
57345,940,3.091927,0
57355,947,4.075722,0
57365,937,2.670296,0
57375,945,3.79464,0
57385,940,3.091927,0
57395,948,4.216248,0
57405,942,3.373009,0
57415,938,2.810829,0
57425,946,3.935165,0
57435,934,2.248665,0
57445,947,4.075722,0
57455,948,4.216248,0
57465,942,3.373009,0
57475,948,4.216248,0
57485,948,4.216248,0
57495,948,4.216248,0
57505,942,3.373009,0
57515,938,2.810829,0
57525,947,4.075722,0
57535,949,4.356804,0
57545,943,3.513535,0
57555,944,3.654091,0
57565,944,3.654091,0
57575,951,4.637878,0
57585,947,4.075722,0
57595,945,3.79464,0
57605,944,3.654091,0
57615,934,2.248665,0
57625,942,3.373009,0
57635,944,3.654091,0
57645,942,3.373009,0
57655,949,4.356804,0
57665,943,3.513535,0
57675,948,4.216248,0
57685,945,3.79464,0
57695,950,4.49733,0
57705,944,3.654091,0
57715,941,3.23246,0
57725,941,3.23246,0
57735,942,3.373009,0
57745,944,3.654091,0
57755,945,3.79464,0
57765,945,3.79464,0
57775,944,3.654091,0
57785,946,3.935165,0
57795,943,3.513535,0
57805,947,4.075722,0
57815,942,3.373009,0
57825,944,3.654091,0
57835,933,2.108139,0
57845,944,3.654091,0
57855,944,3.654091,0
57865,941,3.23246,0
57875,949,4.356804,0
57885,941,3.23246,0
57895,948,4.216248,0
57905,950,4.49733,0
57915,936,2.52977,0
57925,945,3.79464,0
57935,950,4.49733,0
57945,950,4.49733,0
57955,945,3.79464,0
57965,938,2.810829,0
57975,944,3.654091,0
57985,951,4.637878,0
57995,947,4.075722,0
58005,949,4.356804,0
58015,938,2.810829,0
58025,940,3.091927,0
58035,947,4.075722,0
58045,948,4.216248,0
58055,949,4.356804,0
58065,944,3.654091,0
58075,948,4.216248,0
58085,947,4.075722,0
58095,951,4.637878,0
58105,946,3.935165,0
58115,941,3.23246,0
58125,943,3.513535,0
58135,948,4.216248,0
58145,943,3.513535,0
58155,942,3.373009,0
58165,939,2.951378,0
58175,946,3.935165,0
58185,940,3.091927,0
58195,941,3.23246,0
58205,944,3.654091,0
58215,941,3.23246,0
58225,949,4.356804,0
58235,947,4.075722,0
58245,950,4.49733,0
58255,936,2.52977,0
58265,935,2.389214,0
58275,939,2.951378,0
58285,940,3.091927,0
58295,945,3.79464,0
58305,939,2.951378,0
58315,939,2.951378,0
58325,938,2.810829,0
58335,947,4.075722,0
58345,937,2.670296,0
58355,947,4.075722,0
58365,942,3.373009,0
58375,948,4.216248,0
58385,937,2.670296,0
58395,945,3.79464,0
58405,938,2.810829,0
58415,944,3.654091,0
58425,941,3.23246,0
58435,941,3.23246,0
58445,942,3.373009,0
58455,943,3.513535,0
58465,936,2.52977,0
58475,939,2.951378,0
58485,938,2.810829,0
58495,937,2.670296,0
58505,938,2.810829,0
58515,939,2.951378,0
58525,939,2.951378,0
58535,936,2.52977,0
58545,936,2.52977,0
58555,941,3.23246,0
58565,934,2.248665,0
58575,938,2.810829,0
58585,941,3.23246,0
58595,934,2.248665,0
58605,940,3.091927,0
58615,934,2.248665,0
58625,943,3.513535,0
58635,937,2.670296,0
58645,942,3.373009,0
58655,938,2.810829,0
58665,940,3.091927,0
58675,949,4.356804,0
58685,942,3.373009,0
58695,946,3.935165,0
58705,942,3.373009,0
58715,940,3.091927,0
58725,941,3.23246,0
58735,940,3.091927,0
58745,944,3.654091,0
58755,944,3.654091,0
58765,941,3.23246,0
58775,939,2.951378,0
58785,941,3.23246,0
58795,942,3.373009,0
58805,939,2.951378,0
58815,943,3.513535,0
58825,942,3.373009,0
58835,938,2.810829,0
58845,934,2.248665,0
58855,934,2.248665,0
58865,941,3.23246,0
58875,948,4.216248,0
58885,936,2.52977,0
58895,939,2.951378,0
58905,939,2.951378,0
58915,938,2.810829,0
58925,935,2.389214,0
58935,945,3.79464,0
58945,946,3.935165,0
58955,936,2.52977,0
58965,939,2.951378,0
58975,936,2.52977,0
58985,937,2.670296,0
58995,944,3.654091,0
59005,936,2.52977,0
59015,940,3.091927,0
59025,933,2.108139,0
59035,942,3.373009,0
59045,938,2.810829,0
59055,939,2.951378,0
59065,939,2.951378,0
59075,935,2.389214,0
59085,937,2.670296,0
59095,930,1.686508,0
59105,937,2.670296,0
59115,939,2.951378,0
59125,942,3.373009,0
59135,941,3.23246,0
59145,943,3.513535,0
59155,943,3.513535,0
59165,939,2.951378,0
59175,935,2.389214,0
59185,934,2.248665,0
59195,936,2.52977,0
59205,938,2.810829,0
59215,940,3.091927,0
59225,944,3.654091,0
59235,936,2.52977,0
59245,949,4.356804,0
59255,937,2.670296,0
59265,941,3.23246,0
59275,940,3.091927,0
59285,943,3.513535,0
59295,944,3.654091,0
59305,942,3.373009,0
59315,935,2.389214,0
59325,936,2.52977,0
59335,941,3.23246,0
59345,939,2.951378,0
59355,946,3.935165,0
59365,938,2.810829,0
59375,934,2.248665,0
59385,943,3.513535,0
59395,940,3.091927,0
59405,942,3.373009,0
59415,939,2.951378,0
59425,944,3.654091,0
59435,935,2.389214,0
59445,940,3.091927,0
59455,950,4.49733,0
59465,947,4.075722,0
59475,935,2.389214,0
59485,941,3.23246,0
59495,944,3.654091,0
59505,941,3.23246,0
59515,943,3.513535,0
59525,937,2.670296,0
59535,944,3.654091,0
59545,939,2.951378,0
59555,946,3.935165,0
59565,935,2.389214,0
59575,945,3.79464,0
59585,939,2.951378,0
59595,937,2.670296,0
59605,948,4.216248,0
59615,941,3.23246,0
59625,939,2.951378,0
59635,939,2.951378,0
59645,933,2.108139,0
59655,942,3.373009,0
59665,941,3.23246,0
59675,947,4.075722,0
59685,940,3.091927,0
59695,944,3.654091,0
59705,944,3.654091,0
59715,939,2.951378,0
59725,939,2.951378,0
59735,940,3.091927,0
59745,944,3.654091,0
59755,945,3.79464,0
59765,939,2.951378,0
59775,939,2.951378,0
59785,941,3.23246,0
59795,939,2.951378,0
59805,945,3.79464,0
59815,939,2.951378,0
59825,937,2.670296,0
59835,945,3.79464,0
59845,936,2.52977,0
59855,944,3.654091,0
59865,935,2.389214,0
59875,950,4.49733,0
59885,934,2.248665,0
59895,947,4.075722,0
59905,939,2.951378,0
59915,940,3.091927,0
59925,936,2.52977,0
59935,937,2.670296,0
59945,946,3.935165,0
59955,939,2.951378,0
59965,939,2.951378,0
59975,945,3.79464,0
59985,942,3.373009,0
59995,942,3.373009,0
60005,947,4.075722,0
60015,942,3.373009,0
60025,935,2.389214,0
60035,941,3.23246,0
60045,950,4.49733,0
60055,946,3.935165,0
60065,939,2.951378,0
60075,950,4.49733,0
60085,943,3.513535,0
60095,943,3.513535,0
60105,946,3.935165,0
60115,947,4.075722,0
60125,946,3.935165,0
60135,939,2.951378,0
60145,941,3.23246,0
60155,947,4.075722,0
60165,942,3.373009,0
60175,947,4.075722,0
60185,943,3.513535,0
60195,944,3.654091,0
60205,940,3.091927,0
60215,944,3.654091,0
60225,948,4.216248,0
60235,937,2.670296,0
60245,942,3.373009,0
60255,944,3.654091,0
60265,941,3.23246,0
60275,942,3.373009,0
60285,941,3.23246,0
60295,945,3.79464,0
60305,940,3.091927,0
60315,943,3.513535,0
60325,940,3.091927,0
60335,945,3.79464,1
60345,941,3.23246,1
60355,941,3.23246,1
60365,941,3.23246,1
60375,936,2.52977,1
60385,942,3.373009,1
60395,945,3.79464,1
60405,940,3.091927,1
60415,939,2.951378,1
60425,939,2.951378,1
60435,938,2.810829,1
60445,904,-1.967567,1
60455,869,-6.88652,1
60465,825,-13.07034,1
60475,794,-17.42713,1
60485,772,-20.51904,1
60495,735,-25.71908,1
60505,705,-29.93533,1
60515,681,-33.30831,1
60525,661,-36.11914,1
60535,651,-37.52456,1
60545,632,-40.19484,1
60555,607,-43.70838,1
60565,591,-45.95704,1
60575,575,-48.20571,1
60585,560,-50.31382,1
60595,553,-51.29762,1
60605,540,-53.12466,1
60615,521,-55.79494,1
60625,517,-56.35711,1
60635,496,-59.30848,1
60645,485,-60.85444,1
60655,487,-60.57335,1
60665,470,-62.96255,1
60675,470,-62.96255,1
60685,462,-64.08688,1
60695,454,-65.21122,1
60705,451,-65.63284,1
60715,438,-67.45988,1
60725,443,-66.75717,1
60735,438,-67.45988,1
60745,429,-68.72475,1
60755,426,-69.14638,1
60765,424,-69.42747,1
60775,423,-69.568,1
60785,419,-70.13017,1
60795,410,-71.39504,1
60805,409,-71.53558,1
60815,401,-72.65991,1
60825,402,-72.51937,1
60835,397,-73.22208,1
60845,397,-73.22208,1
60855,395,-73.50316,1
60865,387,-74.62749,1
60875,387,-74.62749,1
60885,390,-74.20587,1
60895,382,-75.3302,1
60905,381,-75.47075,1
60915,378,-75.89237,1
60925,384,-75.04912,1
60935,377,-76.03291,1
60945,377,-76.03291,1
60955,374,-76.45454,1
60965,376,-76.17345,1
60975,368,-77.29778,1
60985,375,-76.314,1
60995,365,-77.71941,1
61005,365,-77.71941,1
61015,364,-77.85995,1
61025,369,-77.15724,1
61035,367,-77.43832,1
61045,363,-78.00049,1
61055,369,-77.15724,1
61065,365,-77.71941,1
61075,368,-77.29778,1
61085,367,-77.43832,1
61095,367,-77.43832,1
61105,366,-77.57887,1
61115,359,-78.56265,1
61125,364,-77.85995,1
61135,364,-77.85995,1
61145,358,-78.7032,1
61155,363,-78.00049,1
61165,363,-78.00049,1
61175,366,-77.57887,1
61185,364,-77.85995,1
61195,359,-78.56265,1
61205,352,-79.54644,1
61215,363,-78.00049,1
61225,366,-77.57887,1
61235,361,-78.28157,1
61245,362,-78.14103,1
61255,362,-78.14103,1
61265,363,-78.00049,1
61275,359,-78.56265,1
61285,364,-77.85995,1
61295,365,-77.71941,1
61305,364,-77.85995,1
61315,363,-78.00049,1
61325,361,-78.28157,1
61335,362,-78.14103,1
61345,364,-77.85995,1
61355,359,-78.56265,1
61365,359,-78.56265,1
61375,362,-78.14103,1
61385,364,-77.85995,1
61395,362,-78.14103,1
61405,357,-78.84373,1
61415,357,-78.84373,1
61425,359,-78.56265,1
61435,363,-78.00049,1
61445,360,-78.42212,1
61455,358,-78.7032,1
61465,354,-79.26537,1
61475,358,-78.7032,1
61485,359,-78.56265,1
61495,361,-78.28157,1
61505,363,-78.00049,1
61515,364,-77.85995,1
61525,363,-78.00049,1
61535,357,-78.84373,1
61545,358,-78.7032,1
61555,360,-78.42212,1
61565,361,-78.28157,1
61575,360,-78.42212,1
61585,358,-78.7032,1
61595,361,-78.28157,1
61605,352,-79.54644,1
61615,361,-78.28157,1
61625,355,-79.12482,1
61635,364,-77.85995,1
61645,357,-78.84373,1
61655,362,-78.14103,1
61665,356,-78.98428,1
61675,362,-78.14103,1
61685,359,-78.56265,1
61695,358,-78.7032,1
61705,356,-78.98428,1
61715,357,-78.84373,1
61725,353,-79.40591,1
61735,356,-78.98428,1
61745,358,-78.7032,1
61755,354,-79.26537,1
61765,359,-78.56265,1
61775,357,-78.84373,1
61785,357,-78.84373,1
61795,357,-78.84373,1
61805,357,-78.84373,1
61815,358,-78.7032,1
61825,362,-78.14103,1
61835,353,-79.40591,1
61845,357,-78.84373,1
61855,363,-78.00049,1
61865,359,-78.56265,1
61875,362,-78.14103,1
61885,358,-78.7032,1
61895,360,-78.42212,1
61905,359,-78.56265,1
61915,359,-78.56265,1
61925,359,-78.56265,1
61935,360,-78.42212,1
61945,359,-78.56265,1
61955,358,-78.7032,1
61965,362,-78.14103,1
61975,354,-79.26537,1
61985,359,-78.56265,1
61995,357,-78.84373,1
62005,361,-78.28157,1
62015,359,-78.56265,1
62025,360,-78.42212,1
62035,359,-78.56265,1
62045,358,-78.7032,1
62055,355,-79.12482,1
62065,360,-78.42212,1
62075,356,-78.98428,1
62085,360,-78.42212,1
62095,355,-79.12482,1
62105,357,-78.84373,1
62115,359,-78.56265,1
62125,364,-77.85995,1
62135,354,-79.26537,1
62145,356,-78.98428,1
62155,356,-78.98428,1
62165,361,-78.28157,1
62175,364,-77.85995,1
62185,360,-78.42212,1
62195,361,-78.28157,1
62205,361,-78.28157,1
62215,360,-78.42212,1
62225,357,-78.84373,1
62235,359,-78.56265,1
62245,357,-78.84373,1
62255,362,-78.14103,1
62265,355,-79.12482,1
62275,367,-77.43832,1
62285,357,-78.84373,1
62295,359,-78.56265,1
62305,357,-78.84373,1
62315,355,-79.12482,1
62325,360,-78.42212,1
62335,358,-78.7032,1
62345,369,-77.15724,1
62355,354,-79.26537,1
62365,359,-78.56265,1
62375,364,-77.85995,1
62385,360,-78.42212,1
62395,362,-78.14103,1
62405,359,-78.56265,1
62415,361,-78.28157,1
62425,364,-77.85995,1
62435,362,-78.14103,1
62445,360,-78.42212,1
62455,358,-78.7032,1
62465,357,-78.84373,1
62475,358,-78.7032,1
62485,363,-78.00049,1
62495,365,-77.71941,1
62505,362,-78.14103,1
62515,366,-77.57887,1
62525,368,-77.29778,1
62535,360,-78.42212,1
62545,365,-77.71941,1
62555,361,-78.28157,1
62565,364,-77.85995,1
62575,362,-78.14103,1
62585,360,-78.42212,1
62595,361,-78.28157,1
62605,365,-77.71941,1
62615,359,-78.56265,1
62625,364,-77.85995,1
62635,358,-78.7032,1
62645,364,-77.85995,1
62655,360,-78.42212,1
62665,360,-78.42212,1
62675,361,-78.28157,1
62685,359,-78.56265,1
62695,361,-78.28157,1
62705,358,-78.7032,1
62715,359,-78.56265,1
62725,362,-78.14103,1
62735,365,-77.71941,1
62745,356,-78.98428,1
62755,355,-79.12482,1
62765,359,-78.56265,1
62775,362,-78.14103,1
62785,362,-78.14103,1
62795,359,-78.56265,1
62805,364,-77.85995,1
62815,364,-77.85995,1
62825,360,-78.42212,1
62835,357,-78.84373,1
62845,366,-77.57887,1
62855,363,-78.00049,1
62865,368,-77.29778,1
62875,360,-78.42212,1
62885,360,-78.42212,1
62895,360,-78.42212,1
62905,360,-78.42212,1
62915,361,-78.28157,1
62925,364,-77.85995,1
62935,359,-78.56265,1
62945,358,-78.7032,1
62955,361,-78.28157,1
62965,360,-78.42212,1
62975,362,-78.14103,1
62985,363,-78.00049,1
62995,362,-78.14103,1
63005,355,-79.12482,1
63015,363,-78.00049,1
63025,360,-78.42212,1
63035,364,-77.85995,1
63045,359,-78.56265,1
63055,365,-77.71941,1
63065,366,-77.57887,1
63075,366,-77.57887,1
63085,360,-78.42212,1
63095,359,-78.56265,1
63105,363,-78.00049,1
63115,368,-77.29778,1
63125,359,-78.56265,1
63135,363,-78.00049,1
63145,359,-78.56265,1
63155,365,-77.71941,1
63165,363,-78.00049,1
63175,367,-77.43832,1
63185,360,-78.42212,1
63195,361,-78.28157,1
63205,358,-78.7032,1
63215,361,-78.28157,1
63225,358,-78.7032,1
63235,354,-79.26537,1
63245,361,-78.28157,1
63255,364,-77.85995,1
63265,364,-77.85995,1
63275,363,-78.00049,1
63285,360,-78.42212,1
63295,370,-77.0167,1
63305,364,-77.85995,1
63315,362,-78.14103,1
63325,367,-77.43832,1
63335,358,-78.7032,1
63345,362,-78.14103,1
63355,361,-78.28157,1
63365,363,-78.00049,1
63375,361,-78.28157,1
63385,355,-79.12482,1
63395,365,-77.71941,1
63405,363,-78.00049,1
63415,359,-78.56265,1
63425,366,-77.57887,1
63435,360,-78.42212,1
63445,365,-77.71941,1
63455,360,-78.42212,1
63465,361,-78.28157,1
63475,360,-78.42212,1
63485,360,-78.42212,1
63495,365,-77.71941,1
63505,362,-78.14103,1
63515,365,-77.71941,1
63525,360,-78.42212,1
63535,365,-77.71941,1
63545,365,-77.71941,1
63555,359,-78.56265,1
63565,356,-78.98428,1
63575,360,-78.42212,1
63585,363,-78.00049,1
63595,363,-78.00049,1
63605,360,-78.42212,1
63615,363,-78.00049,1
63625,361,-78.28157,1
63635,362,-78.14103,1
63645,363,-78.00049,1
63655,362,-78.14103,1
63665,366,-77.57887,1
63675,362,-78.14103,1
63685,360,-78.42212,1
63695,366,-77.57887,1
63705,366,-77.57887,1
63715,368,-77.29778,1
63725,364,-77.85995,1
63735,365,-77.71941,1
63745,364,-77.85995,1
63755,362,-78.14103,1
63765,358,-78.7032,1
63775,359,-78.56265,0
63785,366,-77.57887,0
63795,363,-78.00049,0
63805,357,-78.84373,0
63815,365,-77.71941,0
63825,364,-77.85995,0
63835,366,-77.57887,0
63845,423,-69.568,0
63855,447,-66.19501,0
63865,449,-65.91393,0
63875,456,-64.93014,0
63885,452,-65.49229,0
63895,454,-65.21122,0
63905,454,-65.21122,0
63915,459,-64.50851,0
63925,453,-65.35176,0
63935,452,-65.49229,0
63945,450,-65.77338,0
63955,451,-65.63284,0
63965,457,-64.7896,0
63975,454,-65.21122,0
63985,453,-65.35176,0
63995,449,-65.91393,0
64005,452,-65.49229,0
64015,455,-65.07068,0
64025,451,-65.63284,0
64035,458,-64.64905,0
64045,452,-65.49229,0
64055,451,-65.63284,0
64065,457,-64.7896,0
64075,456,-64.93014,0
64085,450,-65.77338,0
64095,456,-64.93014,0
64105,456,-64.93014,0
64115,456,-64.93014,0
64125,454,-65.21122,0
64135,457,-64.7896,0
64145,461,-64.22743,0
64155,458,-64.64905,0
64165,452,-65.49229,0
64175,458,-64.64905,0
64185,455,-65.07068,0
64195,455,-65.07068,0
64205,445,-66.47609,0
64215,455,-65.07068,0
64225,450,-65.77338,0
64235,452,-65.49229,0
64245,454,-65.21122,0
64255,458,-64.64905,0
64265,457,-64.7896,0
64275,456,-64.93014,0
64285,453,-65.35176,0
64295,458,-64.64905,0
64305,458,-64.64905,0
64315,454,-65.21122,0
64325,455,-65.07068,0
64335,455,-65.07068,0
64345,456,-64.93014,0
64355,451,-65.63284,0
64365,456,-64.93014,0
64375,458,-64.64905,0
64385,457,-64.7896,0
64395,454,-65.21122,0
64405,454,-65.21122,0
64415,446,-66.33555,0
64425,453,-65.35176,0
64435,460,-64.36797,0
64445,454,-65.21122,0
64455,453,-65.35176,0
64465,456,-64.93014,0
64475,456,-64.93014,0
64485,447,-66.19501,0
64495,457,-64.7896,0
64505,458,-64.64905,0
64515,457,-64.7896,0
64525,457,-64.7896,0
64535,454,-65.21122,0
64545,449,-65.91393,0
64555,448,-66.05447,0
64565,454,-65.21122,0
64575,456,-64.93014,0
64585,450,-65.77338,0
64595,455,-65.07068,0
64605,448,-66.05447,0
64615,457,-64.7896,0
64625,458,-64.64905,0
64635,453,-65.35176,0
64645,458,-64.64905,0
64655,458,-64.64905,0
64665,457,-64.7896,0
64675,460,-64.36797,0
64685,455,-65.07068,0
64695,454,-65.21122,0
64705,456,-64.93014,0
64715,459,-64.50851,0
64725,456,-64.93014,0
64735,450,-65.77338,0
64745,458,-64.64905,0
64755,448,-66.05447,0
64765,452,-65.49229,0
64775,456,-64.93014,0
64785,451,-65.63284,0
64795,453,-65.35176,0
64805,459,-64.50851,0
64815,459,-64.50851,0
64825,462,-64.08688,0
64835,457,-64.7896,0
64845,450,-65.77338,0
64855,454,-65.21122,0
64865,456,-64.93014,0
64875,454,-65.21122,0
64885,457,-64.7896,0
64895,455,-65.07068,0
64905,459,-64.50851,0
64915,456,-64.93014,0
64925,455,-65.07068,0
64935,455,-65.07068,0
64945,456,-64.93014,0
64955,454,-65.21122,0
64965,457,-64.7896,0
64975,448,-66.05447,0
64985,457,-64.7896,0
64995,455,-65.07068,0
65005,455,-65.07068,0
65015,454,-65.21122,0
65025,459,-64.50851,0
65035,458,-64.64905,0
65045,457,-64.7896,0
65055,451,-65.63284,0
65065,462,-64.08688,0
65075,453,-65.35176,0
65085,460,-64.36797,0
65095,449,-65.91393,0
65105,459,-64.50851,0
65115,455,-65.07068,0
65125,458,-64.64905,0
65135,454,-65.21122,0
65145,455,-65.07068,0
65155,458,-64.64905,0
65165,459,-64.50851,0
65175,456,-64.93014,0
65185,456,-64.93014,0
65195,458,-64.64905,0
65205,451,-65.63284,0
65215,450,-65.77338,0
65225,456,-64.93014,0
65235,456,-64.93014,0
65245,457,-64.7896,0
65255,455,-65.07068,0
65265,452,-65.49229,0
65275,459,-64.50851,0
65285,456,-64.93014,0
65295,459,-64.50851,0
65305,450,-65.77338,0
65315,454,-65.21122,0
65325,458,-64.64905,0
65335,455,-65.07068,0
65345,454,-65.21122,0
65355,453,-65.35176,0
65365,455,-65.07068,0
65375,456,-64.93014,0
65385,457,-64.7896,0
65395,455,-65.07068,0
65405,459,-64.50851,0
65415,455,-65.07068,0
65425,457,-64.7896,0
65435,458,-64.64905,0
65445,458,-64.64905,0
65455,451,-65.63284,0
65465,451,-65.63284,0
65475,451,-65.63284,0
65485,452,-65.49229,0
65495,457,-64.7896,0
65505,460,-64.36797,0
65515,454,-65.21122,0
65525,454,-65.21122,0
65535,456,-64.93014,0
65545,451,-65.63284,0
65555,460,-64.36797,0
65565,450,-65.77338,0
65575,454,-65.21122,0
65585,451,-65.63284,0
65595,458,-64.64905,0
65605,457,-64.7896,0
65615,453,-65.35176,0
65625,455,-65.07068,0
65635,455,-65.07068,0
65645,459,-64.50851,0
65655,457,-64.7896,0
65665,460,-64.36797,0
65675,450,-65.77338,0
65685,460,-64.36797,0
65695,454,-65.21122,0
65705,456,-64.93014,0
65715,455,-65.07068,0
65725,456,-64.93014,0
65735,455,-65.07068,0
65745,457,-64.7896,0
65755,454,-65.21122,0
65765,457,-64.7896,0
65775,456,-64.93014,0
65785,462,-64.08688,0
65795,458,-64.64905,0
65805,455,-65.07068,0
65815,457,-64.7896,0
65825,461,-64.22743,0
65835,455,-65.07068,0
65845,460,-64.36797,0
65855,459,-64.50851,0
65865,458,-64.64905,0
65875,462,-64.08688,0
65885,454,-65.21122,0
65895,454,-65.21122,0
65905,458,-64.64905,0
65915,452,-65.49229,0
65925,460,-64.36797,0
65935,456,-64.93014,0
65945,465,-63.66527,0
65955,453,-65.35176,0
65965,455,-65.07068,0
65975,460,-64.36797,0
65985,462,-64.08688,0
65995,462,-64.08688,0
66005,450,-65.77338,0
66015,462,-64.08688,0
66025,454,-65.21122,0
66035,461,-64.22743,0
66045,454,-65.21122,0
66055,456,-64.93014,0
66065,460,-64.36797,0
66075,458,-64.64905,0
66085,455,-65.07068,0
66095,457,-64.7896,0
66105,458,-64.64905,0
66115,453,-65.35176,0
66125,459,-64.50851,0
66135,458,-64.64905,0
66145,456,-64.93014,0
66155,456,-64.93014,0
66165,463,-63.94635,0
66175,460,-64.36797,0
66185,459,-64.50851,0
66195,455,-65.07068,0
66205,452,-65.49229,0
66215,445,-66.47609,0
66225,456,-64.93014,0
66235,462,-64.08688,0
66245,459,-64.50851,0
66255,449,-65.91393,0
66265,460,-64.36797,0
66275,459,-64.50851,0
66285,453,-65.35176,0
66295,462,-64.08688,0
66305,453,-65.35176,0
66315,456,-64.93014,0
66325,457,-64.7896,0
66335,456,-64.93014,0
66345,457,-64.7896,0
66355,451,-65.63284,0
66365,461,-64.22743,0
66375,456,-64.93014,0
66385,460,-64.36797,0
66395,457,-64.7896,0
66405,455,-65.07068,0
66415,455,-65.07068,0
66425,456,-64.93014,0
66435,455,-65.07068,0
66445,458,-64.64905,0
66455,454,-65.21122,0
66465,457,-64.7896,0
66475,462,-64.08688,0
66485,459,-64.50851,0
66495,463,-63.94635,0
66505,456,-64.93014,0
66515,455,-65.07068,0
66525,457,-64.7896,0
66535,456,-64.93014,0
66545,458,-64.64905,0
66555,461,-64.22743,0
66565,457,-64.7896,0
66575,459,-64.50851,0
66585,458,-64.64905,0
66595,460,-64.36797,0
66605,457,-64.7896,0
66615,461,-64.22743,0
66625,460,-64.36797,0
66635,456,-64.93014,0
66645,464,-63.80581,0
66655,457,-64.7896,0
66665,460,-64.36797,0
66675,458,-64.64905,0
66685,461,-64.22743,0
66695,456,-64.93014,0
66705,453,-65.35176,0
66715,460,-64.36797,0
66725,462,-64.08688,0
66735,458,-64.64905,0
66745,461,-64.22743,0
66755,461,-64.22743,0
66765,458,-64.64905,0
66775,455,-65.07068,1
66785,459,-64.50851,1
66795,458,-64.64905,1
66805,454,-65.21122,1
66815,454,-65.21122,1
66825,434,-68.02205,1
66835,437,-67.60042,1
66845,435,-67.88151,1
66855,431,-68.44367,1
66865,424,-69.42747,1
66875,422,-69.70854,1
66885,419,-70.13017,1
66895,412,-71.11396,1
66905,407,-71.81667,1
66915,408,-71.67612,1
66925,410,-71.39504,1
66935,398,-73.08154,1
66945,399,-72.941,1
66955,394,-73.64371,1
66965,394,-73.64371,1
66975,383,-75.18967,1
66985,385,-74.90858,1
66995,384,-75.04912,1
67005,382,-75.3302,1
67015,383,-75.18967,1
67025,377,-76.03291,1
67035,378,-75.89237,1
67045,377,-76.03291,1
67055,374,-76.45454,1
67065,374,-76.45454,1
67075,369,-77.15724,1
67085,376,-76.17345,1
67095,371,-76.87616,1
67105,366,-77.57887,1
67115,365,-77.71941,1
67125,367,-77.43832,1
67135,368,-77.29778,1
67145,370,-77.0167,1
67155,363,-78.00049,1
67165,369,-77.15724,1
67175,364,-77.85995,1
67185,372,-76.73562,1
67195,361,-78.28157,1
67205,363,-78.00049,1
67215,360,-78.42212,1
67225,367,-77.43832,1
67235,363,-78.00049,1
67245,362,-78.14103,1
67255,356,-78.98428,1
67265,360,-78.42212,1
67275,365,-77.71941,1
67285,365,-77.71941,1
67295,367,-77.43832,1
67305,360,-78.42212,1
67315,362,-78.14103,1
67325,364,-77.85995,1
67335,363,-78.00049,1
67345,362,-78.14103,1
67355,361,-78.28157,1
67365,364,-77.85995,1
67375,359,-78.56265,1
67385,364,-77.85995,1
67395,363,-78.00049,1
67405,367,-77.43832,1
67415,364,-77.85995,1
67425,362,-78.14103,1
67435,365,-77.71941,1
67445,360,-78.42212,1
67455,364,-77.85995,1
67465,362,-78.14103,1
67475,361,-78.28157,1
67485,361,-78.28157,1
67495,361,-78.28157,1
67505,362,-78.14103,1
67515,363,-78.00049,1
67525,365,-77.71941,1
67535,360,-78.42212,1
67545,355,-79.12482,1
67555,361,-78.28157,1
67565,358,-78.7032,1
67575,363,-78.00049,1
67585,359,-78.56265,1
67595,361,-78.28157,1
67605,358,-78.7032,1
67615,363,-78.00049,1
67625,360,-78.42212,1
67635,359,-78.56265,1
67645,360,-78.42212,1
67655,356,-78.98428,1
67665,362,-78.14103,1
67675,360,-78.42212,1
67685,362,-78.14103,1
67695,362,-78.14103,1
67705,361,-78.28157,1
67715,361,-78.28157,1
67725,356,-78.98428,1
67735,355,-79.12482,1
67745,357,-78.84373,1
67755,361,-78.28157,1
67765,361,-78.28157,1
67775,361,-78.28157,1
67785,359,-78.56265,1
67795,357,-78.84373,1
67805,358,-78.7032,1
67815,355,-79.12482,1
67825,355,-79.12482,1
67835,357,-78.84373,1
67845,361,-78.28157,1
67855,361,-78.28157,1
67865,360,-78.42212,1
67875,351,-79.68699,1
67885,365,-77.71941,1
67895,365,-77.71941,1
67905,357,-78.84373,1
67915,357,-78.84373,1
67925,362,-78.14103,1
67935,361,-78.28157,1
67945,360,-78.42212,1
67955,360,-78.42212,1
67965,360,-78.42212,1
67975,355,-79.12482,1
67985,360,-78.42212,1
67995,359,-78.56265,1
68005,362,-78.14103,1
68015,361,-78.28157,1
68025,359,-78.56265,1
68035,363,-78.00049,1
68045,363,-78.00049,1
68055,359,-78.56265,1
68065,360,-78.42212,1
68075,356,-78.98428,1
68085,354,-79.26537,1
68095,360,-78.42212,1
68105,362,-78.14103,1
68115,356,-78.98428,1
68125,357,-78.84373,1
68135,362,-78.14103,1
68145,358,-78.7032,1
68155,361,-78.28157,1
68165,361,-78.28157,1
68175,362,-78.14103,1
68185,358,-78.7032,1
68195,355,-79.12482,1
68205,360,-78.42212,1
68215,358,-78.7032,1
68225,359,-78.56265,1
68235,363,-78.00049,1
68245,353,-79.40591,1
68255,355,-79.12482,1
68265,358,-78.7032,1
68275,360,-78.42212,1
68285,359,-78.56265,1
68295,359,-78.56265,1
68305,363,-78.00049,1
68315,358,-78.7032,1
68325,360,-78.42212,1
68335,357,-78.84373,1
68345,360,-78.42212,1
68355,358,-78.7032,1
68365,363,-78.00049,1
68375,359,-78.56265,1
68385,357,-78.84373,1
68395,360,-78.42212,1
68405,362,-78.14103,1
68415,363,-78.00049,1
68425,357,-78.84373,1
68435,360,-78.42212,1
68445,361,-78.28157,1
68455,358,-78.7032,1
68465,360,-78.42212,1
68475,361,-78.28157,1
68485,365,-77.71941,1
68495,360,-78.42212,1
68505,359,-78.56265,1
68515,362,-78.14103,1
68525,365,-77.71941,1
68535,360,-78.42212,1
68545,363,-78.00049,1
68555,359,-78.56265,1
68565,360,-78.42212,1
68575,359,-78.56265,1
68585,363,-78.00049,1
68595,361,-78.28157,1
68605,361,-78.28157,1
68615,365,-77.71941,1
68625,359,-78.56265,1
68635,361,-78.28157,1
68645,364,-77.85995,1
68655,361,-78.28157,1
68665,357,-78.84373,1
68675,362,-78.14103,1
68685,359,-78.56265,1
68695,365,-77.71941,1
68705,358,-78.7032,1
68715,362,-78.14103,1
68725,359,-78.56265,1
68735,357,-78.84373,1
68745,362,-78.14103,1
68755,357,-78.84373,1
68765,362,-78.14103,1
68775,361,-78.28157,1
68785,360,-78.42212,1
68795,365,-77.71941,1
68805,361,-78.28157,1
68815,359,-78.56265,1
68825,358,-78.7032,1
68835,362,-78.14103,1
68845,363,-78.00049,1
68855,362,-78.14103,1
68865,361,-78.28157,1
68875,360,-78.42212,1
68885,359,-78.56265,1
68895,363,-78.00049,1
68905,360,-78.42212,1
68915,360,-78.42212,1
68925,361,-78.28157,1
68935,365,-77.71941,1
68945,357,-78.84373,1
68955,364,-77.85995,1
68965,365,-77.71941,1
68975,363,-78.00049,1
68985,361,-78.28157,1
68995,363,-78.00049,1
69005,361,-78.28157,1
69015,363,-78.00049,1
69025,362,-78.14103,1
69035,362,-78.14103,1
69045,365,-77.71941,1
69055,363,-78.00049,1
69065,362,-78.14103,1
69075,360,-78.42212,1
69085,362,-78.14103,1
69095,366,-77.57887,1
69105,359,-78.56265,1
69115,366,-77.57887,1
69125,354,-79.26537,1
69135,363,-78.00049,1
69145,362,-78.14103,1
69155,358,-78.7032,1
69165,361,-78.28157,1
69175,358,-78.7032,1
69185,362,-78.14103,1
69195,361,-78.28157,1
69205,360,-78.42212,1
69215,364,-77.85995,1
69225,364,-77.85995,1
69235,365,-77.71941,1
69245,364,-77.85995,1
69255,365,-77.71941,1
69265,360,-78.42212,1
69275,364,-77.85995,1
69285,367,-77.43832,1
69295,364,-77.85995,1
69305,362,-78.14103,1
69315,362,-78.14103,1
69325,357,-78.84373,1
69335,362,-78.14103,1
69345,368,-77.29778,1
69355,363,-78.00049,1
69365,355,-79.12482,1
69375,360,-78.42212,1
69385,364,-77.85995,1
69395,365,-77.71941,1
69405,361,-78.28157,1
69415,366,-77.57887,1
69425,361,-78.28157,1
69435,367,-77.43832,1
69445,361,-78.28157,1
69455,364,-77.85995,1
69465,364,-77.85995,1
69475,362,-78.14103,1
69485,358,-78.7032,1
69495,365,-77.71941,1
69505,361,-78.28157,1
69515,365,-77.71941,1
69525,355,-79.12482,1
69535,356,-78.98428,1
69545,365,-77.71941,1
69555,364,-77.85995,1
69565,367,-77.43832,1
69575,360,-78.42212,1
69585,363,-78.00049,1
69595,363,-78.00049,1
69605,364,-77.85995,1
69615,366,-77.57887,1
69625,366,-77.57887,1
69635,356,-78.98428,1
69645,364,-77.85995,1
69655,362,-78.14103,1
69665,361,-78.28157,1
69675,361,-78.28157,1
69685,366,-77.57887,1
69695,365,-77.71941,1
69705,353,-79.40591,1
69715,360,-78.42212,1
69725,362,-78.14103,1
69735,363,-78.00049,1
69745,364,-77.85995,1
69755,362,-78.14103,1
69765,365,-77.71941,1
69775,363,-78.00049,1
69785,366,-77.57887,1
69795,363,-78.00049,1
69805,357,-78.84373,1
69815,361,-78.28157,1
69825,354,-79.26537,1
69835,365,-77.71941,1
69845,361,-78.28157,1
69855,363,-78.00049,1
69865,365,-77.71941,1
69875,365,-77.71941,1
69885,364,-77.85995,1
69895,361,-78.28157,1
69905,366,-77.57887,1
69915,361,-78.28157,1
69925,362,-78.14103,1
69935,363,-78.00049,1
69945,359,-78.56265,1
69955,363,-78.00049,1
69965,367,-77.43832,1
69975,362,-78.14103,1
69985,355,-79.12482,1
69995,364,-77.85995,1
70005,364,-77.85995,1
70015,466,-63.52472,1
70025,589,-46.23812,1
70035,672,-34.57318,1
70045,757,-22.62717,1
70055,819,-13.9136,1
70065,883,-4.918938,1
70075,926,1.124344,1
70085,971,7.448708,1
70095,1021,14.47578,1
70105,1081,22.90827,0
70115,1108,26.70289,0
70125,1092,24.45422,0
70135,1102,25.85963,0
70145,1092,24.45422,0
70155,1113,27.4056,0
70165,1044,17.70823,0
70175,1031,15.8812,0
70185,1036,16.58391,0
70195,1024,14.89741,0
70205,1026,15.17849,0
70215,1017,13.91361,0
70225,1025,15.03793,0
70235,1030,15.74065,0
70245,1031,15.8812,0
70255,1024,14.89741,0
70265,1030,15.74065,0
70275,1022,14.61633,0
70285,1028,15.45956,0
70295,1028,15.45956,0
70305,1025,15.03793,0
70315,1026,15.17849,0
70325,1013,13.35146,0
70335,1028,15.45956,0
70345,1027,15.31904,0
70355,1028,15.45956,0
70365,1025,15.03793,0
70375,1020,14.33523,0
70385,1029,15.60012,0
70395,1026,15.17849,0
70405,1018,14.05417,0
70415,1012,13.21091,0
70425,1021,14.47578,0
70435,1024,14.89741,0
70445,1021,14.47578,0
70455,1025,15.03793,0
70465,1013,13.35146,0
70475,1014,13.49198,0
70485,1009,12.78928,0
70495,1029,15.60012,0
70505,1018,14.05417,0
70515,1024,14.89741,0
70525,1017,13.91361,0
70535,1016,13.77306,0
70545,1027,15.31904,0
70555,1021,14.47578,0
70565,1024,14.89741,0
70575,1011,13.07035,0
70585,1016,13.77306,0
70595,1012,13.21091,0
70605,1025,15.03793,0
70615,1012,13.21091,0
70625,1015,13.63254,0
70635,1019,14.19469,0
70645,1019,14.19469,0
70655,1027,15.31904,0
70665,1016,13.77306,0
70675,1009,12.78928,0
70685,1017,13.91361,0
70695,1019,14.19469,0
70705,1019,14.19469,0
70715,1018,14.05417,0
70725,1014,13.49198,0
70735,1019,14.19469,0
70745,1023,14.75686,0
70755,1016,13.77306,0
70765,1023,14.75686,0
70775,1003,11.94603,0
70785,1019,14.19469,0
70795,1005,12.22711,0
70805,1014,13.49198,0
70815,1019,14.19469,0
70825,1007,12.50819,0
70835,1016,13.77306,0
70845,1010,12.92982,0
70855,1015,13.63254,0
70865,1009,12.78928,0
70875,1003,11.94603,0
70885,1010,12.92982,0
70895,1006,12.36766,0
70905,1004,12.08659,0
70915,1006,12.36766,0
70925,1001,11.66496,0
70935,1003,11.94603,0
70945,1001,11.66496,0
70955,1001,11.66496,0
70965,1000,11.5244,0
70975,989,9.978447,0
70985,995,10.82171,0
70995,991,10.25953,0
71005,987,9.697365,0
71015,994,10.68116,0
71025,982,8.994659,0
71035,993,10.54061,0
71045,984,9.275734,0
71055,988,9.837921,0
71065,980,8.713577,0
71075,976,8.151413,0
71085,987,9.697365,0
71095,979,8.573029,0
71105,983,9.135208,0
71115,980,8.713577,0
71125,972,7.589256,0
71135,976,8.151413,0
71145,975,8.010864,0
71155,973,7.729782,0
71165,965,6.605461,0
71175,966,6.745995,0
71185,964,6.464912,0
71195,955,5.200043,0
71205,962,6.18383,0
71215,954,5.059509,0
71225,947,4.075722,0
71235,958,5.621674,0
71245,949,4.356804,0
71255,950,4.49733,0
71265,950,4.49733,0
71275,940,3.091927,0
71285,946,3.935165,0
71295,944,3.654091,0
71305,943,3.513535,0
71315,947,4.075722,0
71325,941,3.23246,0
71335,950,4.49733,0
71345,943,3.513535,0
71355,945,3.79464,0
71365,946,3.935165,0
71375,941,3.23246,0
71385,947,4.075722,0
71395,942,3.373009,0
71405,949,4.356804,0
71415,937,2.670296,0
71425,941,3.23246,0
71435,946,3.935165,0
71445,944,3.654091,0
71455,947,4.075722,0
71465,945,3.79464,0
71475,947,4.075722,0
71485,944,3.654091,0
71495,952,4.778412,0
71505,944,3.654091,0
71515,947,4.075722,0
71525,941,3.23246,0
71535,947,4.075722,0
71545,944,3.654091,0
71555,945,3.79464,0
71565,943,3.513535,0
71575,943,3.513535,0
71585,944,3.654091,0
71595,937,2.670296,0
71605,939,2.951378,0
71615,938,2.810829,0
71625,945,3.79464,0
71635,950,4.49733,0
71645,946,3.935165,0
71655,946,3.935165,0
71665,941,3.23246,0
71675,948,4.216248,0
71685,945,3.79464,0
71695,944,3.654091,0
71705,946,3.935165,0
71715,947,4.075722,0
71725,947,4.075722,0
71735,940,3.091927,0
71745,937,2.670296,0
71755,938,2.810829,0
71765,951,4.637878,0
71775,943,3.513535,0
71785,945,3.79464,0
71795,945,3.79464,0
71805,945,3.79464,0
71815,946,3.935165,0
71825,942,3.373009,0
71835,943,3.513535,0
71845,942,3.373009,0
71855,946,3.935165,0
71865,943,3.513535,0
71875,941,3.23246,0
71885,948,4.216248,0
71895,939,2.951378,0
71905,946,3.935165,0
71915,950,4.49733,0
71925,947,4.075722,0
71935,939,2.951378,0
71945,942,3.373009,0
71955,951,4.637878,0
71965,950,4.49733,0
71975,939,2.951378,0
71985,938,2.810829,0
71995,941,3.23246,0
72005,949,4.356804,0
72015,949,4.356804,0
72025,943,3.513535,0
72035,950,4.49733,0
72045,947,4.075722,0
72055,944,3.654091,0
72065,946,3.935165,0
72075,943,3.513535,0
72085,948,4.216248,0
72095,943,3.513535,0
72105,944,3.654091,0
72115,942,3.373009,0
72125,943,3.513535,0
72135,942,3.373009,0
72145,944,3.654091,0
72155,943,3.513535,0
72165,946,3.935165,0
72175,948,4.216248,0
72185,946,3.935165,0
72195,938,2.810829,0
72205,937,2.670296,0
72215,942,3.373009,0
72225,940,3.091927,0
72235,945,3.79464,0
72245,946,3.935165,0
72255,942,3.373009,0
72265,943,3.513535,0
72275,942,3.373009,0
72285,948,4.216248,0
72295,945,3.79464,0
72305,945,3.79464,0
72315,942,3.373009,0
72325,942,3.373009,0
72335,945,3.79464,0
72345,940,3.091927,0
72355,944,3.654091,0
72365,946,3.935165,0
72375,940,3.091927,0
72385,949,4.356804,0
72395,940,3.091927,0
72405,947,4.075722,0
72415,938,2.810829,0
72425,943,3.513535,0
72435,944,3.654091,0
72445,942,3.373009,0
72455,949,4.356804,0
72465,939,2.951378,0
72475,945,3.79464,0
72485,942,3.373009,0
72495,946,3.935165,0
72505,946,3.935165,0
72515,947,4.075722,0
72525,943,3.513535,0
72535,946,3.935165,0
72545,947,4.075722,0
72555,948,4.216248,0
72565,945,3.79464,0
72575,944,3.654091,0
72585,943,3.513535,0
72595,940,3.091927,0
72605,947,4.075722,0
72615,947,4.075722,0
72625,942,3.373009,0
72635,948,4.216248,0
72645,940,3.091927,0
72655,947,4.075722,0
72665,944,3.654091,0
72675,948,4.216248,0
72685,944,3.654091,0
72695,939,2.951378,0
72705,947,4.075722,0
72715,943,3.513535,0
72725,948,4.216248,0
72735,944,3.654091,0
72745,947,4.075722,0
72755,950,4.49733,0
72765,945,3.79464,0
72775,945,3.79464,0
72785,941,3.23246,0
72795,943,3.513535,0
72805,951,4.637878,0
72815,946,3.935165,0
72825,944,3.654091,0
72835,950,4.49733,0
72845,945,3.79464,0
72855,945,3.79464,0
72865,949,4.356804,0
72875,942,3.373009,0
72885,950,4.49733,0
72895,943,3.513535,0
72905,945,3.79464,0
72915,943,3.513535,0
72925,948,4.216248,0
72935,946,3.935165,0
72945,946,3.935165,0
72955,945,3.79464,0
72965,939,2.951378,0
72975,947,4.075722,0
72985,940,3.091927,0
72995,946,3.935165,0
73005,942,3.373009,0
73015,941,3.23246,0
73025,949,4.356804,0
73035,943,3.513535,0
73045,947,4.075722,0
73055,945,3.79464,0
73065,945,3.79464,0
73075,943,3.513535,0
73085,949,4.356804,0
73095,938,2.810829,0
73105,939,2.951378,0
73115,947,4.075722,0
73125,941,3.23246,0
73135,943,3.513535,0
73145,939,2.951378,0
73155,947,4.075722,0
73165,946,3.935165,0
73175,937,2.670296,0
73185,944,3.654091,0
73195,935,2.389214,0
73205,941,3.23246,0
73215,943,3.513535,0
73225,941,3.23246,0
73235,944,3.654091,0
73245,939,2.951378,0
73255,949,4.356804,0
73265,947,4.075722,0
73275,947,4.075722,0
73285,946,3.935165,0
73295,947,4.075722,0
73305,945,3.79464,0
73315,938,2.810829,0
73325,943,3.513535,0
73335,945,3.79464,0
73345,942,3.373009,0
73355,947,4.075722,0
73365,948,4.216248,0
73375,940,3.091927,0
73385,947,4.075722,0
73395,933,2.108139,0
73405,939,2.951378,0
73415,939,2.951378,0
73425,942,3.373009,0
73435,939,2.951378,0
73445,936,2.52977,0
73455,938,2.810829,0
73465,947,4.075722,0
73475,949,4.356804,0
73485,948,4.216248,0
73495,945,3.79464,0
73505,951,4.637878,0
73515,944,3.654091,0
73525,947,4.075722,0
73535,944,3.654091,0
73545,945,3.79464,0
73555,942,3.373009,0
73565,939,2.951378,0
73575,943,3.513535,0
73585,947,4.075722,0
73595,947,4.075722,0
73605,951,4.637878,0
73615,943,3.513535,0
73625,946,3.935165,0
73635,939,2.951378,0
73645,937,2.670296,0
73655,950,4.49733,0
73665,941,3.23246,0
73675,948,4.216248,0
73685,943,3.513535,0
73695,948,4.216248,0
73705,947,4.075722,0
73715,940,3.091927,0
73725,944,3.654091,0
73735,945,3.79464,0
73745,942,3.373009,0
73755,946,3.935165,0
73765,940,3.091927,0
73775,949,4.356804,0
73785,943,3.513535,0
73795,941,3.23246,0
73805,945,3.79464,0
73815,946,3.935165,0
73825,950,4.49733,0
73835,939,2.951378,0
73845,935,2.389214,0
73855,944,3.654091,0
73865,940,3.091927,0
73875,945,3.79464,0
73885,945,3.79464,0
73895,937,2.670296,0
73905,944,3.654091,0
73915,947,4.075722,0
73925,945,3.79464,0
73935,950,4.49733,0
73945,943,3.513535,0
73955,943,3.513535,0
73965,944,3.654091,0
73975,942,3.373009,0
73985,945,3.79464,0
73995,941,3.23246,0
74005,947,4.075722,0
74015,948,4.216248,0
74025,949,4.356804,0
74035,940,3.091927,0
74045,934,2.248665,0
74055,946,3.935165,0
74065,949,4.356804,0
74075,947,4.075722,0
74085,949,4.356804,0
74095,939,2.951378,0
74105,944,3.654091,0
74115,946,3.935165,0
74125,947,4.075722,0
74135,944,3.654091,0
74145,941,3.23246,0
74155,945,3.79464,0
74165,932,1.967583,0
74175,950,4.49733,0
74185,943,3.513535,0
74195,939,2.951378,0
74205,950,4.49733,0
74215,940,3.091927,0
74225,945,3.79464,0
74235,947,4.075722,0
74245,944,3.654091,0
74255,943,3.513535,0
74265,949,4.356804,0
74275,941,3.23246,0
74285,947,4.075722,0
74295,944,3.654091,0
74305,943,3.513535,0
74315,939,2.951378,0
74325,942,3.373009,0
74335,941,3.23246,0
74345,939,2.951378,0
74355,946,3.935165,0
74365,945,3.79464,0
74375,949,4.356804,0
74385,945,3.79464,0
74395,942,3.373009,0
74405,944,3.654091,0
74415,936,2.52977,0
74425,942,3.373009,0
74435,946,3.935165,0
74445,944,3.654091,0
74455,946,3.935165,0
74465,944,3.654091,0
74475,949,4.356804,0
74485,950,4.49733,0
74495,938,2.810829,0
74505,943,3.513535,0
74515,946,3.935165,0
74525,946,3.935165,0
74535,951,4.637878,0
74545,939,2.951378,0
74555,945,3.79464,0
74565,945,3.79464,0
74575,945,3.79464,0
74585,943,3.513535,0
74595,935,2.389214,0
74605,944,3.654091,0
74615,942,3.373009,0
74625,948,4.216248,0
74635,947,4.075722,0
74645,934,2.248665,0
74655,950,4.49733,0
74665,946,3.935165,0
74675,945,3.79464,0
74685,945,3.79464,0
74695,943,3.513535,0
74705,949,4.356804,0
74715,946,3.935165,0
74725,944,3.654091,0
74735,949,4.356804,0
74745,937,2.670296,0
74755,946,3.935165,0
74765,942,3.373009,0
74775,945,3.79464,0
74785,944,3.654091,0
74795,940,3.091927,0
74805,946,3.935165,0
74815,947,4.075722,0
74825,942,3.373009,0
74835,943,3.513535,0
74845,940,3.091927,0
74855,945,3.79464,0
74865,939,2.951378,0
74875,946,3.935165,0
74885,944,3.654091,0
74895,940,3.091927,0
74905,944,3.654091,0
74915,936,2.52977,0
74925,947,4.075722,0
74935,943,3.513535,0
74945,943,3.513535,0
74955,948,4.216248,0
74965,951,4.637878,0
74975,949,4.356804,0
74985,943,3.513535,0
74995,944,3.654091,0
75005,949,4.356804,0
75015,946,3.935165,0
75025,948,4.216248,0
75035,948,4.216248,0
75045,944,3.654091,0
75055,948,4.216248,0
75065,948,4.216248,0
75075,936,2.52977,0
75085,940,3.091927,0
75095,943,3.513535,0
75105,952,4.778412,0
75115,946,3.935165,0
75125,946,3.935165,0
75135,954,5.059509,0
75145,944,3.654091,0
75155,951,4.637878,0
75165,946,3.935165,0
75175,947,4.075722,0
75185,940,3.091927,0
75195,941,3.23246,0
75205,951,4.637878,1
75215,941,3.23246,1
75225,945,3.79464,1
75235,945,3.79464,1
75245,942,3.373009,1
75255,943,3.513535,1
75265,949,4.356804,1
75275,902,-2.248657,1
75285,863,-7.729767,1
75295,823,-13.35143,1
75305,788,-18.27039,1
75315,749,-23.75149,1
75325,738,-25.29745,1
75335,715,-28.52991,1
75345,678,-33.72993,1
75355,662,-35.9786,1
75365,637,-39.49214,1
75375,626,-41.03809,1
75385,608,-43.56784,1
75395,589,-46.23812,1
75405,574,-48.34625,1
75415,554,-51.15708,1
75425,544,-52.56249,1
75435,540,-53.12466,1
75445,525,-55.23278,1
75455,507,-57.76252,1
75465,496,-59.30848,1
75475,490,-60.15173,1
75485,486,-60.71389,1
75495,476,-62.11931,1
75505,467,-63.38418,1
75515,459,-64.50851,1
75525,455,-65.07068,1
75535,451,-65.63284,1
75545,440,-67.1788,1
75555,434,-68.02205,1
75565,434,-68.02205,1
75575,425,-69.28692,1
75585,432,-68.30313,1
75595,418,-70.27071,1
75605,414,-70.83288,1
75615,408,-71.67612,1
75625,414,-70.83288,1
75635,406,-71.95721,1
75645,404,-72.23829,1
75655,402,-72.51937,1
75665,403,-72.37883,1
75675,396,-73.36263,1
75685,396,-73.36263,1
75695,387,-74.62749,1
75705,389,-74.34641,1
75715,382,-75.3302,1
75725,385,-74.90858,1
75735,383,-75.18967,1
75745,383,-75.18967,1
75755,376,-76.17345,1
75765,377,-76.03291,1
75775,370,-77.0167,1
75785,377,-76.03291,1
75795,371,-76.87616,1
75805,375,-76.314,1
75815,372,-76.73562,1
75825,375,-76.314,1
75835,371,-76.87616,1
75845,372,-76.73562,1
75855,372,-76.73562,1
75865,369,-77.15724,1
75875,367,-77.43832,1
75885,369,-77.15724,1
75895,367,-77.43832,1
75905,367,-77.43832,1
75915,367,-77.43832,1
75925,363,-78.00049,1
75935,366,-77.57887,1
75945,369,-77.15724,1
75955,370,-77.0167,1
75965,363,-78.00049,1
75975,359,-78.56265,1
75985,365,-77.71941,1
75995,364,-77.85995,1
76005,363,-78.00049,1
76015,366,-77.57887,1
76025,365,-77.71941,1
76035,368,-77.29778,1
76045,364,-77.85995,1
76055,365,-77.71941,1
76065,367,-77.43832,1
76075,362,-78.14103,1
76085,362,-78.14103,1
76095,361,-78.28157,1
76105,367,-77.43832,1
76115,361,-78.28157,1
76125,368,-77.29778,1
76135,357,-78.84373,1
76145,367,-77.43832,1
76155,365,-77.71941,1
76165,359,-78.56265,1
76175,367,-77.43832,1
76185,358,-78.7032,1
76195,355,-79.12482,1
76205,363,-78.00049,1
76215,354,-79.26537,1
76225,361,-78.28157,1
76235,361,-78.28157,1
76245,363,-78.00049,1
76255,359,-78.56265,1
76265,364,-77.85995,1
76275,358,-78.7032,1
76285,362,-78.14103,1
76295,361,-78.28157,1
76305,361,-78.28157,1
76315,357,-78.84373,1
76325,358,-78.7032,1
76335,359,-78.56265,1
76345,360,-78.42212,1
76355,359,-78.56265,1
76365,356,-78.98428,1
76375,360,-78.42212,1
76385,364,-77.85995,1
76395,361,-78.28157,1
76405,361,-78.28157,1
76415,358,-78.7032,1
76425,366,-77.57887,1
76435,359,-78.56265,1
76445,360,-78.42212,1
76455,361,-78.28157,1
76465,357,-78.84373,1
76475,362,-78.14103,1
76485,360,-78.42212,1
76495,363,-78.00049,1
76505,357,-78.84373,1
76515,363,-78.00049,1
76525,363,-78.00049,1
76535,351,-79.68699,1
76545,359,-78.56265,1
76555,355,-79.12482,1
76565,360,-78.42212,1
76575,356,-78.98428,1
76585,359,-78.56265,1
76595,354,-79.26537,1
76605,363,-78.00049,1
76615,353,-79.40591,1
76625,356,-78.98428,1
76635,367,-77.43832,1
76645,360,-78.42212,1
76655,367,-77.43832,1
76665,361,-78.28157,1
76675,358,-78.7032,1
76685,359,-78.56265,1
76695,361,-78.28157,1
76705,362,-78.14103,1
76715,352,-79.54644,1
76725,362,-78.14103,1
76735,358,-78.7032,1
76745,359,-78.56265,1
76755,359,-78.56265,1
76765,364,-77.85995,1
76775,363,-78.00049,1
76785,360,-78.42212,1
76795,365,-77.71941,1
76805,359,-78.56265,1
76815,360,-78.42212,1
76825,363,-78.00049,1
76835,361,-78.28157,1
76845,365,-77.71941,1
76855,360,-78.42212,1
76865,362,-78.14103,1
76875,364,-77.85995,1
76885,359,-78.56265,1
76895,361,-78.28157,1
76905,361,-78.28157,1
76915,362,-78.14103,1
76925,363,-78.00049,1
76935,361,-78.28157,1
76945,358,-78.7032,1
76955,359,-78.56265,1
76965,361,-78.28157,1
76975,361,-78.28157,1
76985,356,-78.98428,1
76995,363,-78.00049,1
77005,360,-78.42212,1
77015,365,-77.71941,1
77025,362,-78.14103,1
77035,360,-78.42212,1
77045,361,-78.28157,1
77055,355,-79.12482,1
77065,359,-78.56265,1
77075,360,-78.42212,1
77085,355,-79.12482,1
77095,359,-78.56265,1
77105,362,-78.14103,1
77115,354,-79.26537,1
77125,360,-78.42212,1
77135,359,-78.56265,1
77145,362,-78.14103,1
77155,364,-77.85995,1
77165,363,-78.00049,1
77175,362,-78.14103,1
77185,360,-78.42212,1
77195,355,-79.12482,1
77205,360,-78.42212,1
77215,362,-78.14103,1
77225,358,-78.7032,1
77235,358,-78.7032,1
77245,361,-78.28157,1
77255,359,-78.56265,1
77265,361,-78.28157,1
77275,362,-78.14103,1
77285,360,-78.42212,1
77295,361,-78.28157,1
77305,361,-78.28157,1
77315,361,-78.28157,1
77325,360,-78.42212,1
77335,365,-77.71941,1
77345,358,-78.7032,1
77355,364,-77.85995,1
77365,358,-78.7032,1
77375,363,-78.00049,1
77385,363,-78.00049,1
77395,365,-77.71941,1
77405,367,-77.43832,1
77415,360,-78.42212,1
77425,363,-78.00049,1
77435,362,-78.14103,1
77445,363,-78.00049,1
77455,360,-78.42212,1
77465,358,-78.7032,1
77475,366,-77.57887,1
77485,363,-78.00049,1
77495,365,-77.71941,1
77505,362,-78.14103,1
77515,363,-78.00049,1
77525,360,-78.42212,1
77535,361,-78.28157,1
77545,365,-77.71941,1
77555,366,-77.57887,1
77565,363,-78.00049,1
77575,362,-78.14103,1
77585,364,-77.85995,1
77595,364,-77.85995,1
77605,362,-78.14103,1
77615,366,-77.57887,1
77625,367,-77.43832,1
77635,360,-78.42212,1
77645,363,-78.00049,1
77655,362,-78.14103,1
77665,369,-77.15724,1
77675,364,-77.85995,1
77685,367,-77.43832,1
77695,362,-78.14103,1
77705,364,-77.85995,1
77715,365,-77.71941,1
77725,361,-78.28157,1
77735,361,-78.28157,1
77745,365,-77.71941,1
77755,361,-78.28157,1
77765,364,-77.85995,1
77775,362,-78.14103,1
77785,367,-77.43832,1
77795,368,-77.29778,1
77805,364,-77.85995,1
77815,357,-78.84373,1
77825,363,-78.00049,1
77835,355,-79.12482,1
77845,366,-77.57887,1
77855,361,-78.28157,1
77865,362,-78.14103,1
77875,359,-78.56265,1
77885,360,-78.42212,1
77895,361,-78.28157,1
77905,363,-78.00049,1
77915,358,-78.7032,1
77925,363,-78.00049,1
77935,361,-78.28157,1
77945,365,-77.71941,1
77955,366,-77.57887,1
77965,359,-78.56265,1
77975,365,-77.71941,1
77985,362,-78.14103,1
77995,364,-77.85995,1
78005,360,-78.42212,1
78015,365,-77.71941,1
78025,359,-78.56265,1
78035,362,-78.14103,1
78045,360,-78.42212,1
78055,361,-78.28157,1
78065,362,-78.14103,1
78075,364,-77.85995,1
78085,365,-77.71941,1
78095,363,-78.00049,1
78105,364,-77.85995,1
78115,365,-77.71941,1
78125,364,-77.85995,1
78135,366,-77.57887,1
78145,364,-77.85995,1
78155,361,-78.28157,1
78165,365,-77.71941,1
78175,368,-77.29778,1
78185,370,-77.0167,1
78195,364,-77.85995,1
78205,364,-77.85995,1
78215,362,-78.14103,1
78225,363,-78.00049,1
78235,363,-78.00049,1
78245,364,-77.85995,1
78255,366,-77.57887,1
78265,361,-78.28157,1
78275,366,-77.57887,1
78285,367,-77.43832,1
78295,365,-77.71941,1
78305,365,-77.71941,1
78315,365,-77.71941,1
78325,363,-78.00049,1
78335,362,-78.14103,1
78345,364,-77.85995,1
78355,358,-78.7032,1
78365,357,-78.84373,1
78375,362,-78.14103,1
78385,362,-78.14103,1
78395,368,-77.29778,1
78405,360,-78.42212,1
78415,360,-78.42212,1
78425,359,-78.56265,1
78435,363,-78.00049,1
78445,367,-77.43832,1
78455,364,-77.85995,1
78465,356,-78.98428,1
78475,366,-77.57887,1
78485,367,-77.43832,1
78495,361,-78.28157,1
78505,365,-77.71941,1
78515,358,-78.7032,1
78525,365,-77.71941,1
78535,365,-77.71941,1
78545,370,-77.0167,1
78555,364,-77.85995,1
78565,363,-78.00049,1
78575,365,-77.71941,1
78585,366,-77.57887,1
78595,366,-77.57887,0
78605,370,-77.0167,0
78615,362,-78.14103,0
78625,365,-77.71941,0
78635,392,-73.92479,0
78645,437,-67.60042,0
78655,451,-65.63284,0
78665,452,-65.49229,0
78675,449,-65.91393,0
78685,452,-65.49229,0
78695,454,-65.21122,0
78705,454,-65.21122,0
78715,451,-65.63284,0
78725,455,-65.07068,0
78735,450,-65.77338,0
78745,454,-65.21122,0
78755,454,-65.21122,0
78765,453,-65.35176,0
78775,454,-65.21122,0
78785,449,-65.91393,0
78795,451,-65.63284,0
78805,451,-65.63284,0
78815,453,-65.35176,0
78825,455,-65.07068,0
78835,453,-65.35176,0
78845,460,-64.36797,0
78855,455,-65.07068,0
78865,455,-65.07068,0
78875,452,-65.49229,0
78885,459,-64.50851,0
78895,452,-65.49229,0
78905,452,-65.49229,0
78915,449,-65.91393,0
78925,454,-65.21122,0
78935,456,-64.93014,0
78945,451,-65.63284,0
78955,454,-65.21122,0
78965,451,-65.63284,0
78975,452,-65.49229,0
78985,449,-65.91393,0
78995,448,-66.05447,0
79005,447,-66.19501,0
79015,454,-65.21122,0
79025,455,-65.07068,0
79035,456,-64.93014,0
79045,455,-65.07068,0
79055,456,-64.93014,0
79065,452,-65.49229,0
79075,452,-65.49229,0
79085,457,-64.7896,0
79095,453,-65.35176,0
79105,450,-65.77338,0
79115,453,-65.35176,0
79125,456,-64.93014,0
79135,457,-64.7896,0
79145,455,-65.07068,0
79155,455,-65.07068,0
79165,447,-66.19501,0
79175,451,-65.63284,0
79185,456,-64.93014,0
79195,458,-64.64905,0
79205,458,-64.64905,0
79215,450,-65.77338,0
79225,451,-65.63284,0
79235,452,-65.49229,0
79245,455,-65.07068,0
79255,455,-65.07068,0
79265,448,-66.05447,0
79275,457,-64.7896,0
79285,456,-64.93014,0
79295,451,-65.63284,0
79305,459,-64.50851,0
79315,447,-66.19501,0
79325,459,-64.50851,0
79335,454,-65.21122,0
79345,454,-65.21122,0
79355,457,-64.7896,0
79365,453,-65.35176,0
79375,455,-65.07068,0
79385,454,-65.21122,0
79395,452,-65.49229,0
79405,452,-65.49229,0
79415,449,-65.91393,0
79425,452,-65.49229,0
79435,447,-66.19501,0
79445,450,-65.77338,0
79455,448,-66.05447,0
79465,451,-65.63284,0
79475,454,-65.21122,0
79485,455,-65.07068,0
79495,456,-64.93014,0
79505,452,-65.49229,0
79515,454,-65.21122,0
79525,457,-64.7896,0
79535,452,-65.49229,0
79545,461,-64.22743,0
79555,459,-64.50851,0
79565,458,-64.64905,0
79575,451,-65.63284,0
79585,459,-64.50851,0
79595,460,-64.36797,0
79605,457,-64.7896,0
79615,450,-65.77338,0
79625,452,-65.49229,0
79635,456,-64.93014,0
79645,452,-65.49229,0
79655,458,-64.64905,0
79665,458,-64.64905,0
79675,456,-64.93014,0
79685,452,-65.49229,0
79695,457,-64.7896,0
79705,460,-64.36797,0
79715,457,-64.7896,0
79725,458,-64.64905,0
79735,458,-64.64905,0
79745,455,-65.07068,0
79755,454,-65.21122,0
79765,454,-65.21122,0
79775,460,-64.36797,0
79785,454,-65.21122,0
79795,458,-64.64905,0
79805,454,-65.21122,0
79815,459,-64.50851,0
79825,455,-65.07068,0
79835,453,-65.35176,0
79845,451,-65.63284,0
79855,459,-64.50851,0
79865,454,-65.21122,0
79875,454,-65.21122,0
79885,459,-64.50851,0
79895,458,-64.64905,0
79905,460,-64.36797,0
79915,457,-64.7896,0
79925,455,-65.07068,0
79935,458,-64.64905,0
79945,462,-64.08688,0
79955,453,-65.35176,0
79965,456,-64.93014,0
79975,453,-65.35176,0
79985,451,-65.63284,0
79995,458,-64.64905,0
80005,453,-65.35176,0
80015,460,-64.36797,0
80025,460,-64.36797,0
80035,458,-64.64905,0
80045,460,-64.36797,0
80055,456,-64.93014,0
80065,458,-64.64905,0
80075,456,-64.93014,0
80085,455,-65.07068,0
80095,460,-64.36797,0
80105,456,-64.93014,0
80115,451,-65.63284,0
80125,461,-64.22743,0
80135,461,-64.22743,0
80145,455,-65.07068,0
80155,455,-65.07068,0
80165,457,-64.7896,0
80175,457,-64.7896,0
80185,459,-64.50851,0
80195,454,-65.21122,0
80205,450,-65.77338,0
80215,456,-64.93014,0
80225,455,-65.07068,0
80235,458,-64.64905,0
80245,459,-64.50851,0
80255,457,-64.7896,0
80265,451,-65.63284,0
80275,456,-64.93014,0
80285,459,-64.50851,0
80295,455,-65.07068,0
80305,452,-65.49229,0
80315,459,-64.50851,0
80325,457,-64.7896,0
80335,457,-64.7896,0
80345,458,-64.64905,0
80355,459,-64.50851,0
80365,453,-65.35176,0
80375,455,-65.07068,0
80385,455,-65.07068,0
80395,455,-65.07068,0
80405,457,-64.7896,0
80415,452,-65.49229,0
80425,453,-65.35176,0
80435,457,-64.7896,0
80445,454,-65.21122,0
80455,455,-65.07068,0
80465,449,-65.91393,0
80475,449,-65.91393,0
80485,454,-65.21122,0
80495,449,-65.91393,0
80505,454,-65.21122,0
80515,458,-64.64905,0
80525,455,-65.07068,0
80535,454,-65.21122,0
80545,460,-64.36797,0
80555,460,-64.36797,0
80565,445,-66.47609,0
80575,459,-64.50851,0
80585,458,-64.64905,0
80595,459,-64.50851,0
80605,457,-64.7896,0
80615,453,-65.35176,0
80625,461,-64.22743,0
80635,460,-64.36797,0
80645,457,-64.7896,0
80655,457,-64.7896,0
80665,451,-65.63284,0
80675,458,-64.64905,0
80685,454,-65.21122,0
80695,458,-64.64905,0
80705,458,-64.64905,0
80715,458,-64.64905,0
80725,457,-64.7896,0
80735,456,-64.93014,0
80745,458,-64.64905,0
80755,457,-64.7896,0
80765,455,-65.07068,0
80775,461,-64.22743,0
80785,452,-65.49229,0
80795,461,-64.22743,0
80805,457,-64.7896,0
80815,461,-64.22743,0
80825,457,-64.7896,0
80835,458,-64.64905,0
80845,450,-65.77338,0
80855,452,-65.49229,0
80865,459,-64.50851,0
80875,457,-64.7896,0
80885,460,-64.36797,0
80895,459,-64.50851,0
80905,458,-64.64905,0
80915,458,-64.64905,0
80925,460,-64.36797,0
80935,449,-65.91393,0
80945,462,-64.08688,0
80955,462,-64.08688,0
80965,462,-64.08688,0
80975,451,-65.63284,0
80985,454,-65.21122,0
80995,461,-64.22743,0
81005,457,-64.7896,0
81015,457,-64.7896,0
81025,455,-65.07068,0
81035,463,-63.94635,0
81045,458,-64.64905,0
81055,461,-64.22743,0
81065,456,-64.93014,0
81075,456,-64.93014,0
81085,455,-65.07068,0
81095,457,-64.7896,0
81105,462,-64.08688,0
81115,459,-64.50851,0
81125,458,-64.64905,0
81135,459,-64.50851,0
81145,458,-64.64905,0
81155,459,-64.50851,0
81165,461,-64.22743,0
81175,458,-64.64905,0
81185,454,-65.21122,0
81195,458,-64.64905,0
81205,460,-64.36797,0
81215,459,-64.50851,0
81225,457,-64.7896,0
81235,458,-64.64905,0
81245,458,-64.64905,0
81255,459,-64.50851,0
81265,454,-65.21122,0
81275,460,-64.36797,0
81285,458,-64.64905,0
81295,460,-64.36797,0
81305,456,-64.93014,0
81315,454,-65.21122,0
81325,453,-65.35176,0
81335,458,-64.64905,0
81345,458,-64.64905,0
81355,454,-65.21122,0
81365,458,-64.64905,0
81375,455,-65.07068,0
81385,460,-64.36797,0
81395,461,-64.22743,0
81405,453,-65.35176,0
81415,458,-64.64905,0
81425,455,-65.07068,0
81435,454,-65.21122,0
81445,461,-64.22743,0
81455,457,-64.7896,0
81465,455,-65.07068,0
81475,453,-65.35176,0
81485,456,-64.93014,0
81495,457,-64.7896,0
81505,457,-64.7896,0
81515,464,-63.80581,0
81525,457,-64.7896,0
81535,459,-64.50851,0
81545,460,-64.36797,0
81555,461,-64.22743,0
81565,461,-64.22743,0
81575,456,-64.93014,0
81585,459,-64.50851,0
81595,463,-63.94635,1
81605,460,-64.36797,1
81615,449,-65.91393,1
81625,461,-64.22743,1
81635,455,-65.07068,1
81645,454,-65.21122,1
81655,443,-66.75717,1
81665,436,-67.74097,1
81675,430,-68.58421,1
81685,423,-69.568,1
81695,424,-69.42747,1
81705,422,-69.70854,1
81715,414,-70.83288,1
81725,414,-70.83288,1
81735,408,-71.67612,1
81745,409,-71.53558,1
81755,402,-72.51937,1
81765,397,-73.22208,1
81775,392,-73.92479,1
81785,389,-74.34641,1
81795,393,-73.78425,1
81805,395,-73.50316,1
81815,387,-74.62749,1
81825,385,-74.90858,1
81835,384,-75.04912,1
81845,380,-75.61128,1
81855,376,-76.17345,1
81865,378,-75.89237,1
81875,377,-76.03291,1
81885,374,-76.45454,1
81895,367,-77.43832,1
81905,374,-76.45454,1
81915,366,-77.57887,1
81925,372,-76.73562,1
81935,371,-76.87616,1
81945,371,-76.87616,1
81955,365,-77.71941,1
81965,367,-77.43832,1
81975,369,-77.15724,1
81985,365,-77.71941,1
81995,365,-77.71941,1
82005,368,-77.29778,1
82015,367,-77.43832,1
82025,361,-78.28157,1
82035,363,-78.00049,1
82045,361,-78.28157,1
82055,362,-78.14103,1
82065,369,-77.15724,1
82075,362,-78.14103,1
82085,368,-77.29778,1
82095,364,-77.85995,1
82105,368,-77.29778,1
82115,363,-78.00049,1
82125,364,-77.85995,1
82135,359,-78.56265,1
82145,363,-78.00049,1
82155,363,-78.00049,1
82165,359,-78.56265,1
82175,367,-77.43832,1
82185,359,-78.56265,1
82195,362,-78.14103,1
82205,360,-78.42212,1
82215,362,-78.14103,1
82225,359,-78.56265,1
82235,358,-78.7032,1
82245,358,-78.7032,1
82255,360,-78.42212,1
82265,367,-77.43832,1
82275,358,-78.7032,1
82285,361,-78.28157,1
82295,359,-78.56265,1
82305,363,-78.00049,1
82315,363,-78.00049,1
82325,361,-78.28157,1
82335,358,-78.7032,1
82345,363,-78.00049,1
82355,361,-78.28157,1
82365,360,-78.42212,1
82375,360,-78.42212,1
82385,358,-78.7032,1
82395,364,-77.85995,1
82405,361,-78.28157,1
82415,360,-78.42212,1
82425,353,-79.40591,1
82435,361,-78.28157,1
82445,360,-78.42212,1
82455,360,-78.42212,1
82465,357,-78.84373,1
82475,362,-78.14103,1
82485,358,-78.7032,1
82495,360,-78.42212,1
82505,360,-78.42212,1
82515,358,-78.7032,1
82525,358,-78.7032,1
82535,353,-79.40591,1
82545,357,-78.84373,1
82555,359,-78.56265,1
82565,356,-78.98428,1
82575,360,-78.42212,1
82585,357,-78.84373,1
82595,363,-78.00049,1
82605,359,-78.56265,1
82615,363,-78.00049,1
82625,359,-78.56265,1
82635,357,-78.84373,1
82645,359,-78.56265,1
82655,360,-78.42212,1
82665,353,-79.40591,1
82675,352,-79.54644,1
82685,354,-79.26537,1
82695,360,-78.42212,1
82705,356,-78.98428,1
82715,364,-77.85995,1
82725,359,-78.56265,1
82735,362,-78.14103,1
82745,359,-78.56265,1
82755,359,-78.56265,1
82765,363,-78.00049,1
82775,357,-78.84373,1
82785,361,-78.28157,1
82795,362,-78.14103,1
82805,357,-78.84373,1
82815,358,-78.7032,1
82825,360,-78.42212,1
82835,357,-78.84373,1
82845,360,-78.42212,1
82855,359,-78.56265,1
82865,358,-78.7032,1
82875,360,-78.42212,1
82885,359,-78.56265,1
82895,361,-78.28157,1
82905,355,-79.12482,1
82915,359,-78.56265,1
82925,354,-79.26537,1
82935,355,-79.12482,1
82945,358,-78.7032,1
82955,359,-78.56265,1
82965,362,-78.14103,1
82975,355,-79.12482,1
82985,356,-78.98428,1
82995,360,-78.42212,1
83005,358,-78.7032,1
83015,359,-78.56265,1
83025,352,-79.54644,1
83035,362,-78.14103,1
83045,360,-78.42212,1
83055,358,-78.7032,1
83065,356,-78.98428,1
83075,352,-79.54644,1
83085,357,-78.84373,1
83095,362,-78.14103,1
83105,356,-78.98428,1
83115,357,-78.84373,1
83125,361,-78.28157,1
83135,356,-78.98428,1
83145,355,-79.12482,1
83155,359,-78.56265,1
83165,356,-78.98428,1
83175,362,-78.14103,1
83185,355,-79.12482,1
83195,359,-78.56265,1
83205,359,-78.56265,1
83215,360,-78.42212,1
83225,358,-78.7032,1
83235,355,-79.12482,1
83245,359,-78.56265,1
83255,353,-79.40591,1
83265,356,-78.98428,1
83275,357,-78.84373,1
83285,363,-78.00049,1
83295,358,-78.7032,1
83305,354,-79.26537,1
83315,361,-78.28157,1
83325,358,-78.7032,1
83335,352,-79.54644,1
83345,360,-78.42212,1
83355,357,-78.84373,1
83365,357,-78.84373,1
83375,358,-78.7032,1
83385,358,-78.7032,1
83395,354,-79.26537,1
83405,361,-78.28157,1
83415,360,-78.42212,1
83425,355,-79.12482,1
83435,354,-79.26537,1
83445,358,-78.7032,1
83455,356,-78.98428,1
83465,361,-78.28157,1
83475,355,-79.12482,1
83485,357,-78.84373,1
83495,362,-78.14103,1
83505,358,-78.7032,1
83515,362,-78.14103,1
83525,356,-78.98428,1
83535,355,-79.12482,1
83545,362,-78.14103,1
83555,364,-77.85995,1
83565,360,-78.42212,1
83575,361,-78.28157,1
83585,363,-78.00049,1
83595,362,-78.14103,1
83605,357,-78.84373,1
83615,365,-77.71941,1
83625,359,-78.56265,1
83635,359,-78.56265,1
83645,358,-78.7032,1
83655,365,-77.71941,1
83665,361,-78.28157,1
83675,364,-77.85995,1
83685,356,-78.98428,1
83695,363,-78.00049,1
83705,361,-78.28157,1
83715,363,-78.00049,1
83725,361,-78.28157,1
83735,357,-78.84373,1
83745,363,-78.00049,1
83755,357,-78.84373,1
83765,361,-78.28157,1
83775,360,-78.42212,1
83785,359,-78.56265,1
83795,353,-79.40591,1
83805,359,-78.56265,1
83815,360,-78.42212,1
83825,362,-78.14103,1
83835,360,-78.42212,1
83845,366,-77.57887,1
83855,360,-78.42212,1
83865,363,-78.00049,1
83875,360,-78.42212,1
83885,359,-78.56265,1
83895,363,-78.00049,1
83905,363,-78.00049,1
83915,365,-77.71941,1
83925,361,-78.28157,1
83935,358,-78.7032,1
83945,362,-78.14103,1
83955,357,-78.84373,1
83965,359,-78.56265,1
83975,361,-78.28157,1
83985,361,-78.28157,1
83995,361,-78.28157,1
84005,361,-78.28157,1
84015,362,-78.14103,1
84025,359,-78.56265,1
84035,358,-78.7032,1
84045,366,-77.57887,1
84055,366,-77.57887,1
84065,358,-78.7032,1
84075,356,-78.98428,1
84085,362,-78.14103,1
84095,362,-78.14103,1
84105,360,-78.42212,1
84115,363,-78.00049,1
84125,366,-77.57887,1
84135,362,-78.14103,1
84145,361,-78.28157,1
84155,357,-78.84373,1
84165,365,-77.71941,1
84175,362,-78.14103,1
84185,358,-78.7032,1
84195,364,-77.85995,1
84205,356,-78.98428,1
84215,362,-78.14103,1
84225,362,-78.14103,1
84235,358,-78.7032,1
84245,364,-77.85995,1
84255,369,-77.15724,1
84265,362,-78.14103,1
84275,364,-77.85995,1
84285,367,-77.43832,1
84295,365,-77.71941,1
84305,360,-78.42212,1
84315,364,-77.85995,1
84325,357,-78.84373,1
84335,358,-78.7032,1
84345,363,-78.00049,1
84355,363,-78.00049,1
84365,362,-78.14103,1
84375,360,-78.42212,1
84385,363,-78.00049,1
84395,362,-78.14103,1
84405,362,-78.14103,1
84415,360,-78.42212,1
84425,362,-78.14103,1
84435,359,-78.56265,1
84445,361,-78.28157,1
84455,361,-78.28157,1
84465,364,-77.85995,1
84475,362,-78.14103,1
84485,363,-78.00049,1
84495,363,-78.00049,1
84505,359,-78.56265,1
84515,363,-78.00049,1
84525,362,-78.14103,1
84535,364,-77.85995,1
84545,363,-78.00049,1
84555,361,-78.28157,1
84565,365,-77.71941,1
84575,366,-77.57887,1
84585,358,-78.7032,1
84595,363,-78.00049,1
84605,364,-77.85995,1
84615,365,-77.71941,1
84625,365,-77.71941,1
84635,366,-77.57887,1
84645,364,-77.85995,1
84655,363,-78.00049,1
84665,364,-77.85995,1
84675,364,-77.85995,1
84685,367,-77.43832,1
84695,364,-77.85995,1
84705,363,-78.00049,1
84715,364,-77.85995,1
84725,364,-77.85995,1
84735,364,-77.85995,1
84745,365,-77.71941,1
84755,364,-77.85995,1
84765,357,-78.84373,1
84775,362,-78.14103,1
84785,366,-77.57887,1
84795,359,-78.56265,1
84805,361,-78.28157,1
84815,365,-77.71941,1
84825,379,-75.75182,1
84835,519,-56.07602,1
84845,625,-41.17863,1
84855,713,-28.81098,1
84865,783,-18.97308,1
84875,848,-9.837898,1
84885,908,-1.405403,1
84895,952,4.778412,1
84905,992,10.40008,1
84915,1044,17.70823,1
84925,1092,24.45422,0
84935,1106,26.42181,0
84945,1107,26.56233,0
84955,1096,25.01638,0
84965,1104,26.14072,0
84975,1083,23.18935,0
84985,1023,14.75686,0
84995,1042,17.42715,0
85005,1036,16.58391,0
85015,1032,16.02173,0
85025,1034,16.30281,0
85035,1034,16.30281,0
85045,1034,16.30281,0
85055,1031,15.8812,0
85065,1031,15.8812,0
85075,1027,15.31904,0
85085,1029,15.60012,0
85095,1034,16.30281,0
85105,1032,16.02173,0
85115,1024,14.89741,0
85125,1032,16.02173,0
85135,1031,15.8812,0
85145,1023,14.75686,0
85155,1025,15.03793,0
85165,1028,15.45956,0
85175,1028,15.45956,0
85185,1024,14.89741,0
85195,1023,14.75686,0
85205,1015,13.63254,0
85215,1024,14.89741,0
85225,1028,15.45956,0
85235,1019,14.19469,0
85245,1021,14.47578,0
85255,1026,15.17849,0
85265,1031,15.8812,0
85275,1018,14.05417,0
85285,1026,15.17849,0
85295,1019,14.19469,0
85305,1009,12.78928,0
85315,1030,15.74065,0
85325,1012,13.21091,0
85335,1029,15.60012,0
85345,1026,15.17849,0
85355,1025,15.03793,0
85365,1023,14.75686,0
85375,1021,14.47578,0
85385,1016,13.77306,0
85395,1026,15.17849,0
85405,1021,14.47578,0
85415,1026,15.17849,0
85425,1018,14.05417,0
85435,1014,13.49198,0
85445,1023,14.75686,0
85455,1011,13.07035,0
85465,1019,14.19469,0
85475,1018,14.05417,0
85485,1015,13.63254,0
85495,1021,14.47578,0
85505,1021,14.47578,0
85515,1024,14.89741,0
85525,1016,13.77306,0
85535,1027,15.31904,0
85545,1018,14.05417,0
85555,1022,14.61633,0
85565,1022,14.61633,0
85575,1007,12.50819,0
85585,1017,13.91361,0
85595,1014,13.49198,0
85605,1015,13.63254,0
85615,1016,13.77306,0
85625,1016,13.77306,0
85635,1011,13.07035,0
85645,1012,13.21091,0
85655,1009,12.78928,0
85665,1012,13.21091,0
85675,1001,11.66496,0
85685,1005,12.22711,0
85695,1011,13.07035,0
85705,1005,12.22711,0
85715,1005,12.22711,0
85725,1004,12.08659,0
85735,1004,12.08659,0
85745,1001,11.66496,0
85755,1000,11.5244,0
85765,997,11.10279,0
85775,1000,11.5244,0
85785,996,10.96224,0
85795,990,10.119,0
85805,993,10.54061,0
85815,996,10.96224,0
85825,989,9.978447,0
85835,990,10.119,0
85845,987,9.697365,0
85855,983,9.135208,0
85865,985,9.41629,0
85875,980,8.713577,0
85885,983,9.135208,0
85895,983,9.135208,0
85905,975,8.010864,0
85915,977,8.291969,0
85925,974,7.870338,0
85935,963,6.324387,0
85945,971,7.448708,0
85955,964,6.464912,0
85965,967,6.886543,0
85975,966,6.745995,0
85985,967,6.886543,0
85995,965,6.605461,0
86005,961,6.043282,0
86015,965,6.605461,0
86025,956,5.340591,0
86035,954,5.059509,0
86045,952,4.778412,0
86055,941,3.23246,0
86065,956,5.340591,0
86075,950,4.49733,0
86085,948,4.216248,0
86095,948,4.216248,0
86105,945,3.79464,0
86115,944,3.654091,0
86125,946,3.935165,0
86135,948,4.216248,0
86145,946,3.935165,0
86155,942,3.373009,0
86165,938,2.810829,0
86175,937,2.670296,0
86185,945,3.79464,0
86195,940,3.091927,0
86205,934,2.248665,0
86215,940,3.091927,0
86225,947,4.075722,0
86235,937,2.670296,0
86245,948,4.216248,0
86255,943,3.513535,0
86265,947,4.075722,0
86275,944,3.654091,0
86285,942,3.373009,0
86295,940,3.091927,0
86305,942,3.373009,0
86315,944,3.654091,0
86325,947,4.075722,0
86335,945,3.79464,0
86345,942,3.373009,0
86355,939,2.951378,0
86365,938,2.810829,0
86375,948,4.216248,0
86385,946,3.935165,0
86395,948,4.216248,0
86405,938,2.810829,0
86415,941,3.23246,0
86425,943,3.513535,0
86435,935,2.389214,0
86445,944,3.654091,0
86455,937,2.670296,0
86465,941,3.23246,0
86475,946,3.935165,0
86485,942,3.373009,0
86495,940,3.091927,0
86505,940,3.091927,0
86515,946,3.935165,0
86525,943,3.513535,0
86535,943,3.513535,0
86545,934,2.248665,0
86555,942,3.373009,0
86565,949,4.356804,0
86575,946,3.935165,0
86585,947,4.075722,0
86595,947,4.075722,0
86605,945,3.79464,0
86615,944,3.654091,0
86625,943,3.513535,0
86635,947,4.075722,0
86645,943,3.513535,0
86655,936,2.52977,0
86665,943,3.513535,0
86675,937,2.670296,0
86685,944,3.654091,0
86695,944,3.654091,0
86705,935,2.389214,0
86715,945,3.79464,0
86725,938,2.810829,0
86735,940,3.091927,0
86745,945,3.79464,0
86755,943,3.513535,0
86765,941,3.23246,0
86775,944,3.654091,0
86785,946,3.935165,0
86795,942,3.373009,0
86805,940,3.091927,0
86815,946,3.935165,0
86825,936,2.52977,0
86835,942,3.373009,0
86845,941,3.23246,0
86855,939,2.951378,0
86865,939,2.951378,0
86875,945,3.79464,0
86885,942,3.373009,0
86895,948,4.216248,0
86905,940,3.091927,0
86915,946,3.935165,0
86925,945,3.79464,0
86935,940,3.091927,0
86945,944,3.654091,0
86955,943,3.513535,0
86965,943,3.513535,0
86975,946,3.935165,0
86985,944,3.654091,0
86995,949,4.356804,0
87005,939,2.951378,0
87015,941,3.23246,0
87025,950,4.49733,0
87035,950,4.49733,0
87045,949,4.356804,0
87055,946,3.935165,0
87065,946,3.935165,0
87075,937,2.670296,0
87085,944,3.654091,0
87095,941,3.23246,0
87105,940,3.091927,0
87115,941,3.23246,0
87125,946,3.935165,0
87135,944,3.654091,0
87145,944,3.654091,0
87155,937,2.670296,0
87165,950,4.49733,0
87175,939,2.951378,0
87185,940,3.091927,0
87195,941,3.23246,0
87205,942,3.373009,0
87215,944,3.654091,0
87225,949,4.356804,0
87235,942,3.373009,0
87245,945,3.79464,0
87255,942,3.373009,0
87265,948,4.216248,0
87275,948,4.216248,0
87285,945,3.79464,0
87295,939,2.951378,0
87305,936,2.52977,0
87315,949,4.356804,0
87325,945,3.79464,0
87335,950,4.49733,0
87345,946,3.935165,0
87355,947,4.075722,0
87365,943,3.513535,0
87375,949,4.356804,0
87385,944,3.654091,0
87395,938,2.810829,0
87405,942,3.373009,0
87415,940,3.091927,0
87425,944,3.654091,0
87435,939,2.951378,0
87445,938,2.810829,0
87455,937,2.670296,0
87465,948,4.216248,0
87475,946,3.935165,0
87485,945,3.79464,0
87495,949,4.356804,0
87505,939,2.951378,0
87515,947,4.075722,0
87525,946,3.935165,0
87535,945,3.79464,0
87545,945,3.79464,0
87555,944,3.654091,0
87565,951,4.637878,0
87575,947,4.075722,0
87585,949,4.356804,0
87595,950,4.49733,0
87605,944,3.654091,0
87615,949,4.356804,0
87625,938,2.810829,0
87635,944,3.654091,0
87645,945,3.79464,0
87655,945,3.79464,0
87665,948,4.216248,0
87675,940,3.091927,0
87685,939,2.951378,0
87695,945,3.79464,0
87705,938,2.810829,0
87715,951,4.637878,0
87725,943,3.513535,0
87735,944,3.654091,0
87745,948,4.216248,0
87755,945,3.79464,0
87765,949,4.356804,0
87775,942,3.373009,0
87785,951,4.637878,0
87795,951,4.637878,0
87805,944,3.654091,0
87815,944,3.654091,0
87825,946,3.935165,0
87835,948,4.216248,0
87845,942,3.373009,0
87855,947,4.075722,0
87865,945,3.79464,0
87875,945,3.79464,0
87885,942,3.373009,0
87895,945,3.79464,0
87905,942,3.373009,0
87915,942,3.373009,0
87925,946,3.935165,0
87935,941,3.23246,0
87945,949,4.356804,0
87955,939,2.951378,0
87965,943,3.513535,0
87975,946,3.935165,0
87985,945,3.79464,0
87995,951,4.637878,0
88005,938,2.810829,0
88015,941,3.23246,0
88025,942,3.373009,0
88035,948,4.216248,0
88045,943,3.513535,0
88055,948,4.216248,0
88065,945,3.79464,0
88075,935,2.389214,0
88085,947,4.075722,0
88095,941,3.23246,0
88105,941,3.23246,0
88115,946,3.935165,0
88125,946,3.935165,0
88135,944,3.654091,0
88145,941,3.23246,0
88155,945,3.79464,0
88165,943,3.513535,0
88175,952,4.778412,0
88185,947,4.075722,0
88195,938,2.810829,0
88205,939,2.951378,0
88215,943,3.513535,0
88225,948,4.216248,0
88235,947,4.075722,0
88245,939,2.951378,0
88255,947,4.075722,0
88265,939,2.951378,0
88275,942,3.373009,0
88285,949,4.356804,0
88295,945,3.79464,0
88305,943,3.513535,0
88315,940,3.091927,0
88325,941,3.23246,0
88335,935,2.389214,0
88345,933,2.108139,0
88355,946,3.935165,0
88365,940,3.091927,0
88375,933,2.108139,0
88385,943,3.513535,0
88395,944,3.654091,0
88405,947,4.075722,0
88415,940,3.091927,0
88425,941,3.23246,0
88435,933,2.108139,0
88445,949,4.356804,0
88455,939,2.951378,0
88465,945,3.79464,0
88475,936,2.52977,0
88485,940,3.091927,0
88495,939,2.951378,0
88505,936,2.52977,0
88515,941,3.23246,0
88525,939,2.951378,0
88535,943,3.513535,0
88545,938,2.810829,0
88555,933,2.108139,0
88565,937,2.670296,0
88575,936,2.52977,0
88585,941,3.23246,0
88595,950,4.49733,0
88605,943,3.513535,0
88615,937,2.670296,0
88625,940,3.091927,0
88635,935,2.389214,0
88645,941,3.23246,0
88655,941,3.23246,0
88665,938,2.810829,0
88675,939,2.951378,0
88685,940,3.091927,0
88695,941,3.23246,0
88705,935,2.389214,0
88715,936,2.52977,0
88725,938,2.810829,0
88735,938,2.810829,0
88745,939,2.951378,0
88755,943,3.513535,0
88765,941,3.23246,0
88775,939,2.951378,0
88785,942,3.373009,0
88795,937,2.670296,0
88805,936,2.52977,0
88815,939,2.951378,0
88825,944,3.654091,0
88835,943,3.513535,0
88845,943,3.513535,0
88855,934,2.248665,0
88865,934,2.248665,0
88875,942,3.373009,0
88885,937,2.670296,0
88895,938,2.810829,0
88905,940,3.091927,0
88915,940,3.091927,0
88925,944,3.654091,0
88935,943,3.513535,0
88945,938,2.810829,0
88955,937,2.670296,0
88965,945,3.79464,0
88975,933,2.108139,0
88985,943,3.513535,0
88995,944,3.654091,0
89005,940,3.091927,0
89015,945,3.79464,0
89025,939,2.951378,0
89035,941,3.23246,0
89045,940,3.091927,0
89055,943,3.513535,0
89065,942,3.373009,0
89075,947,4.075722,0
89085,942,3.373009,0
89095,934,2.248665,0
89105,937,2.670296,0
89115,944,3.654091,0
89125,939,2.951378,0
89135,930,1.686508,0
89145,942,3.373009,0
89155,937,2.670296,0
89165,935,2.389214,0
89175,935,2.389214,0
89185,951,4.637878,0
89195,941,3.23246,0
89205,937,2.670296,0
89215,949,4.356804,0
89225,943,3.513535,0
89235,941,3.23246,0
89245,941,3.23246,0
89255,938,2.810829,0
89265,949,4.356804,0
89275,944,3.654091,0
89285,938,2.810829,0
89295,932,1.967583,0
89305,936,2.52977,0
89315,937,2.670296,0
89325,936,2.52977,0
89335,937,2.670296,0
89345,939,2.951378,0
89355,939,2.951378,0
89365,940,3.091927,0
89375,942,3.373009,0
89385,937,2.670296,0
89395,944,3.654091,0
89405,941,3.23246,0
89415,940,3.091927,0
89425,938,2.810829,0
89435,937,2.670296,0
89445,937,2.670296,0
89455,945,3.79464,0
89465,939,2.951378,0
89475,946,3.935165,0
89485,945,3.79464,0
89495,938,2.810829,0
89505,940,3.091927,0
89515,939,2.951378,0
89525,944,3.654091,0
89535,942,3.373009,0
89545,946,3.935165,0
89555,933,2.108139,0
89565,946,3.935165,0
89575,938,2.810829,0
89585,946,3.935165,0
89595,941,3.23246,0
89605,940,3.091927,0
89615,941,3.23246,0
89625,937,2.670296,0
89635,946,3.935165,0
89645,944,3.654091,0
89655,938,2.810829,0
89665,950,4.49733,0
89675,941,3.23246,0
89685,942,3.373009,0
89695,947,4.075722,0
89705,946,3.935165,0
89715,942,3.373009,0
89725,942,3.373009,0
89735,940,3.091927,0
89745,941,3.23246,0
89755,949,4.356804,0
89765,950,4.49733,0
89775,940,3.091927,0
89785,955,5.200043,0
89795,935,2.389214,0
89805,951,4.637878,0
89815,950,4.49733,0
89825,943,3.513535,0
89835,947,4.075722,0
89845,948,4.216248,0
89855,943,3.513535,0
89865,935,2.389214,0
89875,947,4.075722,0
89885,949,4.356804,0
89895,943,3.513535,0
89905,947,4.075722,0
89915,943,3.513535,0
89925,946,3.935165,0
89935,941,3.23246,0
89945,947,4.075722,0
89955,943,3.513535,0
89965,942,3.373009,0
89975,945,3.79464,0
89985,947,4.075722,0
89995,939,2.951378,1
90005,944,3.654091,1
90015,943,3.513535,1
90025,943,3.513535,1
90035,955,5.200043,1
90045,941,3.23246,1
90055,941,3.23246,1
90065,949,4.356804,1
90075,939,2.951378,1
90085,949,4.356804,1
90095,887,-4.356766,1
90105,860,-8.151398,1
90115,821,-13.63251,1
90125,797,-17.00551,1
90135,762,-21.92446,1
90145,730,-26.42178,1
90155,701,-30.49748,1
90165,684,-32.88669,1
90175,666,-35.41644,1
90185,642,-38.78942,1
90195,624,-41.31918,1
90205,599,-44.83271,1
90215,588,-46.37867,1
90225,568,-49.18949,1
90235,567,-49.33004,1
90245,548,-52.00032,1
90255,528,-54.81115,1
90265,523,-55.51386,1
90275,503,-58.32469,1
90285,496,-59.30848,1
90295,495,-59.44902,1
90305,478,-61.83822,1
90315,467,-63.38418,1
90325,464,-63.80581,1
90335,461,-64.22743,1
90345,448,-66.05447,1
90355,447,-66.19501,1
90365,439,-67.31934,1
90375,436,-67.74097,1
90385,430,-68.58421,1
90395,422,-69.70854,1
90405,428,-68.8653,1
90415,421,-69.84909,1
90425,421,-69.84909,1
90435,415,-70.69234,1
90445,416,-70.55179,1
90455,397,-73.22208,1
90465,399,-72.941,1
90475,400,-72.80046,1
90485,393,-73.78425,1
90495,397,-73.22208,1
90505,376,-76.17345,1
90515,389,-74.34641,1
90525,382,-75.3302,1
90535,393,-73.78425,1
90545,387,-74.62749,1
90555,379,-75.75182,1
90565,379,-75.75182,1
90575,377,-76.03291,1
90585,380,-75.61128,1
90595,372,-76.73562,1
90605,376,-76.17345,1
90615,369,-77.15724,1
90625,372,-76.73562,1
90635,368,-77.29778,1
90645,369,-77.15724,1
90655,367,-77.43832,1
90665,367,-77.43832,1
90675,368,-77.29778,1
90685,369,-77.15724,1
90695,364,-77.85995,1
90705,366,-77.57887,1
90715,365,-77.71941,1
90725,368,-77.29778,1
90735,362,-78.14103,1
90745,364,-77.85995,1
90755,359,-78.56265,1
90765,364,-77.85995,1
90775,362,-78.14103,1
90785,362,-78.14103,1
90795,363,-78.00049,1
90805,360,-78.42212,1
90815,364,-77.85995,1
90825,367,-77.43832,1
90835,361,-78.28157,1
90845,365,-77.71941,1
90855,363,-78.00049,1
90865,364,-77.85995,1
90875,365,-77.71941,1
90885,355,-79.12482,1
90895,363,-78.00049,1
90905,358,-78.7032,1
90915,363,-78.00049,1
90925,357,-78.84373,1
90935,359,-78.56265,1
90945,358,-78.7032,1
90955,359,-78.56265,1
90965,358,-78.7032,1
90975,362,-78.14103,1
90985,358,-78.7032,1
90995,365,-77.71941,1
91005,357,-78.84373,1
91015,367,-77.43832,1
91025,359,-78.56265,1
91035,359,-78.56265,1
91045,358,-78.7032,1
91055,361,-78.28157,1
91065,359,-78.56265,1
91075,361,-78.28157,1
91085,365,-77.71941,1
91095,359,-78.56265,1
91105,358,-78.7032,1
91115,362,-78.14103,1
91125,362,-78.14103,1
91135,358,-78.7032,1
91145,354,-79.26537,1
91155,356,-78.98428,1
91165,357,-78.84373,1
91175,359,-78.56265,1
91185,365,-77.71941,1
91195,363,-78.00049,1
91205,358,-78.7032,1
91215,357,-78.84373,1
91225,359,-78.56265,1
91235,358,-78.7032,1
91245,363,-78.00049,1
91255,363,-78.00049,1
91265,361,-78.28157,1
91275,357,-78.84373,1
91285,359,-78.56265,1
91295,356,-78.98428,1
91305,361,-78.28157,1
91315,362,-78.14103,1
91325,363,-78.00049,1
91335,358,-78.7032,1
91345,360,-78.42212,1
91355,359,-78.56265,1
91365,360,-78.42212,1
91375,364,-77.85995,1
91385,363,-78.00049,1
91395,354,-79.26537,1
91405,361,-78.28157,1
91415,357,-78.84373,1
91425,359,-78.56265,1
91435,355,-79.12482,1
91445,359,-78.56265,1
91455,361,-78.28157,1
91465,357,-78.84373,1
91475,362,-78.14103,1
91485,357,-78.84373,1
91495,358,-78.7032,1
91505,363,-78.00049,1
91515,362,-78.14103,1
91525,354,-79.26537,1
91535,361,-78.28157,1
91545,360,-78.42212,1
91555,363,-78.00049,1
91565,359,-78.56265,1
91575,363,-78.00049,1
91585,365,-77.71941,1
91595,356,-78.98428,1
91605,363,-78.00049,1
91615,356,-78.98428,1
91625,361,-78.28157,1
91635,359,-78.56265,1
91645,354,-79.26537,1
91655,365,-77.71941,1
91665,361,-78.28157,1
91675,357,-78.84373,1
91685,356,-78.98428,1
91695,360,-78.42212,1
91705,360,-78.42212,1
91715,365,-77.71941,1
91725,359,-78.56265,1
91735,361,-78.28157,1
91745,358,-78.7032,1
91755,357,-78.84373,1
91765,361,-78.28157,1
91775,356,-78.98428,1
91785,364,-77.85995,1
91795,361,-78.28157,1
91805,355,-79.12482,1
91815,361,-78.28157,1
91825,363,-78.00049,1
91835,366,-77.57887,1
91845,360,-78.42212,1
91855,363,-78.00049,1
91865,361,-78.28157,1
91875,359,-78.56265,1
91885,362,-78.14103,1
91895,360,-78.42212,1
91905,360,-78.42212,1
91915,355,-79.12482,1
91925,359,-78.56265,1
91935,355,-79.12482,1
91945,354,-79.26537,1
91955,353,-79.40591,1
91965,358,-78.7032,1
91975,360,-78.42212,1
91985,359,-78.56265,1
91995,356,-78.98428,1
92005,359,-78.56265,1
92015,356,-78.98428,1
92025,360,-78.42212,1
92035,360,-78.42212,1
92045,358,-78.7032,1
92055,361,-78.28157,1
92065,363,-78.00049,1
92075,365,-77.71941,1
92085,361,-78.28157,1
92095,360,-78.42212,1
92105,358,-78.7032,1
92115,361,-78.28157,1
92125,360,-78.42212,1
92135,358,-78.7032,1
92145,363,-78.00049,1
92155,357,-78.84373,1
92165,358,-78.7032,1
92175,365,-77.71941,1
92185,358,-78.7032,1
92195,361,-78.28157,1
92205,368,-77.29778,1
92215,355,-79.12482,1
92225,358,-78.7032,1
92235,358,-78.7032,1
92245,360,-78.42212,1
92255,361,-78.28157,1
92265,358,-78.7032,1
92275,363,-78.00049,1
92285,365,-77.71941,1
92295,361,-78.28157,1
92305,363,-78.00049,1
92315,366,-77.57887,1
92325,362,-78.14103,1
92335,362,-78.14103,1
92345,364,-77.85995,1
92355,363,-78.00049,1
92365,360,-78.42212,1
92375,361,-78.28157,1
92385,357,-78.84373,1
92395,365,-77.71941,1
92405,365,-77.71941,1
92415,363,-78.00049,1
92425,362,-78.14103,1
92435,369,-77.15724,1
92445,361,-78.28157,1
92455,364,-77.85995,1
92465,361,-78.28157,1
92475,360,-78.42212,1
92485,362,-78.14103,1
92495,362,-78.14103,1
92505,363,-78.00049,1
92515,361,-78.28157,1
92525,359,-78.56265,1
92535,361,-78.28157,1
92545,358,-78.7032,1
92555,361,-78.28157,1
92565,360,-78.42212,1
92575,365,-77.71941,1
92585,361,-78.28157,1
92595,362,-78.14103,1
92605,361,-78.28157,1
92615,365,-77.71941,1
92625,364,-77.85995,1
92635,362,-78.14103,1
92645,361,-78.28157,1
92655,365,-77.71941,1
92665,362,-78.14103,1
92675,364,-77.85995,1
92685,361,-78.28157,1
92695,359,-78.56265,1
92705,358,-78.7032,1
92715,363,-78.00049,1
92725,356,-78.98428,1
92735,361,-78.28157,1
92745,361,-78.28157,1
92755,365,-77.71941,1
92765,365,-77.71941,1
92775,361,-78.28157,1
92785,365,-77.71941,1
92795,357,-78.84373,1
92805,366,-77.57887,1
92815,365,-77.71941,1
92825,360,-78.42212,1
92835,363,-78.00049,1
92845,362,-78.14103,1
92855,362,-78.14103,1
92865,367,-77.43832,1
92875,365,-77.71941,1
92885,361,-78.28157,1
92895,363,-78.00049,1
92905,361,-78.28157,1
92915,364,-77.85995,1
92925,366,-77.57887,1
92935,365,-77.71941,1
92945,367,-77.43832,1
92955,365,-77.71941,1
92965,369,-77.15724,1
92975,365,-77.71941,1
92985,363,-78.00049,1
92995,363,-78.00049,1
93005,363,-78.00049,1
93015,358,-78.7032,1
93025,366,-77.57887,1
93035,363,-78.00049,1
93045,367,-77.43832,1
93055,365,-77.71941,1
93065,365,-77.71941,1
93075,363,-78.00049,1
93085,366,-77.57887,1
93095,363,-78.00049,1
93105,361,-78.28157,1
93115,367,-77.43832,1
93125,365,-77.71941,1
93135,364,-77.85995,1
93145,363,-78.00049,1
93155,365,-77.71941,1
93165,360,-78.42212,1
93175,368,-77.29778,1
93185,370,-77.0167,1
93195,364,-77.85995,1
93205,359,-78.56265,1
93215,360,-78.42212,1
93225,357,-78.84373,1
93235,360,-78.42212,1
93245,364,-77.85995,1
93255,359,-78.56265,1
93265,365,-77.71941,1
93275,362,-78.14103,1
93285,365,-77.71941,1
93295,365,-77.71941,1
93305,365,-77.71941,1
93315,364,-77.85995,1
93325,368,-77.29778,1
93335,366,-77.57887,1
93345,358,-78.7032,1
93355,367,-77.43832,1
93365,368,-77.29778,1
93375,368,-77.29778,1
93385,363,-78.00049,1
93395,363,-78.00049,1
93405,366,-77.57887,1
93415,359,-78.56265,0
93425,370,-77.0167,0
93435,365,-77.71941,0
93445,361,-78.28157,0
93455,368,-77.29778,0
93465,364,-77.85995,0
93475,415,-70.69234,0
93485,442,-66.89772,0
93495,450,-65.77338,0
93505,460,-64.36797,0
93515,457,-64.7896,0
93525,454,-65.21122,0
93535,457,-64.7896,0
93545,451,-65.63284,0
93555,450,-65.77338,0
93565,453,-65.35176,0
93575,451,-65.63284,0
93585,460,-64.36797,0
93595,454,-65.21122,0
93605,454,-65.21122,0
93615,457,-64.7896,0
93625,448,-66.05447,0
93635,452,-65.49229,0
93645,453,-65.35176,0
93655,457,-64.7896,0
93665,455,-65.07068,0
93675,457,-64.7896,0
93685,455,-65.07068,0
93695,454,-65.21122,0
93705,457,-64.7896,0
93715,449,-65.91393,0
93725,452,-65.49229,0
93735,451,-65.63284,0
93745,455,-65.07068,0
93755,452,-65.49229,0
93765,451,-65.63284,0
93775,455,-65.07068,0
93785,454,-65.21122,0
93795,454,-65.21122,0
93805,463,-63.94635,0
93815,457,-64.7896,0
93825,455,-65.07068,0
93835,452,-65.49229,0
93845,453,-65.35176,0
93855,456,-64.93014,0
93865,456,-64.93014,0
93875,455,-65.07068,0
93885,458,-64.64905,0
93895,454,-65.21122,0
93905,454,-65.21122,0
93915,458,-64.64905,0
93925,455,-65.07068,0
93935,453,-65.35176,0
93945,453,-65.35176,0
93955,455,-65.07068,0
93965,455,-65.07068,0
93975,454,-65.21122,0
93985,456,-64.93014,0
93995,457,-64.7896,0
94005,456,-64.93014,0
94015,454,-65.21122,0
94025,455,-65.07068,0
94035,456,-64.93014,0
94045,454,-65.21122,0
94055,455,-65.07068,0
94065,460,-64.36797,0
94075,454,-65.21122,0
94085,454,-65.21122,0
94095,457,-64.7896,0
94105,457,-64.7896,0
94115,458,-64.64905,0
94125,458,-64.64905,0
94135,456,-64.93014,0
94145,457,-64.7896,0
94155,459,-64.50851,0
94165,456,-64.93014,0
94175,457,-64.7896,0
94185,455,-65.07068,0
94195,452,-65.49229,0
94205,448,-66.05447,0
94215,455,-65.07068,0
94225,456,-64.93014,0
94235,453,-65.35176,0
94245,459,-64.50851,0
94255,453,-65.35176,0
94265,453,-65.35176,0
94275,454,-65.21122,0
94285,457,-64.7896,0
94295,447,-66.19501,0
94305,450,-65.77338,0
94315,460,-64.36797,0
94325,452,-65.49229,0
94335,453,-65.35176,0
94345,451,-65.63284,0
94355,456,-64.93014,0
94365,456,-64.93014,0
94375,451,-65.63284,0
94385,453,-65.35176,0
94395,459,-64.50851,0
94405,458,-64.64905,0
94415,454,-65.21122,0
94425,455,-65.07068,0
94435,461,-64.22743,0
94445,452,-65.49229,0
94455,451,-65.63284,0
94465,466,-63.52472,0
94475,455,-65.07068,0
94485,456,-64.93014,0
94495,456,-64.93014,0
94505,453,-65.35176,0
94515,460,-64.36797,0
94525,461,-64.22743,0
94535,463,-63.94635,0
94545,457,-64.7896,0
94555,459,-64.50851,0
94565,455,-65.07068,0
94575,453,-65.35176,0
94585,462,-64.08688,0
94595,456,-64.93014,0
94605,456,-64.93014,0
94615,456,-64.93014,0
94625,461,-64.22743,0
94635,456,-64.93014,0
94645,458,-64.64905,0
94655,463,-63.94635,0
94665,457,-64.7896,0
94675,459,-64.50851,0
94685,458,-64.64905,0
94695,454,-65.21122,0
94705,459,-64.50851,0
94715,458,-64.64905,0
94725,453,-65.35176,0
94735,456,-64.93014,0
94745,454,-65.21122,0
94755,460,-64.36797,0
94765,463,-63.94635,0
94775,461,-64.22743,0
94785,458,-64.64905,0
94795,449,-65.91393,0
94805,457,-64.7896,0
94815,458,-64.64905,0
94825,461,-64.22743,0
94835,460,-64.36797,0
94845,453,-65.35176,0
94855,456,-64.93014,0
94865,455,-65.07068,0
94875,455,-65.07068,0
94885,460,-64.36797,0
94895,453,-65.35176,0
94905,459,-64.50851,0
94915,451,-65.63284,0
94925,454,-65.21122,0
94935,452,-65.49229,0
94945,451,-65.63284,0
94955,457,-64.7896,0
94965,455,-65.07068,0
94975,453,-65.35176,0
94985,454,-65.21122,0
94995,446,-66.33555,0
95005,456,-64.93014,0
95015,459,-64.50851,0
95025,458,-64.64905,0
95035,456,-64.93014,0
95045,453,-65.35176,0
95055,455,-65.07068,0
95065,459,-64.50851,0
95075,458,-64.64905,0
95085,459,-64.50851,0
95095,450,-65.77338,0
95105,459,-64.50851,0
95115,456,-64.93014,0
95125,461,-64.22743,0
95135,456,-64.93014,0
95145,456,-64.93014,0
95155,455,-65.07068,0
95165,458,-64.64905,0
95175,461,-64.22743,0
95185,459,-64.50851,0
95195,459,-64.50851,0
95205,454,-65.21122,0
95215,455,-65.07068,0
95225,458,-64.64905,0
95235,458,-64.64905,0
95245,458,-64.64905,0
95255,460,-64.36797,0
95265,446,-66.33555,0
95275,459,-64.50851,0
95285,457,-64.7896,0
95295,459,-64.50851,0
95305,458,-64.64905,0
95315,454,-65.21122,0
95325,455,-65.07068,0
95335,452,-65.49229,0
95345,450,-65.77338,0
95355,459,-64.50851,0
95365,451,-65.63284,0
95375,460,-64.36797,0
95385,464,-63.80581,0
95395,457,-64.7896,0
95405,459,-64.50851,0
95415,460,-64.36797,0
95425,455,-65.07068,0
95435,461,-64.22743,0
95445,452,-65.49229,0
95455,455,-65.07068,0
95465,453,-65.35176,0
95475,456,-64.93014,0
95485,459,-64.50851,0
95495,451,-65.63284,0
95505,453,-65.35176,0
95515,459,-64.50851,0
95525,457,-64.7896,0
95535,464,-63.80581,0
95545,451,-65.63284,0
95555,453,-65.35176,0
95565,460,-64.36797,0
95575,460,-64.36797,0
95585,453,-65.35176,0
95595,448,-66.05447,0
95605,462,-64.08688,0
95615,449,-65.91393,0
95625,460,-64.36797,0
95635,456,-64.93014,0
95645,454,-65.21122,0
95655,458,-64.64905,0
95665,457,-64.7896,0
95675,460,-64.36797,0
95685,457,-64.7896,0
95695,458,-64.64905,0
95705,459,-64.50851,0
95715,459,-64.50851,0
95725,454,-65.21122,0
95735,454,-65.21122,0
95745,451,-65.63284,0
95755,459,-64.50851,0
95765,455,-65.07068,0
95775,455,-65.07068,0
95785,457,-64.7896,0
95795,458,-64.64905,0
95805,461,-64.22743,0
95815,454,-65.21122,0
95825,463,-63.94635,0
95835,460,-64.36797,0
95845,460,-64.36797,0
95855,457,-64.7896,0
95865,458,-64.64905,0
95875,455,-65.07068,0
95885,464,-63.80581,0
95895,460,-64.36797,0
95905,455,-65.07068,0
95915,456,-64.93014,0
95925,462,-64.08688,0
95935,457,-64.7896,0
95945,457,-64.7896,0
95955,461,-64.22743,0
95965,459,-64.50851,0
95975,460,-64.36797,0
95985,461,-64.22743,0
95995,454,-65.21122,0
96005,456,-64.93014,0
96015,463,-63.94635,0
96025,461,-64.22743,0
96035,460,-64.36797,0
96045,453,-65.35176,0
96055,464,-63.80581,0
96065,460,-64.36797,0
96075,457,-64.7896,0
96085,454,-65.21122,0
96095,459,-64.50851,0
96105,464,-63.80581,0
96115,457,-64.7896,0
96125,457,-64.7896,0
96135,460,-64.36797,0
96145,459,-64.50851,0
96155,462,-64.08688,0
96165,457,-64.7896,0
96175,461,-64.22743,0
96185,460,-64.36797,0
96195,464,-63.80581,0
96205,454,-65.21122,0
96215,452,-65.49229,0
96225,454,-65.21122,0
96235,459,-64.50851,0
96245,456,-64.93014,0
96255,464,-63.80581,0
96265,461,-64.22743,0
96275,460,-64.36797,0
96285,465,-63.66527,0
96295,456,-64.93014,0
96305,459,-64.50851,0
96315,463,-63.94635,0
96325,462,-64.08688,0
96335,459,-64.50851,0
96345,462,-64.08688,0
96355,461,-64.22743,0
96365,456,-64.93014,0
96375,464,-63.80581,0
96385,457,-64.7896,0
96395,462,-64.08688,0
96405,460,-64.36797,0
96415,456,-64.93014,0
96425,458,-64.64905,1
96435,455,-65.07068,1
96445,459,-64.50851,1
96455,459,-64.50851,1
96465,460,-64.36797,1
96475,463,-63.94635,1
96485,444,-66.61664,1
96495,441,-67.03825,1
96505,432,-68.30313,1
96515,432,-68.30313,1
96525,431,-68.44367,1
96535,426,-69.14638,1
96545,420,-69.98962,1
96555,416,-70.55179,1
96565,411,-71.2545,1
96575,414,-70.83288,1
96585,400,-72.80046,1
96595,404,-72.23829,1
96605,398,-73.08154,1
96615,397,-73.22208,1
96625,392,-73.92479,1
96635,390,-74.20587,1
96645,387,-74.62749,1
96655,387,-74.62749,1
96665,380,-75.61128,1
96675,383,-75.18967,1
96685,378,-75.89237,1
96695,378,-75.89237,1
96705,375,-76.314,1
96715,373,-76.59508,1
96725,374,-76.45454,1
96735,370,-77.0167,1
96745,369,-77.15724,1
96755,373,-76.59508,1
96765,374,-76.45454,1
96775,372,-76.73562,1
96785,369,-77.15724,1
96795,365,-77.71941,1
96805,364,-77.85995,1
96815,360,-78.42212,1
96825,363,-78.00049,1
96835,368,-77.29778,1
96845,365,-77.71941,1
96855,365,-77.71941,1
96865,358,-78.7032,1
96875,363,-78.00049,1
96885,365,-77.71941,1
96895,362,-78.14103,1
96905,363,-78.00049,1
96915,361,-78.28157,1
96925,361,-78.28157,1
96935,365,-77.71941,1
96945,364,-77.85995,1
96955,362,-78.14103,1
96965,355,-79.12482,1
96975,361,-78.28157,1
96985,359,-78.56265,1
96995,367,-77.43832,1
97005,366,-77.57887,1
97015,365,-77.71941,1
97025,361,-78.28157,1
97035,362,-78.14103,1
97045,364,-77.85995,1
97055,365,-77.71941,1
97065,363,-78.00049,1
97075,360,-78.42212,1
97085,365,-77.71941,1
97095,363,-78.00049,1
97105,362,-78.14103,1
97115,357,-78.84373,1
97125,361,-78.28157,1
97135,364,-77.85995,1
97145,360,-78.42212,1
97155,363,-78.00049,1
97165,358,-78.7032,1
97175,359,-78.56265,1
97185,360,-78.42212,1
97195,363,-78.00049,1
97205,357,-78.84373,1
97215,361,-78.28157,1
97225,362,-78.14103,1
97235,354,-79.26537,1
97245,362,-78.14103,1
97255,361,-78.28157,1
97265,362,-78.14103,1
97275,358,-78.7032,1
97285,362,-78.14103,1
97295,361,-78.28157,1
97305,359,-78.56265,1
97315,359,-78.56265,1
97325,361,-78.28157,1
97335,360,-78.42212,1
97345,358,-78.7032,1
97355,358,-78.7032,1
97365,358,-78.7032,1
97375,362,-78.14103,1
97385,358,-78.7032,1
97395,358,-78.7032,1
97405,358,-78.7032,1
97415,359,-78.56265,1
97425,358,-78.7032,1
97435,358,-78.7032,1
97445,361,-78.28157,1
97455,348,-80.10861,1
97465,356,-78.98428,1
97475,359,-78.56265,1
97485,355,-79.12482,1
97495,362,-78.14103,1
97505,359,-78.56265,1
97515,357,-78.84373,1
97525,354,-79.26537,1
97535,363,-78.00049,1
97545,359,-78.56265,1
97555,364,-77.85995,1
97565,361,-78.28157,1
97575,359,-78.56265,1
97585,361,-78.28157,1
97595,356,-78.98428,1
97605,360,-78.42212,1
97615,356,-78.98428,1
97625,361,-78.28157,1
97635,359,-78.56265,1
97645,358,-78.7032,1
97655,356,-78.98428,1
97665,361,-78.28157,1
97675,362,-78.14103,1
97685,358,-78.7032,1
97695,361,-78.28157,1
97705,364,-77.85995,1
97715,356,-78.98428,1
97725,360,-78.42212,1
97735,356,-78.98428,1
97745,366,-77.57887,1
97755,358,-78.7032,1
97765,358,-78.7032,1
97775,358,-78.7032,1
97785,362,-78.14103,1
97795,359,-78.56265,1
97805,362,-78.14103,1
97815,360,-78.42212,1
97825,365,-77.71941,1
97835,358,-78.7032,1
97845,359,-78.56265,1
97855,362,-78.14103,1
97865,364,-77.85995,1
97875,364,-77.85995,1
97885,358,-78.7032,1
97895,358,-78.7032,1
97905,360,-78.42212,1
97915,357,-78.84373,1
97925,361,-78.28157,1
97935,362,-78.14103,1
97945,358,-78.7032,1
97955,359,-78.56265,1
97965,359,-78.56265,1
97975,358,-78.7032,1
97985,358,-78.7032,1
97995,361,-78.28157,1
98005,365,-77.71941,1
98015,359,-78.56265,1
98025,359,-78.56265,1
98035,357,-78.84373,1
98045,362,-78.14103,1
98055,359,-78.56265,1
98065,358,-78.7032,1
98075,361,-78.28157,1
98085,363,-78.00049,1
98095,357,-78.84373,1
98105,361,-78.28157,1
98115,361,-78.28157,1
98125,362,-78.14103,1
98135,364,-77.85995,1
98145,360,-78.42212,1
98155,359,-78.56265,1
98165,355,-79.12482,1
98175,367,-77.43832,1
98185,358,-78.7032,1
98195,365,-77.71941,1
98205,363,-78.00049,1
98215,361,-78.28157,1
98225,360,-78.42212,1
98235,358,-78.7032,1
98245,362,-78.14103,1
98255,360,-78.42212,1
98265,364,-77.85995,1
98275,363,-78.00049,1
98285,357,-78.84373,1
98295,364,-77.85995,1
98305,364,-77.85995,1
98315,363,-78.00049,1
98325,361,-78.28157,1
98335,362,-78.14103,1
98345,361,-78.28157,1
98355,365,-77.71941,1
98365,362,-78.14103,1
98375,361,-78.28157,1
98385,360,-78.42212,1
98395,360,-78.42212,1
98405,360,-78.42212,1
98415,360,-78.42212,1
98425,359,-78.56265,1
98435,360,-78.42212,1
98445,358,-78.7032,1
98455,359,-78.56265,1
98465,364,-77.85995,1
98475,364,-77.85995,1
98485,360,-78.42212,1
98495,363,-78.00049,1
98505,360,-78.42212,1
98515,364,-77.85995,1
98525,357,-78.84373,1
98535,361,-78.28157,1
98545,363,-78.00049,1
98555,365,-77.71941,1
98565,357,-78.84373,1
98575,364,-77.85995,1
98585,362,-78.14103,1
98595,358,-78.7032,1
98605,361,-78.28157,1
98615,353,-79.40591,1
98625,365,-77.71941,1
98635,365,-77.71941,1
98645,358,-78.7032,1
98655,363,-78.00049,1
98665,360,-78.42212,1
98675,363,-78.00049,1
98685,361,-78.28157,1
98695,363,-78.00049,1
98705,359,-78.56265,1
98715,358,-78.7032,1
98725,358,-78.7032,1
98735,361,-78.28157,1
98745,361,-78.28157,1
98755,353,-79.40591,1
98765,361,-78.28157,1
98775,353,-79.40591,1
98785,364,-77.85995,1
98795,367,-77.43832,1
98805,360,-78.42212,1
98815,357,-78.84373,1
98825,365,-77.71941,1
98835,361,-78.28157,1
98845,361,-78.28157,1
98855,366,-77.57887,1
98865,361,-78.28157,1
98875,361,-78.28157,1
98885,361,-78.28157,1
98895,358,-78.7032,1
98905,362,-78.14103,1
98915,362,-78.14103,1
98925,364,-77.85995,1
98935,352,-79.54644,1
98945,363,-78.00049,1
98955,362,-78.14103,1
98965,359,-78.56265,1
98975,363,-78.00049,1
98985,363,-78.00049,1
98995,358,-78.7032,1
99005,360,-78.42212,1
99015,361,-78.28157,1
99025,359,-78.56265,1
99035,359,-78.56265,1
99045,361,-78.28157,1
99055,361,-78.28157,1
99065,360,-78.42212,1
99075,361,-78.28157,1
99085,370,-77.0167,1
99095,362,-78.14103,1
99105,361,-78.28157,1
99115,360,-78.42212,1
99125,356,-78.98428,1
99135,365,-77.71941,1
99145,367,-77.43832,1
99155,360,-78.42212,1
99165,361,-78.28157,1
99175,359,-78.56265,1
99185,360,-78.42212,1
99195,363,-78.00049,1
99205,360,-78.42212,1
99215,361,-78.28157,1
99225,364,-77.85995,1
99235,361,-78.28157,1
99245,359,-78.56265,1
99255,362,-78.14103,1
99265,360,-78.42212,1
99275,361,-78.28157,1
99285,362,-78.14103,1
99295,355,-79.12482,1
99305,361,-78.28157,1
99315,360,-78.42212,1
99325,360,-78.42212,1
99335,363,-78.00049,1
99345,363,-78.00049,1
99355,361,-78.28157,1
99365,357,-78.84373,1
99375,362,-78.14103,1
99385,360,-78.42212,1
99395,364,-77.85995,1
99405,367,-77.43832,1
99415,364,-77.85995,1
99425,363,-78.00049,1
99435,361,-78.28157,1
99445,362,-78.14103,1
99455,365,-77.71941,1
99465,359,-78.56265,1
99475,368,-77.29778,1
99485,364,-77.85995,1
99495,367,-77.43832,1
99505,367,-77.43832,1
99515,361,-78.28157,1
99525,363,-78.00049,1
99535,363,-78.00049,1
99545,361,-78.28157,1
99555,364,-77.85995,1
99565,365,-77.71941,1
99575,363,-78.00049,1
99585,363,-78.00049,1
99595,370,-77.0167,1
99605,504,-58.18415,1
99615,610,-43.28675,1
99625,705,-29.93533,1
99635,772,-20.51904,1
99645,842,-10.68114,1
99655,896,-3.091896,1
99665,948,4.216248,1
99675,1003,11.94603,1
99685,1035,16.44336,1
99695,1070,21.3623,0
99705,1102,25.85963,0
99715,1107,26.56233,0
99725,1106,26.42181,0
99735,1102,25.85963,0
99745,1102,25.85963,0
99755,1023,14.75686,0
99765,1037,16.72444,0
99775,1033,16.16228,0
99785,1029,15.60012,0
99795,1027,15.31904,0
99805,1026,15.17849,0
99815,1019,14.19469,0
99825,1024,14.89741,0
99835,1020,14.33523,0
99845,1020,14.33523,0
99855,1025,15.03793,0
99865,1008,12.64874,0
99875,1019,14.19469,0
99885,1018,14.05417,0
99895,1024,14.89741,0
99905,1019,14.19469,0
99915,1013,13.35146,0
99925,1020,14.33523,0
99935,1011,13.07035,0
99945,1010,12.92982,0
99955,1018,14.05417,0
99965,1009,12.78928,0
99975,1016,13.77306,0
99985,1012,13.21091,0
99995,1011,13.07035,0
100005,1012,13.21091,0
100015,1009,12.78928,0
100025,1014,13.49198,0
100035,1008,12.64874,0
100045,1014,13.49198,0
100055,1009,12.78928,0
100065,1002,11.80548,0
100075,1003,11.94603,0
100085,1001,11.66496,0
100095,1008,12.64874,0
100105,1011,13.07035,0
100115,1001,11.66496,0
100125,1005,12.22711,0
100135,1008,12.64874,0
100145,1007,12.50819,0
100155,1001,11.66496,0
100165,990,10.119,0
100175,1006,12.36766,0
100185,998,11.24332,0
100195,1006,12.36766,0
100205,1008,12.64874,0
100215,997,11.10279,0
100225,1000,11.5244,0
100235,1007,12.50819,0
100245,1005,12.22711,0
100255,1005,12.22711,0
100265,1002,11.80548,0
100275,999,11.38387,0
100285,989,9.978447,0
100295,1003,11.94603,0
100305,998,11.24332,0
100315,1005,12.22711,0
100325,1004,12.08659,0
100335,1001,11.66496,0
100345,999,11.38387,0
100355,1003,11.94603,0
100365,990,10.119,0
100375,1003,11.94603,0
100385,1000,11.5244,0
100395,995,10.82171,0
100405,1004,12.08659,0
100415,995,10.82171,0
100425,999,11.38387,0
100435,1001,11.66496,0
100445,997,11.10279,0
100455,994,10.68116,0
100465,986,9.556839,0
100475,986,9.556839,0
100485,988,9.837921,0
100495,997,11.10279,0
100505,991,10.25953,0
100515,989,9.978447,0
100525,998,11.24332,0
100535,998,11.24332,0
100545,994,10.68116,0
100555,987,9.697365,0
100565,997,11.10279,0
100575,991,10.25953,0
100585,997,11.10279,0
100595,996,10.96224,0
100605,994,10.68116,0
100615,990,10.119,0
100625,994,10.68116,0
100635,983,9.135208,0
100645,992,10.40008,0
100655,990,10.119,0
100665,988,9.837921,0
100675,983,9.135208,0
100685,982,8.994659,0
100695,981,8.854126,0
100705,978,8.432495,0
100715,974,7.870338,0
100725,979,8.573029,0
100735,969,7.167625,0
100745,975,8.010864,0
100755,968,7.0271,0
100765,975,8.010864,0
100775,953,4.918961,0
100785,956,5.340591,0
100795,967,6.886543,0
100805,956,5.340591,0
100815,965,6.605461,0
100825,960,5.902756,0
100835,960,5.902756,0
100845,950,4.49733,0
100855,950,4.49733,0
100865,941,3.23246,0
100875,951,4.637878,0
100885,950,4.49733,0
100895,938,2.810829,0
100905,948,4.216248,0
100915,947,4.075722,0
100925,946,3.935165,0
100935,945,3.79464,0
100945,952,4.778412,0
100955,943,3.513535,0
100965,944,3.654091,0
100975,946,3.935165,0
100985,942,3.373009,0
100995,950,4.49733,0
101005,947,4.075722,0
101015,944,3.654091,0
101025,940,3.091927,0
101035,946,3.935165,0
101045,953,4.918961,0
101055,937,2.670296,0
101065,947,4.075722,0
101075,945,3.79464,0
101085,942,3.373009,0
101095,950,4.49733,0
101105,942,3.373009,0
101115,941,3.23246,0
101125,948,4.216248,0
101135,940,3.091927,0
101145,941,3.23246,0
101155,949,4.356804,0
101165,945,3.79464,0
101175,937,2.670296,0
101185,940,3.091927,0
101195,940,3.091927,0
101205,941,3.23246,0
101215,937,2.670296,0
101225,941,3.23246,0
101235,942,3.373009,0
101245,944,3.654091,0
101255,940,3.091927,0
101265,946,3.935165,0
101275,941,3.23246,0
101285,945,3.79464,0
101295,945,3.79464,0
101305,946,3.935165,0
101315,948,4.216248,0
101325,948,4.216248,0
101335,944,3.654091,0
101345,945,3.79464,0
101355,939,2.951378,0
101365,949,4.356804,0
101375,949,4.356804,0
101385,944,3.654091,0
101395,940,3.091927,0
101405,951,4.637878,0
101415,943,3.513535,0
101425,948,4.216248,0
101435,945,3.79464,0
101445,937,2.670296,0
101455,945,3.79464,0
101465,949,4.356804,0
101475,947,4.075722,0
101485,944,3.654091,0
101495,950,4.49733,0
101505,944,3.654091,0
101515,948,4.216248,0
101525,948,4.216248,0
101535,940,3.091927,0
101545,948,4.216248,0
101555,941,3.23246,0
101565,943,3.513535,0
101575,946,3.935165,0
101585,948,4.216248,0
101595,943,3.513535,0
101605,948,4.216248,0
101615,947,4.075722,0
101625,945,3.79464,0
101635,944,3.654091,0
101645,942,3.373009,0
101655,944,3.654091,0
101665,947,4.075722,0
101675,951,4.637878,0
101685,938,2.810829,0
101695,945,3.79464,0
101705,946,3.935165,0
101715,947,4.075722,0
101725,937,2.670296,0
101735,942,3.373009,0
101745,947,4.075722,0
101755,943,3.513535,0
101765,944,3.654091,0
101775,946,3.935165,0
101785,943,3.513535,0
101795,945,3.79464,0
101805,944,3.654091,0
101815,950,4.49733,0
101825,945,3.79464,0
101835,949,4.356804,0
101845,944,3.654091,0
101855,940,3.091927,0
101865,941,3.23246,0
101875,948,4.216248,0
101885,944,3.654091,0
101895,940,3.091927,0
101905,947,4.075722,0
101915,944,3.654091,0
101925,948,4.216248,0
101935,943,3.513535,0
101945,945,3.79464,0
101955,949,4.356804,0
101965,940,3.091927,0
101975,950,4.49733,0
101985,938,2.810829,0
101995,945,3.79464,0
102005,950,4.49733,0
102015,950,4.49733,0
102025,948,4.216248,0
102035,949,4.356804,0
102045,943,3.513535,0
102055,945,3.79464,0
102065,948,4.216248,0
102075,941,3.23246,0
102085,945,3.79464,0
102095,947,4.075722,0
102105,939,2.951378,0
102115,948,4.216248,0
102125,948,4.216248,0
102135,941,3.23246,0
102145,943,3.513535,0
102155,945,3.79464,0
102165,948,4.216248,0
102175,939,2.951378,0
102185,938,2.810829,0
102195,937,2.670296,0
102205,937,2.670296,0
102215,945,3.79464,0
102225,948,4.216248,0
102235,945,3.79464,0
102245,945,3.79464,0
102255,938,2.810829,0
102265,940,3.091927,0
102275,938,2.810829,0
102285,950,4.49733,0
102295,951,4.637878,0
102305,943,3.513535,0
102315,949,4.356804,0
102325,948,4.216248,0
102335,949,4.356804,0
102345,938,2.810829,0
102355,946,3.935165,0
102365,939,2.951378,0
102375,946,3.935165,0
102385,944,3.654091,0
102395,944,3.654091,0
102405,952,4.778412,0
102415,940,3.091927,0
102425,951,4.637878,0
102435,942,3.373009,0
102445,943,3.513535,0
102455,946,3.935165,0
102465,941,3.23246,0
102475,946,3.935165,0
102485,939,2.951378,0
102495,945,3.79464,0
102505,946,3.935165,0
102515,947,4.075722,0
102525,941,3.23246,0
102535,944,3.654091,0
102545,949,4.356804,0
102555,946,3.935165,0
102565,950,4.49733,0
102575,946,3.935165,0
102585,944,3.654091,0
102595,946,3.935165,0
102605,946,3.935165,0
102615,948,4.216248,0
102625,945,3.79464,0
102635,942,3.373009,0
102645,946,3.935165,0
102655,947,4.075722,0
102665,948,4.216248,0
102675,944,3.654091,0
102685,939,2.951378,0
102695,935,2.389214,0
102705,942,3.373009,0
102715,949,4.356804,0
102725,947,4.075722,0
102735,944,3.654091,0
102745,939,2.951378,0
102755,946,3.935165,0
102765,950,4.49733,0
102775,946,3.935165,0
102785,947,4.075722,0
102795,945,3.79464,0
102805,946,3.935165,0
102815,945,3.79464,0
102825,946,3.935165,0
102835,944,3.654091,0
102845,945,3.79464,0
102855,941,3.23246,0
102865,945,3.79464,0
102875,943,3.513535,0
102885,947,4.075722,0
102895,942,3.373009,0
102905,946,3.935165,0
102915,951,4.637878,0
102925,942,3.373009,0
102935,944,3.654091,0
102945,951,4.637878,0
102955,947,4.075722,0
102965,943,3.513535,0
102975,945,3.79464,0
102985,938,2.810829,0
102995,945,3.79464,0
103005,947,4.075722,0
103015,948,4.216248,0
103025,951,4.637878,0
103035,937,2.670296,0
103045,948,4.216248,0
103055,947,4.075722,0
103065,942,3.373009,0
103075,948,4.216248,0
103085,932,1.967583,0
103095,944,3.654091,0
103105,943,3.513535,0
103115,945,3.79464,0
103125,942,3.373009,0
103135,939,2.951378,0
103145,942,3.373009,0
103155,945,3.79464,0
103165,939,2.951378,0
103175,944,3.654091,0
103185,937,2.670296,0
103195,950,4.49733,0
103205,930,1.686508,0
103215,945,3.79464,0
103225,946,3.935165,0
103235,934,2.248665,0
103245,945,3.79464,0
103255,941,3.23246,0
103265,942,3.373009,0
103275,937,2.670296,0
103285,941,3.23246,0
103295,945,3.79464,0
103305,946,3.935165,0
103315,947,4.075722,0
103325,942,3.373009,0
103335,942,3.373009,0
103345,947,4.075722,0
103355,949,4.356804,0
103365,945,3.79464,0
103375,947,4.075722,0
103385,939,2.951378,0
103395,948,4.216248,0
103405,948,4.216248,0
103415,946,3.935165,0
103425,941,3.23246,0
103435,942,3.373009,0
103445,945,3.79464,0
103455,944,3.654091,0
103465,941,3.23246,0
103475,943,3.513535,0
103485,939,2.951378,0
103495,950,4.49733,0
103505,943,3.513535,0
103515,943,3.513535,0
103525,943,3.513535,0
103535,936,2.52977,0
103545,936,2.52977,0
103555,943,3.513535,0
103565,952,4.778412,0
103575,938,2.810829,0
103585,946,3.935165,0
103595,946,3.935165,0
103605,946,3.935165,0
103615,941,3.23246,0
103625,943,3.513535,0
103635,937,2.670296,0
103645,946,3.935165,0
103655,945,3.79464,0
103665,945,3.79464,0
103675,950,4.49733,0
103685,935,2.389214,0
103695,947,4.075722,0
103705,944,3.654091,0
103715,947,4.075722,0
103725,945,3.79464,0
103735,936,2.52977,0
103745,949,4.356804,0
103755,943,3.513535,0
103765,946,3.935165,0
103775,940,3.091927,0
103785,941,3.23246,0
103795,946,3.935165,0
103805,944,3.654091,0
103815,945,3.79464,0
103825,945,3.79464,0
103835,941,3.23246,0
103845,943,3.513535,0
103855,951,4.637878,0
103865,949,4.356804,0
103875,939,2.951378,0
103885,942,3.373009,0
103895,944,3.654091,0
103905,945,3.79464,0
103915,941,3.23246,0
103925,949,4.356804,0
103935,941,3.23246,0
103945,943,3.513535,0
103955,949,4.356804,0
103965,941,3.23246,0
103975,949,4.356804,0
103985,937,2.670296,0
103995,945,3.79464,0
104005,950,4.49733,0
104015,940,3.091927,0
104025,946,3.935165,0
104035,935,2.389214,0
104045,947,4.075722,0
104055,942,3.373009,0
104065,945,3.79464,0
104075,943,3.513535,0
104085,940,3.091927,0
104095,949,4.356804,0
104105,936,2.52977,0
104115,944,3.654091,0
104125,942,3.373009,0
104135,941,3.23246,0
104145,943,3.513535,0
104155,942,3.373009,0
104165,950,4.49733,0
104175,948,4.216248,0
104185,939,2.951378,0
104195,946,3.935165,0
104205,940,3.091927,0
104215,941,3.23246,0
104225,945,3.79464,0
104235,941,3.23246,0
104245,948,4.216248,0
104255,942,3.373009,0
104265,950,4.49733,0
104275,943,3.513535,0
104285,943,3.513535,0
104295,953,4.918961,0
104305,947,4.075722,0
104315,950,4.49733,0
104325,948,4.216248,0
104335,948,4.216248,0
104345,942,3.373009,0
104355,943,3.513535,0
104365,940,3.091927,0
104375,947,4.075722,0
104385,944,3.654091,0
104395,943,3.513535,0
104405,940,3.091927,0
104415,942,3.373009,0
104425,941,3.23246,0
104435,939,2.951378,0
104445,952,4.778412,0
104455,941,3.23246,0
104465,944,3.654091,0
104475,945,3.79464,0
104485,946,3.935165,0
104495,948,4.216248,0
104505,945,3.79464,0
104515,948,4.216248,0
104525,946,3.935165,0
104535,944,3.654091,0
104545,941,3.23246,0
104555,938,2.810829,0
104565,951,4.637878,0
104575,944,3.654091,0
104585,944,3.654091,0
104595,946,3.935165,0
104605,944,3.654091,0
104615,950,4.49733,0
104625,952,4.778412,0
104635,949,4.356804,0
104645,946,3.935165,0
104655,950,4.49733,0
104665,950,4.49733,0
104675,955,5.200043,0
104685,946,3.935165,0
104695,945,3.79464,0
104705,948,4.216248,0
104715,945,3.79464,0
104725,950,4.49733,0
104735,947,4.075722,0
104745,948,4.216248,0
104755,946,3.935165,0
104765,950,4.49733,0
104775,952,4.778412,0
104785,949,4.356804,0
104795,948,4.216248,1
104805,937,2.670296,1
104815,953,4.918961,1
104825,953,4.918961,1
104835,953,4.918961,1
104845,952,4.778412,1
104855,933,2.108139,1
104865,883,-4.918938,1
104875,851,-9.416267,1
104885,824,-13.21088,1
104895,786,-18.55146,1
104905,749,-23.75149,1
104915,723,-27.40556,1
104925,703,-30.2164,1
104935,684,-32.88669,1
104945,659,-36.40022,1
104955,633,-40.0543,1
104965,612,-43.00567,1
104975,599,-44.83271,1
104985,588,-46.37867,1
104995,579,-47.64354,1
105005,556,-50.876,1
105015,542,-52.84357,1
105025,524,-55.37332,1
105035,520,-55.93548,1
105045,512,-57.05981,1
105055,497,-59.16794,1
105065,490,-60.15173,1
105075,483,-61.13552,1
105085,478,-61.83822,1
105095,469,-63.1031,1
105105,453,-65.35176,1
105115,456,-64.93014,1
105125,449,-65.91393,1
105135,447,-66.19501,1
105145,443,-66.75717,1
105155,436,-67.74097,1
105165,432,-68.30313,1
105175,426,-69.14638,1
105185,419,-70.13017,1
105195,417,-70.41125,1
105205,419,-70.13017,1
105215,410,-71.39504,1
105225,408,-71.67612,1
105235,400,-72.80046,1
105245,398,-73.08154,1
105255,396,-73.36263,1
105265,394,-73.64371,1
105275,395,-73.50316,1
105285,387,-74.62749,1
105295,387,-74.62749,1
105305,381,-75.47075,1
105315,380,-75.61128,1
105325,377,-76.03291,1
105335,386,-74.76804,1
105345,374,-76.45454,1
105355,376,-76.17345,1
105365,376,-76.17345,1
105375,375,-76.314,1
105385,377,-76.03291,1
105395,372,-76.73562,1
105405,370,-77.0167,1
105415,366,-77.57887,1
105425,368,-77.29778,1
105435,371,-76.87616,1
105445,366,-77.57887,1
105455,365,-77.71941,1
105465,372,-76.73562,1
105475,364,-77.85995,1
105485,367,-77.43832,1
105495,369,-77.15724,1
105505,367,-77.43832,1
105515,367,-77.43832,1
105525,369,-77.15724,1
105535,361,-78.28157,1
105545,368,-77.29778,1
105555,366,-77.57887,1
105565,366,-77.57887,1
105575,368,-77.29778,1
105585,364,-77.85995,1
105595,364,-77.85995,1
105605,367,-77.43832,1
105615,365,-77.71941,1
105625,367,-77.43832,1
105635,364,-77.85995,1
105645,362,-78.14103,1
105655,366,-77.57887,1
105665,361,-78.28157,1
105675,365,-77.71941,1
105685,365,-77.71941,1
105695,364,-77.85995,1
105705,366,-77.57887,1
105715,366,-77.57887,1
105725,363,-78.00049,1
105735,356,-78.98428,1
105745,368,-77.29778,1
105755,359,-78.56265,1
105765,367,-77.43832,1
105775,359,-78.56265,1
105785,368,-77.29778,1
105795,360,-78.42212,1
105805,365,-77.71941,1
105815,358,-78.7032,1
105825,359,-78.56265,1
105835,358,-78.7032,1
105845,361,-78.28157,1
105855,363,-78.00049,1
105865,363,-78.00049,1
105875,364,-77.85995,1
105885,360,-78.42212,1
105895,355,-79.12482,1
105905,353,-79.40591,1
105915,358,-78.7032,1
105925,362,-78.14103,1
105935,364,-77.85995,1
105945,360,-78.42212,1
105955,361,-78.28157,1
105965,363,-78.00049,1
105975,360,-78.42212,1
105985,364,-77.85995,1
105995,361,-78.28157,1
106005,361,-78.28157,1
106015,362,-78.14103,1
106025,361,-78.28157,1
106035,363,-78.00049,1
106045,363,-78.00049,1
106055,352,-79.54644,1
106065,359,-78.56265,1
106075,362,-78.14103,1
106085,364,-77.85995,1
106095,361,-78.28157,1
106105,362,-78.14103,1
106115,365,-77.71941,1
106125,359,-78.56265,1
106135,365,-77.71941,1
106145,360,-78.42212,1
106155,366,-77.57887,1
106165,363,-78.00049,1
106175,356,-78.98428,1
106185,360,-78.42212,1
106195,358,-78.7032,1
106205,357,-78.84373,1
106215,359,-78.56265,1
106225,365,-77.71941,1
106235,367,-77.43832,1
106245,360,-78.42212,1
106255,362,-78.14103,1
106265,364,-77.85995,1
106275,361,-78.28157,1
106285,359,-78.56265,1
106295,363,-78.00049,1
106305,362,-78.14103,1
106315,361,-78.28157,1
106325,356,-78.98428,1
106335,363,-78.00049,1
106345,355,-79.12482,1
106355,357,-78.84373,1
106365,362,-78.14103,1
106375,363,-78.00049,1
106385,363,-78.00049,1
106395,359,-78.56265,1
106405,365,-77.71941,1
106415,359,-78.56265,1
106425,360,-78.42212,1
106435,365,-77.71941,1
106445,363,-78.00049,1
106455,362,-78.14103,1
106465,363,-78.00049,1
106475,369,-77.15724,1
106485,363,-78.00049,1
106495,364,-77.85995,1
106505,364,-77.85995,1
106515,366,-77.57887,1
106525,365,-77.71941,1
106535,365,-77.71941,1
106545,366,-77.57887,1
106555,358,-78.7032,1
106565,364,-77.85995,1
106575,361,-78.28157,1
106585,362,-78.14103,1
106595,367,-77.43832,1
106605,362,-78.14103,1
106615,365,-77.71941,1
106625,362,-78.14103,1
106635,365,-77.71941,1
106645,364,-77.85995,1
106655,364,-77.85995,1
106665,361,-78.28157,1
106675,364,-77.85995,1
106685,358,-78.7032,1
106695,359,-78.56265,1
106705,360,-78.42212,1
106715,365,-77.71941,1
106725,359,-78.56265,1
106735,360,-78.42212,1
106745,360,-78.42212,1
106755,357,-78.84373,1
106765,365,-77.71941,1
106775,364,-77.85995,1
106785,364,-77.85995,1
106795,361,-78.28157,1
106805,362,-78.14103,1
106815,363,-78.00049,1
106825,359,-78.56265,1
106835,363,-78.00049,1
106845,364,-77.85995,1
106855,357,-78.84373,1
106865,361,-78.28157,1
106875,363,-78.00049,1
106885,359,-78.56265,1
106895,363,-78.00049,1
106905,359,-78.56265,1
106915,362,-78.14103,1
106925,362,-78.14103,1
106935,360,-78.42212,1
106945,363,-78.00049,1
106955,361,-78.28157,1
106965,359,-78.56265,1
106975,365,-77.71941,1
106985,364,-77.85995,1
106995,363,-78.00049,1
107005,361,-78.28157,1
107015,362,-78.14103,1
107025,363,-78.00049,1
107035,364,-77.85995,1
107045,363,-78.00049,1
107055,363,-78.00049,1
107065,360,-78.42212,1
107075,361,-78.28157,1
107085,361,-78.28157,1
107095,366,-77.57887,1
107105,359,-78.56265,1
107115,360,-78.42212,1
107125,359,-78.56265,1
107135,368,-77.29778,1
107145,361,-78.28157,1
107155,359,-78.56265,1
107165,360,-78.42212,1
107175,366,-77.57887,1
107185,366,-77.57887,1
107195,359,-78.56265,1
107205,360,-78.42212,1
107215,354,-79.26537,1
107225,367,-77.43832,1
107235,358,-78.7032,1
107245,365,-77.71941,1
107255,357,-78.84373,1
107265,361,-78.28157,1
107275,361,-78.28157,1
107285,363,-78.00049,1
107295,365,-77.71941,1
107305,363,-78.00049,1
107315,366,-77.57887,1
107325,360,-78.42212,1
107335,365,-77.71941,1
107345,362,-78.14103,1
107355,365,-77.71941,1
107365,361,-78.28157,1
107375,364,-77.85995,1
107385,360,-78.42212,1
107395,365,-77.71941,1
107405,356,-78.98428,1
107415,358,-78.7032,1
107425,366,-77.57887,1
107435,361,-78.28157,1
107445,366,-77.57887,1
107455,357,-78.84373,1
107465,358,-78.7032,1
107475,356,-78.98428,1
107485,365,-77.71941,1
107495,364,-77.85995,1
107505,361,-78.28157,1
107515,365,-77.71941,1
107525,349,-79.96807,1
107535,368,-77.29778,1
107545,366,-77.57887,1
107555,359,-78.56265,1
107565,364,-77.85995,1
107575,365,-77.71941,1
107585,365,-77.71941,1
107595,363,-78.00049,1
107605,368,-77.29778,1
107615,365,-77.71941,1
107625,359,-78.56265,1
107635,366,-77.57887,1
107645,360,-78.42212,1
107655,368,-77.29778,1
107665,360,-78.42212,1
107675,366,-77.57887,1
107685,363,-78.00049,1
107695,368,-77.29778,1
107705,359,-78.56265,1
107715,367,-77.43832,1
107725,363,-78.00049,1
107735,364,-77.85995,1
107745,369,-77.15724,1
107755,360,-78.42212,1
107765,362,-78.14103,1
107775,359,-78.56265,1
107785,364,-77.85995,1
107795,367,-77.43832,1
107805,362,-78.14103,1
107815,363,-78.00049,1
107825,364,-77.85995,1
107835,364,-77.85995,1
107845,360,-78.42212,1
107855,358,-78.7032,1
107865,367,-77.43832,1
107875,363,-78.00049,1
107885,365,-77.71941,1
107895,367,-77.43832,1
107905,362,-78.14103,1
107915,364,-77.85995,1
107925,366,-77.57887,1
107935,362,-78.14103,1
107945,363,-78.00049,1
107955,362,-78.14103,1
107965,362,-78.14103,1
107975,368,-77.29778,1
107985,365,-77.71941,1
107995,369,-77.15724,1
108005,358,-78.7032,1
108015,364,-77.85995,1
108025,363,-78.00049,1
108035,364,-77.85995,1
108045,364,-77.85995,1
108055,364,-77.85995,1
108065,372,-76.73562,1
108075,362,-78.14103,1
108085,365,-77.71941,1
108095,362,-78.14103,1
108105,364,-77.85995,1
108115,365,-77.71941,1
108125,363,-78.00049,1
108135,362,-78.14103,1
108145,361,-78.28157,1
108155,368,-77.29778,1
108165,367,-77.43832,1
108175,358,-78.7032,0
108185,363,-78.00049,0
108195,359,-78.56265,0
108205,355,-79.12482,0
108215,364,-77.85995,0
108225,432,-68.30313,0
108235,449,-65.91393,0
108245,454,-65.21122,0
108255,453,-65.35176,0
108265,455,-65.07068,0
108275,452,-65.49229,0
108285,454,-65.21122,0
108295,457,-64.7896,0
108305,450,-65.77338,0
108315,458,-64.64905,0
108325,447,-66.19501,0
108335,458,-64.64905,0
108345,458,-64.64905,0
108355,454,-65.21122,0
108365,455,-65.07068,0
108375,455,-65.07068,0
108385,454,-65.21122,0
108395,457,-64.7896,0
108405,458,-64.64905,0
108415,452,-65.49229,0
108425,458,-64.64905,0
108435,451,-65.63284,0
108445,454,-65.21122,0
108455,446,-66.33555,0
108465,453,-65.35176,0
108475,453,-65.35176,0
108485,453,-65.35176,0
108495,453,-65.35176,0
108505,451,-65.63284,0
108515,455,-65.07068,0
108525,455,-65.07068,0
108535,444,-66.61664,0
108545,456,-64.93014,0
108555,451,-65.63284,0
108565,456,-64.93014,0
108575,448,-66.05447,0
108585,453,-65.35176,0
108595,455,-65.07068,0
108605,456,-64.93014,0
108615,456,-64.93014,0
108625,459,-64.50851,0
108635,456,-64.93014,0
108645,453,-65.35176,0
108655,457,-64.7896,0
108665,460,-64.36797,0
108675,456,-64.93014,0
108685,454,-65.21122,0
108695,456,-64.93014,0
108705,454,-65.21122,0
108715,449,-65.91393,0
108725,453,-65.35176,0
108735,454,-65.21122,0
108745,451,-65.63284,0
108755,450,-65.77338,0
108765,459,-64.50851,0
108775,447,-66.19501,0
108785,450,-65.77338,0
108795,451,-65.63284,0
108805,455,-65.07068,0
108815,457,-64.7896,0
108825,453,-65.35176,0
108835,457,-64.7896,0
108845,457,-64.7896,0
108855,454,-65.21122,0
108865,457,-64.7896,0
108875,455,-65.07068,0
108885,459,-64.50851,0
108895,453,-65.35176,0
108905,456,-64.93014,0
108915,456,-64.93014,0
108925,451,-65.63284,0
108935,452,-65.49229,0
108945,458,-64.64905,0
108955,446,-66.33555,0
108965,454,-65.21122,0
108975,456,-64.93014,0
108985,452,-65.49229,0
108995,457,-64.7896,0
109005,453,-65.35176,0
109015,456,-64.93014,0
109025,458,-64.64905,0
109035,459,-64.50851,0
109045,457,-64.7896,0
109055,457,-64.7896,0
109065,455,-65.07068,0
109075,462,-64.08688,0
109085,452,-65.49229,0
109095,452,-65.49229,0
109105,452,-65.49229,0
109115,453,-65.35176,0
109125,457,-64.7896,0
109135,454,-65.21122,0
109145,459,-64.50851,0
109155,458,-64.64905,0
109165,458,-64.64905,0
109175,458,-64.64905,0
109185,451,-65.63284,0
109195,461,-64.22743,0
109205,458,-64.64905,0
109215,458,-64.64905,0
109225,455,-65.07068,0
109235,459,-64.50851,0
109245,455,-65.07068,0
109255,455,-65.07068,0
109265,457,-64.7896,0
109275,461,-64.22743,0
109285,459,-64.50851,0
109295,453,-65.35176,0
109305,453,-65.35176,0
109315,457,-64.7896,0
109325,456,-64.93014,0
109335,458,-64.64905,0
109345,443,-66.75717,0
109355,452,-65.49229,0
109365,457,-64.7896,0
109375,452,-65.49229,0
109385,454,-65.21122,0
109395,453,-65.35176,0
109405,456,-64.93014,0
109415,457,-64.7896,0
109425,461,-64.22743,0
109435,456,-64.93014,0
109445,459,-64.50851,0
109455,458,-64.64905,0
109465,450,-65.77338,0
109475,463,-63.94635,0
109485,456,-64.93014,0
109495,460,-64.36797,0
109505,462,-64.08688,0
109515,458,-64.64905,0
109525,456,-64.93014,0
109535,456,-64.93014,0
109545,455,-65.07068,0
109555,457,-64.7896,0
109565,459,-64.50851,0
109575,454,-65.21122,0
109585,461,-64.22743,0
109595,456,-64.93014,0
109605,458,-64.64905,0
109615,457,-64.7896,0
109625,455,-65.07068,0
109635,456,-64.93014,0
109645,457,-64.7896,0
109655,459,-64.50851,0
109665,459,-64.50851,0
109675,457,-64.7896,0
109685,452,-65.49229,0
109695,457,-64.7896,0
109705,461,-64.22743,0
109715,453,-65.35176,0
109725,462,-64.08688,0
109735,458,-64.64905,0
109745,462,-64.08688,0
109755,458,-64.64905,0
109765,460,-64.36797,0
109775,460,-64.36797,0
109785,457,-64.7896,0
109795,455,-65.07068,0
109805,449,-65.91393,0
109815,451,-65.63284,0
109825,445,-66.47609,0
109835,459,-64.50851,0
109845,463,-63.94635,0
109855,449,-65.91393,0
109865,457,-64.7896,0
109875,464,-63.80581,0
109885,458,-64.64905,0
109895,453,-65.35176,0
109905,457,-64.7896,0
109915,460,-64.36797,0
109925,457,-64.7896,0
109935,457,-64.7896,0
109945,454,-65.21122,0
109955,461,-64.22743,0
109965,454,-65.21122,0
109975,454,-65.21122,0
109985,456,-64.93014,0
109995,461,-64.22743,0
110005,457,-64.7896,0
110015,461,-64.22743,0
110025,452,-65.49229,0
110035,455,-65.07068,0
110045,459,-64.50851,0
110055,453,-65.35176,0
110065,456,-64.93014,0
110075,455,-65.07068,0
110085,456,-64.93014,0
110095,458,-64.64905,0
110105,458,-64.64905,0
110115,457,-64.7896,0
110125,451,-65.63284,0
110135,455,-65.07068,0
110145,459,-64.50851,0
110155,461,-64.22743,0
110165,453,-65.35176,0
110175,455,-65.07068,0
110185,456,-64.93014,0
110195,454,-65.21122,0
110205,460,-64.36797,0
110215,449,-65.91393,0
110225,457,-64.7896,0
110235,461,-64.22743,0
110245,457,-64.7896,0
110255,458,-64.64905,0
110265,458,-64.64905,0
110275,450,-65.77338,0
110285,459,-64.50851,0
110295,456,-64.93014,0
110305,459,-64.50851,0
110315,456,-64.93014,0
110325,455,-65.07068,0
110335,457,-64.7896,0
110345,448,-66.05447,0
110355,459,-64.50851,0
110365,452,-65.49229,0
110375,450,-65.77338,0
110385,458,-64.64905,0
110395,459,-64.50851,0
110405,457,-64.7896,0
110415,451,-65.63284,0
110425,454,-65.21122,0
110435,457,-64.7896,0
110445,460,-64.36797,0
110455,460,-64.36797,0
110465,449,-65.91393,0
110475,456,-64.93014,0
110485,456,-64.93014,0
110495,450,-65.77338,0
110505,456,-64.93014,0
110515,459,-64.50851,0
110525,459,-64.50851,0
110535,456,-64.93014,0
110545,458,-64.64905,0
110555,458,-64.64905,0
110565,462,-64.08688,0
110575,457,-64.7896,0
110585,456,-64.93014,0
110595,459,-64.50851,0
110605,457,-64.7896,0
110615,456,-64.93014,0
110625,453,-65.35176,0
110635,463,-63.94635,0
110645,458,-64.64905,0
110655,457,-64.7896,0
110665,459,-64.50851,0
110675,452,-65.49229,0
110685,452,-65.49229,0
110695,463,-63.94635,0
110705,460,-64.36797,0
110715,460,-64.36797,0
110725,461,-64.22743,0
110735,460,-64.36797,0
110745,456,-64.93014,0
110755,456,-64.93014,0
110765,456,-64.93014,0
110775,455,-65.07068,0
110785,457,-64.7896,0
110795,457,-64.7896,0
110805,448,-66.05447,0
110815,459,-64.50851,0
110825,448,-66.05447,0
110835,450,-65.77338,0
110845,459,-64.50851,0
110855,453,-65.35176,0
110865,459,-64.50851,0
110875,455,-65.07068,0
110885,448,-66.05447,0
110895,455,-65.07068,0
110905,458,-64.64905,0
110915,456,-64.93014,0
110925,455,-65.07068,0
110935,459,-64.50851,0
110945,457,-64.7896,0
110955,461,-64.22743,0
110965,457,-64.7896,0
110975,459,-64.50851,0
110985,459,-64.50851,0
110995,456,-64.93014,0
111005,459,-64.50851,0
111015,461,-64.22743,0
111025,450,-65.77338,0
111035,461,-64.22743,0
111045,455,-65.07068,0
111055,458,-64.64905,0
111065,460,-64.36797,0
111075,455,-65.07068,0
111085,458,-64.64905,0
111095,459,-64.50851,0
111105,460,-64.36797,0
111115,460,-64.36797,0
111125,455,-65.07068,0
111135,458,-64.64905,0
111145,458,-64.64905,0
111155,462,-64.08688,0
111165,456,-64.93014,0
111175,461,-64.22743,1
111185,457,-64.7896,1
111195,457,-64.7896,1
111205,448,-66.05447,1
111215,455,-65.07068,1
111225,451,-65.63284,1
111235,441,-67.03825,1
111245,438,-67.45988,1
111255,428,-68.8653,1
111265,431,-68.44367,1
111275,418,-70.27071,1
111285,423,-69.568,1
111295,419,-70.13017,1
111305,412,-71.11396,1
111315,407,-71.81667,1
111325,400,-72.80046,1
111335,405,-72.09775,1
111345,393,-73.78425,1
111355,392,-73.92479,1
111365,396,-73.36263,1
111375,381,-75.47075,1
111385,393,-73.78425,1
111395,390,-74.20587,1
111405,387,-74.62749,1
111415,384,-75.04912,1
111425,380,-75.61128,1
111435,384,-75.04912,1
111445,382,-75.3302,1
111455,373,-76.59508,1
111465,363,-78.00049,1
111475,369,-77.15724,1
111485,372,-76.73562,1
111495,371,-76.87616,1
111505,375,-76.314,1
111515,370,-77.0167,1
111525,365,-77.71941,1
111535,364,-77.85995,1
111545,371,-76.87616,1
111555,366,-77.57887,1
111565,369,-77.15724,1
111575,362,-78.14103,1
111585,365,-77.71941,1
111595,362,-78.14103,1
111605,367,-77.43832,1
111615,367,-77.43832,1
111625,362,-78.14103,1
111635,363,-78.00049,1
111645,365,-77.71941,1
111655,368,-77.29778,1
111665,362,-78.14103,1
111675,363,-78.00049,1
111685,364,-77.85995,1
111695,366,-77.57887,1
111705,362,-78.14103,1
111715,365,-77.71941,1
111725,367,-77.43832,1
111735,365,-77.71941,1
111745,361,-78.28157,1
111755,363,-78.00049,1
111765,365,-77.71941,1
111775,360,-78.42212,1
111785,367,-77.43832,1
111795,368,-77.29778,1
111805,365,-77.71941,1
111815,362,-78.14103,1
111825,366,-77.57887,1
111835,363,-78.00049,1
111845,358,-78.7032,1
111855,358,-78.7032,1
111865,360,-78.42212,1
111875,356,-78.98428,1
111885,361,-78.28157,1
111895,360,-78.42212,1
111905,361,-78.28157,1
111915,363,-78.00049,1
111925,361,-78.28157,1
111935,361,-78.28157,1
111945,360,-78.42212,1
111955,361,-78.28157,1
111965,360,-78.42212,1
111975,359,-78.56265,1
111985,366,-77.57887,1
111995,355,-79.12482,1
112005,363,-78.00049,1
112015,364,-77.85995,1
112025,353,-79.40591,1
112035,356,-78.98428,1
112045,354,-79.26537,1
112055,365,-77.71941,1
112065,361,-78.28157,1
112075,365,-77.71941,1
112085,359,-78.56265,1
112095,362,-78.14103,1
112105,362,-78.14103,1
112115,359,-78.56265,1
112125,352,-79.54644,1
112135,359,-78.56265,1
112145,358,-78.7032,1
112155,361,-78.28157,1
112165,364,-77.85995,1
112175,360,-78.42212,1
112185,360,-78.42212,1
112195,359,-78.56265,1
112205,358,-78.7032,1
112215,356,-78.98428,1
112225,360,-78.42212,1
112235,360,-78.42212,1
112245,361,-78.28157,1
112255,360,-78.42212,1
112265,353,-79.40591,1
112275,355,-79.12482,1
112285,362,-78.14103,1
112295,362,-78.14103,1
112305,362,-78.14103,1
112315,367,-77.43832,1
112325,357,-78.84373,1
112335,365,-77.71941,1
112345,356,-78.98428,1
112355,361,-78.28157,1
112365,362,-78.14103,1
112375,354,-79.26537,1
112385,365,-77.71941,1
112395,362,-78.14103,1
112405,362,-78.14103,1
112415,361,-78.28157,1
112425,360,-78.42212,1
112435,363,-78.00049,1
112445,364,-77.85995,1
112455,359,-78.56265,1
112465,360,-78.42212,1
112475,366,-77.57887,1
112485,364,-77.85995,1
112495,358,-78.7032,1
112505,363,-78.00049,1
112515,364,-77.85995,1
112525,359,-78.56265,1
112535,360,-78.42212,1
112545,361,-78.28157,1
112555,362,-78.14103,1
112565,363,-78.00049,1
112575,360,-78.42212,1
112585,362,-78.14103,1
112595,360,-78.42212,1
112605,359,-78.56265,1
112615,357,-78.84373,1
112625,361,-78.28157,1
112635,359,-78.56265,1
112645,367,-77.43832,1
112655,365,-77.71941,1
112665,357,-78.84373,1
112675,357,-78.84373,1
112685,364,-77.85995,1
112695,366,-77.57887,1
112705,361,-78.28157,1
112715,365,-77.71941,1
112725,361,-78.28157,1
112735,362,-78.14103,1
112745,361,-78.28157,1
112755,358,-78.7032,1
112765,365,-77.71941,1
112775,358,-78.7032,1
112785,359,-78.56265,1
112795,364,-77.85995,1
112805,361,-78.28157,1
112815,365,-77.71941,1
112825,362,-78.14103,1
112835,367,-77.43832,1
112845,362,-78.14103,1
112855,358,-78.7032,1
112865,361,-78.28157,1
112875,361,-78.28157,1
112885,355,-79.12482,1
112895,360,-78.42212,1
112905,361,-78.28157,1
112915,361,-78.28157,1
112925,362,-78.14103,1
112935,359,-78.56265,1
112945,362,-78.14103,1
112955,365,-77.71941,1
112965,362,-78.14103,1
112975,360,-78.42212,1
112985,362,-78.14103,1
112995,358,-78.7032,1
113005,367,-77.43832,1
113015,361,-78.28157,1
113025,362,-78.14103,1
113035,365,-77.71941,1
113045,364,-77.85995,1
113055,363,-78.00049,1
113065,362,-78.14103,1
113075,359,-78.56265,1
113085,364,-77.85995,1
113095,361,-78.28157,1
113105,364,-77.85995,1
113115,363,-78.00049,1
113125,360,-78.42212,1
113135,361,-78.28157,1
113145,362,-78.14103,1
113155,364,-77.85995,1
113165,362,-78.14103,1
113175,362,-78.14103,1
113185,354,-79.26537,1
113195,364,-77.85995,1
113205,362,-78.14103,1
113215,363,-78.00049,1
113225,362,-78.14103,1
113235,359,-78.56265,1
113245,364,-77.85995,1
113255,358,-78.7032,1
113265,362,-78.14103,1
113275,364,-77.85995,1
113285,362,-78.14103,1
113295,365,-77.71941,1
113305,362,-78.14103,1
113315,365,-77.71941,1
113325,365,-77.71941,1
113335,363,-78.00049,1
113345,363,-78.00049,1
113355,361,-78.28157,1
113365,364,-77.85995,1
113375,363,-78.00049,1
113385,365,-77.71941,1
113395,360,-78.42212,1
113405,363,-78.00049,1
113415,363,-78.00049,1
113425,369,-77.15724,1
113435,365,-77.71941,1
113445,358,-78.7032,1
113455,361,-78.28157,1
113465,356,-78.98428,1
113475,366,-77.57887,1
113485,361,-78.28157,1
113495,364,-77.85995,1
113505,365,-77.71941,1
113515,365,-77.71941,1
113525,366,-77.57887,1
113535,360,-78.42212,1
113545,364,-77.85995,1
113555,367,-77.43832,1
113565,363,-78.00049,1
113575,366,-77.57887,1
113585,365,-77.71941,1
113595,365,-77.71941,1
113605,367,-77.43832,1
113615,367,-77.43832,1
113625,362,-78.14103,1
113635,362,-78.14103,1
113645,368,-77.29778,1
113655,368,-77.29778,1
113665,359,-78.56265,1
113675,362,-78.14103,1
113685,366,-77.57887,1
113695,367,-77.43832,1
113705,363,-78.00049,1
113715,362,-78.14103,1
113725,364,-77.85995,1
113735,365,-77.71941,1
113745,361,-78.28157,1
113755,364,-77.85995,1
113765,361,-78.28157,1
113775,363,-78.00049,1
113785,365,-77.71941,1
113795,361,-78.28157,1
113805,353,-79.40591,1
113815,365,-77.71941,1
113825,367,-77.43832,1
113835,366,-77.57887,1
113845,357,-78.84373,1
113855,367,-77.43832,1
113865,362,-78.14103,1
113875,360,-78.42212,1
113885,365,-77.71941,1
113895,363,-78.00049,1
113905,363,-78.00049,1
113915,363,-78.00049,1
113925,363,-78.00049,1
113935,366,-77.57887,1
113945,365,-77.71941,1
113955,366,-77.57887,1
113965,362,-78.14103,1
113975,368,-77.29778,1
113985,364,-77.85995,1
113995,368,-77.29778,1
114005,363,-78.00049,1
114015,366,-77.57887,1
114025,365,-77.71941,1
114035,366,-77.57887,1
114045,367,-77.43832,1
114055,365,-77.71941,1
114065,365,-77.71941,1
114075,365,-77.71941,1
114085,365,-77.71941,1
114095,363,-78.00049,1
114105,362,-78.14103,1
114115,360,-78.42212,1
114125,361,-78.28157,1
114135,367,-77.43832,1
114145,366,-77.57887,1
114155,371,-76.87616,1
114165,364,-77.85995,1
114175,362,-78.14103,1
114185,365,-77.71941,1
114195,355,-79.12482,1
114205,362,-78.14103,1
114215,362,-78.14103,1
114225,354,-79.26537,1
114235,360,-78.42212,1
114245,361,-78.28157,1
114255,356,-78.98428,1
114265,369,-77.15724,1
114275,362,-78.14103,1
114285,364,-77.85995,1
114295,366,-77.57887,1
114305,366,-77.57887,1
114315,369,-77.15724,1
114325,362,-78.14103,1
114335,365,-77.71941,1
114345,357,-78.84373,1
114355,364,-77.85995,1
114365,367,-77.43832,1
114375,360,-78.42212,1
114385,368,-77.29778,1
114395,365,-77.71941,1
114405,358,-78.7032,1
114415,386,-74.76804,1
114425,530,-54.53007,1
114435,626,-41.03809,1
114445,707,-29.65424,1
114455,781,-19.25417,1
114465,845,-10.25951,1
114475,906,-1.686485,1
114485,965,6.605461,1
114495,997,11.10279,1
114505,1034,16.30281,1
114515,1088,23.89206,0
114525,1104,26.14072,0
114535,1118,28.10831,0
114545,1101,25.71909,0
114555,1106,26.42181,0
114565,1089,24.03259,0
114575,1019,14.19469,0
114585,1046,17.98931,0
114595,1018,14.05417,0
114605,1029,15.60012,0
114615,1021,14.47578,0
114625,1027,15.31904,0
114635,1029,15.60012,0
114645,1021,14.47578,0
114655,1025,15.03793,0
114665,1031,15.8812,0
114675,1027,15.31904,0
114685,1021,14.47578,0
114695,1017,13.91361,0
114705,1016,13.77306,0
114715,1011,13.07035,0
114725,1020,14.33523,0
114735,1018,14.05417,0
114745,1014,13.49198,0
114755,1013,13.35146,0
114765,1016,13.77306,0
114775,1017,13.91361,0
114785,1011,13.07035,0
114795,1008,12.64874,0
114805,1016,13.77306,0
114815,1011,13.07035,0
114825,1004,12.08659,0
114835,1006,12.36766,0
114845,1002,11.80548,0
114855,1011,13.07035,0
114865,1005,12.22711,0
114875,1011,13.07035,0
114885,1009,12.78928,0
114895,1009,12.78928,0
114905,1012,13.21091,0
114915,1007,12.50819,0
114925,1008,12.64874,0
114935,1006,12.36766,0
114945,1011,13.07035,0
114955,1010,12.92982,0
114965,997,11.10279,0
114975,1008,12.64874,0
114985,1009,12.78928,0
114995,1006,12.36766,0
115005,994,10.68116,0
115015,1009,12.78928,0
115025,1006,12.36766,0
115035,1009,12.78928,0
115045,997,11.10279,0
115055,1005,12.22711,0
115065,998,11.24332,0
115075,1004,12.08659,0
115085,1004,12.08659,0
115095,998,11.24332,0
115105,1008,12.64874,0
115115,1003,11.94603,0
115125,1006,12.36766,0
115135,1004,12.08659,0
115145,1010,12.92982,0
115155,1003,11.94603,0
115165,1005,12.22711,0
115175,995,10.82171,0
115185,1005,12.22711,0
115195,996,10.96224,0
115205,992,10.40008,0
115215,997,11.10279,0
115225,996,10.96224,0
115235,1000,11.5244,0
115245,1000,11.5244,0
115255,1001,11.66496,0
115265,1001,11.66496,0
115275,998,11.24332,0
115285,996,10.96224,0
115295,998,11.24332,0
115305,986,9.556839,0
115315,1001,11.66496,0
115325,999,11.38387,0
115335,997,11.10279,0
115345,990,10.119,0
115355,1000,11.5244,0
115365,994,10.68116,0
115375,989,9.978447,0
115385,997,11.10279,0
115395,989,9.978447,0
115405,999,11.38387,0
115415,991,10.25953,0
115425,990,10.119,0
115435,980,8.713577,0
115445,981,8.854126,0
115455,975,8.010864,0
115465,978,8.432495,0
115475,977,8.291969,0
115485,974,7.870338,0
115495,974,7.870338,0
115505,975,8.010864,0
115515,970,7.308151,0
115525,976,8.151413,0
115535,973,7.729782,0
115545,961,6.043282,0
115555,968,7.0271,0
115565,972,7.589256,0
115575,970,7.308151,0
115585,965,6.605461,0
115595,959,5.762199,0
115605,960,5.902756,0
115615,961,6.043282,0
115625,961,6.043282,0
115635,960,5.902756,0
115645,947,4.075722,0
115655,956,5.340591,0
115665,949,4.356804,0
115675,954,5.059509,0
115685,947,4.075722,0
115695,946,3.935165,0
115705,949,4.356804,0
115715,948,4.216248,0
115725,950,4.49733,0
115735,943,3.513535,0
115745,941,3.23246,0
115755,949,4.356804,0
115765,942,3.373009,0
115775,943,3.513535,0
115785,941,3.23246,0
115795,937,2.670296,0
115805,937,2.670296,0
115815,934,2.248665,0
115825,938,2.810829,0
115835,951,4.637878,0
115845,941,3.23246,0
115855,949,4.356804,0
115865,942,3.373009,0
115875,944,3.654091,0
115885,945,3.79464,0
115895,935,2.389214,0
115905,947,4.075722,0
115915,941,3.23246,0
115925,949,4.356804,0
115935,947,4.075722,0
115945,943,3.513535,0
115955,946,3.935165,0
115965,941,3.23246,0
115975,933,2.108139,0
115985,943,3.513535,0
115995,945,3.79464,0
116005,947,4.075722,0
116015,950,4.49733,0
116025,946,3.935165,0
116035,948,4.216248,0
116045,946,3.935165,0
116055,941,3.23246,0
116065,946,3.935165,0
116075,945,3.79464,0
116085,945,3.79464,0
116095,931,1.827057,0
116105,950,4.49733,0
116115,948,4.216248,0
116125,943,3.513535,0
116135,945,3.79464,0
116145,938,2.810829,0
116155,947,4.075722,0
116165,943,3.513535,0
116175,950,4.49733,0
116185,949,4.356804,0
116195,939,2.951378,0
116205,942,3.373009,0
116215,939,2.951378,0
116225,944,3.654091,0
116235,945,3.79464,0
116245,943,3.513535,0
116255,942,3.373009,0
116265,933,2.108139,0
116275,946,3.935165,0
116285,947,4.075722,0
116295,935,2.389214,0
116305,939,2.951378,0
116315,944,3.654091,0
116325,941,3.23246,0
116335,949,4.356804,0
116345,934,2.248665,0
116355,943,3.513535,0
116365,940,3.091927,0
116375,945,3.79464,0
116385,946,3.935165,0
116395,941,3.23246,0
116405,945,3.79464,0
116415,936,2.52977,0
116425,942,3.373009,0
116435,948,4.216248,0
116445,937,2.670296,0
116455,943,3.513535,0
116465,942,3.373009,0
116475,947,4.075722,0
116485,942,3.373009,0
116495,942,3.373009,0
116505,948,4.216248,0
116515,946,3.935165,0
116525,945,3.79464,0
116535,938,2.810829,0
116545,939,2.951378,0
116555,949,4.356804,0
116565,946,3.935165,0
116575,944,3.654091,0
116585,947,4.075722,0
116595,935,2.389214,0
116605,947,4.075722,0
116615,944,3.654091,0
116625,946,3.935165,0
116635,948,4.216248,0
116645,944,3.654091,0
116655,949,4.356804,0
116665,944,3.654091,0
116675,947,4.075722,0
116685,946,3.935165,0
116695,944,3.654091,0
116705,944,3.654091,0
116715,944,3.654091,0
116725,947,4.075722,0
116735,942,3.373009,0
116745,936,2.52977,0
116755,945,3.79464,0
116765,943,3.513535,0
116775,939,2.951378,0
116785,944,3.654091,0
116795,949,4.356804,0
116805,939,2.951378,0
116815,952,4.778412,0
116825,940,3.091927,0
116835,945,3.79464,0
116845,947,4.075722,0
116855,946,3.935165,0
116865,941,3.23246,0
116875,944,3.654091,0
116885,945,3.79464,0
116895,946,3.935165,0
116905,951,4.637878,0
116915,938,2.810829,0
116925,940,3.091927,0
116935,938,2.810829,0
116945,940,3.091927,0
116955,943,3.513535,0
116965,945,3.79464,0
116975,948,4.216248,0
116985,936,2.52977,0
116995,947,4.075722,0
117005,949,4.356804,0
117015,940,3.091927,0
117025,948,4.216248,0
117035,946,3.935165,0
117045,941,3.23246,0
117055,943,3.513535,0
117065,946,3.935165,0
117075,948,4.216248,0
117085,948,4.216248,0
117095,944,3.654091,0
117105,947,4.075722,0
117115,950,4.49733,0
117125,947,4.075722,0
117135,946,3.935165,0
117145,950,4.49733,0
117155,948,4.216248,0
117165,948,4.216248,0
117175,948,4.216248,0
117185,948,4.216248,0
117195,949,4.356804,0
117205,948,4.216248,0
117215,938,2.810829,0
117225,942,3.373009,0
117235,948,4.216248,0
117245,940,3.091927,0
117255,941,3.23246,0
117265,941,3.23246,0
117275,942,3.373009,0
117285,944,3.654091,0
117295,948,4.216248,0
117305,946,3.935165,0
117315,934,2.248665,0
117325,941,3.23246,0
117335,938,2.810829,0
117345,936,2.52977,0
117355,949,4.356804,0
117365,948,4.216248,0
117375,946,3.935165,0
117385,947,4.075722,0
117395,946,3.935165,0
117405,945,3.79464,0
117415,941,3.23246,0
117425,945,3.79464,0
117435,949,4.356804,0
117445,951,4.637878,0
117455,947,4.075722,0
117465,945,3.79464,0
117475,944,3.654091,0
117485,944,3.654091,0
117495,947,4.075722,0
117505,946,3.935165,0
117515,941,3.23246,0
117525,947,4.075722,0
117535,950,4.49733,0
117545,945,3.79464,0
117555,940,3.091927,0
117565,943,3.513535,0
117575,934,2.248665,0
117585,945,3.79464,0
117595,941,3.23246,0
117605,942,3.373009,0
117615,943,3.513535,0
117625,944,3.654091,0
117635,949,4.356804,0
117645,939,2.951378,0
117655,944,3.654091,0
117665,940,3.091927,0
117675,945,3.79464,0
117685,942,3.373009,0
117695,945,3.79464,0
117705,949,4.356804,0
117715,941,3.23246,0
117725,946,3.935165,0
117735,945,3.79464,0
117745,942,3.373009,0
117755,939,2.951378,0
117765,950,4.49733,0
117775,942,3.373009,0
117785,941,3.23246,0
117795,941,3.23246,0
117805,936,2.52977,0
117815,937,2.670296,0
117825,943,3.513535,0
117835,932,1.967583,0
117845,946,3.935165,0
117855,938,2.810829,0
117865,937,2.670296,0
117875,940,3.091927,0
117885,938,2.810829,0
117895,938,2.810829,0
117905,942,3.373009,0
117915,943,3.513535,0
117925,945,3.79464,0
117935,938,2.810829,0
117945,938,2.810829,0
117955,941,3.23246,0
117965,937,2.670296,0
117975,937,2.670296,0
117985,940,3.091927,0
117995,940,3.091927,0
118005,936,2.52977,0
118015,932,1.967583,0
118025,941,3.23246,0
118035,942,3.373009,0
118045,942,3.373009,0
118055,941,3.23246,0
118065,948,4.216248,0
118075,928,1.405426,0
118085,938,2.810829,0
118095,930,1.686508,0
118105,943,3.513535,0
118115,937,2.670296,0
118125,945,3.79464,0
118135,943,3.513535,0
118145,937,2.670296,0
118155,945,3.79464,0
118165,939,2.951378,0
118175,940,3.091927,0
118185,937,2.670296,0
118195,939,2.951378,0
118205,939,2.951378,0
118215,938,2.810829,0
118225,944,3.654091,0
118235,935,2.389214,0
118245,940,3.091927,0
118255,935,2.389214,0
118265,941,3.23246,0
118275,940,3.091927,0
118285,940,3.091927,0
118295,940,3.091927,0
118305,942,3.373009,0
118315,939,2.951378,0
118325,934,2.248665,0
118335,945,3.79464,0
118345,947,4.075722,0
118355,946,3.935165,0
118365,940,3.091927,0
118375,938,2.810829,0
118385,936,2.52977,0
118395,938,2.810829,0
118405,934,2.248665,0
118415,943,3.513535,0
118425,940,3.091927,0
118435,937,2.670296,0
118445,936,2.52977,0
118455,940,3.091927,0
118465,941,3.23246,0
118475,945,3.79464,0
118485,937,2.670296,0
118495,933,2.108139,0
118505,934,2.248665,0
118515,940,3.091927,0
118525,938,2.810829,0
118535,948,4.216248,0
118545,941,3.23246,0
118555,935,2.389214,0
118565,936,2.52977,0
118575,938,2.810829,0
118585,936,2.52977,0
118595,936,2.52977,0
118605,939,2.951378,0
118615,935,2.389214,0
118625,945,3.79464,0
118635,945,3.79464,0
118645,940,3.091927,0
118655,948,4.216248,0
118665,939,2.951378,0
118675,943,3.513535,0
118685,940,3.091927,0
118695,928,1.405426,0
118705,946,3.935165,0
118715,936,2.52977,0
118725,947,4.075722,0
118735,944,3.654091,0
118745,944,3.654091,0
118755,943,3.513535,0
118765,938,2.810829,0
118775,944,3.654091,0
118785,945,3.79464,0
118795,945,3.79464,0
118805,935,2.389214,0
118815,938,2.810829,0
118825,937,2.670296,0
118835,940,3.091927,0
118845,933,2.108139,0
118855,943,3.513535,0
118865,942,3.373009,0
118875,939,2.951378,0
118885,947,4.075722,0
118895,939,2.951378,0
118905,946,3.935165,0
118915,928,1.405426,0
118925,937,2.670296,0
118935,938,2.810829,0
118945,932,1.967583,0
118955,939,2.951378,0
118965,935,2.389214,0
118975,946,3.935165,0
118985,933,2.108139,0
118995,937,2.670296,0
119005,946,3.935165,0
119015,946,3.935165,0
119025,937,2.670296,0
119035,940,3.091927,0
119045,941,3.23246,0
119055,941,3.23246,0
119065,937,2.670296,0
119075,943,3.513535,0
119085,941,3.23246,0
119095,941,3.23246,0
119105,946,3.935165,0
119115,940,3.091927,0
119125,934,2.248665,0
119135,940,3.091927,0
119145,948,4.216248,0
119155,939,2.951378,0
119165,938,2.810829,0
119175,941,3.23246,0
119185,936,2.52977,0
119195,942,3.373009,0
119205,939,2.951378,0
119215,942,3.373009,0
119225,942,3.373009,0
119235,939,2.951378,0
119245,944,3.654091,0
119255,949,4.356804,0
119265,942,3.373009,0
119275,944,3.654091,0
119285,946,3.935165,0
119295,944,3.654091,0
119305,941,3.23246,0
119315,931,1.827057,0
119325,937,2.670296,0
119335,953,4.918961,0
119345,937,2.670296,0
119355,943,3.513535,0
119365,941,3.23246,0
119375,946,3.935165,0
119385,942,3.373009,0
119395,945,3.79464,0
119405,949,4.356804,0
119415,947,4.075722,0
119425,946,3.935165,0
119435,941,3.23246,0
119445,946,3.935165,0
119455,943,3.513535,0
119465,951,4.637878,0
119475,945,3.79464,0
119485,942,3.373009,0
119495,940,3.091927,0
119505,941,3.23246,0
119515,936,2.52977,0
119525,945,3.79464,0
119535,939,2.951378,0
119545,944,3.654091,0
119555,944,3.654091,0
119565,951,4.637878,0
119575,946,3.935165,0
119585,944,3.654091,0
119595,939,2.951378,0
119605,949,4.356804,0
119615,947,4.075722,0
119625,946,3.935165,1
119635,944,3.654091,1
119645,955,5.200043,1
119655,939,2.951378,1
119665,944,3.654091,1
119675,945,3.79464,1
119685,899,-2.670273,1
119695,867,-7.167603,1
119705,820,-13.77306,1
119715,800,-16.58388,1
119725,769,-20.94067,1
119735,737,-25.438,1
119745,716,-28.38937,1
119755,676,-34.01102,1
119765,664,-35.69751,1
119775,651,-37.52456,1
119785,625,-41.17863,1
119795,610,-43.28675,1
119805,591,-45.95704,1
119815,574,-48.34625,1
119825,562,-50.03274,1
119835,551,-51.5787,1
119845,536,-53.68682,1
119855,526,-55.09224,1
119865,517,-56.35711,1
119875,493,-59.7301,1
119885,491,-60.01118,1
119895,488,-60.43281,1
119905,478,-61.83822,1
119915,470,-62.96255,1
119925,463,-63.94635,1
119935,459,-64.50851,1
119945,454,-65.21122,1
119955,434,-68.02205,1
119965,437,-67.60042,1
119975,436,-67.74097,1
119985,427,-69.00584,1
119995,430,-68.58421,1
120005,420,-69.98962,1
120015,420,-69.98962,1
120025,412,-71.11396,1
120035,409,-71.53558,1
120045,408,-71.67612,1
120055,401,-72.65991,1
120065,399,-72.941,1
120075,393,-73.78425,1
120085,396,-73.36263,1
120095,392,-73.92479,1
120105,387,-74.62749,1
120115,386,-74.76804,1
120125,387,-74.62749,1
120135,382,-75.3302,1
120145,376,-76.17345,1
120155,380,-75.61128,1
120165,375,-76.314,1
120175,377,-76.03291,1
120185,369,-77.15724,1
120195,373,-76.59508,1
120205,368,-77.29778,1
120215,373,-76.59508,1
120225,373,-76.59508,1
120235,369,-77.15724,1
120245,374,-76.45454,1
120255,368,-77.29778,1
120265,369,-77.15724,1
120275,373,-76.59508,1
120285,371,-76.87616,1
120295,368,-77.29778,1
120305,362,-78.14103,1
120315,364,-77.85995,1
120325,363,-78.00049,1
120335,365,-77.71941,1
120345,364,-77.85995,1
120355,362,-78.14103,1
120365,359,-78.56265,1
120375,364,-77.85995,1
120385,363,-78.00049,1
120395,361,-78.28157,1
120405,365,-77.71941,1
120415,354,-79.26537,1
120425,362,-78.14103,1
120435,360,-78.42212,1
120445,360,-78.42212,1
120455,359,-78.56265,1
120465,367,-77.43832,1
120475,352,-79.54644,1
120485,358,-78.7032,1
120495,364,-77.85995,1
120505,366,-77.57887,1
120515,356,-78.98428,1
120525,364,-77.85995,1
120535,362,-78.14103,1
120545,363,-78.00049,1
120555,364,-77.85995,1
120565,364,-77.85995,1
120575,356,-78.98428,1
120585,363,-78.00049,1
120595,360,-78.42212,1
120605,356,-78.98428,1
120615,357,-78.84373,1
120625,355,-79.12482,1
120635,355,-79.12482,1
120645,359,-78.56265,1
120655,359,-78.56265,1
120665,356,-78.98428,1
120675,360,-78.42212,1
120685,363,-78.00049,1
120695,357,-78.84373,1
120705,352,-79.54644,1
120715,360,-78.42212,1
120725,356,-78.98428,1
120735,356,-78.98428,1
120745,361,-78.28157,1
120755,355,-79.12482,1
120765,359,-78.56265,1
120775,351,-79.68699,1
120785,362,-78.14103,1
120795,361,-78.28157,1
120805,358,-78.7032,1
120815,361,-78.28157,1
120825,355,-79.12482,1
120835,359,-78.56265,1
120845,348,-80.10861,1
120855,363,-78.00049,1
120865,360,-78.42212,1
120875,350,-79.82753,1
120885,355,-79.12482,1
120895,349,-79.96807,1
120905,358,-78.7032,1
120915,354,-79.26537,1
120925,352,-79.54644,1
120935,354,-79.26537,1
120945,360,-78.42212,1
120955,364,-77.85995,1
120965,358,-78.7032,1
120975,360,-78.42212,1
120985,356,-78.98428,1
120995,361,-78.28157,1
121005,357,-78.84373,1
121015,364,-77.85995,1
121025,357,-78.84373,1
121035,362,-78.14103,1
121045,356,-78.98428,1
121055,362,-78.14103,1
121065,354,-79.26537,1
121075,363,-78.00049,1
121085,360,-78.42212,1
121095,353,-79.40591,1
121105,357,-78.84373,1
121115,353,-79.40591,1
121125,356,-78.98428,1
121135,357,-78.84373,1
121145,353,-79.40591,1
121155,357,-78.84373,1
121165,357,-78.84373,1
121175,364,-77.85995,1
121185,363,-78.00049,1
121195,355,-79.12482,1
121205,361,-78.28157,1
121215,357,-78.84373,1
121225,360,-78.42212,1
121235,355,-79.12482,1
121245,362,-78.14103,1
121255,365,-77.71941,1
121265,367,-77.43832,1
121275,356,-78.98428,1
121285,359,-78.56265,1
121295,359,-78.56265,1
121305,352,-79.54644,1
121315,356,-78.98428,1
121325,355,-79.12482,1
121335,357,-78.84373,1
121345,362,-78.14103,1
121355,361,-78.28157,1
121365,362,-78.14103,1
121375,360,-78.42212,1
121385,362,-78.14103,1
121395,359,-78.56265,1
121405,362,-78.14103,1
121415,356,-78.98428,1
121425,359,-78.56265,1
121435,363,-78.00049,1
121445,360,-78.42212,1
121455,356,-78.98428,1
121465,361,-78.28157,1
121475,359,-78.56265,1
121485,361,-78.28157,1
121495,365,-77.71941,1
121505,361,-78.28157,1
121515,360,-78.42212,1
121525,361,-78.28157,1
121535,361,-78.28157,1
121545,357,-78.84373,1
121555,361,-78.28157,1
121565,366,-77.57887,1
121575,347,-80.24915,1
121585,365,-77.71941,1
121595,361,-78.28157,1
121605,360,-78.42212,1
121615,359,-78.56265,1
121625,365,-77.71941,1
121635,362,-78.14103,1
121645,364,-77.85995,1
121655,355,-79.12482,1
121665,360,-78.42212,1
121675,363,-78.00049,1
121685,359,-78.56265,1
121695,363,-78.00049,1
121705,363,-78.00049,1
121715,361,-78.28157,1
121725,362,-78.14103,1
121735,359,-78.56265,1
121745,351,-79.68699,1
121755,362,-78.14103,1
121765,360,-78.42212,1
121775,358,-78.7032,1
121785,356,-78.98428,1
121795,363,-78.00049,1
121805,359,-78.56265,1
121815,364,-77.85995,1
121825,356,-78.98428,1
121835,361,-78.28157,1
121845,361,-78.28157,1
121855,364,-77.85995,1
121865,360,-78.42212,1
121875,361,-78.28157,1
121885,362,-78.14103,1
121895,361,-78.28157,1
121905,360,-78.42212,1
121915,353,-79.40591,1
121925,360,-78.42212,1
121935,360,-78.42212,1
121945,366,-77.57887,1
121955,360,-78.42212,1
121965,360,-78.42212,1
121975,358,-78.7032,1
121985,360,-78.42212,1
121995,359,-78.56265,1
122005,358,-78.7032,1
122015,361,-78.28157,1
122025,357,-78.84373,1
122035,361,-78.28157,1
122045,366,-77.57887,1
122055,364,-77.85995,1
122065,361,-78.28157,1
122075,362,-78.14103,1
122085,359,-78.56265,1
122095,360,-78.42212,1
122105,365,-77.71941,1
122115,362,-78.14103,1
122125,362,-78.14103,1
122135,359,-78.56265,1
122145,364,-77.85995,1
122155,365,-77.71941,1
122165,359,-78.56265,1
122175,362,-78.14103,1
122185,352,-79.54644,1
122195,357,-78.84373,1
122205,364,-77.85995,1
122215,363,-78.00049,1
122225,359,-78.56265,1
122235,358,-78.7032,1
122245,361,-78.28157,1
122255,364,-77.85995,1
122265,366,-77.57887,1
122275,364,-77.85995,1
122285,361,-78.28157,1
122295,367,-77.43832,1
122305,367,-77.43832,1
122315,361,-78.28157,1
122325,364,-77.85995,1
122335,353,-79.40591,1
122345,363,-78.00049,1
122355,363,-78.00049,1
122365,366,-77.57887,1
122375,363,-78.00049,1
122385,361,-78.28157,1
122395,362,-78.14103,1
122405,359,-78.56265,1
122415,363,-78.00049,1
122425,361,-78.28157,1
122435,364,-77.85995,1
122445,366,-77.57887,1
122455,364,-77.85995,1
122465,365,-77.71941,1
122475,364,-77.85995,1
122485,361,-78.28157,1
122495,362,-78.14103,1
122505,363,-78.00049,1
122515,359,-78.56265,1
122525,361,-78.28157,1
122535,363,-78.00049,1
122545,370,-77.0167,1
122555,366,-77.57887,1
122565,365,-77.71941,1
122575,365,-77.71941,1
122585,364,-77.85995,1
122595,363,-78.00049,1
122605,364,-77.85995,1
122615,364,-77.85995,1
122625,368,-77.29778,1
122635,363,-78.00049,1
122645,364,-77.85995,1
122655,368,-77.29778,1
122665,364,-77.85995,1
122675,364,-77.85995,1
122685,359,-78.56265,1
122695,363,-78.00049,1
122705,365,-77.71941,1
122715,365,-77.71941,1
122725,366,-77.57887,1
122735,361,-78.28157,1
122745,367,-77.43832,1
122755,367,-77.43832,1
122765,362,-78.14103,1
122775,364,-77.85995,1
122785,367,-77.43832,1
122795,364,-77.85995,1
122805,367,-77.43832,1
122815,361,-78.28157,1
122825,369,-77.15724,1
122835,361,-78.28157,1
122845,366,-77.57887,1
122855,365,-77.71941,1
122865,363,-78.00049,1
122875,366,-77.57887,1
122885,359,-78.56265,1
122895,363,-78.00049,1
122905,359,-78.56265,1
122915,362,-78.14103,1
122925,367,-77.43832,1
122935,365,-77.71941,1
122945,368,-77.29778,1
122955,360,-78.42212,1
122965,367,-77.43832,1
122975,367,-77.43832,1
122985,361,-78.28157,1
122995,365,-77.71941,1
123005,362,-78.14103,1
123015,366,-77.57887,1
123025,367,-77.43832,0
123035,359,-78.56265,0
123045,362,-78.14103,0
123055,353,-79.40591,0
123065,364,-77.85995,0
123075,406,-71.95721,0
123085,446,-66.33555,0
123095,454,-65.21122,0
123105,455,-65.07068,0
123115,448,-66.05447,0
123125,454,-65.21122,0
123135,452,-65.49229,0
123145,452,-65.49229,0
123155,460,-64.36797,0
123165,451,-65.63284,0
123175,459,-64.50851,0
123185,449,-65.91393,0
123195,454,-65.21122,0
123205,450,-65.77338,0
123215,451,-65.63284,0
123225,456,-64.93014,0
123235,451,-65.63284,0
123245,455,-65.07068,0
123255,455,-65.07068,0
123265,457,-64.7896,0
123275,462,-64.08688,0
123285,460,-64.36797,0
123295,459,-64.50851,0
123305,453,-65.35176,0
123315,458,-64.64905,0
123325,453,-65.35176,0
123335,457,-64.7896,0
123345,456,-64.93014,0
123355,454,-65.21122,0
123365,456,-64.93014,0
123375,454,-65.21122,0
123385,450,-65.77338,0
123395,452,-65.49229,0
123405,454,-65.21122,0
123415,454,-65.21122,0
123425,458,-64.64905,0
123435,452,-65.49229,0
123445,457,-64.7896,0
123455,459,-64.50851,0
123465,459,-64.50851,0
123475,456,-64.93014,0
123485,458,-64.64905,0
123495,459,-64.50851,0
123505,460,-64.36797,0
123515,459,-64.50851,0
123525,456,-64.93014,0
123535,454,-65.21122,0
123545,454,-65.21122,0
123555,459,-64.50851,0
123565,456,-64.93014,0
123575,457,-64.7896,0
123585,456,-64.93014,0
123595,458,-64.64905,0
123605,458,-64.64905,0
123615,460,-64.36797,0
123625,454,-65.21122,0
123635,455,-65.07068,0
123645,457,-64.7896,0
123655,459,-64.50851,0
123665,456,-64.93014,0
123675,458,-64.64905,0
123685,456,-64.93014,0
123695,455,-65.07068,0
123705,456,-64.93014,0
123715,457,-64.7896,0
123725,461,-64.22743,0
123735,453,-65.35176,0
123745,451,-65.63284,0
123755,460,-64.36797,0
123765,461,-64.22743,0
123775,450,-65.77338,0
123785,452,-65.49229,0
123795,454,-65.21122,0
123805,459,-64.50851,0
123815,455,-65.07068,0
123825,462,-64.08688,0
123835,449,-65.91393,0
123845,453,-65.35176,0
123855,457,-64.7896,0
123865,458,-64.64905,0
123875,460,-64.36797,0
123885,455,-65.07068,0
123895,454,-65.21122,0
123905,461,-64.22743,0
123915,462,-64.08688,0
123925,461,-64.22743,0
123935,455,-65.07068,0
123945,463,-63.94635,0
123955,464,-63.80581,0
123965,460,-64.36797,0
123975,448,-66.05447,0
123985,455,-65.07068,0
123995,457,-64.7896,0
124005,456,-64.93014,0
124015,453,-65.35176,0
124025,456,-64.93014,0
124035,455,-65.07068,0
124045,459,-64.50851,0
124055,458,-64.64905,0
124065,459,-64.50851,0
124075,457,-64.7896,0
124085,461,-64.22743,0
124095,456,-64.93014,0
124105,459,-64.50851,0
124115,456,-64.93014,0
124125,462,-64.08688,0
124135,453,-65.35176,0
124145,462,-64.08688,0
124155,458,-64.64905,0
124165,454,-65.21122,0
124175,459,-64.50851,0
124185,450,-65.77338,0
124195,453,-65.35176,0
124205,453,-65.35176,0
124215,458,-64.64905,0
124225,458,-64.64905,0
124235,453,-65.35176,0
124245,453,-65.35176,0
124255,462,-64.08688,0
124265,462,-64.08688,0
124275,458,-64.64905,0
124285,451,-65.63284,0
124295,459,-64.50851,0
124305,460,-64.36797,0
124315,461,-64.22743,0
124325,460,-64.36797,0
124335,445,-66.47609,0
124345,462,-64.08688,0
124355,458,-64.64905,0
124365,459,-64.50851,0
124375,458,-64.64905,0
124385,454,-65.21122,0
124395,457,-64.7896,0
124405,464,-63.80581,0
124415,460,-64.36797,0
124425,458,-64.64905,0
124435,454,-65.21122,0
124445,460,-64.36797,0
124455,462,-64.08688,0
124465,449,-65.91393,0
124475,460,-64.36797,0
124485,461,-64.22743,0
124495,460,-64.36797,0
124505,449,-65.91393,0
124515,462,-64.08688,0
124525,457,-64.7896,0
124535,459,-64.50851,0
124545,463,-63.94635,0
124555,456,-64.93014,0
124565,458,-64.64905,0
124575,459,-64.50851,0
124585,454,-65.21122,0
124595,463,-63.94635,0
124605,460,-64.36797,0
124615,458,-64.64905,0
124625,460,-64.36797,0
124635,456,-64.93014,0
124645,458,-64.64905,0
124655,461,-64.22743,0
124665,458,-64.64905,0
124675,455,-65.07068,0
124685,455,-65.07068,0
124695,460,-64.36797,0
124705,447,-66.19501,0
124715,463,-63.94635,0
124725,462,-64.08688,0
124735,459,-64.50851,0
124745,463,-63.94635,0
124755,463,-63.94635,0
124765,461,-64.22743,0
124775,460,-64.36797,0
124785,461,-64.22743,0
124795,459,-64.50851,0
124805,458,-64.64905,0
124815,462,-64.08688,0
124825,458,-64.64905,0
124835,457,-64.7896,0
124845,462,-64.08688,0
124855,458,-64.64905,0
124865,455,-65.07068,0
124875,462,-64.08688,0
124885,457,-64.7896,0
124895,457,-64.7896,0
124905,454,-65.21122,0
124915,459,-64.50851,0
124925,466,-63.52472,0
124935,455,-65.07068,0
124945,461,-64.22743,0
124955,460,-64.36797,0
124965,452,-65.49229,0
124975,461,-64.22743,0
124985,457,-64.7896,0
124995,461,-64.22743,0
125005,463,-63.94635,0
125015,462,-64.08688,0
125025,462,-64.08688,0
125035,465,-63.66527,0
125045,465,-63.66527,0
125055,464,-63.80581,0
125065,458,-64.64905,0
125075,457,-64.7896,0
125085,455,-65.07068,0
125095,458,-64.64905,0
125105,459,-64.50851,0
125115,457,-64.7896,0
125125,467,-63.38418,0
125135,463,-63.94635,0
125145,458,-64.64905,0
125155,458,-64.64905,0
125165,459,-64.50851,0
125175,458,-64.64905,0
125185,457,-64.7896,0
125195,457,-64.7896,0
125205,462,-64.08688,0
125215,457,-64.7896,0
125225,461,-64.22743,0
125235,463,-63.94635,0
125245,463,-63.94635,0
125255,456,-64.93014,0
125265,460,-64.36797,0
125275,459,-64.50851,0
125285,459,-64.50851,0
125295,465,-63.66527,0
125305,454,-65.21122,0
125315,457,-64.7896,0
125325,456,-64.93014,0
125335,461,-64.22743,0
125345,462,-64.08688,0
125355,463,-63.94635,0
125365,456,-64.93014,0
125375,459,-64.50851,0
125385,462,-64.08688,0
125395,460,-64.36797,0
125405,460,-64.36797,0
125415,459,-64.50851,0
125425,452,-65.49229,0
125435,455,-65.07068,0
125445,461,-64.22743,0
125455,459,-64.50851,0
125465,456,-64.93014,0
125475,456,-64.93014,0
125485,454,-65.21122,0
125495,464,-63.80581,0
125505,459,-64.50851,0
125515,460,-64.36797,0
125525,460,-64.36797,0
125535,459,-64.50851,0
125545,458,-64.64905,0
125555,460,-64.36797,0
125565,462,-64.08688,0
125575,458,-64.64905,0
125585,458,-64.64905,0
125595,460,-64.36797,0
125605,461,-64.22743,0
125615,460,-64.36797,0
125625,460,-64.36797,0
125635,457,-64.7896,0
125645,456,-64.93014,0
125655,458,-64.64905,0
125665,460,-64.36797,0
125675,461,-64.22743,0
125685,460,-64.36797,0
125695,459,-64.50851,0
125705,462,-64.08688,0
125715,460,-64.36797,0
125725,466,-63.52472,0
125735,463,-63.94635,0
125745,464,-63.80581,0
125755,460,-64.36797,0
125765,459,-64.50851,0
125775,459,-64.50851,0
125785,456,-64.93014,0
125795,460,-64.36797,0
125805,453,-65.35176,0
125815,464,-63.80581,0
125825,458,-64.64905,0
125835,462,-64.08688,0
125845,458,-64.64905,0
125855,457,-64.7896,0
125865,459,-64.50851,0
125875,463,-63.94635,0
125885,458,-64.64905,0
125895,462,-64.08688,0
125905,465,-63.66527,0
125915,459,-64.50851,0
125925,462,-64.08688,0
125935,460,-64.36797,0
125945,463,-63.94635,0
125955,462,-64.08688,0
125965,461,-64.22743,0
125975,457,-64.7896,0
125985,464,-63.80581,0
125995,463,-63.94635,0
126005,461,-64.22743,0
126015,465,-63.66527,0
126025,461,-64.22743,1
126035,453,-65.35176,1
126045,457,-64.7896,1
126055,455,-65.07068,1
126065,457,-64.7896,1
126075,456,-64.93014,1
126085,458,-64.64905,1
126095,445,-66.47609,1
126105,440,-67.1788,1
126115,439,-67.31934,1
126125,438,-67.45988,1
126135,427,-69.00584,1
126145,422,-69.70854,1
126155,415,-70.69234,1
126165,418,-70.27071,1
126175,416,-70.55179,1
126185,415,-70.69234,1
126195,404,-72.23829,1
126205,402,-72.51937,1
126215,401,-72.65991,1
126225,399,-72.941,1
126235,395,-73.50316,1
126245,389,-74.34641,1
126255,384,-75.04912,1
126265,384,-75.04912,1
126275,384,-75.04912,1
126285,379,-75.75182,1
126295,377,-76.03291,1
126305,372,-76.73562,1
126315,375,-76.314,1
126325,375,-76.314,1
126335,374,-76.45454,1
126345,373,-76.59508,1
126355,370,-77.0167,1
126365,372,-76.73562,1
126375,372,-76.73562,1
126385,373,-76.59508,1
126395,369,-77.15724,1
126405,369,-77.15724,1
126415,364,-77.85995,1
126425,366,-77.57887,1
126435,363,-78.00049,1
126445,364,-77.85995,1
126455,363,-78.00049,1
126465,362,-78.14103,1
126475,363,-78.00049,1
126485,364,-77.85995,1
126495,369,-77.15724,1
126505,359,-78.56265,1
126515,363,-78.00049,1
126525,365,-77.71941,1
126535,365,-77.71941,1
126545,358,-78.7032,1
126555,367,-77.43832,1
126565,366,-77.57887,1
126575,361,-78.28157,1
126585,362,-78.14103,1
126595,361,-78.28157,1
126605,364,-77.85995,1
126615,363,-78.00049,1
126625,355,-79.12482,1
126635,362,-78.14103,1
126645,363,-78.00049,1
126655,365,-77.71941,1
126665,361,-78.28157,1
126675,364,-77.85995,1
126685,361,-78.28157,1
126695,365,-77.71941,1
126705,361,-78.28157,1
126715,365,-77.71941,1
126725,364,-77.85995,1
126735,361,-78.28157,1
126745,359,-78.56265,1
126755,358,-78.7032,1
126765,361,-78.28157,1
126775,358,-78.7032,1
126785,358,-78.7032,1
126795,358,-78.7032,1
126805,362,-78.14103,1
126815,361,-78.28157,1
126825,359,-78.56265,1
126835,362,-78.14103,1
126845,357,-78.84373,1
126855,362,-78.14103,1
126865,362,-78.14103,1
126875,364,-77.85995,1
126885,360,-78.42212,1
126895,364,-77.85995,1
126905,365,-77.71941,1
126915,362,-78.14103,1
126925,356,-78.98428,1
126935,359,-78.56265,1
126945,358,-78.7032,1
126955,360,-78.42212,1
126965,360,-78.42212,1
126975,361,-78.28157,1
126985,364,-77.85995,1
126995,361,-78.28157,1
127005,353,-79.40591,1
127015,359,-78.56265,1
127025,362,-78.14103,1
127035,363,-78.00049,1
127045,364,-77.85995,1
127055,369,-77.15724,1
127065,358,-78.7032,1
127075,363,-78.00049,1
127085,355,-79.12482,1
127095,358,-78.7032,1
127105,359,-78.56265,1
127115,358,-78.7032,1
127125,366,-77.57887,1
127135,358,-78.7032,1
127145,363,-78.00049,1
127155,363,-78.00049,1
127165,363,-78.00049,1
127175,362,-78.14103,1
127185,358,-78.7032,1
127195,359,-78.56265,1
127205,358,-78.7032,1
127215,363,-78.00049,1
127225,356,-78.98428,1
127235,356,-78.98428,1
127245,364,-77.85995,1
127255,354,-79.26537,1
127265,359,-78.56265,1
127275,361,-78.28157,1
127285,359,-78.56265,1
127295,357,-78.84373,1
127305,356,-78.98428,1
127315,364,-77.85995,1
127325,361,-78.28157,1
127335,362,-78.14103,1
127345,359,-78.56265,1
127355,363,-78.00049,1
127365,361,-78.28157,1
127375,362,-78.14103,1
127385,358,-78.7032,1
127395,361,-78.28157,1
127405,358,-78.7032,1
127415,361,-78.28157,1
127425,363,-78.00049,1
127435,361,-78.28157,1
127445,359,-78.56265,1
127455,358,-78.7032,1
127465,361,-78.28157,1
127475,363,-78.00049,1
127485,361,-78.28157,1
127495,354,-79.26537,1
127505,360,-78.42212,1
127515,362,-78.14103,1
127525,356,-78.98428,1
127535,359,-78.56265,1
127545,360,-78.42212,1
127555,362,-78.14103,1
127565,363,-78.00049,1
127575,357,-78.84373,1
127585,360,-78.42212,1
127595,361,-78.28157,1
127605,357,-78.84373,1
127615,359,-78.56265,1
127625,360,-78.42212,1
127635,361,-78.28157,1
127645,361,-78.28157,1
127655,355,-79.12482,1
127665,361,-78.28157,1
127675,355,-79.12482,1
127685,359,-78.56265,1
127695,356,-78.98428,1
127705,360,-78.42212,1
127715,363,-78.00049,1
127725,358,-78.7032,1
127735,368,-77.29778,1
127745,363,-78.00049,1
127755,354,-79.26537,1
127765,363,-78.00049,1
127775,356,-78.98428,1
127785,363,-78.00049,1
127795,361,-78.28157,1
127805,363,-78.00049,1
127815,357,-78.84373,1
127825,357,-78.84373,1
127835,358,-78.7032,1
127845,356,-78.98428,1
127855,357,-78.84373,1
127865,359,-78.56265,1
127875,367,-77.43832,1
127885,362,-78.14103,1
127895,364,-77.85995,1
127905,353,-79.40591,1
127915,367,-77.43832,1
127925,362,-78.14103,1
127935,361,-78.28157,1
127945,360,-78.42212,1
127955,359,-78.56265,1
127965,366,-77.57887,1
127975,362,-78.14103,1
127985,359,-78.56265,1
127995,361,-78.28157,1
128005,355,-79.12482,1
128015,367,-77.43832,1
128025,365,-77.71941,1
128035,363,-78.00049,1
128045,361,-78.28157,1
128055,364,-77.85995,1
128065,367,-77.43832,1
128075,358,-78.7032,1
128085,363,-78.00049,1
128095,360,-78.42212,1
128105,361,-78.28157,1
128115,360,-78.42212,1
128125,365,-77.71941,1
128135,359,-78.56265,1
128145,365,-77.71941,1
128155,360,-78.42212,1
128165,361,-78.28157,1
128175,367,-77.43832,1
128185,364,-77.85995,1
128195,359,-78.56265,1
128205,362,-78.14103,1
128215,366,-77.57887,1
128225,360,-78.42212,1
128235,365,-77.71941,1
128245,365,-77.71941,1
128255,358,-78.7032,1
128265,360,-78.42212,1
128275,361,-78.28157,1
128285,361,-78.28157,1
128295,363,-78.00049,1
128305,367,-77.43832,1
128315,366,-77.57887,1
128325,363,-78.00049,1
128335,364,-77.85995,1
128345,360,-78.42212,1
128355,363,-78.00049,1
128365,358,-78.7032,1
128375,360,-78.42212,1
128385,360,-78.42212,1
128395,362,-78.14103,1
128405,361,-78.28157,1
128415,366,-77.57887,1
128425,366,-77.57887,1
128435,358,-78.7032,1
128445,355,-79.12482,1
128455,363,-78.00049,1
128465,361,-78.28157,1
128475,365,-77.71941,1
128485,363,-78.00049,1
128495,365,-77.71941,1
128505,357,-78.84373,1
128515,365,-77.71941,1
128525,353,-79.40591,1
128535,362,-78.14103,1
128545,361,-78.28157,1
128555,361,-78.28157,1
128565,361,-78.28157,1
128575,362,-78.14103,1
128585,363,-78.00049,1
128595,361,-78.28157,1
128605,354,-79.26537,1
128615,367,-77.43832,1
128625,360,-78.42212,1
128635,358,-78.7032,1
128645,366,-77.57887,1
128655,359,-78.56265,1
128665,358,-78.7032,1
128675,365,-77.71941,1
128685,364,-77.85995,1
128695,365,-77.71941,1
128705,362,-78.14103,1
128715,368,-77.29778,1
128725,367,-77.43832,1
128735,363,-78.00049,1
128745,368,-77.29778,1
128755,356,-78.98428,1
128765,367,-77.43832,1
128775,361,-78.28157,1
128785,362,-78.14103,1
128795,366,-77.57887,1
128805,361,-78.28157,1
128815,366,-77.57887,1
128825,361,-78.28157,1
128835,360,-78.42212,1
128845,357,-78.84373,1
128855,360,-78.42212,1
128865,365,-77.71941,1
128875,365,-77.71941,1
128885,366,-77.57887,1
128895,367,-77.43832,1
128905,361,-78.28157,1
128915,363,-78.00049,1
128925,369,-77.15724,1
128935,364,-77.85995,1
128945,365,-77.71941,1
128955,360,-78.42212,1
128965,370,-77.0167,1
128975,361,-78.28157,1
128985,362,-78.14103,1
128995,367,-77.43832,1
129005,363,-78.00049,1
129015,366,-77.57887,1
129025,361,-78.28157,1
129035,368,-77.29778,1
129045,364,-77.85995,1
129055,364,-77.85995,1
129065,366,-77.57887,1
129075,365,-77.71941,1
129085,357,-78.84373,1
129095,369,-77.15724,1
129105,367,-77.43832,1
129115,367,-77.43832,1
129125,363,-78.00049,1
129135,365,-77.71941,1
129145,365,-77.71941,1
129155,364,-77.85995,1
129165,364,-77.85995,1
129175,363,-78.00049,1
129185,362,-78.14103,1
129195,359,-78.56265,1
129205,367,-77.43832,1
129215,366,-77.57887,1
129225,419,-70.13017,1
129235,556,-50.876,1
129245,657,-36.68131,1
129255,729,-26.56232,1
129265,806,-15.74063,1
129275,858,-8.432472,1
129285,913,-0.70269,1
129295,976,8.151413,1
129305,1017,13.91361,1
129315,1056,19.39474,1
129325,1069,21.22177,0
129335,1102,25.85963,0
129345,1120,28.38939,0
129355,1121,28.52992,0
129365,1124,28.95155,0
129375,1037,16.72444,0
129385,1034,16.30281,0
129395,1032,16.02173,0
129405,1024,14.89741,0
129415,1027,15.31904,0
129425,1024,14.89741,0
129435,1029,15.60012,0
129445,1024,14.89741,0
129455,1023,14.75686,0
129465,1020,14.33523,0
129475,1010,12.92982,0
129485,1020,14.33523,0
129495,1022,14.61633,0
129505,1025,15.03793,0
129515,1027,15.31904,0
129525,1014,13.49198,0
129535,1023,14.75686,0
129545,1020,14.33523,0
129555,1017,13.91361,0
129565,1023,14.75686,0
129575,1014,13.49198,0
129585,1017,13.91361,0
129595,1018,14.05417,0
129605,1017,13.91361,0
129615,1016,13.77306,0
129625,1014,13.49198,0
129635,1014,13.49198,0
129645,1017,13.91361,0
129655,1011,13.07035,0
129665,1014,13.49198,0
129675,1008,12.64874,0
129685,1015,13.63254,0
129695,1014,13.49198,0
129705,1009,12.78928,0
129715,1001,11.66496,0
129725,1003,11.94603,0
129735,1016,13.77306,0
129745,1011,13.07035,0
129755,1012,13.21091,0
129765,1014,13.49198,0
129775,1000,11.5244,0
129785,1015,13.63254,0
129795,1009,12.78928,0
129805,1013,13.35146,0
129815,1010,12.92982,0
129825,1007,12.50819,0
129835,1008,12.64874,0
129845,1001,11.66496,0
129855,1005,12.22711,0
129865,1003,11.94603,0
129875,1006,12.36766,0
129885,1011,13.07035,0
129895,1007,12.50819,0
129905,1004,12.08659,0
129915,1005,12.22711,0
129925,1009,12.78928,0
129935,1003,11.94603,0
129945,1001,11.66496,0
129955,1010,12.92982,0
129965,1002,11.80548,0
129975,991,10.25953,0
129985,1009,12.78928,0
129995,1008,12.64874,0
130005,998,11.24332,0
130015,1006,12.36766,0
130025,999,11.38387,0
130035,1006,12.36766,0
130045,1006,12.36766,0
130055,1005,12.22711,0
130065,996,10.96224,0
130075,1004,12.08659,0
130085,999,11.38387,0
130095,999,11.38387,0
130105,1003,11.94603,0
130115,997,11.10279,0
130125,1000,11.5244,0
130135,997,11.10279,0
130145,1000,11.5244,0
130155,1000,11.5244,0
130165,1001,11.66496,0
130175,997,11.10279,0
130185,993,10.54061,0
130195,993,10.54061,0
130205,997,11.10279,0
130215,990,10.119,0
130225,979,8.573029,0
130235,987,9.697365,0
130245,994,10.68116,0
130255,985,9.41629,0
130265,991,10.25953,0
130275,990,10.119,0
130285,987,9.697365,0
130295,982,8.994659,0
130305,981,8.854126,0
130315,984,9.275734,0
130325,966,6.745995,0
130335,975,8.010864,0
130345,970,7.308151,0
130355,975,8.010864,0
130365,972,7.589256,0
130375,971,7.448708,0
130385,964,6.464912,0
130395,971,7.448708,0
130405,962,6.18383,0
130415,950,4.49733,0
130425,957,5.481117,0
130435,955,5.200043,0
130445,957,5.481117,0
130455,950,4.49733,0
130465,957,5.481117,0
130475,940,3.091927,0
130485,942,3.373009,0
130495,949,4.356804,0
130505,935,2.389214,0
130515,953,4.918961,0
130525,940,3.091927,0
130535,946,3.935165,0
130545,939,2.951378,0
130555,943,3.513535,0
130565,947,4.075722,0
130575,945,3.79464,0
130585,951,4.637878,0
130595,942,3.373009,0
130605,944,3.654091,0
130615,941,3.23246,0
130625,942,3.373009,0
130635,949,4.356804,0
130645,940,3.091927,0
130655,942,3.373009,0
130665,947,4.075722,0
130675,942,3.373009,0
130685,948,4.216248,0
130695,952,4.778412,0
130705,942,3.373009,0
130715,943,3.513535,0
130725,944,3.654091,0
130735,947,4.075722,0
130745,949,4.356804,0
130755,941,3.23246,0
130765,946,3.935165,0
130775,938,2.810829,0
130785,945,3.79464,0
130795,948,4.216248,0
130805,949,4.356804,0
130815,948,4.216248,0
130825,949,4.356804,0
130835,943,3.513535,0
130845,934,2.248665,0
130855,945,3.79464,0
130865,941,3.23246,0
130875,945,3.79464,0
130885,948,4.216248,0
130895,949,4.356804,0
130905,946,3.935165,0
130915,945,3.79464,0
130925,948,4.216248,0
130935,947,4.075722,0
130945,949,4.356804,0
130955,948,4.216248,0
130965,943,3.513535,0
130975,945,3.79464,0
130985,946,3.935165,0
130995,946,3.935165,0
131005,944,3.654091,0
131015,945,3.79464,0
131025,947,4.075722,0
131035,945,3.79464,0
131045,933,2.108139,0
131055,945,3.79464,0
131065,947,4.075722,0
131075,946,3.935165,0
131085,941,3.23246,0
131095,944,3.654091,0
131105,950,4.49733,0
131115,941,3.23246,0
131125,946,3.935165,0
131135,946,3.935165,0
131145,944,3.654091,0
131155,944,3.654091,0
131165,947,4.075722,0
131175,948,4.216248,0
131185,943,3.513535,0
131195,938,2.810829,0
131205,946,3.935165,0
131215,944,3.654091,0
131225,941,3.23246,0
131235,943,3.513535,0
131245,945,3.79464,0
131255,941,3.23246,0
131265,942,3.373009,0
131275,933,2.108139,0
131285,948,4.216248,0
131295,941,3.23246,0
131305,944,3.654091,0
131315,952,4.778412,0
131325,935,2.389214,0
131335,949,4.356804,0
131345,946,3.935165,0
131355,945,3.79464,0
131365,944,3.654091,0
131375,942,3.373009,0
131385,945,3.79464,0
131395,941,3.23246,0
131405,948,4.216248,0
131415,942,3.373009,0
131425,941,3.23246,0
131435,944,3.654091,0
131445,942,3.373009,0
131455,946,3.935165,0
131465,940,3.091927,0
131475,937,2.670296,0
131485,952,4.778412,0
131495,942,3.373009,0
131505,943,3.513535,0
131515,942,3.373009,0
131525,942,3.373009,0
131535,944,3.654091,0
131545,941,3.23246,0
131555,949,4.356804,0
131565,947,4.075722,0
131575,938,2.810829,0
131585,948,4.216248,0
131595,944,3.654091,0
131605,949,4.356804,0
131615,946,3.935165,0
131625,936,2.52977,0
131635,932,1.967583,0
131645,943,3.513535,0
131655,943,3.513535,0
131665,945,3.79464,0
131675,941,3.23246,0
131685,943,3.513535,0
131695,948,4.216248,0
131705,952,4.778412,0
131715,947,4.075722,0
131725,938,2.810829,0
131735,944,3.654091,0
131745,948,4.216248,0
131755,944,3.654091,0
131765,943,3.513535,0
131775,936,2.52977,0
131785,943,3.513535,0
131795,945,3.79464,0
131805,945,3.79464,0
131815,950,4.49733,0
131825,934,2.248665,0
131835,946,3.935165,0
131845,948,4.216248,0
131855,947,4.075722,0
131865,946,3.935165,0
131875,943,3.513535,0
131885,947,4.075722,0
131895,947,4.075722,0
131905,947,4.075722,0
131915,948,4.216248,0
131925,938,2.810829,0
131935,945,3.79464,0
131945,949,4.356804,0
131955,948,4.216248,0
131965,945,3.79464,0
131975,936,2.52977,0
131985,946,3.935165,0
131995,946,3.935165,0
132005,948,4.216248,0
132015,949,4.356804,0
132025,943,3.513535,0
132035,947,4.075722,0
132045,948,4.216248,0
132055,946,3.935165,0
132065,946,3.935165,0
132075,934,2.248665,0
132085,945,3.79464,0
132095,942,3.373009,0
132105,950,4.49733,0
132115,944,3.654091,0
132125,942,3.373009,0
132135,946,3.935165,0
132145,954,5.059509,0
132155,947,4.075722,0
132165,947,4.075722,0
132175,948,4.216248,0
132185,946,3.935165,0
132195,938,2.810829,0
132205,941,3.23246,0
132215,947,4.075722,0
132225,934,2.248665,0
132235,950,4.49733,0
132245,947,4.075722,0
132255,947,4.075722,0
132265,948,4.216248,0
132275,940,3.091927,0
132285,948,4.216248,0
132295,942,3.373009,0
132305,946,3.935165,0
132315,947,4.075722,0
132325,939,2.951378,0
132335,950,4.49733,0
132345,946,3.935165,0
132355,947,4.075722,0
132365,946,3.935165,0
132375,934,2.248665,0
132385,944,3.654091,0
132395,945,3.79464,0
132405,950,4.49733,0
132415,946,3.935165,0
132425,932,1.967583,0
132435,940,3.091927,0
132445,940,3.091927,0
132455,944,3.654091,0
132465,945,3.79464,0
132475,939,2.951378,0
132485,943,3.513535,0
132495,932,1.967583,0
132505,942,3.373009,0
132515,944,3.654091,0
132525,939,2.951378,0
132535,945,3.79464,0
132545,935,2.389214,0
132555,946,3.935165,0
132565,936,2.52977,0
132575,934,2.248665,0
132585,946,3.935165,0
132595,946,3.935165,0
132605,952,4.778412,0
132615,945,3.79464,0
132625,945,3.79464,0
132635,944,3.654091,0
132645,942,3.373009,0
132655,947,4.075722,0
132665,946,3.935165,0
132675,936,2.52977,0
132685,943,3.513535,0
132695,937,2.670296,0
132705,950,4.49733,0
132715,946,3.935165,0
132725,938,2.810829,0
132735,943,3.513535,0
132745,943,3.513535,0
132755,943,3.513535,0
132765,939,2.951378,0
132775,937,2.670296,0
132785,944,3.654091,0
132795,946,3.935165,0
132805,946,3.935165,0
132815,943,3.513535,0
132825,937,2.670296,0
132835,948,4.216248,0
132845,942,3.373009,0
132855,945,3.79464,0
132865,942,3.373009,0
132875,940,3.091927,0
132885,941,3.23246,0
132895,943,3.513535,0
132905,949,4.356804,0
132915,945,3.79464,0
132925,940,3.091927,0
132935,947,4.075722,0
132945,944,3.654091,0
132955,947,4.075722,0
132965,948,4.216248,0
132975,946,3.935165,0
132985,947,4.075722,0
132995,944,3.654091,0
133005,943,3.513535,0
133015,940,3.091927,0
133025,941,3.23246,0
133035,945,3.79464,0
133045,951,4.637878,0
133055,947,4.075722,0
133065,945,3.79464,0
133075,943,3.513535,0
133085,947,4.075722,0
133095,945,3.79464,0
133105,945,3.79464,0
133115,950,4.49733,0
133125,943,3.513535,0
133135,937,2.670296,0
133145,946,3.935165,0
133155,947,4.075722,0
133165,945,3.79464,0
133175,946,3.935165,0
133185,942,3.373009,0
133195,936,2.52977,0
133205,938,2.810829,0
133215,947,4.075722,0
133225,938,2.810829,0
133235,943,3.513535,0
133245,942,3.373009,0
133255,942,3.373009,0
133265,948,4.216248,0
133275,940,3.091927,0
133285,945,3.79464,0
133295,929,1.545952,0
133305,947,4.075722,0
133315,934,2.248665,0
133325,946,3.935165,0
133335,946,3.935165,0
133345,937,2.670296,0
133355,950,4.49733,0
133365,943,3.513535,0
133375,946,3.935165,0
133385,946,3.935165,0
133395,949,4.356804,0
133405,947,4.075722,0
133415,948,4.216248,0
133425,940,3.091927,0
133435,949,4.356804,0
133445,943,3.513535,0
133455,945,3.79464,0
133465,949,4.356804,0
133475,939,2.951378,0
133485,948,4.216248,0
133495,941,3.23246,0
133505,948,4.216248,0
133515,944,3.654091,0
133525,943,3.513535,0
133535,950,4.49733,0
133545,938,2.810829,0
133555,948,4.216248,0
133565,946,3.935165,0
133575,948,4.216248,0
133585,952,4.778412,0
133595,947,4.075722,0
133605,945,3.79464,0
133615,946,3.935165,0
133625,942,3.373009,0
133635,941,3.23246,0
133645,944,3.654091,0
133655,945,3.79464,0
133665,944,3.654091,0
133675,939,2.951378,0
133685,947,4.075722,0
133695,950,4.49733,0
133705,940,3.091927,0
133715,946,3.935165,0
133725,942,3.373009,0
133735,947,4.075722,0
133745,937,2.670296,0
133755,942,3.373009,0
133765,937,2.670296,0
133775,939,2.951378,0
133785,943,3.513535,0
133795,940,3.091927,0
133805,950,4.49733,0
133815,946,3.935165,0
133825,937,2.670296,0
133835,946,3.935165,0
133845,944,3.654091,0
133855,948,4.216248,0
133865,938,2.810829,0
133875,945,3.79464,0
133885,934,2.248665,0
133895,951,4.637878,0
133905,940,3.091927,0
133915,943,3.513535,0
133925,946,3.935165,0
133935,948,4.216248,0
133945,948,4.216248,0
133955,944,3.654091,0
133965,945,3.79464,0
133975,944,3.654091,0
133985,941,3.23246,0
133995,944,3.654091,0
134005,948,4.216248,0
134015,949,4.356804,0
134025,943,3.513535,0
134035,951,4.637878,0
134045,948,4.216248,0
134055,946,3.935165,0
134065,947,4.075722,0
134075,949,4.356804,0
134085,946,3.935165,0
134095,942,3.373009,0
134105,940,3.091927,0
134115,949,4.356804,0
134125,948,4.216248,0
134135,948,4.216248,0
134145,941,3.23246,0
134155,949,4.356804,0
134165,953,4.918961,0
134175,939,2.951378,0
134185,949,4.356804,0
134195,939,2.951378,0
134205,939,2.951378,0
134215,940,3.091927,0
134225,948,4.216248,0
134235,954,5.059509,0
134245,950,4.49733,0
134255,947,4.075722,0
134265,946,3.935165,0
134275,950,4.49733,0
134285,942,3.373009,0
134295,948,4.216248,0
134305,949,4.356804,0
134315,948,4.216248,0
134325,948,4.216248,0
134335,939,2.951378,0
134345,941,3.23246,0
134355,947,4.075722,0
134365,944,3.654091,0
134375,947,4.075722,0
134385,949,4.356804,0
134395,952,4.778412,0
134405,950,4.49733,0
134415,951,4.637878,1
134425,953,4.918961,1
134435,946,3.935165,1
134445,944,3.654091,1
134455,949,4.356804,1
134465,944,3.654091,1
134475,938,2.810829,1
134485,916,-0.281082,1
134495,871,-6.605446,1
134505,831,-12.22709,1
134515,798,-16.86497,1
134525,772,-20.51904,1
134535,757,-22.62717,1
134545,721,-27.68666,1
134555,695,-31.34074,1
134565,673,-34.43264,1
134575,646,-38.22726,1
134585,632,-40.19484,1
134595,616,-42.44351,1
134605,604,-44.13,1
134615,583,-47.08138,1
134625,561,-50.17328,1
134635,552,-51.43816,1
134645,543,-52.70303,1
134655,530,-54.53007,1
134665,512,-57.05981,1
134675,500,-58.74632,1
134685,492,-59.87064,1
134695,492,-59.87064,1
134705,485,-60.85444,1
134715,472,-62.68148,1
134725,468,-63.24364,1
134735,460,-64.36797,1
134745,455,-65.07068,1
134755,445,-66.47609,1
134765,439,-67.31934,1
134775,435,-67.88151,1
134785,435,-67.88151,1
134795,424,-69.42747,1
134805,420,-69.98962,1
134815,422,-69.70854,1
134825,419,-70.13017,1
134835,413,-70.97342,1
134845,405,-72.09775,1
134855,406,-71.95721,1
134865,405,-72.09775,1
134875,402,-72.51937,1
134885,398,-73.08154,1
134895,399,-72.941,1
134905,393,-73.78425,1
134915,391,-74.06533,1
134925,387,-74.62749,1
134935,382,-75.3302,1
134945,386,-74.76804,1
134955,383,-75.18967,1
134965,380,-75.61128,1
134975,374,-76.45454,1
134985,381,-75.47075,1
134995,379,-75.75182,1
135005,370,-77.0167,1
135015,375,-76.314,1
135025,374,-76.45454,1
135035,369,-77.15724,1
135045,371,-76.87616,1
135055,370,-77.0167,1
135065,364,-77.85995,1
135075,367,-77.43832,1
135085,369,-77.15724,1
135095,366,-77.57887,1
135105,368,-77.29778,1
135115,364,-77.85995,1
135125,368,-77.29778,1
135135,365,-77.71941,1
135145,363,-78.00049,1
135155,362,-78.14103,1
135165,365,-77.71941,1
135175,365,-77.71941,1
135185,368,-77.29778,1
135195,363,-78.00049,1
135205,362,-78.14103,1
135215,366,-77.57887,1
135225,366,-77.57887,1
135235,364,-77.85995,1
135245,361,-78.28157,1
135255,363,-78.00049,1
135265,365,-77.71941,1
135275,367,-77.43832,1
135285,361,-78.28157,1
135295,359,-78.56265,1
135305,369,-77.15724,1
135315,363,-78.00049,1
135325,366,-77.57887,1
135335,359,-78.56265,1
135345,361,-78.28157,1
135355,367,-77.43832,1
135365,361,-78.28157,1
135375,361,-78.28157,1
135385,356,-78.98428,1
135395,366,-77.57887,1
135405,360,-78.42212,1
135415,360,-78.42212,1
135425,365,-77.71941,1
135435,364,-77.85995,1
135445,358,-78.7032,1
135455,361,-78.28157,1
135465,358,-78.7032,1
135475,366,-77.57887,1
135485,360,-78.42212,1
135495,359,-78.56265,1
135505,356,-78.98428,1
135515,360,-78.42212,1
135525,364,-77.85995,1
135535,360,-78.42212,1
135545,360,-78.42212,1
135555,359,-78.56265,1
135565,357,-78.84373,1
135575,362,-78.14103,1
135585,363,-78.00049,1
135595,351,-79.68699,1
135605,359,-78.56265,1
135615,362,-78.14103,1
135625,355,-79.12482,1
135635,363,-78.00049,1
135645,361,-78.28157,1
135655,359,-78.56265,1
135665,360,-78.42212,1
135675,360,-78.42212,1
135685,361,-78.28157,1
135695,350,-79.82753,1
135705,361,-78.28157,1
135715,358,-78.7032,1
135725,359,-78.56265,1
135735,361,-78.28157,1
135745,358,-78.7032,1
135755,363,-78.00049,1
135765,359,-78.56265,1
135775,357,-78.84373,1
135785,361,-78.28157,1
135795,357,-78.84373,1
135805,361,-78.28157,1
135815,361,-78.28157,1
135825,355,-79.12482,1
135835,362,-78.14103,1
135845,358,-78.7032,1
135855,362,-78.14103,1
135865,359,-78.56265,1
135875,361,-78.28157,1
135885,358,-78.7032,1
135895,361,-78.28157,1
135905,362,-78.14103,1
135915,365,-77.71941,1
135925,362,-78.14103,1
135935,359,-78.56265,1
135945,366,-77.57887,1
135955,358,-78.7032,1
135965,361,-78.28157,1
135975,358,-78.7032,1
135985,358,-78.7032,1
135995,359,-78.56265,1
136005,362,-78.14103,1
136015,356,-78.98428,1
136025,364,-77.85995,1
136035,363,-78.00049,1
136045,354,-79.26537,1
136055,362,-78.14103,1
136065,358,-78.7032,1
136075,359,-78.56265,1
136085,359,-78.56265,1
136095,362,-78.14103,1
136105,364,-77.85995,1
136115,363,-78.00049,1
136125,363,-78.00049,1
136135,359,-78.56265,1
136145,359,-78.56265,1
136155,364,-77.85995,1
136165,363,-78.00049,1
136175,364,-77.85995,1
136185,365,-77.71941,1
136195,361,-78.28157,1
136205,355,-79.12482,1
136215,353,-79.40591,1
136225,359,-78.56265,1
136235,356,-78.98428,1
136245,359,-78.56265,1
136255,361,-78.28157,1
136265,363,-78.00049,1
136275,357,-78.84373,1
136285,359,-78.56265,1
136295,359,-78.56265,1
136305,362,-78.14103,1
136315,361,-78.28157,1
136325,363,-78.00049,1
136335,362,-78.14103,1
136345,356,-78.98428,1
136355,361,-78.28157,1
136365,360,-78.42212,1
136375,362,-78.14103,1
136385,361,-78.28157,1
136395,363,-78.00049,1
136405,362,-78.14103,1
136415,367,-77.43832,1
136425,364,-77.85995,1
136435,359,-78.56265,1
136445,362,-78.14103,1
136455,364,-77.85995,1
136465,362,-78.14103,1
136475,360,-78.42212,1
136485,361,-78.28157,1
136495,366,-77.57887,1
136505,365,-77.71941,1
136515,366,-77.57887,1
136525,360,-78.42212,1
136535,363,-78.00049,1
136545,353,-79.40591,1
136555,360,-78.42212,1
136565,362,-78.14103,1
136575,364,-77.85995,1
136585,359,-78.56265,1
136595,362,-78.14103,1
136605,365,-77.71941,1
136615,363,-78.00049,1
136625,365,-77.71941,1
136635,360,-78.42212,1
136645,361,-78.28157,1
136655,364,-77.85995,1
136665,361,-78.28157,1
136675,365,-77.71941,1
136685,362,-78.14103,1
136695,362,-78.14103,1
136705,366,-77.57887,1
136715,362,-78.14103,1
136725,359,-78.56265,1
136735,358,-78.7032,1
136745,362,-78.14103,1
136755,368,-77.29778,1
136765,365,-77.71941,1
136775,365,-77.71941,1
136785,365,-77.71941,1
136795,363,-78.00049,1
136805,356,-78.98428,1
136815,358,-78.7032,1
136825,360,-78.42212,1
136835,369,-77.15724,1
136845,360,-78.42212,1
136855,361,-78.28157,1
136865,364,-77.85995,1
136875,364,-77.85995,1
136885,360,-78.42212,1
136895,362,-78.14103,1
136905,360,-78.42212,1
136915,359,-78.56265,1
136925,370,-77.0167,1
136935,362,-78.14103,1
136945,362,-78.14103,1
136955,365,-77.71941,1
136965,366,-77.57887,1
136975,364,-77.85995,1
136985,367,-77.43832,1
136995,358,-78.7032,1
137005,366,-77.57887,1
137015,370,-77.0167,1
137025,365,-77.71941,1
137035,366,-77.57887,1
137045,360,-78.42212,1
137055,366,-77.57887,1
137065,360,-78.42212,1
137075,367,-77.43832,1
137085,362,-78.14103,1
137095,362,-78.14103,1
137105,366,-77.57887,1
137115,364,-77.85995,1
137125,358,-78.7032,1
137135,366,-77.57887,1
137145,360,-78.42212,1
137155,359,-78.56265,1
137165,364,-77.85995,1
137175,364,-77.85995,1
137185,359,-78.56265,1
137195,361,-78.28157,1
137205,361,-78.28157,1
137215,360,-78.42212,1
137225,362,-78.14103,1
137235,363,-78.00049,1
137245,363,-78.00049,1
137255,361,-78.28157,1
137265,363,-78.00049,1
137275,367,-77.43832,1
137285,369,-77.15724,1
137295,365,-77.71941,1
137305,366,-77.57887,1
137315,360,-78.42212,1
137325,365,-77.71941,1
137335,364,-77.85995,1
137345,361,-78.28157,1
137355,367,-77.43832,1
137365,361,-78.28157,1
137375,366,-77.57887,1
137385,363,-78.00049,1
137395,364,-77.85995,1
137405,362,-78.14103,1
137415,362,-78.14103,1
137425,365,-77.71941,1
137435,365,-77.71941,1
137445,360,-78.42212,1
137455,363,-78.00049,1
137465,360,-78.42212,1
137475,362,-78.14103,1
137485,364,-77.85995,1
137495,363,-78.00049,1
137505,363,-78.00049,1
137515,366,-77.57887,1
137525,360,-78.42212,1
137535,367,-77.43832,1
137545,365,-77.71941,1
137555,363,-78.00049,1
137565,368,-77.29778,1
137575,366,-77.57887,1
137585,364,-77.85995,1
137595,365,-77.71941,1
137605,363,-78.00049,1
137615,359,-78.56265,1
137625,364,-77.85995,1
137635,365,-77.71941,1
137645,363,-78.00049,1
137655,364,-77.85995,1
137665,364,-77.85995,1
137675,367,-77.43832,1
137685,366,-77.57887,1
137695,361,-78.28157,1
137705,363,-78.00049,1
137715,359,-78.56265,1
137725,368,-77.29778,1
137735,362,-78.14103,1
137745,364,-77.85995,1
137755,361,-78.28157,1
137765,364,-77.85995,1
137775,366,-77.57887,1
137785,364,-77.85995,1
137795,361,-78.28157,1
137805,361,-78.28157,1
137815,360,-78.42212,1
137825,370,-77.0167,1
137835,365,-77.71941,0
137845,366,-77.57887,0
137855,366,-77.57887,0
137865,361,-78.28157,0
137875,380,-75.61128,0
137885,437,-67.60042,0
137895,455,-65.07068,0
137905,451,-65.63284,0
137915,453,-65.35176,0
137925,449,-65.91393,0
137935,448,-66.05447,0
137945,457,-64.7896,0
137955,452,-65.49229,0
137965,457,-64.7896,0
137975,458,-64.64905,0
137985,454,-65.21122,0
137995,459,-64.50851,0
138005,453,-65.35176,0
138015,455,-65.07068,0
138025,455,-65.07068,0
138035,451,-65.63284,0
138045,456,-64.93014,0
138055,460,-64.36797,0
138065,453,-65.35176,0
138075,455,-65.07068,0
138085,450,-65.77338,0
138095,458,-64.64905,0
138105,459,-64.50851,0
138115,458,-64.64905,0
138125,456,-64.93014,0
138135,458,-64.64905,0
138145,454,-65.21122,0
138155,456,-64.93014,0
138165,451,-65.63284,0
138175,453,-65.35176,0
138185,446,-66.33555,0
138195,453,-65.35176,0
138205,454,-65.21122,0
138215,448,-66.05447,0
138225,451,-65.63284,0
138235,455,-65.07068,0
138245,457,-64.7896,0
138255,459,-64.50851,0
138265,451,-65.63284,0
138275,456,-64.93014,0
138285,457,-64.7896,0
138295,454,-65.21122,0
138305,452,-65.49229,0
138315,456,-64.93014,0
138325,454,-65.21122,0
138335,457,-64.7896,0
138345,457,-64.7896,0
138355,452,-65.49229,0
138365,453,-65.35176,0
138375,457,-64.7896,0
138385,456,-64.93014,0
138395,461,-64.22743,0
138405,460,-64.36797,0
138415,457,-64.7896,0
138425,460,-64.36797,0
138435,453,-65.35176,0
138445,458,-64.64905,0
138455,451,-65.63284,0
138465,456,-64.93014,0
138475,459,-64.50851,0
138485,454,-65.21122,0
138495,459,-64.50851,0
138505,456,-64.93014,0
138515,460,-64.36797,0
138525,457,-64.7896,0
138535,456,-64.93014,0
138545,451,-65.63284,0
138555,460,-64.36797,0
138565,456,-64.93014,0
138575,459,-64.50851,0
138585,455,-65.07068,0
138595,461,-64.22743,0
138605,458,-64.64905,0
138615,455,-65.07068,0
138625,457,-64.7896,0
138635,451,-65.63284,0
138645,455,-65.07068,0
138655,457,-64.7896,0
138665,457,-64.7896,0
138675,461,-64.22743,0
138685,452,-65.49229,0
138695,459,-64.50851,0
138705,450,-65.77338,0
138715,460,-64.36797,0
138725,455,-65.07068,0
138735,456,-64.93014,0
138745,458,-64.64905,0
138755,455,-65.07068,0
138765,453,-65.35176,0
138775,461,-64.22743,0
138785,457,-64.7896,0
138795,463,-63.94635,0
138805,457,-64.7896,0
138815,455,-65.07068,0
138825,461,-64.22743,0
138835,456,-64.93014,0
138845,455,-65.07068,0
138855,457,-64.7896,0
138865,455,-65.07068,0
138875,452,-65.49229,0
138885,449,-65.91393,0
138895,458,-64.64905,0
138905,457,-64.7896,0
138915,461,-64.22743,0
138925,455,-65.07068,0
138935,456,-64.93014,0
138945,454,-65.21122,0
138955,458,-64.64905,0
138965,455,-65.07068,0
138975,456,-64.93014,0
138985,459,-64.50851,0
138995,453,-65.35176,0
139005,454,-65.21122,0
139015,460,-64.36797,0
139025,457,-64.7896,0
139035,455,-65.07068,0
139045,458,-64.64905,0
139055,454,-65.21122,0
139065,451,-65.63284,0
139075,461,-64.22743,0
139085,456,-64.93014,0
139095,462,-64.08688,0
139105,459,-64.50851,0
139115,453,-65.35176,0
139125,459,-64.50851,0
139135,456,-64.93014,0
139145,455,-65.07068,0
139155,460,-64.36797,0
139165,460,-64.36797,0
139175,459,-64.50851,0
139185,456,-64.93014,0
139195,461,-64.22743,0
139205,452,-65.49229,0
139215,457,-64.7896,0
139225,455,-65.07068,0
139235,458,-64.64905,0
139245,456,-64.93014,0
139255,450,-65.77338,0
139265,458,-64.64905,0
139275,458,-64.64905,0
139285,460,-64.36797,0
139295,458,-64.64905,0
139305,459,-64.50851,0
139315,456,-64.93014,0
139325,462,-64.08688,0
139335,458,-64.64905,0
139345,459,-64.50851,0
139355,456,-64.93014,0
139365,457,-64.7896,0
139375,460,-64.36797,0
139385,459,-64.50851,0
139395,462,-64.08688,0
139405,461,-64.22743,0
139415,452,-65.49229,0
139425,461,-64.22743,0
139435,460,-64.36797,0
139445,463,-63.94635,0
139455,457,-64.7896,0
139465,459,-64.50851,0
139475,457,-64.7896,0
139485,458,-64.64905,0
139495,458,-64.64905,0
139505,459,-64.50851,0
139515,452,-65.49229,0
139525,460,-64.36797,0
139535,460,-64.36797,0
139545,456,-64.93014,0
139555,458,-64.64905,0
139565,453,-65.35176,0
139575,459,-64.50851,0
139585,459,-64.50851,0
139595,455,-65.07068,0
139605,456,-64.93014,0
139615,456,-64.93014,0
139625,463,-63.94635,0
139635,458,-64.64905,0
139645,460,-64.36797,0
139655,455,-65.07068,0
139665,455,-65.07068,0
139675,460,-64.36797,0
139685,461,-64.22743,0
139695,458,-64.64905,0
139705,458,-64.64905,0
139715,453,-65.35176,0
139725,457,-64.7896,0
139735,458,-64.64905,0
139745,458,-64.64905,0
139755,456,-64.93014,0
139765,452,-65.49229,0
139775,458,-64.64905,0
139785,455,-65.07068,0
139795,464,-63.80581,0
139805,466,-63.52472,0
139815,447,-66.19501,0
139825,459,-64.50851,0
139835,456,-64.93014,0
139845,461,-64.22743,0
139855,460,-64.36797,0
139865,457,-64.7896,0
139875,459,-64.50851,0
139885,461,-64.22743,0
139895,461,-64.22743,0
139905,458,-64.64905,0
139915,459,-64.50851,0
139925,459,-64.50851,0
139935,460,-64.36797,0
139945,456,-64.93014,0
139955,459,-64.50851,0
139965,457,-64.7896,0
139975,461,-64.22743,0
139985,457,-64.7896,0
139995,456,-64.93014,0
140005,457,-64.7896,0
140015,454,-65.21122,0
140025,457,-64.7896,0
140035,459,-64.50851,0
140045,463,-63.94635,0
140055,453,-65.35176,0
140065,453,-65.35176,0
140075,458,-64.64905,0
140085,462,-64.08688,0
140095,454,-65.21122,0
140105,459,-64.50851,0
140115,459,-64.50851,0
140125,463,-63.94635,0
140135,451,-65.63284,0
140145,458,-64.64905,0
140155,456,-64.93014,0
140165,451,-65.63284,0
140175,463,-63.94635,0
140185,460,-64.36797,0
140195,455,-65.07068,0
140205,456,-64.93014,0
140215,454,-65.21122,0
140225,459,-64.50851,0
140235,457,-64.7896,0
140245,453,-65.35176,0
140255,459,-64.50851,0
140265,458,-64.64905,0
140275,457,-64.7896,0
140285,458,-64.64905,0
140295,457,-64.7896,0
140305,460,-64.36797,0
140315,454,-65.21122,0
140325,454,-65.21122,0
140335,458,-64.64905,0
140345,459,-64.50851,0
140355,458,-64.64905,0
140365,455,-65.07068,0
140375,459,-64.50851,0
140385,456,-64.93014,0
140395,455,-65.07068,0
140405,459,-64.50851,0
140415,460,-64.36797,0
140425,460,-64.36797,0
140435,458,-64.64905,0
140445,459,-64.50851,0
140455,459,-64.50851,0
140465,458,-64.64905,0
140475,459,-64.50851,0
140485,462,-64.08688,0
140495,453,-65.35176,0
140505,458,-64.64905,0
140515,460,-64.36797,0
140525,461,-64.22743,0
140535,462,-64.08688,0
140545,458,-64.64905,0
140555,458,-64.64905,0
140565,456,-64.93014,0
140575,462,-64.08688,0
140585,460,-64.36797,0
140595,458,-64.64905,0
140605,462,-64.08688,0
140615,456,-64.93014,0
140625,462,-64.08688,0
140635,458,-64.64905,0
140645,460,-64.36797,0
140655,461,-64.22743,0
140665,462,-64.08688,0
140675,462,-64.08688,0
140685,458,-64.64905,0
140695,458,-64.64905,0
140705,458,-64.64905,0
140715,446,-66.33555,0
140725,456,-64.93014,0
140735,461,-64.22743,0
140745,466,-63.52472,0
140755,459,-64.50851,0
140765,462,-64.08688,0
140775,464,-63.80581,0
140785,459,-64.50851,0
140795,465,-63.66527,0
140805,454,-65.21122,0
140815,458,-64.64905,0
140825,461,-64.22743,0
140835,453,-65.35176,1
140845,459,-64.50851,1
140855,448,-66.05447,1
140865,456,-64.93014,1
140875,450,-65.77338,1
140885,436,-67.74097,1
140895,437,-67.60042,1
140905,432,-68.30313,1
140915,424,-69.42747,1
140925,424,-69.42747,1
140935,416,-70.55179,1
140945,413,-70.97342,1
140955,415,-70.69234,1
140965,408,-71.67612,1
140975,409,-71.53558,1
140985,406,-71.95721,1
140995,402,-72.51937,1
141005,397,-73.22208,1
141015,385,-74.90858,1
141025,390,-74.20587,1
141035,385,-74.90858,1
141045,384,-75.04912,1
141055,384,-75.04912,1
141065,377,-76.03291,1
141075,383,-75.18967,1
141085,373,-76.59508,1
141095,380,-75.61128,1
141105,373,-76.59508,1
141115,373,-76.59508,1
141125,376,-76.17345,1
141135,372,-76.73562,1
141145,370,-77.0167,1
141155,370,-77.0167,1
141165,362,-78.14103,1
141175,371,-76.87616,1
141185,369,-77.15724,1
141195,365,-77.71941,1
141205,360,-78.42212,1
141215,358,-78.7032,1
141225,362,-78.14103,1
141235,367,-77.43832,1
141245,363,-78.00049,1
141255,367,-77.43832,1
141265,361,-78.28157,1
141275,363,-78.00049,1
141285,364,-77.85995,1
141295,367,-77.43832,1
141305,362,-78.14103,1
141315,367,-77.43832,1
141325,365,-77.71941,1
141335,364,-77.85995,1
141345,362,-78.14103,1
141355,367,-77.43832,1
141365,353,-79.40591,1
141375,361,-78.28157,1
141385,362,-78.14103,1
141395,363,-78.00049,1
141405,364,-77.85995,1
141415,358,-78.7032,1
141425,364,-77.85995,1
141435,358,-78.7032,1
141445,365,-77.71941,1
141455,363,-78.00049,1
141465,363,-78.00049,1
141475,356,-78.98428,1
141485,363,-78.00049,1
141495,357,-78.84373,1
141505,365,-77.71941,1
141515,358,-78.7032,1
141525,359,-78.56265,1
141535,359,-78.56265,1
141545,361,-78.28157,1
141555,364,-77.85995,1
141565,358,-78.7032,1
141575,363,-78.00049,1
141585,358,-78.7032,1
141595,362,-78.14103,1
141605,361,-78.28157,1
141615,362,-78.14103,1
141625,362,-78.14103,1
141635,359,-78.56265,1
141645,363,-78.00049,1
141655,364,-77.85995,1
141665,358,-78.7032,1
141675,362,-78.14103,1
141685,357,-78.84373,1
141695,359,-78.56265,1
141705,357,-78.84373,1
141715,359,-78.56265,1
141725,360,-78.42212,1
141735,363,-78.00049,1
141745,365,-77.71941,1
141755,361,-78.28157,1
141765,359,-78.56265,1
141775,361,-78.28157,1
141785,360,-78.42212,1
141795,359,-78.56265,1
141805,358,-78.7032,1
141815,358,-78.7032,1
141825,360,-78.42212,1
141835,357,-78.84373,1
141845,359,-78.56265,1
141855,359,-78.56265,1
141865,362,-78.14103,1
141875,362,-78.14103,1
141885,362,-78.14103,1
141895,361,-78.28157,1
141905,357,-78.84373,1
141915,364,-77.85995,1
141925,360,-78.42212,1
141935,357,-78.84373,1
141945,359,-78.56265,1
141955,359,-78.56265,1
141965,359,-78.56265,1
141975,364,-77.85995,1
141985,357,-78.84373,1
141995,358,-78.7032,1
142005,360,-78.42212,1
142015,362,-78.14103,1
142025,361,-78.28157,1
142035,361,-78.28157,1
142045,361,-78.28157,1
142055,361,-78.28157,1
142065,360,-78.42212,1
142075,364,-77.85995,1
142085,361,-78.28157,1
142095,356,-78.98428,1
142105,358,-78.7032,1
142115,355,-79.12482,1
142125,358,-78.7032,1
142135,360,-78.42212,1
142145,361,-78.28157,1
142155,357,-78.84373,1
142165,358,-78.7032,1
142175,356,-78.98428,1
142185,350,-79.82753,1
142195,363,-78.00049,1
142205,358,-78.7032,1
142215,360,-78.42212,1
142225,353,-79.40591,1
142235,355,-79.12482,1
142245,363,-78.00049,1
142255,356,-78.98428,1
142265,360,-78.42212,1
142275,354,-79.26537,1
142285,361,-78.28157,1
142295,361,-78.28157,1
142305,363,-78.00049,1
142315,361,-78.28157,1
142325,363,-78.00049,1
142335,361,-78.28157,1
142345,365,-77.71941,1
142355,365,-77.71941,1
142365,361,-78.28157,1
142375,361,-78.28157,1
142385,359,-78.56265,1
142395,361,-78.28157,1
142405,363,-78.00049,1
142415,361,-78.28157,1
142425,360,-78.42212,1
142435,364,-77.85995,1
142445,360,-78.42212,1
142455,362,-78.14103,1
142465,363,-78.00049,1
142475,357,-78.84373,1
142485,357,-78.84373,1
142495,358,-78.7032,1
142505,366,-77.57887,1
142515,360,-78.42212,1
142525,360,-78.42212,1
142535,358,-78.7032,1
142545,361,-78.28157,1
142555,359,-78.56265,1
142565,358,-78.7032,1
142575,363,-78.00049,1
142585,355,-79.12482,1
142595,359,-78.56265,1
142605,359,-78.56265,1
142615,360,-78.42212,1
142625,359,-78.56265,1
142635,362,-78.14103,1
142645,364,-77.85995,1
142655,359,-78.56265,1
142665,363,-78.00049,1
142675,361,-78.28157,1
142685,358,-78.7032,1
142695,359,-78.56265,1
142705,359,-78.56265,1
142715,363,-78.00049,1
142725,358,-78.7032,1
142735,362,-78.14103,1
142745,357,-78.84373,1
142755,361,-78.28157,1
142765,363,-78.00049,1
142775,358,-78.7032,1
142785,359,-78.56265,1
142795,364,-77.85995,1
142805,358,-78.7032,1
142815,363,-78.00049,1
142825,361,-78.28157,1
142835,363,-78.00049,1
142845,362,-78.14103,1
142855,361,-78.28157,1
142865,364,-77.85995,1
142875,364,-77.85995,1
142885,358,-78.7032,1
142895,364,-77.85995,1
142905,356,-78.98428,1
142915,357,-78.84373,1
142925,359,-78.56265,1
142935,361,-78.28157,1
142945,359,-78.56265,1
142955,362,-78.14103,1
142965,360,-78.42212,1
142975,359,-78.56265,1
142985,360,-78.42212,1
142995,358,-78.7032,1
143005,367,-77.43832,1
143015,362,-78.14103,1
143025,360,-78.42212,1
143035,363,-78.00049,1
143045,365,-77.71941,1
143055,364,-77.85995,1
143065,365,-77.71941,1
143075,362,-78.14103,1
143085,357,-78.84373,1
143095,366,-77.57887,1
143105,356,-78.98428,1
143115,360,-78.42212,1
143125,367,-77.43832,1
143135,363,-78.00049,1
143145,362,-78.14103,1
143155,365,-77.71941,1
143165,356,-78.98428,1
143175,363,-78.00049,1
143185,354,-79.26537,1
143195,358,-78.7032,1
143205,365,-77.71941,1
143215,360,-78.42212,1
143225,362,-78.14103,1
143235,362,-78.14103,1
143245,361,-78.28157,1
143255,364,-77.85995,1
143265,368,-77.29778,1
143275,359,-78.56265,1
143285,360,-78.42212,1
143295,358,-78.7032,1
143305,362,-78.14103,1
143315,359,-78.56265,1
143325,368,-77.29778,1
143335,364,-77.85995,1
143345,360,-78.42212,1
143355,359,-78.56265,1
143365,355,-79.12482,1
143375,360,-78.42212,1
143385,360,-78.42212,1
143395,369,-77.15724,1
143405,361,-78.28157,1
143415,363,-78.00049,1
143425,359,-78.56265,1
143435,357,-78.84373,1
143445,360,-78.42212,1
143455,367,-77.43832,1
143465,362,-78.14103,1
143475,364,-77.85995,1
143485,360,-78.42212,1
143495,363,-78.00049,1
143505,365,-77.71941,1
143515,364,-77.85995,1
143525,362,-78.14103,1
143535,361,-78.28157,1
143545,358,-78.7032,1
143555,363,-78.00049,1
143565,365,-77.71941,1
143575,354,-79.26537,1
143585,358,-78.7032,1
143595,356,-78.98428,1
143605,366,-77.57887,1
143615,367,-77.43832,1
143625,358,-78.7032,1
143635,365,-77.71941,1
143645,368,-77.29778,1
143655,355,-79.12482,1
143665,368,-77.29778,1
143675,364,-77.85995,1
143685,367,-77.43832,1
143695,362,-78.14103,1
143705,361,-78.28157,1
143715,366,-77.57887,1
143725,364,-77.85995,1
143735,370,-77.0167,1
143745,367,-77.43832,1
143755,357,-78.84373,1
143765,366,-77.57887,1
143775,355,-79.12482,1
143785,362,-78.14103,1
143795,362,-78.14103,1
143805,364,-77.85995,1
143815,361,-78.28157,1
143825,362,-78.14103,1
143835,359,-78.56265,1
143845,362,-78.14103,1
143855,366,-77.57887,1
143865,362,-78.14103,1
143875,363,-78.00049,1
143885,361,-78.28157,1
143895,362,-78.14103,1
143905,358,-78.7032,1
143915,354,-79.26537,1
143925,364,-77.85995,1
143935,364,-77.85995,1
143945,366,-77.57887,1
143955,361,-78.28157,1
143965,360,-78.42212,1
143975,362,-78.14103,1
143985,364,-77.85995,1
143995,359,-78.56265,1
144005,357,-78.84373,1
144015,351,-79.68699,1
144025,358,-78.7032,1
144035,361,-78.28157,1
144045,370,-77.0167,1
144055,505,-58.04361,1
144065,610,-43.28675,1
144075,698,-30.91911,1
144085,761,-22.065,1
144095,832,-12.08656,1
144105,891,-3.794609,1
144115,947,4.075722,1
144125,993,10.54061,1
144135,1016,13.77306,1
144145,1072,21.6434,0
144155,1104,26.14072,0
144165,1117,27.96776,0
144175,1107,26.56233,0
144185,1094,24.73531,0
144195,1099,25.43801,0
144205,1068,21.08124,0
144215,1022,14.61633,0
144225,1038,16.86499,0
144235,1022,14.61633,0
144245,1029,15.60012,0
144255,1024,14.89741,0
144265,1024,14.89741,0
144275,1019,14.19469,0
144285,1017,13.91361,0
144295,1013,13.35146,0
144305,1011,13.07035,0
144315,1007,12.50819,0
144325,1014,13.49198,0
144335,1004,12.08659,0
144345,1005,12.22711,0
144355,1010,12.92982,0
144365,1007,12.50819,0
144375,1004,12.08659,0
144385,999,11.38387,0
144395,1002,11.80548,0
144405,1001,11.66496,0
144415,1000,11.5244,0
144425,999,11.38387,0
144435,994,10.68116,0
144445,1000,11.5244,0
144455,998,11.24332,0
144465,1002,11.80548,0
144475,994,10.68116,0
144485,992,10.40008,0
144495,996,10.96224,0
144505,988,9.837921,0
144515,999,11.38387,0
144525,981,8.854126,0
144535,986,9.556839,0
144545,988,9.837921,0
144555,993,10.54061,0
144565,990,10.119,0
144575,991,10.25953,0
144585,990,10.119,0
144595,992,10.40008,0
144605,993,10.54061,0
144615,987,9.697365,0
144625,987,9.697365,0
144635,983,9.135208,0
144645,990,10.119,0
144655,988,9.837921,0
144665,984,9.275734,0
144675,988,9.837921,0
144685,974,7.870338,0
144695,987,9.697365,0
144705,987,9.697365,0
144715,992,10.40008,0
144725,988,9.837921,0
144735,980,8.713577,0
144745,985,9.41629,0
144755,983,9.135208,0
144765,988,9.837921,0
144775,988,9.837921,0
144785,981,8.854126,0
144795,985,9.41629,0
144805,982,8.994659,0
144815,976,8.151413,0
144825,985,9.41629,0
144835,972,7.589256,0
144845,983,9.135208,0
144855,979,8.573029,0
144865,979,8.573029,0
144875,979,8.573029,0
144885,974,7.870338,0
144895,978,8.432495,0
144905,974,7.870338,0
144915,976,8.151413,0
144925,975,8.010864,0
144935,968,7.0271,0
144945,978,8.432495,0
144955,971,7.448708,0
144965,979,8.573029,0
144975,975,8.010864,0
144985,965,6.605461,0
144995,970,7.308151,0
145005,971,7.448708,0
145015,973,7.729782,0
145025,970,7.308151,0
145035,967,6.886543,0
145045,971,7.448708,0
145055,969,7.167625,0
145065,972,7.589256,0
145075,972,7.589256,0
145085,958,5.621674,0
145095,961,6.043282,0
145105,961,6.043282,0
145115,966,6.745995,0
145125,971,7.448708,0
145135,959,5.762199,0
145145,967,6.886543,0
145155,972,7.589256,0
145165,964,6.464912,0
145175,966,6.745995,0
145185,957,5.481117,0
145195,955,5.200043,0
145205,956,5.340591,0
145215,963,6.324387,0
145225,965,6.605461,0
145235,959,5.762199,0
145245,965,6.605461,0
145255,955,5.200043,0
145265,959,5.762199,0
145275,955,5.200043,0
145285,954,5.059509,0
145295,951,4.637878,0
145305,950,4.49733,0
145315,947,4.075722,0
145325,946,3.935165,0
145335,943,3.513535,0
145345,949,4.356804,0
145355,947,4.075722,0
145365,946,3.935165,0
145375,950,4.49733,0
145385,942,3.373009,0
145395,947,4.075722,0
145405,940,3.091927,0
145415,946,3.935165,0
145425,943,3.513535,0
145435,949,4.356804,0
145445,951,4.637878,0
145455,931,1.827057,0
145465,946,3.935165,0
145475,945,3.79464,0
145485,945,3.79464,0
145495,940,3.091927,0
145505,945,3.79464,0
145515,937,2.670296,0
145525,949,4.356804,0
145535,940,3.091927,0
145545,944,3.654091,0
145555,941,3.23246,0
145565,945,3.79464,0
145575,944,3.654091,0
145585,941,3.23246,0
145595,946,3.935165,0
145605,946,3.935165,0
145615,947,4.075722,0
145625,934,2.248665,0
145635,942,3.373009,0
145645,948,4.216248,0
145655,946,3.935165,0
145665,947,4.075722,0
145675,945,3.79464,0
145685,940,3.091927,0
145695,946,3.935165,0
145705,947,4.075722,0
145715,947,4.075722,0
145725,949,4.356804,0
145735,947,4.075722,0
145745,947,4.075722,0
145755,938,2.810829,0
145765,946,3.935165,0
145775,945,3.79464,0
145785,946,3.935165,0
145795,942,3.373009,0
145805,946,3.935165,0
145815,947,4.075722,0
145825,938,2.810829,0
145835,945,3.79464,0
145845,947,4.075722,0
145855,948,4.216248,0
145865,945,3.79464,0
145875,948,4.216248,0
145885,947,4.075722,0
145895,949,4.356804,0
145905,935,2.389214,0
145915,946,3.935165,0
145925,948,4.216248,0
145935,944,3.654091,0
145945,950,4.49733,0
145955,936,2.52977,0
145965,936,2.52977,0
145975,943,3.513535,0
145985,947,4.075722,0
145995,946,3.935165,0
146005,944,3.654091,0
146015,947,4.075722,0
146025,946,3.935165,0
146035,944,3.654091,0
146045,941,3.23246,0
146055,941,3.23246,0
146065,941,3.23246,0
146075,950,4.49733,0
146085,949,4.356804,0
146095,946,3.935165,0
146105,950,4.49733,0
146115,943,3.513535,0
146125,949,4.356804,0
146135,946,3.935165,0
146145,945,3.79464,0
146155,935,2.389214,0
146165,948,4.216248,0
146175,943,3.513535,0
146185,945,3.79464,0
146195,944,3.654091,0
146205,936,2.52977,0
146215,951,4.637878,0
146225,946,3.935165,0
146235,949,4.356804,0
146245,942,3.373009,0
146255,939,2.951378,0
146265,942,3.373009,0
146275,935,2.389214,0
146285,946,3.935165,0
146295,944,3.654091,0
146305,941,3.23246,0
146315,947,4.075722,0
146325,946,3.935165,0
146335,947,4.075722,0
146345,943,3.513535,0
146355,944,3.654091,0
146365,946,3.935165,0
146375,945,3.79464,0
146385,943,3.513535,0
146395,944,3.654091,0
146405,942,3.373009,0
146415,946,3.935165,0
146425,939,2.951378,0
146435,943,3.513535,0
146445,945,3.79464,0
146455,948,4.216248,0
146465,945,3.79464,0
146475,937,2.670296,0
146485,936,2.52977,0
146495,939,2.951378,0
146505,949,4.356804,0
146515,949,4.356804,0
146525,942,3.373009,0
146535,942,3.373009,0
146545,943,3.513535,0
146555,948,4.216248,0
146565,945,3.79464,0
146575,944,3.654091,0
146585,936,2.52977,0
146595,949,4.356804,0
146605,950,4.49733,0
146615,944,3.654091,0
146625,947,4.075722,0
146635,946,3.935165,0
146645,947,4.075722,0
146655,945,3.79464,0
146665,945,3.79464,0
146675,945,3.79464,0
146685,946,3.935165,0
146695,947,4.075722,0
146705,944,3.654091,0
146715,946,3.935165,0
146725,945,3.79464,0
146735,942,3.373009,0
146745,948,4.216248,0
146755,948,4.216248,0
146765,944,3.654091,0
146775,945,3.79464,0
146785,943,3.513535,0
146795,944,3.654091,0
146805,939,2.951378,0
146815,945,3.79464,0
146825,942,3.373009,0
146835,948,4.216248,0
146845,943,3.513535,0
146855,951,4.637878,0
146865,944,3.654091,0
146875,944,3.654091,0
146885,945,3.79464,0
146895,945,3.79464,0
146905,945,3.79464,0
146915,948,4.216248,0
146925,938,2.810829,0
146935,945,3.79464,0
146945,947,4.075722,0
146955,943,3.513535,0
146965,944,3.654091,0
146975,944,3.654091,0
146985,946,3.935165,0
146995,942,3.373009,0
147005,945,3.79464,0
147015,945,3.79464,0
147025,946,3.935165,0
147035,944,3.654091,0
147045,944,3.654091,0
147055,945,3.79464,0
147065,943,3.513535,0
147075,942,3.373009,0
147085,944,3.654091,0
147095,945,3.79464,0
147105,945,3.79464,0
147115,944,3.654091,0
147125,944,3.654091,0
147135,944,3.654091,0
147145,947,4.075722,0
147155,940,3.091927,0
147165,950,4.49733,0
147175,943,3.513535,0
147185,933,2.108139,0
147195,944,3.654091,0
147205,940,3.091927,0
147215,947,4.075722,0
147225,933,2.108139,0
147235,944,3.654091,0
147245,934,2.248665,0
147255,944,3.654091,0
147265,948,4.216248,0
147275,940,3.091927,0
147285,948,4.216248,0
147295,939,2.951378,0
147305,944,3.654091,0
147315,943,3.513535,0
147325,946,3.935165,0
147335,941,3.23246,0
147345,948,4.216248,0
147355,939,2.951378,0
147365,941,3.23246,0
147375,951,4.637878,0
147385,945,3.79464,0
147395,946,3.935165,0
147405,945,3.79464,0
147415,942,3.373009,0
147425,932,1.967583,0
147435,945,3.79464,0
147445,946,3.935165,0
147455,938,2.810829,0
147465,946,3.935165,0
147475,947,4.075722,0
147485,946,3.935165,0
147495,938,2.810829,0
147505,945,3.79464,0
147515,946,3.935165,0
147525,945,3.79464,0
147535,945,3.79464,0
147545,935,2.389214,0
147555,933,2.108139,0
147565,944,3.654091,0
147575,948,4.216248,0
147585,948,4.216248,0
147595,946,3.935165,0
147605,949,4.356804,0
147615,946,3.935165,0
147625,949,4.356804,0
147635,943,3.513535,0
147645,947,4.075722,0
147655,940,3.091927,0
147665,948,4.216248,0
147675,940,3.091927,0
147685,945,3.79464,0
147695,943,3.513535,0
147705,945,3.79464,0
147715,944,3.654091,0
147725,946,3.935165,0
147735,949,4.356804,0
147745,944,3.654091,0
147755,947,4.075722,0
147765,943,3.513535,0
147775,946,3.935165,0
147785,949,4.356804,0
147795,943,3.513535,0
147805,936,2.52977,0
147815,942,3.373009,0
147825,947,4.075722,0
147835,942,3.373009,0
147845,946,3.935165,0
147855,943,3.513535,0
147865,937,2.670296,0
147875,949,4.356804,0
147885,944,3.654091,0
147895,945,3.79464,0
147905,935,2.389214,0
147915,950,4.49733,0
147925,944,3.654091,0
147935,949,4.356804,0
147945,943,3.513535,0
147955,941,3.23246,0
147965,946,3.935165,0
147975,946,3.935165,0
147985,947,4.075722,0
147995,936,2.52977,0
148005,937,2.670296,0
148015,945,3.79464,0
148025,950,4.49733,0
148035,949,4.356804,0
148045,944,3.654091,0
148055,944,3.654091,0
148065,942,3.373009,0
148075,947,4.075722,0
148085,942,3.373009,0
148095,949,4.356804,0
148105,937,2.670296,0
148115,945,3.79464,0
148125,941,3.23246,0
148135,945,3.79464,0
148145,941,3.23246,0
148155,940,3.091927,0
148165,947,4.075722,0
148175,947,4.075722,0
148185,946,3.935165,0
148195,938,2.810829,0
148205,942,3.373009,0
148215,948,4.216248,0
148225,931,1.827057,0
148235,951,4.637878,0
148245,941,3.23246,0
148255,930,1.686508,0
148265,936,2.52977,0
148275,946,3.935165,0
148285,944,3.654091,0
148295,946,3.935165,0
148305,942,3.373009,0
148315,945,3.79464,0
148325,939,2.951378,0
148335,942,3.373009,0
148345,947,4.075722,0
148355,940,3.091927,0
148365,938,2.810829,0
148375,944,3.654091,0
148385,944,3.654091,0
148395,946,3.935165,0
148405,940,3.091927,0
148415,950,4.49733,0
148425,951,4.637878,0
148435,953,4.918961,0
148445,942,3.373009,0
148455,943,3.513535,0
148465,945,3.79464,0
148475,944,3.654091,0
148485,947,4.075722,0
148495,941,3.23246,0
148505,940,3.091927,0
148515,941,3.23246,0
148525,938,2.810829,0
148535,942,3.373009,0
148545,939,2.951378,0
148555,941,3.23246,0
148565,947,4.075722,0
148575,940,3.091927,0
148585,945,3.79464,0
148595,943,3.513535,0
148605,933,2.108139,0
148615,950,4.49733,0
148625,951,4.637878,0
148635,947,4.075722,0
148645,949,4.356804,0
148655,944,3.654091,0
148665,945,3.79464,0
148675,944,3.654091,0
148685,947,4.075722,0
148695,945,3.79464,0
148705,942,3.373009,0
148715,948,4.216248,0
148725,951,4.637878,0
148735,945,3.79464,0
148745,946,3.935165,0
148755,946,3.935165,0
148765,945,3.79464,0
148775,940,3.091927,0
148785,951,4.637878,0
148795,943,3.513535,0
148805,941,3.23246,0
148815,941,3.23246,0
148825,946,3.935165,0
148835,938,2.810829,0
148845,944,3.654091,0
148855,940,3.091927,0
148865,949,4.356804,0
148875,948,4.216248,0
148885,949,4.356804,0
148895,942,3.373009,0
148905,941,3.23246,0
148915,946,3.935165,0
148925,940,3.091927,0
148935,940,3.091927,0
148945,940,3.091927,0
148955,936,2.52977,0
148965,940,3.091927,0
148975,938,2.810829,0
148985,947,4.075722,0
148995,941,3.23246,0
149005,941,3.23246,0
149015,941,3.23246,0
149025,943,3.513535,0
149035,946,3.935165,0
149045,944,3.654091,0
149055,945,3.79464,0
149065,946,3.935165,0
149075,942,3.373009,0
149085,945,3.79464,0
149095,953,4.918961,0
149105,942,3.373009,0
149115,941,3.23246,0
149125,947,4.075722,0
149135,947,4.075722,0
149145,948,4.216248,0
149155,942,3.373009,0
149165,936,2.52977,0
149175,948,4.216248,0
149185,948,4.216248,0
149195,951,4.637878,0
149205,943,3.513535,0
149215,949,4.356804,0
149225,943,3.513535,0
149235,946,3.935165,0
149245,944,3.654091,0
149255,946,3.935165,0
149265,941,3.23246,0
149275,938,2.810829,1
149285,938,2.810829,1
149295,939,2.951378,1
149305,940,3.091927,1
149315,924,0.843262,1
149325,885,-4.637863,1
149335,841,-10.82168,1
149345,802,-16.3028,1
149355,773,-20.37849,1
149365,745,-24.31365,1
149375,725,-27.1245,1
149385,695,-31.34074,1
149395,672,-34.57318,1
149405,645,-38.36781,1
149415,629,-40.61647,1
149425,613,-42.86513,1
149435,599,-44.83271,1
149445,583,-47.08138,1
149455,558,-50.59491,1
149465,543,-52.70303,1
149475,539,-53.26519,1
149485,527,-54.95169,1
149495,516,-56.49765,1
149505,500,-58.74632,1
149515,486,-60.71389,1
149525,492,-59.87064,1
149535,481,-61.4166,1
149545,469,-63.1031,1
149555,460,-64.36797,1
149565,450,-65.77338,1
149575,449,-65.91393,1
149585,447,-66.19501,1
149595,443,-66.75717,1
149605,434,-68.02205,1
149615,431,-68.44367,1
149625,427,-69.00584,1
149635,426,-69.14638,1
149645,422,-69.70854,1
149655,411,-71.2545,1
149665,409,-71.53558,1
149675,404,-72.23829,1
149685,405,-72.09775,1
149695,399,-72.941,1
149705,394,-73.64371,1
149715,399,-72.941,1
149725,380,-75.61128,1
149735,391,-74.06533,1
149745,379,-75.75182,1
149755,386,-74.76804,1
149765,385,-74.90858,1
149775,378,-75.89237,1
149785,373,-76.59508,1
149795,375,-76.314,1
149805,381,-75.47075,1
149815,376,-76.17345,1
149825,369,-77.15724,1
149835,368,-77.29778,1
149845,370,-77.0167,1
149855,372,-76.73562,1
149865,377,-76.03291,1
149875,361,-78.28157,1
149885,364,-77.85995,1
149895,367,-77.43832,1
149905,363,-78.00049,1
149915,368,-77.29778,1
149925,362,-78.14103,1
149935,365,-77.71941,1
149945,366,-77.57887,1
149955,365,-77.71941,1
149965,368,-77.29778,1
149975,362,-78.14103,1
149985,370,-77.0167,1
149995,364,-77.85995,1
150005,363,-78.00049,1
150015,361,-78.28157,1
150025,362,-78.14103,1
150035,364,-77.85995,1
150045,359,-78.56265,1
150055,361,-78.28157,1
150065,361,-78.28157,1
150075,358,-78.7032,1
150085,357,-78.84373,1
150095,364,-77.85995,1
150105,364,-77.85995,1
150115,362,-78.14103,1
150125,368,-77.29778,1
150135,358,-78.7032,1
150145,367,-77.43832,1
150155,366,-77.57887,1
150165,363,-78.00049,1
150175,365,-77.71941,1
150185,364,-77.85995,1
150195,359,-78.56265,1
150205,355,-79.12482,1
150215,372,-76.73562,1
150225,351,-79.68699,1
150235,355,-79.12482,1
150245,363,-78.00049,1
150255,359,-78.56265,1
150265,362,-78.14103,1
150275,361,-78.28157,1
150285,353,-79.40591,1
150295,357,-78.84373,1
150305,366,-77.57887,1
150315,355,-79.12482,1
150325,358,-78.7032,1
150335,361,-78.28157,1
150345,358,-78.7032,1
150355,356,-78.98428,1
150365,358,-78.7032,1
150375,353,-79.40591,1
150385,356,-78.98428,1
150395,358,-78.7032,1
150405,359,-78.56265,1
150415,360,-78.42212,1
150425,357,-78.84373,1
150435,363,-78.00049,1
150445,361,-78.28157,1
150455,357,-78.84373,1
150465,359,-78.56265,1
150475,353,-79.40591,1
150485,357,-78.84373,1
150495,355,-79.12482,1
150505,360,-78.42212,1
150515,358,-78.7032,1
150525,360,-78.42212,1
150535,356,-78.98428,1
150545,361,-78.28157,1
150555,358,-78.7032,1
150565,367,-77.43832,1
150575,353,-79.40591,1
150585,359,-78.56265,1
150595,354,-79.26537,1
150605,363,-78.00049,1
150615,360,-78.42212,1
150625,357,-78.84373,1
150635,352,-79.54644,1
150645,362,-78.14103,1
150655,360,-78.42212,1
150665,361,-78.28157,1
150675,362,-78.14103,1
150685,356,-78.98428,1
150695,354,-79.26537,1
150705,361,-78.28157,1
150715,362,-78.14103,1
150725,360,-78.42212,1
150735,357,-78.84373,1
150745,359,-78.56265,1
150755,361,-78.28157,1
150765,360,-78.42212,1
150775,365,-77.71941,1
150785,355,-79.12482,1
150795,359,-78.56265,1
150805,357,-78.84373,1
150815,361,-78.28157,1
150825,358,-78.7032,1
150835,362,-78.14103,1
150845,364,-77.85995,1
150855,363,-78.00049,1
150865,356,-78.98428,1
150875,355,-79.12482,1
150885,362,-78.14103,1
150895,360,-78.42212,1
150905,359,-78.56265,1
150915,354,-79.26537,1
150925,360,-78.42212,1
150935,363,-78.00049,1
150945,364,-77.85995,1
150955,357,-78.84373,1
150965,363,-78.00049,1
150975,358,-78.7032,1
150985,362,-78.14103,1
150995,357,-78.84373,1
151005,357,-78.84373,1
151015,357,-78.84373,1
151025,361,-78.28157,1
151035,354,-79.26537,1
151045,362,-78.14103,1
151055,363,-78.00049,1
151065,360,-78.42212,1
151075,357,-78.84373,1
151085,356,-78.98428,1
151095,365,-77.71941,1
151105,362,-78.14103,1
151115,355,-79.12482,1
151125,359,-78.56265,1
151135,356,-78.98428,1
151145,358,-78.7032,1
151155,354,-79.26537,1
151165,368,-77.29778,1
151175,353,-79.40591,1
151185,359,-78.56265,1
151195,365,-77.71941,1
151205,366,-77.57887,1
151215,361,-78.28157,1
151225,362,-78.14103,1
151235,360,-78.42212,1
151245,364,-77.85995,1
151255,361,-78.28157,1
151265,366,-77.57887,1
151275,362,-78.14103,1
151285,365,-77.71941,1
151295,360,-78.42212,1
151305,353,-79.40591,1
151315,358,-78.7032,1
151325,362,-78.14103,1
151335,359,-78.56265,1
151345,365,-77.71941,1
151355,358,-78.7032,1
151365,359,-78.56265,1
151375,358,-78.7032,1
151385,362,-78.14103,1
151395,360,-78.42212,1
151405,364,-77.85995,1
151415,366,-77.57887,1
151425,358,-78.7032,1
151435,363,-78.00049,1
151445,364,-77.85995,1
151455,364,-77.85995,1
151465,362,-78.14103,1
151475,365,-77.71941,1
151485,360,-78.42212,1
151495,357,-78.84373,1
151505,367,-77.43832,1
151515,361,-78.28157,1
151525,357,-78.84373,1
151535,365,-77.71941,1
151545,362,-78.14103,1
151555,360,-78.42212,1
151565,361,-78.28157,1
151575,359,-78.56265,1
151585,356,-78.98428,1
151595,360,-78.42212,1
151605,363,-78.00049,1
151615,367,-77.43832,1
151625,364,-77.85995,1
151635,362,-78.14103,1
151645,368,-77.29778,1
151655,355,-79.12482,1
151665,361,-78.28157,1
151675,356,-78.98428,1
151685,361,-78.28157,1
151695,363,-78.00049,1
151705,366,-77.57887,1
151715,362,-78.14103,1
151725,356,-78.98428,1
151735,363,-78.00049,1
151745,360,-78.42212,1
151755,367,-77.43832,1
151765,362,-78.14103,1
151775,366,-77.57887,1
151785,357,-78.84373,1
151795,356,-78.98428,1
151805,362,-78.14103,1
151815,359,-78.56265,1
151825,367,-77.43832,1
151835,356,-78.98428,1
151845,364,-77.85995,1
151855,363,-78.00049,1
151865,364,-77.85995,1
151875,369,-77.15724,1
151885,364,-77.85995,1
151895,361,-78.28157,1
151905,363,-78.00049,1
151915,356,-78.98428,1
151925,363,-78.00049,1
151935,358,-78.7032,1
151945,364,-77.85995,1
151955,362,-78.14103,1
151965,365,-77.71941,1
151975,370,-77.0167,1
151985,362,-78.14103,1
151995,362,-78.14103,1
152005,365,-77.71941,1
152015,360,-78.42212,1
152025,359,-78.56265,1
152035,359,-78.56265,1
152045,367,-77.43832,1
152055,357,-78.84373,1
152065,358,-78.7032,1
152075,368,-77.29778,1
152085,349,-79.96807,1
152095,359,-78.56265,1
152105,362,-78.14103,1
152115,364,-77.85995,1
152125,363,-78.00049,1
152135,360,-78.42212,1
152145,366,-77.57887,1
152155,368,-77.29778,1
152165,365,-77.71941,1
152175,360,-78.42212,1
152185,364,-77.85995,1
152195,367,-77.43832,1
152205,361,-78.28157,1
152215,364,-77.85995,1
152225,365,-77.71941,1
152235,367,-77.43832,1
152245,357,-78.84373,1
152255,361,-78.28157,1
152265,357,-78.84373,1
152275,362,-78.14103,1
152285,365,-77.71941,1
152295,366,-77.57887,1
152305,367,-77.43832,1
152315,364,-77.85995,1
152325,363,-78.00049,1
152335,366,-77.57887,1
152345,361,-78.28157,1
152355,361,-78.28157,1
152365,359,-78.56265,1
152375,358,-78.7032,1
152385,360,-78.42212,1
152395,362,-78.14103,1
152405,364,-77.85995,1
152415,360,-78.42212,1
152425,359,-78.56265,1
152435,365,-77.71941,1
152445,360,-78.42212,1
152455,366,-77.57887,1
152465,364,-77.85995,1
152475,365,-77.71941,1
152485,362,-78.14103,1
152495,358,-78.7032,1
152505,366,-77.57887,1
152515,363,-78.00049,1
152525,360,-78.42212,1
152535,370,-77.0167,1
152545,366,-77.57887,1
152555,366,-77.57887,1
152565,363,-78.00049,1
152575,359,-78.56265,1
152585,362,-78.14103,1
152595,364,-77.85995,1
152605,362,-78.14103,1
152615,365,-77.71941,1
152625,361,-78.28157,1
152635,367,-77.43832,1
152645,367,-77.43832,0
152655,362,-78.14103,0
152665,365,-77.71941,0
152675,366,-77.57887,0
152685,368,-77.29778,0
152695,401,-72.65991,0
152705,444,-66.61664,0
152715,453,-65.35176,0
152725,456,-64.93014,0
152735,452,-65.49229,0
152745,456,-64.93014,0
152755,457,-64.7896,0
152765,454,-65.21122,0
152775,458,-64.64905,0
152785,456,-64.93014,0
152795,456,-64.93014,0
152805,454,-65.21122,0
152815,456,-64.93014,0
152825,457,-64.7896,0
152835,456,-64.93014,0
152845,450,-65.77338,0
152855,451,-65.63284,0
152865,455,-65.07068,0
152875,456,-64.93014,0
152885,454,-65.21122,0
152895,462,-64.08688,0
152905,462,-64.08688,0
152915,453,-65.35176,0
152925,452,-65.49229,0
152935,455,-65.07068,0
152945,454,-65.21122,0
152955,456,-64.93014,0
152965,461,-64.22743,0
152975,451,-65.63284,0
152985,455,-65.07068,0
152995,457,-64.7896,0
153005,460,-64.36797,0
153015,457,-64.7896,0
153025,455,-65.07068,0
153035,453,-65.35176,0
153045,446,-66.33555,0
153055,454,-65.21122,0
153065,457,-64.7896,0
153075,455,-65.07068,0
153085,460,-64.36797,0
153095,458,-64.64905,0
153105,457,-64.7896,0
153115,459,-64.50851,0
153125,463,-63.94635,0
153135,458,-64.64905,0
153145,461,-64.22743,0
153155,455,-65.07068,0
153165,454,-65.21122,0
153175,447,-66.19501,0
153185,460,-64.36797,0
153195,459,-64.50851,0
153205,447,-66.19501,0
153215,455,-65.07068,0
153225,448,-66.05447,0
153235,457,-64.7896,0
153245,453,-65.35176,0
153255,460,-64.36797,0
153265,459,-64.50851,0
153275,453,-65.35176,0
153285,458,-64.64905,0
153295,454,-65.21122,0
153305,452,-65.49229,0
153315,459,-64.50851,0
153325,452,-65.49229,0
153335,454,-65.21122,0
153345,449,-65.91393,0
153355,451,-65.63284,0
153365,456,-64.93014,0
153375,450,-65.77338,0
153385,453,-65.35176,0
153395,453,-65.35176,0
153405,454,-65.21122,0
153415,458,-64.64905,0
153425,458,-64.64905,0
153435,457,-64.7896,0
153445,456,-64.93014,0
153455,455,-65.07068,0
153465,452,-65.49229,0
153475,455,-65.07068,0
153485,458,-64.64905,0
153495,452,-65.49229,0
153505,460,-64.36797,0
153515,459,-64.50851,0
153525,447,-66.19501,0
153535,451,-65.63284,0
153545,447,-66.19501,0
153555,456,-64.93014,0
153565,452,-65.49229,0
153575,453,-65.35176,0
153585,460,-64.36797,0
153595,451,-65.63284,0
153605,457,-64.7896,0
153615,457,-64.7896,0
153625,458,-64.64905,0
153635,456,-64.93014,0
153645,461,-64.22743,0
153655,460,-64.36797,0
153665,459,-64.50851,0
153675,453,-65.35176,0
153685,458,-64.64905,0
153695,457,-64.7896,0
153705,452,-65.49229,0
153715,457,-64.7896,0
153725,452,-65.49229,0
153735,458,-64.64905,0
153745,454,-65.21122,0
153755,453,-65.35176,0
153765,458,-64.64905,0
153775,457,-64.7896,0
153785,458,-64.64905,0
153795,458,-64.64905,0
153805,455,-65.07068,0
153815,456,-64.93014,0
153825,459,-64.50851,0
153835,460,-64.36797,0
153845,455,-65.07068,0
153855,454,-65.21122,0
153865,459,-64.50851,0
153875,456,-64.93014,0
153885,459,-64.50851,0
153895,456,-64.93014,0
153905,452,-65.49229,0
153915,451,-65.63284,0
153925,458,-64.64905,0
153935,460,-64.36797,0
153945,451,-65.63284,0
153955,459,-64.50851,0
153965,463,-63.94635,0
153975,457,-64.7896,0
153985,456,-64.93014,0
153995,453,-65.35176,0
154005,458,-64.64905,0
154015,456,-64.93014,0
154025,453,-65.35176,0
154035,461,-64.22743,0
154045,452,-65.49229,0
154055,457,-64.7896,0
154065,457,-64.7896,0
154075,458,-64.64905,0
154085,456,-64.93014,0
154095,460,-64.36797,0
154105,456,-64.93014,0
154115,457,-64.7896,0
154125,462,-64.08688,0
154135,462,-64.08688,0
154145,462,-64.08688,0
154155,455,-65.07068,0
154165,459,-64.50851,0
154175,456,-64.93014,0
154185,463,-63.94635,0
154195,455,-65.07068,0
154205,457,-64.7896,0
154215,453,-65.35176,0
154225,454,-65.21122,0
154235,446,-66.33555,0
154245,451,-65.63284,0
154255,455,-65.07068,0
154265,454,-65.21122,0
154275,447,-66.19501,0
154285,446,-66.33555,0
154295,455,-65.07068,0
154305,460,-64.36797,0
154315,454,-65.21122,0
154325,458,-64.64905,0
154335,457,-64.7896,0
154345,461,-64.22743,0
154355,458,-64.64905,0
154365,456,-64.93014,0
154375,464,-63.80581,0
154385,460,-64.36797,0
154395,459,-64.50851,0
154405,458,-64.64905,0
154415,455,-65.07068,0
154425,459,-64.50851,0
154435,453,-65.35176,0
154445,455,-65.07068,0
154455,457,-64.7896,0
154465,461,-64.22743,0
154475,456,-64.93014,0
154485,457,-64.7896,0
154495,456,-64.93014,0
154505,457,-64.7896,0
154515,458,-64.64905,0
154525,457,-64.7896,0
154535,459,-64.50851,0
154545,460,-64.36797,0
154555,461,-64.22743,0
154565,455,-65.07068,0
154575,461,-64.22743,0
154585,453,-65.35176,0
154595,457,-64.7896,0
154605,458,-64.64905,0
154615,457,-64.7896,0
154625,460,-64.36797,0
154635,461,-64.22743,0
154645,459,-64.50851,0
154655,460,-64.36797,0
154665,462,-64.08688,0
154675,454,-65.21122,0
154685,460,-64.36797,0
154695,454,-65.21122,0
154705,459,-64.50851,0
154715,462,-64.08688,0
154725,458,-64.64905,0
154735,464,-63.80581,0
154745,460,-64.36797,0
154755,458,-64.64905,0
154765,459,-64.50851,0
154775,461,-64.22743,0
154785,464,-63.80581,0
154795,464,-63.80581,0
154805,456,-64.93014,0
154815,453,-65.35176,0
154825,450,-65.77338,0
154835,462,-64.08688,0
154845,456,-64.93014,0
154855,460,-64.36797,0
154865,463,-63.94635,0
154875,458,-64.64905,0
154885,462,-64.08688,0
154895,462,-64.08688,0
154905,458,-64.64905,0
154915,459,-64.50851,0
154925,462,-64.08688,0
154935,456,-64.93014,0
154945,457,-64.7896,0
154955,461,-64.22743,0
154965,463,-63.94635,0
154975,463,-63.94635,0
154985,460,-64.36797,0
154995,458,-64.64905,0
155005,464,-63.80581,0
155015,458,-64.64905,0
155025,454,-65.21122,0
155035,459,-64.50851,0
155045,458,-64.64905,0
155055,461,-64.22743,0
155065,458,-64.64905,0
155075,459,-64.50851,0
155085,458,-64.64905,0
155095,459,-64.50851,0
155105,456,-64.93014,0
155115,459,-64.50851,0
155125,463,-63.94635,0
155135,460,-64.36797,0
155145,460,-64.36797,0
155155,460,-64.36797,0
155165,459,-64.50851,0
155175,455,-65.07068,0
155185,458,-64.64905,0
155195,451,-65.63284,0
155205,458,-64.64905,0
155215,454,-65.21122,0
155225,462,-64.08688,0
155235,460,-64.36797,0
155245,457,-64.7896,0
155255,451,-65.63284,0
155265,459,-64.50851,0
155275,460,-64.36797,0
155285,458,-64.64905,0
155295,450,-65.77338,0
155305,459,-64.50851,0
155315,463,-63.94635,0
155325,459,-64.50851,0
155335,461,-64.22743,0
155345,464,-63.80581,0
155355,453,-65.35176,0
155365,464,-63.80581,0
155375,459,-64.50851,0
155385,457,-64.7896,0
155395,463,-63.94635,0
155405,460,-64.36797,0
155415,456,-64.93014,0
155425,459,-64.50851,0
155435,459,-64.50851,0
155445,460,-64.36797,0
155455,459,-64.50851,0
155465,459,-64.50851,0
155475,463,-63.94635,0
155485,451,-65.63284,0
155495,449,-65.91393,0
155505,463,-63.94635,0
155515,459,-64.50851,0
155525,461,-64.22743,0
155535,465,-63.66527,0
155545,454,-65.21122,0
155555,467,-63.38418,0
155565,463,-63.94635,0
155575,462,-64.08688,0
155585,456,-64.93014,0
155595,460,-64.36797,0
155605,459,-64.50851,0
155615,462,-64.08688,0
155625,462,-64.08688,0
155635,455,-65.07068,0
155645,463,-63.94635,1
155655,453,-65.35176,1
155665,459,-64.50851,1
155675,463,-63.94635,1
155685,456,-64.93014,1
155695,446,-66.33555,1
155705,444,-66.61664,1
155715,434,-68.02205,1
155725,427,-69.00584,1
155735,428,-68.8653,1
155745,420,-69.98962,1
155755,424,-69.42747,1
155765,414,-70.83288,1
155775,417,-70.41125,1
155785,404,-72.23829,1
155795,400,-72.80046,1
155805,397,-73.22208,1
155815,394,-73.64371,1
155825,393,-73.78425,1
155835,382,-75.3302,1
155845,382,-75.3302,1
155855,389,-74.34641,1
155865,390,-74.20587,1
155875,383,-75.18967,1
155885,387,-74.62749,1
155895,380,-75.61128,1
155905,381,-75.47075,1
155915,376,-76.17345,1
155925,376,-76.17345,1
155935,374,-76.45454,1
155945,366,-77.57887,1
155955,366,-77.57887,1
155965,366,-77.57887,1
155975,369,-77.15724,1
155985,367,-77.43832,1
155995,367,-77.43832,1
156005,373,-76.59508,1
156015,370,-77.0167,1
156025,365,-77.71941,1
156035,357,-78.84373,1
156045,364,-77.85995,1
156055,369,-77.15724,1
156065,367,-77.43832,1
156075,367,-77.43832,1
156085,362,-78.14103,1
156095,365,-77.71941,1
156105,363,-78.00049,1
156115,366,-77.57887,1
156125,367,-77.43832,1
156135,363,-78.00049,1
156145,355,-79.12482,1
156155,365,-77.71941,1
156165,362,-78.14103,1
156175,368,-77.29778,1
156185,360,-78.42212,1
156195,362,-78.14103,1
156205,363,-78.00049,1
156215,363,-78.00049,1
156225,356,-78.98428,1
156235,367,-77.43832,1
156245,359,-78.56265,1
156255,366,-77.57887,1
156265,355,-79.12482,1
156275,359,-78.56265,1
156285,363,-78.00049,1
156295,364,-77.85995,1
156305,355,-79.12482,1
156315,361,-78.28157,1
156325,365,-77.71941,1
156335,363,-78.00049,1
156345,363,-78.00049,1
156355,360,-78.42212,1
156365,362,-78.14103,1
156375,362,-78.14103,1
156385,360,-78.42212,1
156395,358,-78.7032,1
156405,361,-78.28157,1
156415,360,-78.42212,1
156425,364,-77.85995,1
156435,361,-78.28157,1
156445,359,-78.56265,1
156455,363,-78.00049,1
156465,358,-78.7032,1
156475,352,-79.54644,1
156485,362,-78.14103,1
156495,358,-78.7032,1
156505,353,-79.40591,1
156515,361,-78.28157,1
156525,361,-78.28157,1
156535,363,-78.00049,1
156545,355,-79.12482,1
156555,363,-78.00049,1
156565,360,-78.42212,1
156575,365,-77.71941,1
156585,363,-78.00049,1
156595,355,-79.12482,1
156605,362,-78.14103,1
156615,356,-78.98428,1
156625,361,-78.28157,1
156635,360,-78.42212,1
156645,346,-80.38969,1
156655,360,-78.42212,1
156665,354,-79.26537,1
156675,361,-78.28157,1
156685,363,-78.00049,1
156695,356,-78.98428,1
156705,366,-77.57887,1
156715,364,-77.85995,1
156725,357,-78.84373,1
156735,361,-78.28157,1
156745,358,-78.7032,1
156755,361,-78.28157,1
156765,363,-78.00049,1
156775,359,-78.56265,1
156785,361,-78.28157,1
156795,359,-78.56265,1
156805,355,-79.12482,1
156815,359,-78.56265,1
156825,360,-78.42212,1
156835,362,-78.14103,1
156845,353,-79.40591,1
156855,364,-77.85995,1
156865,364,-77.85995,1
156875,359,-78.56265,1
156885,363,-78.00049,1
156895,358,-78.7032,1
156905,360,-78.42212,1
156915,361,-78.28157,1
156925,360,-78.42212,1
156935,358,-78.7032,1
156945,359,-78.56265,1
156955,353,-79.40591,1
156965,359,-78.56265,1
156975,354,-79.26537,1
156985,360,-78.42212,1
156995,361,-78.28157,1
157005,361,-78.28157,1
157015,364,-77.85995,1
157025,362,-78.14103,1
157035,361,-78.28157,1
157045,360,-78.42212,1
157055,360,-78.42212,1
157065,359,-78.56265,1
157075,362,-78.14103,1
157085,360,-78.42212,1
157095,364,-77.85995,1
157105,360,-78.42212,1
157115,366,-77.57887,1
157125,364,-77.85995,1
157135,354,-79.26537,1
157145,360,-78.42212,1
157155,360,-78.42212,1
157165,362,-78.14103,1
157175,364,-77.85995,1
157185,367,-77.43832,1
157195,361,-78.28157,1
157205,361,-78.28157,1
157215,354,-79.26537,1
157225,357,-78.84373,1
157235,358,-78.7032,1
157245,363,-78.00049,1
157255,363,-78.00049,1
157265,355,-79.12482,1
157275,365,-77.71941,1
157285,360,-78.42212,1
157295,357,-78.84373,1
157305,362,-78.14103,1
157315,364,-77.85995,1
157325,364,-77.85995,1
157335,362,-78.14103,1
157345,365,-77.71941,1
157355,361,-78.28157,1
157365,362,-78.14103,1
157375,362,-78.14103,1
157385,361,-78.28157,1
157395,361,-78.28157,1
157405,360,-78.42212,1
157415,354,-79.26537,1
157425,364,-77.85995,1
157435,362,-78.14103,1
157445,359,-78.56265,1
157455,365,-77.71941,1
157465,360,-78.42212,1
157475,362,-78.14103,1
157485,364,-77.85995,1
157495,356,-78.98428,1
157505,360,-78.42212,1
157515,364,-77.85995,1
157525,366,-77.57887,1
157535,363,-78.00049,1
157545,360,-78.42212,1
157555,364,-77.85995,1
157565,366,-77.57887,1
157575,362,-78.14103,1
157585,357,-78.84373,1
157595,361,-78.28157,1
157605,364,-77.85995,1
157615,362,-78.14103,1
157625,360,-78.42212,1
157635,363,-78.00049,1
157645,367,-77.43832,1
157655,361,-78.28157,1
157665,364,-77.85995,1
157675,366,-77.57887,1
157685,367,-77.43832,1
157695,362,-78.14103,1
157705,365,-77.71941,1
157715,366,-77.57887,1
157725,368,-77.29778,1
157735,363,-78.00049,1
157745,358,-78.7032,1
157755,367,-77.43832,1
157765,359,-78.56265,1
157775,364,-77.85995,1
157785,360,-78.42212,1
157795,361,-78.28157,1
157805,363,-78.00049,1
157815,361,-78.28157,1
157825,363,-78.00049,1
157835,360,-78.42212,1
157845,363,-78.00049,1
157855,363,-78.00049,1
157865,360,-78.42212,1
157875,364,-77.85995,1
157885,366,-77.57887,1
157895,360,-78.42212,1
157905,360,-78.42212,1
157915,366,-77.57887,1
157925,355,-79.12482,1
157935,361,-78.28157,1
157945,363,-78.00049,1
157955,364,-77.85995,1
157965,360,-78.42212,1
157975,363,-78.00049,1
157985,359,-78.56265,1
157995,363,-78.00049,1
158005,365,-77.71941,1
158015,366,-77.57887,1
158025,366,-77.57887,1
158035,363,-78.00049,1
158045,363,-78.00049,1
158055,363,-78.00049,1
158065,364,-77.85995,1
158075,365,-77.71941,1
158085,364,-77.85995,1
158095,362,-78.14103,1
158105,366,-77.57887,1
158115,363,-78.00049,1
158125,363,-78.00049,1
158135,366,-77.57887,1
158145,366,-77.57887,1
158155,368,-77.29778,1
158165,364,-77.85995,1
158175,359,-78.56265,1
158185,366,-77.57887,1
158195,364,-77.85995,1
158205,363,-78.00049,1
158215,365,-77.71941,1
158225,363,-78.00049,1
158235,365,-77.71941,1
158245,362,-78.14103,1
158255,365,-77.71941,1
158265,363,-78.00049,1
158275,364,-77.85995,1
158285,370,-77.0167,1
158295,367,-77.43832,1
158305,363,-78.00049,1
158315,363,-78.00049,1
158325,364,-77.85995,1
158335,365,-77.71941,1
158345,365,-77.71941,1
158355,361,-78.28157,1
158365,362,-78.14103,1
158375,361,-78.28157,1
158385,367,-77.43832,1
158395,363,-78.00049,1
158405,365,-77.71941,1
158415,362,-78.14103,1
158425,354,-79.26537,1
158435,369,-77.15724,1
158445,358,-78.7032,1
158455,365,-77.71941,1
158465,362,-78.14103,1
158475,363,-78.00049,1
158485,367,-77.43832,1
158495,361,-78.28157,1
158505,362,-78.14103,1
158515,366,-77.57887,1
158525,365,-77.71941,1
158535,366,-77.57887,1
158545,362,-78.14103,1
158555,359,-78.56265,1
158565,357,-78.84373,1
158575,368,-77.29778,1
158585,362,-78.14103,1
158595,359,-78.56265,1
158605,362,-78.14103,1
158615,365,-77.71941,1
158625,360,-78.42212,1
158635,364,-77.85995,1
158645,364,-77.85995,1
158655,365,-77.71941,1
158665,361,-78.28157,1
158675,365,-77.71941,1
158685,366,-77.57887,1
158695,362,-78.14103,1
158705,361,-78.28157,1
158715,364,-77.85995,1
158725,362,-78.14103,1
158735,370,-77.0167,1
158745,364,-77.85995,1
158755,361,-78.28157,1
158765,365,-77.71941,1
158775,365,-77.71941,1
158785,360,-78.42212,1
158795,366,-77.57887,1
158805,361,-78.28157,1
158815,362,-78.14103,1
158825,497,-59.16794,1
158835,606,-43.84893,1
158845,695,-31.34074,1
158855,774,-20.23795,1
158865,831,-12.22709,1
158875,880,-5.340569,1
158885,946,3.935165,1
158895,1001,11.66496,1
158905,1044,17.70823,1
158915,1064,20.51906,0
158925,1085,23.47043,0
158935,1111,27.12452,0
158945,1123,28.811,0
158955,1120,28.38939,0
158965,1108,26.70289,0
158975,1017,13.91361,0
158985,1056,19.39474,0
158995,1017,13.91361,0
159005,1039,17.00552,0
159015,1027,15.31904,0
159025,1020,14.33523,0
159035,1013,13.35146,0
159045,1020,14.33523,0
159055,1015,13.63254,0
159065,1019,14.19469,0
159075,1014,13.49198,0
159085,1008,12.64874,0
159095,1006,12.36766,0
159105,1005,12.22711,0
159115,1009,12.78928,0
159125,1000,11.5244,0
159135,1007,12.50819,0
159145,1009,12.78928,0
159155,997,11.10279,0
159165,998,11.24332,0
159175,998,11.24332,0
159185,1006,12.36766,0
159195,1003,11.94603,0
159205,989,9.978447,0
159215,998,11.24332,0
159225,1000,11.5244,0
159235,992,10.40008,0
159245,995,10.82171,0
159255,991,10.25953,0
159265,993,10.54061,0
159275,995,10.82171,0
159285,992,10.40008,0
159295,990,10.119,0
159305,996,10.96224,0
159315,991,10.25953,0
159325,992,10.40008,0
159335,990,10.119,0
159345,993,10.54061,0
159355,999,11.38387,0
159365,989,9.978447,0
159375,990,10.119,0
159385,991,10.25953,0
159395,983,9.135208,0
159405,991,10.25953,0
159415,983,9.135208,0
159425,981,8.854126,0
159435,983,9.135208,0
159445,982,8.994659,0
159455,988,9.837921,0
159465,978,8.432495,0
159475,984,9.275734,0
159485,986,9.556839,0
159495,981,8.854126,0
159505,986,9.556839,0
159515,973,7.729782,0
159525,984,9.275734,0
159535,981,8.854126,0
159545,982,8.994659,0
159555,971,7.448708,0
159565,977,8.291969,0
159575,981,8.854126,0
159585,982,8.994659,0
159595,982,8.994659,0
159605,982,8.994659,0
159615,978,8.432495,0
159625,981,8.854126,0
159635,978,8.432495,0
159645,972,7.589256,0
159655,976,8.151413,0
159665,977,8.291969,0
159675,980,8.713577,0
159685,982,8.994659,0
159695,982,8.994659,0
159705,977,8.291969,0
159715,972,7.589256,0
159725,980,8.713577,0
159735,974,7.870338,0
159745,971,7.448708,0
159755,974,7.870338,0
159765,970,7.308151,0
159775,968,7.0271,0
159785,967,6.886543,0
159795,969,7.167625,0
159805,967,6.886543,0
159815,968,7.0271,0
159825,964,6.464912,0
159835,970,7.308151,0
159845,970,7.308151,0
159855,957,5.481117,0
159865,965,6.605461,0
159875,967,6.886543,0
159885,967,6.886543,0
159895,967,6.886543,0
159905,969,7.167625,0
159915,963,6.324387,0
159925,968,7.0271,0
159935,968,7.0271,0
159945,964,6.464912,0
159955,964,6.464912,0
159965,953,4.918961,0
159975,963,6.324387,0
159985,948,4.216248,0
159995,961,6.043282,0
160005,959,5.762199,0
160015,954,5.059509,0
160025,957,5.481117,0
160035,955,5.200043,0
160045,958,5.621674,0
160055,944,3.654091,0
160065,947,4.075722,0
160075,949,4.356804,0
160085,947,4.075722,0
160095,951,4.637878,0
160105,944,3.654091,0
160115,935,2.389214,0
160125,943,3.513535,0
160135,946,3.935165,0
160145,946,3.935165,0
160155,949,4.356804,0
160165,938,2.810829,0
160175,949,4.356804,0
160185,950,4.49733,0
160195,947,4.075722,0
160205,948,4.216248,0
160215,939,2.951378,0
160225,945,3.79464,0
160235,946,3.935165,0
160245,949,4.356804,0
160255,945,3.79464,0
160265,943,3.513535,0
160275,947,4.075722,0
160285,945,3.79464,0
160295,950,4.49733,0
160305,945,3.79464,0
160315,938,2.810829,0
160325,944,3.654091,0
160335,946,3.935165,0
160345,945,3.79464,0
160355,941,3.23246,0
160365,940,3.091927,0
160375,945,3.79464,0
160385,943,3.513535,0
160395,947,4.075722,0
160405,950,4.49733,0
160415,941,3.23246,0
160425,941,3.23246,0
160435,945,3.79464,0
160445,947,4.075722,0
160455,945,3.79464,0
160465,936,2.52977,0
160475,949,4.356804,0
160485,945,3.79464,0
160495,937,2.670296,0
160505,933,2.108139,0
160515,941,3.23246,0
160525,947,4.075722,0
160535,947,4.075722,0
160545,943,3.513535,0
160555,949,4.356804,0
160565,938,2.810829,0
160575,947,4.075722,0
160585,945,3.79464,0
160595,944,3.654091,0
160605,948,4.216248,0
160615,943,3.513535,0
160625,946,3.935165,0
160635,942,3.373009,0
160645,945,3.79464,0
160655,945,3.79464,0
160665,929,1.545952,0
160675,948,4.216248,0
160685,951,4.637878,0
160695,942,3.373009,0
160705,948,4.216248,0
160715,942,3.373009,0
160725,950,4.49733,0
160735,945,3.79464,0
160745,947,4.075722,0
160755,943,3.513535,0
160765,942,3.373009,0
160775,948,4.216248,0
160785,947,4.075722,0
160795,948,4.216248,0
160805,946,3.935165,0
160815,938,2.810829,0
160825,945,3.79464,0
160835,938,2.810829,0
160845,948,4.216248,0
160855,942,3.373009,0
160865,931,1.827057,0
160875,941,3.23246,0
160885,947,4.075722,0
160895,943,3.513535,0
160905,949,4.356804,0
160915,934,2.248665,0
160925,946,3.935165,0
160935,949,4.356804,0
160945,946,3.935165,0
160955,945,3.79464,0
160965,932,1.967583,0
160975,943,3.513535,0
160985,946,3.935165,0
160995,946,3.935165,0
161005,949,4.356804,0
161015,937,2.670296,0
161025,948,4.216248,0
161035,944,3.654091,0
161045,946,3.935165,0
161055,948,4.216248,0
161065,937,2.670296,0
161075,947,4.075722,0
161085,949,4.356804,0
161095,947,4.075722,0
161105,947,4.075722,0
161115,945,3.79464,0
161125,943,3.513535,0
161135,944,3.654091,0
161145,944,3.654091,0
161155,948,4.216248,0
161165,944,3.654091,0
161175,945,3.79464,0
161185,946,3.935165,0
161195,946,3.935165,0
161205,945,3.79464,0
161215,937,2.670296,0
161225,944,3.654091,0
161235,938,2.810829,0
161245,948,4.216248,0
161255,947,4.075722,0
161265,944,3.654091,0
161275,951,4.637878,0
161285,941,3.23246,0
161295,945,3.79464,0
161305,946,3.935165,0
161315,936,2.52977,0
161325,946,3.935165,0
161335,942,3.373009,0
161345,952,4.778412,0
161355,944,3.654091,0
161365,939,2.951378,0
161375,940,3.091927,0
161385,947,4.075722,0
161395,943,3.513535,0
161405,947,4.075722,0
161415,939,2.951378,0
161425,944,3.654091,0
161435,932,1.967583,0
161445,950,4.49733,0
161455,946,3.935165,0
161465,944,3.654091,0
161475,946,3.935165,0
161485,943,3.513535,0
161495,952,4.778412,0
161505,935,2.389214,0
161515,938,2.810829,0
161525,951,4.637878,0
161535,940,3.091927,0
161545,948,4.216248,0
161555,948,4.216248,0
161565,948,4.216248,0
161575,945,3.79464,0
161585,944,3.654091,0
161595,946,3.935165,0
161605,944,3.654091,0
161615,940,3.091927,0
161625,943,3.513535,0
161635,952,4.778412,0
161645,945,3.79464,0
161655,946,3.935165,0
161665,942,3.373009,0
161675,942,3.373009,0
161685,950,4.49733,0
161695,944,3.654091,0
161705,949,4.356804,0
161715,944,3.654091,0
161725,951,4.637878,0
161735,944,3.654091,0
161745,948,4.216248,0
161755,946,3.935165,0
161765,949,4.356804,0
161775,944,3.654091,0
161785,942,3.373009,0
161795,946,3.935165,0
161805,948,4.216248,0
161815,952,4.778412,0
161825,949,4.356804,0
161835,943,3.513535,0
161845,948,4.216248,0
161855,945,3.79464,0
161865,949,4.356804,0
161875,937,2.670296,0
161885,945,3.79464,0
161895,937,2.670296,0
161905,944,3.654091,0
161915,942,3.373009,0
161925,944,3.654091,0
161935,944,3.654091,0
161945,948,4.216248,0
161955,946,3.935165,0
161965,945,3.79464,0
161975,942,3.373009,0
161985,931,1.827057,0
161995,942,3.373009,0
162005,934,2.248665,0
162015,941,3.23246,0
162025,947,4.075722,0
162035,941,3.23246,0
162045,945,3.79464,0
162055,943,3.513535,0
162065,945,3.79464,0
162075,949,4.356804,0
162085,946,3.935165,0
162095,944,3.654091,0
162105,941,3.23246,0
162115,937,2.670296,0
162125,936,2.52977,0
162135,939,2.951378,0
162145,939,2.951378,0
162155,936,2.52977,0
162165,944,3.654091,0
162175,943,3.513535,0
162185,934,2.248665,0
162195,945,3.79464,0
162205,944,3.654091,0
162215,936,2.52977,0
162225,946,3.935165,0
162235,944,3.654091,0
162245,947,4.075722,0
162255,943,3.513535,0
162265,942,3.373009,0
162275,947,4.075722,0
162285,943,3.513535,0
162295,946,3.935165,0
162305,938,2.810829,0
162315,945,3.79464,0
162325,950,4.49733,0
162335,933,2.108139,0
162345,945,3.79464,0
162355,947,4.075722,0
162365,948,4.216248,0
162375,945,3.79464,0
162385,949,4.356804,0
162395,948,4.216248,0
162405,946,3.935165,0
162415,939,2.951378,0
162425,946,3.935165,0
162435,944,3.654091,0
162445,940,3.091927,0
162455,947,4.075722,0
162465,945,3.79464,0
162475,946,3.935165,0
162485,945,3.79464,0
162495,946,3.935165,0
162505,940,3.091927,0
162515,945,3.79464,0
162525,949,4.356804,0
162535,933,2.108139,0
162545,948,4.216248,0
162555,938,2.810829,0
162565,950,4.49733,0
162575,944,3.654091,0
162585,942,3.373009,0
162595,938,2.810829,0
162605,940,3.091927,0
162615,939,2.951378,0
162625,945,3.79464,0
162635,948,4.216248,0
162645,944,3.654091,0
162655,944,3.654091,0
162665,940,3.091927,0
162675,944,3.654091,0
162685,938,2.810829,0
162695,949,4.356804,0
162705,946,3.935165,0
162715,944,3.654091,0
162725,944,3.654091,0
162735,945,3.79464,0
162745,941,3.23246,0
162755,946,3.935165,0
162765,949,4.356804,0
162775,947,4.075722,0
162785,947,4.075722,0
162795,943,3.513535,0
162805,944,3.654091,0
162815,943,3.513535,0
162825,947,4.075722,0
162835,941,3.23246,0
162845,937,2.670296,0
162855,946,3.935165,0
162865,933,2.108139,0
162875,936,2.52977,0
162885,939,2.951378,0
162895,939,2.951378,0
162905,940,3.091927,0
162915,942,3.373009,0
162925,944,3.654091,0
162935,945,3.79464,0
162945,949,4.356804,0
162955,946,3.935165,0
162965,943,3.513535,0
162975,933,2.108139,0
162985,940,3.091927,0
162995,944,3.654091,0
163005,942,3.373009,0
163015,944,3.654091,0
163025,948,4.216248,0
163035,943,3.513535,0
163045,942,3.373009,0
163055,938,2.810829,0
163065,950,4.49733,0
163075,943,3.513535,0
163085,951,4.637878,0
163095,946,3.935165,0
163105,937,2.670296,0
163115,946,3.935165,0
163125,942,3.373009,0
163135,940,3.091927,0
163145,947,4.075722,0
163155,950,4.49733,0
163165,949,4.356804,0
163175,945,3.79464,0
163185,944,3.654091,0
163195,945,3.79464,0
163205,933,2.108139,0
163215,944,3.654091,0
163225,944,3.654091,0
163235,936,2.52977,0
163245,948,4.216248,0
163255,940,3.091927,0
163265,941,3.23246,0
163275,945,3.79464,0
163285,940,3.091927,0
163295,948,4.216248,0
163305,946,3.935165,0
163315,950,4.49733,0
163325,944,3.654091,0
163335,942,3.373009,0
163345,947,4.075722,0
163355,944,3.654091,0
163365,945,3.79464,0
163375,948,4.216248,0
163385,945,3.79464,0
163395,946,3.935165,0
163405,949,4.356804,0
163415,942,3.373009,0
163425,947,4.075722,0
163435,946,3.935165,0
163445,952,4.778412,0
163455,950,4.49733,0
163465,950,4.49733,0
163475,947,4.075722,0
163485,948,4.216248,0
163495,949,4.356804,0
163505,938,2.810829,0
163515,950,4.49733,0
163525,947,4.075722,0
163535,942,3.373009,0
163545,945,3.79464,0
163555,947,4.075722,0
163565,944,3.654091,0
163575,942,3.373009,0
163585,941,3.23246,0
163595,946,3.935165,0
163605,952,4.778412,0
163615,948,4.216248,0
163625,947,4.075722,0
163635,944,3.654091,0
163645,943,3.513535,0
163655,946,3.935165,0
163665,938,2.810829,0
163675,952,4.778412,0
163685,949,4.356804,0
163695,945,3.79464,0
163705,946,3.935165,0
163715,947,4.075722,0
163725,946,3.935165,0
163735,939,2.951378,0
163745,945,3.79464,0
163755,947,4.075722,0
163765,941,3.23246,0
163775,950,4.49733,0
163785,943,3.513535,0
163795,949,4.356804,0
163805,947,4.075722,0
163815,953,4.918961,0
163825,949,4.356804,0
163835,947,4.075722,0
163845,948,4.216248,0
163855,943,3.513535,0
163865,951,4.637878,0
163875,949,4.356804,0
163885,953,4.918961,0
163895,949,4.356804,0
163905,946,3.935165,0
163915,950,4.49733,0
163925,953,4.918961,0
163935,949,4.356804,0
163945,945,3.79464,0
163955,951,4.637878,0
163965,952,4.778412,0
163975,941,3.23246,0
163985,941,3.23246,0
163995,943,3.513535,1
164005,944,3.654091,1
164015,951,4.637878,1
164025,946,3.935165,1
164035,946,3.935165,1
164045,951,4.637878,1
164055,948,4.216248,1
164065,949,4.356804,1
164075,907,-1.545944,1
164085,877,-5.762192,1
164095,841,-10.82168,1
164105,812,-14.89738,1
164115,769,-20.94067,1
164125,742,-24.73528,1
164135,714,-28.67044,1
164145,693,-31.62181,1
164155,677,-33.87048,1
164165,648,-37.94618,1
164175,631,-40.33538,1
164185,612,-43.00567,1
164195,588,-46.37867,1
164205,574,-48.34625,1
164215,570,-48.90841,1
164225,556,-50.876,1
164235,539,-53.26519,1
164245,524,-55.37332,1
164255,508,-57.62198,1
164265,506,-57.90307,1
164275,496,-59.30848,1
164285,482,-61.27606,1
164295,479,-61.69768,1
164305,473,-62.54093,1
164315,469,-63.1031,1
164325,460,-64.36797,1
164335,444,-66.61664,1
164345,447,-66.19501,1
164355,443,-66.75717,1
164365,440,-67.1788,1
164375,433,-68.16259,1
164385,421,-69.84909,1
164395,422,-69.70854,1
164405,423,-69.568,1
164415,414,-70.83288,1
164425,413,-70.97342,1
164435,409,-71.53558,1
164445,404,-72.23829,1
164455,403,-72.37883,1
164465,396,-73.36263,1
164475,394,-73.64371,1
164485,387,-74.62749,1
164495,394,-73.64371,1
164505,388,-74.48695,1
164515,390,-74.20587,1
164525,378,-75.89237,1
164535,376,-76.17345,1
164545,381,-75.47075,1
164555,370,-77.0167,1
164565,375,-76.314,1
164575,375,-76.314,1
164585,365,-77.71941,1
164595,371,-76.87616,1
164605,376,-76.17345,1
164615,372,-76.73562,1
164625,372,-76.73562,1
164635,375,-76.314,1
164645,369,-77.15724,1
164655,366,-77.57887,1
164665,363,-78.00049,1
164675,369,-77.15724,1
164685,362,-78.14103,1
164695,371,-76.87616,1
164705,368,-77.29778,1
164715,362,-78.14103,1
164725,362,-78.14103,1
164735,363,-78.00049,1
164745,364,-77.85995,1
164755,362,-78.14103,1
164765,363,-78.00049,1
164775,366,-77.57887,1
164785,366,-77.57887,1
164795,363,-78.00049,1
164805,362,-78.14103,1
164815,370,-77.0167,1
164825,362,-78.14103,1
164835,360,-78.42212,1
164845,369,-77.15724,1
164855,359,-78.56265,1
164865,364,-77.85995,1
164875,362,-78.14103,1
164885,361,-78.28157,1
164895,364,-77.85995,1
164905,364,-77.85995,1
164915,363,-78.00049,1
164925,358,-78.7032,1
164935,358,-78.7032,1
164945,357,-78.84373,1
164955,365,-77.71941,1
164965,364,-77.85995,1
164975,362,-78.14103,1
164985,359,-78.56265,1
164995,361,-78.28157,1
165005,360,-78.42212,1
165015,365,-77.71941,1
165025,360,-78.42212,1
165035,362,-78.14103,1
165045,363,-78.00049,1
165055,358,-78.7032,1
165065,363,-78.00049,1
165075,358,-78.7032,1
165085,359,-78.56265,1
165095,361,-78.28157,1
165105,355,-79.12482,1
165115,356,-78.98428,1
165125,361,-78.28157,1
165135,351,-79.68699,1
165145,361,-78.28157,1
165155,360,-78.42212,1
165165,364,-77.85995,1
165175,362,-78.14103,1
165185,359,-78.56265,1
165195,358,-78.7032,1
165205,363,-78.00049,1
165215,353,-79.40591,1
165225,360,-78.42212,1
165235,361,-78.28157,1
165245,363,-78.00049,1
165255,359,-78.56265,1
165265,362,-78.14103,1
165275,356,-78.98428,1
165285,357,-78.84373,1
165295,363,-78.00049,1
165305,361,-78.28157,1
165315,362,-78.14103,1
165325,357,-78.84373,1
165335,356,-78.98428,1
165345,363,-78.00049,1
165355,360,-78.42212,1
165365,360,-78.42212,1
165375,356,-78.98428,1
165385,354,-79.26537,1
165395,363,-78.00049,1
165405,359,-78.56265,1
165415,361,-78.28157,1
165425,365,-77.71941,1
165435,360,-78.42212,1
165445,358,-78.7032,1
165455,357,-78.84373,1
165465,361,-78.28157,1
165475,365,-77.71941,1
165485,356,-78.98428,1
165495,360,-78.42212,1
165505,361,-78.28157,1
165515,362,-78.14103,1
165525,363,-78.00049,1
165535,358,-78.7032,1
165545,363,-78.00049,1
165555,362,-78.14103,1
165565,359,-78.56265,1
165575,361,-78.28157,1
165585,361,-78.28157,1
165595,358,-78.7032,1
165605,358,-78.7032,1
165615,362,-78.14103,1
165625,360,-78.42212,1
165635,360,-78.42212,1
165645,362,-78.14103,1
165655,362,-78.14103,1
165665,363,-78.00049,1
165675,362,-78.14103,1
165685,354,-79.26537,1
165695,356,-78.98428,1
165705,353,-79.40591,1
165715,359,-78.56265,1
165725,360,-78.42212,1
165735,357,-78.84373,1
165745,363,-78.00049,1
165755,366,-77.57887,1
165765,362,-78.14103,1
165775,365,-77.71941,1
165785,361,-78.28157,1
165795,357,-78.84373,1
165805,356,-78.98428,1
165815,363,-78.00049,1
165825,361,-78.28157,1
165835,363,-78.00049,1
165845,357,-78.84373,1
165855,360,-78.42212,1
165865,364,-77.85995,1
165875,362,-78.14103,1
165885,358,-78.7032,1
165895,360,-78.42212,1
165905,368,-77.29778,1
165915,364,-77.85995,1
165925,365,-77.71941,1
165935,361,-78.28157,1
165945,363,-78.00049,1
165955,362,-78.14103,1
165965,358,-78.7032,1
165975,361,-78.28157,1
165985,359,-78.56265,1
165995,362,-78.14103,1
166005,361,-78.28157,1
166015,364,-77.85995,1
166025,363,-78.00049,1
166035,364,-77.85995,1
166045,365,-77.71941,1
166055,357,-78.84373,1
166065,361,-78.28157,1
166075,363,-78.00049,1
166085,368,-77.29778,1
166095,360,-78.42212,1
166105,358,-78.7032,1
166115,361,-78.28157,1
166125,363,-78.00049,1
166135,356,-78.98428,1
166145,362,-78.14103,1
166155,359,-78.56265,1
166165,362,-78.14103,1
166175,364,-77.85995,1
166185,362,-78.14103,1
166195,360,-78.42212,1
166205,361,-78.28157,1
166215,365,-77.71941,1
166225,362,-78.14103,1
166235,362,-78.14103,1
166245,361,-78.28157,1
166255,355,-79.12482,1
166265,359,-78.56265,1
166275,364,-77.85995,1
166285,362,-78.14103,1
166295,365,-77.71941,1
166305,359,-78.56265,1
166315,365,-77.71941,1
166325,363,-78.00049,1
166335,365,-77.71941,1
166345,363,-78.00049,1
166355,360,-78.42212,1
166365,361,-78.28157,1
166375,363,-78.00049,1
166385,359,-78.56265,1
166395,366,-77.57887,1
166405,364,-77.85995,1
166415,363,-78.00049,1
166425,361,-78.28157,1
166435,362,-78.14103,1
166445,365,-77.71941,1
166455,362,-78.14103,1
166465,361,-78.28157,1
166475,362,-78.14103,1
166485,359,-78.56265,1
166495,367,-77.43832,1
166505,357,-78.84373,1
166515,366,-77.57887,1
166525,363,-78.00049,1
166535,362,-78.14103,1
166545,360,-78.42212,1
166555,368,-77.29778,1
166565,364,-77.85995,1
166575,360,-78.42212,1
166585,364,-77.85995,1
166595,361,-78.28157,1
166605,365,-77.71941,1
166615,366,-77.57887,1
166625,365,-77.71941,1
166635,367,-77.43832,1
166645,364,-77.85995,1
166655,364,-77.85995,1
166665,366,-77.57887,1
166675,368,-77.29778,1
166685,361,-78.28157,1
166695,366,-77.57887,1
166705,364,-77.85995,1
166715,357,-78.84373,1
166725,360,-78.42212,1
166735,361,-78.28157,1
166745,361,-78.28157,1
166755,364,-77.85995,1
166765,362,-78.14103,1
166775,366,-77.57887,1
166785,365,-77.71941,1
166795,368,-77.29778,1
166805,363,-78.00049,1
166815,363,-78.00049,1
166825,364,-77.85995,1
166835,363,-78.00049,1
166845,362,-78.14103,1
166855,365,-77.71941,1
166865,360,-78.42212,1
166875,368,-77.29778,1
166885,363,-78.00049,1
166895,360,-78.42212,1
166905,365,-77.71941,1
166915,363,-78.00049,1
166925,363,-78.00049,1
166935,362,-78.14103,1
166945,366,-77.57887,1
166955,365,-77.71941,1
166965,362,-78.14103,1
166975,361,-78.28157,1
166985,354,-79.26537,1
166995,363,-78.00049,1
167005,363,-78.00049,1
167015,364,-77.85995,1
167025,368,-77.29778,1
167035,359,-78.56265,1
167045,365,-77.71941,1
167055,362,-78.14103,1
167065,364,-77.85995,1
167075,365,-77.71941,1
167085,365,-77.71941,1
167095,365,-77.71941,1
167105,366,-77.57887,1
167115,368,-77.29778,1
167125,365,-77.71941,1
167135,365,-77.71941,1
167145,365,-77.71941,1
167155,367,-77.43832,1
167165,367,-77.43832,1
167175,362,-78.14103,1
167185,363,-78.00049,1
167195,362,-78.14103,1
167205,359,-78.56265,1
167215,367,-77.43832,1
167225,363,-78.00049,1
167235,363,-78.00049,1
167245,361,-78.28157,1
167255,360,-78.42212,1
167265,366,-77.57887,1
167275,364,-77.85995,1
167285,361,-78.28157,1
167295,365,-77.71941,1
167305,365,-77.71941,1
167315,365,-77.71941,1
167325,364,-77.85995,1
167335,364,-77.85995,1
167345,364,-77.85995,1
167355,364,-77.85995,1
167365,363,-78.00049,1
167375,364,-77.85995,0
167385,365,-77.71941,0
167395,365,-77.71941,0
167405,365,-77.71941,0
167415,365,-77.71941,0
167425,365,-77.71941,0
167435,363,-78.00049,0
167445,409,-71.53558,0
167455,435,-67.88151,0
167465,453,-65.35176,0
167475,457,-64.7896,0
167485,459,-64.50851,0
167495,455,-65.07068,0
167505,448,-66.05447,0
167515,451,-65.63284,0
167525,457,-64.7896,0
167535,445,-66.47609,0
167545,453,-65.35176,0
167555,450,-65.77338,0
167565,456,-64.93014,0
167575,453,-65.35176,0
167585,456,-64.93014,0
167595,454,-65.21122,0
167605,452,-65.49229,0
167615,457,-64.7896,0
167625,453,-65.35176,0
167635,456,-64.93014,0
167645,451,-65.63284,0
167655,446,-66.33555,0
167665,451,-65.63284,0
167675,457,-64.7896,0
167685,455,-65.07068,0
167695,451,-65.63284,0
167705,456,-64.93014,0
167715,453,-65.35176,0
167725,457,-64.7896,0
167735,454,-65.21122,0
167745,452,-65.49229,0
167755,451,-65.63284,0
167765,456,-64.93014,0
167775,457,-64.7896,0
167785,456,-64.93014,0
167795,454,-65.21122,0
167805,445,-66.47609,0
167815,454,-65.21122,0
167825,458,-64.64905,0
167835,458,-64.64905,0
167845,457,-64.7896,0
167855,451,-65.63284,0
167865,455,-65.07068,0
167875,458,-64.64905,0
167885,454,-65.21122,0
167895,449,-65.91393,0
167905,456,-64.93014,0
167915,456,-64.93014,0
167925,457,-64.7896,0
167935,460,-64.36797,0
167945,458,-64.64905,0
167955,459,-64.50851,0
167965,449,-65.91393,0
167975,459,-64.50851,0
167985,457,-64.7896,0
167995,458,-64.64905,0
168005,450,-65.77338,0
168015,451,-65.63284,0
168025,454,-65.21122,0
168035,450,-65.77338,0
168045,453,-65.35176,0
168055,457,-64.7896,0
168065,458,-64.64905,0
168075,452,-65.49229,0
168085,455,-65.07068,0
168095,453,-65.35176,0
168105,453,-65.35176,0
168115,454,-65.21122,0
168125,451,-65.63284,0
168135,451,-65.63284,0
168145,449,-65.91393,0
168155,454,-65.21122,0
168165,453,-65.35176,0
168175,459,-64.50851,0
168185,460,-64.36797,0
168195,454,-65.21122,0
168205,446,-66.33555,0
168215,453,-65.35176,0
168225,455,-65.07068,0
168235,452,-65.49229,0
168245,461,-64.22743,0
168255,455,-65.07068,0
168265,455,-65.07068,0
168275,449,-65.91393,0
168285,456,-64.93014,0
168295,456,-64.93014,0
168305,453,-65.35176,0
168315,456,-64.93014,0
168325,447,-66.19501,0
168335,457,-64.7896,0
168345,451,-65.63284,0
168355,450,-65.77338,0
168365,454,-65.21122,0
168375,455,-65.07068,0
168385,454,-65.21122,0
168395,454,-65.21122,0
168405,449,-65.91393,0
168415,457,-64.7896,0
168425,456,-64.93014,0
168435,457,-64.7896,0
168445,460,-64.36797,0
168455,464,-63.80581,0
168465,452,-65.49229,0
168475,455,-65.07068,0
168485,457,-64.7896,0
168495,454,-65.21122,0
168505,455,-65.07068,0
168515,447,-66.19501,0
168525,442,-66.89772,0
168535,454,-65.21122,0
168545,456,-64.93014,0
168555,454,-65.21122,0
168565,454,-65.21122,0
168575,460,-64.36797,0
168585,455,-65.07068,0
168595,454,-65.21122,0
168605,448,-66.05447,0
168615,455,-65.07068,0
168625,452,-65.49229,0
168635,454,-65.21122,0
168645,456,-64.93014,0
168655,444,-66.61664,0
168665,458,-64.64905,0
168675,453,-65.35176,0
168685,452,-65.49229,0
168695,453,-65.35176,0
168705,459,-64.50851,0
168715,458,-64.64905,0
168725,458,-64.64905,0
168735,454,-65.21122,0
168745,454,-65.21122,0
168755,446,-66.33555,0
168765,460,-64.36797,0
168775,457,-64.7896,0
168785,455,-65.07068,0
168795,463,-63.94635,0
168805,448,-66.05447,0
168815,458,-64.64905,0
168825,456,-64.93014,0
168835,459,-64.50851,0
168845,452,-65.49229,0
168855,456,-64.93014,0
168865,453,-65.35176,0
168875,458,-64.64905,0
168885,460,-64.36797,0
168895,454,-65.21122,0
168905,455,-65.07068,0
168915,456,-64.93014,0
168925,458,-64.64905,0
168935,456,-64.93014,0
168945,447,-66.19501,0
168955,445,-66.47609,0
168965,459,-64.50851,0
168975,460,-64.36797,0
168985,456,-64.93014,0
168995,454,-65.21122,0
169005,452,-65.49229,0
169015,458,-64.64905,0
169025,455,-65.07068,0
169035,460,-64.36797,0
169045,454,-65.21122,0
169055,450,-65.77338,0
169065,454,-65.21122,0
169075,455,-65.07068,0
169085,453,-65.35176,0
169095,458,-64.64905,0
169105,455,-65.07068,0
169115,459,-64.50851,0
169125,454,-65.21122,0
169135,463,-63.94635,0
169145,452,-65.49229,0
169155,463,-63.94635,0
169165,458,-64.64905,0
169175,461,-64.22743,0
169185,460,-64.36797,0
169195,459,-64.50851,0
169205,453,-65.35176,0
169215,454,-65.21122,0
169225,458,-64.64905,0
169235,455,-65.07068,0
169245,455,-65.07068,0
169255,449,-65.91393,0
169265,460,-64.36797,0
169275,456,-64.93014,0
169285,455,-65.07068,0
169295,454,-65.21122,0
169305,457,-64.7896,0
169315,460,-64.36797,0
169325,461,-64.22743,0
169335,458,-64.64905,0
169345,457,-64.7896,0
169355,459,-64.50851,0
169365,459,-64.50851,0
169375,459,-64.50851,0
169385,457,-64.7896,0
169395,457,-64.7896,0
169405,460,-64.36797,0
169415,460,-64.36797,0
169425,461,-64.22743,0
169435,456,-64.93014,0
169445,459,-64.50851,0
169455,454,-65.21122,0
169465,459,-64.50851,0
169475,459,-64.50851,0
169485,455,-65.07068,0
169495,454,-65.21122,0
169505,449,-65.91393,0
169515,455,-65.07068,0
169525,456,-64.93014,0
169535,454,-65.21122,0
169545,462,-64.08688,0
169555,454,-65.21122,0
169565,461,-64.22743,0
169575,457,-64.7896,0
169585,462,-64.08688,0
169595,458,-64.64905,0
169605,458,-64.64905,0
169615,456,-64.93014,0
169625,455,-65.07068,0
169635,456,-64.93014,0
169645,452,-65.49229,0
169655,453,-65.35176,0
169665,457,-64.7896,0
169675,458,-64.64905,0
169685,458,-64.64905,0
169695,455,-65.07068,0
169705,445,-66.47609,0
169715,451,-65.63284,0
169725,451,-65.63284,0
169735,455,-65.07068,0
169745,453,-65.35176,0
169755,448,-66.05447,0
169765,456,-64.93014,0
169775,457,-64.7896,0
169785,456,-64.93014,0
169795,457,-64.7896,0
169805,455,-65.07068,0
169815,443,-66.75717,0
169825,457,-64.7896,0
169835,460,-64.36797,0
169845,463,-63.94635,0
169855,454,-65.21122,0
169865,459,-64.50851,0
169875,459,-64.50851,0
169885,455,-65.07068,0
169895,458,-64.64905,0
169905,453,-65.35176,0
169915,458,-64.64905,0
169925,463,-63.94635,0
169935,461,-64.22743,0
169945,458,-64.64905,0
169955,459,-64.50851,0
169965,457,-64.7896,0
169975,459,-64.50851,0
169985,460,-64.36797,0
169995,459,-64.50851,0
170005,454,-65.21122,0
170015,458,-64.64905,0
170025,451,-65.63284,0
170035,459,-64.50851,0
170045,454,-65.21122,0
170055,451,-65.63284,0
170065,457,-64.7896,0
170075,453,-65.35176,0
170085,454,-65.21122,0
170095,459,-64.50851,0
170105,457,-64.7896,0
170115,458,-64.64905,0
170125,456,-64.93014,0
170135,460,-64.36797,0
170145,462,-64.08688,0
170155,462,-64.08688,0
170165,458,-64.64905,0
170175,461,-64.22743,0
170185,460,-64.36797,0
170195,460,-64.36797,0
170205,458,-64.64905,0
170215,460,-64.36797,0
170225,459,-64.50851,0
170235,454,-65.21122,0
170245,452,-65.49229,0
170255,463,-63.94635,0
170265,457,-64.7896,0
170275,460,-64.36797,0
170285,458,-64.64905,0
170295,460,-64.36797,0
170305,458,-64.64905,0
170315,458,-64.64905,0
170325,459,-64.50851,0
170335,458,-64.64905,0
170345,458,-64.64905,0
170355,455,-65.07068,0
170365,454,-65.21122,0
170375,451,-65.63284,1
170385,459,-64.50851,1
170395,457,-64.7896,1
170405,465,-63.66527,1
170415,448,-66.05447,1
170425,441,-67.03825,1
170435,430,-68.58421,1
170445,433,-68.16259,1
170455,425,-69.28692,1
170465,426,-69.14638,1
170475,422,-69.70854,1
170485,411,-71.2545,1
170495,415,-70.69234,1
170505,404,-72.23829,1
170515,409,-71.53558,1
170525,398,-73.08154,1
170535,399,-72.941,1
170545,404,-72.23829,1
170555,394,-73.64371,1
170565,392,-73.92479,1
170575,386,-74.76804,1
170585,387,-74.62749,1
170595,379,-75.75182,1
170605,375,-76.314,1
170615,382,-75.3302,1
170625,376,-76.17345,1
170635,385,-74.90858,1
170645,374,-76.45454,1
170655,374,-76.45454,1
170665,376,-76.17345,1
170675,367,-77.43832,1
170685,370,-77.0167,1
170695,372,-76.73562,1
170705,371,-76.87616,1
170715,368,-77.29778,1
170725,371,-76.87616,1
170735,366,-77.57887,1
170745,370,-77.0167,1
170755,367,-77.43832,1
170765,364,-77.85995,1
170775,366,-77.57887,1
170785,367,-77.43832,1
170795,366,-77.57887,1
170805,367,-77.43832,1
170815,367,-77.43832,1
170825,362,-78.14103,1
170835,365,-77.71941,1
170845,363,-78.00049,1
170855,364,-77.85995,1
170865,363,-78.00049,1
170875,362,-78.14103,1
170885,363,-78.00049,1
170895,361,-78.28157,1
170905,363,-78.00049,1
170915,361,-78.28157,1
170925,365,-77.71941,1
170935,363,-78.00049,1
170945,364,-77.85995,1
170955,361,-78.28157,1
170965,363,-78.00049,1
170975,367,-77.43832,1
170985,360,-78.42212,1
170995,359,-78.56265,1
171005,357,-78.84373,1
171015,358,-78.7032,1
171025,361,-78.28157,1
171035,361,-78.28157,1
171045,360,-78.42212,1
171055,358,-78.7032,1
171065,358,-78.7032,1
171075,353,-79.40591,1
171085,362,-78.14103,1
171095,365,-77.71941,1
171105,367,-77.43832,1
171115,359,-78.56265,1
171125,362,-78.14103,1
171135,358,-78.7032,1
171145,363,-78.00049,1
171155,361,-78.28157,1
171165,356,-78.98428,1
171175,361,-78.28157,1
171185,358,-78.7032,1
171195,360,-78.42212,1
171205,357,-78.84373,1
171215,360,-78.42212,1
171225,362,-78.14103,1
171235,354,-79.26537,1
171245,364,-77.85995,1
171255,362,-78.14103,1
171265,358,-78.7032,1
171275,365,-77.71941,1
171285,358,-78.7032,1
171295,361,-78.28157,1
171305,358,-78.7032,1
171315,365,-77.71941,1
171325,362,-78.14103,1
171335,364,-77.85995,1
171345,363,-78.00049,1
171355,366,-77.57887,1
171365,364,-77.85995,1
171375,363,-78.00049,1
171385,357,-78.84373,1
171395,361,-78.28157,1
171405,358,-78.7032,1
171415,363,-78.00049,1
171425,358,-78.7032,1
171435,361,-78.28157,1
171445,361,-78.28157,1
171455,358,-78.7032,1
171465,358,-78.7032,1
171475,361,-78.28157,1
171485,360,-78.42212,1
171495,362,-78.14103,1
171505,357,-78.84373,1
171515,361,-78.28157,1
171525,361,-78.28157,1
171535,360,-78.42212,1
171545,362,-78.14103,1
171555,358,-78.7032,1
171565,360,-78.42212,1
171575,362,-78.14103,1
171585,359,-78.56265,1
171595,363,-78.00049,1
171605,366,-77.57887,1
171615,358,-78.7032,1
171625,358,-78.7032,1
171635,359,-78.56265,1
171645,363,-78.00049,1
171655,359,-78.56265,1
171665,363,-78.00049,1
171675,362,-78.14103,1
171685,358,-78.7032,1
171695,362,-78.14103,1
171705,360,-78.42212,1
171715,362,-78.14103,1
171725,357,-78.84373,1
171735,355,-79.12482,1
171745,360,-78.42212,1
171755,364,-77.85995,1
171765,357,-78.84373,1
171775,360,-78.42212,1
171785,363,-78.00049,1
171795,364,-77.85995,1
171805,362,-78.14103,1
171815,364,-77.85995,1
171825,366,-77.57887,1
171835,360,-78.42212,1
171845,362,-78.14103,1
171855,360,-78.42212,1
171865,367,-77.43832,1
171875,361,-78.28157,1
171885,362,-78.14103,1
171895,356,-78.98428,1
171905,363,-78.00049,1
171915,360,-78.42212,1
171925,361,-78.28157,1
171935,363,-78.00049,1
171945,365,-77.71941,1
171955,357,-78.84373,1
171965,365,-77.71941,1
171975,361,-78.28157,1
171985,368,-77.29778,1
171995,361,-78.28157,1
172005,364,-77.85995,1
172015,361,-78.28157,1
172025,360,-78.42212,1
172035,363,-78.00049,1
172045,364,-77.85995,1
172055,364,-77.85995,1
172065,358,-78.7032,1
172075,363,-78.00049,1
172085,364,-77.85995,1
172095,362,-78.14103,1
172105,363,-78.00049,1
172115,363,-78.00049,1
172125,362,-78.14103,1
172135,363,-78.00049,1
172145,361,-78.28157,1
172155,360,-78.42212,1
172165,361,-78.28157,1
172175,366,-77.57887,1
172185,360,-78.42212,1
172195,367,-77.43832,1
172205,361,-78.28157,1
172215,359,-78.56265,1
172225,361,-78.28157,1
172235,360,-78.42212,1
172245,367,-77.43832,1
172255,363,-78.00049,1
172265,363,-78.00049,1
172275,354,-79.26537,1
172285,362,-78.14103,1
172295,364,-77.85995,1
172305,362,-78.14103,1
172315,363,-78.00049,1
172325,363,-78.00049,1
172335,361,-78.28157,1
172345,361,-78.28157,1
172355,364,-77.85995,1
172365,363,-78.00049,1
172375,360,-78.42212,1
172385,363,-78.00049,1
172395,359,-78.56265,1
172405,359,-78.56265,1
172415,358,-78.7032,1
172425,362,-78.14103,1
172435,359,-78.56265,1
172445,364,-77.85995,1
172455,362,-78.14103,1
172465,359,-78.56265,1
172475,369,-77.15724,1
172485,363,-78.00049,1
172495,364,-77.85995,1
172505,361,-78.28157,1
172515,361,-78.28157,1
172525,370,-77.0167,1
172535,363,-78.00049,1
172545,359,-78.56265,1
172555,362,-78.14103,1
172565,366,-77.57887,1
172575,360,-78.42212,1
172585,363,-78.00049,1
172595,365,-77.71941,1
172605,366,-77.57887,1
172615,359,-78.56265,1
172625,358,-78.7032,1
172635,366,-77.57887,1
172645,361,-78.28157,1
172655,366,-77.57887,1
172665,360,-78.42212,1
172675,355,-79.12482,1
172685,359,-78.56265,1
172695,366,-77.57887,1
172705,361,-78.28157,1
172715,366,-77.57887,1
172725,365,-77.71941,1
172735,360,-78.42212,1
172745,364,-77.85995,1
172755,358,-78.7032,1
172765,363,-78.00049,1
172775,355,-79.12482,1
172785,365,-77.71941,1
172795,359,-78.56265,1
172805,365,-77.71941,1
172815,363,-78.00049,1
172825,358,-78.7032,1
172835,368,-77.29778,1
172845,360,-78.42212,1
172855,363,-78.00049,1
172865,363,-78.00049,1
172875,360,-78.42212,1
172885,369,-77.15724,1
172895,366,-77.57887,1
172905,367,-77.43832,1
172915,361,-78.28157,1
172925,363,-78.00049,1
172935,367,-77.43832,1
172945,365,-77.71941,1
172955,361,-78.28157,1
172965,361,-78.28157,1
172975,366,-77.57887,1
172985,363,-78.00049,1
172995,362,-78.14103,1
173005,360,-78.42212,1
173015,367,-77.43832,1
173025,358,-78.7032,1
173035,367,-77.43832,1
173045,365,-77.71941,1
173055,366,-77.57887,1
173065,357,-78.84373,1
173075,360,-78.42212,1
173085,365,-77.71941,1
173095,362,-78.14103,1
173105,369,-77.15724,1
173115,364,-77.85995,1
173125,360,-78.42212,1
173135,362,-78.14103,1
173145,367,-77.43832,1
173155,363,-78.00049,1
173165,367,-77.43832,1
173175,363,-78.00049,1
173185,361,-78.28157,1
173195,362,-78.14103,1
173205,357,-78.84373,1
173215,367,-77.43832,1
173225,361,-78.28157,1
173235,362,-78.14103,1
173245,368,-77.29778,1
173255,366,-77.57887,1
173265,359,-78.56265,1
173275,365,-77.71941,1
173285,361,-78.28157,1
173295,365,-77.71941,1
173305,361,-78.28157,1
173315,360,-78.42212,1
173325,365,-77.71941,1
173335,361,-78.28157,1
173345,364,-77.85995,1
173355,366,-77.57887,1
173365,362,-78.14103,1
173375,360,-78.42212,1
173385,367,-77.43832,1
173395,367,-77.43832,1
173405,365,-77.71941,1
173415,362,-78.14103,1
173425,362,-78.14103,1
173435,364,-77.85995,1
173445,364,-77.85995,1
173455,364,-77.85995,1
173465,369,-77.15724,1
173475,359,-78.56265,1
173485,365,-77.71941,1
173495,363,-78.00049,1
173505,367,-77.43832,1
173515,361,-78.28157,1
173525,361,-78.28157,1
173535,360,-78.42212,1
173545,365,-77.71941,1
173555,359,-78.56265,1
173565,366,-77.57887,1
173575,360,-78.42212,1
173585,373,-76.59508,1
173595,475,-62.25985,1
173605,591,-45.95704,1
173615,684,-32.88669,1
173625,754,-23.04878,1
173635,824,-13.21088,1
173645,873,-6.324348,1
173655,942,3.373009,1
173665,975,8.010864,1
173675,1008,12.64874,1
173685,1070,21.3623,0
173695,1104,26.14072,0
173705,1107,26.56233,0
173715,1102,25.85963,0
173725,1096,25.01638,0
173735,1105,26.28126,0
173745,1047,18.12986,0
173755,1041,17.2866,0
173765,1036,16.58391,0
173775,1016,13.77306,0
173785,1034,16.30281,0
173795,1017,13.91361,0
173805,1020,14.33523,0
173815,1025,15.03793,0
173825,1015,13.63254,0
173835,1020,14.33523,0
173845,1012,13.21091,0
173855,1019,14.19469,0
173865,1008,12.64874,0
173875,1004,12.08659,0
173885,1009,12.78928,0
173895,1005,12.22711,0
173905,1008,12.64874,0
173915,1007,12.50819,0
173925,996,10.96224,0
173935,1005,12.22711,0
173945,1005,12.22711,0
173955,1003,11.94603,0
173965,1003,11.94603,0
173975,1001,11.66496,0
173985,1002,11.80548,0
173995,997,11.10279,0
174005,1000,11.5244,0
174015,995,10.82171,0
174025,992,10.40008,0
174035,997,11.10279,0
174045,989,9.978447,0
174055,992,10.40008,0
174065,995,10.82171,0
174075,989,9.978447,0
174085,998,11.24332,0
174095,990,10.119,0
174105,996,10.96224,0
174115,996,10.96224,0
174125,988,9.837921,0
174135,993,10.54061,0
174145,990,10.119,0
174155,992,10.40008,0
174165,991,10.25953,0
174175,990,10.119,0
174185,983,9.135208,0
174195,984,9.275734,0
174205,981,8.854126,0
174215,986,9.556839,0
174225,986,9.556839,0
174235,988,9.837921,0
174245,976,8.151413,0
174255,989,9.978447,0
174265,990,10.119,0
174275,984,9.275734,0
174285,989,9.978447,0
174295,986,9.556839,0
174305,982,8.994659,0
174315,985,9.41629,0
174325,982,8.994659,0
174335,988,9.837921,0
174345,981,8.854126,0
174355,983,9.135208,0
174365,976,8.151413,0
174375,974,7.870338,0
174385,987,9.697365,0
174395,982,8.994659,0
174405,978,8.432495,0
174415,977,8.291969,0
174425,974,7.870338,0
174435,980,8.713577,0
174445,977,8.291969,0
174455,976,8.151413,0
174465,977,8.291969,0
174475,978,8.432495,0
174485,978,8.432495,0
174495,979,8.573029,0
174505,968,7.0271,0
174515,981,8.854126,0
174525,969,7.167625,0
174535,975,8.010864,0
174545,971,7.448708,0
174555,974,7.870338,0
174565,974,7.870338,0
174575,972,7.589256,0
174585,972,7.589256,0
174595,976,8.151413,0
174605,969,7.167625,0
174615,971,7.448708,0
174625,969,7.167625,0
174635,972,7.589256,0
174645,963,6.324387,0
174655,966,6.745995,0
174665,970,7.308151,0
174675,970,7.308151,0
174685,960,5.902756,0
174695,967,6.886543,0
174705,962,6.18383,0
174715,964,6.464912,0
174725,962,6.18383,0
174735,960,5.902756,0
174745,953,4.918961,0
174755,957,5.481117,0
174765,960,5.902756,0
174775,959,5.762199,0
174785,954,5.059509,0
174795,958,5.621674,0
174805,958,5.621674,0
174815,951,4.637878,0
174825,950,4.49733,0
174835,953,4.918961,0
174845,940,3.091927,0
174855,944,3.654091,0
174865,949,4.356804,0
174875,948,4.216248,0
174885,945,3.79464,0
174895,946,3.935165,0
174905,944,3.654091,0
174915,945,3.79464,0
174925,944,3.654091,0
174935,949,4.356804,0
174945,944,3.654091,0
174955,943,3.513535,0
174965,946,3.935165,0
174975,945,3.79464,0
174985,948,4.216248,0
174995,951,4.637878,0
175005,944,3.654091,0
175015,948,4.216248,0
175025,942,3.373009,0
175035,952,4.778412,0
175045,944,3.654091,0
175055,945,3.79464,0
175065,943,3.513535,0
175075,942,3.373009,0
175085,944,3.654091,0
175095,939,2.951378,0
175105,945,3.79464,0
175115,948,4.216248,0
175125,949,4.356804,0
175135,947,4.075722,0
175145,945,3.79464,0
175155,945,3.79464,0
175165,945,3.79464,0
175175,947,4.075722,0
175185,948,4.216248,0
175195,941,3.23246,0
175205,945,3.79464,0
175215,944,3.654091,0
175225,944,3.654091,0
175235,949,4.356804,0
175245,947,4.075722,0
175255,944,3.654091,0
175265,946,3.935165,0
175275,942,3.373009,0
175285,933,2.108139,0
175295,939,2.951378,0
175305,947,4.075722,0
175315,940,3.091927,0
175325,944,3.654091,0
175335,947,4.075722,0
175345,949,4.356804,0
175355,946,3.935165,0
175365,946,3.935165,0
175375,951,4.637878,0
175385,948,4.216248,0
175395,938,2.810829,0
175405,952,4.778412,0
175415,939,2.951378,0
175425,948,4.216248,0
175435,943,3.513535,0
175445,949,4.356804,0
175455,942,3.373009,0
175465,951,4.637878,0
175475,951,4.637878,0
175485,947,4.075722,0
175495,937,2.670296,0
175505,942,3.373009,0
175515,943,3.513535,0
175525,942,3.373009,0
175535,947,4.075722,0
175545,938,2.810829,0
175555,943,3.513535,0
175565,939,2.951378,0
175575,947,4.075722,0
175585,948,4.216248,0
175595,945,3.79464,0
175605,947,4.075722,0
175615,944,3.654091,0
175625,945,3.79464,0
175635,950,4.49733,0
175645,945,3.79464,0
175655,948,4.216248,0
175665,946,3.935165,0
175675,947,4.075722,0
175685,942,3.373009,0
175695,945,3.79464,0
175705,945,3.79464,0
175715,942,3.373009,0
175725,948,4.216248,0
175735,942,3.373009,0
175745,940,3.091927,0
175755,949,4.356804,0
175765,949,4.356804,0
175775,945,3.79464,0
175785,949,4.356804,0
175795,943,3.513535,0
175805,950,4.49733,0
175815,951,4.637878,0
175825,949,4.356804,0
175835,950,4.49733,0
175845,943,3.513535,0
175855,947,4.075722,0
175865,939,2.951378,0
175875,947,4.075722,0
175885,949,4.356804,0
175895,938,2.810829,0
175905,947,4.075722,0
175915,942,3.373009,0
175925,942,3.373009,0
175935,944,3.654091,0
175945,944,3.654091,0
175955,949,4.356804,0
175965,947,4.075722,0
175975,947,4.075722,0
175985,944,3.654091,0
175995,943,3.513535,0
176005,942,3.373009,0
176015,941,3.23246,0
176025,947,4.075722,0
176035,946,3.935165,0
176045,947,4.075722,0
176055,947,4.075722,0
176065,945,3.79464,0
176075,943,3.513535,0
176085,948,4.216248,0
176095,944,3.654091,0
176105,944,3.654091,0
176115,940,3.091927,0
176125,948,4.216248,0
176135,948,4.216248,0
176145,942,3.373009,0
176155,948,4.216248,0
176165,948,4.216248,0
176175,949,4.356804,0
176185,949,4.356804,0
176195,938,2.810829,0
176205,936,2.52977,0
176215,939,2.951378,0
176225,950,4.49733,0
176235,942,3.373009,0
176245,949,4.356804,0
176255,945,3.79464,0
176265,950,4.49733,0
176275,949,4.356804,0
176285,948,4.216248,0
176295,947,4.075722,0
176305,945,3.79464,0
176315,947,4.075722,0
176325,946,3.935165,0
176335,949,4.356804,0
176345,947,4.075722,0
176355,947,4.075722,0
176365,947,4.075722,0
176375,946,3.935165,0
176385,952,4.778412,0
176395,945,3.79464,0
176405,943,3.513535,0
176415,944,3.654091,0
176425,947,4.075722,0
176435,948,4.216248,0
176445,942,3.373009,0
176455,947,4.075722,0
176465,948,4.216248,0
176475,950,4.49733,0
176485,948,4.216248,0
176495,945,3.79464,0
176505,944,3.654091,0
176515,950,4.49733,0
176525,941,3.23246,0
176535,948,4.216248,0
176545,943,3.513535,0
176555,946,3.935165,0
176565,947,4.075722,0
176575,947,4.075722,0
176585,949,4.356804,0
176595,943,3.513535,0
176605,949,4.356804,0
176615,950,4.49733,0
176625,949,4.356804,0
176635,944,3.654091,0
176645,943,3.513535,0
176655,947,4.075722,0
176665,938,2.810829,0
176675,940,3.091927,0
176685,947,4.075722,0
176695,941,3.23246,0
176705,946,3.935165,0
176715,948,4.216248,0
176725,946,3.935165,0
176735,946,3.935165,0
176745,946,3.935165,0
176755,946,3.935165,0
176765,946,3.935165,0
176775,941,3.23246,0
176785,947,4.075722,0
176795,937,2.670296,0
176805,948,4.216248,0
176815,941,3.23246,0
176825,947,4.075722,0
176835,945,3.79464,0
176845,938,2.810829,0
176855,944,3.654091,0
176865,947,4.075722,0
176875,952,4.778412,0
176885,939,2.951378,0
176895,942,3.373009,0
176905,946,3.935165,0
176915,948,4.216248,0
176925,946,3.935165,0
176935,946,3.935165,0
176945,948,4.216248,0
176955,948,4.216248,0
176965,946,3.935165,0
176975,945,3.79464,0
176985,945,3.79464,0
176995,935,2.389214,0
177005,939,2.951378,0
177015,943,3.513535,0
177025,932,1.967583,0
177035,944,3.654091,0
177045,942,3.373009,0
177055,948,4.216248,0
177065,948,4.216248,0
177075,944,3.654091,0
177085,949,4.356804,0
177095,944,3.654091,0
177105,944,3.654091,0
177115,944,3.654091,0
177125,946,3.935165,0
177135,941,3.23246,0
177145,946,3.935165,0
177155,946,3.935165,0
177165,945,3.79464,0
177175,947,4.075722,0
177185,948,4.216248,0
177195,950,4.49733,0
177205,944,3.654091,0
177215,945,3.79464,0
177225,947,4.075722,0
177235,948,4.216248,0
177245,944,3.654091,0
177255,939,2.951378,0
177265,949,4.356804,0
177275,945,3.79464,0
177285,948,4.216248,0
177295,943,3.513535,0
177305,940,3.091927,0
177315,946,3.935165,0
177325,944,3.654091,0
177335,947,4.075722,0
177345,945,3.79464,0
177355,945,3.79464,0
177365,949,4.356804,0
177375,949,4.356804,0
177385,944,3.654091,0
177395,940,3.091927,0
177405,944,3.654091,0
177415,949,4.356804,0
177425,947,4.075722,0
177435,946,3.935165,0
177445,941,3.23246,0
177455,946,3.935165,0
177465,942,3.373009,0
177475,940,3.091927,0
177485,943,3.513535,0
177495,943,3.513535,0
177505,935,2.389214,0
177515,946,3.935165,0
177525,928,1.405426,0
177535,945,3.79464,0
177545,942,3.373009,0
177555,942,3.373009,0
177565,940,3.091927,0
177575,941,3.23246,0
177585,952,4.778412,0
177595,940,3.091927,0
177605,948,4.216248,0
177615,945,3.79464,0
177625,947,4.075722,0
177635,943,3.513535,0
177645,935,2.389214,0
177655,949,4.356804,0
177665,941,3.23246,0
177675,947,4.075722,0
177685,946,3.935165,0
177695,947,4.075722,0
177705,935,2.389214,0
177715,943,3.513535,0
177725,944,3.654091,0
177735,945,3.79464,0
177745,944,3.654091,0
177755,948,4.216248,0
177765,939,2.951378,0
177775,942,3.373009,0
177785,944,3.654091,0
177795,946,3.935165,0
177805,948,4.216248,0
177815,938,2.810829,0
177825,941,3.23246,0
177835,948,4.216248,0
177845,939,2.951378,0
177855,947,4.075722,0
177865,944,3.654091,0
177875,943,3.513535,0
177885,947,4.075722,0
177895,947,4.075722,0
177905,951,4.637878,0
177915,943,3.513535,0
177925,949,4.356804,0
177935,948,4.216248,0
177945,941,3.23246,0
177955,933,2.108139,0
177965,948,4.216248,0
177975,947,4.075722,0
177985,942,3.373009,0
177995,946,3.935165,0
178005,944,3.654091,0
178015,949,4.356804,0
178025,946,3.935165,0
178035,936,2.52977,0
178045,936,2.52977,0
178055,947,4.075722,0
178065,942,3.373009,0
178075,947,4.075722,0
178085,949,4.356804,0
178095,938,2.810829,0
178105,949,4.356804,0
178115,946,3.935165,0
178125,943,3.513535,0
178135,933,2.108139,0
178145,940,3.091927,0
178155,948,4.216248,0
178165,945,3.79464,0
178175,947,4.075722,0
178185,943,3.513535,0
178195,931,1.827057,0
178205,939,2.951378,0
178215,942,3.373009,0
178225,946,3.935165,0
178235,944,3.654091,0
178245,950,4.49733,0
178255,948,4.216248,0
178265,939,2.951378,0
178275,946,3.935165,0
178285,947,4.075722,0
178295,949,4.356804,0
178305,948,4.216248,0
178315,948,4.216248,0
178325,945,3.79464,0
178335,952,4.778412,0
178345,948,4.216248,0
178355,950,4.49733,0
178365,942,3.373009,0
178375,946,3.935165,0
178385,948,4.216248,0
178395,947,4.075722,0
178405,946,3.935165,0
178415,940,3.091927,0
178425,946,3.935165,0
178435,951,4.637878,0
178445,943,3.513535,0
178455,952,4.778412,0
178465,946,3.935165,0
178475,948,4.216248,0
178485,950,4.49733,0
178495,953,4.918961,0
178505,946,3.935165,0
178515,940,3.091927,0
178525,945,3.79464,0
178535,950,4.49733,0
178545,947,4.075722,0
178555,949,4.356804,0
178565,939,2.951378,0
178575,951,4.637878,0
178585,940,3.091927,0
178595,952,4.778412,0
178605,952,4.778412,0
178615,950,4.49733,0
178625,947,4.075722,0
178635,954,5.059509,0
178645,946,3.935165,0
178655,947,4.075722,0
178665,945,3.79464,0
178675,948,4.216248,0
178685,949,4.356804,0
178695,948,4.216248,0
178705,954,5.059509,0
178715,949,4.356804,0
178725,948,4.216248,0
178735,943,3.513535,0
178745,955,5.200043,0
178755,943,3.513535,0
178765,946,3.935165,0
178775,951,4.637878,0
178785,949,4.356804,0
178795,946,3.935165,0
178805,939,2.951378,1
178815,873,-6.324348,1
178825,904,-1.967567,1
178835,873,-6.324348,1
178845,911,-0.983788,1
178855,837,-11.38385,1
178865,823,-13.35143,1
178875,816,-14.33521,1
178885,704,-30.07585,1
178895,707,-29.65424,1
178905,697,-31.05965,1
178915,677,-33.87048,1
178925,662,-35.9786,1
178935,641,-38.92997,1
178945,625,-41.17863,1
178955,604,-44.13,1
178965,599,-44.83271,1
178975,573,-48.48679,1
178985,562,-50.03274,1
178995,547,-52.14087,1
179005,541,-52.98412,1
179015,526,-55.09224,1
179025,519,-56.07602,1
179035,495,-59.44902,1
179045,492,-59.87064,1
179055,496,-59.30848,1
179065,486,-60.71389,1
179075,471,-62.82201,1
179085,468,-63.24364,1
179095,457,-64.7896,1
179105,458,-64.64905,1
179115,442,-66.89772,1
179125,447,-66.19501,1
179135,431,-68.44367,1
179145,430,-68.58421,1
179155,427,-69.00584,1
179165,423,-69.568,1
179175,416,-70.55179,1
179185,415,-70.69234,1
179195,411,-71.2545,1
179205,405,-72.09775,1
179215,401,-72.65991,1
179225,398,-73.08154,1
179235,398,-73.08154,1
179245,391,-74.06533,1
179255,389,-74.34641,1
179265,377,-76.03291,1
179275,381,-75.47075,1
179285,383,-75.18967,1
179295,376,-76.17345,1
179305,387,-74.62749,1
179315,381,-75.47075,1
179325,383,-75.18967,1
179335,377,-76.03291,1
179345,367,-77.43832,1
179355,377,-76.03291,1
179365,370,-77.0167,1
179375,378,-75.89237,1
179385,369,-77.15724,1
179395,368,-77.29778,1
179405,359,-78.56265,1
179415,365,-77.71941,1
179425,369,-77.15724,1
179435,361,-78.28157,1
179445,362,-78.14103,1
179455,365,-77.71941,1
179465,363,-78.00049,1
179475,365,-77.71941,1
179485,364,-77.85995,1
179495,364,-77.85995,1
179505,357,-78.84373,1
179515,357,-78.84373,1
179525,354,-79.26537,1
179535,352,-79.54644,1
179545,361,-78.28157,1
179555,365,-77.71941,1
179565,364,-77.85995,1
179575,361,-78.28157,1
179585,359,-78.56265,1
179595,356,-78.98428,1
179605,355,-79.12482,1
179615,356,-78.98428,1
179625,360,-78.42212,1
179635,358,-78.7032,1
179645,359,-78.56265,1
179655,360,-78.42212,1
179665,359,-78.56265,1
179675,352,-79.54644,1
179685,361,-78.28157,1
179695,362,-78.14103,1
179705,358,-78.7032,1
179715,354,-79.26537,1
179725,353,-79.40591,1
179735,356,-78.98428,1
179745,363,-78.00049,1
179755,356,-78.98428,1
179765,364,-77.85995,1
179775,359,-78.56265,1
179785,362,-78.14103,1
179795,354,-79.26537,1
179805,359,-78.56265,1
179815,355,-79.12482,1
179825,357,-78.84373,1
179835,358,-78.7032,1
179845,356,-78.98428,1
179855,362,-78.14103,1
179865,358,-78.7032,1
179875,357,-78.84373,1
179885,352,-79.54644,1
179895,363,-78.00049,1
179905,354,-79.26537,1
179915,358,-78.7032,1
179925,358,-78.7032,1
179935,354,-79.26537,1
179945,360,-78.42212,1
179955,358,-78.7032,1
179965,354,-79.26537,1
179975,359,-78.56265,1
179985,357,-78.84373,1
179995,361,-78.28157,1
180005,359,-78.56265,1
180015,354,-79.26537,1
180025,352,-79.54644,1
180035,360,-78.42212,1
180045,361,-78.28157,1
180055,361,-78.28157,1
180065,354,-79.26537,1
180075,355,-79.12482,1
180085,354,-79.26537,1
180095,356,-78.98428,1
180105,353,-79.40591,1
180115,356,-78.98428,1
180125,353,-79.40591,1
180135,356,-78.98428,1
180145,362,-78.14103,1
180155,354,-79.26537,1
180165,360,-78.42212,1
180175,359,-78.56265,1
180185,356,-78.98428,1
180195,360,-78.42212,1
180205,357,-78.84373,1
180215,353,-79.40591,1
180225,358,-78.7032,1
180235,361,-78.28157,1
180245,357,-78.84373,1
180255,360,-78.42212,1
180265,355,-79.12482,1
180275,361,-78.28157,1
180285,362,-78.14103,1
180295,359,-78.56265,1
180305,358,-78.7032,1
180315,352,-79.54644,1
180325,364,-77.85995,1
180335,350,-79.82753,1
180345,357,-78.84373,1
180355,359,-78.56265,1
180365,360,-78.42212,1
180375,357,-78.84373,1
180385,356,-78.98428,1
180395,359,-78.56265,1
180405,355,-79.12482,1
180415,359,-78.56265,1
180425,353,-79.40591,1
180435,353,-79.40591,1
180445,353,-79.40591,1
180455,355,-79.12482,1
180465,353,-79.40591,1
180475,354,-79.26537,1
180485,359,-78.56265,1
180495,359,-78.56265,1
180505,358,-78.7032,1
180515,353,-79.40591,1
180525,356,-78.98428,1
180535,362,-78.14103,1
180545,359,-78.56265,1
180555,360,-78.42212,1
180565,352,-79.54644,1
180575,353,-79.40591,1
180585,359,-78.56265,1
180595,354,-79.26537,1
180605,353,-79.40591,1
180615,359,-78.56265,1
180625,362,-78.14103,1
180635,357,-78.84373,1
180645,362,-78.14103,1
180655,355,-79.12482,1
180665,353,-79.40591,1
180675,355,-79.12482,1
180685,357,-78.84373,1
180695,364,-77.85995,1
180705,361,-78.28157,1
180715,356,-78.98428,1
180725,356,-78.98428,1
180735,359,-78.56265,1
180745,359,-78.56265,1
180755,359,-78.56265,1
180765,356,-78.98428,1
180775,355,-79.12482,1
180785,356,-78.98428,1
180795,359,-78.56265,1
180805,357,-78.84373,1
180815,356,-78.98428,1
180825,360,-78.42212,1
180835,354,-79.26537,1
180845,360,-78.42212,1
180855,356,-78.98428,1
180865,356,-78.98428,1
180875,363,-78.00049,1
180885,359,-78.56265,1
180895,356,-78.98428,1
180905,356,-78.98428,1
180915,355,-79.12482,1
180925,359,-78.56265,1
180935,356,-78.98428,1
180945,354,-79.26537,1
180955,357,-78.84373,1
180965,365,-77.71941,1
180975,354,-79.26537,1
180985,360,-78.42212,1
180995,361,-78.28157,1
181005,361,-78.28157,1
181015,356,-78.98428,1
181025,357,-78.84373,1
181035,361,-78.28157,1
181045,360,-78.42212,1
181055,356,-78.98428,1
181065,358,-78.7032,1
181075,367,-77.43832,1
181085,355,-79.12482,1
181095,358,-78.7032,1
181105,360,-78.42212,1
181115,357,-78.84373,1
181125,358,-78.7032,1
181135,352,-79.54644,1
181145,365,-77.71941,1
181155,361,-78.28157,1
181165,356,-78.98428,1
181175,357,-78.84373,1
181185,355,-79.12482,1
181195,364,-77.85995,1
181205,362,-78.14103,1
181215,361,-78.28157,1
181225,360,-78.42212,1
181235,362,-78.14103,1
181245,367,-77.43832,1
181255,356,-78.98428,1
181265,359,-78.56265,1
181275,359,-78.56265,1
181285,358,-78.7032,1
181295,357,-78.84373,1
181305,363,-78.00049,1
181315,360,-78.42212,1
181325,361,-78.28157,1
181335,360,-78.42212,1
181345,362,-78.14103,1
181355,358,-78.7032,1
181365,360,-78.42212,1
181375,365,-77.71941,1
181385,364,-77.85995,1
181395,352,-79.54644,1
181405,358,-78.7032,1
181415,361,-78.28157,1
181425,363,-78.00049,1
181435,360,-78.42212,1
181445,359,-78.56265,1
181455,356,-78.98428,1
181465,351,-79.68699,1
181475,360,-78.42212,1
181485,359,-78.56265,1
181495,358,-78.7032,1
181505,364,-77.85995,1
181515,362,-78.14103,1
181525,359,-78.56265,1
181535,357,-78.84373,1
181545,360,-78.42212,1
181555,367,-77.43832,1
181565,362,-78.14103,1
181575,361,-78.28157,1
181585,362,-78.14103,1
181595,366,-77.57887,1
181605,359,-78.56265,1
181615,363,-78.00049,1
181625,362,-78.14103,1
181635,362,-78.14103,1
181645,366,-77.57887,1
181655,360,-78.42212,1
181665,362,-78.14103,1
181675,358,-78.7032,1
181685,368,-77.29778,1
181695,363,-78.00049,1
181705,361,-78.28157,1
181715,363,-78.00049,1
181725,364,-77.85995,1
181735,359,-78.56265,1
181745,356,-78.98428,1
181755,366,-77.57887,1
181765,366,-77.57887,1
181775,361,-78.28157,1
181785,364,-77.85995,1
181795,362,-78.14103,1
181805,360,-78.42212,1
181815,358,-78.7032,1
181825,369,-77.15724,1
181835,364,-77.85995,1
181845,366,-77.57887,1
181855,363,-78.00049,1
181865,362,-78.14103,1
181875,362,-78.14103,1
181885,362,-78.14103,1
181895,359,-78.56265,1
181905,364,-77.85995,1
181915,367,-77.43832,1
181925,360,-78.42212,1
181935,356,-78.98428,1
181945,370,-77.0167,1
181955,362,-78.14103,1
181965,355,-79.12482,1
181975,360,-78.42212,1
181985,365,-77.71941,1
181995,358,-78.7032,1
182005,367,-77.43832,1
182015,356,-78.98428,1
182025,362,-78.14103,1
182035,362,-78.14103,1
182045,365,-77.71941,1
182055,368,-77.29778,1
182065,360,-78.42212,1
182075,369,-77.15724,1
182085,356,-78.98428,1
182095,357,-78.84373,1
182105,357,-78.84373,1
182115,355,-79.12482,1
182125,358,-78.7032,1
182135,366,-77.57887,1
182145,352,-79.54644,1
182155,359,-78.56265,0
182165,361,-78.28157,0
182175,364,-77.85995,0
182185,369,-77.15724,0
182195,363,-78.00049,0
182205,363,-78.00049,0
182215,390,-74.20587,0
182225,431,-68.44367,0
182235,452,-65.49229,0
182245,443,-66.75717,0
182255,457,-64.7896,0
182265,445,-66.47609,0
182275,450,-65.77338,0
182285,459,-64.50851,0
182295,454,-65.21122,0
182305,455,-65.07068,0
182315,446,-66.33555,0
182325,455,-65.07068,0
182335,452,-65.49229,0
182345,454,-65.21122,0
182355,454,-65.21122,0
182365,447,-66.19501,0
182375,452,-65.49229,0
182385,449,-65.91393,0
182395,455,-65.07068,0
182405,449,-65.91393,0
182415,460,-64.36797,0
182425,450,-65.77338,0
182435,448,-66.05447,0
182445,459,-64.50851,0
182455,455,-65.07068,0
182465,454,-65.21122,0
182475,455,-65.07068,0
182485,456,-64.93014,0
182495,449,-65.91393,0
182505,454,-65.21122,0
182515,445,-66.47609,0
182525,454,-65.21122,0
182535,444,-66.61664,0
182545,455,-65.07068,0
182555,457,-64.7896,0
182565,454,-65.21122,0
182575,459,-64.50851,0
182585,447,-66.19501,0
182595,458,-64.64905,0
182605,456,-64.93014,0
182615,453,-65.35176,0
182625,454,-65.21122,0
182635,455,-65.07068,0
182645,455,-65.07068,0
182655,447,-66.19501,0
182665,456,-64.93014,0
182675,456,-64.93014,0
182685,457,-64.7896,0
182695,452,-65.49229,0
182705,457,-64.7896,0
182715,462,-64.08688,0
182725,459,-64.50851,0
182735,455,-65.07068,0
182745,455,-65.07068,0
182755,455,-65.07068,0
182765,460,-64.36797,0
182775,449,-65.91393,0
182785,459,-64.50851,0
182795,458,-64.64905,0
182805,455,-65.07068,0
182815,453,-65.35176,0
182825,456,-64.93014,0
182835,457,-64.7896,0
182845,452,-65.49229,0
182855,460,-64.36797,0
182865,454,-65.21122,0
182875,457,-64.7896,0
182885,463,-63.94635,0
182895,452,-65.49229,0
182905,457,-64.7896,0
182915,457,-64.7896,0
182925,454,-65.21122,0
182935,455,-65.07068,0
182945,455,-65.07068,0
182955,455,-65.07068,0
182965,452,-65.49229,0
182975,459,-64.50851,0
182985,456,-64.93014,0
182995,460,-64.36797,0
183005,456,-64.93014,0
183015,443,-66.75717,0
183025,454,-65.21122,0
183035,456,-64.93014,0
183045,456,-64.93014,0
183055,458,-64.64905,0
183065,458,-64.64905,0
183075,456,-64.93014,0
183085,454,-65.21122,0
183095,451,-65.63284,0
183105,458,-64.64905,0
183115,453,-65.35176,0
183125,454,-65.21122,0
183135,448,-66.05447,0
183145,454,-65.21122,0
183155,450,-65.77338,0
183165,456,-64.93014,0
183175,455,-65.07068,0
183185,453,-65.35176,0
183195,460,-64.36797,0
183205,452,-65.49229,0
183215,453,-65.35176,0
183225,454,-65.21122,0
183235,455,-65.07068,0
183245,454,-65.21122,0
183255,455,-65.07068,0
183265,450,-65.77338,0
183275,458,-64.64905,0
183285,448,-66.05447,0
183295,461,-64.22743,0
183305,457,-64.7896,0
183315,456,-64.93014,0
183325,459,-64.50851,0
183335,453,-65.35176,0
183345,456,-64.93014,0
183355,455,-65.07068,0
183365,460,-64.36797,0
183375,460,-64.36797,0
183385,454,-65.21122,0
183395,459,-64.50851,0
183405,456,-64.93014,0
183415,458,-64.64905,0
183425,461,-64.22743,0
183435,456,-64.93014,0
183445,458,-64.64905,0
183455,453,-65.35176,0
183465,457,-64.7896,0
183475,455,-65.07068,0
183485,455,-65.07068,0
183495,455,-65.07068,0
183505,457,-64.7896,0
183515,446,-66.33555,0
183525,458,-64.64905,0
183535,456,-64.93014,0
183545,453,-65.35176,0
183555,453,-65.35176,0
183565,455,-65.07068,0
183575,461,-64.22743,0
183585,454,-65.21122,0
183595,457,-64.7896,0
183605,459,-64.50851,0
183615,453,-65.35176,0
183625,457,-64.7896,0
183635,460,-64.36797,0
183645,458,-64.64905,0
183655,459,-64.50851,0
183665,455,-65.07068,0
183675,459,-64.50851,0
183685,461,-64.22743,0
183695,460,-64.36797,0
183705,453,-65.35176,0
183715,461,-64.22743,0
183725,454,-65.21122,0
183735,457,-64.7896,0
183745,462,-64.08688,0
183755,460,-64.36797,0
183765,459,-64.50851,0
183775,452,-65.49229,0
183785,452,-65.49229,0
183795,458,-64.64905,0
183805,455,-65.07068,0
183815,452,-65.49229,0
183825,460,-64.36797,0
183835,456,-64.93014,0
183845,458,-64.64905,0
183855,461,-64.22743,0
183865,452,-65.49229,0
183875,461,-64.22743,0
183885,460,-64.36797,0
183895,458,-64.64905,0
183905,458,-64.64905,0
183915,459,-64.50851,0
183925,457,-64.7896,0
183935,455,-65.07068,0
183945,459,-64.50851,0
183955,458,-64.64905,0
183965,458,-64.64905,0
183975,459,-64.50851,0
183985,460,-64.36797,0
183995,461,-64.22743,0
184005,456,-64.93014,0
184015,451,-65.63284,0
184025,462,-64.08688,0
184035,463,-63.94635,0
184045,456,-64.93014,0
184055,457,-64.7896,0
184065,461,-64.22743,0
184075,460,-64.36797,0
184085,451,-65.63284,0
184095,453,-65.35176,0
184105,456,-64.93014,0
184115,460,-64.36797,0
184125,458,-64.64905,0
184135,462,-64.08688,0
184145,458,-64.64905,0
184155,456,-64.93014,0
184165,453,-65.35176,0
184175,451,-65.63284,0
184185,451,-65.63284,0
184195,459,-64.50851,0
184205,457,-64.7896,0
184215,462,-64.08688,0
184225,456,-64.93014,0
184235,461,-64.22743,0
184245,461,-64.22743,0
184255,445,-66.47609,0
184265,447,-66.19501,0
184275,458,-64.64905,0
184285,450,-65.77338,0
184295,464,-63.80581,0
184305,464,-63.80581,0
184315,458,-64.64905,0
184325,459,-64.50851,0
184335,456,-64.93014,0
184345,456,-64.93014,0
184355,458,-64.64905,0
184365,459,-64.50851,0
184375,461,-64.22743,0
184385,454,-65.21122,0
184395,456,-64.93014,0
184405,459,-64.50851,0
184415,457,-64.7896,0
184425,451,-65.63284,0
184435,458,-64.64905,0
184445,454,-65.21122,0
184455,458,-64.64905,0
184465,457,-64.7896,0
184475,460,-64.36797,0
184485,458,-64.64905,0
184495,455,-65.07068,0
184505,460,-64.36797,0
184515,459,-64.50851,0
184525,464,-63.80581,0
184535,453,-65.35176,0
184545,462,-64.08688,0
184555,461,-64.22743,0
184565,459,-64.50851,0
184575,462,-64.08688,0
184585,456,-64.93014,0
184595,461,-64.22743,0
184605,457,-64.7896,0
184615,459,-64.50851,0
184625,461,-64.22743,0
184635,459,-64.50851,0
184645,459,-64.50851,0
184655,458,-64.64905,0
184665,458,-64.64905,0
184675,458,-64.64905,0
184685,464,-63.80581,0
184695,463,-63.94635,0
184705,454,-65.21122,0
184715,460,-64.36797,0
184725,458,-64.64905,0
184735,450,-65.77338,0
184745,458,-64.64905,0
184755,452,-65.49229,0
184765,456,-64.93014,0
184775,462,-64.08688,0
184785,457,-64.7896,0
184795,459,-64.50851,0
184805,461,-64.22743,0
184815,463,-63.94635,0
184825,458,-64.64905,0
184835,450,-65.77338,0
184845,460,-64.36797,0
184855,458,-64.64905,0
184865,457,-64.7896,0
184875,458,-64.64905,0
184885,456,-64.93014,0
184895,457,-64.7896,0
184905,453,-65.35176,0
184915,455,-65.07068,0
184925,460,-64.36797,0
184935,464,-63.80581,0
184945,461,-64.22743,0
184955,459,-64.50851,0
184965,459,-64.50851,0
184975,460,-64.36797,0
184985,454,-65.21122,0
184995,460,-64.36797,0
185005,455,-65.07068,0
185015,451,-65.63284,0
185025,464,-63.80581,0
185035,462,-64.08688,0
185045,457,-64.7896,0
185055,454,-65.21122,0
185065,462,-64.08688,0
185075,452,-65.49229,0
185085,454,-65.21122,0
185095,457,-64.7896,0
185105,462,-64.08688,0
185115,460,-64.36797,0
185125,452,-65.49229,0
185135,450,-65.77338,0
185145,458,-64.64905,0
185155,461,-64.22743,1
185165,459,-64.50851,1
185175,455,-65.07068,1
185185,454,-65.21122,1
185195,462,-64.08688,1
185205,460,-64.36797,1
185215,457,-64.7896,1
185225,446,-66.33555,1
185235,438,-67.45988,1
185245,432,-68.30313,1
185255,433,-68.16259,1
185265,423,-69.568,1
185275,420,-69.98962,1
185285,415,-70.69234,1
185295,416,-70.55179,1
185305,416,-70.55179,1
185315,404,-72.23829,1
185325,405,-72.09775,1
185335,400,-72.80046,1
185345,401,-72.65991,1
185355,396,-73.36263,1
185365,387,-74.62749,1
185375,389,-74.34641,1
185385,385,-74.90858,1
185395,387,-74.62749,1
185405,386,-74.76804,1
185415,386,-74.76804,1
185425,382,-75.3302,1
185435,378,-75.89237,1
185445,373,-76.59508,1
185455,370,-77.0167,1
185465,374,-76.45454,1
185475,370,-77.0167,1
185485,372,-76.73562,1
185495,373,-76.59508,1
185505,372,-76.73562,1
185515,370,-77.0167,1
185525,368,-77.29778,1
185535,366,-77.57887,1
185545,366,-77.57887,1
185555,367,-77.43832,1
185565,366,-77.57887,1
185575,363,-78.00049,1
185585,362,-78.14103,1
185595,364,-77.85995,1
185605,362,-78.14103,1
185615,365,-77.71941,1
185625,363,-78.00049,1
185635,366,-77.57887,1
185645,362,-78.14103,1
185655,358,-78.7032,1
185665,366,-77.57887,1
185675,364,-77.85995,1
185685,358,-78.7032,1
185695,365,-77.71941,1
185705,367,-77.43832,1
185715,364,-77.85995,1
185725,360,-78.42212,1
185735,356,-78.98428,1
185745,364,-77.85995,1
185755,362,-78.14103,1
185765,360,-78.42212,1
185775,363,-78.00049,1
185785,359,-78.56265,1
185795,361,-78.28157,1
185805,365,-77.71941,1
185815,359,-78.56265,1
185825,363,-78.00049,1
185835,360,-78.42212,1
185845,359,-78.56265,1
185855,360,-78.42212,1
185865,364,-77.85995,1
185875,366,-77.57887,1
185885,357,-78.84373,1
185895,363,-78.00049,1
185905,362,-78.14103,1
185915,360,-78.42212,1
185925,358,-78.7032,1
185935,360,-78.42212,1
185945,359,-78.56265,1
185955,356,-78.98428,1
185965,362,-78.14103,1
185975,361,-78.28157,1
185985,358,-78.7032,1
185995,358,-78.7032,1
186005,357,-78.84373,1
186015,364,-77.85995,1
186025,361,-78.28157,1
186035,355,-79.12482,1
186045,364,-77.85995,1
186055,362,-78.14103,1
186065,360,-78.42212,1
186075,355,-79.12482,1
186085,355,-79.12482,1
186095,362,-78.14103,1
186105,350,-79.82753,1
186115,362,-78.14103,1
186125,359,-78.56265,1
186135,359,-78.56265,1
186145,364,-77.85995,1
186155,363,-78.00049,1
186165,361,-78.28157,1
186175,359,-78.56265,1
186185,353,-79.40591,1
186195,359,-78.56265,1
186205,359,-78.56265,1
186215,359,-78.56265,1
186225,355,-79.12482,1
186235,358,-78.7032,1
186245,366,-77.57887,1
186255,361,-78.28157,1
186265,355,-79.12482,1
186275,363,-78.00049,1
186285,359,-78.56265,1
186295,362,-78.14103,1
186305,358,-78.7032,1
186315,362,-78.14103,1
186325,360,-78.42212,1
186335,362,-78.14103,1
186345,362,-78.14103,1
186355,363,-78.00049,1
186365,366,-77.57887,1
186375,365,-77.71941,1
186385,357,-78.84373,1
186395,360,-78.42212,1
186405,359,-78.56265,1
186415,361,-78.28157,1
186425,361,-78.28157,1
186435,360,-78.42212,1
186445,362,-78.14103,1
186455,363,-78.00049,1
186465,365,-77.71941,1
186475,366,-77.57887,1
186485,359,-78.56265,1
186495,362,-78.14103,1
186505,362,-78.14103,1
186515,359,-78.56265,1
186525,364,-77.85995,1
186535,364,-77.85995,1
186545,359,-78.56265,1
186555,362,-78.14103,1
186565,364,-77.85995,1
186575,360,-78.42212,1
186585,360,-78.42212,1
186595,355,-79.12482,1
186605,356,-78.98428,1
186615,365,-77.71941,1
186625,362,-78.14103,1
186635,361,-78.28157,1
186645,361,-78.28157,1
186655,363,-78.00049,1
186665,363,-78.00049,1
186675,357,-78.84373,1
186685,360,-78.42212,1
186695,362,-78.14103,1
186705,363,-78.00049,1
186715,361,-78.28157,1
186725,362,-78.14103,1
186735,357,-78.84373,1
186745,354,-79.26537,1
186755,363,-78.00049,1
186765,365,-77.71941,1
186775,361,-78.28157,1
186785,363,-78.00049,1
186795,362,-78.14103,1
186805,361,-78.28157,1
186815,357,-78.84373,1
186825,361,-78.28157,1
186835,360,-78.42212,1
186845,367,-77.43832,1
186855,360,-78.42212,1
186865,363,-78.00049,1
186875,353,-79.40591,1
186885,363,-78.00049,1
186895,364,-77.85995,1
186905,356,-78.98428,1
186915,357,-78.84373,1
186925,361,-78.28157,1
186935,359,-78.56265,1
186945,363,-78.00049,1
186955,360,-78.42212,1
186965,366,-77.57887,1
186975,355,-79.12482,1
186985,366,-77.57887,1
186995,360,-78.42212,1
187005,363,-78.00049,1
187015,367,-77.43832,1
187025,366,-77.57887,1
187035,359,-78.56265,1
187045,363,-78.00049,1
187055,362,-78.14103,1
187065,361,-78.28157,1
187075,360,-78.42212,1
187085,363,-78.00049,1
187095,364,-77.85995,1
187105,353,-79.40591,1
187115,362,-78.14103,1
187125,362,-78.14103,1
187135,360,-78.42212,1
187145,364,-77.85995,1
187155,362,-78.14103,1
187165,365,-77.71941,1
187175,364,-77.85995,1
187185,358,-78.7032,1
187195,362,-78.14103,1
187205,365,-77.71941,1
187215,367,-77.43832,1
187225,359,-78.56265,1
187235,355,-79.12482,1
187245,365,-77.71941,1
187255,363,-78.00049,1
187265,360,-78.42212,1
187275,361,-78.28157,1
187285,363,-78.00049,1
187295,365,-77.71941,1
187305,357,-78.84373,1
187315,364,-77.85995,1
187325,357,-78.84373,1
187335,358,-78.7032,1
187345,365,-77.71941,1
187355,367,-77.43832,1
187365,364,-77.85995,1
187375,358,-78.7032,1
187385,362,-78.14103,1
187395,366,-77.57887,1
187405,353,-79.40591,1
187415,368,-77.29778,1
187425,365,-77.71941,1
187435,363,-78.00049,1
187445,361,-78.28157,1
187455,360,-78.42212,1
187465,361,-78.28157,1
187475,359,-78.56265,1
187485,363,-78.00049,1
187495,365,-77.71941,1
187505,360,-78.42212,1
187515,365,-77.71941,1
187525,365,-77.71941,1
187535,354,-79.26537,1
187545,366,-77.57887,1
187555,359,-78.56265,1
187565,365,-77.71941,1
187575,363,-78.00049,1
187585,362,-78.14103,1
187595,367,-77.43832,1
187605,364,-77.85995,1
187615,366,-77.57887,1
187625,364,-77.85995,1
187635,360,-78.42212,1
187645,364,-77.85995,1
187655,362,-78.14103,1
187665,368,-77.29778,1
187675,363,-78.00049,1
187685,365,-77.71941,1
187695,364,-77.85995,1
187705,362,-78.14103,1
187715,362,-78.14103,1
187725,364,-77.85995,1
187735,367,-77.43832,1
187745,363,-78.00049,1
187755,365,-77.71941,1
187765,360,-78.42212,1
187775,367,-77.43832,1
187785,363,-78.00049,1
187795,365,-77.71941,1
187805,361,-78.28157,1
187815,364,-77.85995,1
187825,362,-78.14103,1
187835,364,-77.85995,1
187845,365,-77.71941,1
187855,354,-79.26537,1
187865,366,-77.57887,1
187875,366,-77.57887,1
187885,364,-77.85995,1
187895,363,-78.00049,1
187905,365,-77.71941,1
187915,368,-77.29778,1
187925,365,-77.71941,1
187935,368,-77.29778,1
187945,365,-77.71941,1
187955,364,-77.85995,1
187965,368,-77.29778,1
187975,361,-78.28157,1
187985,363,-78.00049,1
187995,362,-78.14103,1
188005,359,-78.56265,1
188015,364,-77.85995,1
188025,360,-78.42212,1
188035,368,-77.29778,1
188045,361,-78.28157,1
188055,368,-77.29778,1
188065,360,-78.42212,1
188075,368,-77.29778,1
188085,363,-78.00049,1
188095,366,-77.57887,1
188105,365,-77.71941,1
188115,366,-77.57887,1
188125,359,-78.56265,1
188135,363,-78.00049,1
188145,360,-78.42212,1
188155,364,-77.85995,1
188165,365,-77.71941,1
188175,364,-77.85995,1
188185,358,-78.7032,1
188195,362,-78.14103,1
188205,351,-79.68699,1
188215,360,-78.42212,1
188225,364,-77.85995,1
188235,361,-78.28157,1
188245,358,-78.7032,1
188255,363,-78.00049,1
188265,364,-77.85995,1
188275,360,-78.42212,1
188285,369,-77.15724,1
188295,367,-77.43832,1
188305,360,-78.42212,1
188315,363,-78.00049,1
188325,361,-78.28157,1
188335,364,-77.85995,1
188345,359,-78.56265,1
188355,360,-78.42212,1
188365,367,-77.43832,1
188375,376,-76.17345,1
188385,513,-56.91928,1
188395,624,-41.31918,1
188405,702,-30.35694,1
188415,780,-19.39471,1
188425,844,-10.40006,1
188435,909,-1.264862,1
188445,949,4.356804,1
188455,981,8.854126,1
188465,1039,17.00552,1
188475,1090,24.17314,0
188485,1110,26.98397,0
188495,1102,25.85963,0
188505,1093,24.59475,0
188515,1096,25.01638,0
188525,1111,27.12452,0
188535,1017,13.91361,0
188545,1040,17.14607,0
188555,1011,13.07035,0
188565,1021,14.47578,0
188575,1024,14.89741,0
188585,1020,14.33523,0
188595,1023,14.75686,0
188605,1015,13.63254,0
188615,1017,13.91361,0
188625,1008,12.64874,0
188635,1011,13.07035,0
188645,1008,12.64874,0
188655,995,10.82171,0
188665,1006,12.36766,0
188675,1007,12.50819,0
188685,1004,12.08659,0
188695,1008,12.64874,0
188705,998,11.24332,0
188715,1006,12.36766,0
188725,1002,11.80548,0
188735,1006,12.36766,0
188745,996,10.96224,0
188755,995,10.82171,0
188765,998,11.24332,0
188775,1001,11.66496,0
188785,990,10.119,0
188795,1005,12.22711,0
188805,995,10.82171,0
188815,995,10.82171,0
188825,999,11.38387,0
188835,1000,11.5244,0
188845,1002,11.80548,0
188855,984,9.275734,0
188865,997,11.10279,0
188875,982,8.994659,0
188885,990,10.119,0
188895,988,9.837921,0
188905,988,9.837921,0
188915,985,9.41629,0
188925,985,9.41629,0
188935,992,10.40008,0
188945,994,10.68116,0
188955,986,9.556839,0
188965,989,9.978447,0
188975,990,10.119,0
188985,983,9.135208,0
188995,984,9.275734,0
189005,980,8.713577,0
189015,983,9.135208,0
189025,994,10.68116,0
189035,988,9.837921,0
189045,985,9.41629,0
189055,977,8.291969,0
189065,989,9.978447,0
189075,981,8.854126,0
189085,984,9.275734,0
189095,986,9.556839,0
189105,982,8.994659,0
189115,986,9.556839,0
189125,977,8.291969,0
189135,989,9.978447,0
189145,983,9.135208,0
189155,980,8.713577,0
189165,984,9.275734,0
189175,979,8.573029,0
189185,976,8.151413,0
189195,969,7.167625,0
189205,972,7.589256,0
189215,980,8.713577,0
189225,980,8.713577,0
189235,980,8.713577,0
189245,978,8.432495,0
189255,975,8.010864,0
189265,980,8.713577,0
189275,975,8.010864,0
189285,976,8.151413,0
189295,978,8.432495,0
189305,968,7.0271,0
189315,978,8.432495,0
189325,975,8.010864,0
189335,976,8.151413,0
189345,976,8.151413,0
189355,961,6.043282,0
189365,970,7.308151,0
189375,966,6.745995,0
189385,974,7.870338,0
189395,972,7.589256,0
189405,970,7.308151,0
189415,970,7.308151,0
189425,969,7.167625,0
189435,971,7.448708,0
189445,971,7.448708,0
189455,955,5.200043,0
189465,971,7.448708,0
189475,971,7.448708,0
189485,966,6.745995,0
189495,968,7.0271,0
189505,972,7.589256,0
189515,969,7.167625,0
189525,957,5.481117,0
189535,956,5.340591,0
189545,968,7.0271,0
189555,956,5.340591,0
189565,970,7.308151,0
189575,955,5.200043,0
189585,960,5.902756,0
189595,960,5.902756,0
189605,951,4.637878,0
189615,962,6.18383,0
189625,956,5.340591,0
189635,954,5.059509,0
189645,957,5.481117,0
189655,949,4.356804,0
189665,951,4.637878,0
189675,938,2.810829,0
189685,950,4.49733,0
189695,942,3.373009,0
189705,929,1.545952,0
189715,943,3.513535,0
189725,949,4.356804,0
189735,940,3.091927,0
189745,938,2.810829,0
189755,938,2.810829,0
189765,943,3.513535,0
189775,949,4.356804,0
189785,940,3.091927,0
189795,943,3.513535,0
189805,936,2.52977,0
189815,947,4.075722,0
189825,940,3.091927,0
189835,944,3.654091,0
189845,943,3.513535,0
189855,947,4.075722,0
189865,947,4.075722,0
189875,941,3.23246,0
189885,947,4.075722,0
189895,948,4.216248,0
189905,945,3.79464,0
189915,945,3.79464,0
189925,941,3.23246,0
189935,943,3.513535,0
189945,944,3.654091,0
189955,938,2.810829,0
189965,943,3.513535,0
189975,944,3.654091,0
189985,947,4.075722,0
189995,942,3.373009,0
190005,936,2.52977,0
190015,939,2.951378,0
190025,935,2.389214,0
190035,942,3.373009,0
190045,949,4.356804,0
190055,942,3.373009,0
190065,948,4.216248,0
190075,945,3.79464,0
190085,943,3.513535,0
190095,948,4.216248,0
190105,934,2.248665,0
190115,941,3.23246,0
190125,942,3.373009,0
190135,947,4.075722,0
190145,944,3.654091,0
190155,945,3.79464,0
190165,948,4.216248,0
190175,947,4.075722,0
190185,944,3.654091,0
190195,941,3.23246,0
190205,937,2.670296,0
190215,941,3.23246,0
190225,944,3.654091,0
190235,946,3.935165,0
190245,948,4.216248,0
190255,943,3.513535,0
190265,953,4.918961,0
190275,938,2.810829,0
190285,946,3.935165,0
190295,944,3.654091,0
190305,940,3.091927,0
190315,947,4.075722,0
190325,941,3.23246,0
190335,948,4.216248,0
190345,947,4.075722,0
190355,941,3.23246,0
190365,949,4.356804,0
190375,948,4.216248,0
190385,947,4.075722,0
190395,943,3.513535,0
190405,941,3.23246,0
190415,941,3.23246,0
190425,938,2.810829,0
190435,945,3.79464,0
190445,943,3.513535,0
190455,944,3.654091,0
190465,948,4.216248,0
190475,949,4.356804,0
190485,944,3.654091,0
190495,944,3.654091,0
190505,939,2.951378,0
190515,935,2.389214,0
190525,942,3.373009,0
190535,946,3.935165,0
190545,941,3.23246,0
190555,935,2.389214,0
190565,950,4.49733,0
190575,935,2.389214,0
190585,945,3.79464,0
190595,939,2.951378,0
190605,938,2.810829,0
190615,943,3.513535,0
190625,944,3.654091,0
190635,952,4.778412,0
190645,939,2.951378,0
190655,945,3.79464,0
190665,934,2.248665,0
190675,940,3.091927,0
190685,943,3.513535,0
190695,946,3.935165,0
190705,945,3.79464,0
190715,947,4.075722,0
190725,948,4.216248,0
190735,943,3.513535,0
190745,940,3.091927,0
190755,947,4.075722,0
190765,947,4.075722,0
190775,948,4.216248,0
190785,947,4.075722,0
190795,947,4.075722,0
190805,941,3.23246,0
190815,946,3.935165,0
190825,943,3.513535,0
190835,943,3.513535,0
190845,948,4.216248,0
190855,943,3.513535,0
190865,939,2.951378,0
190875,944,3.654091,0
190885,947,4.075722,0
190895,946,3.935165,0
190905,945,3.79464,0
190915,941,3.23246,0
190925,949,4.356804,0
190935,947,4.075722,0
190945,946,3.935165,0
190955,942,3.373009,0
190965,944,3.654091,0
190975,945,3.79464,0
190985,949,4.356804,0
190995,947,4.075722,0
191005,945,3.79464,0
191015,940,3.091927,0
191025,943,3.513535,0
191035,939,2.951378,0
191045,947,4.075722,0
191055,947,4.075722,0
191065,951,4.637878,0
191075,945,3.79464,0
191085,946,3.935165,0
191095,944,3.654091,0
191105,946,3.935165,0
191115,934,2.248665,0
191125,936,2.52977,0
191135,947,4.075722,0
191145,946,3.935165,0
191155,950,4.49733,0
191165,947,4.075722,0
191175,943,3.513535,0
191185,950,4.49733,0
191195,945,3.79464,0
191205,944,3.654091,0
191215,937,2.670296,0
191225,939,2.951378,0
191235,947,4.075722,0
191245,943,3.513535,0
191255,952,4.778412,0
191265,944,3.654091,0
191275,944,3.654091,0
191285,945,3.79464,0
191295,950,4.49733,0
191305,949,4.356804,0
191315,949,4.356804,0
191325,943,3.513535,0
191335,945,3.79464,0
191345,944,3.654091,0
191355,939,2.951378,0
191365,946,3.935165,0
191375,941,3.23246,0
191385,945,3.79464,0
191395,947,4.075722,0
191405,943,3.513535,0
191415,945,3.79464,0
191425,944,3.654091,0
191435,945,3.79464,0
191445,945,3.79464,0
191455,945,3.79464,0
191465,945,3.79464,0
191475,936,2.52977,0
191485,942,3.373009,0
191495,946,3.935165,0
191505,942,3.373009,0
191515,937,2.670296,0
191525,940,3.091927,0
191535,948,4.216248,0
191545,939,2.951378,0
191555,945,3.79464,0
191565,949,4.356804,0
191575,937,2.670296,0
191585,943,3.513535,0
191595,947,4.075722,0
191605,943,3.513535,0
191615,945,3.79464,0
191625,943,3.513535,0
191635,945,3.79464,0
191645,934,2.248665,0
191655,945,3.79464,0
191665,943,3.513535,0
191675,939,2.951378,0
191685,947,4.075722,0
191695,941,3.23246,0
191705,945,3.79464,0
191715,944,3.654091,0
191725,945,3.79464,0
191735,945,3.79464,0
191745,942,3.373009,0
191755,944,3.654091,0
191765,947,4.075722,0
191775,948,4.216248,0
191785,933,2.108139,0
191795,945,3.79464,0
191805,944,3.654091,0
191815,945,3.79464,0
191825,945,3.79464,0
191835,941,3.23246,0
191845,939,2.951378,0
191855,944,3.654091,0
191865,945,3.79464,0
191875,945,3.79464,0
191885,950,4.49733,0
191895,944,3.654091,0
191905,945,3.79464,0
191915,950,4.49733,0
191925,943,3.513535,0
191935,944,3.654091,0
191945,941,3.23246,0
191955,946,3.935165,0
191965,943,3.513535,0
191975,946,3.935165,0
191985,945,3.79464,0
191995,946,3.935165,0
192005,939,2.951378,0
192015,943,3.513535,0
192025,949,4.356804,0
192035,945,3.79464,0
192045,945,3.79464,0
192055,942,3.373009,0
192065,947,4.075722,0
192075,941,3.23246,0
192085,944,3.654091,0
192095,941,3.23246,0
192105,947,4.075722,0
192115,942,3.373009,0
192125,933,2.108139,0
192135,950,4.49733,0
192145,934,2.248665,0
192155,948,4.216248,0
192165,946,3.935165,0
192175,946,3.935165,0
192185,954,5.059509,0
192195,943,3.513535,0
192205,942,3.373009,0
192215,934,2.248665,0
192225,940,3.091927,0
192235,945,3.79464,0
192245,941,3.23246,0
192255,946,3.935165,0
192265,946,3.935165,0
192275,940,3.091927,0
192285,941,3.23246,0
192295,946,3.935165,0
192305,946,3.935165,0
192315,949,4.356804,0
192325,945,3.79464,0
192335,951,4.637878,0
192345,943,3.513535,0
192355,944,3.654091,0
192365,949,4.356804,0
192375,947,4.075722,0
192385,946,3.935165,0
192395,943,3.513535,0
192405,944,3.654091,0
192415,947,4.075722,0
192425,944,3.654091,0
192435,947,4.075722,0
192445,946,3.935165,0
192455,949,4.356804,0
192465,941,3.23246,0
192475,939,2.951378,0
192485,948,4.216248,0
192495,951,4.637878,0
192505,945,3.79464,0
192515,948,4.216248,0
192525,942,3.373009,0
192535,942,3.373009,0
192545,945,3.79464,0
192555,944,3.654091,0
192565,939,2.951378,0
192575,942,3.373009,0
192585,943,3.513535,0
192595,943,3.513535,0
192605,947,4.075722,0
192615,949,4.356804,0
192625,936,2.52977,0
192635,947,4.075722,0
192645,942,3.373009,0
192655,947,4.075722,0
192665,948,4.216248,0
192675,934,2.248665,0
192685,944,3.654091,0
192695,949,4.356804,0
192705,947,4.075722,0
192715,943,3.513535,0
192725,947,4.075722,0
192735,939,2.951378,0
192745,947,4.075722,0
192755,939,2.951378,0
192765,944,3.654091,0
192775,947,4.075722,0
192785,943,3.513535,0
192795,938,2.810829,0
192805,943,3.513535,0
192815,947,4.075722,0
192825,932,1.967583,0
192835,942,3.373009,0
192845,949,4.356804,0
192855,944,3.654091,0
192865,946,3.935165,0
192875,935,2.389214,0
192885,949,4.356804,0
192895,950,4.49733,0
192905,936,2.52977,0
192915,938,2.810829,0
192925,944,3.654091,0
192935,943,3.513535,0
192945,942,3.373009,0
192955,944,3.654091,0
192965,948,4.216248,0
192975,945,3.79464,0
192985,943,3.513535,0
192995,946,3.935165,0
193005,946,3.935165,0
193015,947,4.075722,0
193025,936,2.52977,0
193035,940,3.091927,0
193045,950,4.49733,0
193055,942,3.373009,0
193065,945,3.79464,0
193075,935,2.389214,0
193085,948,4.216248,0
193095,941,3.23246,0
193105,947,4.075722,0
193115,941,3.23246,0
193125,943,3.513535,0
193135,951,4.637878,0
193145,945,3.79464,0
193155,947,4.075722,0
193165,947,4.075722,0
193175,944,3.654091,0
193185,948,4.216248,0
193195,938,2.810829,0
193205,948,4.216248,0
193215,936,2.52977,0
193225,937,2.670296,0
193235,942,3.373009,0
193245,949,4.356804,0
193255,944,3.654091,0
193265,937,2.670296,0
193275,939,2.951378,0
193285,949,4.356804,0
193295,937,2.670296,0
193305,948,4.216248,0
193315,948,4.216248,0
193325,942,3.373009,0
193335,949,4.356804,0
193345,950,4.49733,0
193355,944,3.654091,0
193365,940,3.091927,0
193375,942,3.373009,0
193385,950,4.49733,0
193395,950,4.49733,0
193405,954,5.059509,0
193415,950,4.49733,0
193425,936,2.52977,0
193435,949,4.356804,0
193445,950,4.49733,0
193455,944,3.654091,0
193465,937,2.670296,0
193475,936,2.52977,0
193485,948,4.216248,0
193495,938,2.810829,0
193505,943,3.513535,0
193515,950,4.49733,0
193525,938,2.810829,0
193535,948,4.216248,0
193545,941,3.23246,0
193555,951,4.637878,0
193565,941,3.23246,0
193575,938,2.810829,0
193585,951,4.637878,0
193595,947,4.075722,0
193605,951,4.637878,0
193615,939,2.951378,0
193625,940,3.091927,0
193635,948,4.216248,0
193645,942,3.373009,0
193655,950,4.49733,0
193665,948,4.216248,0
193675,935,2.389214,0
193685,952,4.778412,0
193695,941,3.23246,0
193705,954,5.059509,0
193715,948,4.216248,0
193725,947,4.075722,0
193735,951,4.637878,0
193745,949,4.356804,0
193755,953,4.918961,0
193765,948,4.216248,0
193775,944,3.654091,0
193785,950,4.49733,0
193795,950,4.49733,0
193805,948,4.216248,0
193815,950,4.49733,0
193825,945,3.79464,0
193835,949,4.356804,0
193845,954,5.059509,0
193855,953,4.918961,0
193865,949,4.356804,0
193875,947,4.075722,0
193885,947,4.075722,0
193895,946,3.935165,0
193905,949,4.356804,0
193915,949,4.356804,0
193925,941,3.23246,0
193935,946,3.935165,0
193945,949,4.356804,0
193955,948,4.216248,0
193965,952,4.778412,0
